[BOOT] installing complete pinned Table-1 requirements; missing_or_mismatched=['timm', 'fvcore', 'iopath', 'yacs']
WARNING: Running pip as the 'root' user can result in broken permissions and conflicting behaviour with the system package manager, possibly rendering your system unusable. It is recommended to use a virtual environment instead: https://pip.pypa.io/warnings/venv. Use the --root-user-action option if you know what you are doing and want to suppress this warning.
[BOOT] complete pinned Table-1 requirements installed successfully
================================================================================================
TABLE-1 CUB-200: T2T-VIT-7 ALL FIVE SETTINGS
================================================================================================
[PROTOCOL_LOCK_TABLE1_CUB200_BACKBONE_ALL] student=T2T-ViT-7 scratch input=224 epochs=300 order=VanillaB128,LG,ALG,OursB64,OursB128 teacher=Build543-ResNet56-scratch-32 guided_only=True seed=1 fp32=True
[FIXED_TEACHER_CHECK_TABLE1_CUB200] status=PASS build=543 epoch=275 top1=36.40% input=32 sha256=06f75192b1c108c89e480843cb4f72dfb28aa762d7b11e7ac327333dd54b51f5
[POD_LIMIT_CHECK_TABLE1_CUB200_BACKBONE_ALL] student=T2T-ViT-7 limit=600m estimated=5h 43m 46s status=PASS
------------------------------------------------------------------------------------------------
[TASK_START] 1/5 T2T-ViT-7/Vanilla
[COMMAND][Vanilla] /usr/bin/python /app/scratch/input/bapedragon_555/methods/table1_cub200/train.py --full-run --student t2t_vit_7 --method vanilla --batch-size 128 --data-dir /app/output/table1_cub200_t2t_vit7_all_full_seed1/data/cub200 --teacher-root /app/scratch/input/bapedragon_555/teachers/checkpoints/cub200_table1_resnet56_32 --output-dir /app/output/table1_cub200_t2t_vit7_all_full_seed1/students --run-name table1_cub200_t2t_vit_7_vanilla_b128_full_300ep_seed1 --num-workers 4
[BOOT] Python process started: /usr/bin/python
[BOOT] complete Table-1 runtime dependencies already available
/usr/local/lib/python3.10/dist-packages/timm/models/layers/__init__.py:49: FutureWarning: Importing from timm.models.layers is deprecated, please import via timm.layers
  warnings.warn(f"Importing from {__name__} is deprecated, please import via timm.layers", FutureWarning)
========================================================================================
CUB-200 TABLE-1 EXTENSION
========================================================================================
[TASK] student=T2T-ViT-7 method=VANILLA batch=128 mode=full_300ep
[MODE] actual_epochs=300 planned_epochs=300
[PROTOCOL_LOCK] dataset=CUB-200-2011 split=5994/5794 teacher=ResNet56-scratch-32 student=scratch-224 epochs=300 AdamW=5e-4->5e-6 wd=0.05 warmup=20 seed=1 fp32=True
[SOURCE] official_lg_repo=https://github.com/lkhl/tiny-transformers commit=d2165f74049c906b0afc9f957491960fb3c0cc8b
[MODEL] params=4,104,622 feature_dims=(256, 256, 256, 256, 256, 256, 256) selected_lg=(0, 3, 6)
[FEATURE_CHECK] student=((2, 256, 14, 14), (2, 256, 14, 14), (2, 256, 14, 14), (2, 256, 14, 14), (2, 256, 14, 14), (2, 256, 14, 14), (2, 256, 14, 14)) teacher=None guidance_probe=0.000000
[OPTIMIZER] contract=official_lg_no_decay_exclusions
[VANILLA:T2T-ViT-7][001/300] loss=5.3509 ce=5.3509 guidance=0.0000 beta=0.00 train_acc=0.51% test_acc=0.52% best=0.52% lr=5e-07 time=13.2s est_300=1h 06m 04s
[VANILLA:T2T-ViT-7][002/300] loss=5.3266 ce=5.3266 guidance=0.0000 beta=0.00 train_acc=0.39% test_acc=0.64% best=0.64% lr=2.5475e-05 time=12.4s est_300=1h 03m 59s
[VANILLA:T2T-ViT-7][003/300] loss=5.3032 ce=5.3032 guidance=0.0000 beta=0.00 train_acc=0.58% test_acc=0.79% best=0.79% lr=5.045e-05 time=13.3s est_300=1h 04m 46s
[VANILLA:T2T-ViT-7][004/300] loss=5.2590 ce=5.2590 guidance=0.0000 beta=0.00 train_acc=0.63% test_acc=0.81% best=0.81% lr=7.5425e-05 time=14.2s est_300=1h 06m 21s
[VANILLA:T2T-ViT-7][005/300] loss=5.2075 ce=5.2075 guidance=0.0000 beta=0.00 train_acc=0.66% test_acc=0.86% best=0.86% lr=0.0001004 time=13.5s est_300=1h 06m 33s
[VANILLA:T2T-ViT-7][006/300] loss=5.1674 ce=5.1674 guidance=0.0000 beta=0.00 train_acc=1.19% test_acc=1.45% best=1.45% lr=0.000125375 time=14.5s est_300=1h 07m 33s
[VANILLA:T2T-ViT-7][007/300] loss=5.1611 ce=5.1611 guidance=0.0000 beta=0.00 train_acc=1.05% test_acc=1.40% best=1.45% lr=0.00015035 time=12.8s est_300=1h 07m 02s
[VANILLA:T2T-ViT-7][008/300] loss=5.1535 ce=5.1535 guidance=0.0000 beta=0.00 train_acc=1.00% test_acc=1.88% best=1.88% lr=0.000175325 time=13.7s est_300=1h 07m 11s
[VANILLA:T2T-ViT-7][009/300] loss=5.1062 ce=5.1062 guidance=0.0000 beta=0.00 train_acc=1.38% test_acc=1.55% best=1.88% lr=0.0002003 time=13.1s est_300=1h 06m 59s
[VANILLA:T2T-ViT-7][010/300] loss=5.0695 ce=5.0695 guidance=0.0000 beta=0.00 train_acc=1.87% test_acc=2.54% best=2.54% lr=0.000225275 time=13.9s est_300=1h 07m 15s
[VANILLA:T2T-ViT-7][011/300] loss=5.0385 ce=5.0385 guidance=0.0000 beta=0.00 train_acc=2.17% test_acc=3.02% best=3.02% lr=0.00025025 time=13.6s est_300=1h 07m 19s
[VANILLA:T2T-ViT-7][012/300] loss=4.9884 ce=4.9884 guidance=0.0000 beta=0.00 train_acc=2.46% test_acc=3.21% best=3.21% lr=0.000275225 time=13.2s est_300=1h 07m 13s
[VANILLA:T2T-ViT-7][013/300] loss=4.9676 ce=4.9676 guidance=0.0000 beta=0.00 train_acc=2.28% test_acc=3.50% best=3.50% lr=0.0003002 time=12.2s est_300=1h 06m 45s
[VANILLA:T2T-ViT-7][014/300] loss=4.9141 ce=4.9141 guidance=0.0000 beta=0.00 train_acc=2.94% test_acc=3.71% best=3.71% lr=0.000325175 time=14.6s est_300=1h 07m 11s
[VANILLA:T2T-ViT-7][015/300] loss=4.8944 ce=4.8944 guidance=0.0000 beta=0.00 train_acc=2.92% test_acc=3.33% best=3.71% lr=0.00035015 time=13.6s est_300=1h 07m 14s
[VANILLA:T2T-ViT-7][016/300] loss=4.8652 ce=4.8652 guidance=0.0000 beta=0.00 train_acc=2.79% test_acc=3.94% best=3.94% lr=0.000375125 time=13.2s est_300=1h 07m 10s
[VANILLA:T2T-ViT-7][017/300] loss=4.8419 ce=4.8419 guidance=0.0000 beta=0.00 train_acc=3.18% test_acc=4.23% best=4.23% lr=0.0004001 time=13.4s est_300=1h 07m 09s
[VANILLA:T2T-ViT-7][018/300] loss=4.8172 ce=4.8172 guidance=0.0000 beta=0.00 train_acc=3.62% test_acc=4.71% best=4.71% lr=0.000425075 time=11.6s est_300=1h 06m 38s
[VANILLA:T2T-ViT-7][019/300] loss=4.7816 ce=4.7816 guidance=0.0000 beta=0.00 train_acc=3.57% test_acc=4.95% best=4.95% lr=0.00045005 time=12.6s est_300=1h 06m 27s
[VANILLA:T2T-ViT-7][020/300] loss=4.7875 ce=4.7875 guidance=0.0000 beta=0.00 train_acc=3.74% test_acc=4.76% best=4.95% lr=0.000475025 time=13.5s est_300=1h 06m 31s
[VANILLA:T2T-ViT-7][021/300] loss=4.7326 ce=4.7326 guidance=0.0000 beta=0.00 train_acc=3.74% test_acc=4.56% best=4.95% lr=0.00049459153 time=12.9s est_300=1h 06m 25s
[VANILLA:T2T-ViT-7][022/300] loss=4.7256 ce=4.7256 guidance=0.0000 beta=0.00 train_acc=4.06% test_acc=5.25% best=5.25% lr=0.0004940394 time=11.6s est_300=1h 06m 03s
[VANILLA:T2T-ViT-7][023/300] loss=4.6739 ce=4.6739 guidance=0.0000 beta=0.00 train_acc=4.55% test_acc=5.51% best=5.51% lr=0.00049346078 time=12.8s est_300=1h 05m 57s
[VANILLA:T2T-ViT-7][024/300] loss=4.6299 ce=4.6299 guidance=0.0000 beta=0.00 train_acc=4.94% test_acc=5.99% best=5.99% lr=0.00049285573 time=13.8s est_300=1h 06m 05s
[VANILLA:T2T-ViT-7][025/300] loss=4.6315 ce=4.6315 guidance=0.0000 beta=0.00 train_acc=5.52% test_acc=5.87% best=5.99% lr=0.00049222433 time=14.7s est_300=1h 06m 22s
[VANILLA:T2T-ViT-7][026/300] loss=4.6017 ce=4.6017 guidance=0.0000 beta=0.00 train_acc=5.49% test_acc=7.39% best=7.39% lr=0.00049156664 time=13.6s est_300=1h 06m 26s
[VANILLA:T2T-ViT-7][027/300] loss=4.5624 ce=4.5624 guidance=0.0000 beta=0.00 train_acc=5.94% test_acc=7.75% best=7.75% lr=0.00049088274 time=13.3s est_300=1h 06m 27s
[VANILLA:T2T-ViT-7][028/300] loss=4.5251 ce=4.5251 guidance=0.0000 beta=0.00 train_acc=6.47% test_acc=7.08% best=7.75% lr=0.00049017269 time=12.5s est_300=1h 06m 18s
[VANILLA:T2T-ViT-7][029/300] loss=4.5086 ce=4.5086 guidance=0.0000 beta=0.00 train_acc=6.71% test_acc=7.56% best=7.75% lr=0.00048943658 time=13.4s est_300=1h 06m 19s
[VANILLA:T2T-ViT-7][030/300] loss=4.4811 ce=4.4811 guidance=0.0000 beta=0.00 train_acc=6.90% test_acc=7.75% best=7.75% lr=0.00048867448 time=12.7s est_300=1h 06m 14s
[VANILLA:T2T-ViT-7][031/300] loss=4.4755 ce=4.4755 guidance=0.0000 beta=0.00 train_acc=7.29% test_acc=7.54% best=7.75% lr=0.00048788649 time=12.6s est_300=1h 06m 07s
[VANILLA:T2T-ViT-7][032/300] loss=4.4450 ce=4.4450 guidance=0.0000 beta=0.00 train_acc=7.51% test_acc=8.28% best=8.28% lr=0.00048707268 time=13.3s est_300=1h 06m 08s
[VANILLA:T2T-ViT-7][033/300] loss=4.3992 ce=4.3992 guidance=0.0000 beta=0.00 train_acc=7.80% test_acc=8.96% best=8.96% lr=0.00048623315 time=12.8s est_300=1h 06m 05s
[VANILLA:T2T-ViT-7][034/300] loss=4.4057 ce=4.4057 guidance=0.0000 beta=0.00 train_acc=8.25% test_acc=9.16% best=9.16% lr=0.00048536799 time=13.3s est_300=1h 06m 06s
[VANILLA:T2T-ViT-7][035/300] loss=4.3737 ce=4.3737 guidance=0.0000 beta=0.00 train_acc=8.20% test_acc=9.25% best=9.25% lr=0.00048447729 time=11.8s est_300=1h 05m 54s
[VANILLA:T2T-ViT-7][036/300] loss=4.3394 ce=4.3394 guidance=0.0000 beta=0.00 train_acc=8.85% test_acc=9.15% best=9.25% lr=0.00048356116 time=12.9s est_300=1h 05m 52s
[VANILLA:T2T-ViT-7][037/300] loss=4.3388 ce=4.3388 guidance=0.0000 beta=0.00 train_acc=9.12% test_acc=10.63% best=10.63% lr=0.00048261968 time=12.2s est_300=1h 05m 44s
[VANILLA:T2T-ViT-7][038/300] loss=4.2790 ce=4.2790 guidance=0.0000 beta=0.00 train_acc=9.15% test_acc=9.75% best=10.63% lr=0.00048165297 time=12.9s est_300=1h 05m 42s
[VANILLA:T2T-ViT-7][039/300] loss=4.2512 ce=4.2512 guidance=0.0000 beta=0.00 train_acc=10.21% test_acc=9.89% best=10.63% lr=0.00048066113 time=12.6s est_300=1h 05m 38s
[VANILLA:T2T-ViT-7][040/300] loss=4.2360 ce=4.2360 guidance=0.0000 beta=0.00 train_acc=10.36% test_acc=11.24% best=11.24% lr=0.00047964427 time=13.4s est_300=1h 05m 40s
[VANILLA:T2T-ViT-7][041/300] loss=4.2287 ce=4.2287 guidance=0.0000 beta=0.00 train_acc=10.00% test_acc=11.05% best=11.24% lr=0.0004786025 time=13.0s est_300=1h 05m 39s
[VANILLA:T2T-ViT-7][042/300] loss=4.2086 ce=4.2086 guidance=0.0000 beta=0.00 train_acc=10.89% test_acc=11.72% best=11.72% lr=0.00047753594 time=13.0s est_300=1h 05m 38s
[VANILLA:T2T-ViT-7][043/300] loss=4.1511 ce=4.1511 guidance=0.0000 beta=0.00 train_acc=11.45% test_acc=12.00% best=12.00% lr=0.0004764447 time=13.0s est_300=1h 05m 37s
[VANILLA:T2T-ViT-7][044/300] loss=4.1596 ce=4.1596 guidance=0.0000 beta=0.00 train_acc=11.45% test_acc=12.72% best=12.72% lr=0.0004753289 time=13.4s est_300=1h 05m 39s
[VANILLA:T2T-ViT-7][045/300] loss=4.1244 ce=4.1244 guidance=0.0000 beta=0.00 train_acc=12.42% test_acc=13.15% best=13.15% lr=0.00047418866 time=11.6s est_300=1h 05m 28s
[VANILLA:T2T-ViT-7][046/300] loss=4.1039 ce=4.1039 guidance=0.0000 beta=0.00 train_acc=12.82% test_acc=13.84% best=13.84% lr=0.00047302411 time=12.1s est_300=1h 05m 22s
[VANILLA:T2T-ViT-7][047/300] loss=4.0695 ce=4.0695 guidance=0.0000 beta=0.00 train_acc=12.72% test_acc=12.94% best=13.84% lr=0.00047183539 time=11.6s est_300=1h 05m 12s
[VANILLA:T2T-ViT-7][048/300] loss=4.0681 ce=4.0681 guidance=0.0000 beta=0.00 train_acc=12.75% test_acc=13.88% best=13.88% lr=0.0004706226 time=12.4s est_300=1h 05m 08s
[VANILLA:T2T-ViT-7][049/300] loss=4.0015 ce=4.0015 guidance=0.0000 beta=0.00 train_acc=14.08% test_acc=13.88% best=13.88% lr=0.0004693859 time=12.9s est_300=1h 05m 07s
[VANILLA:T2T-ViT-7][050/300] loss=3.9891 ce=3.9891 guidance=0.0000 beta=0.00 train_acc=14.10% test_acc=14.41% best=14.41% lr=0.00046812542 time=12.0s est_300=1h 05m 01s
[VANILLA:T2T-ViT-7][051/300] loss=3.9597 ce=3.9597 guidance=0.0000 beta=0.00 train_acc=14.47% test_acc=14.24% best=14.41% lr=0.00046684129 time=13.0s est_300=1h 05m 01s
[VANILLA:T2T-ViT-7][052/300] loss=3.9229 ce=3.9229 guidance=0.0000 beta=0.00 train_acc=15.88% test_acc=14.93% best=14.93% lr=0.00046553365 time=13.4s est_300=1h 05m 04s
[VANILLA:T2T-ViT-7][053/300] loss=3.9107 ce=3.9107 guidance=0.0000 beta=0.00 train_acc=15.46% test_acc=15.00% best=15.00% lr=0.00046420265 time=12.8s est_300=1h 05m 02s
[VANILLA:T2T-ViT-7][054/300] loss=3.8373 ce=3.8373 guidance=0.0000 beta=0.00 train_acc=17.17% test_acc=16.45% best=16.45% lr=0.00046284844 time=11.6s est_300=1h 04m 55s
[VANILLA:T2T-ViT-7][055/300] loss=3.8485 ce=3.8485 guidance=0.0000 beta=0.00 train_acc=15.96% test_acc=15.59% best=16.45% lr=0.00046147116 time=13.4s est_300=1h 04m 57s
[VANILLA:T2T-ViT-7][056/300] loss=3.8354 ce=3.8354 guidance=0.0000 beta=0.00 train_acc=16.51% test_acc=15.10% best=16.45% lr=0.00046007097 time=12.0s est_300=1h 04m 52s
[VANILLA:T2T-ViT-7][057/300] loss=3.8074 ce=3.8074 guidance=0.0000 beta=0.00 train_acc=16.90% test_acc=17.26% best=17.26% lr=0.00045864801 time=13.3s est_300=1h 04m 53s
[VANILLA:T2T-ViT-7][058/300] loss=3.7866 ce=3.7866 guidance=0.0000 beta=0.00 train_acc=17.88% test_acc=15.91% best=17.26% lr=0.00045720244 time=12.2s est_300=1h 04m 49s
[VANILLA:T2T-ViT-7][059/300] loss=3.7357 ce=3.7357 guidance=0.0000 beta=0.00 train_acc=17.95% test_acc=16.86% best=17.26% lr=0.00045573443 time=13.1s est_300=1h 04m 50s
[VANILLA:T2T-ViT-7][060/300] loss=3.7041 ce=3.7041 guidance=0.0000 beta=0.00 train_acc=19.23% test_acc=17.33% best=17.33% lr=0.00045424413 time=12.7s est_300=1h 04m 49s
[VANILLA:T2T-ViT-7][061/300] loss=3.6745 ce=3.6745 guidance=0.0000 beta=0.00 train_acc=20.26% test_acc=17.24% best=17.33% lr=0.00045273171 time=12.7s est_300=1h 04m 47s
[VANILLA:T2T-ViT-7][062/300] loss=3.6724 ce=3.6724 guidance=0.0000 beta=0.00 train_acc=19.46% test_acc=17.57% best=17.57% lr=0.00045119733 time=11.2s est_300=1h 04m 39s
[VANILLA:T2T-ViT-7][063/300] loss=3.6159 ce=3.6159 guidance=0.0000 beta=0.00 train_acc=21.13% test_acc=18.21% best=18.21% lr=0.00044964115 time=12.2s est_300=1h 04m 36s
[VANILLA:T2T-ViT-7][064/300] loss=3.6132 ce=3.6132 guidance=0.0000 beta=0.00 train_acc=20.52% test_acc=19.18% best=19.18% lr=0.00044806337 time=13.6s est_300=1h 04m 39s
[VANILLA:T2T-ViT-7][065/300] loss=3.5937 ce=3.5937 guidance=0.0000 beta=0.00 train_acc=20.74% test_acc=19.45% best=19.45% lr=0.00044646413 time=13.3s est_300=1h 04m 40s
[VANILLA:T2T-ViT-7][066/300] loss=3.5017 ce=3.5017 guidance=0.0000 beta=0.00 train_acc=22.57% test_acc=19.40% best=19.45% lr=0.00044484363 time=12.3s est_300=1h 04m 37s
[VANILLA:T2T-ViT-7][067/300] loss=3.4852 ce=3.4852 guidance=0.0000 beta=0.00 train_acc=22.38% test_acc=20.02% best=20.02% lr=0.00044320203 time=12.1s est_300=1h 04m 34s
[VANILLA:T2T-ViT-7][068/300] loss=3.5362 ce=3.5362 guidance=0.0000 beta=0.00 train_acc=21.71% test_acc=19.21% best=20.02% lr=0.00044153952 time=11.1s est_300=1h 04m 25s
[VANILLA:T2T-ViT-7][069/300] loss=3.4828 ce=3.4828 guidance=0.0000 beta=0.00 train_acc=22.94% test_acc=19.35% best=20.02% lr=0.00043985628 time=11.0s est_300=1h 04m 17s
[VANILLA:T2T-ViT-7][070/300] loss=3.4330 ce=3.4330 guidance=0.0000 beta=0.00 train_acc=24.05% test_acc=19.92% best=20.02% lr=0.00043815249 time=10.9s est_300=1h 04m 09s
[VANILLA:T2T-ViT-7][071/300] loss=3.4354 ce=3.4354 guidance=0.0000 beta=0.00 train_acc=24.56% test_acc=20.26% best=20.26% lr=0.00043642834 time=13.5s est_300=1h 04m 12s
[VANILLA:T2T-ViT-7][072/300] loss=3.3601 ce=3.3601 guidance=0.0000 beta=0.00 train_acc=25.10% test_acc=20.37% best=20.37% lr=0.00043468403 time=13.8s est_300=1h 04m 16s
[VANILLA:T2T-ViT-7][073/300] loss=3.3491 ce=3.3491 guidance=0.0000 beta=0.00 train_acc=25.19% test_acc=20.12% best=20.37% lr=0.00043291974 time=13.5s est_300=1h 04m 19s
[VANILLA:T2T-ViT-7][074/300] loss=3.3154 ce=3.3154 guidance=0.0000 beta=0.00 train_acc=25.71% test_acc=19.68% best=20.37% lr=0.00043113566 time=13.4s est_300=1h 04m 21s
[VANILLA:T2T-ViT-7][075/300] loss=3.3098 ce=3.3098 guidance=0.0000 beta=0.00 train_acc=26.22% test_acc=19.81% best=20.37% lr=0.00042933199 time=13.4s est_300=1h 04m 23s
[VANILLA:T2T-ViT-7][076/300] loss=3.2726 ce=3.2726 guidance=0.0000 beta=0.00 train_acc=27.00% test_acc=20.88% best=20.88% lr=0.00042750893 time=14.1s est_300=1h 04m 28s
[VANILLA:T2T-ViT-7][077/300] loss=3.2490 ce=3.2490 guidance=0.0000 beta=0.00 train_acc=26.22% test_acc=20.49% best=20.88% lr=0.00042566668 time=13.2s est_300=1h 04m 29s
[VANILLA:T2T-ViT-7][078/300] loss=3.2782 ce=3.2782 guidance=0.0000 beta=0.00 train_acc=25.87% test_acc=20.94% best=20.94% lr=0.00042380544 time=12.0s est_300=1h 04m 26s
[VANILLA:T2T-ViT-7][079/300] loss=3.2451 ce=3.2451 guidance=0.0000 beta=0.00 train_acc=27.21% test_acc=20.38% best=20.94% lr=0.00042192541 time=12.1s est_300=1h 04m 23s
[VANILLA:T2T-ViT-7][080/300] loss=3.1747 ce=3.1747 guidance=0.0000 beta=0.00 train_acc=28.52% test_acc=21.28% best=21.28% lr=0.0004200268 time=12.1s est_300=1h 04m 20s
[VANILLA:T2T-ViT-7][081/300] loss=3.1235 ce=3.1235 guidance=0.0000 beta=0.00 train_acc=29.77% test_acc=21.71% best=21.71% lr=0.00041810983 time=12.7s est_300=1h 04m 20s
[VANILLA:T2T-ViT-7][082/300] loss=3.1191 ce=3.1191 guidance=0.0000 beta=0.00 train_acc=29.64% test_acc=21.64% best=21.71% lr=0.00041617469 time=13.4s est_300=1h 04m 21s
[VANILLA:T2T-ViT-7][083/300] loss=3.1145 ce=3.1145 guidance=0.0000 beta=0.00 train_acc=30.38% test_acc=20.90% best=21.71% lr=0.0004142216 time=12.8s est_300=1h 04m 21s
[VANILLA:T2T-ViT-7][084/300] loss=3.0915 ce=3.0915 guidance=0.0000 beta=0.00 train_acc=31.33% test_acc=22.18% best=22.18% lr=0.00041225078 time=11.9s est_300=1h 04m 18s
[VANILLA:T2T-ViT-7][085/300] loss=3.1100 ce=3.1100 guidance=0.0000 beta=0.00 train_acc=30.42% test_acc=21.85% best=22.18% lr=0.00041026244 time=13.5s est_300=1h 04m 20s
[VANILLA:T2T-ViT-7][086/300] loss=2.9940 ce=2.9940 guidance=0.0000 beta=0.00 train_acc=32.37% test_acc=21.90% best=22.18% lr=0.0004082568 time=13.2s est_300=1h 04m 21s
[VANILLA:T2T-ViT-7][087/300] loss=2.9887 ce=2.9887 guidance=0.0000 beta=0.00 train_acc=32.39% test_acc=22.20% best=22.20% lr=0.00040623408 time=12.7s est_300=1h 04m 21s
[VANILLA:T2T-ViT-7][088/300] loss=2.9128 ce=2.9128 guidance=0.0000 beta=0.00 train_acc=34.43% test_acc=22.11% best=22.20% lr=0.0004041945 time=12.6s est_300=1h 04m 20s
[VANILLA:T2T-ViT-7][089/300] loss=2.9156 ce=2.9156 guidance=0.0000 beta=0.00 train_acc=34.05% test_acc=22.89% best=22.89% lr=0.00040213828 time=13.8s est_300=1h 04m 23s
[VANILLA:T2T-ViT-7][090/300] loss=2.9345 ce=2.9345 guidance=0.0000 beta=0.00 train_acc=33.63% test_acc=22.45% best=22.89% lr=0.00040006566 time=13.2s est_300=1h 04m 24s
[VANILLA:T2T-ViT-7][091/300] loss=2.8789 ce=2.8789 guidance=0.0000 beta=0.00 train_acc=35.26% test_acc=23.39% best=23.39% lr=0.00039797685 time=13.0s est_300=1h 04m 25s
[VANILLA:T2T-ViT-7][092/300] loss=2.8556 ce=2.8556 guidance=0.0000 beta=0.00 train_acc=35.82% test_acc=23.06% best=23.39% lr=0.00039587209 time=13.7s est_300=1h 04m 27s
[VANILLA:T2T-ViT-7][093/300] loss=2.7778 ce=2.7778 guidance=0.0000 beta=0.00 train_acc=37.42% test_acc=23.52% best=23.52% lr=0.00039375161 time=13.5s est_300=1h 04m 29s
[VANILLA:T2T-ViT-7][094/300] loss=2.7617 ce=2.7617 guidance=0.0000 beta=0.00 train_acc=37.48% test_acc=22.40% best=23.52% lr=0.00039161564 time=13.1s est_300=1h 04m 30s
[VANILLA:T2T-ViT-7][095/300] loss=2.7680 ce=2.7680 guidance=0.0000 beta=0.00 train_acc=37.50% test_acc=23.13% best=23.52% lr=0.00038946441 time=14.4s est_300=1h 04m 34s
[VANILLA:T2T-ViT-7][096/300] loss=2.7400 ce=2.7400 guidance=0.0000 beta=0.00 train_acc=38.18% test_acc=23.71% best=23.71% lr=0.00038729816 time=13.1s est_300=1h 04m 35s
[VANILLA:T2T-ViT-7][097/300] loss=2.7075 ce=2.7075 guidance=0.0000 beta=0.00 train_acc=38.30% test_acc=23.61% best=23.71% lr=0.00038511713 time=12.0s est_300=1h 04m 32s
[VANILLA:T2T-ViT-7][098/300] loss=2.6665 ce=2.6665 guidance=0.0000 beta=0.00 train_acc=39.66% test_acc=24.01% best=24.01% lr=0.00038292156 time=12.1s est_300=1h 04m 30s
[VANILLA:T2T-ViT-7][099/300] loss=2.6622 ce=2.6622 guidance=0.0000 beta=0.00 train_acc=39.86% test_acc=23.35% best=24.01% lr=0.00038071168 time=12.2s est_300=1h 04m 28s
[VANILLA:T2T-ViT-7][100/300] loss=2.6407 ce=2.6407 guidance=0.0000 beta=0.00 train_acc=39.91% test_acc=23.61% best=24.01% lr=0.00037848775 time=12.6s est_300=1h 04m 27s
[VANILLA:T2T-ViT-7][101/300] loss=2.6184 ce=2.6184 guidance=0.0000 beta=0.00 train_acc=40.95% test_acc=23.33% best=24.01% lr=0.00037625 time=13.0s est_300=1h 04m 27s
[VANILLA:T2T-ViT-7][102/300] loss=2.6175 ce=2.6175 guidance=0.0000 beta=0.00 train_acc=40.62% test_acc=23.37% best=24.01% lr=0.00037399868 time=13.8s est_300=1h 04m 30s
[VANILLA:T2T-ViT-7][103/300] loss=2.6021 ce=2.6021 guidance=0.0000 beta=0.00 train_acc=40.62% test_acc=23.37% best=24.01% lr=0.00037173403 time=12.2s est_300=1h 04m 28s
[VANILLA:T2T-ViT-7][104/300] loss=2.5268 ce=2.5268 guidance=0.0000 beta=0.00 train_acc=41.93% test_acc=22.89% best=24.01% lr=0.00036945631 time=11.6s est_300=1h 04m 24s
[VANILLA:T2T-ViT-7][105/300] loss=2.4978 ce=2.4978 guidance=0.0000 beta=0.00 train_acc=43.82% test_acc=23.84% best=24.01% lr=0.00036716577 time=11.6s est_300=1h 04m 20s
[VANILLA:T2T-ViT-7][106/300] loss=2.5320 ce=2.5320 guidance=0.0000 beta=0.00 train_acc=42.53% test_acc=24.18% best=24.18% lr=0.00036486265 time=12.2s est_300=1h 04m 19s
[VANILLA:T2T-ViT-7][107/300] loss=2.4716 ce=2.4716 guidance=0.0000 beta=0.00 train_acc=43.92% test_acc=23.09% best=24.18% lr=0.00036254721 time=11.8s est_300=1h 04m 16s
[VANILLA:T2T-ViT-7][108/300] loss=2.4888 ce=2.4888 guidance=0.0000 beta=0.00 train_acc=43.78% test_acc=24.15% best=24.18% lr=0.0003602197 time=12.5s est_300=1h 04m 15s
[VANILLA:T2T-ViT-7][109/300] loss=2.4729 ce=2.4729 guidance=0.0000 beta=0.00 train_acc=44.51% test_acc=24.54% best=24.54% lr=0.00035788037 time=12.3s est_300=1h 04m 13s
[VANILLA:T2T-ViT-7][110/300] loss=2.4241 ce=2.4241 guidance=0.0000 beta=0.00 train_acc=45.48% test_acc=24.02% best=24.54% lr=0.0003555295 time=13.0s est_300=1h 04m 14s
[VANILLA:T2T-ViT-7][111/300] loss=2.4067 ce=2.4067 guidance=0.0000 beta=0.00 train_acc=45.74% test_acc=23.32% best=24.54% lr=0.00035316732 time=11.3s est_300=1h 04m 09s
[VANILLA:T2T-ViT-7][112/300] loss=2.4211 ce=2.4211 guidance=0.0000 beta=0.00 train_acc=45.79% test_acc=24.09% best=24.54% lr=0.0003507941 time=11.9s est_300=1h 04m 07s
[VANILLA:T2T-ViT-7][113/300] loss=2.4260 ce=2.4260 guidance=0.0000 beta=0.00 train_acc=44.96% test_acc=23.96% best=24.54% lr=0.00034841011 time=11.8s est_300=1h 04m 04s
[VANILLA:T2T-ViT-7][114/300] loss=2.3736 ce=2.3736 guidance=0.0000 beta=0.00 train_acc=46.54% test_acc=25.18% best=25.18% lr=0.00034601559 time=11.7s est_300=1h 04m 01s
[VANILLA:T2T-ViT-7][115/300] loss=2.3364 ce=2.3364 guidance=0.0000 beta=0.00 train_acc=47.72% test_acc=24.06% best=25.18% lr=0.00034361083 time=13.4s est_300=1h 04m 03s
[VANILLA:T2T-ViT-7][116/300] loss=2.3582 ce=2.3582 guidance=0.0000 beta=0.00 train_acc=46.72% test_acc=23.78% best=25.18% lr=0.00034119607 time=13.0s est_300=1h 04m 03s
[VANILLA:T2T-ViT-7][117/300] loss=2.3521 ce=2.3521 guidance=0.0000 beta=0.00 train_acc=47.13% test_acc=22.92% best=25.18% lr=0.00033877158 time=13.5s est_300=1h 04m 05s
[VANILLA:T2T-ViT-7][118/300] loss=2.3012 ce=2.3012 guidance=0.0000 beta=0.00 train_acc=48.01% test_acc=23.01% best=25.18% lr=0.00033633764 time=11.2s est_300=1h 04m 01s
[VANILLA:T2T-ViT-7][119/300] loss=2.2878 ce=2.2878 guidance=0.0000 beta=0.00 train_acc=47.94% test_acc=23.84% best=25.18% lr=0.0003338945 time=11.9s est_300=1h 03m 59s
[VANILLA:T2T-ViT-7][120/300] loss=2.2540 ce=2.2540 guidance=0.0000 beta=0.00 train_acc=49.37% test_acc=23.27% best=25.18% lr=0.00033144243 time=12.9s est_300=1h 03m 59s
[VANILLA:T2T-ViT-7][121/300] loss=2.2606 ce=2.2606 guidance=0.0000 beta=0.00 train_acc=48.56% test_acc=23.84% best=25.18% lr=0.00032898171 time=13.0s est_300=1h 04m 00s
[VANILLA:T2T-ViT-7][122/300] loss=2.2082 ce=2.2082 guidance=0.0000 beta=0.00 train_acc=49.85% test_acc=23.96% best=25.18% lr=0.0003265126 time=11.7s est_300=1h 03m 57s
[VANILLA:T2T-ViT-7][123/300] loss=2.2057 ce=2.2057 guidance=0.0000 beta=0.00 train_acc=50.42% test_acc=24.73% best=25.18% lr=0.00032403537 time=12.6s est_300=1h 03m 57s
[VANILLA:T2T-ViT-7][124/300] loss=2.2220 ce=2.2220 guidance=0.0000 beta=0.00 train_acc=49.59% test_acc=24.16% best=25.18% lr=0.0003215503 time=12.3s est_300=1h 03m 55s
[VANILLA:T2T-ViT-7][125/300] loss=2.2096 ce=2.2096 guidance=0.0000 beta=0.00 train_acc=50.10% test_acc=23.82% best=25.18% lr=0.00031905766 time=12.6s est_300=1h 03m 55s
[VANILLA:T2T-ViT-7][126/300] loss=2.1461 ce=2.1461 guidance=0.0000 beta=0.00 train_acc=52.12% test_acc=24.27% best=25.18% lr=0.00031655771 time=11.7s est_300=1h 03m 52s
[VANILLA:T2T-ViT-7][127/300] loss=2.0977 ce=2.0977 guidance=0.0000 beta=0.00 train_acc=52.73% test_acc=24.56% best=25.18% lr=0.00031405075 time=13.0s est_300=1h 03m 53s
[VANILLA:T2T-ViT-7][128/300] loss=2.0967 ce=2.0967 guidance=0.0000 beta=0.00 train_acc=52.34% test_acc=23.40% best=25.18% lr=0.00031153703 time=11.7s est_300=1h 03m 50s
[VANILLA:T2T-ViT-7][129/300] loss=2.1000 ce=2.1000 guidance=0.0000 beta=0.00 train_acc=52.33% test_acc=24.66% best=25.18% lr=0.00030901684 time=13.4s est_300=1h 03m 52s
[VANILLA:T2T-ViT-7][130/300] loss=2.1308 ce=2.1308 guidance=0.0000 beta=0.00 train_acc=52.22% test_acc=23.89% best=25.18% lr=0.00030649045 time=12.5s est_300=1h 03m 51s
[VANILLA:T2T-ViT-7][131/300] loss=2.0920 ce=2.0920 guidance=0.0000 beta=0.00 train_acc=52.72% test_acc=24.27% best=25.18% lr=0.00030395814 time=11.9s est_300=1h 03m 49s
[VANILLA:T2T-ViT-7][132/300] loss=2.0733 ce=2.0733 guidance=0.0000 beta=0.00 train_acc=52.53% test_acc=25.18% best=25.18% lr=0.00030142019 time=11.8s est_300=1h 03m 47s
[VANILLA:T2T-ViT-7][133/300] loss=2.0559 ce=2.0559 guidance=0.0000 beta=0.00 train_acc=53.86% test_acc=25.25% best=25.25% lr=0.00029887688 time=12.1s est_300=1h 03m 45s
[VANILLA:T2T-ViT-7][134/300] loss=2.0427 ce=2.0427 guidance=0.0000 beta=0.00 train_acc=53.82% test_acc=24.63% best=25.25% lr=0.00029632847 time=11.5s est_300=1h 03m 43s
[VANILLA:T2T-ViT-7][135/300] loss=2.0139 ce=2.0139 guidance=0.0000 beta=0.00 train_acc=54.19% test_acc=24.63% best=25.25% lr=0.00029377526 time=13.0s est_300=1h 03m 43s
[VANILLA:T2T-ViT-7][136/300] loss=2.0503 ce=2.0503 guidance=0.0000 beta=0.00 train_acc=54.03% test_acc=23.51% best=25.25% lr=0.00029121753 time=11.7s est_300=1h 03m 41s
[VANILLA:T2T-ViT-7][137/300] loss=2.0255 ce=2.0255 guidance=0.0000 beta=0.00 train_acc=54.33% test_acc=24.77% best=25.25% lr=0.00028865555 time=12.2s est_300=1h 03m 40s
[VANILLA:T2T-ViT-7][138/300] loss=1.9617 ce=1.9617 guidance=0.0000 beta=0.00 train_acc=55.49% test_acc=24.84% best=25.25% lr=0.0002860896 time=11.0s est_300=1h 03m 36s
[VANILLA:T2T-ViT-7][139/300] loss=1.9303 ce=1.9303 guidance=0.0000 beta=0.00 train_acc=55.71% test_acc=24.75% best=25.25% lr=0.00028351998 time=11.0s est_300=1h 03m 32s
[VANILLA:T2T-ViT-7][140/300] loss=2.0044 ce=2.0044 guidance=0.0000 beta=0.00 train_acc=54.62% test_acc=24.44% best=25.25% lr=0.00028094694 time=11.5s est_300=1h 03m 30s
[VANILLA:T2T-ViT-7][141/300] loss=1.9356 ce=1.9356 guidance=0.0000 beta=0.00 train_acc=55.62% test_acc=24.01% best=25.25% lr=0.00027837079 time=12.2s est_300=1h 03m 29s
[VANILLA:T2T-ViT-7][142/300] loss=1.9457 ce=1.9457 guidance=0.0000 beta=0.00 train_acc=55.60% test_acc=24.46% best=25.25% lr=0.00027579181 time=11.8s est_300=1h 03m 27s
[VANILLA:T2T-ViT-7][143/300] loss=1.9075 ce=1.9075 guidance=0.0000 beta=0.00 train_acc=56.27% test_acc=24.11% best=25.25% lr=0.00027321027 time=12.3s est_300=1h 03m 26s
[VANILLA:T2T-ViT-7][144/300] loss=1.8928 ce=1.8928 guidance=0.0000 beta=0.00 train_acc=56.62% test_acc=24.51% best=25.25% lr=0.00027062645 time=11.1s est_300=1h 03m 23s
[VANILLA:T2T-ViT-7][145/300] loss=1.9021 ce=1.9021 guidance=0.0000 beta=0.00 train_acc=57.00% test_acc=24.51% best=25.25% lr=0.00026804065 time=11.5s est_300=1h 03m 20s
[VANILLA:T2T-ViT-7][146/300] loss=1.9187 ce=1.9187 guidance=0.0000 beta=0.00 train_acc=56.27% test_acc=24.56% best=25.25% lr=0.00026545315 time=11.5s est_300=1h 03m 18s
[VANILLA:T2T-ViT-7][147/300] loss=1.8939 ce=1.8939 guidance=0.0000 beta=0.00 train_acc=55.89% test_acc=25.06% best=25.25% lr=0.00026286422 time=11.7s est_300=1h 03m 16s
[VANILLA:T2T-ViT-7][148/300] loss=1.9195 ce=1.9195 guidance=0.0000 beta=0.00 train_acc=55.98% test_acc=24.91% best=25.25% lr=0.00026027416 time=12.9s est_300=1h 03m 16s
[VANILLA:T2T-ViT-7][149/300] loss=1.8613 ce=1.8613 guidance=0.0000 beta=0.00 train_acc=57.88% test_acc=24.30% best=25.25% lr=0.00025768325 time=12.9s est_300=1h 03m 17s
[VANILLA:T2T-ViT-7][150/300] loss=1.8208 ce=1.8208 guidance=0.0000 beta=0.00 train_acc=57.40% test_acc=24.39% best=25.25% lr=0.00025509177 time=10.9s est_300=1h 03m 13s
[VANILLA:T2T-ViT-7][151/300] loss=1.8321 ce=1.8321 guidance=0.0000 beta=0.00 train_acc=58.41% test_acc=24.16% best=25.25% lr=0.0002525 time=12.5s est_300=1h 03m 13s
[VANILLA:T2T-ViT-7][152/300] loss=1.8111 ce=1.8111 guidance=0.0000 beta=0.00 train_acc=59.12% test_acc=24.58% best=25.25% lr=0.00024990823 time=12.1s est_300=1h 03m 12s
[VANILLA:T2T-ViT-7][153/300] loss=1.8473 ce=1.8473 guidance=0.0000 beta=0.00 train_acc=58.05% test_acc=24.20% best=25.25% lr=0.00024731675 time=12.5s est_300=1h 03m 12s
[VANILLA:T2T-ViT-7][154/300] loss=1.7734 ce=1.7734 guidance=0.0000 beta=0.00 train_acc=59.12% test_acc=24.65% best=25.25% lr=0.00024472584 time=12.7s est_300=1h 03m 12s
[VANILLA:T2T-ViT-7][155/300] loss=1.7998 ce=1.7998 guidance=0.0000 beta=0.00 train_acc=59.46% test_acc=24.30% best=25.25% lr=0.00024213578 time=11.8s est_300=1h 03m 10s
[VANILLA:T2T-ViT-7][156/300] loss=1.8369 ce=1.8369 guidance=0.0000 beta=0.00 train_acc=58.14% test_acc=24.49% best=25.25% lr=0.00023954685 time=11.5s est_300=1h 03m 08s
[VANILLA:T2T-ViT-7][157/300] loss=1.7623 ce=1.7623 guidance=0.0000 beta=0.00 train_acc=60.29% test_acc=24.61% best=25.25% lr=0.00023695935 time=11.8s est_300=1h 03m 06s
[VANILLA:T2T-ViT-7][158/300] loss=1.8042 ce=1.8042 guidance=0.0000 beta=0.00 train_acc=58.97% test_acc=24.82% best=25.25% lr=0.00023437355 time=11.7s est_300=1h 03m 05s
[VANILLA:T2T-ViT-7][159/300] loss=1.7434 ce=1.7434 guidance=0.0000 beta=0.00 train_acc=60.09% test_acc=24.97% best=25.25% lr=0.00023178973 time=13.0s est_300=1h 03m 06s
[VANILLA:T2T-ViT-7][160/300] loss=1.7586 ce=1.7586 guidance=0.0000 beta=0.00 train_acc=59.82% test_acc=24.87% best=25.25% lr=0.00022920819 time=12.5s est_300=1h 03m 05s
[VANILLA:T2T-ViT-7][161/300] loss=1.7246 ce=1.7246 guidance=0.0000 beta=0.00 train_acc=59.48% test_acc=24.99% best=25.25% lr=0.00022662921 time=12.7s est_300=1h 03m 06s
[VANILLA:T2T-ViT-7][162/300] loss=1.7646 ce=1.7646 guidance=0.0000 beta=0.00 train_acc=59.82% test_acc=25.60% best=25.60% lr=0.00022405306 time=12.4s est_300=1h 03m 05s
[VANILLA:T2T-ViT-7][163/300] loss=1.7204 ce=1.7204 guidance=0.0000 beta=0.00 train_acc=60.78% test_acc=24.80% best=25.60% lr=0.00022148002 time=11.9s est_300=1h 03m 04s
[VANILLA:T2T-ViT-7][164/300] loss=1.6879 ce=1.6879 guidance=0.0000 beta=0.00 train_acc=61.75% test_acc=25.68% best=25.68% lr=0.0002189104 time=12.5s est_300=1h 03m 04s
[VANILLA:T2T-ViT-7][165/300] loss=1.6968 ce=1.6968 guidance=0.0000 beta=0.00 train_acc=61.29% test_acc=24.91% best=25.68% lr=0.00021634445 time=11.2s est_300=1h 03m 01s
[VANILLA:T2T-ViT-7][166/300] loss=1.6970 ce=1.6970 guidance=0.0000 beta=0.00 train_acc=61.62% test_acc=24.85% best=25.68% lr=0.00021378247 time=13.1s est_300=1h 03m 02s
[VANILLA:T2T-ViT-7][167/300] loss=1.6875 ce=1.6875 guidance=0.0000 beta=0.00 train_acc=61.60% test_acc=25.27% best=25.68% lr=0.00021122474 time=11.0s est_300=1h 02m 59s
[VANILLA:T2T-ViT-7][168/300] loss=1.7062 ce=1.7062 guidance=0.0000 beta=0.00 train_acc=61.48% test_acc=24.30% best=25.68% lr=0.00020867153 time=11.2s est_300=1h 02m 57s
[VANILLA:T2T-ViT-7][169/300] loss=1.6839 ce=1.6839 guidance=0.0000 beta=0.00 train_acc=61.70% test_acc=25.56% best=25.68% lr=0.00020612312 time=11.3s est_300=1h 02m 54s
[VANILLA:T2T-ViT-7][170/300] loss=1.7048 ce=1.7048 guidance=0.0000 beta=0.00 train_acc=61.36% test_acc=24.80% best=25.68% lr=0.00020357981 time=12.3s est_300=1h 02m 54s
[VANILLA:T2T-ViT-7][171/300] loss=1.6846 ce=1.6846 guidance=0.0000 beta=0.00 train_acc=61.18% test_acc=25.20% best=25.68% lr=0.00020104186 time=11.8s est_300=1h 02m 52s
[VANILLA:T2T-ViT-7][172/300] loss=1.6401 ce=1.6401 guidance=0.0000 beta=0.00 train_acc=61.35% test_acc=24.77% best=25.68% lr=0.00019850955 time=12.3s est_300=1h 02m 52s
[VANILLA:T2T-ViT-7][173/300] loss=1.6654 ce=1.6654 guidance=0.0000 beta=0.00 train_acc=61.75% test_acc=24.99% best=25.68% lr=0.00019598316 time=12.3s est_300=1h 02m 51s
[VANILLA:T2T-ViT-7][174/300] loss=1.6472 ce=1.6472 guidance=0.0000 beta=0.00 train_acc=62.45% test_acc=24.42% best=25.68% lr=0.00019346297 time=12.7s est_300=1h 02m 51s
[VANILLA:T2T-ViT-7][175/300] loss=1.6193 ce=1.6193 guidance=0.0000 beta=0.00 train_acc=63.23% test_acc=25.79% best=25.79% lr=0.00019094925 time=12.7s est_300=1h 02m 52s
[VANILLA:T2T-ViT-7][176/300] loss=1.6179 ce=1.6179 guidance=0.0000 beta=0.00 train_acc=63.06% test_acc=25.34% best=25.79% lr=0.00018844229 time=13.1s est_300=1h 02m 53s
[VANILLA:T2T-ViT-7][177/300] loss=1.6167 ce=1.6167 guidance=0.0000 beta=0.00 train_acc=63.04% test_acc=24.42% best=25.79% lr=0.00018594234 time=12.0s est_300=1h 02m 52s
[VANILLA:T2T-ViT-7][178/300] loss=1.5938 ce=1.5938 guidance=0.0000 beta=0.00 train_acc=63.79% test_acc=24.91% best=25.79% lr=0.0001834497 time=11.9s est_300=1h 02m 51s
[VANILLA:T2T-ViT-7][179/300] loss=1.5923 ce=1.5923 guidance=0.0000 beta=0.00 train_acc=63.25% test_acc=25.16% best=25.79% lr=0.00018096463 time=12.1s est_300=1h 02m 50s
[VANILLA:T2T-ViT-7][180/300] loss=1.5783 ce=1.5783 guidance=0.0000 beta=0.00 train_acc=63.54% test_acc=25.08% best=25.79% lr=0.0001784874 time=12.9s est_300=1h 02m 50s
[VANILLA:T2T-ViT-7][181/300] loss=1.6266 ce=1.6266 guidance=0.0000 beta=0.00 train_acc=63.06% test_acc=24.47% best=25.79% lr=0.00017601829 time=11.8s est_300=1h 02m 49s
[VANILLA:T2T-ViT-7][182/300] loss=1.5703 ce=1.5703 guidance=0.0000 beta=0.00 train_acc=63.86% test_acc=24.91% best=25.79% lr=0.00017355757 time=12.3s est_300=1h 02m 49s
[VANILLA:T2T-ViT-7][183/300] loss=1.5620 ce=1.5620 guidance=0.0000 beta=0.00 train_acc=64.10% test_acc=25.44% best=25.79% lr=0.0001711055 time=12.2s est_300=1h 02m 48s
[VANILLA:T2T-ViT-7][184/300] loss=1.5643 ce=1.5643 guidance=0.0000 beta=0.00 train_acc=63.65% test_acc=25.87% best=25.87% lr=0.00016866236 time=11.6s est_300=1h 02m 46s
[VANILLA:T2T-ViT-7][185/300] loss=1.5666 ce=1.5666 guidance=0.0000 beta=0.00 train_acc=64.15% test_acc=25.46% best=25.87% lr=0.00016622842 time=13.5s est_300=1h 02m 48s
[VANILLA:T2T-ViT-7][186/300] loss=1.5689 ce=1.5689 guidance=0.0000 beta=0.00 train_acc=64.47% test_acc=26.06% best=26.06% lr=0.00016380393 time=13.7s est_300=1h 02m 50s
[VANILLA:T2T-ViT-7][187/300] loss=1.5237 ce=1.5237 guidance=0.0000 beta=0.00 train_acc=64.44% test_acc=25.89% best=26.06% lr=0.00016138917 time=13.0s est_300=1h 02m 50s
[VANILLA:T2T-ViT-7][188/300] loss=1.5684 ce=1.5684 guidance=0.0000 beta=0.00 train_acc=63.38% test_acc=24.49% best=26.06% lr=0.00015898441 time=11.6s est_300=1h 02m 49s
[VANILLA:T2T-ViT-7][189/300] loss=1.5528 ce=1.5528 guidance=0.0000 beta=0.00 train_acc=63.99% test_acc=25.39% best=26.06% lr=0.00015658989 time=12.0s est_300=1h 02m 48s
[VANILLA:T2T-ViT-7][190/300] loss=1.5310 ce=1.5310 guidance=0.0000 beta=0.00 train_acc=65.27% test_acc=26.06% best=26.06% lr=0.0001542059 time=13.0s est_300=1h 02m 49s
[VANILLA:T2T-ViT-7][191/300] loss=1.5141 ce=1.5141 guidance=0.0000 beta=0.00 train_acc=65.98% test_acc=25.09% best=26.06% lr=0.00015183268 time=12.2s est_300=1h 02m 48s
[VANILLA:T2T-ViT-7][192/300] loss=1.4679 ce=1.4679 guidance=0.0000 beta=0.00 train_acc=65.96% test_acc=25.92% best=26.06% lr=0.0001494705 time=11.4s est_300=1h 02m 46s
[VANILLA:T2T-ViT-7][193/300] loss=1.4950 ce=1.4950 guidance=0.0000 beta=0.00 train_acc=65.98% test_acc=25.13% best=26.06% lr=0.00014711963 time=13.7s est_300=1h 02m 48s
[VANILLA:T2T-ViT-7][194/300] loss=1.5109 ce=1.5109 guidance=0.0000 beta=0.00 train_acc=65.30% test_acc=25.42% best=26.06% lr=0.0001447803 time=13.1s est_300=1h 02m 49s
[VANILLA:T2T-ViT-7][195/300] loss=1.4920 ce=1.4920 guidance=0.0000 beta=0.00 train_acc=65.13% test_acc=26.01% best=26.06% lr=0.00014245279 time=11.9s est_300=1h 02m 48s
[VANILLA:T2T-ViT-7][196/300] loss=1.4881 ce=1.4881 guidance=0.0000 beta=0.00 train_acc=65.51% test_acc=26.03% best=26.06% lr=0.00014013735 time=12.3s est_300=1h 02m 47s
[VANILLA:T2T-ViT-7][197/300] loss=1.4708 ce=1.4708 guidance=0.0000 beta=0.00 train_acc=66.61% test_acc=25.46% best=26.06% lr=0.00013783423 time=12.2s est_300=1h 02m 47s
[VANILLA:T2T-ViT-7][198/300] loss=1.4494 ce=1.4494 guidance=0.0000 beta=0.00 train_acc=66.58% test_acc=26.04% best=26.06% lr=0.00013554369 time=11.8s est_300=1h 02m 46s
[VANILLA:T2T-ViT-7][199/300] loss=1.4590 ce=1.4590 guidance=0.0000 beta=0.00 train_acc=65.83% test_acc=25.68% best=26.06% lr=0.00013326597 time=11.8s est_300=1h 02m 44s
[VANILLA:T2T-ViT-7][200/300] loss=1.4512 ce=1.4512 guidance=0.0000 beta=0.00 train_acc=66.56% test_acc=25.37% best=26.06% lr=0.00013100132 time=11.2s est_300=1h 02m 42s
[VANILLA:T2T-ViT-7][201/300] loss=1.4594 ce=1.4594 guidance=0.0000 beta=0.00 train_acc=66.68% test_acc=25.06% best=26.06% lr=0.00012875 time=11.4s est_300=1h 02m 41s
[VANILLA:T2T-ViT-7][202/300] loss=1.4804 ce=1.4804 guidance=0.0000 beta=0.00 train_acc=66.17% test_acc=25.87% best=26.06% lr=0.00012651225 time=12.3s est_300=1h 02m 40s
[VANILLA:T2T-ViT-7][203/300] loss=1.4349 ce=1.4349 guidance=0.0000 beta=0.00 train_acc=66.73% test_acc=25.23% best=26.06% lr=0.00012428832 time=13.9s est_300=1h 02m 42s
[VANILLA:T2T-ViT-7][204/300] loss=1.4371 ce=1.4371 guidance=0.0000 beta=0.00 train_acc=66.30% test_acc=25.53% best=26.06% lr=0.00012207844 time=13.3s est_300=1h 02m 43s
[VANILLA:T2T-ViT-7][205/300] loss=1.4236 ce=1.4236 guidance=0.0000 beta=0.00 train_acc=66.90% test_acc=25.06% best=26.06% lr=0.00011988287 time=11.6s est_300=1h 02m 42s
[VANILLA:T2T-ViT-7][206/300] loss=1.4471 ce=1.4471 guidance=0.0000 beta=0.00 train_acc=66.92% test_acc=25.77% best=26.06% lr=0.00011770184 time=10.9s est_300=1h 02m 40s
[VANILLA:T2T-ViT-7][207/300] loss=1.4212 ce=1.4212 guidance=0.0000 beta=0.00 train_acc=66.76% test_acc=25.68% best=26.06% lr=0.00011553559 time=12.1s est_300=1h 02m 39s
[VANILLA:T2T-ViT-7][208/300] loss=1.4556 ce=1.4556 guidance=0.0000 beta=0.00 train_acc=67.00% test_acc=25.94% best=26.06% lr=0.00011338436 time=10.8s est_300=1h 02m 37s
[VANILLA:T2T-ViT-7][209/300] loss=1.4746 ce=1.4746 guidance=0.0000 beta=0.00 train_acc=65.39% test_acc=26.03% best=26.06% lr=0.00011124839 time=11.5s est_300=1h 02m 35s
[VANILLA:T2T-ViT-7][210/300] loss=1.4018 ce=1.4018 guidance=0.0000 beta=0.00 train_acc=67.99% test_acc=26.53% best=26.53% lr=0.00010912791 time=11.9s est_300=1h 02m 34s
[VANILLA:T2T-ViT-7][211/300] loss=1.3921 ce=1.3921 guidance=0.0000 beta=0.00 train_acc=67.97% test_acc=25.75% best=26.53% lr=0.00010702315 time=12.7s est_300=1h 02m 34s
[VANILLA:T2T-ViT-7][212/300] loss=1.3571 ce=1.3571 guidance=0.0000 beta=0.00 train_acc=68.75% test_acc=26.49% best=26.53% lr=0.00010493434 time=12.5s est_300=1h 02m 34s
[VANILLA:T2T-ViT-7][213/300] loss=1.4267 ce=1.4267 guidance=0.0000 beta=0.00 train_acc=66.81% test_acc=26.11% best=26.53% lr=0.00010286172 time=11.0s est_300=1h 02m 32s
[VANILLA:T2T-ViT-7][214/300] loss=1.4012 ce=1.4012 guidance=0.0000 beta=0.00 train_acc=67.70% test_acc=26.11% best=26.53% lr=0.0001008055 time=11.5s est_300=1h 02m 31s
[VANILLA:T2T-ViT-7][215/300] loss=1.3931 ce=1.3931 guidance=0.0000 beta=0.00 train_acc=67.53% test_acc=25.77% best=26.53% lr=9.8765924e-05 time=12.0s est_300=1h 02m 30s
[VANILLA:T2T-ViT-7][216/300] loss=1.3700 ce=1.3700 guidance=0.0000 beta=0.00 train_acc=68.38% test_acc=26.63% best=26.63% lr=9.6743203e-05 time=10.8s est_300=1h 02m 28s
[VANILLA:T2T-ViT-7][217/300] loss=1.3629 ce=1.3629 guidance=0.0000 beta=0.00 train_acc=68.63% test_acc=26.22% best=26.63% lr=9.4737563e-05 time=10.9s est_300=1h 02m 26s
[VANILLA:T2T-ViT-7][218/300] loss=1.3663 ce=1.3663 guidance=0.0000 beta=0.00 train_acc=67.93% test_acc=25.82% best=26.63% lr=9.2749222e-05 time=12.3s est_300=1h 02m 25s
[VANILLA:T2T-ViT-7][219/300] loss=1.3639 ce=1.3639 guidance=0.0000 beta=0.00 train_acc=68.04% test_acc=26.48% best=26.63% lr=9.0778401e-05 time=10.9s est_300=1h 02m 23s
[VANILLA:T2T-ViT-7][220/300] loss=1.3666 ce=1.3666 guidance=0.0000 beta=0.00 train_acc=68.33% test_acc=26.58% best=26.63% lr=8.8825313e-05 time=11.0s est_300=1h 02m 21s
[VANILLA:T2T-ViT-7][221/300] loss=1.3311 ce=1.3311 guidance=0.0000 beta=0.00 train_acc=69.38% test_acc=26.60% best=26.63% lr=8.6890175e-05 time=13.4s est_300=1h 02m 22s
[VANILLA:T2T-ViT-7][222/300] loss=1.3480 ce=1.3480 guidance=0.0000 beta=0.00 train_acc=68.75% test_acc=26.27% best=26.63% lr=8.4973198e-05 time=12.4s est_300=1h 02m 22s
[VANILLA:T2T-ViT-7][223/300] loss=1.3461 ce=1.3461 guidance=0.0000 beta=0.00 train_acc=68.29% test_acc=26.20% best=26.63% lr=8.3074591e-05 time=11.9s est_300=1h 02m 21s
[VANILLA:T2T-ViT-7][224/300] loss=1.3575 ce=1.3575 guidance=0.0000 beta=0.00 train_acc=68.67% test_acc=26.73% best=26.73% lr=8.1194564e-05 time=12.0s est_300=1h 02m 21s
[VANILLA:T2T-ViT-7][225/300] loss=1.3580 ce=1.3580 guidance=0.0000 beta=0.00 train_acc=68.44% test_acc=26.48% best=26.73% lr=7.9333323e-05 time=12.4s est_300=1h 02m 21s
[VANILLA:T2T-ViT-7][226/300] loss=1.3307 ce=1.3307 guidance=0.0000 beta=0.00 train_acc=69.02% test_acc=25.65% best=26.73% lr=7.7491072e-05 time=11.9s est_300=1h 02m 20s
[VANILLA:T2T-ViT-7][227/300] loss=1.3064 ce=1.3064 guidance=0.0000 beta=0.00 train_acc=70.09% test_acc=26.34% best=26.73% lr=7.5668012e-05 time=11.6s est_300=1h 02m 19s
[VANILLA:T2T-ViT-7][228/300] loss=1.3274 ce=1.3274 guidance=0.0000 beta=0.00 train_acc=68.92% test_acc=26.10% best=26.73% lr=7.3864344e-05 time=12.9s est_300=1h 02m 19s
[VANILLA:T2T-ViT-7][229/300] loss=1.3435 ce=1.3435 guidance=0.0000 beta=0.00 train_acc=68.80% test_acc=26.11% best=26.73% lr=7.2080265e-05 time=11.8s est_300=1h 02m 19s
[VANILLA:T2T-ViT-7][230/300] loss=1.3301 ce=1.3301 guidance=0.0000 beta=0.00 train_acc=69.23% test_acc=25.75% best=26.73% lr=7.0315971e-05 time=12.4s est_300=1h 02m 18s
[VANILLA:T2T-ViT-7][231/300] loss=1.3158 ce=1.3158 guidance=0.0000 beta=0.00 train_acc=69.58% test_acc=26.44% best=26.73% lr=6.8571656e-05 time=13.1s est_300=1h 02m 19s
[VANILLA:T2T-ViT-7][232/300] loss=1.3497 ce=1.3497 guidance=0.0000 beta=0.00 train_acc=68.65% test_acc=25.72% best=26.73% lr=6.684751e-05 time=11.9s est_300=1h 02m 18s
[VANILLA:T2T-ViT-7][233/300] loss=1.3379 ce=1.3379 guidance=0.0000 beta=0.00 train_acc=69.23% test_acc=25.87% best=26.73% lr=6.5143724e-05 time=12.4s est_300=1h 02m 18s
[VANILLA:T2T-ViT-7][234/300] loss=1.3481 ce=1.3481 guidance=0.0000 beta=0.00 train_acc=68.55% test_acc=26.32% best=26.73% lr=6.3460483e-05 time=12.9s est_300=1h 02m 19s
[VANILLA:T2T-ViT-7][235/300] loss=1.3094 ce=1.3094 guidance=0.0000 beta=0.00 train_acc=69.19% test_acc=26.27% best=26.73% lr=6.1797972e-05 time=12.3s est_300=1h 02m 19s
[VANILLA:T2T-ViT-7][236/300] loss=1.3058 ce=1.3058 guidance=0.0000 beta=0.00 train_acc=70.30% test_acc=25.70% best=26.73% lr=6.0156375e-05 time=12.8s est_300=1h 02m 19s
[VANILLA:T2T-ViT-7][237/300] loss=1.3011 ce=1.3011 guidance=0.0000 beta=0.00 train_acc=69.62% test_acc=26.61% best=26.73% lr=5.8535869e-05 time=12.1s est_300=1h 02m 19s
[VANILLA:T2T-ViT-7][238/300] loss=1.3434 ce=1.3434 guidance=0.0000 beta=0.00 train_acc=68.67% test_acc=25.98% best=26.73% lr=5.6936634e-05 time=12.6s est_300=1h 02m 19s
[VANILLA:T2T-ViT-7][239/300] loss=1.3218 ce=1.3218 guidance=0.0000 beta=0.00 train_acc=69.57% test_acc=25.53% best=26.73% lr=5.5358845e-05 time=12.0s est_300=1h 02m 18s
[VANILLA:T2T-ViT-7][240/300] loss=1.2596 ce=1.2596 guidance=0.0000 beta=0.00 train_acc=70.79% test_acc=25.56% best=26.73% lr=5.3802675e-05 time=11.0s est_300=1h 02m 17s
[VANILLA:T2T-ViT-7][241/300] loss=1.2911 ce=1.2911 guidance=0.0000 beta=0.00 train_acc=70.16% test_acc=25.72% best=26.73% lr=5.2268294e-05 time=11.9s est_300=1h 02m 16s
[VANILLA:T2T-ViT-7][242/300] loss=1.2893 ce=1.2893 guidance=0.0000 beta=0.00 train_acc=69.92% test_acc=25.01% best=26.73% lr=5.0755871e-05 time=12.4s est_300=1h 02m 16s
[VANILLA:T2T-ViT-7][243/300] loss=1.2700 ce=1.2700 guidance=0.0000 beta=0.00 train_acc=70.23% test_acc=25.82% best=26.73% lr=4.9265571e-05 time=12.2s est_300=1h 02m 16s
[VANILLA:T2T-ViT-7][244/300] loss=1.2738 ce=1.2738 guidance=0.0000 beta=0.00 train_acc=71.08% test_acc=25.94% best=26.73% lr=4.7797558e-05 time=10.9s est_300=1h 02m 14s
[VANILLA:T2T-ViT-7][245/300] loss=1.2777 ce=1.2777 guidance=0.0000 beta=0.00 train_acc=70.36% test_acc=25.87% best=26.73% lr=4.6351993e-05 time=13.1s est_300=1h 02m 15s
[VANILLA:T2T-ViT-7][246/300] loss=1.2567 ce=1.2567 guidance=0.0000 beta=0.00 train_acc=70.13% test_acc=26.04% best=26.73% lr=4.4929034e-05 time=12.1s est_300=1h 02m 14s
[VANILLA:T2T-ViT-7][247/300] loss=1.2269 ce=1.2269 guidance=0.0000 beta=0.00 train_acc=71.54% test_acc=26.22% best=26.73% lr=4.3528838e-05 time=11.0s est_300=1h 02m 12s
[VANILLA:T2T-ViT-7][248/300] loss=1.2405 ce=1.2405 guidance=0.0000 beta=0.00 train_acc=71.13% test_acc=25.84% best=26.73% lr=4.2151558e-05 time=11.8s est_300=1h 02m 11s
[VANILLA:T2T-ViT-7][249/300] loss=1.2450 ce=1.2450 guidance=0.0000 beta=0.00 train_acc=70.79% test_acc=26.03% best=26.73% lr=4.0797346e-05 time=11.1s est_300=1h 02m 10s
[VANILLA:T2T-ViT-7][250/300] loss=1.2339 ce=1.2339 guidance=0.0000 beta=0.00 train_acc=71.20% test_acc=25.89% best=26.73% lr=3.9466348e-05 time=12.2s est_300=1h 02m 10s
[VANILLA:T2T-ViT-7][251/300] loss=1.2517 ce=1.2517 guidance=0.0000 beta=0.00 train_acc=71.06% test_acc=25.79% best=26.73% lr=3.8158713e-05 time=10.8s est_300=1h 02m 08s
[VANILLA:T2T-ViT-7][252/300] loss=1.2424 ce=1.2424 guidance=0.0000 beta=0.00 train_acc=71.69% test_acc=25.27% best=26.73% lr=3.6874582e-05 time=12.5s est_300=1h 02m 08s
[VANILLA:T2T-ViT-7][253/300] loss=1.2174 ce=1.2174 guidance=0.0000 beta=0.00 train_acc=72.01% test_acc=26.03% best=26.73% lr=3.5614097e-05 time=12.7s est_300=1h 02m 08s
[VANILLA:T2T-ViT-7][254/300] loss=1.2879 ce=1.2879 guidance=0.0000 beta=0.00 train_acc=70.91% test_acc=25.98% best=26.73% lr=3.4377396e-05 time=11.7s est_300=1h 02m 07s
[VANILLA:T2T-ViT-7][255/300] loss=1.2548 ce=1.2548 guidance=0.0000 beta=0.00 train_acc=70.96% test_acc=25.92% best=26.73% lr=3.3164614e-05 time=11.6s est_300=1h 02m 06s
[VANILLA:T2T-ViT-7][256/300] loss=1.2133 ce=1.2133 guidance=0.0000 beta=0.00 train_acc=71.59% test_acc=25.70% best=26.73% lr=3.1975885e-05 time=11.8s est_300=1h 02m 06s
[VANILLA:T2T-ViT-7][257/300] loss=1.2355 ce=1.2355 guidance=0.0000 beta=0.00 train_acc=71.13% test_acc=25.73% best=26.73% lr=3.0811339e-05 time=13.5s est_300=1h 02m 07s
[VANILLA:T2T-ViT-7][258/300] loss=1.2611 ce=1.2611 guidance=0.0000 beta=0.00 train_acc=71.03% test_acc=25.60% best=26.73% lr=2.9671104e-05 time=12.0s est_300=1h 02m 06s
[VANILLA:T2T-ViT-7][259/300] loss=1.2052 ce=1.2052 guidance=0.0000 beta=0.00 train_acc=71.86% test_acc=26.08% best=26.73% lr=2.8555305e-05 time=11.5s est_300=1h 02m 05s
[VANILLA:T2T-ViT-7][260/300] loss=1.2441 ce=1.2441 guidance=0.0000 beta=0.00 train_acc=71.65% test_acc=26.04% best=26.73% lr=2.7464063e-05 time=11.0s est_300=1h 02m 04s
[VANILLA:T2T-ViT-7][261/300] loss=1.2308 ce=1.2308 guidance=0.0000 beta=0.00 train_acc=71.37% test_acc=25.79% best=26.73% lr=2.6397499e-05 time=11.8s est_300=1h 02m 03s
[VANILLA:T2T-ViT-7][262/300] loss=1.2517 ce=1.2517 guidance=0.0000 beta=0.00 train_acc=70.99% test_acc=25.96% best=26.73% lr=2.535573e-05 time=12.4s est_300=1h 02m 03s
[VANILLA:T2T-ViT-7][263/300] loss=1.2415 ce=1.2415 guidance=0.0000 beta=0.00 train_acc=71.28% test_acc=26.42% best=26.73% lr=2.433887e-05 time=11.8s est_300=1h 02m 02s
[VANILLA:T2T-ViT-7][264/300] loss=1.2288 ce=1.2288 guidance=0.0000 beta=0.00 train_acc=70.94% test_acc=26.29% best=26.73% lr=2.334703e-05 time=11.8s est_300=1h 02m 01s
[VANILLA:T2T-ViT-7][265/300] loss=1.2052 ce=1.2052 guidance=0.0000 beta=0.00 train_acc=71.93% test_acc=26.41% best=26.73% lr=2.238032e-05 time=11.4s est_300=1h 02m 00s
[VANILLA:T2T-ViT-7][266/300] loss=1.2506 ce=1.2506 guidance=0.0000 beta=0.00 train_acc=70.75% test_acc=25.98% best=26.73% lr=2.1438844e-05 time=12.1s est_300=1h 02m 00s
[VANILLA:T2T-ViT-7][267/300] loss=1.1922 ce=1.1922 guidance=0.0000 beta=0.00 train_acc=72.47% test_acc=26.39% best=26.73% lr=2.0522708e-05 time=10.9s est_300=1h 01m 58s
[VANILLA:T2T-ViT-7][268/300] loss=1.1842 ce=1.1842 guidance=0.0000 beta=0.00 train_acc=72.66% test_acc=26.10% best=26.73% lr=1.963201e-05 time=12.0s est_300=1h 01m 58s
[VANILLA:T2T-ViT-7][269/300] loss=1.2506 ce=1.2506 guidance=0.0000 beta=0.00 train_acc=70.84% test_acc=26.29% best=26.73% lr=1.8766848e-05 time=11.1s est_300=1h 01m 56s
[VANILLA:T2T-ViT-7][270/300] loss=1.2475 ce=1.2475 guidance=0.0000 beta=0.00 train_acc=71.48% test_acc=26.22% best=26.73% lr=1.7927319e-05 time=12.5s est_300=1h 01m 56s
[VANILLA:T2T-ViT-7][271/300] loss=1.2080 ce=1.2080 guidance=0.0000 beta=0.00 train_acc=71.93% test_acc=26.37% best=26.73% lr=1.7113512e-05 time=11.1s est_300=1h 01m 55s
[VANILLA:T2T-ViT-7][272/300] loss=1.2459 ce=1.2459 guidance=0.0000 beta=0.00 train_acc=71.81% test_acc=25.92% best=26.73% lr=1.6325519e-05 time=12.3s est_300=1h 01m 55s
[VANILLA:T2T-ViT-7][273/300] loss=1.2445 ce=1.2445 guidance=0.0000 beta=0.00 train_acc=71.50% test_acc=25.58% best=26.73% lr=1.5563424e-05 time=11.5s est_300=1h 01m 54s
[VANILLA:T2T-ViT-7][274/300] loss=1.2059 ce=1.2059 guidance=0.0000 beta=0.00 train_acc=72.28% test_acc=25.99% best=26.73% lr=1.4827313e-05 time=11.5s est_300=1h 01m 53s
[VANILLA:T2T-ViT-7][275/300] loss=1.2154 ce=1.2154 guidance=0.0000 beta=0.00 train_acc=72.38% test_acc=26.01% best=26.73% lr=1.4117265e-05 time=10.9s est_300=1h 01m 51s
[VANILLA:T2T-ViT-7][276/300] loss=1.2332 ce=1.2332 guidance=0.0000 beta=0.00 train_acc=71.45% test_acc=25.99% best=26.73% lr=1.3433358e-05 time=11.0s est_300=1h 01m 50s
[VANILLA:T2T-ViT-7][277/300] loss=1.1915 ce=1.1915 guidance=0.0000 beta=0.00 train_acc=72.47% test_acc=26.06% best=26.73% lr=1.2775668e-05 time=13.0s est_300=1h 01m 51s
[VANILLA:T2T-ViT-7][278/300] loss=1.2306 ce=1.2306 guidance=0.0000 beta=0.00 train_acc=72.18% test_acc=25.87% best=26.73% lr=1.2144266e-05 time=11.0s est_300=1h 01m 49s
[VANILLA:T2T-ViT-7][279/300] loss=1.2084 ce=1.2084 guidance=0.0000 beta=0.00 train_acc=72.20% test_acc=25.99% best=26.73% lr=1.1539222e-05 time=11.9s est_300=1h 01m 49s
[VANILLA:T2T-ViT-7][280/300] loss=1.2250 ce=1.2250 guidance=0.0000 beta=0.00 train_acc=71.54% test_acc=26.20% best=26.73% lr=1.0960601e-05 time=12.2s est_300=1h 01m 48s
[VANILLA:T2T-ViT-7][281/300] loss=1.2098 ce=1.2098 guidance=0.0000 beta=0.00 train_acc=71.96% test_acc=26.08% best=26.73% lr=1.0408469e-05 time=10.9s est_300=1h 01m 47s
[VANILLA:T2T-ViT-7][282/300] loss=1.2420 ce=1.2420 guidance=0.0000 beta=0.00 train_acc=70.96% test_acc=25.96% best=26.73% lr=9.8828843e-06 time=12.1s est_300=1h 01m 47s
[VANILLA:T2T-ViT-7][283/300] loss=1.2221 ce=1.2221 guidance=0.0000 beta=0.00 train_acc=71.11% test_acc=26.13% best=26.73% lr=9.3839054e-06 time=11.0s est_300=1h 01m 45s
[VANILLA:T2T-ViT-7][284/300] loss=1.2169 ce=1.2169 guidance=0.0000 beta=0.00 train_acc=71.50% test_acc=26.03% best=26.73% lr=8.911587e-06 time=11.7s est_300=1h 01m 44s
[VANILLA:T2T-ViT-7][285/300] loss=1.2221 ce=1.2221 guidance=0.0000 beta=0.00 train_acc=71.60% test_acc=26.06% best=26.73% lr=8.4659808e-06 time=12.1s est_300=1h 01m 44s
[VANILLA:T2T-ViT-7][286/300] loss=1.2078 ce=1.2078 guidance=0.0000 beta=0.00 train_acc=71.82% test_acc=25.94% best=26.73% lr=8.0471357e-06 time=11.3s est_300=1h 01m 43s
[VANILLA:T2T-ViT-7][287/300] loss=1.2097 ce=1.2097 guidance=0.0000 beta=0.00 train_acc=71.77% test_acc=25.87% best=26.73% lr=7.6550976e-06 time=12.5s est_300=1h 01m 43s
[VANILLA:T2T-ViT-7][288/300] loss=1.2049 ce=1.2049 guidance=0.0000 beta=0.00 train_acc=72.57% test_acc=25.92% best=26.73% lr=7.2899095e-06 time=12.6s est_300=1h 01m 43s
[VANILLA:T2T-ViT-7][289/300] loss=1.1935 ce=1.1935 guidance=0.0000 beta=0.00 train_acc=72.35% test_acc=25.94% best=26.73% lr=6.9516114e-06 time=12.1s est_300=1h 01m 43s
[VANILLA:T2T-ViT-7][290/300] loss=1.2082 ce=1.2082 guidance=0.0000 beta=0.00 train_acc=71.81% test_acc=26.08% best=26.73% lr=6.6402405e-06 time=12.6s est_300=1h 01m 43s
[VANILLA:T2T-ViT-7][291/300] loss=1.2268 ce=1.2268 guidance=0.0000 beta=0.00 train_acc=71.65% test_acc=25.96% best=26.73% lr=6.3558309e-06 time=12.1s est_300=1h 01m 43s
[VANILLA:T2T-ViT-7][292/300] loss=1.1818 ce=1.1818 guidance=0.0000 beta=0.00 train_acc=72.32% test_acc=26.03% best=26.73% lr=6.0984138e-06 time=12.0s est_300=1h 01m 43s
[VANILLA:T2T-ViT-7][293/300] loss=1.1751 ce=1.1751 guidance=0.0000 beta=0.00 train_acc=72.32% test_acc=25.91% best=26.73% lr=5.8680173e-06 time=11.6s est_300=1h 01m 42s
[VANILLA:T2T-ViT-7][294/300] loss=1.2109 ce=1.2109 guidance=0.0000 beta=0.00 train_acc=71.91% test_acc=25.92% best=26.73% lr=5.6646669e-06 time=11.1s est_300=1h 01m 41s
[VANILLA:T2T-ViT-7][295/300] loss=1.2058 ce=1.2058 guidance=0.0000 beta=0.00 train_acc=72.61% test_acc=25.94% best=26.73% lr=5.4883847e-06 time=11.0s est_300=1h 01m 40s
[VANILLA:T2T-ViT-7][296/300] loss=1.2371 ce=1.2371 guidance=0.0000 beta=0.00 train_acc=71.26% test_acc=25.91% best=26.73% lr=5.3391901e-06 time=11.8s est_300=1h 01m 39s
[VANILLA:T2T-ViT-7][297/300] loss=1.1980 ce=1.1980 guidance=0.0000 beta=0.00 train_acc=72.16% test_acc=26.08% best=26.73% lr=5.2170996e-06 time=10.9s est_300=1h 01m 38s
[VANILLA:T2T-ViT-7][298/300] loss=1.2652 ce=1.2652 guidance=0.0000 beta=0.00 train_acc=71.09% test_acc=25.99% best=26.73% lr=5.1221263e-06 time=12.9s est_300=1h 01m 38s
[VANILLA:T2T-ViT-7][299/300] loss=1.1882 ce=1.1882 guidance=0.0000 beta=0.00 train_acc=72.78% test_acc=25.92% best=26.73% lr=5.0542808e-06 time=12.5s est_300=1h 01m 38s
[VANILLA:T2T-ViT-7][300/300] loss=1.2106 ce=1.2106 guidance=0.0000 beta=0.00 train_acc=72.20% test_acc=25.98% best=26.73% lr=5.0135706e-06 time=12.1s est_300=1h 01m 38s
[TIMING_RESULT] student=T2T-ViT-7 method=VANILLA batch=128 avg_epoch=12.33s estimated_300=1h 01m 38s
[FINAL_RESULT] summary=/app/output/table1_cub200_t2t_vit7_all_full_seed1/students/table1_cub200_t2t_vit_7_vanilla_b128_full_300ep_seed1/summary.json
[DONE] Table-1 CUB student task completed successfully.
[STUDENT_IDENTITY_CHECK_TABLE1_CUB200] status=PASS student=T2T-ViT-7 method=Vanilla batch=128 teacher=none
[TASK_DONE] 1/5 T2T-ViT-7/Vanilla elapsed=1h 03m 01s
------------------------------------------------------------------------------------------------
[TASK_START] 2/5 T2T-ViT-7/LG
[COMMAND][LG] /usr/bin/python /app/scratch/input/bapedragon_555/methods/table1_cub200/train.py --full-run --student t2t_vit_7 --method lg --batch-size 128 --data-dir /app/output/table1_cub200_t2t_vit7_all_full_seed1/data/cub200 --teacher-root /app/scratch/input/bapedragon_555/teachers/checkpoints/cub200_table1_resnet56_32 --output-dir /app/output/table1_cub200_t2t_vit7_all_full_seed1/students --run-name table1_cub200_t2t_vit_7_lg_b128_full_300ep_seed1 --num-workers 4
[BOOT] Python process started: /usr/bin/python
[BOOT] complete Table-1 runtime dependencies already available
/usr/local/lib/python3.10/dist-packages/timm/models/layers/__init__.py:49: FutureWarning: Importing from timm.models.layers is deprecated, please import via timm.layers
  warnings.warn(f"Importing from {__name__} is deprecated, please import via timm.layers", FutureWarning)
========================================================================================
CUB-200 TABLE-1 EXTENSION
========================================================================================
[TASK] student=T2T-ViT-7 method=LG batch=128 mode=full_300ep
[MODE] actual_epochs=300 planned_epochs=300
[PROTOCOL_LOCK] dataset=CUB-200-2011 split=5994/5794 teacher=ResNet56-scratch-32 student=scratch-224 epochs=300 AdamW=5e-4->5e-6 wd=0.05 warmup=20 seed=1 fp32=True
[FIXED_TEACHER_TABLE1_CUB200] h200_build=543 root=/app/scratch/input/bapedragon_555/teachers/checkpoints/cub200_table1_resnet56_32 sha256=06f75192b1c108c89e480843cb4f72dfb28aa762d7b11e7ac327333dd54b51f5
[SOURCE] official_lg_repo=https://github.com/lkhl/tiny-transformers commit=d2165f74049c906b0afc9f957491960fb3c0cc8b
[MODEL] params=4,104,622 feature_dims=(256, 256, 256, 256, 256, 256, 256) selected_lg=(0, 3, 6)
[FEATURE_CHECK] student=((2, 256, 14, 14), (2, 256, 14, 14), (2, 256, 14, 14), (2, 256, 14, 14), (2, 256, 14, 14), (2, 256, 14, 14), (2, 256, 14, 14)) teacher=((2, 16, 32, 32), (2, 32, 16, 16), (2, 64, 8, 8)) guidance_probe=11.312099
[OPTIMIZER] contract=official_lg_no_decay_exclusions
[LG:T2T-ViT-7][001/300] loss=95.8458 ce=5.3518 guidance=36.1976 beta=2.50 train_acc=0.51% test_acc=0.52% best=0.52% lr=5e-07 time=14.5s est_300=1h 12m 31s
[LG:T2T-ViT-7][002/300] loss=83.0072 ce=5.3461 guidance=31.0644 beta=2.50 train_acc=0.49% test_acc=0.62% best=0.62% lr=2.5475e-05 time=14.5s est_300=1h 12m 34s
[LG:T2T-ViT-7][003/300] loss=62.1354 ce=5.3294 guidance=22.7224 beta=2.50 train_acc=0.39% test_acc=0.79% best=0.79% lr=5.045e-05 time=14.3s est_300=1h 12m 11s
[LG:T2T-ViT-7][004/300] loss=58.5226 ce=5.3143 guidance=21.2833 beta=2.50 train_acc=0.41% test_acc=0.71% best=0.79% lr=7.5425e-05 time=12.7s est_300=1h 10m 01s
[LG:T2T-ViT-7][005/300] loss=56.7803 ce=5.3085 guidance=20.5887 beta=2.50 train_acc=0.36% test_acc=0.86% best=0.86% lr=0.0001004 time=13.7s est_300=1h 09m 41s
[LG:T2T-ViT-7][006/300] loss=55.1477 ce=5.3011 guidance=19.9387 beta=2.50 train_acc=0.41% test_acc=0.69% best=0.86% lr=0.000125375 time=12.7s est_300=1h 08m 39s
[LG:T2T-ViT-7][007/300] loss=53.1532 ce=5.2765 guidance=19.1507 beta=2.50 train_acc=0.58% test_acc=1.17% best=1.17% lr=0.00015035 time=13.1s est_300=1h 08m 11s
[LG:T2T-ViT-7][008/300] loss=51.5185 ce=5.2310 guidance=18.5150 beta=2.50 train_acc=0.71% test_acc=1.43% best=1.43% lr=0.000175325 time=13.2s est_300=1h 07m 53s
[LG:T2T-ViT-7][009/300] loss=50.9696 ce=5.1552 guidance=18.3257 beta=2.50 train_acc=0.93% test_acc=1.31% best=1.43% lr=0.0002003 time=14.3s est_300=1h 08m 19s
[LG:T2T-ViT-7][010/300] loss=49.5293 ce=5.1096 guidance=17.7679 beta=2.50 train_acc=1.73% test_acc=2.21% best=2.21% lr=0.000225275 time=14.4s est_300=1h 08m 42s
[LG:T2T-ViT-7][011/300] loss=48.2454 ce=5.0367 guidance=17.2835 beta=2.50 train_acc=1.89% test_acc=2.88% best=2.88% lr=0.00025025 time=14.5s est_300=1h 09m 02s
[LG:T2T-ViT-7][012/300] loss=47.2994 ce=4.9419 guidance=16.9430 beta=2.50 train_acc=2.38% test_acc=4.23% best=4.23% lr=0.000275225 time=13.7s est_300=1h 09m 01s
[LG:T2T-ViT-7][013/300] loss=45.8931 ce=4.8572 guidance=16.4144 beta=2.50 train_acc=3.41% test_acc=4.28% best=4.28% lr=0.0003002 time=13.4s est_300=1h 08m 50s
[LG:T2T-ViT-7][014/300] loss=45.2163 ce=4.7596 guidance=16.1827 beta=2.50 train_acc=4.35% test_acc=5.38% best=5.38% lr=0.000325175 time=14.2s est_300=1h 08m 59s
[LG:T2T-ViT-7][015/300] loss=44.0254 ce=4.6661 guidance=15.7437 beta=2.50 train_acc=4.69% test_acc=6.44% best=6.44% lr=0.00035015 time=13.4s est_300=1h 08m 51s
[LG:T2T-ViT-7][016/300] loss=43.0190 ce=4.5960 guidance=15.3692 beta=2.50 train_acc=5.40% test_acc=7.09% best=7.09% lr=0.000375125 time=12.5s est_300=1h 08m 26s
[LG:T2T-ViT-7][017/300] loss=42.4219 ce=4.5153 guidance=15.1627 beta=2.50 train_acc=6.40% test_acc=8.16% best=8.16% lr=0.0004001 time=12.6s est_300=1h 08m 07s
[LG:T2T-ViT-7][018/300] loss=41.1823 ce=4.4295 guidance=14.7011 beta=2.50 train_acc=7.07% test_acc=8.96% best=8.96% lr=0.000425075 time=12.2s est_300=1h 07m 43s
[LG:T2T-ViT-7][019/300] loss=40.8348 ce=4.3652 guidance=14.5878 beta=2.50 train_acc=8.05% test_acc=10.46% best=10.46% lr=0.00045005 time=13.1s est_300=1h 07m 36s
[LG:T2T-ViT-7][020/300] loss=40.2207 ce=4.3474 guidance=14.3493 beta=2.50 train_acc=8.56% test_acc=11.29% best=11.29% lr=0.000475025 time=13.3s est_300=1h 07m 34s
[LG:T2T-ViT-7][021/300] loss=39.7793 ce=4.2253 guidance=14.2216 beta=2.50 train_acc=10.07% test_acc=13.41% best=13.41% lr=0.00049459153 time=12.9s est_300=1h 07m 25s
[LG:T2T-ViT-7][022/300] loss=39.0835 ce=4.1423 guidance=13.9765 beta=2.50 train_acc=10.48% test_acc=13.60% best=13.60% lr=0.0004940394 time=13.0s est_300=1h 07m 19s
[LG:T2T-ViT-7][023/300] loss=38.6377 ce=4.0680 guidance=13.8279 beta=2.50 train_acc=11.01% test_acc=14.67% best=14.67% lr=0.00049346078 time=13.1s est_300=1h 07m 15s
[LG:T2T-ViT-7][024/300] loss=37.9522 ce=4.0073 guidance=13.5780 beta=2.50 train_acc=12.74% test_acc=14.83% best=14.83% lr=0.00049285573 time=12.5s est_300=1h 07m 03s
[LG:T2T-ViT-7][025/300] loss=37.3711 ce=3.9714 guidance=13.3599 beta=2.50 train_acc=13.89% test_acc=17.03% best=17.03% lr=0.00049222433 time=13.8s est_300=1h 07m 07s
[LG:T2T-ViT-7][026/300] loss=37.2343 ce=3.9091 guidance=13.3301 beta=2.50 train_acc=14.44% test_acc=19.26% best=19.26% lr=0.00049156664 time=13.0s est_300=1h 07m 02s
[LG:T2T-ViT-7][027/300] loss=36.6745 ce=3.8597 guidance=13.1259 beta=2.50 train_acc=15.59% test_acc=18.85% best=19.26% lr=0.00049088274 time=11.6s est_300=1h 06m 42s
[LG:T2T-ViT-7][028/300] loss=36.1572 ce=3.8080 guidance=12.9397 beta=2.50 train_acc=16.13% test_acc=21.57% best=21.57% lr=0.00049017269 time=12.3s est_300=1h 06m 31s
[LG:T2T-ViT-7][029/300] loss=35.7299 ce=3.7501 guidance=12.7919 beta=2.50 train_acc=17.09% test_acc=20.94% best=21.57% lr=0.00048943658 time=12.6s est_300=1h 06m 24s
[LG:T2T-ViT-7][030/300] loss=35.1644 ce=3.7035 guidance=12.5843 beta=2.50 train_acc=17.90% test_acc=23.49% best=23.49% lr=0.00048867448 time=12.9s est_300=1h 06m 20s
[LG:T2T-ViT-7][031/300] loss=34.5308 ce=3.6380 guidance=12.3571 beta=2.50 train_acc=18.19% test_acc=22.92% best=23.49% lr=0.00048788649 time=13.4s est_300=1h 06m 22s
[LG:T2T-ViT-7][032/300] loss=34.3152 ce=3.6016 guidance=12.2854 beta=2.50 train_acc=19.84% test_acc=23.25% best=23.49% lr=0.00048707268 time=13.1s est_300=1h 06m 21s
[LG:T2T-ViT-7][033/300] loss=33.8008 ce=3.5640 guidance=12.0947 beta=2.50 train_acc=19.96% test_acc=24.28% best=24.28% lr=0.00048623315 time=12.7s est_300=1h 06m 16s
[LG:T2T-ViT-7][034/300] loss=33.6303 ce=3.5209 guidance=12.0437 beta=2.50 train_acc=20.91% test_acc=25.77% best=25.77% lr=0.00048536799 time=13.4s est_300=1h 06m 17s
[LG:T2T-ViT-7][035/300] loss=33.3654 ce=3.4962 guidance=11.9477 beta=2.50 train_acc=21.25% test_acc=26.56% best=26.56% lr=0.00048447729 time=13.7s est_300=1h 06m 21s
[LG:T2T-ViT-7][036/300] loss=32.8661 ce=3.4407 guidance=11.7702 beta=2.50 train_acc=22.38% test_acc=26.25% best=26.56% lr=0.00048356116 time=13.5s est_300=1h 06m 23s
[LG:T2T-ViT-7][037/300] loss=32.7110 ce=3.3962 guidance=11.7259 beta=2.50 train_acc=23.49% test_acc=27.74% best=27.74% lr=0.00048261968 time=13.5s est_300=1h 06m 25s
[LG:T2T-ViT-7][038/300] loss=32.5568 ce=3.3797 guidance=11.6708 beta=2.50 train_acc=23.13% test_acc=28.03% best=28.03% lr=0.00048165297 time=12.9s est_300=1h 06m 22s
[LG:T2T-ViT-7][039/300] loss=32.1371 ce=3.3235 guidance=11.5255 beta=2.50 train_acc=24.39% test_acc=29.17% best=29.17% lr=0.00048066113 time=12.3s est_300=1h 06m 14s
[LG:T2T-ViT-7][040/300] loss=32.0452 ce=3.3216 guidance=11.4895 beta=2.50 train_acc=24.66% test_acc=30.10% best=30.10% lr=0.00047964427 time=12.4s est_300=1h 06m 08s
[LG:T2T-ViT-7][041/300] loss=31.7030 ce=3.2702 guidance=11.3731 beta=2.50 train_acc=25.51% test_acc=28.86% best=30.10% lr=0.0004786025 time=12.2s est_300=1h 06m 00s
[LG:T2T-ViT-7][042/300] loss=31.4196 ce=3.2468 guidance=11.2691 beta=2.50 train_acc=25.19% test_acc=29.98% best=30.10% lr=0.00047753594 time=13.5s est_300=1h 06m 02s
[LG:T2T-ViT-7][043/300] loss=31.3389 ce=3.2005 guidance=11.2553 beta=2.50 train_acc=26.55% test_acc=30.86% best=30.86% lr=0.0004764447 time=12.9s est_300=1h 06m 00s
[LG:T2T-ViT-7][044/300] loss=30.9664 ce=3.2101 guidance=11.1025 beta=2.50 train_acc=25.92% test_acc=31.86% best=31.86% lr=0.0004753289 time=12.0s est_300=1h 05m 52s
[LG:T2T-ViT-7][045/300] loss=30.9482 ce=3.1494 guidance=11.1195 beta=2.50 train_acc=27.62% test_acc=32.48% best=32.48% lr=0.00047418866 time=13.8s est_300=1h 05m 56s
[LG:T2T-ViT-7][046/300] loss=30.5054 ce=3.1187 guidance=10.9547 beta=2.50 train_acc=27.80% test_acc=32.76% best=32.76% lr=0.00047302411 time=12.4s est_300=1h 05m 51s
[LG:T2T-ViT-7][047/300] loss=30.5204 ce=3.0907 guidance=10.9719 beta=2.50 train_acc=28.96% test_acc=32.50% best=32.76% lr=0.00047183539 time=13.1s est_300=1h 05m 50s
[LG:T2T-ViT-7][048/300] loss=30.2755 ce=3.1024 guidance=10.8692 beta=2.50 train_acc=28.48% test_acc=32.67% best=32.76% lr=0.0004706226 time=12.8s est_300=1h 05m 48s
[LG:T2T-ViT-7][049/300] loss=30.5809 ce=3.0390 guidance=11.0167 beta=2.50 train_acc=30.26% test_acc=32.53% best=32.76% lr=0.0004693859 time=13.3s est_300=1h 05m 49s
[LG:T2T-ViT-7][050/300] loss=30.2054 ce=3.0148 guidance=10.8763 beta=2.50 train_acc=29.99% test_acc=34.52% best=34.52% lr=0.00046812542 time=12.7s est_300=1h 05m 46s
[LG:T2T-ViT-7][051/300] loss=29.7408 ce=2.9771 guidance=10.7055 beta=2.50 train_acc=30.94% test_acc=34.05% best=34.52% lr=0.00046684129 time=11.4s est_300=1h 05m 36s
[LG:T2T-ViT-7][052/300] loss=29.6214 ce=2.9415 guidance=10.6720 beta=2.50 train_acc=31.73% test_acc=35.38% best=35.38% lr=0.00046553365 time=10.8s est_300=1h 05m 23s
[LG:T2T-ViT-7][053/300] loss=29.5856 ce=2.9271 guidance=10.6634 beta=2.50 train_acc=32.52% test_acc=35.38% best=35.38% lr=0.00046420265 time=11.7s est_300=1h 05m 15s
[LG:T2T-ViT-7][054/300] loss=29.4966 ce=2.8856 guidance=10.6444 beta=2.50 train_acc=33.29% test_acc=34.88% best=35.38% lr=0.00046284844 time=13.4s est_300=1h 05m 17s
[LG:T2T-ViT-7][055/300] loss=29.2385 ce=2.9160 guidance=10.5290 beta=2.50 train_acc=32.42% test_acc=36.05% best=36.05% lr=0.00046147116 time=13.0s est_300=1h 05m 17s
[LG:T2T-ViT-7][056/300] loss=29.1696 ce=2.8827 guidance=10.5147 beta=2.50 train_acc=32.66% test_acc=37.19% best=37.19% lr=0.00046007097 time=13.7s est_300=1h 05m 20s
[LG:T2T-ViT-7][057/300] loss=29.0652 ce=2.8319 guidance=10.4933 beta=2.50 train_acc=34.87% test_acc=36.14% best=37.19% lr=0.00045864801 time=12.7s est_300=1h 05m 18s
[LG:T2T-ViT-7][058/300] loss=29.0959 ce=2.8164 guidance=10.5118 beta=2.50 train_acc=34.22% test_acc=37.42% best=37.42% lr=0.00045720244 time=13.2s est_300=1h 05m 19s
[LG:T2T-ViT-7][059/300] loss=28.7249 ce=2.7346 guidance=10.3961 beta=2.50 train_acc=35.51% test_acc=37.30% best=37.42% lr=0.00045573443 time=11.6s est_300=1h 05m 12s
[LG:T2T-ViT-7][060/300] loss=28.7190 ce=2.7934 guidance=10.3702 beta=2.50 train_acc=35.36% test_acc=36.45% best=37.42% lr=0.00045424413 time=11.3s est_300=1h 05m 03s
[LG:T2T-ViT-7][061/300] loss=28.5308 ce=2.7496 guidance=10.3125 beta=2.50 train_acc=35.46% test_acc=37.85% best=37.85% lr=0.00045273171 time=14.2s est_300=1h 05m 09s
[LG:T2T-ViT-7][062/300] loss=28.4375 ce=2.7374 guidance=10.2800 beta=2.50 train_acc=35.89% test_acc=38.19% best=38.19% lr=0.00045119733 time=12.0s est_300=1h 05m 04s
[LG:T2T-ViT-7][063/300] loss=28.3528 ce=2.7237 guidance=10.2516 beta=2.50 train_acc=35.94% test_acc=36.92% best=38.19% lr=0.00044964115 time=11.8s est_300=1h 04m 59s
[LG:T2T-ViT-7][064/300] loss=28.4291 ce=2.7272 guidance=10.2808 beta=2.50 train_acc=37.13% test_acc=38.44% best=38.44% lr=0.00044806337 time=11.5s est_300=1h 04m 52s
[LG:T2T-ViT-7][065/300] loss=28.1562 ce=2.7066 guidance=10.1798 beta=2.50 train_acc=36.77% test_acc=38.25% best=38.44% lr=0.00044646413 time=11.5s est_300=1h 04m 45s
[LG:T2T-ViT-7][066/300] loss=27.9604 ce=2.6334 guidance=10.1308 beta=2.50 train_acc=37.35% test_acc=38.95% best=38.95% lr=0.00044484363 time=11.4s est_300=1h 04m 38s
[LG:T2T-ViT-7][067/300] loss=28.1274 ce=2.6352 guidance=10.1969 beta=2.50 train_acc=37.42% test_acc=37.44% best=38.95% lr=0.00044320203 time=12.6s est_300=1h 04m 37s
[LG:T2T-ViT-7][068/300] loss=27.8489 ce=2.6246 guidance=10.0897 beta=2.50 train_acc=38.40% test_acc=38.89% best=38.95% lr=0.00044153952 time=13.7s est_300=1h 04m 40s
[LG:T2T-ViT-7][069/300] loss=27.8355 ce=2.6466 guidance=10.0756 beta=2.50 train_acc=37.87% test_acc=39.09% best=39.09% lr=0.00043985628 time=13.4s est_300=1h 04m 42s
[LG:T2T-ViT-7][070/300] loss=27.6458 ce=2.5952 guidance=10.0202 beta=2.50 train_acc=38.96% test_acc=40.97% best=40.97% lr=0.00043815249 time=12.3s est_300=1h 04m 39s
[LG:T2T-ViT-7][071/300] loss=27.5235 ce=2.5977 guidance=9.9703 beta=2.50 train_acc=38.43% test_acc=39.66% best=40.97% lr=0.00043642834 time=12.0s est_300=1h 04m 35s
[LG:T2T-ViT-7][072/300] loss=27.4931 ce=2.5680 guidance=9.9700 beta=2.50 train_acc=39.23% test_acc=40.14% best=40.97% lr=0.00043468403 time=12.1s est_300=1h 04m 32s
[LG:T2T-ViT-7][073/300] loss=27.3225 ce=2.5018 guidance=9.9283 beta=2.50 train_acc=40.05% test_acc=39.30% best=40.97% lr=0.00043291974 time=12.7s est_300=1h 04m 31s
[LG:T2T-ViT-7][074/300] loss=27.2434 ce=2.4983 guidance=9.8980 beta=2.50 train_acc=40.79% test_acc=40.78% best=40.97% lr=0.00043113566 time=11.8s est_300=1h 04m 27s
[LG:T2T-ViT-7][075/300] loss=27.3629 ce=2.4921 guidance=9.9483 beta=2.50 train_acc=41.32% test_acc=39.99% best=40.97% lr=0.00042933199 time=11.2s est_300=1h 04m 20s
[LG:T2T-ViT-7][076/300] loss=27.1883 ce=2.4490 guidance=9.8957 beta=2.50 train_acc=41.92% test_acc=40.11% best=40.97% lr=0.00042750893 time=13.2s est_300=1h 04m 21s
[LG:T2T-ViT-7][077/300] loss=27.1225 ce=2.4858 guidance=9.8547 beta=2.50 train_acc=41.17% test_acc=39.89% best=40.97% lr=0.00042566668 time=11.1s est_300=1h 04m 14s
[LG:T2T-ViT-7][078/300] loss=27.0317 ce=2.4900 guidance=9.8167 beta=2.50 train_acc=41.42% test_acc=40.47% best=40.97% lr=0.00042380544 time=11.6s est_300=1h 04m 09s
[LG:T2T-ViT-7][079/300] loss=26.9160 ce=2.5069 guidance=9.7636 beta=2.50 train_acc=40.76% test_acc=40.58% best=40.97% lr=0.00042192541 time=10.8s est_300=1h 04m 02s
[LG:T2T-ViT-7][080/300] loss=27.0167 ce=2.4331 guidance=9.8334 beta=2.50 train_acc=42.78% test_acc=41.18% best=41.18% lr=0.0004200268 time=12.6s est_300=1h 04m 01s
[LG:T2T-ViT-7][081/300] loss=26.9347 ce=2.4326 guidance=9.8008 beta=2.50 train_acc=42.85% test_acc=40.35% best=41.18% lr=0.00041810983 time=13.0s est_300=1h 04m 01s
[LG:T2T-ViT-7][082/300] loss=26.9208 ce=2.4393 guidance=9.7926 beta=2.50 train_acc=42.15% test_acc=40.44% best=41.18% lr=0.00041617469 time=11.6s est_300=1h 03m 57s
[LG:T2T-ViT-7][083/300] loss=26.6798 ce=2.4297 guidance=9.7000 beta=2.50 train_acc=42.37% test_acc=40.71% best=41.18% lr=0.0004142216 time=11.8s est_300=1h 03m 53s
[LG:T2T-ViT-7][084/300] loss=26.5646 ce=2.4111 guidance=9.6614 beta=2.50 train_acc=43.44% test_acc=40.66% best=41.18% lr=0.00041225078 time=13.0s est_300=1h 03m 54s
[LG:T2T-ViT-7][085/300] loss=26.5235 ce=2.4125 guidance=9.6444 beta=2.50 train_acc=43.43% test_acc=41.58% best=41.58% lr=0.00041026244 time=12.0s est_300=1h 03m 52s
[LG:T2T-ViT-7][086/300] loss=26.6074 ce=2.3647 guidance=9.6971 beta=2.50 train_acc=43.19% test_acc=40.73% best=41.58% lr=0.0004082568 time=13.7s est_300=1h 03m 55s
[LG:T2T-ViT-7][087/300] loss=26.5116 ce=2.3460 guidance=9.6662 beta=2.50 train_acc=43.89% test_acc=42.47% best=42.47% lr=0.00040623408 time=12.2s est_300=1h 03m 53s
[LG:T2T-ViT-7][088/300] loss=26.4595 ce=2.2957 guidance=9.6655 beta=2.50 train_acc=45.40% test_acc=41.80% best=42.47% lr=0.0004041945 time=14.0s est_300=1h 03m 57s
[LG:T2T-ViT-7][089/300] loss=26.4011 ce=2.3056 guidance=9.6382 beta=2.50 train_acc=44.99% test_acc=41.73% best=42.47% lr=0.00040213828 time=12.8s est_300=1h 03m 58s
[LG:T2T-ViT-7][090/300] loss=26.2918 ce=2.3073 guidance=9.5938 beta=2.50 train_acc=45.14% test_acc=41.58% best=42.47% lr=0.00040006566 time=12.0s est_300=1h 03m 55s
[LG:T2T-ViT-7][091/300] loss=26.2323 ce=2.2994 guidance=9.5731 beta=2.50 train_acc=45.30% test_acc=41.54% best=42.47% lr=0.00039797685 time=12.5s est_300=1h 03m 54s
[LG:T2T-ViT-7][092/300] loss=26.1321 ce=2.2795 guidance=9.5410 beta=2.50 train_acc=45.79% test_acc=41.40% best=42.47% lr=0.00039587209 time=13.4s est_300=1h 03m 56s
[LG:T2T-ViT-7][093/300] loss=26.1710 ce=2.2317 guidance=9.5757 beta=2.50 train_acc=46.59% test_acc=41.63% best=42.47% lr=0.00039375161 time=12.8s est_300=1h 03m 56s
[LG:T2T-ViT-7][094/300] loss=26.0537 ce=2.2313 guidance=9.5290 beta=2.50 train_acc=45.89% test_acc=43.04% best=43.04% lr=0.00039161564 time=11.9s est_300=1h 03m 53s
[LG:T2T-ViT-7][095/300] loss=26.0848 ce=2.2555 guidance=9.5317 beta=2.50 train_acc=46.60% test_acc=41.58% best=43.04% lr=0.00038946441 time=11.6s est_300=1h 03m 49s
[LG:T2T-ViT-7][096/300] loss=25.9126 ce=2.2003 guidance=9.4849 beta=2.50 train_acc=47.88% test_acc=42.63% best=43.04% lr=0.00038729816 time=11.7s est_300=1h 03m 46s
[LG:T2T-ViT-7][097/300] loss=25.9499 ce=2.1645 guidance=9.5142 beta=2.50 train_acc=48.22% test_acc=42.34% best=43.04% lr=0.00038511713 time=11.6s est_300=1h 03m 43s
[LG:T2T-ViT-7][098/300] loss=25.9297 ce=2.2022 guidance=9.4910 beta=2.50 train_acc=47.40% test_acc=43.03% best=43.04% lr=0.00038292156 time=11.6s est_300=1h 03m 39s
[LG:T2T-ViT-7][099/300] loss=25.8565 ce=2.2026 guidance=9.4616 beta=2.50 train_acc=47.71% test_acc=42.49% best=43.04% lr=0.00038071168 time=11.9s est_300=1h 03m 36s
[LG:T2T-ViT-7][100/300] loss=25.8025 ce=2.1832 guidance=9.4477 beta=2.50 train_acc=48.05% test_acc=42.22% best=43.04% lr=0.00037848775 time=10.7s est_300=1h 03m 30s
[LG:T2T-ViT-7][101/300] loss=25.7244 ce=2.1484 guidance=9.4304 beta=2.50 train_acc=48.71% test_acc=41.96% best=43.04% lr=0.00037625 time=10.9s est_300=1h 03m 25s
[LG:T2T-ViT-7][102/300] loss=25.4913 ce=2.1839 guidance=9.3230 beta=2.50 train_acc=47.69% test_acc=42.04% best=43.04% lr=0.00037399868 time=11.7s est_300=1h 03m 22s
[LG:T2T-ViT-7][103/300] loss=25.6057 ce=2.1742 guidance=9.3726 beta=2.50 train_acc=48.56% test_acc=42.73% best=43.04% lr=0.00037173403 time=10.7s est_300=1h 03m 16s
[LG:T2T-ViT-7][104/300] loss=25.5462 ce=2.1255 guidance=9.3683 beta=2.50 train_acc=49.20% test_acc=42.01% best=43.04% lr=0.00036945631 time=10.8s est_300=1h 03m 11s
[LG:T2T-ViT-7][105/300] loss=25.6171 ce=2.1267 guidance=9.3962 beta=2.50 train_acc=49.56% test_acc=43.58% best=43.58% lr=0.00036716577 time=10.7s est_300=1h 03m 05s
[LG:T2T-ViT-7][106/300] loss=25.5102 ce=2.1259 guidance=9.3537 beta=2.50 train_acc=49.76% test_acc=43.10% best=43.58% lr=0.00036486265 time=11.7s est_300=1h 03m 03s
[LG:T2T-ViT-7][107/300] loss=25.4174 ce=2.0991 guidance=9.3273 beta=2.50 train_acc=49.22% test_acc=42.47% best=43.58% lr=0.00036254721 time=12.5s est_300=1h 03m 03s
[LG:T2T-ViT-7][108/300] loss=25.4837 ce=2.1252 guidance=9.3434 beta=2.50 train_acc=50.32% test_acc=42.68% best=43.58% lr=0.0003602197 time=10.8s est_300=1h 02m 58s
[LG:T2T-ViT-7][109/300] loss=25.3500 ce=2.1139 guidance=9.2944 beta=2.50 train_acc=50.54% test_acc=43.13% best=43.58% lr=0.00035788037 time=11.2s est_300=1h 02m 54s
[LG:T2T-ViT-7][110/300] loss=25.2775 ce=2.1021 guidance=9.2702 beta=2.50 train_acc=50.49% test_acc=43.08% best=43.58% lr=0.0003555295 time=11.8s est_300=1h 02m 52s
[LG:T2T-ViT-7][111/300] loss=25.2982 ce=2.0602 guidance=9.2952 beta=2.50 train_acc=51.15% test_acc=43.48% best=43.58% lr=0.00035316732 time=11.7s est_300=1h 02m 49s
[LG:T2T-ViT-7][112/300] loss=25.2315 ce=2.0626 guidance=9.2676 beta=2.50 train_acc=50.97% test_acc=42.72% best=43.58% lr=0.0003507941 time=11.8s est_300=1h 02m 47s
[LG:T2T-ViT-7][113/300] loss=24.9815 ce=2.0892 guidance=9.1569 beta=2.50 train_acc=50.17% test_acc=43.79% best=43.79% lr=0.00034841011 time=10.8s est_300=1h 02m 43s
[LG:T2T-ViT-7][114/300] loss=25.1771 ce=2.0701 guidance=9.2428 beta=2.50 train_acc=50.82% test_acc=44.41% best=44.41% lr=0.00034601559 time=10.8s est_300=1h 02m 38s
[LG:T2T-ViT-7][115/300] loss=25.0350 ce=2.0037 guidance=9.2125 beta=2.50 train_acc=52.72% test_acc=43.13% best=44.41% lr=0.00034361083 time=11.5s est_300=1h 02m 35s
[LG:T2T-ViT-7][116/300] loss=25.0019 ce=2.0485 guidance=9.1813 beta=2.50 train_acc=51.51% test_acc=43.87% best=44.41% lr=0.00034119607 time=13.5s est_300=1h 02m 38s
[LG:T2T-ViT-7][117/300] loss=24.9024 ce=2.0479 guidance=9.1418 beta=2.50 train_acc=51.24% test_acc=43.84% best=44.41% lr=0.00033877158 time=11.8s est_300=1h 02m 36s
[LG:T2T-ViT-7][118/300] loss=24.9812 ce=2.0357 guidance=9.1782 beta=2.50 train_acc=52.02% test_acc=44.86% best=44.86% lr=0.00033633764 time=13.9s est_300=1h 02m 39s
[LG:T2T-ViT-7][119/300] loss=24.9195 ce=2.0156 guidance=9.1616 beta=2.50 train_acc=51.21% test_acc=42.79% best=44.86% lr=0.0003338945 time=13.3s est_300=1h 02m 41s
[LG:T2T-ViT-7][120/300] loss=24.9325 ce=1.9842 guidance=9.1793 beta=2.50 train_acc=52.85% test_acc=44.10% best=44.86% lr=0.00033144243 time=10.8s est_300=1h 02m 37s
[LG:T2T-ViT-7][121/300] loss=24.7760 ce=1.9928 guidance=9.1133 beta=2.50 train_acc=52.09% test_acc=44.24% best=44.86% lr=0.00032898171 time=10.9s est_300=1h 02m 33s
[LG:T2T-ViT-7][122/300] loss=25.2293 ce=2.0068 guidance=9.2890 beta=2.50 train_acc=52.62% test_acc=43.96% best=44.86% lr=0.0003265126 time=11.5s est_300=1h 02m 30s
[LG:T2T-ViT-7][123/300] loss=24.7565 ce=1.9609 guidance=9.1182 beta=2.50 train_acc=53.14% test_acc=44.53% best=44.86% lr=0.00032403537 time=11.6s est_300=1h 02m 28s
[LG:T2T-ViT-7][124/300] loss=24.6762 ce=1.9380 guidance=9.0953 beta=2.50 train_acc=54.08% test_acc=44.68% best=44.86% lr=0.0003215503 time=10.8s est_300=1h 02m 24s
[LG:T2T-ViT-7][125/300] loss=24.6827 ce=1.9795 guidance=9.0813 beta=2.50 train_acc=53.19% test_acc=43.11% best=44.86% lr=0.00031905766 time=12.4s est_300=1h 02m 24s
[LG:T2T-ViT-7][126/300] loss=24.7208 ce=1.9544 guidance=9.1066 beta=2.50 train_acc=53.58% test_acc=43.46% best=44.86% lr=0.00031655771 time=12.7s est_300=1h 02m 24s
[LG:T2T-ViT-7][127/300] loss=24.6600 ce=1.9017 guidance=9.1034 beta=2.50 train_acc=53.99% test_acc=43.49% best=44.86% lr=0.00031405075 time=12.7s est_300=1h 02m 25s
[LG:T2T-ViT-7][128/300] loss=24.5182 ce=1.9041 guidance=9.0456 beta=2.50 train_acc=55.08% test_acc=44.49% best=44.86% lr=0.00031153703 time=12.3s est_300=1h 02m 24s
[LG:T2T-ViT-7][129/300] loss=24.6786 ce=1.8667 guidance=9.1248 beta=2.50 train_acc=56.03% test_acc=43.32% best=44.86% lr=0.00030901684 time=12.9s est_300=1h 02m 25s
[LG:T2T-ViT-7][130/300] loss=24.5860 ce=1.9393 guidance=9.0587 beta=2.50 train_acc=53.41% test_acc=44.25% best=44.86% lr=0.00030649045 time=13.4s est_300=1h 02m 27s
[LG:T2T-ViT-7][131/300] loss=24.6259 ce=1.9003 guidance=9.0902 beta=2.50 train_acc=55.01% test_acc=43.68% best=44.86% lr=0.00030395814 time=13.6s est_300=1h 02m 30s
[LG:T2T-ViT-7][132/300] loss=24.5086 ce=1.9019 guidance=9.0427 beta=2.50 train_acc=54.43% test_acc=43.48% best=44.86% lr=0.00030142019 time=13.1s est_300=1h 02m 31s
[LG:T2T-ViT-7][133/300] loss=24.3761 ce=1.8890 guidance=8.9949 beta=2.50 train_acc=55.13% test_acc=44.20% best=44.86% lr=0.00029887688 time=13.3s est_300=1h 02m 33s
[LG:T2T-ViT-7][134/300] loss=24.3648 ce=1.8598 guidance=9.0020 beta=2.50 train_acc=55.72% test_acc=44.34% best=44.86% lr=0.00029632847 time=14.0s est_300=1h 02m 36s
[LG:T2T-ViT-7][135/300] loss=24.4934 ce=1.8556 guidance=9.0551 beta=2.50 train_acc=56.47% test_acc=44.11% best=44.86% lr=0.00029377526 time=13.0s est_300=1h 02m 38s
[LG:T2T-ViT-7][136/300] loss=24.3283 ce=1.8529 guidance=8.9902 beta=2.50 train_acc=55.88% test_acc=44.51% best=44.86% lr=0.00029121753 time=12.8s est_300=1h 02m 38s
[LG:T2T-ViT-7][137/300] loss=24.2537 ce=1.9150 guidance=8.9355 beta=2.50 train_acc=54.70% test_acc=43.60% best=44.86% lr=0.00028865555 time=12.6s est_300=1h 02m 38s
[LG:T2T-ViT-7][138/300] loss=24.2343 ce=1.8521 guidance=8.9529 beta=2.50 train_acc=55.89% test_acc=44.43% best=44.86% lr=0.0002860896 time=12.5s est_300=1h 02m 38s
[LG:T2T-ViT-7][139/300] loss=24.2539 ce=1.8202 guidance=8.9735 beta=2.50 train_acc=56.73% test_acc=45.18% best=45.18% lr=0.00028351998 time=12.4s est_300=1h 02m 38s
[LG:T2T-ViT-7][140/300] loss=24.1449 ce=1.8488 guidance=8.9185 beta=2.50 train_acc=55.96% test_acc=44.27% best=45.18% lr=0.00028094694 time=11.7s est_300=1h 02m 36s
[LG:T2T-ViT-7][141/300] loss=24.1703 ce=1.7909 guidance=8.9517 beta=2.50 train_acc=56.71% test_acc=44.56% best=45.18% lr=0.00027837079 time=12.0s est_300=1h 02m 35s
[LG:T2T-ViT-7][142/300] loss=24.1635 ce=1.8127 guidance=8.9403 beta=2.50 train_acc=57.08% test_acc=45.56% best=45.56% lr=0.00027579181 time=13.2s est_300=1h 02m 36s
[LG:T2T-ViT-7][143/300] loss=24.1163 ce=1.7850 guidance=8.9325 beta=2.50 train_acc=56.76% test_acc=45.48% best=45.56% lr=0.00027321027 time=10.8s est_300=1h 02m 33s
[LG:T2T-ViT-7][144/300] loss=24.1454 ce=1.7940 guidance=8.9406 beta=2.50 train_acc=56.91% test_acc=43.18% best=45.56% lr=0.00027062645 time=12.1s est_300=1h 02m 32s
[LG:T2T-ViT-7][145/300] loss=24.1902 ce=1.8184 guidance=8.9487 beta=2.50 train_acc=56.95% test_acc=44.08% best=45.56% lr=0.00026804065 time=12.0s est_300=1h 02m 31s
[LG:T2T-ViT-7][146/300] loss=24.0195 ce=1.8052 guidance=8.8857 beta=2.50 train_acc=57.29% test_acc=43.63% best=45.56% lr=0.00026545315 time=12.0s est_300=1h 02m 30s
[LG:T2T-ViT-7][147/300] loss=24.0989 ce=1.7549 guidance=8.9376 beta=2.50 train_acc=58.08% test_acc=44.68% best=45.56% lr=0.00026286422 time=11.8s est_300=1h 02m 29s
[LG:T2T-ViT-7][148/300] loss=24.0081 ce=1.7923 guidance=8.8863 beta=2.50 train_acc=56.66% test_acc=44.34% best=45.56% lr=0.00026027416 time=12.9s est_300=1h 02m 29s
[LG:T2T-ViT-7][149/300] loss=23.9958 ce=1.7669 guidance=8.8916 beta=2.50 train_acc=58.08% test_acc=43.89% best=45.56% lr=0.00025768325 time=13.0s est_300=1h 02m 30s
[LG:T2T-ViT-7][150/300] loss=23.9663 ce=1.7265 guidance=8.8959 beta=2.50 train_acc=58.22% test_acc=44.51% best=45.56% lr=0.00025509177 time=12.7s est_300=1h 02m 31s
[LG:T2T-ViT-7][151/300] loss=23.8559 ce=1.7686 guidance=8.8349 beta=2.50 train_acc=57.59% test_acc=44.87% best=45.56% lr=0.0002525 time=11.8s est_300=1h 02m 29s
[LG:T2T-ViT-7][152/300] loss=23.9160 ce=1.7064 guidance=8.8838 beta=2.50 train_acc=58.29% test_acc=44.32% best=45.56% lr=0.00024990823 time=13.2s est_300=1h 02m 31s
[LG:T2T-ViT-7][153/300] loss=23.7534 ce=1.7902 guidance=8.7853 beta=2.50 train_acc=57.59% test_acc=44.58% best=45.56% lr=0.00024731675 time=12.1s est_300=1h 02m 30s
[LG:T2T-ViT-7][154/300] loss=23.8317 ce=1.7274 guidance=8.8417 beta=2.50 train_acc=58.42% test_acc=43.99% best=45.56% lr=0.00024472584 time=11.7s est_300=1h 02m 28s
[LG:T2T-ViT-7][155/300] loss=24.0119 ce=1.7102 guidance=8.9207 beta=2.50 train_acc=59.10% test_acc=45.27% best=45.56% lr=0.00024213578 time=12.4s est_300=1h 02m 28s
[LG:T2T-ViT-7][156/300] loss=23.7326 ce=1.7391 guidance=8.7974 beta=2.50 train_acc=58.47% test_acc=44.84% best=45.56% lr=0.00023954685 time=13.5s est_300=1h 02m 30s
[LG:T2T-ViT-7][157/300] loss=23.7136 ce=1.6971 guidance=8.8066 beta=2.50 train_acc=59.48% test_acc=44.86% best=45.56% lr=0.00023695935 time=12.4s est_300=1h 02m 30s
[LG:T2T-ViT-7][158/300] loss=23.8644 ce=1.7391 guidance=8.8501 beta=2.50 train_acc=58.53% test_acc=44.77% best=45.56% lr=0.00023437355 time=12.2s est_300=1h 02m 29s
[LG:T2T-ViT-7][159/300] loss=23.8323 ce=1.6910 guidance=8.8565 beta=2.50 train_acc=59.31% test_acc=45.32% best=45.56% lr=0.00023178973 time=13.1s est_300=1h 02m 30s
[LG:T2T-ViT-7][160/300] loss=23.7620 ce=1.6991 guidance=8.8251 beta=2.50 train_acc=59.21% test_acc=44.18% best=45.56% lr=0.00022920819 time=13.1s est_300=1h 02m 32s
[LG:T2T-ViT-7][161/300] loss=23.7605 ce=1.6918 guidance=8.8275 beta=2.50 train_acc=59.92% test_acc=44.74% best=45.56% lr=0.00022662921 time=13.5s est_300=1h 02m 33s
[LG:T2T-ViT-7][162/300] loss=23.6727 ce=1.7213 guidance=8.7806 beta=2.50 train_acc=59.19% test_acc=44.60% best=45.56% lr=0.00022405306 time=12.9s est_300=1h 02m 34s
[LG:T2T-ViT-7][163/300] loss=23.6578 ce=1.6881 guidance=8.7879 beta=2.50 train_acc=60.05% test_acc=44.96% best=45.56% lr=0.00022148002 time=12.8s est_300=1h 02m 35s
[LG:T2T-ViT-7][164/300] loss=23.7759 ce=1.6716 guidance=8.8417 beta=2.50 train_acc=60.85% test_acc=44.30% best=45.56% lr=0.0002189104 time=13.6s est_300=1h 02m 37s
[LG:T2T-ViT-7][165/300] loss=23.7154 ce=1.6745 guidance=8.8164 beta=2.50 train_acc=59.68% test_acc=44.75% best=45.56% lr=0.00021634445 time=12.3s est_300=1h 02m 36s
[LG:T2T-ViT-7][166/300] loss=23.5317 ce=1.6747 guidance=8.7428 beta=2.50 train_acc=60.58% test_acc=44.79% best=45.56% lr=0.00021378247 time=12.7s est_300=1h 02m 37s
[LG:T2T-ViT-7][167/300] loss=23.4937 ce=1.6656 guidance=8.7313 beta=2.50 train_acc=60.85% test_acc=44.86% best=45.56% lr=0.00021122474 time=12.9s est_300=1h 02m 37s
[LG:T2T-ViT-7][168/300] loss=23.3670 ce=1.6784 guidance=8.6754 beta=2.50 train_acc=60.65% test_acc=44.96% best=45.56% lr=0.00020867153 time=12.2s est_300=1h 02m 37s
[LG:T2T-ViT-7][169/300] loss=23.6198 ce=1.6158 guidance=8.8016 beta=2.50 train_acc=61.77% test_acc=45.46% best=45.56% lr=0.00020612312 time=13.0s est_300=1h 02m 38s
[LG:T2T-ViT-7][170/300] loss=23.5197 ce=1.7008 guidance=8.7276 beta=2.50 train_acc=59.61% test_acc=44.53% best=45.56% lr=0.00020357981 time=13.4s est_300=1h 02m 39s
[LG:T2T-ViT-7][171/300] loss=23.5061 ce=1.6755 guidance=8.7322 beta=2.50 train_acc=60.24% test_acc=44.74% best=45.56% lr=0.00020104186 time=13.1s est_300=1h 02m 40s
[LG:T2T-ViT-7][172/300] loss=23.3190 ce=1.6389 guidance=8.6720 beta=2.50 train_acc=61.43% test_acc=44.65% best=45.56% lr=0.00019850955 time=12.1s est_300=1h 02m 39s
[LG:T2T-ViT-7][173/300] loss=23.3631 ce=1.6157 guidance=8.6990 beta=2.50 train_acc=60.80% test_acc=44.86% best=45.56% lr=0.00019598316 time=13.0s est_300=1h 02m 40s
[LG:T2T-ViT-7][174/300] loss=23.3924 ce=1.6576 guidance=8.6940 beta=2.50 train_acc=60.72% test_acc=43.87% best=45.56% lr=0.00019346297 time=11.7s est_300=1h 02m 39s
[LG:T2T-ViT-7][175/300] loss=23.4954 ce=1.5707 guidance=8.7699 beta=2.50 train_acc=62.57% test_acc=44.70% best=45.56% lr=0.00019094925 time=11.1s est_300=1h 02m 36s
[LG:T2T-ViT-7][176/300] loss=23.3284 ce=1.6043 guidance=8.6896 beta=2.50 train_acc=62.09% test_acc=45.98% best=45.98% lr=0.00018844229 time=12.5s est_300=1h 02m 36s
[LG:T2T-ViT-7][177/300] loss=23.2603 ce=1.5968 guidance=8.6654 beta=2.50 train_acc=61.53% test_acc=44.94% best=45.98% lr=0.00018594234 time=12.6s est_300=1h 02m 36s
[LG:T2T-ViT-7][178/300] loss=23.2389 ce=1.5959 guidance=8.6572 beta=2.50 train_acc=62.35% test_acc=44.94% best=45.98% lr=0.0001834497 time=12.2s est_300=1h 02m 36s
[LG:T2T-ViT-7][179/300] loss=23.2251 ce=1.5887 guidance=8.6545 beta=2.50 train_acc=61.96% test_acc=44.30% best=45.98% lr=0.00018096463 time=11.5s est_300=1h 02m 34s
[LG:T2T-ViT-7][180/300] loss=23.2148 ce=1.5746 guidance=8.6561 beta=2.50 train_acc=62.87% test_acc=44.77% best=45.98% lr=0.0001784874 time=11.7s est_300=1h 02m 33s
[LG:T2T-ViT-7][181/300] loss=23.2913 ce=1.6158 guidance=8.6702 beta=2.50 train_acc=62.13% test_acc=45.48% best=45.98% lr=0.00017601829 time=12.2s est_300=1h 02m 32s
[LG:T2T-ViT-7][182/300] loss=23.2685 ce=1.5787 guidance=8.6759 beta=2.50 train_acc=62.53% test_acc=45.56% best=45.98% lr=0.00017355757 time=12.6s est_300=1h 02m 32s
[LG:T2T-ViT-7][183/300] loss=23.0948 ce=1.5794 guidance=8.6062 beta=2.50 train_acc=63.04% test_acc=44.77% best=45.98% lr=0.0001711055 time=12.4s est_300=1h 02m 32s
[LG:T2T-ViT-7][184/300] loss=23.2745 ce=1.5875 guidance=8.6748 beta=2.50 train_acc=63.04% test_acc=44.99% best=45.98% lr=0.00016866236 time=11.6s est_300=1h 02m 31s
[LG:T2T-ViT-7][185/300] loss=23.2252 ce=1.5638 guidance=8.6646 beta=2.50 train_acc=62.33% test_acc=44.79% best=45.98% lr=0.00016622842 time=12.9s est_300=1h 02m 31s
[LG:T2T-ViT-7][186/300] loss=23.2088 ce=1.5933 guidance=8.6462 beta=2.50 train_acc=62.26% test_acc=45.15% best=45.98% lr=0.00016380393 time=13.0s est_300=1h 02m 32s
[LG:T2T-ViT-7][187/300] loss=23.0877 ce=1.5209 guidance=8.6267 beta=2.50 train_acc=62.98% test_acc=44.77% best=45.98% lr=0.00016138917 time=12.5s est_300=1h 02m 32s
[LG:T2T-ViT-7][188/300] loss=23.2291 ce=1.5971 guidance=8.6528 beta=2.50 train_acc=61.72% test_acc=45.69% best=45.98% lr=0.00015898441 time=13.4s est_300=1h 02m 33s
[LG:T2T-ViT-7][189/300] loss=23.1351 ce=1.5331 guidance=8.6408 beta=2.50 train_acc=63.52% test_acc=46.36% best=46.36% lr=0.00015658989 time=12.8s est_300=1h 02m 34s
[LG:T2T-ViT-7][190/300] loss=23.0902 ce=1.5336 guidance=8.6226 beta=2.50 train_acc=63.25% test_acc=45.98% best=46.36% lr=0.0001542059 time=12.6s est_300=1h 02m 34s
[LG:T2T-ViT-7][191/300] loss=22.9495 ce=1.5674 guidance=8.5529 beta=2.50 train_acc=63.03% test_acc=45.34% best=46.36% lr=0.00015183268 time=12.6s est_300=1h 02m 34s
[LG:T2T-ViT-7][192/300] loss=23.0473 ce=1.5025 guidance=8.6179 beta=2.50 train_acc=63.74% test_acc=45.22% best=46.36% lr=0.0001494705 time=13.9s est_300=1h 02m 36s
[LG:T2T-ViT-7][193/300] loss=23.0985 ce=1.5580 guidance=8.6162 beta=2.50 train_acc=62.98% test_acc=45.25% best=46.36% lr=0.00014711963 time=12.8s est_300=1h 02m 37s
[LG:T2T-ViT-7][194/300] loss=22.9574 ce=1.5262 guidance=8.5725 beta=2.50 train_acc=63.86% test_acc=45.58% best=46.36% lr=0.0001447803 time=12.4s est_300=1h 02m 37s
[LG:T2T-ViT-7][195/300] loss=22.9325 ce=1.5378 guidance=8.5579 beta=2.50 train_acc=63.52% test_acc=45.34% best=46.36% lr=0.00014245279 time=11.8s est_300=1h 02m 35s
[LG:T2T-ViT-7][196/300] loss=23.1948 ce=1.5218 guidance=8.6692 beta=2.50 train_acc=64.18% test_acc=46.48% best=46.48% lr=0.00014013735 time=11.8s est_300=1h 02m 34s
[LG:T2T-ViT-7][197/300] loss=22.9206 ce=1.5080 guidance=8.5650 beta=2.50 train_acc=64.08% test_acc=45.51% best=46.48% lr=0.00013783423 time=13.0s est_300=1h 02m 35s
[LG:T2T-ViT-7][198/300] loss=22.9855 ce=1.4846 guidance=8.6004 beta=2.50 train_acc=64.32% test_acc=45.36% best=46.48% lr=0.00013554369 time=13.3s est_300=1h 02m 36s
[LG:T2T-ViT-7][199/300] loss=23.0877 ce=1.5216 guidance=8.6265 beta=2.50 train_acc=63.84% test_acc=45.53% best=46.48% lr=0.00013326597 time=12.4s est_300=1h 02m 36s
[LG:T2T-ViT-7][200/300] loss=22.8979 ce=1.4851 guidance=8.5651 beta=2.50 train_acc=65.39% test_acc=46.53% best=46.53% lr=0.00013100132 time=11.7s est_300=1h 02m 35s
[LG:T2T-ViT-7][201/300] loss=22.9255 ce=1.4903 guidance=8.5741 beta=2.50 train_acc=64.95% test_acc=46.32% best=46.53% lr=0.00012875 time=14.1s est_300=1h 02m 37s
[LG:T2T-ViT-7][202/300] loss=22.8115 ce=1.5458 guidance=8.5063 beta=2.50 train_acc=63.45% test_acc=46.27% best=46.53% lr=0.00012651225 time=12.8s est_300=1h 02m 37s
[LG:T2T-ViT-7][203/300] loss=22.9795 ce=1.4964 guidance=8.5932 beta=2.50 train_acc=64.61% test_acc=45.96% best=46.53% lr=0.00012428832 time=13.2s est_300=1h 02m 38s
[LG:T2T-ViT-7][204/300] loss=22.8036 ce=1.4933 guidance=8.5241 beta=2.50 train_acc=64.93% test_acc=45.56% best=46.53% lr=0.00012207844 time=12.3s est_300=1h 02m 38s
[LG:T2T-ViT-7][205/300] loss=22.8455 ce=1.4503 guidance=8.5581 beta=2.50 train_acc=65.79% test_acc=45.60% best=46.53% lr=0.00011988287 time=12.6s est_300=1h 02m 38s
[LG:T2T-ViT-7][206/300] loss=22.8155 ce=1.4991 guidance=8.5266 beta=2.50 train_acc=64.28% test_acc=45.46% best=46.53% lr=0.00011770184 time=11.8s est_300=1h 02m 37s
[LG:T2T-ViT-7][207/300] loss=22.7782 ce=1.4770 guidance=8.5205 beta=2.50 train_acc=64.78% test_acc=44.96% best=46.53% lr=0.00011553559 time=12.8s est_300=1h 02m 38s
[LG:T2T-ViT-7][208/300] loss=22.7450 ce=1.5072 guidance=8.4951 beta=2.50 train_acc=64.83% test_acc=45.20% best=46.53% lr=0.00011338436 time=10.9s est_300=1h 02m 35s
[LG:T2T-ViT-7][209/300] loss=22.9305 ce=1.5363 guidance=8.5577 beta=2.50 train_acc=63.88% test_acc=45.12% best=46.53% lr=0.00011124839 time=11.5s est_300=1h 02m 34s
[LG:T2T-ViT-7][210/300] loss=22.8147 ce=1.4560 guidance=8.5435 beta=2.50 train_acc=66.17% test_acc=46.15% best=46.53% lr=0.00010912791 time=12.4s est_300=1h 02m 34s
[LG:T2T-ViT-7][211/300] loss=22.6585 ce=1.4666 guidance=8.4767 beta=2.50 train_acc=65.05% test_acc=44.79% best=46.53% lr=0.00010702315 time=12.1s est_300=1h 02m 33s
[LG:T2T-ViT-7][212/300] loss=22.8139 ce=1.4126 guidance=8.5605 beta=2.50 train_acc=66.78% test_acc=45.13% best=46.53% lr=0.00010493434 time=12.8s est_300=1h 02m 34s
[LG:T2T-ViT-7][213/300] loss=22.8161 ce=1.4879 guidance=8.5313 beta=2.50 train_acc=65.01% test_acc=45.94% best=46.53% lr=0.00010286172 time=12.4s est_300=1h 02m 34s
[LG:T2T-ViT-7][214/300] loss=22.6557 ce=1.4643 guidance=8.4766 beta=2.50 train_acc=65.61% test_acc=45.77% best=46.53% lr=0.0001008055 time=13.2s est_300=1h 02m 35s
[LG:T2T-ViT-7][215/300] loss=22.6608 ce=1.4648 guidance=8.4784 beta=2.50 train_acc=65.30% test_acc=45.51% best=46.53% lr=9.8765924e-05 time=13.8s est_300=1h 02m 36s
[LG:T2T-ViT-7][216/300] loss=22.5583 ce=1.4282 guidance=8.4520 beta=2.50 train_acc=66.54% test_acc=45.20% best=46.53% lr=9.6743203e-05 time=14.0s est_300=1h 02m 39s
[LG:T2T-ViT-7][217/300] loss=22.7234 ce=1.4581 guidance=8.5061 beta=2.50 train_acc=65.35% test_acc=45.56% best=46.53% lr=9.4737563e-05 time=11.8s est_300=1h 02m 37s
[LG:T2T-ViT-7][218/300] loss=22.7351 ce=1.4391 guidance=8.5184 beta=2.50 train_acc=66.10% test_acc=46.22% best=46.53% lr=9.2749222e-05 time=12.8s est_300=1h 02m 38s
[LG:T2T-ViT-7][219/300] loss=22.6071 ce=1.4438 guidance=8.4653 beta=2.50 train_acc=65.81% test_acc=45.12% best=46.53% lr=9.0778401e-05 time=12.4s est_300=1h 02m 38s
[LG:T2T-ViT-7][220/300] loss=22.5234 ce=1.4487 guidance=8.4299 beta=2.50 train_acc=65.66% test_acc=45.93% best=46.53% lr=8.8825313e-05 time=11.7s est_300=1h 02m 37s
[LG:T2T-ViT-7][221/300] loss=22.6921 ce=1.4224 guidance=8.5079 beta=2.50 train_acc=66.75% test_acc=45.25% best=46.53% lr=8.6890175e-05 time=12.1s est_300=1h 02m 36s
[LG:T2T-ViT-7][222/300] loss=22.6774 ce=1.4122 guidance=8.5061 beta=2.50 train_acc=67.02% test_acc=46.63% best=46.63% lr=8.4973198e-05 time=11.5s est_300=1h 02m 35s
[LG:T2T-ViT-7][223/300] loss=22.5790 ce=1.4224 guidance=8.4627 beta=2.50 train_acc=66.29% test_acc=45.29% best=46.63% lr=8.3074591e-05 time=13.0s est_300=1h 02m 35s
[LG:T2T-ViT-7][224/300] loss=22.5202 ce=1.4154 guidance=8.4419 beta=2.50 train_acc=66.37% test_acc=46.05% best=46.63% lr=8.1194564e-05 time=11.7s est_300=1h 02m 34s
[LG:T2T-ViT-7][225/300] loss=22.6038 ce=1.4257 guidance=8.4712 beta=2.50 train_acc=66.12% test_acc=44.96% best=46.63% lr=7.9333323e-05 time=13.5s est_300=1h 02m 35s
[LG:T2T-ViT-7][226/300] loss=22.5243 ce=1.4333 guidance=8.4364 beta=2.50 train_acc=66.27% test_acc=45.56% best=46.63% lr=7.7491072e-05 time=12.5s est_300=1h 02m 35s
[LG:T2T-ViT-7][227/300] loss=22.5897 ce=1.3933 guidance=8.4785 beta=2.50 train_acc=66.75% test_acc=45.41% best=46.63% lr=7.5668012e-05 time=12.9s est_300=1h 02m 36s
[LG:T2T-ViT-7][228/300] loss=22.4537 ce=1.4118 guidance=8.4167 beta=2.50 train_acc=65.69% test_acc=45.27% best=46.63% lr=7.3864344e-05 time=13.1s est_300=1h 02m 37s
[LG:T2T-ViT-7][229/300] loss=22.5840 ce=1.4266 guidance=8.4630 beta=2.50 train_acc=66.24% test_acc=45.98% best=46.63% lr=7.2080265e-05 time=13.5s est_300=1h 02m 38s
[LG:T2T-ViT-7][230/300] loss=22.4016 ce=1.4204 guidance=8.3925 beta=2.50 train_acc=66.71% test_acc=45.20% best=46.63% lr=7.0315971e-05 time=12.9s est_300=1h 02m 39s
[LG:T2T-ViT-7][231/300] loss=22.3862 ce=1.4066 guidance=8.3918 beta=2.50 train_acc=66.66% test_acc=45.56% best=46.63% lr=6.8571656e-05 time=11.7s est_300=1h 02m 38s
[LG:T2T-ViT-7][232/300] loss=22.6029 ce=1.4377 guidance=8.4661 beta=2.50 train_acc=66.24% test_acc=45.79% best=46.63% lr=6.684751e-05 time=11.8s est_300=1h 02m 37s
[LG:T2T-ViT-7][233/300] loss=22.4311 ce=1.4376 guidance=8.3974 beta=2.50 train_acc=65.68% test_acc=45.25% best=46.63% lr=6.5143724e-05 time=12.4s est_300=1h 02m 36s
[LG:T2T-ViT-7][234/300] loss=22.4744 ce=1.4156 guidance=8.4235 beta=2.50 train_acc=66.00% test_acc=45.48% best=46.63% lr=6.3460483e-05 time=13.6s est_300=1h 02m 38s
[LG:T2T-ViT-7][235/300] loss=22.4336 ce=1.4194 guidance=8.4057 beta=2.50 train_acc=66.92% test_acc=45.36% best=46.63% lr=6.1797972e-05 time=13.5s est_300=1h 02m 39s
[LG:T2T-ViT-7][236/300] loss=22.4517 ce=1.3767 guidance=8.4300 beta=2.50 train_acc=67.31% test_acc=45.67% best=46.63% lr=6.0156375e-05 time=12.2s est_300=1h 02m 39s
[LG:T2T-ViT-7][237/300] loss=22.3182 ce=1.3658 guidance=8.3810 beta=2.50 train_acc=68.07% test_acc=45.63% best=46.63% lr=5.8535869e-05 time=12.7s est_300=1h 02m 39s
[LG:T2T-ViT-7][238/300] loss=22.4508 ce=1.4212 guidance=8.4118 beta=2.50 train_acc=66.47% test_acc=45.12% best=46.63% lr=5.6936634e-05 time=13.5s est_300=1h 02m 40s
[LG:T2T-ViT-7][239/300] loss=22.3756 ce=1.4277 guidance=8.3792 beta=2.50 train_acc=66.22% test_acc=45.20% best=46.63% lr=5.5358845e-05 time=13.5s est_300=1h 02m 41s
[LG:T2T-ViT-7][240/300] loss=22.4081 ce=1.3820 guidance=8.4104 beta=2.50 train_acc=67.32% test_acc=45.32% best=46.63% lr=5.3802675e-05 time=13.8s est_300=1h 02m 43s
[LG:T2T-ViT-7][241/300] loss=22.3402 ce=1.3899 guidance=8.3801 beta=2.50 train_acc=67.20% test_acc=45.55% best=46.63% lr=5.2268294e-05 time=12.5s est_300=1h 02m 43s
[LG:T2T-ViT-7][242/300] loss=22.4147 ce=1.3905 guidance=8.4097 beta=2.50 train_acc=67.05% test_acc=45.55% best=46.63% lr=5.0755871e-05 time=12.6s est_300=1h 02m 43s
[LG:T2T-ViT-7][243/300] loss=22.3634 ce=1.3718 guidance=8.3966 beta=2.50 train_acc=67.29% test_acc=45.62% best=46.63% lr=4.9265571e-05 time=13.9s est_300=1h 02m 45s
[LG:T2T-ViT-7][244/300] loss=22.3416 ce=1.3681 guidance=8.3894 beta=2.50 train_acc=67.92% test_acc=45.81% best=46.63% lr=4.7797558e-05 time=13.8s est_300=1h 02m 46s
[LG:T2T-ViT-7][245/300] loss=22.4604 ce=1.3858 guidance=8.4299 beta=2.50 train_acc=66.81% test_acc=45.69% best=46.63% lr=4.6351993e-05 time=13.8s est_300=1h 02m 48s
[LG:T2T-ViT-7][246/300] loss=22.1929 ce=1.3462 guidance=8.3387 beta=2.50 train_acc=68.22% test_acc=45.82% best=46.63% lr=4.4929034e-05 time=13.3s est_300=1h 02m 49s
[LG:T2T-ViT-7][247/300] loss=22.2981 ce=1.3531 guidance=8.3780 beta=2.50 train_acc=67.85% test_acc=45.43% best=46.63% lr=4.3528838e-05 time=12.3s est_300=1h 02m 48s
[LG:T2T-ViT-7][248/300] loss=22.2283 ce=1.3677 guidance=8.3442 beta=2.50 train_acc=67.80% test_acc=45.31% best=46.63% lr=4.2151558e-05 time=13.4s est_300=1h 02m 49s
[LG:T2T-ViT-7][249/300] loss=22.3004 ce=1.3547 guidance=8.3783 beta=2.50 train_acc=67.54% test_acc=45.60% best=46.63% lr=4.0797346e-05 time=13.1s est_300=1h 02m 50s
[LG:T2T-ViT-7][250/300] loss=22.2727 ce=1.3501 guidance=8.3691 beta=2.50 train_acc=68.68% test_acc=45.86% best=46.63% lr=3.9466348e-05 time=13.2s est_300=1h 02m 51s
[LG:T2T-ViT-7][251/300] loss=22.1875 ce=1.3580 guidance=8.3318 beta=2.50 train_acc=68.29% test_acc=45.81% best=46.63% lr=3.8158713e-05 time=13.0s est_300=1h 02m 51s
[LG:T2T-ViT-7][252/300] loss=22.3017 ce=1.3403 guidance=8.3846 beta=2.50 train_acc=68.05% test_acc=45.48% best=46.63% lr=3.6874582e-05 time=13.3s est_300=1h 02m 52s
[LG:T2T-ViT-7][253/300] loss=22.0866 ce=1.3353 guidance=8.3005 beta=2.50 train_acc=68.09% test_acc=45.69% best=46.63% lr=3.5614097e-05 time=14.2s est_300=1h 02m 54s
[LG:T2T-ViT-7][254/300] loss=22.4567 ce=1.3832 guidance=8.4294 beta=2.50 train_acc=67.31% test_acc=46.10% best=46.63% lr=3.4377396e-05 time=13.5s est_300=1h 02m 55s
[LG:T2T-ViT-7][255/300] loss=22.2633 ce=1.3561 guidance=8.3629 beta=2.50 train_acc=68.46% test_acc=45.50% best=46.63% lr=3.3164614e-05 time=13.6s est_300=1h 02m 56s
[LG:T2T-ViT-7][256/300] loss=22.2148 ce=1.3227 guidance=8.3569 beta=2.50 train_acc=68.56% test_acc=45.98% best=46.63% lr=3.1975885e-05 time=14.2s est_300=1h 02m 58s
[LG:T2T-ViT-7][257/300] loss=22.2508 ce=1.3545 guidance=8.3585 beta=2.50 train_acc=67.88% test_acc=45.75% best=46.63% lr=3.0811339e-05 time=14.1s est_300=1h 03m 00s
[LG:T2T-ViT-7][258/300] loss=22.1612 ce=1.3541 guidance=8.3228 beta=2.50 train_acc=67.20% test_acc=45.17% best=46.63% lr=2.9671104e-05 time=12.4s est_300=1h 03m 00s
[LG:T2T-ViT-7][259/300] loss=22.2326 ce=1.3069 guidance=8.3703 beta=2.50 train_acc=68.33% test_acc=45.60% best=46.63% lr=2.8555305e-05 time=14.6s est_300=1h 03m 02s
[LG:T2T-ViT-7][260/300] loss=22.2043 ce=1.3378 guidance=8.3466 beta=2.50 train_acc=68.87% test_acc=45.51% best=46.63% lr=2.7464063e-05 time=13.3s est_300=1h 03m 03s
[LG:T2T-ViT-7][261/300] loss=22.2469 ce=1.3533 guidance=8.3575 beta=2.50 train_acc=68.48% test_acc=45.89% best=46.63% lr=2.6397499e-05 time=13.5s est_300=1h 03m 04s
[LG:T2T-ViT-7][262/300] loss=22.2401 ce=1.3346 guidance=8.3622 beta=2.50 train_acc=68.22% test_acc=45.86% best=46.63% lr=2.535573e-05 time=14.1s est_300=1h 03m 06s
[LG:T2T-ViT-7][263/300] loss=22.2404 ce=1.3354 guidance=8.3620 beta=2.50 train_acc=68.16% test_acc=46.15% best=46.63% lr=2.433887e-05 time=13.7s est_300=1h 03m 07s
[LG:T2T-ViT-7][264/300] loss=22.2326 ce=1.3451 guidance=8.3550 beta=2.50 train_acc=68.05% test_acc=46.17% best=46.63% lr=2.334703e-05 time=12.8s est_300=1h 03m 07s
[LG:T2T-ViT-7][265/300] loss=22.3075 ce=1.3032 guidance=8.4017 beta=2.50 train_acc=69.31% test_acc=46.12% best=46.63% lr=2.238032e-05 time=12.7s est_300=1h 03m 07s
[LG:T2T-ViT-7][266/300] loss=22.1757 ce=1.3556 guidance=8.3280 beta=2.50 train_acc=67.87% test_acc=45.86% best=46.63% lr=2.1438844e-05 time=14.0s est_300=1h 03m 09s
[LG:T2T-ViT-7][267/300] loss=22.1195 ce=1.3323 guidance=8.3149 beta=2.50 train_acc=67.88% test_acc=45.75% best=46.63% lr=2.0522708e-05 time=13.9s est_300=1h 03m 10s
[LG:T2T-ViT-7][268/300] loss=22.0270 ce=1.3111 guidance=8.2864 beta=2.50 train_acc=69.00% test_acc=45.75% best=46.63% lr=1.963201e-05 time=12.9s est_300=1h 03m 10s
[LG:T2T-ViT-7][269/300] loss=22.1176 ce=1.3416 guidance=8.3104 beta=2.50 train_acc=67.83% test_acc=45.96% best=46.63% lr=1.8766848e-05 time=10.9s est_300=1h 03m 08s
[LG:T2T-ViT-7][270/300] loss=22.2347 ce=1.3568 guidance=8.3511 beta=2.50 train_acc=68.65% test_acc=45.72% best=46.63% lr=1.7927319e-05 time=11.4s est_300=1h 03m 07s
[LG:T2T-ViT-7][271/300] loss=22.1121 ce=1.3233 guidance=8.3155 beta=2.50 train_acc=68.92% test_acc=45.82% best=46.63% lr=1.7113512e-05 time=13.8s est_300=1h 03m 08s
[LG:T2T-ViT-7][272/300] loss=22.1264 ce=1.3484 guidance=8.3112 beta=2.50 train_acc=67.78% test_acc=45.58% best=46.63% lr=1.6325519e-05 time=13.4s est_300=1h 03m 09s
[LG:T2T-ViT-7][273/300] loss=22.2164 ce=1.3724 guidance=8.3376 beta=2.50 train_acc=67.82% test_acc=45.15% best=46.63% lr=1.5563424e-05 time=13.3s est_300=1h 03m 10s
[LG:T2T-ViT-7][274/300] loss=22.1926 ce=1.3053 guidance=8.3549 beta=2.50 train_acc=69.74% test_acc=45.50% best=46.63% lr=1.4827313e-05 time=13.6s est_300=1h 03m 11s
[LG:T2T-ViT-7][275/300] loss=22.0408 ce=1.3442 guidance=8.2786 beta=2.50 train_acc=67.99% test_acc=45.56% best=46.63% lr=1.4117265e-05 time=12.9s est_300=1h 03m 11s
[LG:T2T-ViT-7][276/300] loss=22.0306 ce=1.3444 guidance=8.2745 beta=2.50 train_acc=68.51% test_acc=45.36% best=46.63% lr=1.3433358e-05 time=12.7s est_300=1h 03m 11s
[LG:T2T-ViT-7][277/300] loss=22.0674 ce=1.3087 guidance=8.3035 beta=2.50 train_acc=69.06% test_acc=45.67% best=46.63% lr=1.2775668e-05 time=11.7s est_300=1h 03m 10s
[LG:T2T-ViT-7][278/300] loss=22.2263 ce=1.3139 guidance=8.3649 beta=2.50 train_acc=69.43% test_acc=45.63% best=46.63% lr=1.2144266e-05 time=12.0s est_300=1h 03m 10s
[LG:T2T-ViT-7][279/300] loss=22.1821 ce=1.3239 guidance=8.3432 beta=2.50 train_acc=68.16% test_acc=45.72% best=46.63% lr=1.1539222e-05 time=12.6s est_300=1h 03m 09s
[LG:T2T-ViT-7][280/300] loss=22.1382 ce=1.3650 guidance=8.3093 beta=2.50 train_acc=67.49% test_acc=45.53% best=46.63% lr=1.0960601e-05 time=11.8s est_300=1h 03m 09s
[LG:T2T-ViT-7][281/300] loss=22.1818 ce=1.3253 guidance=8.3426 beta=2.50 train_acc=69.07% test_acc=45.60% best=46.63% lr=1.0408469e-05 time=13.2s est_300=1h 03m 09s
[LG:T2T-ViT-7][282/300] loss=22.0700 ce=1.3518 guidance=8.2873 beta=2.50 train_acc=68.67% test_acc=45.67% best=46.63% lr=9.8828843e-06 time=12.2s est_300=1h 03m 09s
[LG:T2T-ViT-7][283/300] loss=22.1932 ce=1.3442 guidance=8.3396 beta=2.50 train_acc=68.24% test_acc=45.72% best=46.63% lr=9.3839054e-06 time=12.0s est_300=1h 03m 08s
[LG:T2T-ViT-7][284/300] loss=22.1238 ce=1.3780 guidance=8.2983 beta=2.50 train_acc=67.83% test_acc=45.89% best=46.63% lr=8.911587e-06 time=12.4s est_300=1h 03m 08s
[LG:T2T-ViT-7][285/300] loss=22.1561 ce=1.3191 guidance=8.3348 beta=2.50 train_acc=68.51% test_acc=46.06% best=46.63% lr=8.4659808e-06 time=13.5s est_300=1h 03m 09s
[LG:T2T-ViT-7][286/300] loss=22.1492 ce=1.3492 guidance=8.3200 beta=2.50 train_acc=68.05% test_acc=45.72% best=46.63% lr=8.0471357e-06 time=13.5s est_300=1h 03m 10s
[LG:T2T-ViT-7][287/300] loss=22.1222 ce=1.3362 guidance=8.3144 beta=2.50 train_acc=67.92% test_acc=45.84% best=46.63% lr=7.6550976e-06 time=12.6s est_300=1h 03m 10s
[LG:T2T-ViT-7][288/300] loss=22.1125 ce=1.3165 guidance=8.3184 beta=2.50 train_acc=69.34% test_acc=46.17% best=46.63% lr=7.2899095e-06 time=14.4s est_300=1h 03m 12s
[LG:T2T-ViT-7][289/300] loss=22.1259 ce=1.3191 guidance=8.3227 beta=2.50 train_acc=68.92% test_acc=46.08% best=46.63% lr=6.9516114e-06 time=13.1s est_300=1h 03m 12s
[LG:T2T-ViT-7][290/300] loss=22.0709 ce=1.3333 guidance=8.2950 beta=2.50 train_acc=68.48% test_acc=45.75% best=46.63% lr=6.6402405e-06 time=12.0s est_300=1h 03m 11s
[LG:T2T-ViT-7][291/300] loss=22.0971 ce=1.3765 guidance=8.2882 beta=2.50 train_acc=67.60% test_acc=45.82% best=46.63% lr=6.3558309e-06 time=12.4s est_300=1h 03m 11s
[LG:T2T-ViT-7][292/300] loss=21.9938 ce=1.2788 guidance=8.2860 beta=2.50 train_acc=69.51% test_acc=45.98% best=46.63% lr=6.0984138e-06 time=13.0s est_300=1h 03m 12s
[LG:T2T-ViT-7][293/300] loss=22.1352 ce=1.3053 guidance=8.3320 beta=2.50 train_acc=69.02% test_acc=45.96% best=46.63% lr=5.8680173e-06 time=12.4s est_300=1h 03m 11s
[LG:T2T-ViT-7][294/300] loss=22.0614 ce=1.3181 guidance=8.2973 beta=2.50 train_acc=68.75% test_acc=45.96% best=46.63% lr=5.6646669e-06 time=14.1s est_300=1h 03m 13s
[LG:T2T-ViT-7][295/300] loss=22.0281 ce=1.3323 guidance=8.2783 beta=2.50 train_acc=68.61% test_acc=46.19% best=46.63% lr=5.4883847e-06 time=13.6s est_300=1h 03m 14s
[LG:T2T-ViT-7][296/300] loss=22.1628 ce=1.3311 guidance=8.3327 beta=2.50 train_acc=69.41% test_acc=46.00% best=46.63% lr=5.3391901e-06 time=12.8s est_300=1h 03m 14s
[LG:T2T-ViT-7][297/300] loss=22.0014 ce=1.3121 guidance=8.2757 beta=2.50 train_acc=69.19% test_acc=45.79% best=46.63% lr=5.2170996e-06 time=12.8s est_300=1h 03m 14s
[LG:T2T-ViT-7][298/300] loss=22.1614 ce=1.3506 guidance=8.3243 beta=2.50 train_acc=68.29% test_acc=45.74% best=46.63% lr=5.1221263e-06 time=12.7s est_300=1h 03m 14s
[LG:T2T-ViT-7][299/300] loss=22.1792 ce=1.3179 guidance=8.3445 beta=2.50 train_acc=68.89% test_acc=45.79% best=46.63% lr=5.0542808e-06 time=13.2s est_300=1h 03m 15s
[LG:T2T-ViT-7][300/300] loss=22.1765 ce=1.3059 guidance=8.3482 beta=2.50 train_acc=68.75% test_acc=45.72% best=46.63% lr=5.0135706e-06 time=12.6s est_300=1h 03m 15s
[TIMING_RESULT] student=T2T-ViT-7 method=LG batch=128 avg_epoch=12.65s estimated_300=1h 03m 15s
[FINAL_RESULT] summary=/app/output/table1_cub200_t2t_vit7_all_full_seed1/students/table1_cub200_t2t_vit_7_lg_b128_full_300ep_seed1/summary.json
[DONE] Table-1 CUB student task completed successfully.
[STUDENT_IDENTITY_CHECK_TABLE1_CUB200] status=PASS student=T2T-ViT-7 method=LG batch=128 teacher=06f75192b1c108c89e480843cb4f72dfb28aa762d7b11e7ac327333dd54b51f5
[TASK_DONE] 2/5 T2T-ViT-7/LG elapsed=1h 03m 31s
------------------------------------------------------------------------------------------------
[TASK_START] 3/5 T2T-ViT-7/ALG
[COMMAND][ALG] /usr/bin/python /app/scratch/input/bapedragon_555/methods/table1_cub200/train.py --full-run --student t2t_vit_7 --method alg --batch-size 128 --data-dir /app/output/table1_cub200_t2t_vit7_all_full_seed1/data/cub200 --teacher-root /app/scratch/input/bapedragon_555/teachers/checkpoints/cub200_table1_resnet56_32 --output-dir /app/output/table1_cub200_t2t_vit7_all_full_seed1/students --run-name table1_cub200_t2t_vit_7_alg_b128_full_300ep_seed1 --num-workers 4
[BOOT] Python process started: /usr/bin/python
[BOOT] complete Table-1 runtime dependencies already available
/usr/local/lib/python3.10/dist-packages/timm/models/layers/__init__.py:49: FutureWarning: Importing from timm.models.layers is deprecated, please import via timm.layers
  warnings.warn(f"Importing from {__name__} is deprecated, please import via timm.layers", FutureWarning)
========================================================================================
CUB-200 TABLE-1 EXTENSION
========================================================================================
[TASK] student=T2T-ViT-7 method=ALG batch=128 mode=full_300ep
[MODE] actual_epochs=300 planned_epochs=300
[PROTOCOL_LOCK] dataset=CUB-200-2011 split=5994/5794 teacher=ResNet56-scratch-32 student=scratch-224 epochs=300 AdamW=5e-4->5e-6 wd=0.05 warmup=20 seed=1 fp32=True
[FIXED_TEACHER_TABLE1_CUB200] h200_build=543 root=/app/scratch/input/bapedragon_555/teachers/checkpoints/cub200_table1_resnet56_32 sha256=06f75192b1c108c89e480843cb4f72dfb28aa762d7b11e7ac327333dd54b51f5
[SOURCE] official_lg_repo=https://github.com/lkhl/tiny-transformers commit=d2165f74049c906b0afc9f957491960fb3c0cc8b
[MODEL] params=4,104,622 feature_dims=(256, 256, 256, 256, 256, 256, 256) selected_lg=(0, 3, 6)
[FEATURE_CHECK] student=((2, 256, 14, 14), (2, 256, 14, 14), (2, 256, 14, 14), (2, 256, 14, 14), (2, 256, 14, 14), (2, 256, 14, 14), (2, 256, 14, 14)) teacher=((2, 16, 32, 32), (2, 32, 16, 16), (2, 64, 8, 8)) guidance_probe=11.312099
[OPTIMIZER] contract=official_lg_no_decay_exclusions
[ALG:T2T-ViT-7][001/300] loss=95.8458 ce=5.3518 guidance=36.1976 beta=2.50 train_acc=0.51% test_acc=0.52% best=0.52% lr=5e-07 time=14.0s est_300=1h 09m 59s
[ALG:T2T-ViT-7][002/300] loss=83.0072 ce=5.3461 guidance=31.0644 beta=2.50 train_acc=0.49% test_acc=0.62% best=0.62% lr=2.5475e-05 time=13.1s est_300=1h 07m 51s
[ALG:T2T-ViT-7][003/300] loss=62.1354 ce=5.3294 guidance=22.7224 beta=2.50 train_acc=0.39% test_acc=0.79% best=0.79% lr=5.045e-05 time=13.4s est_300=1h 07m 37s
[ALG:T2T-ViT-7][004/300] loss=58.5226 ce=5.3143 guidance=21.2833 beta=2.50 train_acc=0.41% test_acc=0.71% best=0.79% lr=7.5425e-05 time=12.8s est_300=1h 06m 44s
[ALG:T2T-ViT-7][005/300] loss=56.7803 ce=5.3085 guidance=20.5887 beta=2.50 train_acc=0.36% test_acc=0.86% best=0.86% lr=0.0001004 time=13.3s est_300=1h 06m 43s
[ALG:T2T-ViT-7][006/300] loss=55.1477 ce=5.3011 guidance=19.9387 beta=2.50 train_acc=0.41% test_acc=0.69% best=0.86% lr=0.000125375 time=12.7s est_300=1h 06m 09s
[ALG:T2T-ViT-7][007/300] loss=53.1534 ce=5.2765 guidance=19.1508 beta=2.50 train_acc=0.58% test_acc=1.17% best=1.17% lr=0.00015035 time=13.5s est_300=1h 06m 19s
[ALG:T2T-ViT-7][008/300] loss=51.5163 ce=5.2310 guidance=18.5141 beta=2.50 train_acc=0.71% test_acc=1.43% best=1.43% lr=0.000175325 time=12.5s est_300=1h 05m 51s
[ALG:T2T-ViT-7][009/300] loss=50.9783 ce=5.1555 guidance=18.3291 beta=2.50 train_acc=0.87% test_acc=1.28% best=1.43% lr=0.0002003 time=12.4s est_300=1h 05m 24s
[ALG:T2T-ViT-7][010/300] loss=49.5224 ce=5.1093 guidance=17.7652 beta=2.50 train_acc=1.75% test_acc=2.28% best=2.28% lr=0.000225275 time=12.3s est_300=1h 05m 01s
[ALG:T2T-ViT-7][011/300] loss=48.2475 ce=5.0364 guidance=17.2844 beta=2.50 train_acc=1.95% test_acc=3.00% best=3.00% lr=0.00025025 time=12.3s est_300=1h 04m 42s
[ALG:T2T-ViT-7][012/300] loss=47.3029 ce=4.9421 guidance=16.9443 beta=2.50 train_acc=2.41% test_acc=4.25% best=4.25% lr=0.000275225 time=12.3s est_300=1h 04m 27s
[ALG:T2T-ViT-7][013/300] loss=45.8910 ce=4.8567 guidance=16.4137 beta=2.50 train_acc=3.45% test_acc=4.23% best=4.25% lr=0.0003002 time=11.0s est_300=1h 03m 43s
[ALG:T2T-ViT-7][014/300] loss=45.2099 ce=4.7598 guidance=16.1800 beta=2.50 train_acc=4.25% test_acc=5.44% best=5.44% lr=0.000325175 time=11.0s est_300=1h 03m 05s
[ALG:T2T-ViT-7][015/300] loss=44.0222 ce=4.6655 guidance=15.7427 beta=2.50 train_acc=4.77% test_acc=6.49% best=6.49% lr=0.00035015 time=11.7s est_300=1h 02m 47s
[ALG:T2T-ViT-7][016/300] loss=43.0170 ce=4.5960 guidance=15.3684 beta=2.50 train_acc=5.21% test_acc=7.06% best=7.06% lr=0.000375125 time=14.2s est_300=1h 03m 19s
[ALG:T2T-ViT-7][017/300] loss=42.4360 ce=4.5152 guidance=15.1683 beta=2.50 train_acc=6.28% test_acc=8.58% best=8.58% lr=0.0004001 time=13.8s est_300=1h 03m 39s
[ALG:T2T-ViT-7][018/300] loss=41.1917 ce=4.4298 guidance=14.7048 beta=2.50 train_acc=7.25% test_acc=9.10% best=9.10% lr=0.000425075 time=11.9s est_300=1h 03m 25s
[ALG:T2T-ViT-7][019/300] loss=40.8363 ce=4.3651 guidance=14.5885 beta=2.50 train_acc=8.12% test_acc=10.39% best=10.39% lr=0.00045005 time=13.6s est_300=1h 03m 39s
[ALG:T2T-ViT-7][020/300] loss=40.1954 ce=4.3460 guidance=14.3398 beta=2.50 train_acc=8.49% test_acc=11.34% best=11.34% lr=0.000475025 time=13.2s est_300=1h 03m 46s
[ALG:T2T-ViT-7][021/300] loss=39.7670 ce=4.2215 guidance=14.2182 beta=2.50 train_acc=10.12% test_acc=12.89% best=12.89% lr=0.00049459153 time=13.6s est_300=1h 03m 58s
[ALG:T2T-ViT-7][022/300] loss=39.0700 ce=4.1415 guidance=13.9714 beta=2.50 train_acc=10.41% test_acc=14.05% best=14.05% lr=0.0004940394 time=13.7s est_300=1h 04m 10s
[ALG:T2T-ViT-7][023/300] loss=38.6581 ce=4.0713 guidance=13.8347 beta=2.50 train_acc=11.35% test_acc=14.38% best=14.38% lr=0.00049346078 time=13.9s est_300=1h 04m 25s
[ALG:T2T-ViT-7][024/300] loss=37.9384 ce=4.0077 guidance=13.5723 beta=2.50 train_acc=12.91% test_acc=15.14% best=15.14% lr=0.00049285573 time=13.3s est_300=1h 04m 29s
[ALG:T2T-ViT-7][025/300] loss=37.4172 ce=3.9733 guidance=13.3776 beta=2.50 train_acc=14.16% test_acc=17.19% best=17.19% lr=0.00049222433 time=11.3s est_300=1h 04m 10s
[ALG:T2T-ViT-7][026/300] loss=37.3077 ce=3.9183 guidance=13.3557 beta=2.50 train_acc=13.91% test_acc=18.86% best=18.86% lr=0.00049156664 time=12.4s est_300=1h 04m 05s
[ALG:T2T-ViT-7][027/300] loss=36.6443 ce=3.8588 guidance=13.1142 beta=2.50 train_acc=15.54% test_acc=18.67% best=18.86% lr=0.00049088274 time=12.7s est_300=1h 04m 03s
[ALG:T2T-ViT-7][028/300] loss=36.1347 ce=3.8052 guidance=12.9318 beta=2.50 train_acc=16.05% test_acc=21.16% best=21.16% lr=0.00049017269 time=12.8s est_300=1h 04m 03s
[ALG:T2T-ViT-7][029/300] loss=35.7504 ce=3.7502 guidance=12.8001 beta=2.50 train_acc=17.03% test_acc=20.75% best=21.16% lr=0.00048943658 time=13.5s est_300=1h 04m 10s
[ALG:T2T-ViT-7][030/300] loss=35.1755 ce=3.7042 guidance=12.5885 beta=2.50 train_acc=18.09% test_acc=23.65% best=23.65% lr=0.00048867448 time=13.3s est_300=1h 04m 14s
[ALG:T2T-ViT-7][031/300] loss=34.5538 ce=3.6406 guidance=12.3653 beta=2.50 train_acc=18.38% test_acc=23.01% best=23.65% lr=0.00048788649 time=12.2s est_300=1h 04m 08s
[ALG:T2T-ViT-7][032/300] loss=34.3422 ce=3.6046 guidance=12.2951 beta=2.50 train_acc=19.58% test_acc=23.42% best=23.65% lr=0.00048707268 time=14.2s est_300=1h 04m 21s
[ALG:T2T-ViT-7][033/300] loss=33.8122 ce=3.5627 guidance=12.0998 beta=2.50 train_acc=20.04% test_acc=24.23% best=24.23% lr=0.00048623315 time=13.6s est_300=1h 04m 28s
[ALG:T2T-ViT-7][034/300] loss=33.6508 ce=3.5235 guidance=12.0509 beta=2.50 train_acc=20.96% test_acc=25.70% best=25.70% lr=0.00048536799 time=12.5s est_300=1h 04m 24s
[ALG:T2T-ViT-7][035/300] loss=33.3887 ce=3.4947 guidance=11.9576 beta=2.50 train_acc=21.14% test_acc=26.54% best=26.54% lr=0.00048447729 time=13.4s est_300=1h 04m 29s
[ALG:T2T-ViT-7][036/300] loss=32.8909 ce=3.4406 guidance=11.7801 beta=2.50 train_acc=22.42% test_acc=26.10% best=26.54% lr=0.00048356116 time=13.5s est_300=1h 04m 34s
[ALG:T2T-ViT-7][037/300] loss=32.7536 ce=3.4008 guidance=11.7411 beta=2.50 train_acc=23.35% test_acc=27.60% best=27.60% lr=0.00048261968 time=13.3s est_300=1h 04m 37s
[ALG:T2T-ViT-7][038/300] loss=32.5546 ce=3.3807 guidance=11.6695 beta=2.50 train_acc=23.51% test_acc=28.18% best=28.18% lr=0.00048165297 time=13.2s est_300=1h 04m 40s
[ALG:T2T-ViT-7][039/300] loss=32.1567 ce=3.3317 guidance=11.5300 beta=2.50 train_acc=24.30% test_acc=29.13% best=29.13% lr=0.00048066113 time=12.5s est_300=1h 04m 36s
[ALG:T2T-ViT-7][040/300] loss=32.0460 ce=3.3204 guidance=11.4902 beta=2.50 train_acc=24.64% test_acc=30.15% best=30.15% lr=0.00047964427 time=11.3s est_300=1h 04m 24s
[ALG:T2T-ViT-7][041/300] loss=31.6933 ce=3.2698 guidance=11.3694 beta=2.50 train_acc=25.70% test_acc=28.68% best=30.15% lr=0.0004786025 time=10.9s est_300=1h 04m 09s
[ALG:T2T-ViT-7][042/300] loss=31.4191 ce=3.2460 guidance=11.2692 beta=2.50 train_acc=24.97% test_acc=30.13% best=30.15% lr=0.00047753594 time=11.5s est_300=1h 04m 00s
[ALG:T2T-ViT-7][043/300] loss=31.3770 ce=3.2009 guidance=11.2705 beta=2.50 train_acc=26.39% test_acc=30.91% best=30.91% lr=0.0004764447 time=11.8s est_300=1h 03m 53s
[ALG:T2T-ViT-7][044/300] loss=30.9893 ce=3.2135 guidance=11.1103 beta=2.50 train_acc=25.88% test_acc=32.10% best=32.10% lr=0.0004753289 time=12.4s est_300=1h 03m 51s
[ALG:T2T-ViT-7][045/300] loss=30.9591 ce=3.1520 guidance=11.1228 beta=2.50 train_acc=27.56% test_acc=32.79% best=32.79% lr=0.00047418866 time=11.9s est_300=1h 03m 45s
[ALG:T2T-ViT-7][046/300] loss=30.5147 ce=3.1202 guidance=10.9578 beta=2.50 train_acc=28.35% test_acc=32.93% best=32.93% lr=0.00047302411 time=11.7s est_300=1h 03m 38s
[ALG:T2T-ViT-7][047/300] loss=30.5648 ce=3.0945 guidance=10.9881 beta=2.50 train_acc=29.18% test_acc=32.10% best=32.93% lr=0.00047183539 time=11.9s est_300=1h 03m 32s
[ALG:T2T-ViT-7][048/300] loss=30.2924 ce=3.1052 guidance=10.8749 beta=2.50 train_acc=28.36% test_acc=32.83% best=32.93% lr=0.0004706226 time=12.2s est_300=1h 03m 29s
[ALG:T2T-ViT-7][049/300] loss=30.1034 ce=2.9987 guidance=10.8419 beta=2.50 train_acc=31.00% test_acc=32.95% best=32.95% lr=0.0004693859 time=12.0s est_300=1h 03m 25s
[ALG:T2T-ViT-7][050/300] loss=30.1438 ce=3.0123 guidance=10.8526 beta=2.50 train_acc=30.10% test_acc=34.43% best=34.43% lr=0.00046812542 time=10.9s est_300=1h 03m 14s
[ALG:T2T-ViT-7][051/300] loss=29.7573 ce=2.9824 guidance=10.7100 beta=2.50 train_acc=31.27% test_acc=34.23% best=34.43% lr=0.00046684129 time=10.7s est_300=1h 03m 02s
[ALG:T2T-ViT-7][052/300] loss=29.6054 ce=2.9396 guidance=10.6663 beta=2.50 train_acc=31.64% test_acc=35.76% best=35.76% lr=0.00046553365 time=11.7s est_300=1h 02m 57s
[ALG:T2T-ViT-7][053/300] loss=29.5739 ce=2.9269 guidance=10.6588 beta=2.50 train_acc=32.10% test_acc=35.78% best=35.78% lr=0.00046420265 time=13.0s est_300=1h 03m 00s
[ALG:T2T-ViT-7][054/300] loss=29.5040 ce=2.8860 guidance=10.6472 beta=2.50 train_acc=33.22% test_acc=34.95% best=35.78% lr=0.00046284844 time=13.1s est_300=1h 03m 02s
[ALG:T2T-ViT-7][055/300] loss=29.2589 ce=2.9160 guidance=10.5372 beta=2.50 train_acc=32.01% test_acc=36.11% best=36.11% lr=0.00046147116 time=12.5s est_300=1h 03m 02s
[ALG:T2T-ViT-7][056/300] loss=29.8196 ce=2.9398 guidance=10.7519 beta=2.50 train_acc=31.83% test_acc=37.33% best=37.33% lr=0.00046007097 time=12.2s est_300=1h 03m 00s
[ALG:T2T-ViT-7][057/300] loss=29.1198 ce=2.8399 guidance=10.5120 beta=2.50 train_acc=34.14% test_acc=36.00% best=37.33% lr=0.00045864801 time=11.3s est_300=1h 02m 53s
[ALG:T2T-ViT-7][058/300] loss=29.0808 ce=2.8122 guidance=10.5074 beta=2.50 train_acc=33.71% test_acc=37.68% best=37.68% lr=0.00045720244 time=12.1s est_300=1h 02m 50s
[ALG:T2T-ViT-7][059/300] loss=28.7223 ce=2.7353 guidance=10.3948 beta=2.50 train_acc=35.43% test_acc=37.16% best=37.68% lr=0.00045573443 time=12.4s est_300=1h 02m 50s
[ALG:T2T-ViT-7][060/300] loss=28.7011 ce=2.7899 guidance=10.3645 beta=2.50 train_acc=35.26% test_acc=36.54% best=37.68% lr=0.00045424413 time=11.8s est_300=1h 02m 46s
[ALG:T2T-ViT-7][061/300] loss=28.5179 ce=2.7496 guidance=10.3073 beta=2.50 train_acc=35.50% test_acc=37.99% best=37.99% lr=0.00045273171 time=13.4s est_300=1h 02m 50s
[ALG:T2T-ViT-7][062/300] loss=28.4568 ce=2.7394 guidance=10.2870 beta=2.50 train_acc=35.61% test_acc=38.66% best=38.66% lr=0.00045119733 time=12.7s est_300=1h 02m 50s
[ALG:T2T-ViT-7][063/300] loss=28.3513 ce=2.7272 guidance=10.2496 beta=2.50 train_acc=36.07% test_acc=37.09% best=38.66% lr=0.00044964115 time=11.8s est_300=1h 02m 47s
[ALG:T2T-ViT-7][064/300] loss=28.4431 ce=2.7295 guidance=10.2854 beta=2.50 train_acc=36.99% test_acc=38.38% best=38.66% lr=0.00044806337 time=12.4s est_300=1h 02m 46s
[ALG:T2T-ViT-7][065/300] loss=28.1531 ce=2.7076 guidance=10.1782 beta=2.50 train_acc=36.55% test_acc=38.26% best=38.66% lr=0.00044646413 time=11.6s est_300=1h 02m 42s
[ALG:T2T-ViT-7][066/300] loss=27.9533 ce=2.6322 guidance=10.1284 beta=2.50 train_acc=37.75% test_acc=38.85% best=38.85% lr=0.00044484363 time=11.8s est_300=1h 02m 38s
[ALG:T2T-ViT-7][067/300] loss=28.1395 ce=2.6368 guidance=10.2011 beta=2.50 train_acc=37.35% test_acc=37.78% best=38.85% lr=0.00044320203 time=11.6s est_300=1h 02m 34s
[ALG:T2T-ViT-7][068/300] loss=27.8304 ce=2.6240 guidance=10.0826 beta=2.50 train_acc=38.08% test_acc=39.02% best=39.02% lr=0.00044153952 time=11.2s est_300=1h 02m 29s
[ALG:T2T-ViT-7][069/300] loss=27.8171 ce=2.6442 guidance=10.0692 beta=2.50 train_acc=38.55% test_acc=39.33% best=39.33% lr=0.00043985628 time=12.3s est_300=1h 02m 28s
[ALG:T2T-ViT-7][070/300] loss=27.6709 ce=2.5978 guidance=10.0292 beta=2.50 train_acc=38.81% test_acc=40.99% best=40.99% lr=0.00043815249 time=12.7s est_300=1h 02m 29s
[ALG:T2T-ViT-7][071/300] loss=27.5231 ce=2.5956 guidance=9.9710 beta=2.50 train_acc=38.54% test_acc=39.56% best=40.99% lr=0.00043642834 time=11.5s est_300=1h 02m 24s
[ALG:T2T-ViT-7][072/300] loss=27.4898 ce=2.5705 guidance=9.9677 beta=2.50 train_acc=38.91% test_acc=40.23% best=40.99% lr=0.00043468403 time=13.4s est_300=1h 02m 28s
[ALG:T2T-ViT-7][073/300] loss=27.3619 ce=2.5057 guidance=9.9425 beta=2.50 train_acc=40.08% test_acc=39.16% best=40.99% lr=0.00043291974 time=12.7s est_300=1h 02m 29s
[ALG:T2T-ViT-7][074/300] loss=27.2709 ce=2.5028 guidance=9.9072 beta=2.50 train_acc=40.51% test_acc=40.82% best=40.99% lr=0.00043113566 time=10.9s est_300=1h 02m 22s
[ALG:T2T-ViT-7][075/300] loss=27.3765 ce=2.4933 guidance=9.9533 beta=2.50 train_acc=41.17% test_acc=40.11% best=40.99% lr=0.00042933199 time=12.2s est_300=1h 02m 21s
[ALG:T2T-ViT-7][076/300] loss=27.2324 ce=2.4507 guidance=9.9127 beta=2.50 train_acc=41.98% test_acc=40.40% best=40.99% lr=0.00042750893 time=12.3s est_300=1h 02m 21s
[ALG:T2T-ViT-7][077/300] loss=27.1157 ce=2.4889 guidance=9.8507 beta=2.50 train_acc=41.46% test_acc=40.47% best=40.99% lr=0.00042566668 time=12.9s est_300=1h 02m 23s
[ALG:T2T-ViT-7][078/300] loss=27.0586 ce=2.4969 guidance=9.8247 beta=2.50 train_acc=41.20% test_acc=40.27% best=40.99% lr=0.00042380544 time=13.3s est_300=1h 02m 26s
[ALG:T2T-ViT-7][079/300] loss=26.9253 ce=2.5099 guidance=9.7662 beta=2.50 train_acc=40.86% test_acc=40.16% best=40.99% lr=0.00042192541 time=13.4s est_300=1h 02m 29s
[ALG:T2T-ViT-7][080/300] loss=27.0405 ce=2.4379 guidance=9.8410 beta=2.50 train_acc=43.04% test_acc=41.34% best=41.34% lr=0.0004200268 time=12.2s est_300=1h 02m 28s
[ALG:T2T-ViT-7][081/300] loss=26.9558 ce=2.4348 guidance=9.8084 beta=2.50 train_acc=42.95% test_acc=40.77% best=41.34% lr=0.00041810983 time=13.3s est_300=1h 02m 31s
[ALG:T2T-ViT-7][082/300] loss=26.8477 ce=2.4358 guidance=9.7647 beta=2.50 train_acc=42.27% test_acc=41.09% best=41.34% lr=0.00041617469 time=13.2s est_300=1h 02m 34s
[ALG:T2T-ViT-7][083/300] loss=26.6749 ce=2.4355 guidance=9.6957 beta=2.50 train_acc=42.97% test_acc=39.06% best=41.34% lr=0.0004142216 time=14.4s est_300=1h 02m 40s
[ALG:T2T-ViT-7][084/300] loss=27.3159 ce=2.4809 guidance=9.9340 beta=2.50 train_acc=42.05% test_acc=40.82% best=41.34% lr=0.00041225078 time=13.9s est_300=1h 02m 45s
[ALG:T2T-ViT-7][085/300] loss=26.5626 ce=2.4159 guidance=9.6587 beta=2.50 train_acc=42.90% test_acc=41.84% best=41.84% lr=0.00041026244 time=13.6s est_300=1h 02m 49s
[ALG:T2T-ViT-7][086/300] loss=26.5868 ce=2.3615 guidance=9.6901 beta=2.50 train_acc=43.05% test_acc=40.80% best=41.84% lr=0.0004082568 time=12.4s est_300=1h 02m 48s
[ALG:T2T-ViT-7][087/300] loss=26.5261 ce=2.3483 guidance=9.6711 beta=2.50 train_acc=43.22% test_acc=42.20% best=42.20% lr=0.00040623408 time=12.6s est_300=1h 02m 49s
[ALG:T2T-ViT-7][088/300] loss=26.4876 ce=2.3011 guidance=9.6746 beta=2.50 train_acc=45.47% test_acc=42.46% best=42.46% lr=0.0004041945 time=12.1s est_300=1h 02m 47s
[ALG:T2T-ViT-7][089/300] loss=26.4014 ce=2.3046 guidance=9.6387 beta=2.50 train_acc=45.09% test_acc=41.58% best=42.46% lr=0.00040213828 time=11.6s est_300=1h 02m 44s
[ALG:T2T-ViT-7][090/300] loss=26.2670 ce=2.3071 guidance=9.5839 beta=2.50 train_acc=45.23% test_acc=42.01% best=42.46% lr=0.00040006566 time=12.4s est_300=1h 02m 43s
[ALG:T2T-ViT-7][091/300] loss=26.2094 ce=2.2946 guidance=9.5659 beta=2.50 train_acc=44.99% test_acc=41.49% best=42.46% lr=0.00039797685 time=13.0s est_300=1h 02m 45s
[ALG:T2T-ViT-7][092/300] loss=26.1553 ce=2.2830 guidance=9.5489 beta=2.50 train_acc=45.79% test_acc=41.70% best=42.46% lr=0.00039587209 time=12.6s est_300=1h 02m 45s
[ALG:T2T-ViT-7][093/300] loss=26.1872 ce=2.2349 guidance=9.5809 beta=2.50 train_acc=46.65% test_acc=41.89% best=42.46% lr=0.00039375161 time=11.8s est_300=1h 02m 42s
[ALG:T2T-ViT-7][094/300] loss=26.0755 ce=2.2328 guidance=9.5371 beta=2.50 train_acc=45.92% test_acc=43.42% best=43.42% lr=0.00039161564 time=13.1s est_300=1h 02m 44s
[ALG:T2T-ViT-7][095/300] loss=26.1047 ce=2.2566 guidance=9.5392 beta=2.50 train_acc=46.74% test_acc=41.80% best=43.42% lr=0.00038946441 time=11.7s est_300=1h 02m 42s
[ALG:T2T-ViT-7][096/300] loss=25.9294 ce=2.2099 guidance=9.4878 beta=2.50 train_acc=47.21% test_acc=42.39% best=43.42% lr=0.00038729816 time=12.5s est_300=1h 02m 41s
[ALG:T2T-ViT-7][097/300] loss=25.9478 ce=2.1658 guidance=9.5128 beta=2.50 train_acc=47.84% test_acc=42.32% best=43.42% lr=0.00038511713 time=13.3s est_300=1h 02m 44s
[ALG:T2T-ViT-7][098/300] loss=25.9401 ce=2.2035 guidance=9.4946 beta=2.50 train_acc=47.44% test_acc=43.06% best=43.42% lr=0.00038292156 time=13.9s est_300=1h 02m 48s
[ALG:T2T-ViT-7][099/300] loss=25.8711 ce=2.1968 guidance=9.4697 beta=2.50 train_acc=47.78% test_acc=42.92% best=43.42% lr=0.00038071168 time=13.0s est_300=1h 02m 50s
[ALG:T2T-ViT-7][100/300] loss=25.8052 ce=2.1848 guidance=9.4482 beta=2.50 train_acc=47.81% test_acc=42.44% best=43.42% lr=0.00037848775 time=12.2s est_300=1h 02m 48s
[ALG:T2T-ViT-7][101/300] loss=25.7277 ce=2.1529 guidance=9.4299 beta=2.50 train_acc=48.40% test_acc=42.10% best=43.42% lr=0.00037625 time=11.7s est_300=1h 02m 46s
[ALG:T2T-ViT-7][102/300] loss=25.4994 ce=2.1827 guidance=9.3267 beta=2.50 train_acc=47.96% test_acc=42.11% best=43.42% lr=0.00037399868 time=12.4s est_300=1h 02m 45s
[ALG:T2T-ViT-7][103/300] loss=25.5047 ce=2.1611 guidance=9.3374 beta=2.50 train_acc=48.95% test_acc=42.92% best=43.42% lr=0.00037173403 time=11.8s est_300=1h 02m 43s
[ALG:T2T-ViT-7][104/300] loss=25.5307 ce=2.1245 guidance=9.3625 beta=2.50 train_acc=49.24% test_acc=42.25% best=43.42% lr=0.00036945631 time=12.2s est_300=1h 02m 42s
[ALG:T2T-ViT-7][105/300] loss=25.6412 ce=2.1288 guidance=9.4050 beta=2.50 train_acc=49.24% test_acc=43.79% best=43.79% lr=0.00036716577 time=12.1s est_300=1h 02m 41s
[ALG:T2T-ViT-7][106/300] loss=25.5230 ce=2.1304 guidance=9.3571 beta=2.50 train_acc=49.41% test_acc=43.03% best=43.79% lr=0.00036486265 time=13.0s est_300=1h 02m 43s
[ALG:T2T-ViT-7][107/300] loss=25.4105 ce=2.0966 guidance=9.3256 beta=2.50 train_acc=49.41% test_acc=42.44% best=43.79% lr=0.00036254721 time=13.1s est_300=1h 02m 44s
[ALG:T2T-ViT-7][108/300] loss=25.4945 ce=2.1285 guidance=9.3464 beta=2.50 train_acc=50.10% test_acc=42.80% best=43.79% lr=0.0003602197 time=12.2s est_300=1h 02m 43s
[ALG:T2T-ViT-7][109/300] loss=25.3610 ce=2.1186 guidance=9.2970 beta=2.50 train_acc=50.20% test_acc=43.25% best=43.79% lr=0.00035788037 time=10.8s est_300=1h 02m 38s
[ALG:T2T-ViT-7][110/300] loss=25.2791 ce=2.1041 guidance=9.2700 beta=2.50 train_acc=50.54% test_acc=43.29% best=43.79% lr=0.0003555295 time=12.6s est_300=1h 02m 38s
[ALG:T2T-ViT-7][111/300] loss=25.2931 ce=2.0581 guidance=9.2940 beta=2.50 train_acc=50.63% test_acc=43.72% best=43.79% lr=0.00035316732 time=12.0s est_300=1h 02m 37s
[ALG:T2T-ViT-7][112/300] loss=25.2380 ce=2.0637 guidance=9.2697 beta=2.50 train_acc=50.70% test_acc=42.98% best=43.79% lr=0.0003507941 time=12.2s est_300=1h 02m 36s
[ALG:T2T-ViT-7][113/300] loss=24.9872 ce=2.0919 guidance=9.1581 beta=2.50 train_acc=50.03% test_acc=43.58% best=43.79% lr=0.00034841011 time=13.2s est_300=1h 02m 38s
[ALG:T2T-ViT-7][114/300] loss=25.1899 ce=2.0725 guidance=9.2470 beta=2.50 train_acc=51.00% test_acc=44.25% best=44.25% lr=0.00034601559 time=11.1s est_300=1h 02m 34s
[ALG:T2T-ViT-7][115/300] loss=25.0459 ce=2.0072 guidance=9.2155 beta=2.50 train_acc=52.56% test_acc=43.51% best=44.25% lr=0.00034361083 time=12.4s est_300=1h 02m 34s
[ALG:T2T-ViT-7][116/300] loss=24.9896 ce=2.0449 guidance=9.1779 beta=2.50 train_acc=51.68% test_acc=44.18% best=44.25% lr=0.00034119607 time=12.6s est_300=1h 02m 34s
[ALG:T2T-ViT-7][117/300] loss=24.9927 ce=2.0591 guidance=9.1734 beta=2.50 train_acc=50.87% test_acc=43.32% best=44.25% lr=0.00033877158 time=12.0s est_300=1h 02m 33s
[ALG:T2T-ViT-7][118/300] loss=24.8917 ce=2.0291 guidance=9.1450 beta=2.50 train_acc=51.97% test_acc=44.77% best=44.77% lr=0.00033633764 time=13.0s est_300=1h 02m 34s
[ALG:T2T-ViT-7][119/300] loss=24.9062 ce=2.0179 guidance=9.1553 beta=2.50 train_acc=51.31% test_acc=42.84% best=44.77% lr=0.0003338945 time=12.6s est_300=1h 02m 34s
[ALG:T2T-ViT-7][120/300] loss=24.9395 ce=1.9847 guidance=9.1819 beta=2.50 train_acc=52.85% test_acc=44.56% best=44.77% lr=0.00033144243 time=11.9s est_300=1h 02m 33s
[ALG:T2T-ViT-7][121/300] loss=24.7876 ce=1.9985 guidance=9.1156 beta=2.50 train_acc=51.78% test_acc=44.27% best=44.77% lr=0.00032898171 time=11.8s est_300=1h 02m 31s
[ALG:T2T-ViT-7][122/300] loss=24.9637 ce=1.9880 guidance=9.1903 beta=2.50 train_acc=52.75% test_acc=44.48% best=44.77% lr=0.0003265126 time=11.7s est_300=1h 02m 29s
[ALG:T2T-ViT-7][123/300] loss=24.7501 ce=1.9587 guidance=9.1166 beta=2.50 train_acc=53.26% test_acc=44.01% best=44.77% lr=0.00032403537 time=12.0s est_300=1h 02m 28s
[ALG:T2T-ViT-7][124/300] loss=24.6973 ce=1.9398 guidance=9.1030 beta=2.50 train_acc=54.48% test_acc=44.84% best=44.84% lr=0.0003215503 time=12.4s est_300=1h 02m 28s
[ALG:T2T-ViT-7][125/300] loss=24.6942 ce=1.9844 guidance=9.0839 beta=2.50 train_acc=53.41% test_acc=43.04% best=44.84% lr=0.00031905766 time=10.9s est_300=1h 02m 24s
[ALG:T2T-ViT-7][126/300] loss=24.7418 ce=1.9610 guidance=9.1123 beta=2.50 train_acc=53.86% test_acc=43.73% best=44.84% lr=0.00031655771 time=12.7s est_300=1h 02m 24s
[ALG:T2T-ViT-7][127/300] loss=24.6709 ce=1.9055 guidance=9.1062 beta=2.50 train_acc=54.08% test_acc=43.94% best=44.84% lr=0.00031405075 time=13.2s est_300=1h 02m 26s
[ALG:T2T-ViT-7][128/300] loss=24.5547 ce=1.9097 guidance=9.0580 beta=2.50 train_acc=54.38% test_acc=44.79% best=44.84% lr=0.00031153703 time=12.2s est_300=1h 02m 26s
[ALG:T2T-ViT-7][129/300] loss=24.6945 ce=1.8723 guidance=9.1289 beta=2.50 train_acc=55.83% test_acc=43.86% best=44.84% lr=0.00030901684 time=12.2s est_300=1h 02m 25s
[ALG:T2T-ViT-7][130/300] loss=24.6085 ce=1.9453 guidance=9.0653 beta=2.50 train_acc=53.31% test_acc=44.32% best=44.84% lr=0.00030649045 time=11.9s est_300=1h 02m 24s
[ALG:T2T-ViT-7][131/300] loss=24.6305 ce=1.9029 guidance=9.0911 beta=2.50 train_acc=55.06% test_acc=43.39% best=44.84% lr=0.00030395814 time=12.8s est_300=1h 02m 24s
[ALG:T2T-ViT-7][132/300] loss=24.5279 ce=1.9074 guidance=9.0482 beta=2.50 train_acc=54.43% test_acc=43.61% best=44.84% lr=0.00030142019 time=11.7s est_300=1h 02m 22s
[ALG:T2T-ViT-7][133/300] loss=24.3864 ce=1.8893 guidance=8.9989 beta=2.50 train_acc=54.70% test_acc=44.11% best=44.84% lr=0.00029887688 time=11.8s est_300=1h 02m 21s
[ALG:T2T-ViT-7][134/300] loss=24.3792 ce=1.8633 guidance=9.0063 beta=2.50 train_acc=55.20% test_acc=44.24% best=44.84% lr=0.00029632847 time=11.7s est_300=1h 02m 19s
[ALG:T2T-ViT-7][135/300] loss=24.5210 ce=1.8634 guidance=9.0631 beta=2.50 train_acc=56.44% test_acc=44.13% best=44.84% lr=0.00029377526 time=12.8s est_300=1h 02m 20s
[ALG:T2T-ViT-7][136/300] loss=24.3492 ce=1.8572 guidance=8.9968 beta=2.50 train_acc=55.76% test_acc=44.75% best=44.84% lr=0.00029121753 time=13.3s est_300=1h 02m 22s
[ALG:T2T-ViT-7][137/300] loss=24.2649 ce=1.9180 guidance=8.9387 beta=2.50 train_acc=54.89% test_acc=43.91% best=44.84% lr=0.00028865555 time=12.9s est_300=1h 02m 23s
[ALG:T2T-ViT-7][138/300] loss=24.2636 ce=1.8550 guidance=8.9634 beta=2.50 train_acc=56.32% test_acc=44.36% best=44.84% lr=0.0002860896 time=13.1s est_300=1h 02m 24s
[ALG:T2T-ViT-7][139/300] loss=24.2526 ce=1.8220 guidance=8.9722 beta=2.50 train_acc=56.67% test_acc=45.20% best=45.20% lr=0.00028351998 time=12.6s est_300=1h 02m 25s
[ALG:T2T-ViT-7][140/300] loss=24.1492 ce=1.8494 guidance=8.9199 beta=2.50 train_acc=56.11% test_acc=44.06% best=45.20% lr=0.00028094694 time=12.5s est_300=1h 02m 25s
[ALG:T2T-ViT-7][141/300] loss=24.1761 ce=1.7903 guidance=8.9543 beta=2.50 train_acc=57.08% test_acc=44.25% best=45.20% lr=0.00027837079 time=13.9s est_300=1h 02m 28s
[ALG:T2T-ViT-7][142/300] loss=24.1633 ce=1.8109 guidance=8.9409 beta=2.50 train_acc=57.30% test_acc=45.25% best=45.25% lr=0.00027579181 time=13.3s est_300=1h 02m 30s
[ALG:T2T-ViT-7][143/300] loss=24.1237 ce=1.7843 guidance=8.9358 beta=2.50 train_acc=56.79% test_acc=45.32% best=45.32% lr=0.00027321027 time=13.1s est_300=1h 02m 31s
[ALG:T2T-ViT-7][144/300] loss=1.8501 ce=1.8501 guidance=0.0000 beta=0.00 train_acc=55.62% test_acc=44.15% best=45.32% lr=0.00027062645 time=11.8s est_300=1h 02m 29s
[ALG:T2T-ViT-7][145/300] loss=1.8431 ce=1.8431 guidance=0.0000 beta=0.00 train_acc=56.35% test_acc=44.53% best=45.32% lr=0.00026804065 time=12.5s est_300=1h 02m 29s
[ALG:T2T-ViT-7][146/300] loss=1.8140 ce=1.8140 guidance=0.0000 beta=0.00 train_acc=57.49% test_acc=44.24% best=45.32% lr=0.00026545315 time=12.6s est_300=1h 02m 30s
[ALG:T2T-ViT-7][147/300] loss=1.7487 ce=1.7487 guidance=0.0000 beta=0.00 train_acc=57.98% test_acc=45.77% best=45.77% lr=0.00026286422 time=12.7s est_300=1h 02m 30s
[ALG:T2T-ViT-7][148/300] loss=1.7566 ce=1.7566 guidance=0.0000 beta=0.00 train_acc=57.56% test_acc=45.39% best=45.77% lr=0.00026027416 time=11.6s est_300=1h 02m 28s
[ALG:T2T-ViT-7][149/300] loss=1.7440 ce=1.7440 guidance=0.0000 beta=0.00 train_acc=59.02% test_acc=45.13% best=45.77% lr=0.00025768325 time=11.6s est_300=1h 02m 27s
[ALG:T2T-ViT-7][150/300] loss=1.6810 ce=1.6810 guidance=0.0000 beta=0.00 train_acc=59.22% test_acc=46.03% best=46.03% lr=0.00025509177 time=12.8s est_300=1h 02m 27s
[ALG:T2T-ViT-7][151/300] loss=1.7075 ce=1.7075 guidance=0.0000 beta=0.00 train_acc=59.29% test_acc=45.62% best=46.03% lr=0.0002525 time=12.3s est_300=1h 02m 27s
[ALG:T2T-ViT-7][152/300] loss=1.6636 ce=1.6636 guidance=0.0000 beta=0.00 train_acc=59.65% test_acc=45.62% best=46.03% lr=0.00024990823 time=13.2s est_300=1h 02m 28s
[ALG:T2T-ViT-7][153/300] loss=1.7094 ce=1.7094 guidance=0.0000 beta=0.00 train_acc=58.95% test_acc=45.77% best=46.03% lr=0.00024731675 time=13.4s est_300=1h 02m 30s
[ALG:T2T-ViT-7][154/300] loss=1.6349 ce=1.6349 guidance=0.0000 beta=0.00 train_acc=61.28% test_acc=45.62% best=46.03% lr=0.00024472584 time=12.5s est_300=1h 02m 30s
[ALG:T2T-ViT-7][155/300] loss=1.6358 ce=1.6358 guidance=0.0000 beta=0.00 train_acc=61.01% test_acc=46.91% best=46.91% lr=0.00024213578 time=13.7s est_300=1h 02m 33s
[ALG:T2T-ViT-7][156/300] loss=1.6528 ce=1.6528 guidance=0.0000 beta=0.00 train_acc=60.70% test_acc=46.48% best=46.91% lr=0.00023954685 time=12.2s est_300=1h 02m 32s
[ALG:T2T-ViT-7][157/300] loss=1.6144 ce=1.6144 guidance=0.0000 beta=0.00 train_acc=61.45% test_acc=46.36% best=46.91% lr=0.00023695935 time=12.5s est_300=1h 02m 32s
[ALG:T2T-ViT-7][158/300] loss=1.6478 ce=1.6478 guidance=0.0000 beta=0.00 train_acc=60.72% test_acc=46.96% best=46.96% lr=0.00023437355 time=12.9s est_300=1h 02m 33s
[ALG:T2T-ViT-7][159/300] loss=1.6172 ce=1.6172 guidance=0.0000 beta=0.00 train_acc=61.58% test_acc=46.44% best=46.96% lr=0.00023178973 time=11.5s est_300=1h 02m 31s
[ALG:T2T-ViT-7][160/300] loss=1.5978 ce=1.5978 guidance=0.0000 beta=0.00 train_acc=61.29% test_acc=46.31% best=46.96% lr=0.00022920819 time=12.7s est_300=1h 02m 31s
[ALG:T2T-ViT-7][161/300] loss=1.5781 ce=1.5781 guidance=0.0000 beta=0.00 train_acc=61.55% test_acc=46.63% best=46.96% lr=0.00022662921 time=12.6s est_300=1h 02m 31s
[ALG:T2T-ViT-7][162/300] loss=1.6165 ce=1.6165 guidance=0.0000 beta=0.00 train_acc=60.73% test_acc=45.03% best=46.96% lr=0.00022405306 time=11.6s est_300=1h 02m 30s
[ALG:T2T-ViT-7][163/300] loss=1.5766 ce=1.5766 guidance=0.0000 beta=0.00 train_acc=62.11% test_acc=48.19% best=48.19% lr=0.00022148002 time=11.6s est_300=1h 02m 28s
[ALG:T2T-ViT-7][164/300] loss=1.5439 ce=1.5439 guidance=0.0000 beta=0.00 train_acc=62.70% test_acc=46.60% best=48.19% lr=0.0002189104 time=12.9s est_300=1h 02m 29s
[ALG:T2T-ViT-7][165/300] loss=1.5427 ce=1.5427 guidance=0.0000 beta=0.00 train_acc=63.45% test_acc=46.63% best=48.19% lr=0.00021634445 time=12.6s est_300=1h 02m 29s
[ALG:T2T-ViT-7][166/300] loss=1.5449 ce=1.5449 guidance=0.0000 beta=0.00 train_acc=62.79% test_acc=47.26% best=48.19% lr=0.00021378247 time=13.1s est_300=1h 02m 30s
[ALG:T2T-ViT-7][167/300] loss=1.5483 ce=1.5483 guidance=0.0000 beta=0.00 train_acc=63.33% test_acc=47.77% best=48.19% lr=0.00021122474 time=13.2s est_300=1h 02m 31s
[ALG:T2T-ViT-7][168/300] loss=1.5501 ce=1.5501 guidance=0.0000 beta=0.00 train_acc=62.23% test_acc=47.34% best=48.19% lr=0.00020867153 time=13.0s est_300=1h 02m 32s
[ALG:T2T-ViT-7][169/300] loss=1.5090 ce=1.5090 guidance=0.0000 beta=0.00 train_acc=63.99% test_acc=47.07% best=48.19% lr=0.00020612312 time=12.2s est_300=1h 02m 32s
[ALG:T2T-ViT-7][170/300] loss=1.5582 ce=1.5582 guidance=0.0000 beta=0.00 train_acc=62.62% test_acc=47.12% best=48.19% lr=0.00020357981 time=12.2s est_300=1h 02m 31s
[ALG:T2T-ViT-7][171/300] loss=1.5199 ce=1.5199 guidance=0.0000 beta=0.00 train_acc=63.71% test_acc=47.64% best=48.19% lr=0.00020104186 time=10.7s est_300=1h 02m 28s
[ALG:T2T-ViT-7][172/300] loss=1.4907 ce=1.4907 guidance=0.0000 beta=0.00 train_acc=64.27% test_acc=47.34% best=48.19% lr=0.00019850955 time=10.7s est_300=1h 02m 25s
[ALG:T2T-ViT-7][173/300] loss=1.4606 ce=1.4606 guidance=0.0000 beta=0.00 train_acc=64.72% test_acc=47.69% best=48.19% lr=0.00019598316 time=12.2s est_300=1h 02m 24s
[ALG:T2T-ViT-7][174/300] loss=1.5242 ce=1.5242 guidance=0.0000 beta=0.00 train_acc=63.79% test_acc=46.93% best=48.19% lr=0.00019346297 time=13.5s est_300=1h 02m 26s
[ALG:T2T-ViT-7][175/300] loss=1.4179 ce=1.4179 guidance=0.0000 beta=0.00 train_acc=66.27% test_acc=46.74% best=48.19% lr=0.00019094925 time=14.1s est_300=1h 02m 29s
[ALG:T2T-ViT-7][176/300] loss=1.4599 ce=1.4599 guidance=0.0000 beta=0.00 train_acc=65.59% test_acc=47.64% best=48.19% lr=0.00018844229 time=14.2s est_300=1h 02m 32s
[ALG:T2T-ViT-7][177/300] loss=1.4277 ce=1.4277 guidance=0.0000 beta=0.00 train_acc=65.15% test_acc=48.00% best=48.19% lr=0.00018594234 time=13.9s est_300=1h 02m 34s
[ALG:T2T-ViT-7][178/300] loss=1.4369 ce=1.4369 guidance=0.0000 beta=0.00 train_acc=65.88% test_acc=47.46% best=48.19% lr=0.0001834497 time=13.3s est_300=1h 02m 36s
[ALG:T2T-ViT-7][179/300] loss=1.4023 ce=1.4023 guidance=0.0000 beta=0.00 train_acc=66.02% test_acc=47.29% best=48.19% lr=0.00018096463 time=13.1s est_300=1h 02m 37s
[ALG:T2T-ViT-7][180/300] loss=1.4047 ce=1.4047 guidance=0.0000 beta=0.00 train_acc=66.61% test_acc=47.27% best=48.19% lr=0.0001784874 time=13.3s est_300=1h 02m 38s
[ALG:T2T-ViT-7][181/300] loss=1.4551 ce=1.4551 guidance=0.0000 beta=0.00 train_acc=65.85% test_acc=47.96% best=48.19% lr=0.00017601829 time=13.4s est_300=1h 02m 39s
[ALG:T2T-ViT-7][182/300] loss=1.3864 ce=1.3864 guidance=0.0000 beta=0.00 train_acc=67.10% test_acc=46.89% best=48.19% lr=0.00017355757 time=13.1s est_300=1h 02m 40s
[ALG:T2T-ViT-7][183/300] loss=1.4093 ce=1.4093 guidance=0.0000 beta=0.00 train_acc=66.53% test_acc=47.83% best=48.19% lr=0.0001711055 time=12.3s est_300=1h 02m 40s
[ALG:T2T-ViT-7][184/300] loss=1.4077 ce=1.4077 guidance=0.0000 beta=0.00 train_acc=66.27% test_acc=48.08% best=48.19% lr=0.00016866236 time=14.1s est_300=1h 02m 42s
[ALG:T2T-ViT-7][185/300] loss=1.3754 ce=1.3754 guidance=0.0000 beta=0.00 train_acc=66.47% test_acc=47.00% best=48.19% lr=0.00016622842 time=13.7s est_300=1h 02m 44s
[ALG:T2T-ViT-7][186/300] loss=1.4090 ce=1.4090 guidance=0.0000 beta=0.00 train_acc=66.46% test_acc=48.38% best=48.38% lr=0.00016380393 time=12.4s est_300=1h 02m 44s
[ALG:T2T-ViT-7][187/300] loss=1.3504 ce=1.3504 guidance=0.0000 beta=0.00 train_acc=68.07% test_acc=47.91% best=48.38% lr=0.00016138917 time=13.9s est_300=1h 02m 46s
[ALG:T2T-ViT-7][188/300] loss=1.3925 ce=1.3925 guidance=0.0000 beta=0.00 train_acc=67.51% test_acc=48.03% best=48.38% lr=0.00015898441 time=12.7s est_300=1h 02m 47s
[ALG:T2T-ViT-7][189/300] loss=1.3522 ce=1.3522 guidance=0.0000 beta=0.00 train_acc=67.54% test_acc=48.60% best=48.60% lr=0.00015658989 time=13.0s est_300=1h 02m 47s
[ALG:T2T-ViT-7][190/300] loss=1.3479 ce=1.3479 guidance=0.0000 beta=0.00 train_acc=67.10% test_acc=48.69% best=48.69% lr=0.0001542059 time=13.4s est_300=1h 02m 49s
[ALG:T2T-ViT-7][191/300] loss=1.3612 ce=1.3612 guidance=0.0000 beta=0.00 train_acc=67.34% test_acc=45.81% best=48.69% lr=0.00015183268 time=12.7s est_300=1h 02m 49s
[ALG:T2T-ViT-7][192/300] loss=1.2962 ce=1.2962 guidance=0.0000 beta=0.00 train_acc=68.46% test_acc=47.70% best=48.69% lr=0.0001494705 time=11.7s est_300=1h 02m 47s
[ALG:T2T-ViT-7][193/300] loss=1.3464 ce=1.3464 guidance=0.0000 beta=0.00 train_acc=67.39% test_acc=48.36% best=48.69% lr=0.00014711963 time=13.2s est_300=1h 02m 48s
[ALG:T2T-ViT-7][194/300] loss=1.3035 ce=1.3035 guidance=0.0000 beta=0.00 train_acc=69.19% test_acc=48.71% best=48.71% lr=0.0001447803 time=13.8s est_300=1h 02m 50s
[ALG:T2T-ViT-7][195/300] loss=1.3452 ce=1.3452 guidance=0.0000 beta=0.00 train_acc=68.21% test_acc=47.39% best=48.71% lr=0.00014245279 time=13.4s est_300=1h 02m 52s
[ALG:T2T-ViT-7][196/300] loss=1.3240 ce=1.3240 guidance=0.0000 beta=0.00 train_acc=67.83% test_acc=48.48% best=48.71% lr=0.00014013735 time=11.6s est_300=1h 02m 50s
[ALG:T2T-ViT-7][197/300] loss=1.2797 ce=1.2797 guidance=0.0000 beta=0.00 train_acc=69.51% test_acc=48.38% best=48.71% lr=0.00013783423 time=11.7s est_300=1h 02m 49s
[ALG:T2T-ViT-7][198/300] loss=1.2825 ce=1.2825 guidance=0.0000 beta=0.00 train_acc=69.33% test_acc=48.81% best=48.81% lr=0.00013554369 time=11.7s est_300=1h 02m 47s
[ALG:T2T-ViT-7][199/300] loss=1.2843 ce=1.2843 guidance=0.0000 beta=0.00 train_acc=69.36% test_acc=47.77% best=48.81% lr=0.00013326597 time=12.3s est_300=1h 02m 47s
[ALG:T2T-ViT-7][200/300] loss=1.2834 ce=1.2834 guidance=0.0000 beta=0.00 train_acc=69.09% test_acc=49.05% best=49.05% lr=0.00013100132 time=13.4s est_300=1h 02m 48s
[ALG:T2T-ViT-7][201/300] loss=1.2677 ce=1.2677 guidance=0.0000 beta=0.00 train_acc=69.57% test_acc=49.21% best=49.21% lr=0.00012875 time=12.3s est_300=1h 02m 48s
[ALG:T2T-ViT-7][202/300] loss=1.3110 ce=1.3110 guidance=0.0000 beta=0.00 train_acc=68.90% test_acc=48.03% best=49.21% lr=0.00012651225 time=12.5s est_300=1h 02m 48s
[ALG:T2T-ViT-7][203/300] loss=1.2699 ce=1.2699 guidance=0.0000 beta=0.00 train_acc=69.80% test_acc=47.45% best=49.21% lr=0.00012428832 time=12.7s est_300=1h 02m 48s
[ALG:T2T-ViT-7][204/300] loss=1.2665 ce=1.2665 guidance=0.0000 beta=0.00 train_acc=69.74% test_acc=49.53% best=49.53% lr=0.00012207844 time=13.5s est_300=1h 02m 49s
[ALG:T2T-ViT-7][205/300] loss=1.2192 ce=1.2192 guidance=0.0000 beta=0.00 train_acc=71.03% test_acc=49.14% best=49.53% lr=0.00011988287 time=13.4s est_300=1h 02m 51s
[ALG:T2T-ViT-7][206/300] loss=1.2546 ce=1.2546 guidance=0.0000 beta=0.00 train_acc=69.80% test_acc=48.81% best=49.53% lr=0.00011770184 time=11.9s est_300=1h 02m 50s
[ALG:T2T-ViT-7][207/300] loss=1.2449 ce=1.2449 guidance=0.0000 beta=0.00 train_acc=70.01% test_acc=48.03% best=49.53% lr=0.00011553559 time=13.5s est_300=1h 02m 51s
[ALG:T2T-ViT-7][208/300] loss=1.2681 ce=1.2681 guidance=0.0000 beta=0.00 train_acc=70.14% test_acc=48.91% best=49.53% lr=0.00011338436 time=13.6s est_300=1h 02m 52s
[ALG:T2T-ViT-7][209/300] loss=1.2666 ce=1.2666 guidance=0.0000 beta=0.00 train_acc=69.67% test_acc=49.46% best=49.53% lr=0.00011124839 time=12.9s est_300=1h 02m 53s
[ALG:T2T-ViT-7][210/300] loss=1.2319 ce=1.2319 guidance=0.0000 beta=0.00 train_acc=70.45% test_acc=48.93% best=49.53% lr=0.00010912791 time=13.1s est_300=1h 02m 54s
[ALG:T2T-ViT-7][211/300] loss=1.1850 ce=1.1850 guidance=0.0000 beta=0.00 train_acc=71.76% test_acc=47.00% best=49.53% lr=0.00010702315 time=13.1s est_300=1h 02m 54s
[ALG:T2T-ViT-7][212/300] loss=1.1836 ce=1.1836 guidance=0.0000 beta=0.00 train_acc=71.31% test_acc=48.17% best=49.53% lr=0.00010493434 time=13.5s est_300=1h 02m 56s
[ALG:T2T-ViT-7][213/300] loss=1.2275 ce=1.2275 guidance=0.0000 beta=0.00 train_acc=70.18% test_acc=48.43% best=49.53% lr=0.00010286172 time=12.8s est_300=1h 02m 56s
[ALG:T2T-ViT-7][214/300] loss=1.2135 ce=1.2135 guidance=0.0000 beta=0.00 train_acc=71.33% test_acc=48.10% best=49.53% lr=0.0001008055 time=11.8s est_300=1h 02m 55s
[ALG:T2T-ViT-7][215/300] loss=1.1988 ce=1.1988 guidance=0.0000 beta=0.00 train_acc=71.25% test_acc=48.67% best=49.53% lr=9.8765924e-05 time=12.8s est_300=1h 02m 55s
[ALG:T2T-ViT-7][216/300] loss=1.1844 ce=1.1844 guidance=0.0000 beta=0.00 train_acc=72.27% test_acc=48.48% best=49.53% lr=9.6743203e-05 time=12.3s est_300=1h 02m 55s
[ALG:T2T-ViT-7][217/300] loss=1.1940 ce=1.1940 guidance=0.0000 beta=0.00 train_acc=71.76% test_acc=49.28% best=49.53% lr=9.4737563e-05 time=12.5s est_300=1h 02m 55s
[ALG:T2T-ViT-7][218/300] loss=1.1739 ce=1.1739 guidance=0.0000 beta=0.00 train_acc=71.62% test_acc=48.91% best=49.53% lr=9.2749222e-05 time=12.8s est_300=1h 02m 55s
[ALG:T2T-ViT-7][219/300] loss=1.1770 ce=1.1770 guidance=0.0000 beta=0.00 train_acc=71.67% test_acc=48.46% best=49.53% lr=9.0778401e-05 time=13.3s est_300=1h 02m 56s
[ALG:T2T-ViT-7][220/300] loss=1.1591 ce=1.1591 guidance=0.0000 beta=0.00 train_acc=72.13% test_acc=49.83% best=49.83% lr=8.8825313e-05 time=12.5s est_300=1h 02m 56s
[ALG:T2T-ViT-7][221/300] loss=1.1340 ce=1.1340 guidance=0.0000 beta=0.00 train_acc=72.98% test_acc=48.60% best=49.83% lr=8.6890175e-05 time=12.3s est_300=1h 02m 56s
[ALG:T2T-ViT-7][222/300] loss=1.1290 ce=1.1290 guidance=0.0000 beta=0.00 train_acc=73.37% test_acc=49.72% best=49.83% lr=8.4973198e-05 time=11.6s est_300=1h 02m 54s
[ALG:T2T-ViT-7][223/300] loss=1.1215 ce=1.1215 guidance=0.0000 beta=0.00 train_acc=73.47% test_acc=48.12% best=49.83% lr=8.3074591e-05 time=11.7s est_300=1h 02m 53s
[ALG:T2T-ViT-7][224/300] loss=1.1140 ce=1.1140 guidance=0.0000 beta=0.00 train_acc=73.76% test_acc=48.74% best=49.83% lr=8.1194564e-05 time=13.5s est_300=1h 02m 54s
[ALG:T2T-ViT-7][225/300] loss=1.1355 ce=1.1355 guidance=0.0000 beta=0.00 train_acc=73.08% test_acc=48.83% best=49.83% lr=7.9333323e-05 time=12.2s est_300=1h 02m 54s
[ALG:T2T-ViT-7][226/300] loss=1.1419 ce=1.1419 guidance=0.0000 beta=0.00 train_acc=72.74% test_acc=48.86% best=49.83% lr=7.7491072e-05 time=12.6s est_300=1h 02m 54s
[ALG:T2T-ViT-7][227/300] loss=1.0992 ce=1.0992 guidance=0.0000 beta=0.00 train_acc=73.51% test_acc=47.96% best=49.83% lr=7.5668012e-05 time=11.7s est_300=1h 02m 53s
[ALG:T2T-ViT-7][228/300] loss=1.1015 ce=1.1015 guidance=0.0000 beta=0.00 train_acc=73.34% test_acc=49.41% best=49.83% lr=7.3864344e-05 time=13.5s est_300=1h 02m 54s
[ALG:T2T-ViT-7][229/300] loss=1.1313 ce=1.1313 guidance=0.0000 beta=0.00 train_acc=72.91% test_acc=48.88% best=49.83% lr=7.2080265e-05 time=11.7s est_300=1h 02m 53s
[ALG:T2T-ViT-7][230/300] loss=1.1206 ce=1.1206 guidance=0.0000 beta=0.00 train_acc=72.61% test_acc=49.91% best=49.91% lr=7.0315971e-05 time=12.5s est_300=1h 02m 53s
[ALG:T2T-ViT-7][231/300] loss=1.1321 ce=1.1321 guidance=0.0000 beta=0.00 train_acc=72.93% test_acc=49.12% best=49.91% lr=6.8571656e-05 time=12.5s est_300=1h 02m 53s
[ALG:T2T-ViT-7][232/300] loss=1.1381 ce=1.1381 guidance=0.0000 beta=0.00 train_acc=73.28% test_acc=49.74% best=49.91% lr=6.684751e-05 time=11.7s est_300=1h 02m 51s
[ALG:T2T-ViT-7][233/300] loss=1.1348 ce=1.1348 guidance=0.0000 beta=0.00 train_acc=73.28% test_acc=48.65% best=49.91% lr=6.5143724e-05 time=12.1s est_300=1h 02m 51s
[ALG:T2T-ViT-7][234/300] loss=1.1051 ce=1.1051 guidance=0.0000 beta=0.00 train_acc=73.85% test_acc=49.17% best=49.91% lr=6.3460483e-05 time=11.3s est_300=1h 02m 49s
[ALG:T2T-ViT-7][235/300] loss=1.0934 ce=1.0934 guidance=0.0000 beta=0.00 train_acc=74.51% test_acc=49.00% best=49.91% lr=6.1797972e-05 time=10.9s est_300=1h 02m 47s
[ALG:T2T-ViT-7][236/300] loss=1.0613 ce=1.0613 guidance=0.0000 beta=0.00 train_acc=75.07% test_acc=49.45% best=49.91% lr=6.0156375e-05 time=12.4s est_300=1h 02m 47s
[ALG:T2T-ViT-7][237/300] loss=1.0746 ce=1.0746 guidance=0.0000 beta=0.00 train_acc=74.13% test_acc=49.43% best=49.91% lr=5.8535869e-05 time=12.3s est_300=1h 02m 46s
[ALG:T2T-ViT-7][238/300] loss=1.0981 ce=1.0981 guidance=0.0000 beta=0.00 train_acc=74.34% test_acc=48.31% best=49.91% lr=5.6936634e-05 time=12.1s est_300=1h 02m 46s
[ALG:T2T-ViT-7][239/300] loss=1.0901 ce=1.0901 guidance=0.0000 beta=0.00 train_acc=74.81% test_acc=49.50% best=49.91% lr=5.5358845e-05 time=13.4s est_300=1h 02m 47s
[ALG:T2T-ViT-7][240/300] loss=1.0655 ce=1.0655 guidance=0.0000 beta=0.00 train_acc=74.76% test_acc=49.62% best=49.91% lr=5.3802675e-05 time=13.7s est_300=1h 02m 48s
[ALG:T2T-ViT-7][241/300] loss=1.0597 ce=1.0597 guidance=0.0000 beta=0.00 train_acc=74.83% test_acc=48.45% best=49.91% lr=5.2268294e-05 time=12.8s est_300=1h 02m 49s
[ALG:T2T-ViT-7][242/300] loss=1.0576 ce=1.0576 guidance=0.0000 beta=0.00 train_acc=74.80% test_acc=49.31% best=49.91% lr=5.0755871e-05 time=12.2s est_300=1h 02m 48s
[ALG:T2T-ViT-7][243/300] loss=1.0420 ce=1.0420 guidance=0.0000 beta=0.00 train_acc=74.63% test_acc=49.22% best=49.91% lr=4.9265571e-05 time=12.9s est_300=1h 02m 49s
[ALG:T2T-ViT-7][244/300] loss=1.0284 ce=1.0284 guidance=0.0000 beta=0.00 train_acc=75.61% test_acc=49.02% best=49.91% lr=4.7797558e-05 time=12.9s est_300=1h 02m 49s
[ALG:T2T-ViT-7][245/300] loss=1.0556 ce=1.0556 guidance=0.0000 beta=0.00 train_acc=74.39% test_acc=49.38% best=49.91% lr=4.6351993e-05 time=13.2s est_300=1h 02m 50s
[ALG:T2T-ViT-7][246/300] loss=1.0115 ce=1.0115 guidance=0.0000 beta=0.00 train_acc=75.92% test_acc=49.86% best=49.91% lr=4.4929034e-05 time=11.6s est_300=1h 02m 49s
[ALG:T2T-ViT-7][247/300] loss=1.0203 ce=1.0203 guidance=0.0000 beta=0.00 train_acc=76.17% test_acc=49.03% best=49.91% lr=4.3528838e-05 time=11.3s est_300=1h 02m 47s
[ALG:T2T-ViT-7][248/300] loss=1.0141 ce=1.0141 guidance=0.0000 beta=0.00 train_acc=76.85% test_acc=49.81% best=49.91% lr=4.2151558e-05 time=12.9s est_300=1h 02m 48s
[ALG:T2T-ViT-7][249/300] loss=1.0159 ce=1.0159 guidance=0.0000 beta=0.00 train_acc=75.85% test_acc=50.50% best=50.50% lr=4.0797346e-05 time=12.2s est_300=1h 02m 47s
[ALG:T2T-ViT-7][250/300] loss=1.0155 ce=1.0155 guidance=0.0000 beta=0.00 train_acc=76.00% test_acc=49.41% best=50.50% lr=3.9466348e-05 time=13.4s est_300=1h 02m 48s
[ALG:T2T-ViT-7][251/300] loss=1.0200 ce=1.0200 guidance=0.0000 beta=0.00 train_acc=76.00% test_acc=49.52% best=50.50% lr=3.8158713e-05 time=11.5s est_300=1h 02m 47s
[ALG:T2T-ViT-7][252/300] loss=1.0284 ce=1.0284 guidance=0.0000 beta=0.00 train_acc=75.54% test_acc=50.16% best=50.50% lr=3.6874582e-05 time=12.8s est_300=1h 02m 47s
[ALG:T2T-ViT-7][253/300] loss=0.9970 ce=0.9970 guidance=0.0000 beta=0.00 train_acc=76.26% test_acc=49.83% best=50.50% lr=3.5614097e-05 time=12.4s est_300=1h 02m 47s
[ALG:T2T-ViT-7][254/300] loss=1.0270 ce=1.0270 guidance=0.0000 beta=0.00 train_acc=75.39% test_acc=50.36% best=50.50% lr=3.4377396e-05 time=12.3s est_300=1h 02m 47s
[ALG:T2T-ViT-7][255/300] loss=0.9921 ce=0.9921 guidance=0.0000 beta=0.00 train_acc=76.36% test_acc=49.86% best=50.50% lr=3.3164614e-05 time=11.0s est_300=1h 02m 45s
[ALG:T2T-ViT-7][256/300] loss=0.9988 ce=0.9988 guidance=0.0000 beta=0.00 train_acc=76.10% test_acc=49.50% best=50.50% lr=3.1975885e-05 time=11.7s est_300=1h 02m 44s
[ALG:T2T-ViT-7][257/300] loss=1.0054 ce=1.0054 guidance=0.0000 beta=0.00 train_acc=75.80% test_acc=49.79% best=50.50% lr=3.0811339e-05 time=12.5s est_300=1h 02m 44s
[ALG:T2T-ViT-7][258/300] loss=1.0169 ce=1.0169 guidance=0.0000 beta=0.00 train_acc=75.92% test_acc=49.76% best=50.50% lr=2.9671104e-05 time=11.5s est_300=1h 02m 43s
[ALG:T2T-ViT-7][259/300] loss=0.9608 ce=0.9608 guidance=0.0000 beta=0.00 train_acc=76.55% test_acc=49.90% best=50.50% lr=2.8555305e-05 time=12.8s est_300=1h 02m 43s
[ALG:T2T-ViT-7][260/300] loss=0.9974 ce=0.9974 guidance=0.0000 beta=0.00 train_acc=76.56% test_acc=50.21% best=50.50% lr=2.7464063e-05 time=11.9s est_300=1h 02m 42s
[ALG:T2T-ViT-7][261/300] loss=0.9801 ce=0.9801 guidance=0.0000 beta=0.00 train_acc=76.58% test_acc=49.59% best=50.50% lr=2.6397499e-05 time=12.0s est_300=1h 02m 42s
[ALG:T2T-ViT-7][262/300] loss=0.9829 ce=0.9829 guidance=0.0000 beta=0.00 train_acc=76.66% test_acc=50.26% best=50.50% lr=2.535573e-05 time=13.5s est_300=1h 02m 43s
[ALG:T2T-ViT-7][263/300] loss=0.9882 ce=0.9882 guidance=0.0000 beta=0.00 train_acc=76.07% test_acc=50.38% best=50.50% lr=2.433887e-05 time=13.1s est_300=1h 02m 43s
[ALG:T2T-ViT-7][264/300] loss=0.9981 ce=0.9981 guidance=0.0000 beta=0.00 train_acc=76.92% test_acc=50.41% best=50.50% lr=2.334703e-05 time=12.6s est_300=1h 02m 44s
[ALG:T2T-ViT-7][265/300] loss=0.9488 ce=0.9488 guidance=0.0000 beta=0.00 train_acc=77.14% test_acc=50.17% best=50.50% lr=2.238032e-05 time=14.1s est_300=1h 02m 45s
[ALG:T2T-ViT-7][266/300] loss=1.0095 ce=1.0095 guidance=0.0000 beta=0.00 train_acc=76.00% test_acc=50.09% best=50.50% lr=2.1438844e-05 time=13.2s est_300=1h 02m 46s
[ALG:T2T-ViT-7][267/300] loss=0.9729 ce=0.9729 guidance=0.0000 beta=0.00 train_acc=76.68% test_acc=49.62% best=50.50% lr=2.0522708e-05 time=12.5s est_300=1h 02m 46s
[ALG:T2T-ViT-7][268/300] loss=0.9488 ce=0.9488 guidance=0.0000 beta=0.00 train_acc=77.29% test_acc=49.98% best=50.50% lr=1.963201e-05 time=13.2s est_300=1h 02m 47s
[ALG:T2T-ViT-7][269/300] loss=0.9775 ce=0.9775 guidance=0.0000 beta=0.00 train_acc=76.82% test_acc=49.98% best=50.50% lr=1.8766848e-05 time=12.4s est_300=1h 02m 47s
[ALG:T2T-ViT-7][270/300] loss=0.9890 ce=0.9890 guidance=0.0000 beta=0.00 train_acc=76.65% test_acc=49.79% best=50.50% lr=1.7927319e-05 time=11.8s est_300=1h 02m 46s
[ALG:T2T-ViT-7][271/300] loss=0.9569 ce=0.9569 guidance=0.0000 beta=0.00 train_acc=77.00% test_acc=49.72% best=50.50% lr=1.7113512e-05 time=12.5s est_300=1h 02m 46s
[ALG:T2T-ViT-7][272/300] loss=0.9731 ce=0.9731 guidance=0.0000 beta=0.00 train_acc=76.24% test_acc=49.69% best=50.50% lr=1.6325519e-05 time=11.8s est_300=1h 02m 45s
[ALG:T2T-ViT-7][273/300] loss=0.9943 ce=0.9943 guidance=0.0000 beta=0.00 train_acc=76.56% test_acc=49.72% best=50.50% lr=1.5563424e-05 time=13.3s est_300=1h 02m 46s
[ALG:T2T-ViT-7][274/300] loss=0.9549 ce=0.9549 guidance=0.0000 beta=0.00 train_acc=77.65% test_acc=49.72% best=50.50% lr=1.4827313e-05 time=13.8s est_300=1h 02m 47s
[ALG:T2T-ViT-7][275/300] loss=0.9976 ce=0.9976 guidance=0.0000 beta=0.00 train_acc=76.82% test_acc=49.62% best=50.50% lr=1.4117265e-05 time=13.0s est_300=1h 02m 47s
[ALG:T2T-ViT-7][276/300] loss=0.9874 ce=0.9874 guidance=0.0000 beta=0.00 train_acc=76.38% test_acc=49.62% best=50.50% lr=1.3433358e-05 time=12.4s est_300=1h 02m 47s
[ALG:T2T-ViT-7][277/300] loss=0.9380 ce=0.9380 guidance=0.0000 beta=0.00 train_acc=77.63% test_acc=49.71% best=50.50% lr=1.2775668e-05 time=12.4s est_300=1h 02m 47s
[ALG:T2T-ViT-7][278/300] loss=0.9597 ce=0.9597 guidance=0.0000 beta=0.00 train_acc=77.62% test_acc=49.65% best=50.50% lr=1.2144266e-05 time=12.9s est_300=1h 02m 47s
[ALG:T2T-ViT-7][279/300] loss=0.9635 ce=0.9635 guidance=0.0000 beta=0.00 train_acc=76.89% test_acc=49.67% best=50.50% lr=1.1539222e-05 time=12.0s est_300=1h 02m 47s
[ALG:T2T-ViT-7][280/300] loss=0.9838 ce=0.9838 guidance=0.0000 beta=0.00 train_acc=76.78% test_acc=49.72% best=50.50% lr=1.0960601e-05 time=12.7s est_300=1h 02m 47s
[ALG:T2T-ViT-7][281/300] loss=0.9551 ce=0.9551 guidance=0.0000 beta=0.00 train_acc=77.04% test_acc=50.09% best=50.50% lr=1.0408469e-05 time=13.6s est_300=1h 02m 48s
[ALG:T2T-ViT-7][282/300] loss=0.9871 ce=0.9871 guidance=0.0000 beta=0.00 train_acc=76.73% test_acc=49.95% best=50.50% lr=9.8828843e-06 time=13.8s est_300=1h 02m 50s
[ALG:T2T-ViT-7][283/300] loss=0.9772 ce=0.9772 guidance=0.0000 beta=0.00 train_acc=76.65% test_acc=50.00% best=50.50% lr=9.3839054e-06 time=12.3s est_300=1h 02m 49s
[ALG:T2T-ViT-7][284/300] loss=0.9834 ce=0.9834 guidance=0.0000 beta=0.00 train_acc=76.34% test_acc=49.69% best=50.50% lr=8.911587e-06 time=13.2s est_300=1h 02m 50s
[ALG:T2T-ViT-7][285/300] loss=0.9431 ce=0.9431 guidance=0.0000 beta=0.00 train_acc=77.77% test_acc=50.29% best=50.50% lr=8.4659808e-06 time=12.7s est_300=1h 02m 50s
[ALG:T2T-ViT-7][286/300] loss=0.9610 ce=0.9610 guidance=0.0000 beta=0.00 train_acc=76.97% test_acc=50.09% best=50.50% lr=8.0471357e-06 time=11.9s est_300=1h 02m 49s
[ALG:T2T-ViT-7][287/300] loss=0.9645 ce=0.9645 guidance=0.0000 beta=0.00 train_acc=77.41% test_acc=50.02% best=50.50% lr=7.6550976e-06 time=10.9s est_300=1h 02m 48s
[ALG:T2T-ViT-7][288/300] loss=0.9428 ce=0.9428 guidance=0.0000 beta=0.00 train_acc=77.34% test_acc=50.10% best=50.50% lr=7.2899095e-06 time=13.0s est_300=1h 02m 48s
[ALG:T2T-ViT-7][289/300] loss=0.9451 ce=0.9451 guidance=0.0000 beta=0.00 train_acc=77.24% test_acc=50.12% best=50.50% lr=6.9516114e-06 time=11.6s est_300=1h 02m 47s
[ALG:T2T-ViT-7][290/300] loss=0.9579 ce=0.9579 guidance=0.0000 beta=0.00 train_acc=77.04% test_acc=50.10% best=50.50% lr=6.6402405e-06 time=14.1s est_300=1h 02m 49s
[ALG:T2T-ViT-7][291/300] loss=0.9807 ce=0.9807 guidance=0.0000 beta=0.00 train_acc=76.75% test_acc=50.31% best=50.50% lr=6.3558309e-06 time=12.2s est_300=1h 02m 48s
[ALG:T2T-ViT-7][292/300] loss=0.8992 ce=0.8992 guidance=0.0000 beta=0.00 train_acc=78.24% test_acc=50.40% best=50.50% lr=6.0984138e-06 time=13.9s est_300=1h 02m 50s
[ALG:T2T-ViT-7][293/300] loss=0.9255 ce=0.9255 guidance=0.0000 beta=0.00 train_acc=77.16% test_acc=50.16% best=50.50% lr=5.8680173e-06 time=13.6s est_300=1h 02m 51s
[ALG:T2T-ViT-7][294/300] loss=0.9306 ce=0.9306 guidance=0.0000 beta=0.00 train_acc=78.16% test_acc=50.28% best=50.50% lr=5.6646669e-06 time=13.9s est_300=1h 02m 52s
[ALG:T2T-ViT-7][295/300] loss=0.9584 ce=0.9584 guidance=0.0000 beta=0.00 train_acc=76.63% test_acc=50.57% best=50.57% lr=5.4883847e-06 time=12.5s est_300=1h 02m 52s
[ALG:T2T-ViT-7][296/300] loss=0.9575 ce=0.9575 guidance=0.0000 beta=0.00 train_acc=77.41% test_acc=50.52% best=50.57% lr=5.3391901e-06 time=12.9s est_300=1h 02m 52s
[ALG:T2T-ViT-7][297/300] loss=0.9389 ce=0.9389 guidance=0.0000 beta=0.00 train_acc=77.75% test_acc=50.40% best=50.57% lr=5.2170996e-06 time=13.5s est_300=1h 02m 53s
[ALG:T2T-ViT-7][298/300] loss=0.9698 ce=0.9698 guidance=0.0000 beta=0.00 train_acc=76.77% test_acc=50.17% best=50.57% lr=5.1221263e-06 time=12.8s est_300=1h 02m 53s
[ALG:T2T-ViT-7][299/300] loss=0.9586 ce=0.9586 guidance=0.0000 beta=0.00 train_acc=77.06% test_acc=50.41% best=50.57% lr=5.0542808e-06 time=12.3s est_300=1h 02m 53s
[ALG:T2T-ViT-7][300/300] loss=0.9301 ce=0.9301 guidance=0.0000 beta=0.00 train_acc=77.43% test_acc=50.47% best=50.57% lr=5.0135706e-06 time=12.3s est_300=1h 02m 53s
[TIMING_RESULT] student=T2T-ViT-7 method=ALG batch=128 avg_epoch=12.58s estimated_300=1h 02m 53s
[FINAL_RESULT] summary=/app/output/table1_cub200_t2t_vit7_all_full_seed1/students/table1_cub200_t2t_vit_7_alg_b128_full_300ep_seed1/summary.json
[DONE] Table-1 CUB student task completed successfully.
[STUDENT_IDENTITY_CHECK_TABLE1_CUB200] status=PASS student=T2T-ViT-7 method=ALG batch=128 teacher=06f75192b1c108c89e480843cb4f72dfb28aa762d7b11e7ac327333dd54b51f5
[TASK_DONE] 3/5 T2T-ViT-7/ALG elapsed=1h 03m 09s
------------------------------------------------------------------------------------------------
[TASK_START] 4/5 T2T-ViT-7/OursB64
[COMMAND][OursB64] /usr/bin/python /app/scratch/input/bapedragon_555/methods/table1_cub200/train.py --full-run --student t2t_vit_7 --method ours --batch-size 64 --data-dir /app/output/table1_cub200_t2t_vit7_all_full_seed1/data/cub200 --teacher-root /app/scratch/input/bapedragon_555/teachers/checkpoints/cub200_table1_resnet56_32 --output-dir /app/output/table1_cub200_t2t_vit7_all_full_seed1/students --run-name table1_cub200_t2t_vit_7_ours_b64_full_300ep_seed1 --num-workers 4
[BOOT] Python process started: /usr/bin/python
[BOOT] complete Table-1 runtime dependencies already available
/usr/local/lib/python3.10/dist-packages/timm/models/layers/__init__.py:49: FutureWarning: Importing from timm.models.layers is deprecated, please import via timm.layers
  warnings.warn(f"Importing from {__name__} is deprecated, please import via timm.layers", FutureWarning)
========================================================================================
CUB-200 TABLE-1 EXTENSION
========================================================================================
[TASK] student=T2T-ViT-7 method=OURS batch=64 mode=full_300ep
[MODE] actual_epochs=300 planned_epochs=300
[PROTOCOL_LOCK] dataset=CUB-200-2011 split=5994/5794 teacher=ResNet56-scratch-32 student=scratch-224 epochs=300 AdamW=5e-4->5e-6 wd=0.05 warmup=20 seed=1 fp32=True
[FIXED_TEACHER_TABLE1_CUB200] h200_build=543 root=/app/scratch/input/bapedragon_555/teachers/checkpoints/cub200_table1_resnet56_32 sha256=06f75192b1c108c89e480843cb4f72dfb28aa762d7b11e7ac327333dd54b51f5
[SOURCE] official_lg_repo=https://github.com/lkhl/tiny-transformers commit=d2165f74049c906b0afc9f957491960fb3c0cc8b
[MODEL] params=4,104,622 feature_dims=(256, 256, 256, 256, 256, 256, 256) selected_lg=(0, 3, 6)
[FEATURE_CHECK] student=((2, 256, 14, 14), (2, 256, 14, 14), (2, 256, 14, 14), (2, 256, 14, 14), (2, 256, 14, 14), (2, 256, 14, 14), (2, 256, 14, 14)) teacher=((2, 16, 32, 32), (2, 32, 16, 16), (2, 64, 8, 8)) guidance_probe=11.422573
[OURS_ADAPTER] all_blocks=True common_channels=192 common_grid=14 adapter_params=345,408 ours_params=55,886
[OPTIMIZER] contract=ours_single_group_all_parameters_decay_0.05
[OURS:T2T-ViT-7][001/300] loss=96.7881 ce=5.3504 guidance=36.5751 beta=2.50 train_acc=0.50% test_acc=0.52% best=0.52% lr=5e-07 time=15.3s est_300=1h 16m 17s
[OURS:T2T-ViT-7][002/300] loss=85.7283 ce=5.3377 guidance=32.1562 beta=2.50 train_acc=0.50% test_acc=0.50% best=0.52% lr=2.5475e-05 time=13.9s est_300=1h 12m 51s
[OURS:T2T-ViT-7][003/300] loss=74.3641 ce=5.3195 guidance=27.6179 beta=2.50 train_acc=0.49% test_acc=0.59% best=0.59% lr=5.045e-05 time=15.0s est_300=1h 13m 38s
[OURS:T2T-ViT-7][004/300] loss=69.1658 ce=5.3137 guidance=25.5408 beta=2.50 train_acc=0.30% test_acc=0.60% best=0.60% lr=7.5425e-05 time=14.6s est_300=1h 13m 32s
[OURS:T2T-ViT-7][005/300] loss=62.9254 ce=5.3102 guidance=23.0461 beta=2.50 train_acc=0.47% test_acc=0.93% best=0.93% lr=0.0001004 time=14.9s est_300=1h 13m 47s
[OURS:T2T-ViT-7][006/300] loss=57.0898 ce=5.2675 guidance=20.7289 beta=2.50 train_acc=0.49% test_acc=0.76% best=0.93% lr=0.000125375 time=15.3s est_300=1h 14m 15s
[OURS:T2T-ViT-7][007/300] loss=54.2539 ce=5.1845 guidance=19.6277 beta=2.50 train_acc=0.87% test_acc=1.50% best=1.50% lr=0.00015035 time=14.6s est_300=1h 14m 05s
[OURS:T2T-ViT-7][008/300] loss=52.0095 ce=5.1178 guidance=18.7567 beta=2.50 train_acc=1.33% test_acc=1.93% best=1.93% lr=0.000175325 time=14.2s est_300=1h 13m 41s
[OURS:T2T-ViT-7][009/300] loss=50.5361 ce=5.0576 guidance=18.1914 beta=2.50 train_acc=1.76% test_acc=2.85% best=2.85% lr=0.0002003 time=13.9s est_300=1h 13m 12s
[OURS:T2T-ViT-7][010/300] loss=49.2899 ce=4.9575 guidance=17.7330 beta=2.50 train_acc=2.44% test_acc=3.99% best=3.99% lr=0.000225275 time=14.0s est_300=1h 12m 53s
[OURS:T2T-ViT-7][011/300] loss=47.5326 ce=4.8543 guidance=17.0713 beta=2.50 train_acc=3.14% test_acc=5.04% best=5.04% lr=0.00025025 time=15.2s est_300=1h 13m 09s
[OURS:T2T-ViT-7][012/300] loss=46.5325 ce=4.7466 guidance=16.7144 beta=2.50 train_acc=4.07% test_acc=5.63% best=5.63% lr=0.000275225 time=15.2s est_300=1h 13m 24s
[OURS:T2T-ViT-7][013/300] loss=44.7967 ce=4.6693 guidance=16.0510 beta=2.50 train_acc=4.81% test_acc=6.45% best=6.45% lr=0.0003002 time=15.3s est_300=1h 13m 39s
[OURS:T2T-ViT-7][014/300] loss=43.5937 ce=4.5705 guidance=15.6093 beta=2.50 train_acc=5.81% test_acc=7.73% best=7.73% lr=0.000325175 time=14.7s est_300=1h 13m 38s
[OURS:T2T-ViT-7][015/300] loss=42.5780 ce=4.4784 guidance=15.2398 beta=2.50 train_acc=6.64% test_acc=9.65% best=9.65% lr=0.00035015 time=14.9s est_300=1h 13m 41s
[OURS:T2T-ViT-7][016/300] loss=41.5576 ce=4.4026 guidance=14.8620 beta=2.50 train_acc=7.73% test_acc=10.58% best=10.58% lr=0.000375125 time=15.3s est_300=1h 13m 53s
[OURS:T2T-ViT-7][017/300] loss=40.3553 ce=4.3312 guidance=14.4096 beta=2.50 train_acc=8.82% test_acc=11.67% best=11.67% lr=0.0004001 time=14.7s est_300=1h 13m 51s
[OURS:T2T-ViT-7][018/300] loss=39.5016 ce=4.2317 guidance=14.1080 beta=2.50 train_acc=9.56% test_acc=12.63% best=12.63% lr=0.000425075 time=14.5s est_300=1h 13m 46s
[OURS:T2T-ViT-7][019/300] loss=38.6493 ce=4.1741 guidance=13.7901 beta=2.50 train_acc=9.53% test_acc=13.84% best=13.84% lr=0.00045005 time=13.8s est_300=1h 13m 30s
[OURS:T2T-ViT-7][020/300] loss=37.9954 ce=4.0820 guidance=13.5654 beta=2.50 train_acc=10.87% test_acc=14.58% best=14.58% lr=0.000475025 time=14.4s est_300=1h 13m 26s
[OURS:T2T-ViT-7][021/300] loss=37.2731 ce=4.0426 guidance=13.2922 beta=2.50 train_acc=12.26% test_acc=16.59% best=16.59% lr=0.00049459153 time=14.2s est_300=1h 13m 19s
[OURS:T2T-ViT-7][022/300] loss=36.4630 ce=3.9274 guidance=13.0142 beta=2.50 train_acc=13.74% test_acc=17.95% best=17.95% lr=0.0004940394 time=14.6s est_300=1h 13m 18s
[OURS:T2T-ViT-7][023/300] loss=35.9645 ce=3.8598 guidance=12.8419 beta=2.50 train_acc=14.52% test_acc=19.49% best=19.49% lr=0.00049346078 time=14.3s est_300=1h 13m 14s
[OURS:T2T-ViT-7][024/300] loss=35.2359 ce=3.8013 guidance=12.5738 beta=2.50 train_acc=16.33% test_acc=20.61% best=20.61% lr=0.00049285573 time=14.6s est_300=1h 13m 13s
[OURS:T2T-ViT-7][025/300] loss=34.4918 ce=3.7398 guidance=12.3008 beta=2.50 train_acc=15.98% test_acc=22.20% best=22.20% lr=0.00049222433 time=14.1s est_300=1h 13m 06s
[OURS:T2T-ViT-7][026/300] loss=33.9695 ce=3.6735 guidance=12.1184 beta=2.50 train_acc=17.66% test_acc=22.97% best=22.97% lr=0.00049156664 time=13.3s est_300=1h 12m 51s
[OURS:T2T-ViT-7][027/300] loss=33.2219 ce=3.6057 guidance=11.8465 beta=2.50 train_acc=19.04% test_acc=23.56% best=23.56% lr=0.00049088274 time=14.5s est_300=1h 12m 50s
[OURS:T2T-ViT-7][028/300] loss=32.7274 ce=3.5887 guidance=11.6555 beta=2.50 train_acc=20.33% test_acc=24.61% best=24.61% lr=0.00049017269 time=15.3s est_300=1h 12m 58s
[OURS:T2T-ViT-7][029/300] loss=32.0958 ce=3.5405 guidance=11.4221 beta=2.50 train_acc=20.33% test_acc=26.75% best=26.75% lr=0.00048943658 time=14.6s est_300=1h 12m 58s
[OURS:T2T-ViT-7][030/300] loss=31.7373 ce=3.4814 guidance=11.3024 beta=2.50 train_acc=21.37% test_acc=27.13% best=27.13% lr=0.00048867448 time=14.1s est_300=1h 12m 53s
[OURS:T2T-ViT-7][031/300] loss=31.3331 ce=3.4356 guidance=11.1590 beta=2.50 train_acc=22.50% test_acc=26.77% best=27.13% lr=0.00048788649 time=14.5s est_300=1h 12m 52s
[OURS:T2T-ViT-7][032/300] loss=30.9078 ce=3.3104 guidance=11.0390 beta=2.50 train_acc=24.63% test_acc=28.03% best=28.03% lr=0.00048707268 time=14.5s est_300=1h 12m 51s
[OURS:T2T-ViT-7][033/300] loss=30.5912 ce=3.3455 guidance=10.8983 beta=2.50 train_acc=24.31% test_acc=31.33% best=31.33% lr=0.00048623315 time=14.7s est_300=1h 12m 53s
[OURS:T2T-ViT-7][034/300] loss=30.3813 ce=3.2623 guidance=10.8476 beta=2.50 train_acc=25.94% test_acc=31.95% best=31.95% lr=0.00048536799 time=14.7s est_300=1h 12m 54s
[OURS:T2T-ViT-7][035/300] loss=30.0018 ce=3.2097 guidance=10.7168 beta=2.50 train_acc=27.28% test_acc=32.19% best=32.19% lr=0.00048447729 time=14.1s est_300=1h 12m 50s
[OURS:T2T-ViT-7][036/300] loss=29.6582 ce=3.1889 guidance=10.5877 beta=2.50 train_acc=27.12% test_acc=31.10% best=32.19% lr=0.00048356116 time=14.5s est_300=1h 12m 49s
[OURS:T2T-ViT-7][037/300] loss=29.5585 ce=3.1382 guidance=10.5681 beta=2.50 train_acc=27.81% test_acc=34.48% best=34.48% lr=0.00048261968 time=14.2s est_300=1h 12m 46s
[OURS:T2T-ViT-7][038/300] loss=28.9475 ce=3.0413 guidance=10.3625 beta=2.50 train_acc=29.75% test_acc=33.45% best=34.48% lr=0.00048165297 time=14.0s est_300=1h 12m 42s
[OURS:T2T-ViT-7][039/300] loss=28.8467 ce=3.0320 guidance=10.3259 beta=2.50 train_acc=30.46% test_acc=36.07% best=36.07% lr=0.00048066113 time=14.4s est_300=1h 12m 40s
[OURS:T2T-ViT-7][040/300] loss=28.4799 ce=2.9948 guidance=10.1941 beta=2.50 train_acc=30.91% test_acc=36.24% best=36.24% lr=0.00047964427 time=14.7s est_300=1h 12m 41s
[OURS:T2T-ViT-7][041/300] loss=28.1952 ce=2.9684 guidance=10.0907 beta=2.50 train_acc=31.89% test_acc=36.76% best=36.76% lr=0.0004786025 time=13.1s est_300=1h 12m 31s
[OURS:T2T-ViT-7][042/300] loss=28.1617 ce=2.8888 guidance=10.1092 beta=2.50 train_acc=33.08% test_acc=37.57% best=37.57% lr=0.00047753594 time=13.7s est_300=1h 12m 26s
[OURS:T2T-ViT-7][043/300] loss=27.9676 ce=2.8988 guidance=10.0275 beta=2.50 train_acc=33.03% test_acc=38.94% best=38.94% lr=0.0004764447 time=15.2s est_300=1h 12m 30s
[OURS:T2T-ViT-7][044/300] loss=27.7520 ce=2.8501 guidance=9.9608 beta=2.50 train_acc=34.48% test_acc=36.97% best=38.94% lr=0.0004753289 time=15.3s est_300=1h 12m 36s
[OURS:T2T-ViT-7][045/300] loss=27.5496 ce=2.8129 guidance=9.8947 beta=2.50 train_acc=34.85% test_acc=38.09% best=38.94% lr=0.00047418866 time=14.2s est_300=1h 12m 34s
[OURS:T2T-ViT-7][046/300] loss=27.4198 ce=2.7822 guidance=9.8550 beta=2.50 train_acc=34.64% test_acc=37.68% best=38.94% lr=0.00047302411 time=14.6s est_300=1h 12m 34s
[OURS:T2T-ViT-7][047/300] loss=27.1379 ce=2.7593 guidance=9.7514 beta=2.50 train_acc=36.14% test_acc=38.16% best=38.94% lr=0.00047183539 time=14.5s est_300=1h 12m 34s
[OURS:T2T-ViT-7][048/300] loss=26.9747 ce=2.7327 guidance=9.6968 beta=2.50 train_acc=36.07% test_acc=38.92% best=38.94% lr=0.0004706226 time=13.8s est_300=1h 12m 29s
[OURS:T2T-ViT-7][049/300] loss=26.7785 ce=2.7088 guidance=9.6279 beta=2.50 train_acc=36.48% test_acc=40.16% best=40.16% lr=0.0004693859 time=13.8s est_300=1h 12m 25s
[OURS:T2T-ViT-7][050/300] loss=26.6112 ce=2.6688 guidance=9.5769 beta=2.50 train_acc=37.90% test_acc=39.37% best=40.16% lr=0.00046812542 time=14.3s est_300=1h 12m 24s
[OURS:T2T-ViT-7][051/300] loss=26.4945 ce=2.6489 guidance=9.5382 beta=2.50 train_acc=38.04% test_acc=40.94% best=40.94% lr=0.00046684129 time=14.7s est_300=1h 12m 25s
[OURS:T2T-ViT-7][052/300] loss=26.4110 ce=2.6601 guidance=9.5004 beta=2.50 train_acc=38.54% test_acc=40.09% best=40.94% lr=0.00046553365 time=14.7s est_300=1h 12m 27s
[OURS:T2T-ViT-7][053/300] loss=26.2810 ce=2.6101 guidance=9.4684 beta=2.50 train_acc=39.08% test_acc=40.54% best=40.94% lr=0.00046420265 time=14.7s est_300=1h 12m 28s
[OURS:T2T-ViT-7][054/300] loss=26.1982 ce=2.5711 guidance=9.4508 beta=2.50 train_acc=40.29% test_acc=42.54% best=42.54% lr=0.00046284844 time=14.7s est_300=1h 12m 29s
[OURS:T2T-ViT-7][055/300] loss=26.1545 ce=2.5269 guidance=9.4510 beta=2.50 train_acc=40.04% test_acc=41.39% best=42.54% lr=0.00046147116 time=13.9s est_300=1h 12m 25s
[OURS:T2T-ViT-7][056/300] loss=25.9060 ce=2.5476 guidance=9.3434 beta=2.50 train_acc=40.54% test_acc=42.80% best=42.80% lr=0.00046007097 time=14.7s est_300=1h 12m 26s
[OURS:T2T-ViT-7][057/300] loss=25.9218 ce=2.4970 guidance=9.3700 beta=2.50 train_acc=40.32% test_acc=42.41% best=42.80% lr=0.00045864801 time=14.8s est_300=1h 12m 28s
[OURS:T2T-ViT-7][058/300] loss=25.6990 ce=2.4979 guidance=9.2805 beta=2.50 train_acc=41.47% test_acc=42.11% best=42.80% lr=0.00045720244 time=13.4s est_300=1h 12m 23s
[OURS:T2T-ViT-7][059/300] loss=25.5079 ce=2.4393 guidance=9.2274 beta=2.50 train_acc=42.00% test_acc=42.44% best=42.80% lr=0.00045573443 time=14.8s est_300=1h 12m 24s
[OURS:T2T-ViT-7][060/300] loss=25.4846 ce=2.4206 guidance=9.2256 beta=2.50 train_acc=42.25% test_acc=41.77% best=42.80% lr=0.00045424413 time=15.3s est_300=1h 12m 28s
[OURS:T2T-ViT-7][061/300] loss=25.4403 ce=2.4284 guidance=9.2048 beta=2.50 train_acc=43.08% test_acc=41.85% best=42.80% lr=0.00045273171 time=13.9s est_300=1h 12m 25s
[OURS:T2T-ViT-7][062/300] loss=25.1757 ce=2.3903 guidance=9.1142 beta=2.50 train_acc=44.05% test_acc=42.25% best=42.80% lr=0.00045119733 time=14.4s est_300=1h 12m 25s
[OURS:T2T-ViT-7][063/300] loss=25.1441 ce=2.3316 guidance=9.1250 beta=2.50 train_acc=45.23% test_acc=43.37% best=43.37% lr=0.00044964115 time=14.0s est_300=1h 12m 22s
[OURS:T2T-ViT-7][064/300] loss=25.0977 ce=2.3734 guidance=9.0897 beta=2.50 train_acc=43.35% test_acc=43.80% best=43.80% lr=0.00044806337 time=15.3s est_300=1h 12m 26s
[OURS:T2T-ViT-7][065/300] loss=24.9526 ce=2.3596 guidance=9.0372 beta=2.50 train_acc=44.12% test_acc=43.89% best=43.89% lr=0.00044646413 time=14.0s est_300=1h 12m 24s
[OURS:T2T-ViT-7][066/300] loss=25.0368 ce=2.3004 guidance=9.0946 beta=2.50 train_acc=46.17% test_acc=43.55% best=43.89% lr=0.00044484363 time=14.9s est_300=1h 12m 26s
[OURS:T2T-ViT-7][067/300] loss=24.8773 ce=2.2972 guidance=9.0320 beta=2.50 train_acc=45.35% test_acc=44.53% best=44.53% lr=0.00044320203 time=14.8s est_300=1h 12m 27s
[OURS:T2T-ViT-7][068/300] loss=24.6267 ce=2.2900 guidance=8.9347 beta=2.50 train_acc=46.49% test_acc=44.20% best=44.53% lr=0.00044153952 time=14.0s est_300=1h 12m 25s
[OURS:T2T-ViT-7][069/300] loss=24.7477 ce=2.2869 guidance=8.9843 beta=2.50 train_acc=46.49% test_acc=44.87% best=44.87% lr=0.00043985628 time=14.5s est_300=1h 12m 25s
[OURS:T2T-ViT-7][070/300] loss=24.6994 ce=2.2234 guidance=8.9904 beta=2.50 train_acc=47.28% test_acc=45.22% best=45.22% lr=0.00043815249 time=14.3s est_300=1h 12m 24s
[OURS:T2T-ViT-7][071/300] loss=24.5301 ce=2.2469 guidance=8.9133 beta=2.50 train_acc=47.30% test_acc=44.39% best=45.22% lr=0.00043642834 time=13.3s est_300=1h 12m 19s
[OURS:T2T-ViT-7][072/300] loss=24.5792 ce=2.2150 guidance=8.9457 beta=2.50 train_acc=47.38% test_acc=45.46% best=45.46% lr=0.00043468403 time=14.5s est_300=1h 12m 19s
[OURS:T2T-ViT-7][073/300] loss=24.4237 ce=2.1691 guidance=8.9018 beta=2.50 train_acc=49.40% test_acc=45.03% best=45.46% lr=0.00043291974 time=14.4s est_300=1h 12m 19s
[OURS:T2T-ViT-7][074/300] loss=24.2918 ce=2.1628 guidance=8.8516 beta=2.50 train_acc=48.29% test_acc=44.94% best=45.46% lr=0.00043113566 time=14.0s est_300=1h 12m 17s
[OURS:T2T-ViT-7][075/300] loss=24.2256 ce=2.1110 guidance=8.8458 beta=2.50 train_acc=49.58% test_acc=45.18% best=45.46% lr=0.00042933199 time=14.6s est_300=1h 12m 18s
[OURS:T2T-ViT-7][076/300] loss=24.4118 ce=2.1589 guidance=8.9012 beta=2.50 train_acc=48.91% test_acc=46.96% best=46.96% lr=0.00042750893 time=14.7s est_300=1h 12m 19s
[OURS:T2T-ViT-7][077/300] loss=24.1121 ce=2.1389 guidance=8.7893 beta=2.50 train_acc=49.51% test_acc=45.91% best=46.96% lr=0.00042566668 time=14.8s est_300=1h 12m 20s
[OURS:T2T-ViT-7][078/300] loss=24.1116 ce=2.1265 guidance=8.7941 beta=2.50 train_acc=49.83% test_acc=46.38% best=46.96% lr=0.00042380544 time=14.8s est_300=1h 12m 21s
[OURS:T2T-ViT-7][079/300] loss=24.0260 ce=2.1081 guidance=8.7672 beta=2.50 train_acc=50.84% test_acc=45.37% best=46.96% lr=0.00042192541 time=14.6s est_300=1h 12m 22s
[OURS:T2T-ViT-7][080/300] loss=23.9644 ce=2.0920 guidance=8.7490 beta=2.50 train_acc=49.80% test_acc=46.17% best=46.96% lr=0.0004200268 time=14.8s est_300=1h 12m 23s
[OURS:T2T-ViT-7][081/300] loss=23.9413 ce=2.1496 guidance=8.7167 beta=2.50 train_acc=48.52% test_acc=46.46% best=46.96% lr=0.00041810983 time=14.6s est_300=1h 12m 23s
[OURS:T2T-ViT-7][082/300] loss=23.8936 ce=2.0790 guidance=8.7259 beta=2.50 train_acc=50.86% test_acc=45.12% best=46.96% lr=0.00041617469 time=14.5s est_300=1h 12m 23s
[OURS:T2T-ViT-7][083/300] loss=23.8934 ce=2.0936 guidance=8.7199 beta=2.50 train_acc=49.95% test_acc=47.17% best=47.17% lr=0.0004142216 time=15.5s est_300=1h 12m 27s
[OURS:T2T-ViT-7][084/300] loss=23.7457 ce=2.0327 guidance=8.6852 beta=2.50 train_acc=52.10% test_acc=46.12% best=47.17% lr=0.00041225078 time=15.4s est_300=1h 12m 30s
[OURS:T2T-ViT-7][085/300] loss=23.6195 ce=1.9947 guidance=8.6499 beta=2.50 train_acc=52.92% test_acc=47.32% best=47.32% lr=0.00041026244 time=15.2s est_300=1h 12m 33s
[OURS:T2T-ViT-7][086/300] loss=23.7225 ce=2.0108 guidance=8.6847 beta=2.50 train_acc=51.76% test_acc=45.81% best=47.32% lr=0.0004082568 time=15.4s est_300=1h 12m 36s
[OURS:T2T-ViT-7][087/300] loss=23.5487 ce=2.0212 guidance=8.6110 beta=2.50 train_acc=52.20% test_acc=47.03% best=47.32% lr=0.00040623408 time=15.0s est_300=1h 12m 38s
[OURS:T2T-ViT-7][088/300] loss=23.6667 ce=2.0022 guidance=8.6658 beta=2.50 train_acc=51.97% test_acc=47.31% best=47.32% lr=0.0004041945 time=14.4s est_300=1h 12m 37s
[OURS:T2T-ViT-7][089/300] loss=23.5619 ce=1.9670 guidance=8.6380 beta=2.50 train_acc=53.12% test_acc=46.69% best=47.32% lr=0.00040213828 time=14.4s est_300=1h 12m 37s
[OURS:T2T-ViT-7][090/300] loss=23.4459 ce=1.9308 guidance=8.6060 beta=2.50 train_acc=54.37% test_acc=47.08% best=47.32% lr=0.00040006566 time=14.4s est_300=1h 12m 36s
[OURS:T2T-ViT-7][091/300] loss=23.5526 ce=1.9503 guidance=8.6409 beta=2.50 train_acc=53.14% test_acc=46.01% best=47.32% lr=0.00039797685 time=14.9s est_300=1h 12m 37s
[OURS:T2T-ViT-7][092/300] loss=23.5277 ce=1.9573 guidance=8.6282 beta=2.50 train_acc=54.54% test_acc=46.39% best=47.32% lr=0.00039587209 time=15.3s est_300=1h 12m 40s
[OURS:T2T-ViT-7][093/300] loss=23.3222 ce=1.9221 guidance=8.5601 beta=2.50 train_acc=54.44% test_acc=45.84% best=47.32% lr=0.00039375161 time=13.7s est_300=1h 12m 37s
[OURS:T2T-ViT-7][094/300] loss=23.2583 ce=1.9054 guidance=8.5412 beta=2.50 train_acc=54.64% test_acc=45.20% best=47.32% lr=0.00039161564 time=13.8s est_300=1h 12m 35s
[OURS:T2T-ViT-7][095/300] loss=23.2410 ce=1.8849 guidance=8.5424 beta=2.50 train_acc=54.75% test_acc=47.34% best=47.34% lr=0.00038946441 time=14.0s est_300=1h 12m 33s
[OURS:T2T-ViT-7][096/300] loss=23.2588 ce=1.9196 guidance=8.5357 beta=2.50 train_acc=54.67% test_acc=47.20% best=47.34% lr=0.00038729816 time=14.7s est_300=1h 12m 34s
[OURS:T2T-ViT-7][097/300] loss=23.1198 ce=1.8422 guidance=8.5111 beta=2.50 train_acc=56.79% test_acc=47.36% best=47.36% lr=0.00038511713 time=15.2s est_300=1h 12m 36s
[OURS:T2T-ViT-7][098/300] loss=23.0627 ce=1.8334 guidance=8.4918 beta=2.50 train_acc=55.29% test_acc=47.95% best=47.95% lr=0.00038292156 time=14.3s est_300=1h 12m 35s
[OURS:T2T-ViT-7][099/300] loss=23.1372 ce=1.8464 guidance=8.5163 beta=2.50 train_acc=55.91% test_acc=46.43% best=47.95% lr=0.00038071168 time=15.3s est_300=1h 12m 37s
[OURS:T2T-ViT-7][100/300] loss=23.0404 ce=1.8688 guidance=8.4686 beta=2.50 train_acc=54.81% test_acc=46.82% best=47.95% lr=0.00037848775 time=14.6s est_300=1h 12m 38s
[OURS:T2T-ViT-7][101/300] loss=22.8652 ce=1.8448 guidance=8.4081 beta=2.50 train_acc=56.03% test_acc=47.13% best=47.95% lr=0.00037625 time=15.0s est_300=1h 12m 39s
[OURS:T2T-ViT-7][102/300] loss=22.9485 ce=1.8150 guidance=8.4534 beta=2.50 train_acc=56.17% test_acc=48.71% best=48.71% lr=0.00037399868 time=15.4s est_300=1h 12m 42s
[OURS:T2T-ViT-7][103/300] loss=22.9129 ce=1.8247 guidance=8.4353 beta=2.50 train_acc=56.80% test_acc=47.38% best=48.71% lr=0.00037173403 time=14.7s est_300=1h 12m 42s
[OURS:T2T-ViT-7][104/300] loss=23.0360 ce=1.8276 guidance=8.4833 beta=2.50 train_acc=56.54% test_acc=48.12% best=48.71% lr=0.00036945631 time=15.1s est_300=1h 12m 44s
[OURS:T2T-ViT-7][105/300] loss=22.8533 ce=1.7761 guidance=8.4309 beta=2.50 train_acc=57.95% test_acc=47.01% best=48.71% lr=0.00036716577 time=14.8s est_300=1h 12m 44s
[OURS:T2T-ViT-7][106/300] loss=22.9225 ce=1.8311 guidance=8.4366 beta=2.50 train_acc=56.40% test_acc=47.10% best=48.71% lr=0.00036486265 time=15.3s est_300=1h 12m 46s
[OURS:T2T-ViT-7][107/300] loss=22.8530 ce=1.7849 guidance=8.4272 beta=2.50 train_acc=57.61% test_acc=48.21% best=48.71% lr=0.00036254721 time=14.7s est_300=1h 12m 47s
[OURS:T2T-ViT-7][108/300] loss=22.8120 ce=1.7899 guidance=8.4089 beta=2.50 train_acc=57.61% test_acc=47.65% best=48.71% lr=0.0003602197 time=14.7s est_300=1h 12m 47s
[OURS:T2T-ViT-7][109/300] loss=22.8034 ce=1.7652 guidance=8.4153 beta=2.50 train_acc=58.05% test_acc=48.22% best=48.71% lr=0.00035788037 time=14.9s est_300=1h 12m 48s
[OURS:T2T-ViT-7][110/300] loss=22.5777 ce=1.7038 guidance=8.3496 beta=2.50 train_acc=58.99% test_acc=46.95% best=48.71% lr=0.0003555295 time=13.8s est_300=1h 12m 46s
[OURS:T2T-ViT-7][111/300] loss=22.6461 ce=1.6887 guidance=8.3829 beta=2.50 train_acc=59.68% test_acc=47.84% best=48.71% lr=0.00035316732 time=14.3s est_300=1h 12m 46s
[OURS:T2T-ViT-7][112/300] loss=22.4920 ce=1.7261 guidance=8.3064 beta=2.50 train_acc=59.02% test_acc=47.93% best=48.71% lr=0.0003507941 time=14.8s est_300=1h 12m 46s
[OURS:T2T-ViT-7][113/300] loss=22.4832 ce=1.6988 guidance=8.3138 beta=2.50 train_acc=59.76% test_acc=49.14% best=49.14% lr=0.00034841011 time=14.8s est_300=1h 12m 47s
[OURS:T2T-ViT-7][114/300] loss=22.4021 ce=1.7268 guidance=8.2701 beta=2.50 train_acc=58.89% test_acc=47.64% best=49.14% lr=0.00034601559 time=14.8s est_300=1h 12m 48s
[OURS:T2T-ViT-7][115/300] loss=22.4916 ce=1.6649 guidance=8.3307 beta=2.50 train_acc=60.38% test_acc=47.17% best=49.14% lr=0.00034361083 time=13.6s est_300=1h 12m 45s
[OURS:T2T-ViT-7][116/300] loss=22.4812 ce=1.7226 guidance=8.3034 beta=2.50 train_acc=58.55% test_acc=47.96% best=49.14% lr=0.00034119607 time=14.1s est_300=1h 12m 44s
[OURS:T2T-ViT-7][117/300] loss=22.4589 ce=1.6393 guidance=8.3278 beta=2.50 train_acc=59.83% test_acc=48.38% best=49.14% lr=0.00033877158 time=14.8s est_300=1h 12m 45s
[OURS:T2T-ViT-7][118/300] loss=22.3973 ce=1.6701 guidance=8.2909 beta=2.50 train_acc=59.85% test_acc=46.91% best=49.14% lr=0.00033633764 time=14.2s est_300=1h 12m 44s
[OURS:T2T-ViT-7][119/300] loss=22.3536 ce=1.6407 guidance=8.2852 beta=2.50 train_acc=60.03% test_acc=48.10% best=49.14% lr=0.0003338945 time=14.8s est_300=1h 12m 44s
[OURS:T2T-ViT-7][120/300] loss=22.3941 ce=1.6577 guidance=8.2946 beta=2.50 train_acc=61.36% test_acc=49.10% best=49.14% lr=0.00033144243 time=14.8s est_300=1h 12m 45s
[OURS:T2T-ViT-7][121/300] loss=22.2507 ce=1.6615 guidance=8.2357 beta=2.50 train_acc=60.25% test_acc=48.10% best=49.14% lr=0.00032898171 time=15.3s est_300=1h 12m 47s
[OURS:T2T-ViT-7][122/300] loss=22.2844 ce=1.6737 guidance=8.2443 beta=2.50 train_acc=60.42% test_acc=47.43% best=49.14% lr=0.0003265126 time=15.3s est_300=1h 12m 49s
[OURS:T2T-ViT-7][123/300] loss=22.2753 ce=1.6384 guidance=8.2547 beta=2.50 train_acc=61.48% test_acc=46.82% best=49.14% lr=0.00032403537 time=14.3s est_300=1h 12m 48s
[OURS:T2T-ViT-7][124/300] loss=22.1998 ce=1.6530 guidance=8.2187 beta=2.50 train_acc=60.82% test_acc=48.48% best=49.14% lr=0.0003215503 time=14.7s est_300=1h 12m 48s
[OURS:T2T-ViT-7][125/300] loss=22.0807 ce=1.6122 guidance=8.1874 beta=2.50 train_acc=61.42% test_acc=48.93% best=49.14% lr=0.00031905766 time=13.9s est_300=1h 12m 47s
[OURS:T2T-ViT-7][126/300] loss=22.2675 ce=1.6608 guidance=8.2427 beta=2.50 train_acc=60.38% test_acc=47.98% best=49.14% lr=0.00031655771 time=14.5s est_300=1h 12m 47s
[OURS:T2T-ViT-7][127/300] loss=22.2108 ce=1.6320 guidance=8.2315 beta=2.50 train_acc=61.29% test_acc=47.48% best=49.14% lr=0.00031405075 time=13.4s est_300=1h 12m 44s
[OURS:T2T-ViT-7][128/300] loss=22.0596 ce=1.5838 guidance=8.1903 beta=2.50 train_acc=62.52% test_acc=48.34% best=49.14% lr=0.00031153703 time=13.9s est_300=1h 12m 42s
[OURS:T2T-ViT-7][129/300] loss=22.1327 ce=1.5546 guidance=8.2312 beta=2.50 train_acc=62.37% test_acc=48.17% best=49.14% lr=0.00030901684 time=15.0s est_300=1h 12m 43s
[OURS:T2T-ViT-7][130/300] loss=22.1032 ce=1.5795 guidance=8.2095 beta=2.50 train_acc=62.70% test_acc=48.33% best=49.14% lr=0.00030649045 time=14.1s est_300=1h 12m 42s
[OURS:T2T-ViT-7][131/300] loss=22.0878 ce=1.5761 guidance=8.2047 beta=2.50 train_acc=62.40% test_acc=48.41% best=49.14% lr=0.00030395814 time=14.4s est_300=1h 12m 42s
[OURS:T2T-ViT-7][132/300] loss=21.9520 ce=1.5975 guidance=8.1418 beta=2.50 train_acc=62.89% test_acc=48.60% best=49.14% lr=0.00030142019 time=14.4s est_300=1h 12m 42s
[OURS:T2T-ViT-7][133/300] loss=21.8725 ce=1.5460 guidance=8.1306 beta=2.50 train_acc=63.24% test_acc=48.33% best=49.14% lr=0.00029887688 time=14.5s est_300=1h 12m 42s
[OURS:T2T-ViT-7][134/300] loss=22.0122 ce=1.5350 guidance=8.1909 beta=2.50 train_acc=63.88% test_acc=49.97% best=49.97% lr=0.00029632847 time=15.2s est_300=1h 12m 43s
[OURS:T2T-ViT-7][135/300] loss=1.6022 ce=1.6022 guidance=0.0000 beta=0.00 train_acc=61.09% test_acc=47.29% best=49.97% lr=0.00029377526 time=12.7s est_300=1h 12m 39s
[OURS:T2T-ViT-7][136/300] loss=1.5723 ce=1.5723 guidance=0.0000 beta=0.00 train_acc=62.35% test_acc=48.58% best=49.97% lr=0.00029121753 time=13.2s est_300=1h 12m 36s
[OURS:T2T-ViT-7][137/300] loss=1.5207 ce=1.5207 guidance=0.0000 beta=0.00 train_acc=63.63% test_acc=48.07% best=49.97% lr=0.00028865555 time=13.9s est_300=1h 12m 35s
[OURS:T2T-ViT-7][138/300] loss=1.5468 ce=1.5468 guidance=0.0000 beta=0.00 train_acc=62.13% test_acc=47.84% best=49.97% lr=0.0002860896 time=12.9s est_300=1h 12m 31s
[OURS:T2T-ViT-7][139/300] loss=1.5290 ce=1.5290 guidance=0.0000 beta=0.00 train_acc=63.02% test_acc=49.07% best=49.97% lr=0.00028351998 time=14.0s est_300=1h 12m 30s
[OURS:T2T-ViT-7][140/300] loss=1.5794 ce=1.5794 guidance=0.0000 beta=0.00 train_acc=63.07% test_acc=47.74% best=49.97% lr=0.00028094694 time=11.2s est_300=1h 12m 23s
[OURS:T2T-ViT-7][141/300] loss=1.5056 ce=1.5056 guidance=0.0000 beta=0.00 train_acc=64.35% test_acc=48.03% best=49.97% lr=0.00027837079 time=11.2s est_300=1h 12m 16s
[OURS:T2T-ViT-7][142/300] loss=1.5059 ce=1.5059 guidance=0.0000 beta=0.00 train_acc=64.21% test_acc=48.67% best=49.97% lr=0.00027579181 time=12.7s est_300=1h 12m 12s
[OURS:T2T-ViT-7][143/300] loss=1.4987 ce=1.4987 guidance=0.0000 beta=0.00 train_acc=63.34% test_acc=49.21% best=49.97% lr=0.00027321027 time=12.5s est_300=1h 12m 08s
[OURS:T2T-ViT-7][144/300] loss=1.4635 ce=1.4635 guidance=0.0000 beta=0.00 train_acc=65.86% test_acc=48.62% best=49.97% lr=0.00027062645 time=11.7s est_300=1h 12m 03s
[OURS:T2T-ViT-7][145/300] loss=1.4366 ce=1.4366 guidance=0.0000 beta=0.00 train_acc=65.89% test_acc=48.05% best=49.97% lr=0.00026804065 time=13.3s est_300=1h 12m 00s
[OURS:T2T-ViT-7][146/300] loss=1.4459 ce=1.4459 guidance=0.0000 beta=0.00 train_acc=65.20% test_acc=49.53% best=49.97% lr=0.00026545315 time=12.9s est_300=1h 11m 57s
[OURS:T2T-ViT-7][147/300] loss=1.4282 ce=1.4282 guidance=0.0000 beta=0.00 train_acc=66.21% test_acc=49.48% best=49.97% lr=0.00026286422 time=13.2s est_300=1h 11m 55s
[OURS:T2T-ViT-7][148/300] loss=1.4204 ce=1.4204 guidance=0.0000 beta=0.00 train_acc=66.53% test_acc=48.93% best=49.97% lr=0.00026027416 time=12.1s est_300=1h 11m 50s
[OURS:T2T-ViT-7][149/300] loss=1.4423 ce=1.4423 guidance=0.0000 beta=0.00 train_acc=65.74% test_acc=48.95% best=49.97% lr=0.00025768325 time=11.8s est_300=1h 11m 45s
[OURS:T2T-ViT-7][150/300] loss=1.4493 ce=1.4493 guidance=0.0000 beta=0.00 train_acc=65.31% test_acc=48.69% best=49.97% lr=0.00025509177 time=12.0s est_300=1h 11m 41s
[OURS:T2T-ViT-7][151/300] loss=1.4085 ce=1.4085 guidance=0.0000 beta=0.00 train_acc=66.31% test_acc=49.12% best=49.97% lr=0.0002525 time=13.9s est_300=1h 11m 40s
[OURS:T2T-ViT-7][152/300] loss=1.4090 ce=1.4090 guidance=0.0000 beta=0.00 train_acc=66.33% test_acc=48.36% best=49.97% lr=0.00024990823 time=12.8s est_300=1h 11m 37s
[OURS:T2T-ViT-7][153/300] loss=1.3594 ce=1.3594 guidance=0.0000 beta=0.00 train_acc=67.57% test_acc=49.10% best=49.97% lr=0.00024731675 time=14.0s est_300=1h 11m 36s
[OURS:T2T-ViT-7][154/300] loss=1.3256 ce=1.3256 guidance=0.0000 beta=0.00 train_acc=68.30% test_acc=49.38% best=49.97% lr=0.00024472584 time=12.7s est_300=1h 11m 33s
[OURS:T2T-ViT-7][155/300] loss=1.3867 ce=1.3867 guidance=0.0000 beta=0.00 train_acc=66.63% test_acc=49.15% best=49.97% lr=0.00024213578 time=14.1s est_300=1h 11m 32s
[OURS:T2T-ViT-7][156/300] loss=1.3610 ce=1.3610 guidance=0.0000 beta=0.00 train_acc=67.81% test_acc=50.22% best=50.22% lr=0.00023954685 time=14.0s est_300=1h 11m 32s
[OURS:T2T-ViT-7][157/300] loss=1.3283 ce=1.3283 guidance=0.0000 beta=0.00 train_acc=68.06% test_acc=51.29% best=51.29% lr=0.00023695935 time=13.3s est_300=1h 11m 30s
[OURS:T2T-ViT-7][158/300] loss=1.3664 ce=1.3664 guidance=0.0000 beta=0.00 train_acc=67.20% test_acc=49.76% best=51.29% lr=0.00023437355 time=13.9s est_300=1h 11m 29s
[OURS:T2T-ViT-7][159/300] loss=1.3314 ce=1.3314 guidance=0.0000 beta=0.00 train_acc=68.30% test_acc=49.95% best=51.29% lr=0.00023178973 time=13.9s est_300=1h 11m 28s
[OURS:T2T-ViT-7][160/300] loss=1.3604 ce=1.3604 guidance=0.0000 beta=0.00 train_acc=67.47% test_acc=50.55% best=51.29% lr=0.00022920819 time=12.8s est_300=1h 11m 25s
[OURS:T2T-ViT-7][161/300] loss=1.3040 ce=1.3040 guidance=0.0000 beta=0.00 train_acc=68.65% test_acc=49.40% best=51.29% lr=0.00022662921 time=12.8s est_300=1h 11m 23s
[OURS:T2T-ViT-7][162/300] loss=1.3592 ce=1.3592 guidance=0.0000 beta=0.00 train_acc=67.81% test_acc=50.43% best=51.29% lr=0.00022405306 time=13.2s est_300=1h 11m 21s
[OURS:T2T-ViT-7][163/300] loss=1.3129 ce=1.3129 guidance=0.0000 beta=0.00 train_acc=68.75% test_acc=52.19% best=52.19% lr=0.00022148002 time=13.0s est_300=1h 11m 18s
[OURS:T2T-ViT-7][164/300] loss=1.2679 ce=1.2679 guidance=0.0000 beta=0.00 train_acc=70.25% test_acc=51.43% best=52.19% lr=0.0002189104 time=12.8s est_300=1h 11m 16s
[OURS:T2T-ViT-7][165/300] loss=1.2828 ce=1.2828 guidance=0.0000 beta=0.00 train_acc=69.51% test_acc=50.64% best=52.19% lr=0.00021634445 time=13.0s est_300=1h 11m 14s
[OURS:T2T-ViT-7][166/300] loss=1.2410 ce=1.2410 guidance=0.0000 beta=0.00 train_acc=70.28% test_acc=50.67% best=52.19% lr=0.00021378247 time=11.7s est_300=1h 11m 09s
[OURS:T2T-ViT-7][167/300] loss=1.2535 ce=1.2535 guidance=0.0000 beta=0.00 train_acc=69.88% test_acc=50.88% best=52.19% lr=0.00021122474 time=12.3s est_300=1h 11m 06s
[OURS:T2T-ViT-7][168/300] loss=1.2364 ce=1.2364 guidance=0.0000 beta=0.00 train_acc=70.01% test_acc=50.95% best=52.19% lr=0.00020867153 time=13.8s est_300=1h 11m 05s
[OURS:T2T-ViT-7][169/300] loss=1.2466 ce=1.2466 guidance=0.0000 beta=0.00 train_acc=70.06% test_acc=50.12% best=52.19% lr=0.00020612312 time=12.8s est_300=1h 11m 02s
[OURS:T2T-ViT-7][170/300] loss=1.2627 ce=1.2627 guidance=0.0000 beta=0.00 train_acc=69.59% test_acc=51.67% best=52.19% lr=0.00020357981 time=13.9s est_300=1h 11m 02s
[OURS:T2T-ViT-7][171/300] loss=1.2200 ce=1.2200 guidance=0.0000 beta=0.00 train_acc=70.46% test_acc=50.00% best=52.19% lr=0.00020104186 time=13.2s est_300=1h 11m 00s
[OURS:T2T-ViT-7][172/300] loss=1.2404 ce=1.2404 guidance=0.0000 beta=0.00 train_acc=70.30% test_acc=50.93% best=52.19% lr=0.00019850955 time=12.8s est_300=1h 10m 57s
[OURS:T2T-ViT-7][173/300] loss=1.2104 ce=1.2104 guidance=0.0000 beta=0.00 train_acc=70.87% test_acc=50.07% best=52.19% lr=0.00019598316 time=13.4s est_300=1h 10m 56s
[OURS:T2T-ViT-7][174/300] loss=1.2155 ce=1.2155 guidance=0.0000 beta=0.00 train_acc=71.03% test_acc=50.14% best=52.19% lr=0.00019346297 time=13.6s est_300=1h 10m 55s
[OURS:T2T-ViT-7][175/300] loss=1.1773 ce=1.1773 guidance=0.0000 beta=0.00 train_acc=72.18% test_acc=51.29% best=52.19% lr=0.00019094925 time=13.2s est_300=1h 10m 53s
[OURS:T2T-ViT-7][176/300] loss=1.1864 ce=1.1864 guidance=0.0000 beta=0.00 train_acc=71.66% test_acc=50.43% best=52.19% lr=0.00018844229 time=11.9s est_300=1h 10m 49s
[OURS:T2T-ViT-7][177/300] loss=1.1755 ce=1.1755 guidance=0.0000 beta=0.00 train_acc=71.62% test_acc=51.59% best=52.19% lr=0.00018594234 time=12.0s est_300=1h 10m 46s
[OURS:T2T-ViT-7][178/300] loss=1.1668 ce=1.1668 guidance=0.0000 beta=0.00 train_acc=72.16% test_acc=51.02% best=52.19% lr=0.0001834497 time=13.5s est_300=1h 10m 45s
[OURS:T2T-ViT-7][179/300] loss=1.2025 ce=1.2025 guidance=0.0000 beta=0.00 train_acc=71.10% test_acc=51.69% best=52.19% lr=0.00018096463 time=13.4s est_300=1h 10m 43s
[OURS:T2T-ViT-7][180/300] loss=1.1815 ce=1.1815 guidance=0.0000 beta=0.00 train_acc=71.61% test_acc=52.30% best=52.30% lr=0.0001784874 time=12.5s est_300=1h 10m 41s
[OURS:T2T-ViT-7][181/300] loss=1.1355 ce=1.1355 guidance=0.0000 beta=0.00 train_acc=72.97% test_acc=50.69% best=52.30% lr=0.00017601829 time=11.8s est_300=1h 10m 37s
[OURS:T2T-ViT-7][182/300] loss=1.1501 ce=1.1501 guidance=0.0000 beta=0.00 train_acc=71.99% test_acc=50.95% best=52.30% lr=0.00017355757 time=12.0s est_300=1h 10m 33s
[OURS:T2T-ViT-7][183/300] loss=1.1613 ce=1.1613 guidance=0.0000 beta=0.00 train_acc=72.68% test_acc=50.81% best=52.30% lr=0.0001711055 time=12.1s est_300=1h 10m 30s
[OURS:T2T-ViT-7][184/300] loss=1.0636 ce=1.0636 guidance=0.0000 beta=0.00 train_acc=74.40% test_acc=50.71% best=52.30% lr=0.00016866236 time=13.2s est_300=1h 10m 29s
[OURS:T2T-ViT-7][185/300] loss=1.1290 ce=1.1290 guidance=0.0000 beta=0.00 train_acc=73.07% test_acc=49.78% best=52.30% lr=0.00016622842 time=13.7s est_300=1h 10m 28s
[OURS:T2T-ViT-7][186/300] loss=1.1076 ce=1.1076 guidance=0.0000 beta=0.00 train_acc=73.25% test_acc=50.62% best=52.30% lr=0.00016380393 time=14.1s est_300=1h 10m 28s
[OURS:T2T-ViT-7][187/300] loss=1.0794 ce=1.0794 guidance=0.0000 beta=0.00 train_acc=74.16% test_acc=51.14% best=52.30% lr=0.00016138917 time=13.9s est_300=1h 10m 28s
[OURS:T2T-ViT-7][188/300] loss=1.0729 ce=1.0729 guidance=0.0000 beta=0.00 train_acc=74.04% test_acc=52.69% best=52.69% lr=0.00015898441 time=13.5s est_300=1h 10m 27s
[OURS:T2T-ViT-7][189/300] loss=1.0968 ce=1.0968 guidance=0.0000 beta=0.00 train_acc=73.91% test_acc=51.86% best=52.69% lr=0.00015658989 time=13.4s est_300=1h 10m 26s
[OURS:T2T-ViT-7][190/300] loss=1.0488 ce=1.0488 guidance=0.0000 beta=0.00 train_acc=75.12% test_acc=52.09% best=52.69% lr=0.0001542059 time=13.9s est_300=1h 10m 25s
[OURS:T2T-ViT-7][191/300] loss=1.0677 ce=1.0677 guidance=0.0000 beta=0.00 train_acc=74.51% test_acc=51.26% best=52.69% lr=0.00015183268 time=13.6s est_300=1h 10m 25s
[OURS:T2T-ViT-7][192/300] loss=1.0431 ce=1.0431 guidance=0.0000 beta=0.00 train_acc=75.02% test_acc=51.86% best=52.69% lr=0.0001494705 time=12.4s est_300=1h 10m 22s
[OURS:T2T-ViT-7][193/300] loss=1.0391 ce=1.0391 guidance=0.0000 beta=0.00 train_acc=74.71% test_acc=52.21% best=52.69% lr=0.00014711963 time=11.6s est_300=1h 10m 18s
[OURS:T2T-ViT-7][194/300] loss=1.0252 ce=1.0252 guidance=0.0000 beta=0.00 train_acc=75.37% test_acc=51.55% best=52.69% lr=0.0001447803 time=12.5s est_300=1h 10m 16s
[OURS:T2T-ViT-7][195/300] loss=1.0219 ce=1.0219 guidance=0.0000 beta=0.00 train_acc=75.60% test_acc=52.55% best=52.69% lr=0.00014245279 time=13.9s est_300=1h 10m 16s
[OURS:T2T-ViT-7][196/300] loss=1.0375 ce=1.0375 guidance=0.0000 beta=0.00 train_acc=75.35% test_acc=51.67% best=52.69% lr=0.00014013735 time=13.9s est_300=1h 10m 16s
[OURS:T2T-ViT-7][197/300] loss=1.0358 ce=1.0358 guidance=0.0000 beta=0.00 train_acc=75.91% test_acc=51.81% best=52.69% lr=0.00013783423 time=13.1s est_300=1h 10m 14s
[OURS:T2T-ViT-7][198/300] loss=1.0132 ce=1.0132 guidance=0.0000 beta=0.00 train_acc=75.64% test_acc=52.50% best=52.69% lr=0.00013554369 time=13.2s est_300=1h 10m 13s
[OURS:T2T-ViT-7][199/300] loss=1.0602 ce=1.0602 guidance=0.0000 beta=0.00 train_acc=74.41% test_acc=52.24% best=52.69% lr=0.00013326597 time=12.6s est_300=1h 10m 11s
[OURS:T2T-ViT-7][200/300] loss=0.9941 ce=0.9941 guidance=0.0000 beta=0.00 train_acc=75.87% test_acc=52.92% best=52.92% lr=0.00013100132 time=13.1s est_300=1h 10m 09s
[OURS:T2T-ViT-7][201/300] loss=0.9674 ce=0.9674 guidance=0.0000 beta=0.00 train_acc=77.22% test_acc=52.12% best=52.92% lr=0.00012875 time=13.2s est_300=1h 10m 08s
[OURS:T2T-ViT-7][202/300] loss=0.9757 ce=0.9757 guidance=0.0000 beta=0.00 train_acc=76.48% test_acc=52.28% best=52.92% lr=0.00012651225 time=11.9s est_300=1h 10m 05s
[OURS:T2T-ViT-7][203/300] loss=0.9634 ce=0.9634 guidance=0.0000 beta=0.00 train_acc=76.92% test_acc=52.30% best=52.92% lr=0.00012428832 time=13.3s est_300=1h 10m 04s
[OURS:T2T-ViT-7][204/300] loss=1.0264 ce=1.0264 guidance=0.0000 beta=0.00 train_acc=75.84% test_acc=52.93% best=52.93% lr=0.00012207844 time=13.4s est_300=1h 10m 03s
[OURS:T2T-ViT-7][205/300] loss=0.9717 ce=0.9717 guidance=0.0000 beta=0.00 train_acc=77.07% test_acc=51.16% best=52.93% lr=0.00011988287 time=13.9s est_300=1h 10m 03s
[OURS:T2T-ViT-7][206/300] loss=1.0017 ce=1.0017 guidance=0.0000 beta=0.00 train_acc=76.39% test_acc=52.88% best=52.93% lr=0.00011770184 time=13.1s est_300=1h 10m 02s
[OURS:T2T-ViT-7][207/300] loss=0.9627 ce=0.9627 guidance=0.0000 beta=0.00 train_acc=76.92% test_acc=52.02% best=52.93% lr=0.00011553559 time=13.5s est_300=1h 10m 01s
[OURS:T2T-ViT-7][208/300] loss=0.9709 ce=0.9709 guidance=0.0000 beta=0.00 train_acc=76.98% test_acc=51.14% best=52.93% lr=0.00011338436 time=13.2s est_300=1h 10m 00s
[OURS:T2T-ViT-7][209/300] loss=0.8744 ce=0.8744 guidance=0.0000 beta=0.00 train_acc=79.17% test_acc=52.23% best=52.93% lr=0.00011124839 time=12.9s est_300=1h 09m 58s
[OURS:T2T-ViT-7][210/300] loss=0.9473 ce=0.9473 guidance=0.0000 beta=0.00 train_acc=77.67% test_acc=52.12% best=52.93% lr=0.00010912791 time=12.2s est_300=1h 09m 56s
[OURS:T2T-ViT-7][211/300] loss=0.9145 ce=0.9145 guidance=0.0000 beta=0.00 train_acc=77.94% test_acc=51.47% best=52.93% lr=0.00010702315 time=11.1s est_300=1h 09m 51s
[OURS:T2T-ViT-7][212/300] loss=0.9239 ce=0.9239 guidance=0.0000 beta=0.00 train_acc=78.07% test_acc=52.28% best=52.93% lr=0.00010493434 time=13.7s est_300=1h 09m 51s
[OURS:T2T-ViT-7][213/300] loss=0.8983 ce=0.8983 guidance=0.0000 beta=0.00 train_acc=78.36% test_acc=52.83% best=52.93% lr=0.00010286172 time=12.9s est_300=1h 09m 49s
[OURS:T2T-ViT-7][214/300] loss=0.9213 ce=0.9213 guidance=0.0000 beta=0.00 train_acc=78.36% test_acc=51.92% best=52.93% lr=0.0001008055 time=12.6s est_300=1h 09m 47s
[OURS:T2T-ViT-7][215/300] loss=0.9225 ce=0.9225 guidance=0.0000 beta=0.00 train_acc=78.18% test_acc=52.36% best=52.93% lr=9.8765924e-05 time=13.3s est_300=1h 09m 47s
[OURS:T2T-ViT-7][216/300] loss=0.9150 ce=0.9150 guidance=0.0000 beta=0.00 train_acc=78.75% test_acc=52.54% best=52.93% lr=9.6743203e-05 time=13.0s est_300=1h 09m 45s
[OURS:T2T-ViT-7][217/300] loss=0.8948 ce=0.8948 guidance=0.0000 beta=0.00 train_acc=78.12% test_acc=51.73% best=52.93% lr=9.4737563e-05 time=13.3s est_300=1h 09m 44s
[OURS:T2T-ViT-7][218/300] loss=0.9450 ce=0.9450 guidance=0.0000 beta=0.00 train_acc=77.74% test_acc=52.57% best=52.93% lr=9.2749222e-05 time=12.6s est_300=1h 09m 43s
[OURS:T2T-ViT-7][219/300] loss=0.9003 ce=0.9003 guidance=0.0000 beta=0.00 train_acc=78.75% test_acc=52.36% best=52.93% lr=9.0778401e-05 time=12.5s est_300=1h 09m 41s
[OURS:T2T-ViT-7][220/300] loss=0.8712 ce=0.8712 guidance=0.0000 beta=0.00 train_acc=79.05% test_acc=52.54% best=52.93% lr=8.8825313e-05 time=13.0s est_300=1h 09m 39s
[OURS:T2T-ViT-7][221/300] loss=0.8811 ce=0.8811 guidance=0.0000 beta=0.00 train_acc=79.12% test_acc=52.19% best=52.93% lr=8.6890175e-05 time=13.0s est_300=1h 09m 38s
[OURS:T2T-ViT-7][222/300] loss=0.9304 ce=0.9304 guidance=0.0000 beta=0.00 train_acc=77.54% test_acc=52.50% best=52.93% lr=8.4973198e-05 time=13.2s est_300=1h 09m 37s
[OURS:T2T-ViT-7][223/300] loss=0.9032 ce=0.9032 guidance=0.0000 beta=0.00 train_acc=78.55% test_acc=54.04% best=54.04% lr=8.3074591e-05 time=13.1s est_300=1h 09m 36s
[OURS:T2T-ViT-7][224/300] loss=0.8938 ce=0.8938 guidance=0.0000 beta=0.00 train_acc=78.63% test_acc=53.05% best=54.04% lr=8.1194564e-05 time=12.1s est_300=1h 09m 34s
[OURS:T2T-ViT-7][225/300] loss=0.8914 ce=0.8914 guidance=0.0000 beta=0.00 train_acc=78.91% test_acc=53.05% best=54.04% lr=7.9333323e-05 time=13.9s est_300=1h 09m 34s
[OURS:T2T-ViT-7][226/300] loss=0.8931 ce=0.8931 guidance=0.0000 beta=0.00 train_acc=78.76% test_acc=53.40% best=54.04% lr=7.7491072e-05 time=13.2s est_300=1h 09m 33s
[OURS:T2T-ViT-7][227/300] loss=0.8283 ce=0.8283 guidance=0.0000 beta=0.00 train_acc=79.70% test_acc=52.49% best=54.04% lr=7.5668012e-05 time=13.3s est_300=1h 09m 32s
[OURS:T2T-ViT-7][228/300] loss=0.8832 ce=0.8832 guidance=0.0000 beta=0.00 train_acc=79.03% test_acc=53.30% best=54.04% lr=7.3864344e-05 time=13.1s est_300=1h 09m 31s
[OURS:T2T-ViT-7][229/300] loss=0.8571 ce=0.8571 guidance=0.0000 beta=0.00 train_acc=79.08% test_acc=53.26% best=54.04% lr=7.2080265e-05 time=12.3s est_300=1h 09m 29s
[OURS:T2T-ViT-7][230/300] loss=0.8254 ce=0.8254 guidance=0.0000 beta=0.00 train_acc=79.99% test_acc=51.54% best=54.04% lr=7.0315971e-05 time=13.4s est_300=1h 09m 28s
[OURS:T2T-ViT-7][231/300] loss=0.8533 ce=0.8533 guidance=0.0000 beta=0.00 train_acc=79.59% test_acc=51.88% best=54.04% lr=6.8571656e-05 time=13.4s est_300=1h 09m 27s
[OURS:T2T-ViT-7][232/300] loss=0.8488 ce=0.8488 guidance=0.0000 beta=0.00 train_acc=79.57% test_acc=52.61% best=54.04% lr=6.684751e-05 time=13.1s est_300=1h 09m 26s
[OURS:T2T-ViT-7][233/300] loss=0.8293 ce=0.8293 guidance=0.0000 beta=0.00 train_acc=79.87% test_acc=52.23% best=54.04% lr=6.5143724e-05 time=11.6s est_300=1h 09m 23s
[OURS:T2T-ViT-7][234/300] loss=0.8458 ce=0.8458 guidance=0.0000 beta=0.00 train_acc=80.09% test_acc=53.95% best=54.04% lr=6.3460483e-05 time=11.7s est_300=1h 09m 21s
[OURS:T2T-ViT-7][235/300] loss=0.8197 ce=0.8197 guidance=0.0000 beta=0.00 train_acc=80.61% test_acc=53.31% best=54.04% lr=6.1797972e-05 time=11.6s est_300=1h 09m 18s
[OURS:T2T-ViT-7][236/300] loss=0.7822 ce=0.7822 guidance=0.0000 beta=0.00 train_acc=81.59% test_acc=53.30% best=54.04% lr=6.0156375e-05 time=12.9s est_300=1h 09m 17s
[OURS:T2T-ViT-7][237/300] loss=0.7987 ce=0.7987 guidance=0.0000 beta=0.00 train_acc=81.33% test_acc=52.14% best=54.04% lr=5.8535869e-05 time=12.8s est_300=1h 09m 15s
[OURS:T2T-ViT-7][238/300] loss=0.8041 ce=0.8041 guidance=0.0000 beta=0.00 train_acc=80.78% test_acc=52.54% best=54.04% lr=5.6936634e-05 time=12.1s est_300=1h 09m 13s
[OURS:T2T-ViT-7][239/300] loss=0.7798 ce=0.7798 guidance=0.0000 beta=0.00 train_acc=81.52% test_acc=53.45% best=54.04% lr=5.5358845e-05 time=13.5s est_300=1h 09m 13s
[OURS:T2T-ViT-7][240/300] loss=0.8134 ce=0.8134 guidance=0.0000 beta=0.00 train_acc=80.39% test_acc=53.66% best=54.04% lr=5.3802675e-05 time=12.5s est_300=1h 09m 11s
[OURS:T2T-ViT-7][241/300] loss=0.7982 ce=0.7982 guidance=0.0000 beta=0.00 train_acc=81.05% test_acc=53.54% best=54.04% lr=5.2268294e-05 time=13.7s est_300=1h 09m 11s
[OURS:T2T-ViT-7][242/300] loss=0.7914 ce=0.7914 guidance=0.0000 beta=0.00 train_acc=81.38% test_acc=53.95% best=54.04% lr=5.0755871e-05 time=13.8s est_300=1h 09m 11s
[OURS:T2T-ViT-7][243/300] loss=0.8024 ce=0.8024 guidance=0.0000 beta=0.00 train_acc=80.44% test_acc=52.73% best=54.04% lr=4.9265571e-05 time=13.8s est_300=1h 09m 11s
[OURS:T2T-ViT-7][244/300] loss=0.8344 ce=0.8344 guidance=0.0000 beta=0.00 train_acc=80.04% test_acc=52.83% best=54.04% lr=4.7797558e-05 time=13.3s est_300=1h 09m 10s
[OURS:T2T-ViT-7][245/300] loss=0.8073 ce=0.8073 guidance=0.0000 beta=0.00 train_acc=80.63% test_acc=53.21% best=54.04% lr=4.6351993e-05 time=13.8s est_300=1h 09m 10s
[OURS:T2T-ViT-7][246/300] loss=0.7912 ce=0.7912 guidance=0.0000 beta=0.00 train_acc=80.78% test_acc=53.04% best=54.04% lr=4.4929034e-05 time=13.3s est_300=1h 09m 09s
[OURS:T2T-ViT-7][247/300] loss=0.8065 ce=0.8065 guidance=0.0000 beta=0.00 train_acc=81.25% test_acc=53.28% best=54.04% lr=4.3528838e-05 time=13.4s est_300=1h 09m 09s
[OURS:T2T-ViT-7][248/300] loss=0.7609 ce=0.7609 guidance=0.0000 beta=0.00 train_acc=82.04% test_acc=53.78% best=54.04% lr=4.2151558e-05 time=13.3s est_300=1h 09m 08s
[OURS:T2T-ViT-7][249/300] loss=0.7423 ce=0.7423 guidance=0.0000 beta=0.00 train_acc=81.91% test_acc=53.18% best=54.04% lr=4.0797346e-05 time=13.3s est_300=1h 09m 08s
[OURS:T2T-ViT-7][250/300] loss=0.7566 ce=0.7566 guidance=0.0000 beta=0.00 train_acc=82.44% test_acc=53.07% best=54.04% lr=3.9466348e-05 time=13.6s est_300=1h 09m 07s
[OURS:T2T-ViT-7][251/300] loss=0.7609 ce=0.7609 guidance=0.0000 beta=0.00 train_acc=82.04% test_acc=53.19% best=54.04% lr=3.8158713e-05 time=13.4s est_300=1h 09m 07s
[OURS:T2T-ViT-7][252/300] loss=0.7679 ce=0.7679 guidance=0.0000 beta=0.00 train_acc=82.21% test_acc=53.11% best=54.04% lr=3.6874582e-05 time=13.1s est_300=1h 09m 06s
[OURS:T2T-ViT-7][253/300] loss=0.7623 ce=0.7623 guidance=0.0000 beta=0.00 train_acc=82.34% test_acc=53.64% best=54.04% lr=3.5614097e-05 time=12.9s est_300=1h 09m 05s
[OURS:T2T-ViT-7][254/300] loss=0.7868 ce=0.7868 guidance=0.0000 beta=0.00 train_acc=81.62% test_acc=54.00% best=54.04% lr=3.4377396e-05 time=12.2s est_300=1h 09m 03s
[OURS:T2T-ViT-7][255/300] loss=0.7437 ce=0.7437 guidance=0.0000 beta=0.00 train_acc=82.58% test_acc=53.75% best=54.04% lr=3.3164614e-05 time=11.6s est_300=1h 09m 00s
[OURS:T2T-ViT-7][256/300] loss=0.7747 ce=0.7747 guidance=0.0000 beta=0.00 train_acc=81.79% test_acc=53.54% best=54.04% lr=3.1975885e-05 time=13.1s est_300=1h 09m 00s
[OURS:T2T-ViT-7][257/300] loss=0.7587 ce=0.7587 guidance=0.0000 beta=0.00 train_acc=81.94% test_acc=53.56% best=54.04% lr=3.0811339e-05 time=13.7s est_300=1h 08m 59s
[OURS:T2T-ViT-7][258/300] loss=0.7568 ce=0.7568 guidance=0.0000 beta=0.00 train_acc=82.27% test_acc=53.64% best=54.04% lr=2.9671104e-05 time=12.9s est_300=1h 08m 58s
[OURS:T2T-ViT-7][259/300] loss=0.7327 ce=0.7327 guidance=0.0000 beta=0.00 train_acc=82.69% test_acc=53.75% best=54.04% lr=2.8555305e-05 time=13.5s est_300=1h 08m 58s
[OURS:T2T-ViT-7][260/300] loss=0.7246 ce=0.7246 guidance=0.0000 beta=0.00 train_acc=82.90% test_acc=53.45% best=54.04% lr=2.7464063e-05 time=12.3s est_300=1h 08m 56s
[OURS:T2T-ViT-7][261/300] loss=0.7580 ce=0.7580 guidance=0.0000 beta=0.00 train_acc=81.87% test_acc=53.73% best=54.04% lr=2.6397499e-05 time=13.3s est_300=1h 08m 56s
[OURS:T2T-ViT-7][262/300] loss=0.7472 ce=0.7472 guidance=0.0000 beta=0.00 train_acc=82.12% test_acc=54.07% best=54.07% lr=2.535573e-05 time=12.9s est_300=1h 08m 55s
[OURS:T2T-ViT-7][263/300] loss=0.7385 ce=0.7385 guidance=0.0000 beta=0.00 train_acc=82.16% test_acc=54.04% best=54.07% lr=2.433887e-05 time=13.2s est_300=1h 08m 54s
[OURS:T2T-ViT-7][264/300] loss=0.7617 ce=0.7617 guidance=0.0000 beta=0.00 train_acc=82.34% test_acc=53.99% best=54.07% lr=2.334703e-05 time=12.5s est_300=1h 08m 53s
[OURS:T2T-ViT-7][265/300] loss=0.7722 ce=0.7722 guidance=0.0000 beta=0.00 train_acc=81.69% test_acc=53.68% best=54.07% lr=2.238032e-05 time=12.1s est_300=1h 08m 51s
[OURS:T2T-ViT-7][266/300] loss=0.7493 ce=0.7493 guidance=0.0000 beta=0.00 train_acc=82.07% test_acc=53.83% best=54.07% lr=2.1438844e-05 time=11.7s est_300=1h 08m 48s
[OURS:T2T-ViT-7][267/300] loss=0.7149 ce=0.7149 guidance=0.0000 beta=0.00 train_acc=83.13% test_acc=54.21% best=54.21% lr=2.0522708e-05 time=11.7s est_300=1h 08m 46s
[OURS:T2T-ViT-7][268/300] loss=0.7115 ce=0.7115 guidance=0.0000 beta=0.00 train_acc=83.23% test_acc=53.69% best=54.21% lr=1.963201e-05 time=12.9s est_300=1h 08m 45s
[OURS:T2T-ViT-7][269/300] loss=0.7436 ce=0.7436 guidance=0.0000 beta=0.00 train_acc=82.49% test_acc=54.35% best=54.35% lr=1.8766848e-05 time=12.4s est_300=1h 08m 44s
[OURS:T2T-ViT-7][270/300] loss=0.7425 ce=0.7425 guidance=0.0000 beta=0.00 train_acc=82.48% test_acc=54.30% best=54.35% lr=1.7927319e-05 time=12.4s est_300=1h 08m 42s
[OURS:T2T-ViT-7][271/300] loss=0.7081 ce=0.7081 guidance=0.0000 beta=0.00 train_acc=83.10% test_acc=53.47% best=54.35% lr=1.7113512e-05 time=10.9s est_300=1h 08m 39s
[OURS:T2T-ViT-7][272/300] loss=0.7046 ce=0.7046 guidance=0.0000 beta=0.00 train_acc=83.17% test_acc=54.37% best=54.37% lr=1.6325519e-05 time=10.8s est_300=1h 08m 36s
[OURS:T2T-ViT-7][273/300] loss=0.7376 ce=0.7376 guidance=0.0000 beta=0.00 train_acc=82.26% test_acc=54.26% best=54.37% lr=1.5563424e-05 time=11.6s est_300=1h 08m 33s
[OURS:T2T-ViT-7][274/300] loss=0.7111 ce=0.7111 guidance=0.0000 beta=0.00 train_acc=82.98% test_acc=54.57% best=54.57% lr=1.4827313e-05 time=11.8s est_300=1h 08m 31s
[OURS:T2T-ViT-7][275/300] loss=0.7189 ce=0.7189 guidance=0.0000 beta=0.00 train_acc=82.83% test_acc=53.75% best=54.57% lr=1.4117265e-05 time=12.1s est_300=1h 08m 30s
[OURS:T2T-ViT-7][276/300] loss=0.7121 ce=0.7121 guidance=0.0000 beta=0.00 train_acc=82.95% test_acc=54.59% best=54.59% lr=1.3433358e-05 time=11.7s est_300=1h 08m 27s
[OURS:T2T-ViT-7][277/300] loss=0.7235 ce=0.7235 guidance=0.0000 beta=0.00 train_acc=82.34% test_acc=54.18% best=54.59% lr=1.2775668e-05 time=13.3s est_300=1h 08m 27s
[OURS:T2T-ViT-7][278/300] loss=0.7292 ce=0.7292 guidance=0.0000 beta=0.00 train_acc=82.81% test_acc=54.50% best=54.59% lr=1.2144266e-05 time=13.2s est_300=1h 08m 27s
[OURS:T2T-ViT-7][279/300] loss=0.6727 ce=0.6727 guidance=0.0000 beta=0.00 train_acc=84.01% test_acc=54.30% best=54.59% lr=1.1539222e-05 time=13.6s est_300=1h 08m 26s
[OURS:T2T-ViT-7][280/300] loss=0.7104 ce=0.7104 guidance=0.0000 beta=0.00 train_acc=83.47% test_acc=54.00% best=54.59% lr=1.0960601e-05 time=13.3s est_300=1h 08m 26s
[OURS:T2T-ViT-7][281/300] loss=0.7189 ce=0.7189 guidance=0.0000 beta=0.00 train_acc=82.64% test_acc=54.25% best=54.59% lr=1.0408469e-05 time=13.4s est_300=1h 08m 26s
[OURS:T2T-ViT-7][282/300] loss=0.7075 ce=0.7075 guidance=0.0000 beta=0.00 train_acc=83.48% test_acc=53.81% best=54.59% lr=9.8828843e-06 time=13.2s est_300=1h 08m 25s
[OURS:T2T-ViT-7][283/300] loss=0.6981 ce=0.6981 guidance=0.0000 beta=0.00 train_acc=83.17% test_acc=54.25% best=54.59% lr=9.3839054e-06 time=12.2s est_300=1h 08m 24s
[OURS:T2T-ViT-7][284/300] loss=0.7014 ce=0.7014 guidance=0.0000 beta=0.00 train_acc=83.55% test_acc=54.33% best=54.59% lr=8.911587e-06 time=13.0s est_300=1h 08m 23s
[OURS:T2T-ViT-7][285/300] loss=0.6975 ce=0.6975 guidance=0.0000 beta=0.00 train_acc=83.62% test_acc=54.04% best=54.59% lr=8.4659808e-06 time=12.6s est_300=1h 08m 22s
[OURS:T2T-ViT-7][286/300] loss=0.7011 ce=0.7011 guidance=0.0000 beta=0.00 train_acc=83.00% test_acc=54.25% best=54.59% lr=8.0471357e-06 time=11.7s est_300=1h 08m 20s
[OURS:T2T-ViT-7][287/300] loss=0.7145 ce=0.7145 guidance=0.0000 beta=0.00 train_acc=83.11% test_acc=54.04% best=54.59% lr=7.6550976e-06 time=12.6s est_300=1h 08m 19s
[OURS:T2T-ViT-7][288/300] loss=0.7041 ce=0.7041 guidance=0.0000 beta=0.00 train_acc=83.32% test_acc=54.25% best=54.59% lr=7.2899095e-06 time=12.2s est_300=1h 08m 17s
[OURS:T2T-ViT-7][289/300] loss=0.7086 ce=0.7086 guidance=0.0000 beta=0.00 train_acc=83.23% test_acc=54.16% best=54.59% lr=6.9516114e-06 time=12.7s est_300=1h 08m 16s
[OURS:T2T-ViT-7][290/300] loss=0.6934 ce=0.6934 guidance=0.0000 beta=0.00 train_acc=83.25% test_acc=54.35% best=54.59% lr=6.6402405e-06 time=13.1s est_300=1h 08m 16s
[OURS:T2T-ViT-7][291/300] loss=0.7028 ce=0.7028 guidance=0.0000 beta=0.00 train_acc=83.47% test_acc=54.23% best=54.59% lr=6.3558309e-06 time=13.6s est_300=1h 08m 15s
[OURS:T2T-ViT-7][292/300] loss=0.7151 ce=0.7151 guidance=0.0000 beta=0.00 train_acc=82.81% test_acc=54.18% best=54.59% lr=6.0984138e-06 time=12.8s est_300=1h 08m 15s
[OURS:T2T-ViT-7][293/300] loss=0.7210 ce=0.7210 guidance=0.0000 beta=0.00 train_acc=82.98% test_acc=53.88% best=54.59% lr=5.8680173e-06 time=13.0s est_300=1h 08m 14s
[OURS:T2T-ViT-7][294/300] loss=0.6972 ce=0.6972 guidance=0.0000 beta=0.00 train_acc=82.91% test_acc=54.19% best=54.59% lr=5.6646669e-06 time=12.0s est_300=1h 08m 12s
[OURS:T2T-ViT-7][295/300] loss=0.6863 ce=0.6863 guidance=0.0000 beta=0.00 train_acc=83.57% test_acc=54.25% best=54.59% lr=5.4883847e-06 time=12.9s est_300=1h 08m 12s
[OURS:T2T-ViT-7][296/300] loss=0.7254 ce=0.7254 guidance=0.0000 beta=0.00 train_acc=82.43% test_acc=54.09% best=54.59% lr=5.3391901e-06 time=13.1s est_300=1h 08m 11s
[OURS:T2T-ViT-7][297/300] loss=0.6997 ce=0.6997 guidance=0.0000 beta=0.00 train_acc=83.42% test_acc=54.16% best=54.59% lr=5.2170996e-06 time=13.8s est_300=1h 08m 11s
[OURS:T2T-ViT-7][298/300] loss=0.6696 ce=0.6696 guidance=0.0000 beta=0.00 train_acc=84.11% test_acc=54.18% best=54.59% lr=5.1221263e-06 time=13.5s est_300=1h 08m 11s
[OURS:T2T-ViT-7][299/300] loss=0.6970 ce=0.6970 guidance=0.0000 beta=0.00 train_acc=83.57% test_acc=54.11% best=54.59% lr=5.0542808e-06 time=13.9s est_300=1h 08m 11s
[OURS:T2T-ViT-7][300/300] loss=0.7025 ce=0.7025 guidance=0.0000 beta=0.00 train_acc=83.45% test_acc=54.14% best=54.59% lr=5.0135706e-06 time=12.8s est_300=1h 08m 11s
[TIMING_RESULT] student=T2T-ViT-7 method=OURS batch=64 avg_epoch=13.64s estimated_300=1h 08m 11s
[FINAL_RESULT] summary=/app/output/table1_cub200_t2t_vit7_all_full_seed1/students/table1_cub200_t2t_vit_7_ours_b64_full_300ep_seed1/summary.json
[DONE] Table-1 CUB student task completed successfully.
[STUDENT_IDENTITY_CHECK_TABLE1_CUB200] status=PASS student=T2T-ViT-7 method=OursB64 batch=64 teacher=06f75192b1c108c89e480843cb4f72dfb28aa762d7b11e7ac327333dd54b51f5
[TASK_DONE] 4/5 T2T-ViT-7/OursB64 elapsed=1h 08m 30s
------------------------------------------------------------------------------------------------
[TASK_START] 5/5 T2T-ViT-7/OursB128
[COMMAND][OursB128] /usr/bin/python /app/scratch/input/bapedragon_555/methods/table1_cub200/train.py --full-run --student t2t_vit_7 --method ours --batch-size 128 --data-dir /app/output/table1_cub200_t2t_vit7_all_full_seed1/data/cub200 --teacher-root /app/scratch/input/bapedragon_555/teachers/checkpoints/cub200_table1_resnet56_32 --output-dir /app/output/table1_cub200_t2t_vit7_all_full_seed1/students --run-name table1_cub200_t2t_vit_7_ours_b128_full_300ep_seed1 --num-workers 4
[BOOT] Python process started: /usr/bin/python
[BOOT] complete Table-1 runtime dependencies already available
/usr/local/lib/python3.10/dist-packages/timm/models/layers/__init__.py:49: FutureWarning: Importing from timm.models.layers is deprecated, please import via timm.layers
  warnings.warn(f"Importing from {__name__} is deprecated, please import via timm.layers", FutureWarning)
========================================================================================
CUB-200 TABLE-1 EXTENSION
========================================================================================
[TASK] student=T2T-ViT-7 method=OURS batch=128 mode=full_300ep
[MODE] actual_epochs=300 planned_epochs=300
[PROTOCOL_LOCK] dataset=CUB-200-2011 split=5994/5794 teacher=ResNet56-scratch-32 student=scratch-224 epochs=300 AdamW=5e-4->5e-6 wd=0.05 warmup=20 seed=1 fp32=True
[FIXED_TEACHER_TABLE1_CUB200] h200_build=543 root=/app/scratch/input/bapedragon_555/teachers/checkpoints/cub200_table1_resnet56_32 sha256=06f75192b1c108c89e480843cb4f72dfb28aa762d7b11e7ac327333dd54b51f5
[SOURCE] official_lg_repo=https://github.com/lkhl/tiny-transformers commit=d2165f74049c906b0afc9f957491960fb3c0cc8b
[MODEL] params=4,104,622 feature_dims=(256, 256, 256, 256, 256, 256, 256) selected_lg=(0, 3, 6)
[FEATURE_CHECK] student=((2, 256, 14, 14), (2, 256, 14, 14), (2, 256, 14, 14), (2, 256, 14, 14), (2, 256, 14, 14), (2, 256, 14, 14), (2, 256, 14, 14)) teacher=((2, 16, 32, 32), (2, 32, 16, 16), (2, 64, 8, 8)) guidance_probe=11.422573
[OURS_ADAPTER] all_blocks=True common_channels=192 common_grid=14 adapter_params=345,408 ours_params=55,886
[OPTIMIZER] contract=ours_single_group_all_parameters_decay_0.05
[OURS:T2T-ViT-7][001/300] loss=96.3118 ce=5.3513 guidance=36.3842 beta=2.50 train_acc=0.51% test_acc=0.52% best=0.52% lr=5e-07 time=14.2s est_300=1h 11m 04s
[OURS:T2T-ViT-7][002/300] loss=92.1746 ce=5.3365 guidance=34.7352 beta=2.50 train_acc=0.53% test_acc=0.50% best=0.52% lr=2.5475e-05 time=13.2s est_300=1h 08m 29s
[OURS:T2T-ViT-7][003/300] loss=78.8712 ce=5.3252 guidance=29.4184 beta=2.50 train_acc=0.53% test_acc=0.52% best=0.52% lr=5.045e-05 time=13.0s est_300=1h 07m 19s
[OURS:T2T-ViT-7][004/300] loss=73.5275 ce=5.3125 guidance=27.2860 beta=2.50 train_acc=0.46% test_acc=0.54% best=0.54% lr=7.5425e-05 time=13.0s est_300=1h 06m 46s
[OURS:T2T-ViT-7][005/300] loss=69.6371 ce=5.3097 guidance=25.7310 beta=2.50 train_acc=0.37% test_acc=0.40% best=0.54% lr=0.0001004 time=11.6s est_300=1h 04m 59s
[OURS:T2T-ViT-7][006/300] loss=66.0177 ce=5.3099 guidance=24.2831 beta=2.50 train_acc=0.32% test_acc=0.59% best=0.59% lr=0.000125375 time=13.6s est_300=1h 05m 29s
[OURS:T2T-ViT-7][007/300] loss=61.2514 ce=5.3064 guidance=22.3780 beta=2.50 train_acc=0.32% test_acc=0.98% best=0.98% lr=0.00015035 time=13.5s est_300=1h 05m 45s
[OURS:T2T-ViT-7][008/300] loss=57.0519 ce=5.2766 guidance=20.7101 beta=2.50 train_acc=0.53% test_acc=1.02% best=1.02% lr=0.000175325 time=13.3s est_300=1h 05m 52s
[OURS:T2T-ViT-7][009/300] loss=55.0946 ce=5.1870 guidance=19.9631 beta=2.50 train_acc=0.73% test_acc=1.54% best=1.54% lr=0.0002003 time=11.9s est_300=1h 05m 10s
[OURS:T2T-ViT-7][010/300] loss=53.0959 ce=5.1165 guidance=19.1918 beta=2.50 train_acc=1.58% test_acc=2.05% best=2.05% lr=0.000225275 time=13.8s est_300=1h 05m 31s
[OURS:T2T-ViT-7][011/300] loss=51.5649 ce=5.0658 guidance=18.5996 beta=2.50 train_acc=1.73% test_acc=2.87% best=2.87% lr=0.00025025 time=13.8s est_300=1h 05m 52s
[OURS:T2T-ViT-7][012/300] loss=50.5239 ce=4.9869 guidance=18.2148 beta=2.50 train_acc=2.17% test_acc=3.56% best=3.56% lr=0.000275225 time=13.1s est_300=1h 05m 51s
[OURS:T2T-ViT-7][013/300] loss=49.0503 ce=4.9085 guidance=17.6567 beta=2.50 train_acc=3.38% test_acc=4.28% best=4.28% lr=0.0003002 time=12.9s est_300=1h 05m 44s
[OURS:T2T-ViT-7][014/300] loss=48.3159 ce=4.8180 guidance=17.3992 beta=2.50 train_acc=3.63% test_acc=4.66% best=4.66% lr=0.000325175 time=13.1s est_300=1h 05m 43s
[OURS:T2T-ViT-7][015/300] loss=47.0832 ce=4.7353 guidance=16.9392 beta=2.50 train_acc=4.09% test_acc=6.27% best=6.27% lr=0.00035015 time=13.6s est_300=1h 05m 52s
[OURS:T2T-ViT-7][016/300] loss=45.7895 ce=4.6642 guidance=16.4502 beta=2.50 train_acc=4.84% test_acc=6.78% best=6.78% lr=0.000375125 time=12.4s est_300=1h 05m 38s
[OURS:T2T-ViT-7][017/300] loss=44.8882 ce=4.5852 guidance=16.1212 beta=2.50 train_acc=5.43% test_acc=7.13% best=7.13% lr=0.0004001 time=13.0s est_300=1h 05m 36s
[OURS:T2T-ViT-7][018/300] loss=43.5211 ce=4.5106 guidance=15.6042 beta=2.50 train_acc=6.66% test_acc=8.42% best=8.42% lr=0.000425075 time=12.7s est_300=1h 05m 28s
[OURS:T2T-ViT-7][019/300] loss=42.9609 ce=4.4403 guidance=15.4082 beta=2.50 train_acc=7.05% test_acc=10.32% best=10.32% lr=0.00045005 time=12.1s est_300=1h 05m 12s
[OURS:T2T-ViT-7][020/300] loss=41.9576 ce=4.4203 guidance=15.0149 beta=2.50 train_acc=7.91% test_acc=10.96% best=10.96% lr=0.000475025 time=12.9s est_300=1h 05m 10s
[OURS:T2T-ViT-7][021/300] loss=41.3418 ce=4.3061 guidance=14.8143 beta=2.50 train_acc=9.10% test_acc=12.36% best=12.36% lr=0.00049459153 time=12.1s est_300=1h 04m 57s
[OURS:T2T-ViT-7][022/300] loss=40.4233 ce=4.2144 guidance=14.4835 beta=2.50 train_acc=9.58% test_acc=12.15% best=12.36% lr=0.0004940394 time=12.9s est_300=1h 04m 56s
[OURS:T2T-ViT-7][023/300] loss=40.0194 ce=4.1669 guidance=14.3410 beta=2.50 train_acc=10.41% test_acc=14.53% best=14.53% lr=0.00049346078 time=11.1s est_300=1h 04m 31s
[OURS:T2T-ViT-7][024/300] loss=39.1333 ce=4.0889 guidance=14.0178 beta=2.50 train_acc=11.96% test_acc=14.81% best=14.81% lr=0.00049285573 time=12.4s est_300=1h 04m 26s
[OURS:T2T-ViT-7][025/300] loss=38.3142 ce=4.0297 guidance=13.7138 beta=2.50 train_acc=12.69% test_acc=16.57% best=16.57% lr=0.00049222433 time=13.3s est_300=1h 04m 30s
[OURS:T2T-ViT-7][026/300] loss=38.1474 ce=3.9715 guidance=13.6703 beta=2.50 train_acc=13.06% test_acc=17.29% best=17.29% lr=0.00049156664 time=12.7s est_300=1h 04m 27s
[OURS:T2T-ViT-7][027/300] loss=37.5272 ce=3.9350 guidance=13.4369 beta=2.50 train_acc=13.82% test_acc=18.97% best=18.97% lr=0.00049088274 time=12.2s est_300=1h 04m 19s
[OURS:T2T-ViT-7][028/300] loss=37.0309 ce=3.8746 guidance=13.2625 beta=2.50 train_acc=15.51% test_acc=19.66% best=19.66% lr=0.00049017269 time=13.0s est_300=1h 04m 21s
[OURS:T2T-ViT-7][029/300] loss=36.5699 ce=3.8068 guidance=13.1052 beta=2.50 train_acc=16.24% test_acc=19.83% best=19.83% lr=0.00048943658 time=12.7s est_300=1h 04m 19s
[OURS:T2T-ViT-7][030/300] loss=36.0969 ce=3.7564 guidance=12.9362 beta=2.50 train_acc=17.44% test_acc=22.25% best=22.25% lr=0.00048867448 time=12.3s est_300=1h 04m 14s
[OURS:T2T-ViT-7][031/300] loss=35.4405 ce=3.6931 guidance=12.6990 beta=2.50 train_acc=17.83% test_acc=22.25% best=22.25% lr=0.00048788649 time=12.3s est_300=1h 04m 09s
[OURS:T2T-ViT-7][032/300] loss=35.2139 ce=3.6530 guidance=12.6244 beta=2.50 train_acc=18.83% test_acc=22.83% best=22.83% lr=0.00048707268 time=12.8s est_300=1h 04m 08s
[OURS:T2T-ViT-7][033/300] loss=34.7639 ce=3.6009 guidance=12.4652 beta=2.50 train_acc=19.26% test_acc=25.01% best=25.01% lr=0.00048623315 time=13.6s est_300=1h 04m 15s
[OURS:T2T-ViT-7][034/300] loss=34.3846 ce=3.5692 guidance=12.3262 beta=2.50 train_acc=19.72% test_acc=23.90% best=25.01% lr=0.00048536799 time=13.7s est_300=1h 04m 22s
[OURS:T2T-ViT-7][035/300] loss=34.0055 ce=3.5193 guidance=12.1945 beta=2.50 train_acc=20.60% test_acc=26.22% best=26.22% lr=0.00048447729 time=13.2s est_300=1h 04m 25s
[OURS:T2T-ViT-7][036/300] loss=33.3878 ce=3.4627 guidance=11.9700 beta=2.50 train_acc=22.08% test_acc=27.36% best=27.36% lr=0.00048356116 time=13.4s est_300=1h 04m 29s
[OURS:T2T-ViT-7][037/300] loss=33.1577 ce=3.4275 guidance=11.8921 beta=2.50 train_acc=23.27% test_acc=27.08% best=27.36% lr=0.00048261968 time=13.0s est_300=1h 04m 30s
[OURS:T2T-ViT-7][038/300] loss=32.8087 ce=3.3899 guidance=11.7675 beta=2.50 train_acc=23.37% test_acc=28.06% best=28.06% lr=0.00048165297 time=13.9s est_300=1h 04m 38s
[OURS:T2T-ViT-7][039/300] loss=32.3306 ce=3.3293 guidance=11.6005 beta=2.50 train_acc=24.39% test_acc=30.24% best=30.24% lr=0.00048066113 time=13.7s est_300=1h 04m 44s
[OURS:T2T-ViT-7][040/300] loss=32.0679 ce=3.3180 guidance=11.5000 beta=2.50 train_acc=23.96% test_acc=31.10% best=31.10% lr=0.00047964427 time=13.0s est_300=1h 04m 44s
[OURS:T2T-ViT-7][041/300] loss=31.7192 ce=3.2810 guidance=11.3753 beta=2.50 train_acc=25.32% test_acc=29.65% best=31.10% lr=0.0004786025 time=13.4s est_300=1h 04m 47s
[OURS:T2T-ViT-7][042/300] loss=31.3913 ce=3.2544 guidance=11.2548 beta=2.50 train_acc=25.90% test_acc=30.45% best=31.10% lr=0.00047753594 time=12.2s est_300=1h 04m 42s
[OURS:T2T-ViT-7][043/300] loss=31.1821 ce=3.1829 guidance=11.1997 beta=2.50 train_acc=27.00% test_acc=32.31% best=32.31% lr=0.0004764447 time=11.6s est_300=1h 04m 33s
[OURS:T2T-ViT-7][044/300] loss=30.7899 ce=3.2185 guidance=11.0286 beta=2.50 train_acc=26.53% test_acc=32.64% best=32.64% lr=0.0004753289 time=12.8s est_300=1h 04m 32s
[OURS:T2T-ViT-7][045/300] loss=30.6156 ce=3.1147 guidance=11.0003 beta=2.50 train_acc=28.82% test_acc=32.59% best=32.64% lr=0.00047418866 time=11.9s est_300=1h 04m 25s
[OURS:T2T-ViT-7][046/300] loss=30.2247 ce=3.0924 guidance=10.8529 beta=2.50 train_acc=29.48% test_acc=32.50% best=32.64% lr=0.00047302411 time=12.6s est_300=1h 04m 23s
[OURS:T2T-ViT-7][047/300] loss=30.1371 ce=3.0550 guidance=10.8329 beta=2.50 train_acc=29.28% test_acc=34.45% best=34.45% lr=0.00047183539 time=12.9s est_300=1h 04m 24s
[OURS:T2T-ViT-7][048/300] loss=29.8018 ce=3.0612 guidance=10.6963 beta=2.50 train_acc=29.35% test_acc=33.09% best=34.45% lr=0.0004706226 time=11.2s est_300=1h 04m 13s
[OURS:T2T-ViT-7][049/300] loss=29.6226 ce=2.9636 guidance=10.6636 beta=2.50 train_acc=31.01% test_acc=34.52% best=34.52% lr=0.0004693859 time=13.5s est_300=1h 04m 18s
[OURS:T2T-ViT-7][050/300] loss=29.5761 ce=2.9508 guidance=10.6501 beta=2.50 train_acc=32.00% test_acc=36.16% best=36.16% lr=0.00046812542 time=13.1s est_300=1h 04m 19s
[OURS:T2T-ViT-7][051/300] loss=29.1186 ce=2.9180 guidance=10.4803 beta=2.50 train_acc=32.22% test_acc=35.73% best=36.16% lr=0.00046684129 time=12.8s est_300=1h 04m 19s
[OURS:T2T-ViT-7][052/300] loss=29.1108 ce=2.8990 guidance=10.4847 beta=2.50 train_acc=33.27% test_acc=36.50% best=36.50% lr=0.00046553365 time=13.0s est_300=1h 04m 20s
[OURS:T2T-ViT-7][053/300] loss=28.8992 ce=2.8628 guidance=10.4146 beta=2.50 train_acc=33.88% test_acc=36.90% best=36.90% lr=0.00046420265 time=13.2s est_300=1h 04m 21s
[OURS:T2T-ViT-7][054/300] loss=28.7994 ce=2.7910 guidance=10.4034 beta=2.50 train_acc=35.00% test_acc=36.04% best=36.90% lr=0.00046284844 time=11.7s est_300=1h 04m 15s
[OURS:T2T-ViT-7][055/300] loss=28.4918 ce=2.8305 guidance=10.2645 beta=2.50 train_acc=34.36% test_acc=36.85% best=36.90% lr=0.00046147116 time=12.7s est_300=1h 04m 14s
[OURS:T2T-ViT-7][056/300] loss=28.5058 ce=2.8272 guidance=10.2714 beta=2.50 train_acc=34.70% test_acc=37.94% best=37.94% lr=0.00046007097 time=13.3s est_300=1h 04m 16s
[OURS:T2T-ViT-7][057/300] loss=28.2600 ce=2.7670 guidance=10.1972 beta=2.50 train_acc=35.46% test_acc=37.66% best=37.94% lr=0.00045864801 time=13.5s est_300=1h 04m 20s
[OURS:T2T-ViT-7][058/300] loss=28.2174 ce=2.7247 guidance=10.1971 beta=2.50 train_acc=35.68% test_acc=39.16% best=39.16% lr=0.00045720244 time=11.8s est_300=1h 04m 14s
[OURS:T2T-ViT-7][059/300] loss=27.8699 ce=2.6372 guidance=10.0931 beta=2.50 train_acc=37.74% test_acc=40.16% best=40.16% lr=0.00045573443 time=12.9s est_300=1h 04m 15s
[OURS:T2T-ViT-7][060/300] loss=27.8414 ce=2.7241 guidance=10.0469 beta=2.50 train_acc=37.25% test_acc=37.85% best=40.16% lr=0.00045424413 time=13.5s est_300=1h 04m 18s
[OURS:T2T-ViT-7][061/300] loss=27.6201 ce=2.6557 guidance=9.9858 beta=2.50 train_acc=38.06% test_acc=40.16% best=40.16% lr=0.00045273171 time=12.9s est_300=1h 04m 18s
[OURS:T2T-ViT-7][062/300] loss=27.4270 ce=2.6331 guidance=9.9176 beta=2.50 train_acc=38.23% test_acc=39.33% best=40.16% lr=0.00045119733 time=13.1s est_300=1h 04m 19s
[OURS:T2T-ViT-7][063/300] loss=27.4325 ce=2.6250 guidance=9.9230 beta=2.50 train_acc=38.28% test_acc=39.90% best=40.16% lr=0.00044964115 time=13.2s est_300=1h 04m 21s
[OURS:T2T-ViT-7][064/300] loss=27.4289 ce=2.6211 guidance=9.9231 beta=2.50 train_acc=39.08% test_acc=39.11% best=40.16% lr=0.00044806337 time=12.6s est_300=1h 04m 19s
[OURS:T2T-ViT-7][065/300] loss=27.1672 ce=2.6113 guidance=9.8223 beta=2.50 train_acc=38.50% test_acc=41.49% best=41.49% lr=0.00044646413 time=12.4s est_300=1h 04m 17s
[OURS:T2T-ViT-7][066/300] loss=27.0481 ce=2.5283 guidance=9.8079 beta=2.50 train_acc=40.25% test_acc=41.01% best=41.49% lr=0.00044484363 time=13.6s est_300=1h 04m 21s
[OURS:T2T-ViT-7][067/300] loss=27.1202 ce=2.5324 guidance=9.8351 beta=2.50 train_acc=40.88% test_acc=41.09% best=41.49% lr=0.00044320203 time=13.7s est_300=1h 04m 24s
[OURS:T2T-ViT-7][068/300] loss=26.8137 ce=2.5227 guidance=9.7164 beta=2.50 train_acc=40.12% test_acc=41.16% best=41.49% lr=0.00044153952 time=13.1s est_300=1h 04m 25s
[OURS:T2T-ViT-7][069/300] loss=26.7040 ce=2.5292 guidance=9.6699 beta=2.50 train_acc=40.74% test_acc=41.08% best=41.49% lr=0.00043985628 time=13.1s est_300=1h 04m 26s
[OURS:T2T-ViT-7][070/300] loss=26.5845 ce=2.4800 guidance=9.6418 beta=2.50 train_acc=41.71% test_acc=42.53% best=42.53% lr=0.00043815249 time=11.4s est_300=1h 04m 20s
[OURS:T2T-ViT-7][071/300] loss=26.4049 ce=2.4711 guidance=9.5735 beta=2.50 train_acc=41.92% test_acc=42.30% best=42.53% lr=0.00043642834 time=13.1s est_300=1h 04m 21s
[OURS:T2T-ViT-7][072/300] loss=26.3886 ce=2.4380 guidance=9.5802 beta=2.50 train_acc=42.48% test_acc=42.65% best=42.65% lr=0.00043468403 time=13.0s est_300=1h 04m 22s
[OURS:T2T-ViT-7][073/300] loss=26.1943 ce=2.3513 guidance=9.5372 beta=2.50 train_acc=44.57% test_acc=42.84% best=42.84% lr=0.00043291974 time=12.1s est_300=1h 04m 18s
[OURS:T2T-ViT-7][074/300] loss=26.1936 ce=2.3793 guidance=9.5257 beta=2.50 train_acc=43.95% test_acc=41.73% best=42.84% lr=0.00043113566 time=10.8s est_300=1h 04m 10s
[OURS:T2T-ViT-7][075/300] loss=26.2775 ce=2.3802 guidance=9.5589 beta=2.50 train_acc=44.40% test_acc=42.03% best=42.84% lr=0.00042933199 time=12.3s est_300=1h 04m 08s
[OURS:T2T-ViT-7][076/300] loss=26.1136 ce=2.3464 guidance=9.5069 beta=2.50 train_acc=44.70% test_acc=43.53% best=43.53% lr=0.00042750893 time=12.8s est_300=1h 04m 07s
[OURS:T2T-ViT-7][077/300] loss=25.9916 ce=2.3518 guidance=9.4559 beta=2.50 train_acc=44.87% test_acc=42.68% best=43.53% lr=0.00042566668 time=13.0s est_300=1h 04m 08s
[OURS:T2T-ViT-7][078/300] loss=25.9691 ce=2.3906 guidance=9.4314 beta=2.50 train_acc=44.16% test_acc=42.60% best=43.53% lr=0.00042380544 time=13.3s est_300=1h 04m 10s
[OURS:T2T-ViT-7][079/300] loss=25.7246 ce=2.3912 guidance=9.3334 beta=2.50 train_acc=44.45% test_acc=42.68% best=43.53% lr=0.00042192541 time=13.4s est_300=1h 04m 12s
[OURS:T2T-ViT-7][080/300] loss=25.8704 ce=2.3096 guidance=9.4243 beta=2.50 train_acc=45.72% test_acc=43.55% best=43.55% lr=0.0004200268 time=12.6s est_300=1h 04m 11s
[OURS:T2T-ViT-7][081/300] loss=25.7268 ce=2.2799 guidance=9.3788 beta=2.50 train_acc=46.45% test_acc=44.18% best=44.18% lr=0.00041810983 time=12.6s est_300=1h 04m 10s
[OURS:T2T-ViT-7][082/300] loss=25.7945 ce=2.2878 guidance=9.4027 beta=2.50 train_acc=45.36% test_acc=43.30% best=44.18% lr=0.00041617469 time=11.2s est_300=1h 04m 04s
[OURS:T2T-ViT-7][083/300] loss=25.4934 ce=2.2919 guidance=9.2806 beta=2.50 train_acc=45.47% test_acc=44.25% best=44.25% lr=0.0004142216 time=12.8s est_300=1h 04m 04s
[OURS:T2T-ViT-7][084/300] loss=25.3503 ce=2.2585 guidance=9.2367 beta=2.50 train_acc=46.47% test_acc=43.87% best=44.25% lr=0.00041225078 time=13.5s est_300=1h 04m 07s
[OURS:T2T-ViT-7][085/300] loss=25.3690 ce=2.2940 guidance=9.2300 beta=2.50 train_acc=46.21% test_acc=44.53% best=44.53% lr=0.00041026244 time=13.4s est_300=1h 04m 09s
[OURS:T2T-ViT-7][086/300] loss=25.3347 ce=2.2131 guidance=9.2486 beta=2.50 train_acc=47.18% test_acc=44.49% best=44.53% lr=0.0004082568 time=13.2s est_300=1h 04m 10s
[OURS:T2T-ViT-7][087/300] loss=25.2166 ce=2.1826 guidance=9.2136 beta=2.50 train_acc=48.01% test_acc=44.22% best=44.53% lr=0.00040623408 time=13.6s est_300=1h 04m 13s
[OURS:T2T-ViT-7][088/300] loss=25.2011 ce=2.1351 guidance=9.2264 beta=2.50 train_acc=49.85% test_acc=44.49% best=44.53% lr=0.0004041945 time=11.4s est_300=1h 04m 08s
[OURS:T2T-ViT-7][089/300] loss=25.1227 ce=2.1580 guidance=9.1859 beta=2.50 train_acc=49.37% test_acc=45.05% best=45.05% lr=0.00040213828 time=11.3s est_300=1h 04m 03s
[OURS:T2T-ViT-7][090/300] loss=25.0185 ce=2.1725 guidance=9.1384 beta=2.50 train_acc=48.78% test_acc=45.12% best=45.12% lr=0.00040006566 time=13.4s est_300=1h 04m 05s
[OURS:T2T-ViT-7][091/300] loss=24.9428 ce=2.1392 guidance=9.1214 beta=2.50 train_acc=49.95% test_acc=44.08% best=45.12% lr=0.00039797685 time=13.4s est_300=1h 04m 07s
[OURS:T2T-ViT-7][092/300] loss=24.8844 ce=2.1265 guidance=9.1032 beta=2.50 train_acc=49.81% test_acc=43.53% best=45.12% lr=0.00039587209 time=12.5s est_300=1h 04m 06s
[OURS:T2T-ViT-7][093/300] loss=24.8926 ce=2.0758 guidance=9.1267 beta=2.50 train_acc=50.92% test_acc=44.62% best=45.12% lr=0.00039375161 time=13.1s est_300=1h 04m 06s
[OURS:T2T-ViT-7][094/300] loss=24.8113 ce=2.0870 guidance=9.0897 beta=2.50 train_acc=49.85% test_acc=44.65% best=45.12% lr=0.00039161564 time=12.9s est_300=1h 04m 07s
[OURS:T2T-ViT-7][095/300] loss=24.6966 ce=2.0753 guidance=9.0485 beta=2.50 train_acc=51.15% test_acc=44.77% best=45.12% lr=0.00038946441 time=13.2s est_300=1h 04m 08s
[OURS:T2T-ViT-7][096/300] loss=24.5717 ce=2.0473 guidance=9.0098 beta=2.50 train_acc=51.22% test_acc=45.24% best=45.24% lr=0.00038729816 time=13.0s est_300=1h 04m 08s
[OURS:T2T-ViT-7][097/300] loss=24.6382 ce=2.0320 guidance=9.0425 beta=2.50 train_acc=51.73% test_acc=44.98% best=45.24% lr=0.00038511713 time=13.4s est_300=1h 04m 10s
[OURS:T2T-ViT-7][098/300] loss=24.6489 ce=2.0290 guidance=9.0480 beta=2.50 train_acc=51.77% test_acc=44.99% best=45.24% lr=0.00038292156 time=11.7s est_300=1h 04m 07s
[OURS:T2T-ViT-7][099/300] loss=24.5614 ce=2.0464 guidance=9.0060 beta=2.50 train_acc=51.56% test_acc=45.20% best=45.24% lr=0.00038071168 time=12.3s est_300=1h 04m 05s
[OURS:T2T-ViT-7][100/300] loss=24.5209 ce=2.0475 guidance=8.9894 beta=2.50 train_acc=51.63% test_acc=43.56% best=45.24% lr=0.00037848775 time=13.8s est_300=1h 04m 08s
[OURS:T2T-ViT-7][101/300] loss=24.3648 ce=1.9923 guidance=8.9490 beta=2.50 train_acc=53.06% test_acc=45.70% best=45.70% lr=0.00037625 time=12.7s est_300=1h 04m 08s
[OURS:T2T-ViT-7][102/300] loss=24.2775 ce=2.0300 guidance=8.8990 beta=2.50 train_acc=52.33% test_acc=46.19% best=46.19% lr=0.00037399868 time=13.2s est_300=1h 04m 09s
[OURS:T2T-ViT-7][103/300] loss=24.2115 ce=1.9873 guidance=8.8897 beta=2.50 train_acc=53.67% test_acc=45.58% best=46.19% lr=0.00037173403 time=12.4s est_300=1h 04m 07s
[OURS:T2T-ViT-7][104/300] loss=24.1634 ce=1.9323 guidance=8.8924 beta=2.50 train_acc=54.16% test_acc=45.37% best=46.19% lr=0.00036945631 time=13.1s est_300=1h 04m 08s
[OURS:T2T-ViT-7][105/300] loss=24.2646 ce=1.9755 guidance=8.9157 beta=2.50 train_acc=53.55% test_acc=46.29% best=46.29% lr=0.00036716577 time=11.7s est_300=1h 04m 05s
[OURS:T2T-ViT-7][106/300] loss=24.1734 ce=1.9679 guidance=8.8822 beta=2.50 train_acc=53.16% test_acc=46.00% best=46.29% lr=0.00036486265 time=12.1s est_300=1h 04m 03s
[OURS:T2T-ViT-7][107/300] loss=24.0869 ce=1.9425 guidance=8.8577 beta=2.50 train_acc=52.92% test_acc=45.50% best=46.29% lr=0.00036254721 time=12.6s est_300=1h 04m 02s
[OURS:T2T-ViT-7][108/300] loss=24.1714 ce=1.9540 guidance=8.8870 beta=2.50 train_acc=53.80% test_acc=44.43% best=46.29% lr=0.0003602197 time=11.8s est_300=1h 04m 00s
[OURS:T2T-ViT-7][109/300] loss=24.0194 ce=1.9571 guidance=8.8249 beta=2.50 train_acc=53.67% test_acc=45.84% best=46.29% lr=0.00035788037 time=13.5s est_300=1h 04m 02s
[OURS:T2T-ViT-7][110/300] loss=23.9485 ce=1.9263 guidance=8.8089 beta=2.50 train_acc=53.82% test_acc=45.69% best=46.29% lr=0.0003555295 time=13.9s est_300=1h 04m 05s
[OURS:T2T-ViT-7][111/300] loss=23.9605 ce=1.8848 guidance=8.8303 beta=2.50 train_acc=54.52% test_acc=46.51% best=46.51% lr=0.00035316732 time=13.9s est_300=1h 04m 08s
[OURS:T2T-ViT-7][112/300] loss=23.9332 ce=1.9103 guidance=8.8091 beta=2.50 train_acc=55.43% test_acc=45.41% best=46.51% lr=0.0003507941 time=14.1s est_300=1h 04m 11s
[OURS:T2T-ViT-7][113/300] loss=23.6692 ce=1.9207 guidance=8.6994 beta=2.50 train_acc=54.38% test_acc=46.32% best=46.51% lr=0.00034841011 time=13.0s est_300=1h 04m 11s
[OURS:T2T-ViT-7][114/300] loss=23.8266 ce=1.9119 guidance=8.7659 beta=2.50 train_acc=54.76% test_acc=46.60% best=46.60% lr=0.00034601559 time=12.2s est_300=1h 04m 10s
[OURS:T2T-ViT-7][115/300] loss=23.9604 ce=1.9064 guidance=8.8216 beta=2.50 train_acc=55.49% test_acc=45.74% best=46.60% lr=0.00034361083 time=12.7s est_300=1h 04m 09s
[OURS:T2T-ViT-7][116/300] loss=23.6875 ce=1.8761 guidance=8.7246 beta=2.50 train_acc=55.74% test_acc=46.72% best=46.72% lr=0.00034119607 time=14.0s est_300=1h 04m 12s
[OURS:T2T-ViT-7][117/300] loss=23.6039 ce=1.9178 guidance=8.6744 beta=2.50 train_acc=54.43% test_acc=46.17% best=46.72% lr=0.00033877158 time=14.0s est_300=1h 04m 15s
[OURS:T2T-ViT-7][118/300] loss=23.5366 ce=1.8586 guidance=8.6712 beta=2.50 train_acc=56.74% test_acc=46.41% best=46.72% lr=0.00033633764 time=13.6s est_300=1h 04m 17s
[OURS:T2T-ViT-7][119/300] loss=23.5658 ce=1.8368 guidance=8.6916 beta=2.50 train_acc=56.17% test_acc=45.20% best=46.72% lr=0.0003338945 time=12.1s est_300=1h 04m 15s
[OURS:T2T-ViT-7][120/300] loss=23.6359 ce=1.8198 guidance=8.7264 beta=2.50 train_acc=56.40% test_acc=46.41% best=46.72% lr=0.00033144243 time=11.7s est_300=1h 04m 12s
[OURS:T2T-ViT-7][121/300] loss=23.4713 ce=1.8192 guidance=8.6609 beta=2.50 train_acc=56.67% test_acc=45.65% best=46.72% lr=0.00032898171 time=12.4s est_300=1h 04m 11s
[OURS:T2T-ViT-7][122/300] loss=23.5515 ce=1.8018 guidance=8.6999 beta=2.50 train_acc=57.27% test_acc=45.98% best=46.72% lr=0.0003265126 time=11.8s est_300=1h 04m 09s
[OURS:T2T-ViT-7][123/300] loss=23.4183 ce=1.8105 guidance=8.6431 beta=2.50 train_acc=58.00% test_acc=46.17% best=46.72% lr=0.00032403537 time=11.7s est_300=1h 04m 06s
[OURS:T2T-ViT-7][124/300] loss=23.3847 ce=1.7995 guidance=8.6341 beta=2.50 train_acc=58.44% test_acc=45.88% best=46.72% lr=0.0003215503 time=13.1s est_300=1h 04m 07s
[OURS:T2T-ViT-7][125/300] loss=23.3747 ce=1.8431 guidance=8.6126 beta=2.50 train_acc=56.73% test_acc=46.51% best=46.72% lr=0.00031905766 time=14.1s est_300=1h 04m 10s
[OURS:T2T-ViT-7][126/300] loss=23.3686 ce=1.7621 guidance=8.6426 beta=2.50 train_acc=58.49% test_acc=46.41% best=46.72% lr=0.00031655771 time=13.5s est_300=1h 04m 11s
[OURS:T2T-ViT-7][127/300] loss=23.3394 ce=1.7279 guidance=8.6446 beta=2.50 train_acc=58.61% test_acc=47.45% best=47.45% lr=0.00031405075 time=12.0s est_300=1h 04m 09s
[OURS:T2T-ViT-7][128/300] loss=23.2131 ce=1.7276 guidance=8.5942 beta=2.50 train_acc=58.46% test_acc=45.98% best=47.45% lr=0.00031153703 time=12.7s est_300=1h 04m 09s
[OURS:T2T-ViT-7][129/300] loss=23.3401 ce=1.7045 guidance=8.6543 beta=2.50 train_acc=60.05% test_acc=46.55% best=47.45% lr=0.00030901684 time=12.7s est_300=1h 04m 09s
[OURS:T2T-ViT-7][130/300] loss=23.2654 ce=1.7617 guidance=8.6015 beta=2.50 train_acc=58.10% test_acc=46.01% best=47.45% lr=0.00030649045 time=12.0s est_300=1h 04m 07s
[OURS:T2T-ViT-7][131/300] loss=23.3119 ce=1.7416 guidance=8.6281 beta=2.50 train_acc=59.05% test_acc=45.34% best=47.45% lr=0.00030395814 time=12.4s est_300=1h 04m 06s
[OURS:T2T-ViT-7][132/300] loss=23.1887 ce=1.7361 guidance=8.5810 beta=2.50 train_acc=58.83% test_acc=46.53% best=47.45% lr=0.00030142019 time=12.4s est_300=1h 04m 05s
[OURS:T2T-ViT-7][133/300] loss=23.0850 ce=1.7300 guidance=8.5420 beta=2.50 train_acc=59.04% test_acc=46.58% best=47.45% lr=0.00029887688 time=12.6s est_300=1h 04m 04s
[OURS:T2T-ViT-7][134/300] loss=23.0380 ce=1.6817 guidance=8.5425 beta=2.50 train_acc=60.02% test_acc=46.25% best=47.45% lr=0.00029632847 time=13.4s est_300=1h 04m 05s
[OURS:T2T-ViT-7][135/300] loss=23.1579 ce=1.6705 guidance=8.5950 beta=2.50 train_acc=60.65% test_acc=47.13% best=47.45% lr=0.00029377526 time=12.3s est_300=1h 04m 04s
[OURS:T2T-ViT-7][136/300] loss=23.1672 ce=1.7129 guidance=8.5817 beta=2.50 train_acc=59.12% test_acc=46.79% best=47.45% lr=0.00029121753 time=12.3s est_300=1h 04m 03s
[OURS:T2T-ViT-7][137/300] loss=23.0914 ce=1.7435 guidance=8.5392 beta=2.50 train_acc=59.10% test_acc=45.93% best=47.45% lr=0.00028865555 time=12.8s est_300=1h 04m 03s
[OURS:T2T-ViT-7][138/300] loss=22.9436 ce=1.6860 guidance=8.5030 beta=2.50 train_acc=60.07% test_acc=46.38% best=47.45% lr=0.0002860896 time=14.4s est_300=1h 04m 07s
[OURS:T2T-ViT-7][139/300] loss=22.8979 ce=1.6484 guidance=8.4998 beta=2.50 train_acc=61.09% test_acc=47.64% best=47.64% lr=0.00028351998 time=13.2s est_300=1h 04m 07s
[OURS:T2T-ViT-7][140/300] loss=22.8402 ce=1.6953 guidance=8.4580 beta=2.50 train_acc=59.73% test_acc=46.27% best=47.64% lr=0.00028094694 time=13.6s est_300=1h 04m 09s
[OURS:T2T-ViT-7][141/300] loss=22.8620 ce=1.6220 guidance=8.4960 beta=2.50 train_acc=61.16% test_acc=47.19% best=47.64% lr=0.00027837079 time=12.1s est_300=1h 04m 08s
[OURS:T2T-ViT-7][142/300] loss=22.8230 ce=1.6380 guidance=8.4740 beta=2.50 train_acc=61.16% test_acc=46.65% best=47.64% lr=0.00027579181 time=11.7s est_300=1h 04m 05s
[OURS:T2T-ViT-7][143/300] loss=22.7944 ce=1.6192 guidance=8.4701 beta=2.50 train_acc=61.36% test_acc=47.86% best=47.86% lr=0.00027321027 time=11.7s est_300=1h 04m 03s
[OURS:T2T-ViT-7][144/300] loss=22.8213 ce=1.6225 guidance=8.4795 beta=2.50 train_acc=61.36% test_acc=46.17% best=47.86% lr=0.00027062645 time=11.8s est_300=1h 04m 00s
[OURS:T2T-ViT-7][145/300] loss=22.9258 ce=1.6493 guidance=8.5106 beta=2.50 train_acc=61.26% test_acc=46.58% best=47.86% lr=0.00026804065 time=11.5s est_300=1h 03m 58s
[OURS:T2T-ViT-7][146/300] loss=22.6740 ce=1.6406 guidance=8.4134 beta=2.50 train_acc=61.06% test_acc=46.48% best=47.86% lr=0.00026545315 time=11.7s est_300=1h 03m 55s
[OURS:T2T-ViT-7][147/300] loss=22.7984 ce=1.5817 guidance=8.4867 beta=2.50 train_acc=61.85% test_acc=45.93% best=47.86% lr=0.00026286422 time=11.6s est_300=1h 03m 53s
[OURS:T2T-ViT-7][148/300] loss=1.6902 ce=1.6902 guidance=0.0000 beta=0.00 train_acc=60.24% test_acc=47.12% best=47.86% lr=0.00026027416 time=11.6s est_300=1h 03m 51s
[OURS:T2T-ViT-7][149/300] loss=1.6443 ce=1.6443 guidance=0.0000 beta=0.00 train_acc=60.67% test_acc=46.46% best=47.86% lr=0.00025768325 time=13.1s est_300=1h 03m 52s
[OURS:T2T-ViT-7][150/300] loss=1.5761 ce=1.5761 guidance=0.0000 beta=0.00 train_acc=61.21% test_acc=46.95% best=47.86% lr=0.00025509177 time=11.6s est_300=1h 03m 49s
[OURS:T2T-ViT-7][151/300] loss=1.6180 ce=1.6180 guidance=0.0000 beta=0.00 train_acc=61.41% test_acc=47.77% best=47.86% lr=0.0002525 time=12.3s est_300=1h 03m 48s
[OURS:T2T-ViT-7][152/300] loss=1.5886 ce=1.5886 guidance=0.0000 beta=0.00 train_acc=61.85% test_acc=47.67% best=47.86% lr=0.00024990823 time=12.5s est_300=1h 03m 48s
[OURS:T2T-ViT-7][153/300] loss=1.6312 ce=1.6312 guidance=0.0000 beta=0.00 train_acc=61.31% test_acc=45.91% best=47.86% lr=0.00024731675 time=12.2s est_300=1h 03m 46s
[OURS:T2T-ViT-7][154/300] loss=1.5637 ce=1.5637 guidance=0.0000 beta=0.00 train_acc=63.15% test_acc=47.38% best=47.86% lr=0.00024472584 time=11.0s est_300=1h 03m 43s
[OURS:T2T-ViT-7][155/300] loss=1.5423 ce=1.5423 guidance=0.0000 beta=0.00 train_acc=62.82% test_acc=47.93% best=47.93% lr=0.00024213578 time=11.6s est_300=1h 03m 41s
[OURS:T2T-ViT-7][156/300] loss=1.5578 ce=1.5578 guidance=0.0000 beta=0.00 train_acc=63.04% test_acc=47.50% best=47.93% lr=0.00023954685 time=12.2s est_300=1h 03m 40s
[OURS:T2T-ViT-7][157/300] loss=1.4958 ce=1.4958 guidance=0.0000 beta=0.00 train_acc=64.37% test_acc=48.33% best=48.33% lr=0.00023695935 time=12.7s est_300=1h 03m 40s
[OURS:T2T-ViT-7][158/300] loss=1.5630 ce=1.5630 guidance=0.0000 beta=0.00 train_acc=62.89% test_acc=47.12% best=48.33% lr=0.00023437355 time=13.4s est_300=1h 03m 41s
[OURS:T2T-ViT-7][159/300] loss=1.4882 ce=1.4882 guidance=0.0000 beta=0.00 train_acc=64.40% test_acc=47.15% best=48.33% lr=0.00023178973 time=12.6s est_300=1h 03m 41s
[OURS:T2T-ViT-7][160/300] loss=1.4834 ce=1.4834 guidance=0.0000 beta=0.00 train_acc=64.88% test_acc=48.26% best=48.33% lr=0.00022920819 time=11.6s est_300=1h 03m 39s
[OURS:T2T-ViT-7][161/300] loss=1.4813 ce=1.4813 guidance=0.0000 beta=0.00 train_acc=64.95% test_acc=48.48% best=48.48% lr=0.00022662921 time=12.9s est_300=1h 03m 39s
[OURS:T2T-ViT-7][162/300] loss=1.4854 ce=1.4854 guidance=0.0000 beta=0.00 train_acc=64.42% test_acc=47.81% best=48.48% lr=0.00022405306 time=12.7s est_300=1h 03m 39s
[OURS:T2T-ViT-7][163/300] loss=1.4571 ce=1.4571 guidance=0.0000 beta=0.00 train_acc=65.25% test_acc=49.07% best=49.07% lr=0.00022148002 time=11.5s est_300=1h 03m 37s
[OURS:T2T-ViT-7][164/300] loss=1.4533 ce=1.4533 guidance=0.0000 beta=0.00 train_acc=65.18% test_acc=47.67% best=49.07% lr=0.0002189104 time=12.9s est_300=1h 03m 37s
[OURS:T2T-ViT-7][165/300] loss=1.4705 ce=1.4705 guidance=0.0000 beta=0.00 train_acc=65.54% test_acc=48.15% best=49.07% lr=0.00021634445 time=11.7s est_300=1h 03m 35s
[OURS:T2T-ViT-7][166/300] loss=1.4339 ce=1.4339 guidance=0.0000 beta=0.00 train_acc=65.74% test_acc=48.60% best=49.07% lr=0.00021378247 time=13.8s est_300=1h 03m 37s
[OURS:T2T-ViT-7][167/300] loss=1.4214 ce=1.4214 guidance=0.0000 beta=0.00 train_acc=65.47% test_acc=48.38% best=49.07% lr=0.00021122474 time=13.0s est_300=1h 03m 38s
[OURS:T2T-ViT-7][168/300] loss=1.4363 ce=1.4363 guidance=0.0000 beta=0.00 train_acc=66.15% test_acc=48.55% best=49.07% lr=0.00020867153 time=12.5s est_300=1h 03m 37s
[OURS:T2T-ViT-7][169/300] loss=1.4147 ce=1.4147 guidance=0.0000 beta=0.00 train_acc=66.42% test_acc=48.24% best=49.07% lr=0.00020612312 time=11.7s est_300=1h 03m 35s
[OURS:T2T-ViT-7][170/300] loss=1.4666 ce=1.4666 guidance=0.0000 beta=0.00 train_acc=65.42% test_acc=48.76% best=49.07% lr=0.00020357981 time=13.5s est_300=1h 03m 37s
[OURS:T2T-ViT-7][171/300] loss=1.4088 ce=1.4088 guidance=0.0000 beta=0.00 train_acc=66.47% test_acc=48.03% best=49.07% lr=0.00020104186 time=12.5s est_300=1h 03m 36s
[OURS:T2T-ViT-7][172/300] loss=1.3660 ce=1.3660 guidance=0.0000 beta=0.00 train_acc=67.61% test_acc=48.31% best=49.07% lr=0.00019850955 time=11.6s est_300=1h 03m 34s
[OURS:T2T-ViT-7][173/300] loss=1.3907 ce=1.3907 guidance=0.0000 beta=0.00 train_acc=67.03% test_acc=50.54% best=50.54% lr=0.00019598316 time=12.3s est_300=1h 03m 34s
[OURS:T2T-ViT-7][174/300] loss=1.4052 ce=1.4052 guidance=0.0000 beta=0.00 train_acc=66.34% test_acc=48.03% best=50.54% lr=0.00019346297 time=12.1s est_300=1h 03m 32s
[OURS:T2T-ViT-7][175/300] loss=1.3356 ce=1.3356 guidance=0.0000 beta=0.00 train_acc=68.44% test_acc=49.14% best=50.54% lr=0.00019094925 time=11.6s est_300=1h 03m 31s
[OURS:T2T-ViT-7][176/300] loss=1.3804 ce=1.3804 guidance=0.0000 beta=0.00 train_acc=66.66% test_acc=50.14% best=50.54% lr=0.00018844229 time=13.6s est_300=1h 03m 32s
[OURS:T2T-ViT-7][177/300] loss=1.3346 ce=1.3346 guidance=0.0000 beta=0.00 train_acc=68.24% test_acc=48.69% best=50.54% lr=0.00018594234 time=13.9s est_300=1h 03m 34s
[OURS:T2T-ViT-7][178/300] loss=1.3326 ce=1.3326 guidance=0.0000 beta=0.00 train_acc=68.78% test_acc=49.36% best=50.54% lr=0.0001834497 time=14.1s est_300=1h 03m 36s
[OURS:T2T-ViT-7][179/300] loss=1.3382 ce=1.3382 guidance=0.0000 beta=0.00 train_acc=67.99% test_acc=48.46% best=50.54% lr=0.00018096463 time=12.8s est_300=1h 03m 36s
[OURS:T2T-ViT-7][180/300] loss=1.2943 ce=1.2943 guidance=0.0000 beta=0.00 train_acc=69.33% test_acc=49.40% best=50.54% lr=0.0001784874 time=13.5s est_300=1h 03m 38s
[OURS:T2T-ViT-7][181/300] loss=1.3470 ce=1.3470 guidance=0.0000 beta=0.00 train_acc=68.27% test_acc=49.69% best=50.54% lr=0.00017601829 time=12.6s est_300=1h 03m 38s
[OURS:T2T-ViT-7][182/300] loss=1.2818 ce=1.2818 guidance=0.0000 beta=0.00 train_acc=69.90% test_acc=49.34% best=50.54% lr=0.00017355757 time=11.9s est_300=1h 03m 36s
[OURS:T2T-ViT-7][183/300] loss=1.2788 ce=1.2788 guidance=0.0000 beta=0.00 train_acc=69.23% test_acc=48.62% best=50.54% lr=0.0001711055 time=11.7s est_300=1h 03m 35s
[OURS:T2T-ViT-7][184/300] loss=1.3006 ce=1.3006 guidance=0.0000 beta=0.00 train_acc=69.07% test_acc=49.90% best=50.54% lr=0.00016866236 time=13.9s est_300=1h 03m 37s
[OURS:T2T-ViT-7][185/300] loss=1.2809 ce=1.2809 guidance=0.0000 beta=0.00 train_acc=69.36% test_acc=48.43% best=50.54% lr=0.00016622842 time=11.6s est_300=1h 03m 35s
[OURS:T2T-ViT-7][186/300] loss=1.3253 ce=1.3253 guidance=0.0000 beta=0.00 train_acc=69.07% test_acc=49.86% best=50.54% lr=0.00016380393 time=12.2s est_300=1h 03m 34s
[OURS:T2T-ViT-7][187/300] loss=1.2299 ce=1.2299 guidance=0.0000 beta=0.00 train_acc=70.91% test_acc=48.39% best=50.54% lr=0.00016138917 time=12.3s est_300=1h 03m 33s
[OURS:T2T-ViT-7][188/300] loss=1.2809 ce=1.2809 guidance=0.0000 beta=0.00 train_acc=69.67% test_acc=48.86% best=50.54% lr=0.00015898441 time=13.4s est_300=1h 03m 34s
[OURS:T2T-ViT-7][189/300] loss=1.2646 ce=1.2646 guidance=0.0000 beta=0.00 train_acc=70.04% test_acc=49.76% best=50.54% lr=0.00015658989 time=12.2s est_300=1h 03m 33s
[OURS:T2T-ViT-7][190/300] loss=1.2698 ce=1.2698 guidance=0.0000 beta=0.00 train_acc=69.68% test_acc=49.57% best=50.54% lr=0.0001542059 time=13.5s est_300=1h 03m 34s
[OURS:T2T-ViT-7][191/300] loss=1.2610 ce=1.2610 guidance=0.0000 beta=0.00 train_acc=70.28% test_acc=49.52% best=50.54% lr=0.00015183268 time=13.7s est_300=1h 03m 36s
[OURS:T2T-ViT-7][192/300] loss=1.1931 ce=1.1931 guidance=0.0000 beta=0.00 train_acc=71.67% test_acc=49.45% best=50.54% lr=0.0001494705 time=12.8s est_300=1h 03m 36s
[OURS:T2T-ViT-7][193/300] loss=1.2486 ce=1.2486 guidance=0.0000 beta=0.00 train_acc=70.53% test_acc=50.16% best=50.54% lr=0.00014711963 time=13.4s est_300=1h 03m 37s
[OURS:T2T-ViT-7][194/300] loss=1.2215 ce=1.2215 guidance=0.0000 beta=0.00 train_acc=70.87% test_acc=49.95% best=50.54% lr=0.0001447803 time=12.3s est_300=1h 03m 37s
[OURS:T2T-ViT-7][195/300] loss=1.2253 ce=1.2253 guidance=0.0000 beta=0.00 train_acc=71.18% test_acc=48.96% best=50.54% lr=0.00014245279 time=11.6s est_300=1h 03m 35s
[OURS:T2T-ViT-7][196/300] loss=1.1983 ce=1.1983 guidance=0.0000 beta=0.00 train_acc=71.64% test_acc=50.41% best=50.54% lr=0.00014013735 time=13.0s est_300=1h 03m 35s
[OURS:T2T-ViT-7][197/300] loss=1.1927 ce=1.1927 guidance=0.0000 beta=0.00 train_acc=71.52% test_acc=49.09% best=50.54% lr=0.00013783423 time=13.0s est_300=1h 03m 36s
[OURS:T2T-ViT-7][198/300] loss=1.1782 ce=1.1782 guidance=0.0000 beta=0.00 train_acc=71.30% test_acc=49.69% best=50.54% lr=0.00013554369 time=13.2s est_300=1h 03m 36s
[OURS:T2T-ViT-7][199/300] loss=1.1819 ce=1.1819 guidance=0.0000 beta=0.00 train_acc=71.62% test_acc=50.47% best=50.54% lr=0.00013326597 time=11.7s est_300=1h 03m 35s
[OURS:T2T-ViT-7][200/300] loss=1.1883 ce=1.1883 guidance=0.0000 beta=0.00 train_acc=71.89% test_acc=49.91% best=50.54% lr=0.00013100132 time=13.3s est_300=1h 03m 36s
[OURS:T2T-ViT-7][201/300] loss=1.1760 ce=1.1760 guidance=0.0000 beta=0.00 train_acc=72.08% test_acc=50.22% best=50.54% lr=0.00012875 time=12.7s est_300=1h 03m 36s
[OURS:T2T-ViT-7][202/300] loss=1.2075 ce=1.2075 guidance=0.0000 beta=0.00 train_acc=71.65% test_acc=50.38% best=50.54% lr=0.00012651225 time=12.3s est_300=1h 03m 35s
[OURS:T2T-ViT-7][203/300] loss=1.1738 ce=1.1738 guidance=0.0000 beta=0.00 train_acc=72.08% test_acc=50.35% best=50.54% lr=0.00012428832 time=12.2s est_300=1h 03m 34s
[OURS:T2T-ViT-7][204/300] loss=1.1677 ce=1.1677 guidance=0.0000 beta=0.00 train_acc=72.44% test_acc=50.35% best=50.54% lr=0.00012207844 time=13.1s est_300=1h 03m 35s
[OURS:T2T-ViT-7][205/300] loss=1.1379 ce=1.1379 guidance=0.0000 beta=0.00 train_acc=73.30% test_acc=50.36% best=50.54% lr=0.00011988287 time=11.5s est_300=1h 03m 33s
[OURS:T2T-ViT-7][206/300] loss=1.1636 ce=1.1636 guidance=0.0000 beta=0.00 train_acc=72.21% test_acc=50.74% best=50.74% lr=0.00011770184 time=10.8s est_300=1h 03m 30s
[OURS:T2T-ViT-7][207/300] loss=1.1565 ce=1.1565 guidance=0.0000 beta=0.00 train_acc=72.37% test_acc=50.00% best=50.74% lr=0.00011553559 time=11.6s est_300=1h 03m 29s
[OURS:T2T-ViT-7][208/300] loss=1.2020 ce=1.2020 guidance=0.0000 beta=0.00 train_acc=71.35% test_acc=50.72% best=50.74% lr=0.00011338436 time=11.5s est_300=1h 03m 27s
[OURS:T2T-ViT-7][209/300] loss=1.1998 ce=1.1998 guidance=0.0000 beta=0.00 train_acc=71.30% test_acc=48.91% best=50.74% lr=0.00011124839 time=12.4s est_300=1h 03m 27s
[OURS:T2T-ViT-7][210/300] loss=1.1316 ce=1.1316 guidance=0.0000 beta=0.00 train_acc=73.17% test_acc=49.95% best=50.74% lr=0.00010912791 time=10.8s est_300=1h 03m 24s
[OURS:T2T-ViT-7][211/300] loss=1.1127 ce=1.1127 guidance=0.0000 beta=0.00 train_acc=73.47% test_acc=48.50% best=50.74% lr=0.00010702315 time=10.8s est_300=1h 03m 21s
[OURS:T2T-ViT-7][212/300] loss=1.0537 ce=1.0537 guidance=0.0000 beta=0.00 train_acc=75.27% test_acc=50.66% best=50.74% lr=0.00010493434 time=11.8s est_300=1h 03m 20s
[OURS:T2T-ViT-7][213/300] loss=1.1513 ce=1.1513 guidance=0.0000 beta=0.00 train_acc=72.79% test_acc=50.07% best=50.74% lr=0.00010286172 time=11.2s est_300=1h 03m 18s
[OURS:T2T-ViT-7][214/300] loss=1.1288 ce=1.1288 guidance=0.0000 beta=0.00 train_acc=72.84% test_acc=50.62% best=50.74% lr=0.0001008055 time=10.8s est_300=1h 03m 15s
[OURS:T2T-ViT-7][215/300] loss=1.1086 ce=1.1086 guidance=0.0000 beta=0.00 train_acc=73.37% test_acc=50.22% best=50.74% lr=9.8765924e-05 time=11.2s est_300=1h 03m 13s
[OURS:T2T-ViT-7][216/300] loss=1.1072 ce=1.1072 guidance=0.0000 beta=0.00 train_acc=73.56% test_acc=50.45% best=50.74% lr=9.6743203e-05 time=11.8s est_300=1h 03m 12s
[OURS:T2T-ViT-7][217/300] loss=1.0823 ce=1.0823 guidance=0.0000 beta=0.00 train_acc=74.97% test_acc=51.36% best=51.36% lr=9.4737563e-05 time=13.6s est_300=1h 03m 14s
[OURS:T2T-ViT-7][218/300] loss=1.0717 ce=1.0717 guidance=0.0000 beta=0.00 train_acc=74.78% test_acc=51.26% best=51.36% lr=9.2749222e-05 time=12.3s est_300=1h 03m 13s
[OURS:T2T-ViT-7][219/300] loss=1.0710 ce=1.0710 guidance=0.0000 beta=0.00 train_acc=74.46% test_acc=51.88% best=51.88% lr=9.0778401e-05 time=13.5s est_300=1h 03m 14s
[OURS:T2T-ViT-7][220/300] loss=1.0751 ce=1.0751 guidance=0.0000 beta=0.00 train_acc=74.05% test_acc=50.22% best=51.88% lr=8.8825313e-05 time=13.4s est_300=1h 03m 15s
[OURS:T2T-ViT-7][221/300] loss=1.0643 ce=1.0643 guidance=0.0000 beta=0.00 train_acc=74.80% test_acc=50.86% best=51.88% lr=8.6890175e-05 time=13.7s est_300=1h 03m 17s
[OURS:T2T-ViT-7][222/300] loss=1.0489 ce=1.0489 guidance=0.0000 beta=0.00 train_acc=75.03% test_acc=51.42% best=51.88% lr=8.4973198e-05 time=12.2s est_300=1h 03m 16s
[OURS:T2T-ViT-7][223/300] loss=1.0578 ce=1.0578 guidance=0.0000 beta=0.00 train_acc=74.80% test_acc=51.24% best=51.88% lr=8.3074591e-05 time=13.5s est_300=1h 03m 17s
[OURS:T2T-ViT-7][224/300] loss=1.0429 ce=1.0429 guidance=0.0000 beta=0.00 train_acc=75.44% test_acc=51.57% best=51.88% lr=8.1194564e-05 time=12.0s est_300=1h 03m 16s
[OURS:T2T-ViT-7][225/300] loss=1.0699 ce=1.0699 guidance=0.0000 beta=0.00 train_acc=74.27% test_acc=50.79% best=51.88% lr=7.9333323e-05 time=14.1s est_300=1h 03m 18s
[OURS:T2T-ViT-7][226/300] loss=1.0615 ce=1.0615 guidance=0.0000 beta=0.00 train_acc=74.46% test_acc=51.31% best=51.88% lr=7.7491072e-05 time=13.2s est_300=1h 03m 19s
[OURS:T2T-ViT-7][227/300] loss=1.0461 ce=1.0461 guidance=0.0000 beta=0.00 train_acc=75.32% test_acc=51.04% best=51.88% lr=7.5668012e-05 time=12.8s est_300=1h 03m 19s
[OURS:T2T-ViT-7][228/300] loss=1.0344 ce=1.0344 guidance=0.0000 beta=0.00 train_acc=75.42% test_acc=51.57% best=51.88% lr=7.3864344e-05 time=11.6s est_300=1h 03m 18s
[OURS:T2T-ViT-7][229/300] loss=1.0476 ce=1.0476 guidance=0.0000 beta=0.00 train_acc=75.10% test_acc=51.55% best=51.88% lr=7.2080265e-05 time=12.8s est_300=1h 03m 18s
[OURS:T2T-ViT-7][230/300] loss=1.0266 ce=1.0266 guidance=0.0000 beta=0.00 train_acc=76.14% test_acc=51.04% best=51.88% lr=7.0315971e-05 time=13.1s est_300=1h 03m 18s
[OURS:T2T-ViT-7][231/300] loss=1.0610 ce=1.0610 guidance=0.0000 beta=0.00 train_acc=74.39% test_acc=50.24% best=51.88% lr=6.8571656e-05 time=12.7s est_300=1h 03m 18s
[OURS:T2T-ViT-7][232/300] loss=1.0502 ce=1.0502 guidance=0.0000 beta=0.00 train_acc=75.14% test_acc=51.43% best=51.88% lr=6.684751e-05 time=13.6s est_300=1h 03m 20s
[OURS:T2T-ViT-7][233/300] loss=1.0562 ce=1.0562 guidance=0.0000 beta=0.00 train_acc=74.97% test_acc=50.76% best=51.88% lr=6.5143724e-05 time=12.1s est_300=1h 03m 19s
[OURS:T2T-ViT-7][234/300] loss=1.0532 ce=1.0532 guidance=0.0000 beta=0.00 train_acc=75.53% test_acc=51.88% best=51.88% lr=6.3460483e-05 time=10.8s est_300=1h 03m 16s
[OURS:T2T-ViT-7][235/300] loss=1.0358 ce=1.0358 guidance=0.0000 beta=0.00 train_acc=75.56% test_acc=51.28% best=51.88% lr=6.1797972e-05 time=13.4s est_300=1h 03m 18s
[OURS:T2T-ViT-7][236/300] loss=1.0077 ce=1.0077 guidance=0.0000 beta=0.00 train_acc=75.53% test_acc=51.73% best=51.88% lr=6.0156375e-05 time=12.3s est_300=1h 03m 17s
[OURS:T2T-ViT-7][237/300] loss=0.9865 ce=0.9865 guidance=0.0000 beta=0.00 train_acc=76.55% test_acc=50.78% best=51.88% lr=5.8535869e-05 time=13.2s est_300=1h 03m 18s
[OURS:T2T-ViT-7][238/300] loss=1.0065 ce=1.0065 guidance=0.0000 beta=0.00 train_acc=76.29% test_acc=50.57% best=51.88% lr=5.6936634e-05 time=11.6s est_300=1h 03m 16s
[OURS:T2T-ViT-7][239/300] loss=1.0420 ce=1.0420 guidance=0.0000 beta=0.00 train_acc=75.25% test_acc=51.78% best=51.88% lr=5.5358845e-05 time=11.0s est_300=1h 03m 14s
[OURS:T2T-ViT-7][240/300] loss=0.9876 ce=0.9876 guidance=0.0000 beta=0.00 train_acc=76.99% test_acc=52.36% best=52.36% lr=5.3802675e-05 time=13.0s est_300=1h 03m 15s
[OURS:T2T-ViT-7][241/300] loss=0.9787 ce=0.9787 guidance=0.0000 beta=0.00 train_acc=76.29% test_acc=52.31% best=52.36% lr=5.2268294e-05 time=12.8s est_300=1h 03m 15s
[OURS:T2T-ViT-7][242/300] loss=0.9817 ce=0.9817 guidance=0.0000 beta=0.00 train_acc=76.00% test_acc=52.09% best=52.36% lr=5.0755871e-05 time=13.4s est_300=1h 03m 16s
[OURS:T2T-ViT-7][243/300] loss=0.9792 ce=0.9792 guidance=0.0000 beta=0.00 train_acc=76.48% test_acc=51.17% best=52.36% lr=4.9265571e-05 time=12.7s est_300=1h 03m 16s
[OURS:T2T-ViT-7][244/300] loss=0.9699 ce=0.9699 guidance=0.0000 beta=0.00 train_acc=77.85% test_acc=51.33% best=52.36% lr=4.7797558e-05 time=13.4s est_300=1h 03m 17s
[OURS:T2T-ViT-7][245/300] loss=0.9640 ce=0.9640 guidance=0.0000 beta=0.00 train_acc=77.02% test_acc=51.90% best=52.36% lr=4.6351993e-05 time=12.0s est_300=1h 03m 16s
[OURS:T2T-ViT-7][246/300] loss=0.9499 ce=0.9499 guidance=0.0000 beta=0.00 train_acc=76.95% test_acc=52.74% best=52.74% lr=4.4929034e-05 time=12.4s est_300=1h 03m 16s
[OURS:T2T-ViT-7][247/300] loss=0.9499 ce=0.9499 guidance=0.0000 beta=0.00 train_acc=77.38% test_acc=51.47% best=52.74% lr=4.3528838e-05 time=12.1s est_300=1h 03m 15s
[OURS:T2T-ViT-7][248/300] loss=0.9610 ce=0.9610 guidance=0.0000 beta=0.00 train_acc=77.73% test_acc=52.11% best=52.74% lr=4.2151558e-05 time=13.0s est_300=1h 03m 16s
[OURS:T2T-ViT-7][249/300] loss=0.9544 ce=0.9544 guidance=0.0000 beta=0.00 train_acc=77.24% test_acc=52.19% best=52.74% lr=4.0797346e-05 time=13.5s est_300=1h 03m 17s
[OURS:T2T-ViT-7][250/300] loss=0.9382 ce=0.9382 guidance=0.0000 beta=0.00 train_acc=77.60% test_acc=52.54% best=52.74% lr=3.9466348e-05 time=13.0s est_300=1h 03m 17s
[OURS:T2T-ViT-7][251/300] loss=0.9466 ce=0.9466 guidance=0.0000 beta=0.00 train_acc=77.14% test_acc=52.23% best=52.74% lr=3.8158713e-05 time=11.6s est_300=1h 03m 16s
[OURS:T2T-ViT-7][252/300] loss=0.9517 ce=0.9517 guidance=0.0000 beta=0.00 train_acc=77.55% test_acc=52.16% best=52.74% lr=3.6874582e-05 time=12.9s est_300=1h 03m 16s
[OURS:T2T-ViT-7][253/300] loss=0.9470 ce=0.9470 guidance=0.0000 beta=0.00 train_acc=76.87% test_acc=51.69% best=52.74% lr=3.5614097e-05 time=12.9s est_300=1h 03m 16s
[OURS:T2T-ViT-7][254/300] loss=0.9727 ce=0.9727 guidance=0.0000 beta=0.00 train_acc=77.07% test_acc=51.47% best=52.74% lr=3.4377396e-05 time=12.8s est_300=1h 03m 16s
[OURS:T2T-ViT-7][255/300] loss=0.9597 ce=0.9597 guidance=0.0000 beta=0.00 train_acc=77.17% test_acc=52.14% best=52.74% lr=3.3164614e-05 time=13.8s est_300=1h 03m 18s
[OURS:T2T-ViT-7][256/300] loss=0.9290 ce=0.9290 guidance=0.0000 beta=0.00 train_acc=78.04% test_acc=51.54% best=52.74% lr=3.1975885e-05 time=11.5s est_300=1h 03m 16s
[OURS:T2T-ViT-7][257/300] loss=0.9315 ce=0.9315 guidance=0.0000 beta=0.00 train_acc=77.73% test_acc=52.00% best=52.74% lr=3.0811339e-05 time=12.2s est_300=1h 03m 16s
[OURS:T2T-ViT-7][258/300] loss=0.9516 ce=0.9516 guidance=0.0000 beta=0.00 train_acc=77.63% test_acc=51.69% best=52.74% lr=2.9671104e-05 time=13.6s est_300=1h 03m 17s
[OURS:T2T-ViT-7][259/300] loss=0.9097 ce=0.9097 guidance=0.0000 beta=0.00 train_acc=78.40% test_acc=51.90% best=52.74% lr=2.8555305e-05 time=11.6s est_300=1h 03m 16s
[OURS:T2T-ViT-7][260/300] loss=0.9388 ce=0.9388 guidance=0.0000 beta=0.00 train_acc=77.75% test_acc=51.88% best=52.74% lr=2.7464063e-05 time=11.6s est_300=1h 03m 15s
[OURS:T2T-ViT-7][261/300] loss=0.9404 ce=0.9404 guidance=0.0000 beta=0.00 train_acc=77.62% test_acc=51.69% best=52.74% lr=2.6397499e-05 time=13.4s est_300=1h 03m 15s
[OURS:T2T-ViT-7][262/300] loss=0.9275 ce=0.9275 guidance=0.0000 beta=0.00 train_acc=77.97% test_acc=51.90% best=52.74% lr=2.535573e-05 time=13.4s est_300=1h 03m 16s
[OURS:T2T-ViT-7][263/300] loss=0.9328 ce=0.9328 guidance=0.0000 beta=0.00 train_acc=77.62% test_acc=52.00% best=52.74% lr=2.433887e-05 time=13.9s est_300=1h 03m 18s
[OURS:T2T-ViT-7][264/300] loss=0.9328 ce=0.9328 guidance=0.0000 beta=0.00 train_acc=78.07% test_acc=52.17% best=52.74% lr=2.334703e-05 time=14.2s est_300=1h 03m 19s
[OURS:T2T-ViT-7][265/300] loss=0.8878 ce=0.8878 guidance=0.0000 beta=0.00 train_acc=78.84% test_acc=52.36% best=52.74% lr=2.238032e-05 time=14.1s est_300=1h 03m 21s
[OURS:T2T-ViT-7][266/300] loss=0.9559 ce=0.9559 guidance=0.0000 beta=0.00 train_acc=76.78% test_acc=52.12% best=52.74% lr=2.1438844e-05 time=13.9s est_300=1h 03m 22s
[OURS:T2T-ViT-7][267/300] loss=0.9063 ce=0.9063 guidance=0.0000 beta=0.00 train_acc=78.75% test_acc=52.78% best=52.78% lr=2.0522708e-05 time=12.2s est_300=1h 03m 22s
[OURS:T2T-ViT-7][268/300] loss=0.8906 ce=0.8906 guidance=0.0000 beta=0.00 train_acc=78.96% test_acc=52.69% best=52.78% lr=1.963201e-05 time=14.0s est_300=1h 03m 23s
[OURS:T2T-ViT-7][269/300] loss=0.9166 ce=0.9166 guidance=0.0000 beta=0.00 train_acc=78.12% test_acc=52.95% best=52.95% lr=1.8766848e-05 time=14.2s est_300=1h 03m 25s
[OURS:T2T-ViT-7][270/300] loss=0.9216 ce=0.9216 guidance=0.0000 beta=0.00 train_acc=77.72% test_acc=51.92% best=52.95% lr=1.7927319e-05 time=13.9s est_300=1h 03m 26s
[OURS:T2T-ViT-7][271/300] loss=0.8959 ce=0.8959 guidance=0.0000 beta=0.00 train_acc=79.31% test_acc=52.24% best=52.95% lr=1.7113512e-05 time=12.3s est_300=1h 03m 26s
[OURS:T2T-ViT-7][272/300] loss=0.9098 ce=0.9098 guidance=0.0000 beta=0.00 train_acc=78.60% test_acc=52.66% best=52.95% lr=1.6325519e-05 time=13.3s est_300=1h 03m 27s
[OURS:T2T-ViT-7][273/300] loss=0.9469 ce=0.9469 guidance=0.0000 beta=0.00 train_acc=78.11% test_acc=52.04% best=52.95% lr=1.5563424e-05 time=12.4s est_300=1h 03m 26s
[OURS:T2T-ViT-7][274/300] loss=0.8959 ce=0.8959 guidance=0.0000 beta=0.00 train_acc=79.26% test_acc=52.47% best=52.95% lr=1.4827313e-05 time=12.5s est_300=1h 03m 26s
[OURS:T2T-ViT-7][275/300] loss=0.9356 ce=0.9356 guidance=0.0000 beta=0.00 train_acc=78.26% test_acc=52.23% best=52.95% lr=1.4117265e-05 time=12.8s est_300=1h 03m 26s
[OURS:T2T-ViT-7][276/300] loss=0.9297 ce=0.9297 guidance=0.0000 beta=0.00 train_acc=78.04% test_acc=52.12% best=52.95% lr=1.3433358e-05 time=12.2s est_300=1h 03m 26s
[OURS:T2T-ViT-7][277/300] loss=0.8834 ce=0.8834 guidance=0.0000 beta=0.00 train_acc=79.18% test_acc=52.17% best=52.95% lr=1.2775668e-05 time=11.7s est_300=1h 03m 25s
[OURS:T2T-ViT-7][278/300] loss=0.9099 ce=0.9099 guidance=0.0000 beta=0.00 train_acc=78.62% test_acc=52.26% best=52.95% lr=1.2144266e-05 time=12.7s est_300=1h 03m 25s
[OURS:T2T-ViT-7][279/300] loss=0.8893 ce=0.8893 guidance=0.0000 beta=0.00 train_acc=79.08% test_acc=52.47% best=52.95% lr=1.1539222e-05 time=12.6s est_300=1h 03m 24s
[OURS:T2T-ViT-7][280/300] loss=0.9155 ce=0.9155 guidance=0.0000 beta=0.00 train_acc=78.67% test_acc=52.14% best=52.95% lr=1.0960601e-05 time=13.1s est_300=1h 03m 25s
[OURS:T2T-ViT-7][281/300] loss=0.8895 ce=0.8895 guidance=0.0000 beta=0.00 train_acc=78.91% test_acc=52.71% best=52.95% lr=1.0408469e-05 time=12.2s est_300=1h 03m 24s
[OURS:T2T-ViT-7][282/300] loss=0.9305 ce=0.9305 guidance=0.0000 beta=0.00 train_acc=77.97% test_acc=52.71% best=52.95% lr=9.8828843e-06 time=13.1s est_300=1h 03m 25s
[OURS:T2T-ViT-7][283/300] loss=0.9080 ce=0.9080 guidance=0.0000 beta=0.00 train_acc=78.31% test_acc=52.49% best=52.95% lr=9.3839054e-06 time=13.4s est_300=1h 03m 26s
[OURS:T2T-ViT-7][284/300] loss=0.9139 ce=0.9139 guidance=0.0000 beta=0.00 train_acc=78.36% test_acc=52.40% best=52.95% lr=8.911587e-06 time=13.0s est_300=1h 03m 26s
[OURS:T2T-ViT-7][285/300] loss=0.8937 ce=0.8937 guidance=0.0000 beta=0.00 train_acc=78.70% test_acc=52.24% best=52.95% lr=8.4659808e-06 time=14.1s est_300=1h 03m 27s
[OURS:T2T-ViT-7][286/300] loss=0.8967 ce=0.8967 guidance=0.0000 beta=0.00 train_acc=78.99% test_acc=52.59% best=52.95% lr=8.0471357e-06 time=13.0s est_300=1h 03m 28s
[OURS:T2T-ViT-7][287/300] loss=0.9257 ce=0.9257 guidance=0.0000 beta=0.00 train_acc=78.24% test_acc=52.52% best=52.95% lr=7.6550976e-06 time=13.0s est_300=1h 03m 28s
[OURS:T2T-ViT-7][288/300] loss=0.8928 ce=0.8928 guidance=0.0000 beta=0.00 train_acc=79.06% test_acc=52.61% best=52.95% lr=7.2899095e-06 time=13.8s est_300=1h 03m 29s
[OURS:T2T-ViT-7][289/300] loss=0.9012 ce=0.9012 guidance=0.0000 beta=0.00 train_acc=78.77% test_acc=52.24% best=52.95% lr=6.9516114e-06 time=14.0s est_300=1h 03m 31s
[OURS:T2T-ViT-7][290/300] loss=0.8926 ce=0.8926 guidance=0.0000 beta=0.00 train_acc=78.87% test_acc=52.76% best=52.95% lr=6.6402405e-06 time=13.6s est_300=1h 03m 32s
[OURS:T2T-ViT-7][291/300] loss=0.9128 ce=0.9128 guidance=0.0000 beta=0.00 train_acc=78.58% test_acc=52.97% best=52.97% lr=6.3558309e-06 time=14.0s est_300=1h 03m 33s
[OURS:T2T-ViT-7][292/300] loss=0.8676 ce=0.8676 guidance=0.0000 beta=0.00 train_acc=79.18% test_acc=52.64% best=52.97% lr=6.0984138e-06 time=13.1s est_300=1h 03m 33s
[OURS:T2T-ViT-7][293/300] loss=0.8711 ce=0.8711 guidance=0.0000 beta=0.00 train_acc=79.30% test_acc=52.50% best=52.97% lr=5.8680173e-06 time=13.7s est_300=1h 03m 34s
[OURS:T2T-ViT-7][294/300] loss=0.8959 ce=0.8959 guidance=0.0000 beta=0.00 train_acc=78.29% test_acc=52.62% best=52.97% lr=5.6646669e-06 time=13.6s est_300=1h 03m 35s
[OURS:T2T-ViT-7][295/300] loss=0.9061 ce=0.9061 guidance=0.0000 beta=0.00 train_acc=78.79% test_acc=52.81% best=52.97% lr=5.4883847e-06 time=13.1s est_300=1h 03m 35s
[OURS:T2T-ViT-7][296/300] loss=0.9022 ce=0.9022 guidance=0.0000 beta=0.00 train_acc=78.24% test_acc=52.19% best=52.97% lr=5.3391901e-06 time=13.0s est_300=1h 03m 36s
[OURS:T2T-ViT-7][297/300] loss=0.8959 ce=0.8959 guidance=0.0000 beta=0.00 train_acc=78.75% test_acc=52.61% best=52.97% lr=5.2170996e-06 time=11.6s est_300=1h 03m 35s
[OURS:T2T-ViT-7][298/300] loss=0.9168 ce=0.9168 guidance=0.0000 beta=0.00 train_acc=78.12% test_acc=52.49% best=52.97% lr=5.1221263e-06 time=13.3s est_300=1h 03m 35s
[OURS:T2T-ViT-7][299/300] loss=0.8951 ce=0.8951 guidance=0.0000 beta=0.00 train_acc=78.38% test_acc=52.61% best=52.97% lr=5.0542808e-06 time=14.0s est_300=1h 03m 36s
[OURS:T2T-ViT-7][300/300] loss=0.8792 ce=0.8792 guidance=0.0000 beta=0.00 train_acc=79.08% test_acc=52.76% best=52.97% lr=5.0135706e-06 time=13.5s est_300=1h 03m 37s
[TIMING_RESULT] student=T2T-ViT-7 method=OURS batch=128 avg_epoch=12.72s estimated_300=1h 03m 37s
[FINAL_RESULT] summary=/app/output/table1_cub200_t2t_vit7_all_full_seed1/students/table1_cub200_t2t_vit_7_ours_b128_full_300ep_seed1/summary.json
[DONE] Table-1 CUB student task completed successfully.
[STUDENT_IDENTITY_CHECK_TABLE1_CUB200] status=PASS student=T2T-ViT-7 method=OursB128 batch=128 teacher=06f75192b1c108c89e480843cb4f72dfb28aa762d7b11e7ac327333dd54b51f5
[TASK_DONE] 5/5 T2T-ViT-7/OursB128 elapsed=1h 03m 57s
================================================================================================
[FINAL_TOP1_SUMMARY_TABLE1_CUB200_BACKBONE_ALL] student=T2T-ViT-7 Teacher=36.40% Vanilla=26.73% LG=46.63% ALG=50.57% OursB64=54.59% OursB128=52.97%
[SEQUENCE_DONE_TABLE1_CUB200_BACKBONE_ALL] student=T2T-ViT-7 completed_tasks=5/5
[FINAL_RESULT] summary=/app/output/table1_cub200_t2t_vit7_all_full_seed1/final_summary.json
