========================================================================================
CUB-200 SEPARATE 224 FAMILY: RESNET50-224 TEACHER -> LG -> ALG -> OURS
========================================================================================
[MODE] full
[PROTOCOL_FAMILY] cub200_common_transfer_resnet50_224 separate_from=cub200_resnet56_32_scratch
[RESOLUTION_LOCK] teacher_input=224 student_input=224 no_32px_teacher=True
[PRETRAINING_NOTICE] teacher=ImageNet1K_V2 pretrained; CUB/ImageNet overlap warning applies
[FEATURE_CONTRACT] teacher=ResNet50 stages=(layer2,layer3,layer4) channels=(512,1024,2048) grids=(28,14,7)
[FAIRNESS] LG224/ALG224/Ours224 consume the exact same ResNet50-224 teacher manifest/checkpoint
[PATH] data_dir=/app/scratch/input/bapedragon_511/data/cub200
[PATH] output_root=/app/output/cub200_resnet50_224_lg_alg_ours_full_seed1
[COMMAND][teacher] /usr/bin/python teachers/train_teacher_cub200_resnet50_224.py --data-dir data/cub200 --output-dir /app/output/cub200_resnet50_224_lg_alg_ours_full_seed1/teacher_resnet50_224 --run-name teacher_cub200_resnet50_224_imagenet1k_v2_200ep_seed1 --num-workers 4
[BOOT] Python process started: /usr/bin/python
[BOOT] timm not found; installing timm==1.0.27
Collecting timm==1.0.27
  Downloading timm-1.0.27-py3-none-any.whl.metadata (40 kB)
Requirement already satisfied: torch in /usr/local/lib/python3.10/dist-packages (from timm==1.0.27) (2.11.0)
Requirement already satisfied: torchvision in /usr/local/lib/python3.10/dist-packages (from timm==1.0.27) (0.26.0)
Requirement already satisfied: pyyaml in /usr/local/lib/python3.10/dist-packages (from timm==1.0.27) (6.0.3)
Requirement already satisfied: huggingface_hub in /usr/local/lib/python3.10/dist-packages (from timm==1.0.27) (1.17.0)
Requirement already satisfied: safetensors in /usr/local/lib/python3.10/dist-packages (from timm==1.0.27) (0.7.0)
Requirement already satisfied: click>=8.4.0 in /usr/local/lib/python3.10/dist-packages (from huggingface_hub->timm==1.0.27) (8.4.1)
Requirement already satisfied: filelock>=3.10.0 in /usr/local/lib/python3.10/dist-packages (from huggingface_hub->timm==1.0.27) (3.29.0)
Requirement already satisfied: fsspec>=2023.5.0 in /usr/local/lib/python3.10/dist-packages (from huggingface_hub->timm==1.0.27) (2026.2.0)
Requirement already satisfied: hf-xet<2.0.0,>=1.4.3 in /usr/local/lib/python3.10/dist-packages (from huggingface_hub->timm==1.0.27) (1.5.0)
Requirement already satisfied: httpx<1,>=0.23.0 in /usr/local/lib/python3.10/dist-packages (from huggingface_hub->timm==1.0.27) (0.28.1)
Requirement already satisfied: packaging>=20.9 in /usr/local/lib/python3.10/dist-packages (from huggingface_hub->timm==1.0.27) (26.2)
Requirement already satisfied: tqdm>=4.42.1 in /usr/local/lib/python3.10/dist-packages (from huggingface_hub->timm==1.0.27) (4.67.3)
Requirement already satisfied: typer<0.26.0,>=0.20.0 in /usr/local/lib/python3.10/dist-packages (from huggingface_hub->timm==1.0.27) (0.25.1)
Requirement already satisfied: typing-extensions>=4.1.0 in /usr/local/lib/python3.10/dist-packages (from huggingface_hub->timm==1.0.27) (4.15.0)
Requirement already satisfied: anyio in /usr/local/lib/python3.10/dist-packages (from httpx<1,>=0.23.0->huggingface_hub->timm==1.0.27) (4.13.0)
Requirement already satisfied: certifi in /usr/local/lib/python3.10/dist-packages (from httpx<1,>=0.23.0->huggingface_hub->timm==1.0.27) (2026.5.20)
Requirement already satisfied: httpcore==1.* in /usr/local/lib/python3.10/dist-packages (from httpx<1,>=0.23.0->huggingface_hub->timm==1.0.27) (1.0.9)
Requirement already satisfied: idna in /usr/local/lib/python3.10/dist-packages (from httpx<1,>=0.23.0->huggingface_hub->timm==1.0.27) (3.18)
Requirement already satisfied: h11>=0.16 in /usr/local/lib/python3.10/dist-packages (from httpcore==1.*->httpx<1,>=0.23.0->huggingface_hub->timm==1.0.27) (0.16.0)
Requirement already satisfied: shellingham>=1.3.0 in /usr/local/lib/python3.10/dist-packages (from typer<0.26.0,>=0.20.0->huggingface_hub->timm==1.0.27) (1.5.4)
Requirement already satisfied: rich>=13.8.0 in /usr/local/lib/python3.10/dist-packages (from typer<0.26.0,>=0.20.0->huggingface_hub->timm==1.0.27) (15.0.0)
Requirement already satisfied: annotated-doc>=0.0.2 in /usr/local/lib/python3.10/dist-packages (from typer<0.26.0,>=0.20.0->huggingface_hub->timm==1.0.27) (0.0.4)
Requirement already satisfied: markdown-it-py>=2.2.0 in /usr/local/lib/python3.10/dist-packages (from rich>=13.8.0->typer<0.26.0,>=0.20.0->huggingface_hub->timm==1.0.27) (4.2.0)
Requirement already satisfied: pygments<3.0.0,>=2.13.0 in /usr/local/lib/python3.10/dist-packages (from rich>=13.8.0->typer<0.26.0,>=0.20.0->huggingface_hub->timm==1.0.27) (2.20.0)
Requirement already satisfied: mdurl~=0.1 in /usr/local/lib/python3.10/dist-packages (from markdown-it-py>=2.2.0->rich>=13.8.0->typer<0.26.0,>=0.20.0->huggingface_hub->timm==1.0.27) (0.1.2)
Requirement already satisfied: exceptiongroup>=1.0.2 in /usr/local/lib/python3.10/dist-packages (from anyio->httpx<1,>=0.23.0->huggingface_hub->timm==1.0.27) (1.3.1)
Requirement already satisfied: setuptools<82 in /usr/local/lib/python3.10/dist-packages (from torch->timm==1.0.27) (70.2.0)
Requirement already satisfied: sympy>=1.13.3 in /usr/local/lib/python3.10/dist-packages (from torch->timm==1.0.27) (1.14.0)
Requirement already satisfied: networkx>=2.5.1 in /usr/local/lib/python3.10/dist-packages (from torch->timm==1.0.27) (3.4.2)
Requirement already satisfied: jinja2 in /usr/local/lib/python3.10/dist-packages (from torch->timm==1.0.27) (3.1.6)
Requirement already satisfied: cuda-toolkit==13.0.2 in /usr/local/lib/python3.10/dist-packages (from cuda-toolkit[cublas,cudart,cufft,cufile,cupti,curand,cusolver,cusparse,nvjitlink,nvrtc,nvtx]==13.0.2; platform_system == "Linux"->torch->timm==1.0.27) (13.0.2)
Requirement already satisfied: cuda-bindings<14,>=13.0.3 in /usr/local/lib/python3.10/dist-packages (from torch->timm==1.0.27) (13.3.1)
Requirement already satisfied: nvidia-cudnn-cu13==9.19.0.56 in /usr/local/lib/python3.10/dist-packages (from torch->timm==1.0.27) (9.19.0.56)
Requirement already satisfied: nvidia-cusparselt-cu13==0.8.0 in /usr/local/lib/python3.10/dist-packages (from torch->timm==1.0.27) (0.8.0)
Requirement already satisfied: nvidia-nccl-cu13==2.28.9 in /usr/local/lib/python3.10/dist-packages (from torch->timm==1.0.27) (2.28.9)
Requirement already satisfied: nvidia-nvshmem-cu13==3.4.5 in /usr/local/lib/python3.10/dist-packages (from torch->timm==1.0.27) (3.4.5)
Requirement already satisfied: triton==3.6.0 in /usr/local/lib/python3.10/dist-packages (from torch->timm==1.0.27) (3.6.0)
Requirement already satisfied: nvidia-cufile==1.15.1.6.* in /usr/local/lib/python3.10/dist-packages (from cuda-toolkit[cublas,cudart,cufft,cufile,cupti,curand,cusolver,cusparse,nvjitlink,nvrtc,nvtx]==13.0.2; platform_system == "Linux"->torch->timm==1.0.27) (1.15.1.6)
Requirement already satisfied: nvidia-curand==10.4.0.35.* in /usr/local/lib/python3.10/dist-packages (from cuda-toolkit[cublas,cudart,cufft,cufile,cupti,curand,cusolver,cusparse,nvjitlink,nvrtc,nvtx]==13.0.2; platform_system == "Linux"->torch->timm==1.0.27) (10.4.0.35)
Requirement already satisfied: nvidia-nvjitlink==13.0.88.* in /usr/local/lib/python3.10/dist-packages (from cuda-toolkit[cublas,cudart,cufft,cufile,cupti,curand,cusolver,cusparse,nvjitlink,nvrtc,nvtx]==13.0.2; platform_system == "Linux"->torch->timm==1.0.27) (13.0.88)
Requirement already satisfied: nvidia-cublas==13.1.0.3.* in /usr/local/lib/python3.10/dist-packages (from cuda-toolkit[cublas,cudart,cufft,cufile,cupti,curand,cusolver,cusparse,nvjitlink,nvrtc,nvtx]==13.0.2; platform_system == "Linux"->torch->timm==1.0.27) (13.1.0.3)
Requirement already satisfied: nvidia-cuda-cupti==13.0.85.* in /usr/local/lib/python3.10/dist-packages (from cuda-toolkit[cublas,cudart,cufft,cufile,cupti,curand,cusolver,cusparse,nvjitlink,nvrtc,nvtx]==13.0.2; platform_system == "Linux"->torch->timm==1.0.27) (13.0.85)
Requirement already satisfied: nvidia-cusolver==12.0.4.66.* in /usr/local/lib/python3.10/dist-packages (from cuda-toolkit[cublas,cudart,cufft,cufile,cupti,curand,cusolver,cusparse,nvjitlink,nvrtc,nvtx]==13.0.2; platform_system == "Linux"->torch->timm==1.0.27) (12.0.4.66)
Requirement already satisfied: nvidia-cuda-nvrtc==13.0.88.* in /usr/local/lib/python3.10/dist-packages (from cuda-toolkit[cublas,cudart,cufft,cufile,cupti,curand,cusolver,cusparse,nvjitlink,nvrtc,nvtx]==13.0.2; platform_system == "Linux"->torch->timm==1.0.27) (13.0.88)
Requirement already satisfied: nvidia-cuda-runtime==13.0.96.* in /usr/local/lib/python3.10/dist-packages (from cuda-toolkit[cublas,cudart,cufft,cufile,cupti,curand,cusolver,cusparse,nvjitlink,nvrtc,nvtx]==13.0.2; platform_system == "Linux"->torch->timm==1.0.27) (13.0.96)
Requirement already satisfied: nvidia-nvtx==13.0.85.* in /usr/local/lib/python3.10/dist-packages (from cuda-toolkit[cublas,cudart,cufft,cufile,cupti,curand,cusolver,cusparse,nvjitlink,nvrtc,nvtx]==13.0.2; platform_system == "Linux"->torch->timm==1.0.27) (13.0.85)
Requirement already satisfied: nvidia-cusparse==12.6.3.3.* in /usr/local/lib/python3.10/dist-packages (from cuda-toolkit[cublas,cudart,cufft,cufile,cupti,curand,cusolver,cusparse,nvjitlink,nvrtc,nvtx]==13.0.2; platform_system == "Linux"->torch->timm==1.0.27) (12.6.3.3)
Requirement already satisfied: nvidia-cufft==12.0.0.61.* in /usr/local/lib/python3.10/dist-packages (from cuda-toolkit[cublas,cudart,cufft,cufile,cupti,curand,cusolver,cusparse,nvjitlink,nvrtc,nvtx]==13.0.2; platform_system == "Linux"->torch->timm==1.0.27) (12.0.0.61)
Requirement already satisfied: cuda-pathfinder>=1.4.2 in /usr/local/lib/python3.10/dist-packages (from cuda-bindings<14,>=13.0.3->torch->timm==1.0.27) (1.5.5)
Requirement already satisfied: mpmath<1.4,>=1.1.0 in /usr/local/lib/python3.10/dist-packages (from sympy>=1.13.3->torch->timm==1.0.27) (1.3.0)
Requirement already satisfied: MarkupSafe>=2.0 in /usr/local/lib/python3.10/dist-packages (from jinja2->torch->timm==1.0.27) (3.0.3)
Requirement already satisfied: numpy in /usr/local/lib/python3.10/dist-packages (from torchvision->timm==1.0.27) (2.2.6)
Requirement already satisfied: pillow!=8.3.*,>=5.3.0 in /usr/local/lib/python3.10/dist-packages (from torchvision->timm==1.0.27) (12.2.0)
Downloading timm-1.0.27-py3-none-any.whl (2.6 MB)
   ━━━━━━━━━━━━━━━━━━━━━━━━━━━━━━━━━━━━━━━━ 2.6/2.6 MB 46.4 MB/s  0:00:00
Installing collected packages: timm
Successfully installed timm-1.0.27
WARNING: Running pip as the 'root' user can result in broken permissions and conflicting behaviour with the system package manager, possibly rendering your system unusable. It is recommended to use a virtual environment instead: https://pip.pypa.io/warnings/venv. Use the --root-user-action option if you know what you are doing and want to suppress this warning.
[BOOT] timm installation completed
================================================================================
TRAIN CUB-200 RESNET50 TEACHER (IMAGENET TRANSFER, 224 x 224)
================================================================================
[MODE] mode=full actual_epochs=200 planned_epochs=200
[PATH] run_dir=/app/output/cub200_resnet50_224_lg_alg_ours_full_seed1/teacher_resnet50_224/teacher_cub200_resnet50_224_imagenet1k_v2_200ep_seed1
[PROTOCOL_FAMILY] cub200_common_transfer_resnet50_224 separate_from=cub200_resnet56_32_scratch
[PROTOCOL] official_split train=5994 test=5794 architecture=ResNet50 input=224 pretrained=ImageNet1K_V2 full_finetune=True optimizer=SGD lr=0.01 momentum=0.9 nesterov=True weight_decay=0.0005 cosine=200ep batch=64 seed=1 fp32=True
[PRETRAINING_NOTICE] The official CUB page warns that CUB images may overlap ImageNet. Report this transfer-learning family separately from scratch-teacher results.
Downloading: "https://download.pytorch.org/models/resnet50-11ad3fa6.pth" to /app/scratch/torch/hub/checkpoints/resnet50-11ad3fa6.pth
  0%|          | 0.00/97.8M [00:00<?, ?B/s]  7%|▋         | 6.50M/97.8M [00:00<00:01, 67.4MB/s] 15%|█▌        | 15.0M/97.8M [00:00<00:01, 79.5MB/s] 24%|██▍       | 23.9M/97.8M [00:00<00:00, 85.6MB/s] 34%|███▎      | 32.9M/97.8M [00:00<00:00, 88.7MB/s] 43%|████▎     | 41.8M/97.8M [00:00<00:00, 90.3MB/s] 52%|█████▏    | 50.5M/97.8M [00:00<00:00, 90.5MB/s] 61%|██████    | 59.2M/97.8M [00:00<00:00, 90.2MB/s] 70%|██████▉   | 68.1M/97.8M [00:00<00:00, 90.9MB/s] 79%|███████▊  | 77.0M/97.8M [00:00<00:00, 91.5MB/s] 88%|████████▊ | 85.8M/97.8M [00:01<00:00, 91.2MB/s] 97%|█████████▋| 94.5M/97.8M [00:01<00:00, 87.2MB/s]100%|██████████| 97.8M/97.8M [00:01<00:00, 88.0MB/s]
[PROTOCOL_CHECK] status=PASS features=((1, 512, 28, 28), (1, 1024, 14, 14), (1, 2048, 7, 7)) logits=(1, 200)
[DATA] root=/app/scratch/input/bapedragon_511/data/cub200/CUB_200_2011 train_samples=5994 test_samples=5794 split=official_train/test
[TEACHER224][001/200] loss=4.8406 train_acc=9.59% test_acc=29.53% best=29.53% lr=0.01000000 time=13.4s est_200=44m 35s saved_best
[TEACHER224][002/200] loss=2.5217 train_acc=40.74% test_acc=60.86% best=60.86% lr=0.00999938 time=12.3s est_200=42m 50s saved_best
[TEACHER224][003/200] loss=1.5651 train_acc=60.35% test_acc=70.83% best=70.83% lr=0.00999753 time=12.6s est_200=42m 31s saved_best
[TEACHER224][004/200] loss=1.2110 train_acc=68.85% test_acc=74.61% best=74.61% lr=0.00999445 time=12.9s est_200=42m 38s saved_best
[TEACHER224][005/200] loss=1.0113 train_acc=74.53% test_acc=75.22% best=75.22% lr=0.00999013 time=12.6s est_200=42m 29s saved_best
[TEACHER224][006/200] loss=0.9033 train_acc=77.55% test_acc=77.06% best=77.06% lr=0.00998459 time=12.5s est_200=42m 20s saved_best
[TEACHER224][007/200] loss=0.7889 train_acc=80.44% test_acc=77.70% best=77.70% lr=0.00997781 time=12.3s est_200=42m 08s saved_best
[TEACHER224][008/200] loss=0.7297 train_acc=80.95% test_acc=77.75% best=77.75% lr=0.00996980 time=12.3s est_200=42m 00s saved_best
[TEACHER224][009/200] loss=0.6775 train_acc=83.05% test_acc=78.96% best=78.96% lr=0.00996057 time=12.4s est_200=41m 56s saved_best
[TEACHER224][010/200] loss=0.6291 train_acc=84.93% test_acc=78.27% best=78.96% lr=0.00995012 time=12.3s est_200=41m 51s
[TEACHER224][011/200] loss=0.5878 train_acc=85.47% test_acc=79.38% best=79.38% lr=0.00993844 time=12.5s est_200=41m 50s saved_best
[TEACHER224][012/200] loss=0.5626 train_acc=86.26% test_acc=79.74% best=79.74% lr=0.00992555 time=12.4s est_200=41m 47s saved_best
[TEACHER224][013/200] loss=0.5682 train_acc=85.90% test_acc=79.70% best=79.74% lr=0.00991144 time=12.4s est_200=41m 46s
[TEACHER224][014/200] loss=0.5007 train_acc=87.99% test_acc=79.62% best=79.74% lr=0.00989611 time=12.3s est_200=41m 43s
[TEACHER224][015/200] loss=0.5078 train_acc=87.63% test_acc=79.41% best=79.74% lr=0.00987958 time=12.3s est_200=41m 41s
[TEACHER224][016/200] loss=0.4927 train_acc=87.62% test_acc=79.36% best=79.74% lr=0.00986185 time=12.5s est_200=41m 40s
[TEACHER224][017/200] loss=0.4684 train_acc=88.88% test_acc=79.08% best=79.74% lr=0.00984292 time=12.3s est_200=41m 38s
[TEACHER224][018/200] loss=0.4715 train_acc=88.59% test_acc=80.08% best=80.08% lr=0.00982279 time=12.3s est_200=41m 36s saved_best
[TEACHER224][019/200] loss=0.4458 train_acc=89.28% test_acc=79.48% best=80.08% lr=0.00980147 time=12.5s est_200=41m 37s
[TEACHER224][020/200] loss=0.4291 train_acc=89.58% test_acc=79.79% best=80.08% lr=0.00977897 time=12.4s est_200=41m 35s
[TEACHER224][021/200] loss=0.4143 train_acc=89.80% test_acc=80.15% best=80.15% lr=0.00975528 time=12.4s est_200=41m 35s saved_best
[TEACHER224][022/200] loss=0.4181 train_acc=89.62% test_acc=79.58% best=80.15% lr=0.00973043 time=12.3s est_200=41m 34s
[TEACHER224][023/200] loss=0.3786 train_acc=90.66% test_acc=80.96% best=80.96% lr=0.00970440 time=12.5s est_200=41m 34s saved_best
[TEACHER224][024/200] loss=0.3682 train_acc=90.99% test_acc=80.60% best=80.96% lr=0.00967722 time=12.6s est_200=41m 35s
[TEACHER224][025/200] loss=0.4125 train_acc=90.17% test_acc=79.86% best=80.96% lr=0.00964888 time=12.4s est_200=41m 34s
[TEACHER224][026/200] loss=0.3858 train_acc=90.51% test_acc=80.31% best=80.96% lr=0.00961940 time=12.7s est_200=41m 35s
[TEACHER224][027/200] loss=0.3796 train_acc=90.78% test_acc=80.08% best=80.96% lr=0.00958877 time=12.3s est_200=41m 34s
[TEACHER224][028/200] loss=0.3778 train_acc=90.94% test_acc=79.98% best=80.96% lr=0.00955702 time=12.3s est_200=41m 33s
[TEACHER224][029/200] loss=0.3841 train_acc=90.52% test_acc=80.46% best=80.96% lr=0.00952414 time=12.5s est_200=41m 33s
[TEACHER224][030/200] loss=0.3628 train_acc=91.08% test_acc=80.64% best=80.96% lr=0.00949014 time=12.4s est_200=41m 32s
[TEACHER224][031/200] loss=0.3708 train_acc=90.89% test_acc=79.41% best=80.96% lr=0.00945503 time=12.4s est_200=41m 32s
[TEACHER224][032/200] loss=0.3468 train_acc=91.95% test_acc=80.60% best=80.96% lr=0.00941883 time=12.3s est_200=41m 31s
[TEACHER224][033/200] loss=0.3427 train_acc=91.89% test_acc=80.43% best=80.96% lr=0.00938153 time=12.4s est_200=41m 30s
[TEACHER224][034/200] loss=0.3427 train_acc=91.65% test_acc=80.46% best=80.96% lr=0.00934316 time=12.5s est_200=41m 30s
[TEACHER224][035/200] loss=0.3343 train_acc=91.94% test_acc=79.88% best=80.96% lr=0.00930371 time=12.3s est_200=41m 30s
[TEACHER224][036/200] loss=0.3138 train_acc=92.66% test_acc=80.64% best=80.96% lr=0.00926320 time=12.3s est_200=41m 29s
[TEACHER224][037/200] loss=0.3350 train_acc=91.70% test_acc=80.51% best=80.96% lr=0.00922164 time=12.6s est_200=41m 29s
[TEACHER224][038/200] loss=0.3319 train_acc=91.94% test_acc=80.79% best=80.96% lr=0.00917904 time=12.6s est_200=41m 30s
[TEACHER224][039/200] loss=0.2988 train_acc=93.04% test_acc=80.45% best=80.96% lr=0.00913540 time=12.4s est_200=41m 30s
[TEACHER224][040/200] loss=0.2861 train_acc=93.18% test_acc=81.36% best=81.36% lr=0.00909075 time=12.6s est_200=41m 31s saved_best
[TEACHER224][041/200] loss=0.3209 train_acc=92.44% test_acc=81.07% best=81.36% lr=0.00904508 time=12.4s est_200=41m 31s
[TEACHER224][042/200] loss=0.3218 train_acc=92.20% test_acc=80.98% best=81.36% lr=0.00899842 time=12.5s est_200=41m 31s
[TEACHER224][043/200] loss=0.2938 train_acc=92.94% test_acc=81.45% best=81.45% lr=0.00895078 time=12.5s est_200=41m 31s saved_best
[TEACHER224][044/200] loss=0.2971 train_acc=92.98% test_acc=81.17% best=81.45% lr=0.00890215 time=12.4s est_200=41m 31s
[TEACHER224][045/200] loss=0.3052 train_acc=92.52% test_acc=81.05% best=81.45% lr=0.00885257 time=12.5s est_200=41m 31s
[TEACHER224][046/200] loss=0.2875 train_acc=92.96% test_acc=81.05% best=81.45% lr=0.00880203 time=12.9s est_200=41m 33s
[TEACHER224][047/200] loss=0.2718 train_acc=93.83% test_acc=81.52% best=81.52% lr=0.00875056 time=12.4s est_200=41m 33s saved_best
[TEACHER224][048/200] loss=0.2636 train_acc=93.70% test_acc=81.36% best=81.52% lr=0.00869816 time=12.7s est_200=41m 34s
[TEACHER224][049/200] loss=0.2936 train_acc=92.93% test_acc=80.27% best=81.52% lr=0.00864484 time=12.6s est_200=41m 35s
[TEACHER224][050/200] loss=0.2849 train_acc=93.51% test_acc=80.22% best=81.52% lr=0.00859063 time=12.4s est_200=41m 34s
[TEACHER224][051/200] loss=0.2835 train_acc=93.57% test_acc=80.55% best=81.52% lr=0.00853553 time=12.3s est_200=41m 34s
[TEACHER224][052/200] loss=0.2452 train_acc=94.54% test_acc=80.36% best=81.52% lr=0.00847956 time=12.5s est_200=41m 34s
[TEACHER224][053/200] loss=0.2651 train_acc=93.68% test_acc=81.55% best=81.55% lr=0.00842274 time=12.5s est_200=41m 34s saved_best
[TEACHER224][054/200] loss=0.2918 train_acc=92.81% test_acc=80.82% best=81.55% lr=0.00836506 time=12.6s est_200=41m 34s
[TEACHER224][055/200] loss=0.2497 train_acc=94.04% test_acc=80.51% best=81.55% lr=0.00830656 time=12.5s est_200=41m 34s
[TEACHER224][056/200] loss=0.2759 train_acc=93.46% test_acc=81.36% best=81.55% lr=0.00824724 time=12.5s est_200=41m 34s
[TEACHER224][057/200] loss=0.2536 train_acc=94.12% test_acc=81.33% best=81.55% lr=0.00818712 time=12.3s est_200=41m 34s
[TEACHER224][058/200] loss=0.2519 train_acc=93.93% test_acc=81.00% best=81.55% lr=0.00812621 time=12.7s est_200=41m 34s
[TEACHER224][059/200] loss=0.2622 train_acc=93.72% test_acc=81.64% best=81.64% lr=0.00806454 time=12.4s est_200=41m 34s saved_best
[TEACHER224][060/200] loss=0.2437 train_acc=94.19% test_acc=81.27% best=81.64% lr=0.00800210 time=12.7s est_200=41m 35s
[TEACHER224][061/200] loss=0.2640 train_acc=93.60% test_acc=80.91% best=81.64% lr=0.00793893 time=12.5s est_200=41m 35s
[TEACHER224][062/200] loss=0.2571 train_acc=93.87% test_acc=81.19% best=81.64% lr=0.00787503 time=12.5s est_200=41m 35s
[TEACHER224][063/200] loss=0.2653 train_acc=93.63% test_acc=81.12% best=81.64% lr=0.00781042 time=12.4s est_200=41m 35s
[TEACHER224][064/200] loss=0.2370 train_acc=94.30% test_acc=81.65% best=81.65% lr=0.00774511 time=12.4s est_200=41m 35s saved_best
[TEACHER224][065/200] loss=0.2493 train_acc=94.44% test_acc=81.38% best=81.65% lr=0.00767913 time=12.3s est_200=41m 34s
[TEACHER224][066/200] loss=0.2480 train_acc=94.42% test_acc=81.17% best=81.65% lr=0.00761249 time=12.5s est_200=41m 34s
[TEACHER224][067/200] loss=0.2414 train_acc=94.30% test_acc=80.74% best=81.65% lr=0.00754521 time=12.4s est_200=41m 34s
[TEACHER224][068/200] loss=0.2369 train_acc=94.12% test_acc=81.53% best=81.65% lr=0.00747729 time=12.3s est_200=41m 34s
[TEACHER224][069/200] loss=0.2300 train_acc=94.44% test_acc=81.19% best=81.65% lr=0.00740877 time=12.5s est_200=41m 34s
[TEACHER224][070/200] loss=0.2228 train_acc=94.67% test_acc=81.22% best=81.65% lr=0.00733965 time=12.4s est_200=41m 33s
[TEACHER224][071/200] loss=0.2190 train_acc=95.04% test_acc=81.53% best=81.65% lr=0.00726995 time=12.3s est_200=41m 33s
[TEACHER224][072/200] loss=0.2289 train_acc=94.51% test_acc=81.34% best=81.65% lr=0.00719970 time=12.4s est_200=41m 33s
[TEACHER224][073/200] loss=0.2122 train_acc=95.08% test_acc=81.19% best=81.65% lr=0.00712890 time=12.5s est_200=41m 33s
[TEACHER224][074/200] loss=0.2327 train_acc=94.52% test_acc=81.36% best=81.65% lr=0.00705757 time=12.3s est_200=41m 32s
[TEACHER224][075/200] loss=0.2299 train_acc=94.35% test_acc=81.53% best=81.65% lr=0.00698574 time=12.5s est_200=41m 32s
[TEACHER224][076/200] loss=0.2109 train_acc=94.79% test_acc=81.46% best=81.65% lr=0.00691342 time=12.4s est_200=41m 32s
[TEACHER224][077/200] loss=0.2275 train_acc=94.52% test_acc=82.03% best=82.03% lr=0.00684062 time=12.6s est_200=41m 33s saved_best
[TEACHER224][078/200] loss=0.2374 train_acc=94.32% test_acc=81.20% best=82.03% lr=0.00676737 time=12.4s est_200=41m 32s
[TEACHER224][079/200] loss=0.2407 train_acc=94.66% test_acc=81.88% best=82.03% lr=0.00669369 time=12.4s est_200=41m 32s
[TEACHER224][080/200] loss=0.2086 train_acc=95.09% test_acc=80.98% best=82.03% lr=0.00661959 time=12.6s est_200=41m 33s
[TEACHER224][081/200] loss=0.2078 train_acc=94.98% test_acc=81.27% best=82.03% lr=0.00654508 time=12.5s est_200=41m 33s
[TEACHER224][082/200] loss=0.2101 train_acc=95.11% test_acc=81.64% best=82.03% lr=0.00647020 time=12.4s est_200=41m 33s
[TEACHER224][083/200] loss=0.2198 train_acc=95.06% test_acc=81.22% best=82.03% lr=0.00639496 time=12.4s est_200=41m 33s
[TEACHER224][084/200] loss=0.2107 train_acc=95.11% test_acc=81.83% best=82.03% lr=0.00631937 time=12.5s est_200=41m 33s
[TEACHER224][085/200] loss=0.1988 train_acc=95.35% test_acc=82.27% best=82.27% lr=0.00624345 time=12.6s est_200=41m 33s saved_best
[TEACHER224][086/200] loss=0.1985 train_acc=95.33% test_acc=81.77% best=82.27% lr=0.00616723 time=12.4s est_200=41m 33s
[TEACHER224][087/200] loss=0.2008 train_acc=95.25% test_acc=81.34% best=82.27% lr=0.00609072 time=12.5s est_200=41m 33s
[TEACHER224][088/200] loss=0.1863 train_acc=95.58% test_acc=81.53% best=82.27% lr=0.00601394 time=12.6s est_200=41m 33s
[TEACHER224][089/200] loss=0.1874 train_acc=95.73% test_acc=81.36% best=82.27% lr=0.00593691 time=12.7s est_200=41m 33s
[TEACHER224][090/200] loss=0.1685 train_acc=96.19% test_acc=81.24% best=82.27% lr=0.00585965 time=12.4s est_200=41m 33s
[TEACHER224][091/200] loss=0.1708 train_acc=96.00% test_acc=81.71% best=82.27% lr=0.00578217 time=12.5s est_200=41m 33s
[TEACHER224][092/200] loss=0.2074 train_acc=95.26% test_acc=81.57% best=82.27% lr=0.00570451 time=12.5s est_200=41m 33s
[TEACHER224][093/200] loss=0.1974 train_acc=95.30% test_acc=81.60% best=82.27% lr=0.00562667 time=12.5s est_200=41m 33s
[TEACHER224][094/200] loss=0.1728 train_acc=95.85% test_acc=82.40% best=82.40% lr=0.00554867 time=12.4s est_200=41m 33s saved_best
[TEACHER224][095/200] loss=0.1739 train_acc=96.03% test_acc=82.00% best=82.40% lr=0.00547054 time=12.4s est_200=41m 33s
[TEACHER224][096/200] loss=0.1917 train_acc=95.48% test_acc=81.95% best=82.40% lr=0.00539230 time=12.8s est_200=41m 34s
[TEACHER224][097/200] loss=0.1859 train_acc=95.23% test_acc=81.77% best=82.40% lr=0.00531395 time=12.5s est_200=41m 34s
[TEACHER224][098/200] loss=0.1737 train_acc=96.09% test_acc=81.81% best=82.40% lr=0.00523553 time=12.5s est_200=41m 34s
[TEACHER224][099/200] loss=0.1766 train_acc=95.85% test_acc=82.19% best=82.40% lr=0.00515705 time=12.5s est_200=41m 34s
[TEACHER224][100/200] loss=0.1714 train_acc=95.98% test_acc=81.76% best=82.40% lr=0.00507854 time=12.5s est_200=41m 34s
[TEACHER224][101/200] loss=0.1710 train_acc=96.17% test_acc=81.77% best=82.40% lr=0.00500000 time=12.4s est_200=41m 34s
[TEACHER224][102/200] loss=0.1910 train_acc=95.56% test_acc=82.03% best=82.40% lr=0.00492146 time=12.7s est_200=41m 34s
[TEACHER224][103/200] loss=0.1727 train_acc=96.02% test_acc=81.58% best=82.40% lr=0.00484295 time=12.3s est_200=41m 34s
[TEACHER224][104/200] loss=0.1671 train_acc=96.12% test_acc=82.21% best=82.40% lr=0.00476447 time=12.4s est_200=41m 34s
[TEACHER224][105/200] loss=0.1639 train_acc=96.29% test_acc=82.34% best=82.40% lr=0.00468605 time=12.5s est_200=41m 34s
[TEACHER224][106/200] loss=0.1604 train_acc=96.35% test_acc=82.03% best=82.40% lr=0.00460770 time=12.7s est_200=41m 35s
[TEACHER224][107/200] loss=0.1620 train_acc=96.44% test_acc=81.95% best=82.40% lr=0.00452946 time=12.6s est_200=41m 35s
[TEACHER224][108/200] loss=0.1653 train_acc=96.12% test_acc=82.19% best=82.40% lr=0.00445133 time=12.8s est_200=41m 35s
[TEACHER224][109/200] loss=0.1681 train_acc=96.27% test_acc=81.84% best=82.40% lr=0.00437333 time=12.4s est_200=41m 35s
[TEACHER224][110/200] loss=0.1429 train_acc=96.74% test_acc=81.90% best=82.40% lr=0.00429549 time=12.6s est_200=41m 35s
[TEACHER224][111/200] loss=0.1606 train_acc=96.20% test_acc=82.10% best=82.40% lr=0.00421783 time=12.6s est_200=41m 36s
[TEACHER224][112/200] loss=0.1710 train_acc=95.93% test_acc=81.96% best=82.40% lr=0.00414035 time=12.4s est_200=41m 35s
[TEACHER224][113/200] loss=0.1531 train_acc=96.47% test_acc=82.65% best=82.65% lr=0.00406309 time=12.7s est_200=41m 36s saved_best
[TEACHER224][114/200] loss=0.1490 train_acc=96.51% test_acc=82.27% best=82.65% lr=0.00398606 time=12.7s est_200=41m 36s
[TEACHER224][115/200] loss=0.1533 train_acc=96.37% test_acc=82.36% best=82.65% lr=0.00390928 time=12.6s est_200=41m 37s
[TEACHER224][116/200] loss=0.1493 train_acc=96.64% test_acc=82.33% best=82.65% lr=0.00383277 time=12.4s est_200=41m 36s
[TEACHER224][117/200] loss=0.1534 train_acc=96.35% test_acc=82.64% best=82.65% lr=0.00375655 time=12.5s est_200=41m 36s
[TEACHER224][118/200] loss=0.1620 train_acc=96.24% test_acc=82.81% best=82.81% lr=0.00368063 time=12.2s est_200=41m 36s saved_best
[TEACHER224][119/200] loss=0.1168 train_acc=97.40% test_acc=82.65% best=82.81% lr=0.00360504 time=12.7s est_200=41m 36s
[TEACHER224][120/200] loss=0.1444 train_acc=96.72% test_acc=82.90% best=82.90% lr=0.00352980 time=12.5s est_200=41m 36s saved_best
[TEACHER224][121/200] loss=0.1394 train_acc=96.88% test_acc=82.55% best=82.90% lr=0.00345492 time=12.6s est_200=41m 36s
[TEACHER224][122/200] loss=0.1593 train_acc=96.27% test_acc=82.90% best=82.90% lr=0.00338041 time=12.4s est_200=41m 36s
[TEACHER224][123/200] loss=0.1474 train_acc=96.69% test_acc=82.86% best=82.90% lr=0.00330631 time=12.6s est_200=41m 36s
[TEACHER224][124/200] loss=0.1442 train_acc=96.76% test_acc=82.78% best=82.90% lr=0.00323263 time=12.6s est_200=41m 37s
[TEACHER224][125/200] loss=0.1400 train_acc=96.79% test_acc=82.31% best=82.90% lr=0.00315938 time=12.6s est_200=41m 37s
[TEACHER224][126/200] loss=0.1232 train_acc=97.08% test_acc=82.72% best=82.90% lr=0.00308658 time=12.5s est_200=41m 37s
[TEACHER224][127/200] loss=0.1316 train_acc=96.99% test_acc=82.69% best=82.90% lr=0.00301426 time=12.2s est_200=41m 36s
[TEACHER224][128/200] loss=0.1592 train_acc=96.22% test_acc=82.88% best=82.90% lr=0.00294243 time=12.4s est_200=41m 36s
[TEACHER224][129/200] loss=0.1287 train_acc=97.14% test_acc=83.09% best=83.09% lr=0.00287110 time=12.7s est_200=41m 37s saved_best
[TEACHER224][130/200] loss=0.1347 train_acc=96.82% test_acc=82.95% best=83.09% lr=0.00280030 time=12.3s est_200=41m 36s
[TEACHER224][131/200] loss=0.1456 train_acc=96.62% test_acc=82.93% best=83.09% lr=0.00273005 time=12.5s est_200=41m 36s
[TEACHER224][132/200] loss=0.1297 train_acc=97.21% test_acc=83.36% best=83.36% lr=0.00266035 time=12.6s est_200=41m 37s saved_best
[TEACHER224][133/200] loss=0.1260 train_acc=97.06% test_acc=83.36% best=83.36% lr=0.00259123 time=12.5s est_200=41m 37s
[TEACHER224][134/200] loss=0.1330 train_acc=97.06% test_acc=82.95% best=83.36% lr=0.00252271 time=12.5s est_200=41m 37s
[TEACHER224][135/200] loss=0.1239 train_acc=97.30% test_acc=83.26% best=83.36% lr=0.00245479 time=12.4s est_200=41m 37s
[TEACHER224][136/200] loss=0.1322 train_acc=97.03% test_acc=83.02% best=83.36% lr=0.00238751 time=12.7s est_200=41m 37s
[TEACHER224][137/200] loss=0.1164 train_acc=97.26% test_acc=83.21% best=83.36% lr=0.00232087 time=12.6s est_200=41m 37s
[TEACHER224][138/200] loss=0.1255 train_acc=97.19% test_acc=83.43% best=83.43% lr=0.00225489 time=12.5s est_200=41m 37s saved_best
[TEACHER224][139/200] loss=0.1195 train_acc=97.24% test_acc=83.45% best=83.45% lr=0.00218958 time=12.3s est_200=41m 37s saved_best
[TEACHER224][140/200] loss=0.1162 train_acc=97.51% test_acc=83.21% best=83.45% lr=0.00212497 time=12.3s est_200=41m 36s
[TEACHER224][141/200] loss=0.1167 train_acc=97.11% test_acc=83.12% best=83.45% lr=0.00206107 time=12.5s est_200=41m 37s
[TEACHER224][142/200] loss=0.1209 train_acc=97.16% test_acc=83.41% best=83.45% lr=0.00199790 time=12.4s est_200=41m 36s
[TEACHER224][143/200] loss=0.1331 train_acc=96.98% test_acc=83.31% best=83.45% lr=0.00193546 time=12.5s est_200=41m 36s
[TEACHER224][144/200] loss=0.1229 train_acc=97.04% test_acc=83.62% best=83.62% lr=0.00187379 time=12.5s est_200=41m 36s saved_best
[TEACHER224][145/200] loss=0.1162 train_acc=97.16% test_acc=83.69% best=83.69% lr=0.00181288 time=12.9s est_200=41m 37s saved_best
[TEACHER224][146/200] loss=0.1192 train_acc=97.48% test_acc=83.29% best=83.69% lr=0.00175276 time=12.3s est_200=41m 37s
[TEACHER224][147/200] loss=0.1216 train_acc=97.28% test_acc=83.22% best=83.69% lr=0.00169344 time=12.3s est_200=41m 37s
[TEACHER224][148/200] loss=0.1158 train_acc=97.48% test_acc=83.33% best=83.69% lr=0.00163494 time=12.5s est_200=41m 37s
[TEACHER224][149/200] loss=0.1136 train_acc=97.40% test_acc=83.66% best=83.69% lr=0.00157726 time=12.5s est_200=41m 37s
[TEACHER224][150/200] loss=0.1222 train_acc=97.23% test_acc=83.69% best=83.69% lr=0.00152044 time=13.6s est_200=41m 38s
[TEACHER224][151/200] loss=0.1113 train_acc=97.40% test_acc=83.71% best=83.71% lr=0.00146447 time=12.5s est_200=41m 38s saved_best
[TEACHER224][152/200] loss=0.1037 train_acc=97.68% test_acc=83.69% best=83.71% lr=0.00140937 time=12.7s est_200=41m 38s
[TEACHER224][153/200] loss=0.1072 train_acc=97.78% test_acc=83.57% best=83.71% lr=0.00135516 time=13.0s est_200=41m 39s
[TEACHER224][154/200] loss=0.0994 train_acc=97.66% test_acc=83.57% best=83.71% lr=0.00130184 time=12.4s est_200=41m 39s
[TEACHER224][155/200] loss=0.1191 train_acc=97.35% test_acc=83.55% best=83.71% lr=0.00124944 time=12.7s est_200=41m 39s
[TEACHER224][156/200] loss=0.1072 train_acc=97.40% test_acc=83.53% best=83.71% lr=0.00119797 time=12.4s est_200=41m 39s
[TEACHER224][157/200] loss=0.0949 train_acc=97.88% test_acc=83.76% best=83.76% lr=0.00114743 time=12.4s est_200=41m 39s saved_best
[TEACHER224][158/200] loss=0.1072 train_acc=97.46% test_acc=83.67% best=83.76% lr=0.00109785 time=12.6s est_200=41m 39s
[TEACHER224][159/200] loss=0.0949 train_acc=97.85% test_acc=83.93% best=83.93% lr=0.00104922 time=12.4s est_200=41m 39s saved_best
[TEACHER224][160/200] loss=0.1114 train_acc=97.60% test_acc=83.86% best=83.93% lr=0.00100158 time=12.4s est_200=41m 39s
[TEACHER224][161/200] loss=0.1196 train_acc=97.21% test_acc=84.10% best=84.10% lr=0.00095492 time=13.5s est_200=41m 40s saved_best
[TEACHER224][162/200] loss=0.0980 train_acc=97.87% test_acc=83.91% best=84.10% lr=0.00090925 time=13.5s est_200=41m 41s
[TEACHER224][163/200] loss=0.1072 train_acc=97.56% test_acc=83.71% best=84.10% lr=0.00086460 time=12.8s est_200=41m 42s
[TEACHER224][164/200] loss=0.0930 train_acc=98.02% test_acc=83.60% best=84.10% lr=0.00082096 time=12.9s est_200=41m 42s
[TEACHER224][165/200] loss=0.1086 train_acc=97.46% test_acc=83.74% best=84.10% lr=0.00077836 time=14.2s est_200=41m 44s
[TEACHER224][166/200] loss=0.1011 train_acc=97.70% test_acc=83.86% best=84.10% lr=0.00073680 time=12.4s est_200=41m 44s
[TEACHER224][167/200] loss=0.0922 train_acc=98.00% test_acc=83.83% best=84.10% lr=0.00069629 time=12.9s est_200=41m 44s
[TEACHER224][168/200] loss=0.0981 train_acc=98.00% test_acc=83.74% best=84.10% lr=0.00065684 time=12.8s est_200=41m 45s
[TEACHER224][169/200] loss=0.0953 train_acc=97.72% test_acc=83.67% best=84.10% lr=0.00061847 time=12.8s est_200=41m 45s
[TEACHER224][170/200] loss=0.0924 train_acc=97.70% test_acc=83.74% best=84.10% lr=0.00058117 time=12.5s est_200=41m 45s
[TEACHER224][171/200] loss=0.0978 train_acc=97.92% test_acc=83.60% best=84.10% lr=0.00054497 time=13.1s est_200=41m 46s
[TEACHER224][172/200] loss=0.0983 train_acc=97.95% test_acc=83.86% best=84.10% lr=0.00050986 time=12.9s est_200=41m 46s
[TEACHER224][173/200] loss=0.1128 train_acc=97.56% test_acc=83.93% best=84.10% lr=0.00047586 time=13.0s est_200=41m 47s
[TEACHER224][174/200] loss=0.0982 train_acc=98.00% test_acc=83.93% best=84.10% lr=0.00044298 time=13.6s est_200=41m 48s
[TEACHER224][175/200] loss=0.1006 train_acc=97.73% test_acc=83.69% best=84.10% lr=0.00041123 time=13.1s est_200=41m 48s
[TEACHER224][176/200] loss=0.1019 train_acc=97.87% test_acc=83.72% best=84.10% lr=0.00038060 time=13.4s est_200=41m 49s
[TEACHER224][177/200] loss=0.1084 train_acc=97.40% test_acc=83.91% best=84.10% lr=0.00035112 time=13.5s est_200=41m 51s
[TEACHER224][178/200] loss=0.1065 train_acc=97.66% test_acc=83.90% best=84.10% lr=0.00032278 time=12.8s est_200=41m 51s
[TEACHER224][179/200] loss=0.0946 train_acc=97.98% test_acc=83.55% best=84.10% lr=0.00029560 time=12.5s est_200=41m 51s
[TEACHER224][180/200] loss=0.1090 train_acc=97.72% test_acc=83.72% best=84.10% lr=0.00026957 time=13.6s est_200=41m 52s
[TEACHER224][181/200] loss=0.0927 train_acc=97.83% test_acc=83.69% best=84.10% lr=0.00024472 time=12.8s est_200=41m 52s
[TEACHER224][182/200] loss=0.1078 train_acc=97.65% test_acc=83.95% best=84.10% lr=0.00022103 time=12.4s est_200=41m 52s
[TEACHER224][183/200] loss=0.0923 train_acc=97.88% test_acc=83.79% best=84.10% lr=0.00019853 time=12.5s est_200=41m 52s
[TEACHER224][184/200] loss=0.1022 train_acc=97.58% test_acc=83.78% best=84.10% lr=0.00017721 time=12.4s est_200=41m 52s
[TEACHER224][185/200] loss=0.0911 train_acc=98.00% test_acc=83.93% best=84.10% lr=0.00015708 time=12.3s est_200=41m 51s
[TEACHER224][186/200] loss=0.1058 train_acc=97.70% test_acc=83.78% best=84.10% lr=0.00013815 time=12.9s est_200=41m 52s
[TEACHER224][187/200] loss=0.1021 train_acc=97.66% test_acc=83.97% best=84.10% lr=0.00012042 time=12.3s est_200=41m 52s
[TEACHER224][188/200] loss=0.1133 train_acc=97.53% test_acc=83.83% best=84.10% lr=0.00010389 time=12.3s est_200=41m 51s
[TEACHER224][189/200] loss=0.0990 train_acc=97.77% test_acc=83.91% best=84.10% lr=0.00008856 time=12.8s est_200=41m 52s
[TEACHER224][190/200] loss=0.0989 train_acc=97.83% test_acc=83.76% best=84.10% lr=0.00007445 time=12.3s est_200=41m 51s
[TEACHER224][191/200] loss=0.0898 train_acc=97.98% test_acc=84.04% best=84.10% lr=0.00006156 time=12.7s est_200=41m 51s
[TEACHER224][192/200] loss=0.1056 train_acc=97.55% test_acc=83.91% best=84.10% lr=0.00004988 time=12.9s est_200=41m 52s
[TEACHER224][193/200] loss=0.1025 train_acc=97.60% test_acc=83.78% best=84.10% lr=0.00003943 time=12.4s est_200=41m 52s
[TEACHER224][194/200] loss=0.1015 train_acc=97.80% test_acc=83.72% best=84.10% lr=0.00003020 time=12.9s est_200=41m 52s
[TEACHER224][195/200] loss=0.0997 train_acc=97.56% test_acc=83.90% best=84.10% lr=0.00002219 time=13.2s est_200=41m 53s
[TEACHER224][196/200] loss=0.0897 train_acc=97.90% test_acc=83.97% best=84.10% lr=0.00001541 time=12.4s est_200=41m 53s
[TEACHER224][197/200] loss=0.0920 train_acc=98.03% test_acc=83.91% best=84.10% lr=0.00000987 time=12.2s est_200=41m 52s
[TEACHER224][198/200] loss=0.0886 train_acc=98.08% test_acc=83.78% best=84.10% lr=0.00000555 time=13.8s est_200=41m 53s
[TEACHER224][199/200] loss=0.0972 train_acc=97.93% test_acc=83.85% best=84.10% lr=0.00000247 time=13.5s est_200=41m 54s
[TEACHER224][200/200] loss=0.1009 train_acc=97.63% test_acc=83.79% best=84.10% lr=0.00000062 time=13.0s est_200=41m 55s
[FINAL_RESULT] teacher224_best_top1=84.10% checkpoint=/app/output/cub200_resnet50_224_lg_alg_ours_full_seed1/teacher_resnet50_224/teacher_cub200_resnet50_224_imagenet1k_v2_200ep_seed1/teacher_resnet50_cub200_224_best.pt
[FINAL_RESULT] manifest=/app/output/cub200_resnet50_224_lg_alg_ours_full_seed1/teacher_resnet50_224/teacher_cub200_resnet50_224_imagenet1k_v2_200ep_seed1/manifest.json
[DONE] CUB-200 ResNet50-224 transfer teacher training completed successfully.
[COMMAND][LG] /usr/bin/python methods/LG/cub200_resnet50_224/train.py --data-dir data/cub200 --teacher-root /app/output/cub200_resnet50_224_lg_alg_ours_full_seed1/teacher_resnet50_224/teacher_cub200_resnet50_224_imagenet1k_v2_200ep_seed1 --output-dir /app/output/cub200_resnet50_224_lg_alg_ours_full_seed1/LG/cub200_resnet50_224 --run-name lg_cub200_resnet50_224_deit_ti_300ep_seed1 --num-workers 4
[BOOT] Python process started: /usr/bin/python
========================================================================
LOCALITY GUIDANCE / TEACHER-224 -> DEIT-TI
========================================================================
[ENV] python=3.10.12 torch=2.11.0+cu130 torchvision=0.26.0+cu130 timm=1.0.27
[ENV] cuda_available=True cuda_device_count=1
[ENV] gpu_name=NVIDIA H200 NVL
[ENV] gpu_memory_gib=139.80
[ENV] device=cuda amp=False seed=1 cudnn_benchmark=False
[PATH] data_dir=/app/scratch/input/bapedragon_511/data/cub200
[PATH] teacher_root=/app/output/cub200_resnet50_224_lg_alg_ours_full_seed1/teacher_resnet50_224/teacher_cub200_resnet50_224_imagenet1k_v2_200ep_seed1
[PATH] run_dir=/app/output/cub200_resnet50_224_lg_alg_ours_full_seed1/LG/cub200_resnet50_224/lg_cub200_resnet50_224_deit_ti_300ep_seed1
[MODE] smoke=False timing_run=False student_epochs=300 planned_epochs=300
[PROTOCOL] name=cub200_deit_ti_lg_resnet50_224_transfer_adaptation_v1 optimizer=AdamW lr=0.0005 min_lr=5e-06 weight_decay=0.05 warmup=20 warmup_factor=0.001 cosine batch=128 eval_batch=200 student_image=224 teacher_image=224 drop_path=0.1 label_smoothing=0.0 pretrained=False base=lg_official eval_resize=direct
[AUGMENT] color_jitter=0.4 auto_augment=rand-m9-mstd0.5-inc1 random_erasing=0.25/pixel/1 interpolation=bicubic normalization=ImageNet drop_last_train=True
[LG] loss=CE+beta*LG_all_epochs beta=2.5 guidance_schedule=static
[LG] teacher_stages=(0,1,2) student_blocks=(0,6,11) projection=1x1 grid=larger_of_teacher_student interpolation=bilinear stage_loss=elementwise_MSE sum_stages=True
[REFERENCE] dataset=cub200 LG=n/a BASELINE=n/a paper_guidance_stop_epoch=None
[SOURCE] LG_repo_commit=d2165f74049c906b0afc9f957491960fb3c0cc8b
[DATA] CUB-200-2011 root=/app/scratch/input/bapedragon_511/data/cub200/CUB_200_2011
[DATA] train_samples=5994 test_samples=5794
[DATA] student_image=224 teacher_image=224 train_batch=128 eval_batch=200 num_workers=4 drop_last_train=True smoke=False split=train:official_train eval:official_test
[TEACHER] selected=best epoch=161 top1=84.10% sha256=7cfed8c7d7e55f24466e196134503d4bd370a7f371048d1f07878bab37e19516
[TEACHER_NATIVE_AUDIT] checkpoint_top1=84.10% native_teacher_224px_top1=84.10% gap=+0.00pp
[TEACHER_SHARED_VIEW] student_view_to_224px_top1=80.58% gap_to_checkpoint=-3.52pp diagnostic_only=True
[MODEL] teacher_params=23,917,832 student=deit_tiny_patch16_224 student_params=5,563,016 lg_trainable_params=691,712
[FEATURE_CHECK] teacher_raw=[(2, 512, 28, 28), (2, 1024, 14, 14), (2, 2048, 7, 7)] student=[(2, 192, 14, 14), (2, 192, 14, 14), (2, 192, 14, 14)] aligned=[(2, 512, 28, 28), (2, 1024, 14, 14), (2, 2048, 14, 14)] probe_lg=1.516817
[OPTIMIZER] official_lg_groups=head_no_decay:200,head_decay:38400,body_no_decay:72128,body_decay:6144000 no_decay=1d,bias,cls_token,pos_embed
[STUDENT] epochs=300 planned=300 initial_optimizer_lr=5e-07 official_warmup_start_lr=5e-07
[LG][001/300] loss=13.9057 ce=5.2983 lg=3.4430 beta=2.5000 guidance_active_next=True raw_derivative=n/a smoothed_derivative=n/a guidance_stop_epoch=None train_acc=0.76% val_acc=1.16% best=1.16% lr=5e-07 time=16.7s avg_epoch=16.7s est_planned=1h 23m 29s elapsed=17s saved_best
[LG][002/300] loss=13.1141 ce=5.2968 lg=3.1269 beta=2.5000 guidance_active_next=True raw_derivative=n/a smoothed_derivative=n/a guidance_stop_epoch=None train_acc=0.90% val_acc=1.45% best=1.45% lr=2.5475e-05 time=17.1s avg_epoch=16.9s est_planned=1h 24m 22s elapsed=34s saved_best
[LG][003/300] loss=12.4719 ce=5.2925 lg=2.8718 beta=2.5000 guidance_active_next=True raw_derivative=n/a smoothed_derivative=n/a guidance_stop_epoch=None train_acc=0.75% val_acc=1.10% best=1.45% lr=5.045e-05 time=16.3s avg_epoch=16.7s est_planned=1h 23m 27s elapsed=50s
[LG][004/300] loss=11.3822 ce=5.2702 lg=2.4448 beta=2.5000 guidance_active_next=True raw_derivative=n/a smoothed_derivative=n/a guidance_stop_epoch=None train_acc=0.78% val_acc=1.16% best=1.45% lr=7.5425e-05 time=16.7s avg_epoch=16.7s est_planned=1h 23m 31s elapsed=1m 07s
[LG][005/300] loss=10.9411 ce=5.2197 lg=2.2885 beta=2.5000 guidance_active_next=True raw_derivative=n/a smoothed_derivative=n/a guidance_stop_epoch=None train_acc=0.78% val_acc=0.97% best=1.45% lr=0.0001004 time=16.6s avg_epoch=16.7s est_planned=1h 23m 26s elapsed=1m 24s
[LG][006/300] loss=10.8127 ce=5.1806 lg=2.2528 beta=2.5000 guidance_active_next=True raw_derivative=n/a smoothed_derivative=n/a guidance_stop_epoch=None train_acc=0.87% val_acc=1.29% best=1.45% lr=0.000125375 time=16.2s avg_epoch=16.6s est_planned=1h 23m 01s elapsed=1m 40s
[LG][007/300] loss=10.7399 ce=5.1546 lg=2.2341 beta=2.5000 guidance_active_next=True raw_derivative=n/a smoothed_derivative=n/a guidance_stop_epoch=None train_acc=1.27% val_acc=1.61% best=1.61% lr=0.00015035 time=16.2s avg_epoch=16.5s est_planned=1h 22m 44s elapsed=1m 56s saved_best
[LG][008/300] loss=10.6465 ce=5.1210 lg=2.2102 beta=2.5000 guidance_active_next=True raw_derivative=n/a smoothed_derivative=n/a guidance_stop_epoch=None train_acc=1.46% val_acc=2.43% best=2.43% lr=0.000175325 time=16.3s avg_epoch=16.5s est_planned=1h 22m 34s elapsed=2m 13s saved_best
[LG][009/300] loss=10.5993 ce=5.0780 lg=2.2085 beta=2.5000 guidance_active_next=True raw_derivative=n/a smoothed_derivative=n/a guidance_stop_epoch=None train_acc=1.80% val_acc=2.26% best=2.43% lr=0.0002003 time=16.1s avg_epoch=16.5s est_planned=1h 22m 19s elapsed=2m 29s
[LG][010/300] loss=10.4951 ce=5.0313 lg=2.1855 beta=2.5000 guidance_active_next=True raw_derivative=n/a smoothed_derivative=n/a guidance_stop_epoch=None train_acc=1.89% val_acc=2.93% best=2.93% lr=0.000225275 time=16.8s avg_epoch=16.5s est_planned=1h 22m 29s elapsed=2m 46s saved_best
[LG][011/300] loss=10.4461 ce=5.0055 lg=2.1762 beta=2.5000 guidance_active_next=True raw_derivative=n/a smoothed_derivative=n/a guidance_stop_epoch=None train_acc=2.24% val_acc=3.47% best=3.47% lr=0.00025025 time=16.2s avg_epoch=16.5s est_planned=1h 22m 21s elapsed=3m 02s saved_best
[LG][012/300] loss=10.3332 ce=4.9520 lg=2.1525 beta=2.5000 guidance_active_next=True raw_derivative=n/a smoothed_derivative=n/a guidance_stop_epoch=None train_acc=2.26% val_acc=3.66% best=3.66% lr=0.000275225 time=16.2s avg_epoch=16.4s est_planned=1h 22m 14s elapsed=3m 18s saved_best
[LG][013/300] loss=10.3037 ce=4.9213 lg=2.1530 beta=2.5000 guidance_active_next=True raw_derivative=n/a smoothed_derivative=n/a guidance_stop_epoch=None train_acc=2.87% val_acc=3.88% best=3.88% lr=0.0003002 time=16.2s avg_epoch=16.4s est_planned=1h 22m 09s elapsed=3m 35s saved_best
[LG][014/300] loss=10.2061 ce=4.8837 lg=2.1290 beta=2.5000 guidance_active_next=True raw_derivative=n/a smoothed_derivative=n/a guidance_stop_epoch=None train_acc=3.16% val_acc=4.54% best=4.54% lr=0.000325175 time=16.1s avg_epoch=16.4s est_planned=1h 22m 03s elapsed=3m 51s saved_best
[LG][015/300] loss=10.1303 ce=4.8288 lg=2.1206 beta=2.5000 guidance_active_next=True raw_derivative=n/a smoothed_derivative=n/a guidance_stop_epoch=None train_acc=3.57% val_acc=4.11% best=4.54% lr=0.00035015 time=16.3s avg_epoch=16.4s est_planned=1h 22m 00s elapsed=4m 07s
[LG][016/300] loss=10.0600 ce=4.7848 lg=2.1101 beta=2.5000 guidance_active_next=True raw_derivative=n/a smoothed_derivative=n/a guidance_stop_epoch=None train_acc=3.82% val_acc=4.92% best=4.92% lr=0.000375125 time=17.1s avg_epoch=16.4s est_planned=1h 22m 13s elapsed=4m 24s saved_best
[LG][017/300] loss=9.9950 ce=4.7385 lg=2.1026 beta=2.5000 guidance_active_next=True raw_derivative=n/a smoothed_derivative=n/a guidance_stop_epoch=None train_acc=3.99% val_acc=5.06% best=5.06% lr=0.0004001 time=17.0s avg_epoch=16.5s est_planned=1h 22m 22s elapsed=4m 42s saved_best
[LG][018/300] loss=9.9402 ce=4.7004 lg=2.0959 beta=2.5000 guidance_active_next=True raw_derivative=n/a smoothed_derivative=n/a guidance_stop_epoch=None train_acc=4.60% val_acc=5.73% best=5.73% lr=0.000425075 time=16.1s avg_epoch=16.5s est_planned=1h 22m 16s elapsed=4m 58s saved_best
[LG][019/300] loss=9.8735 ce=4.6784 lg=2.0780 beta=2.5000 guidance_active_next=True raw_derivative=n/a smoothed_derivative=n/a guidance_stop_epoch=None train_acc=4.67% val_acc=6.94% best=6.94% lr=0.00045005 time=16.1s avg_epoch=16.4s est_planned=1h 22m 11s elapsed=5m 14s saved_best
[LG][020/300] loss=9.8673 ce=4.6609 lg=2.0826 beta=2.5000 guidance_active_next=True raw_derivative=n/a smoothed_derivative=n/a guidance_stop_epoch=None train_acc=5.45% val_acc=6.80% best=6.94% lr=0.000475025 time=16.2s avg_epoch=16.4s est_planned=1h 22m 08s elapsed=5m 30s
[LG][021/300] loss=9.7564 ce=4.5928 lg=2.0654 beta=2.5000 guidance_active_next=True raw_derivative=n/a smoothed_derivative=n/a guidance_stop_epoch=None train_acc=5.32% val_acc=6.45% best=6.94% lr=0.00049459153 time=16.4s avg_epoch=16.4s est_planned=1h 22m 08s elapsed=5m 47s
[LG][022/300] loss=9.7053 ce=4.5479 lg=2.0629 beta=2.5000 guidance_active_next=True raw_derivative=n/a smoothed_derivative=n/a guidance_stop_epoch=None train_acc=6.56% val_acc=8.30% best=8.30% lr=0.0004940394 time=16.4s avg_epoch=16.4s est_planned=1h 22m 08s elapsed=6m 03s saved_best
[LG][023/300] loss=9.5926 ce=4.4939 lg=2.0394 beta=2.5000 guidance_active_next=True raw_derivative=n/a smoothed_derivative=n/a guidance_stop_epoch=None train_acc=6.56% val_acc=7.40% best=8.30% lr=0.00049346078 time=16.4s avg_epoch=16.4s est_planned=1h 22m 07s elapsed=6m 20s
[LG][024/300] loss=9.5723 ce=4.4633 lg=2.0436 beta=2.5000 guidance_active_next=True raw_derivative=n/a smoothed_derivative=n/a guidance_stop_epoch=None train_acc=7.01% val_acc=8.97% best=8.97% lr=0.00049285573 time=16.4s avg_epoch=16.4s est_planned=1h 22m 07s elapsed=6m 36s saved_best
[LG][025/300] loss=9.5200 ce=4.4298 lg=2.0361 beta=2.5000 guidance_active_next=True raw_derivative=n/a smoothed_derivative=n/a guidance_stop_epoch=None train_acc=7.42% val_acc=9.41% best=9.41% lr=0.00049222433 time=16.9s avg_epoch=16.4s est_planned=1h 22m 12s elapsed=6m 53s saved_best
[LG][026/300] loss=9.5122 ce=4.4107 lg=2.0406 beta=2.5000 guidance_active_next=True raw_derivative=n/a smoothed_derivative=n/a guidance_stop_epoch=None train_acc=7.90% val_acc=10.15% best=10.15% lr=0.00049156664 time=16.4s avg_epoch=16.4s est_planned=1h 22m 11s elapsed=7m 10s saved_best
[LG][027/300] loss=9.4097 ce=4.3627 lg=2.0188 beta=2.5000 guidance_active_next=True raw_derivative=n/a smoothed_derivative=n/a guidance_stop_epoch=None train_acc=8.27% val_acc=10.65% best=10.65% lr=0.00049088274 time=16.2s avg_epoch=16.4s est_planned=1h 22m 09s elapsed=7m 26s saved_best
[LG][028/300] loss=9.3975 ce=4.3232 lg=2.0297 beta=2.5000 guidance_active_next=True raw_derivative=n/a smoothed_derivative=n/a guidance_stop_epoch=None train_acc=8.78% val_acc=10.37% best=10.65% lr=0.00049017269 time=16.9s avg_epoch=16.4s est_planned=1h 22m 14s elapsed=7m 43s
[LG][029/300] loss=9.2969 ce=4.2629 lg=2.0136 beta=2.5000 guidance_active_next=True raw_derivative=n/a smoothed_derivative=n/a guidance_stop_epoch=None train_acc=9.94% val_acc=12.24% best=12.24% lr=0.00048943658 time=16.5s avg_epoch=16.5s est_planned=1h 22m 15s elapsed=8m 00s saved_best
[LG][030/300] loss=9.2973 ce=4.2525 lg=2.0179 beta=2.5000 guidance_active_next=True raw_derivative=n/a smoothed_derivative=n/a guidance_stop_epoch=None train_acc=9.73% val_acc=13.31% best=13.31% lr=0.00048867448 time=16.8s avg_epoch=16.5s est_planned=1h 22m 19s elapsed=8m 17s saved_best
[LG][031/300] loss=9.2408 ce=4.2163 lg=2.0098 beta=2.5000 guidance_active_next=True raw_derivative=n/a smoothed_derivative=n/a guidance_stop_epoch=None train_acc=10.33% val_acc=13.03% best=13.31% lr=0.00048788649 time=16.4s avg_epoch=16.5s est_planned=1h 22m 18s elapsed=8m 33s
[LG][032/300] loss=9.2065 ce=4.1907 lg=2.0063 beta=2.5000 guidance_active_next=True raw_derivative=n/a smoothed_derivative=n/a guidance_stop_epoch=None train_acc=10.36% val_acc=12.55% best=13.31% lr=0.00048707268 time=16.3s avg_epoch=16.5s est_planned=1h 22m 16s elapsed=8m 49s
[LG][033/300] loss=9.1440 ce=4.1432 lg=2.0003 beta=2.5000 guidance_active_next=True raw_derivative=n/a smoothed_derivative=n/a guidance_stop_epoch=None train_acc=11.60% val_acc=12.32% best=13.31% lr=0.00048623315 time=16.2s avg_epoch=16.4s est_planned=1h 22m 14s elapsed=9m 06s
[LG][034/300] loss=9.1349 ce=4.1342 lg=2.0003 beta=2.5000 guidance_active_next=True raw_derivative=n/a smoothed_derivative=n/a guidance_stop_epoch=None train_acc=10.21% val_acc=13.60% best=13.60% lr=0.00048536799 time=16.1s avg_epoch=16.4s est_planned=1h 22m 11s elapsed=9m 22s saved_best
[LG][035/300] loss=9.1249 ce=4.1335 lg=1.9966 beta=2.5000 guidance_active_next=True raw_derivative=n/a smoothed_derivative=n/a guidance_stop_epoch=None train_acc=11.31% val_acc=14.46% best=14.46% lr=0.00048447729 time=16.3s avg_epoch=16.4s est_planned=1h 22m 10s elapsed=9m 38s saved_best
[LG][036/300] loss=9.0895 ce=4.0999 lg=1.9958 beta=2.5000 guidance_active_next=True raw_derivative=n/a smoothed_derivative=n/a guidance_stop_epoch=None train_acc=11.43% val_acc=15.55% best=15.55% lr=0.00048356116 time=16.3s avg_epoch=16.4s est_planned=1h 22m 09s elapsed=9m 55s saved_best
[LG][037/300] loss=9.0147 ce=4.0466 lg=1.9872 beta=2.5000 guidance_active_next=True raw_derivative=n/a smoothed_derivative=n/a guidance_stop_epoch=None train_acc=12.81% val_acc=15.60% best=15.60% lr=0.00048261968 time=16.2s avg_epoch=16.4s est_planned=1h 22m 06s elapsed=10m 11s saved_best
[LG][038/300] loss=8.9739 ce=4.0222 lg=1.9807 beta=2.5000 guidance_active_next=True raw_derivative=n/a smoothed_derivative=n/a guidance_stop_epoch=None train_acc=13.06% val_acc=15.43% best=15.60% lr=0.00048165297 time=16.3s avg_epoch=16.4s est_planned=1h 22m 05s elapsed=10m 27s
[LG][039/300] loss=8.9450 ce=3.9938 lg=1.9805 beta=2.5000 guidance_active_next=True raw_derivative=n/a smoothed_derivative=n/a guidance_stop_epoch=None train_acc=13.54% val_acc=16.59% best=16.59% lr=0.00048066113 time=16.3s avg_epoch=16.4s est_planned=1h 22m 05s elapsed=10m 44s saved_best
[LG][040/300] loss=8.9123 ce=3.9700 lg=1.9769 beta=2.5000 guidance_active_next=True raw_derivative=n/a smoothed_derivative=n/a guidance_stop_epoch=None train_acc=13.32% val_acc=17.26% best=17.26% lr=0.00047964427 time=16.3s avg_epoch=16.4s est_planned=1h 22m 04s elapsed=11m 00s saved_best
[LG][041/300] loss=8.8942 ce=3.9514 lg=1.9771 beta=2.5000 guidance_active_next=True raw_derivative=n/a smoothed_derivative=n/a guidance_stop_epoch=None train_acc=14.05% val_acc=16.10% best=17.26% lr=0.0004786025 time=16.2s avg_epoch=16.4s est_planned=1h 22m 02s elapsed=11m 16s
[LG][042/300] loss=8.8683 ce=3.9483 lg=1.9680 beta=2.5000 guidance_active_next=True raw_derivative=n/a smoothed_derivative=n/a guidance_stop_epoch=None train_acc=14.03% val_acc=18.28% best=18.28% lr=0.00047753594 time=16.3s avg_epoch=16.4s est_planned=1h 22m 01s elapsed=11m 33s saved_best
[LG][043/300] loss=8.7863 ce=3.8755 lg=1.9643 beta=2.5000 guidance_active_next=True raw_derivative=n/a smoothed_derivative=n/a guidance_stop_epoch=None train_acc=15.32% val_acc=17.66% best=18.28% lr=0.0004764447 time=16.4s avg_epoch=16.4s est_planned=1h 22m 01s elapsed=11m 49s
[LG][044/300] loss=8.8246 ce=3.8799 lg=1.9779 beta=2.5000 guidance_active_next=True raw_derivative=n/a smoothed_derivative=n/a guidance_stop_epoch=None train_acc=15.27% val_acc=18.99% best=18.99% lr=0.0004753289 time=16.3s avg_epoch=16.4s est_planned=1h 22m 00s elapsed=12m 06s saved_best
[LG][045/300] loss=8.7889 ce=3.8703 lg=1.9674 beta=2.5000 guidance_active_next=True raw_derivative=n/a smoothed_derivative=n/a guidance_stop_epoch=None train_acc=15.49% val_acc=18.10% best=18.99% lr=0.00047418866 time=16.6s avg_epoch=16.4s est_planned=1h 22m 02s elapsed=12m 22s
[LG][046/300] loss=8.7759 ce=3.8577 lg=1.9673 beta=2.5000 guidance_active_next=True raw_derivative=n/a smoothed_derivative=n/a guidance_stop_epoch=None train_acc=14.91% val_acc=19.61% best=19.61% lr=0.00047302411 time=16.3s avg_epoch=16.4s est_planned=1h 22m 01s elapsed=12m 39s saved_best
[LG][047/300] loss=8.6499 ce=3.7648 lg=1.9540 beta=2.5000 guidance_active_next=True raw_derivative=n/a smoothed_derivative=n/a guidance_stop_epoch=None train_acc=16.49% val_acc=18.67% best=19.61% lr=0.00047183539 time=16.3s avg_epoch=16.4s est_planned=1h 22m 01s elapsed=12m 55s
[LG][048/300] loss=8.6939 ce=3.7913 lg=1.9610 beta=2.5000 guidance_active_next=True raw_derivative=n/a smoothed_derivative=n/a guidance_stop_epoch=None train_acc=16.78% val_acc=17.83% best=19.61% lr=0.0004706226 time=16.3s avg_epoch=16.4s est_planned=1h 22m 00s elapsed=13m 11s
[LG][049/300] loss=8.5996 ce=3.7104 lg=1.9557 beta=2.5000 guidance_active_next=True raw_derivative=n/a smoothed_derivative=n/a guidance_stop_epoch=None train_acc=17.60% val_acc=19.88% best=19.88% lr=0.0004693859 time=16.2s avg_epoch=16.4s est_planned=1h 21m 59s elapsed=13m 28s saved_best
[LG][050/300] loss=8.6067 ce=3.7156 lg=1.9565 beta=2.5000 guidance_active_next=True raw_derivative=n/a smoothed_derivative=n/a guidance_stop_epoch=None train_acc=17.70% val_acc=19.83% best=19.88% lr=0.00046812542 time=16.8s avg_epoch=16.4s est_planned=1h 22m 01s elapsed=13m 45s
[LG][051/300] loss=8.5855 ce=3.7197 lg=1.9463 beta=2.5000 guidance_active_next=True raw_derivative=n/a smoothed_derivative=n/a guidance_stop_epoch=None train_acc=17.92% val_acc=19.83% best=19.88% lr=0.00046684129 time=16.3s avg_epoch=16.4s est_planned=1h 22m 01s elapsed=14m 01s
[LG][052/300] loss=8.5241 ce=3.6644 lg=1.9439 beta=2.5000 guidance_active_next=True raw_derivative=n/a smoothed_derivative=n/a guidance_stop_epoch=None train_acc=18.68% val_acc=21.16% best=21.16% lr=0.00046553365 time=16.3s avg_epoch=16.4s est_planned=1h 22m 00s elapsed=14m 17s saved_best
[LG][053/300] loss=8.5141 ce=3.6439 lg=1.9481 beta=2.5000 guidance_active_next=True raw_derivative=n/a smoothed_derivative=n/a guidance_stop_epoch=None train_acc=19.09% val_acc=21.68% best=21.68% lr=0.00046420265 time=16.5s avg_epoch=16.4s est_planned=1h 22m 01s elapsed=14m 34s saved_best
[LG][054/300] loss=8.3830 ce=3.5541 lg=1.9316 beta=2.5000 guidance_active_next=True raw_derivative=n/a smoothed_derivative=n/a guidance_stop_epoch=None train_acc=21.01% val_acc=22.07% best=22.07% lr=0.00046284844 time=16.5s avg_epoch=16.4s est_planned=1h 22m 01s elapsed=14m 51s saved_best
[LG][055/300] loss=8.4443 ce=3.5879 lg=1.9425 beta=2.5000 guidance_active_next=True raw_derivative=n/a smoothed_derivative=n/a guidance_stop_epoch=None train_acc=19.57% val_acc=22.56% best=22.56% lr=0.00046147116 time=16.5s avg_epoch=16.4s est_planned=1h 22m 02s elapsed=15m 07s saved_best
[LG][056/300] loss=8.4187 ce=3.5727 lg=1.9384 beta=2.5000 guidance_active_next=True raw_derivative=n/a smoothed_derivative=n/a guidance_stop_epoch=None train_acc=20.14% val_acc=21.52% best=22.56% lr=0.00046007097 time=16.1s avg_epoch=16.4s est_planned=1h 22m 00s elapsed=15m 23s
[LG][057/300] loss=8.3994 ce=3.5583 lg=1.9364 beta=2.5000 guidance_active_next=True raw_derivative=n/a smoothed_derivative=n/a guidance_stop_epoch=None train_acc=20.89% val_acc=23.44% best=23.44% lr=0.00045864801 time=16.2s avg_epoch=16.4s est_planned=1h 21m 59s elapsed=15m 40s saved_best
[LG][058/300] loss=8.3694 ce=3.5360 lg=1.9334 beta=2.5000 guidance_active_next=True raw_derivative=n/a smoothed_derivative=n/a guidance_stop_epoch=None train_acc=20.79% val_acc=23.02% best=23.44% lr=0.00045720244 time=16.1s avg_epoch=16.4s est_planned=1h 21m 58s elapsed=15m 56s
[LG][059/300] loss=8.2811 ce=3.4640 lg=1.9269 beta=2.5000 guidance_active_next=True raw_derivative=n/a smoothed_derivative=n/a guidance_stop_epoch=None train_acc=21.67% val_acc=23.08% best=23.44% lr=0.00045573443 time=16.3s avg_epoch=16.4s est_planned=1h 21m 58s elapsed=16m 12s
[LG][060/300] loss=8.2624 ce=3.4627 lg=1.9199 beta=2.5000 guidance_active_next=True raw_derivative=n/a smoothed_derivative=n/a guidance_stop_epoch=None train_acc=21.98% val_acc=23.82% best=23.82% lr=0.00045424413 time=16.2s avg_epoch=16.4s est_planned=1h 21m 57s elapsed=16m 29s saved_best
[LG][061/300] loss=8.2253 ce=3.4437 lg=1.9127 beta=2.5000 guidance_active_next=True raw_derivative=n/a smoothed_derivative=n/a guidance_stop_epoch=None train_acc=22.64% val_acc=23.18% best=23.82% lr=0.00045273171 time=16.1s avg_epoch=16.4s est_planned=1h 21m 56s elapsed=16m 45s
[LG][062/300] loss=8.2327 ce=3.4283 lg=1.9218 beta=2.5000 guidance_active_next=True raw_derivative=n/a smoothed_derivative=n/a guidance_stop_epoch=None train_acc=23.10% val_acc=24.09% best=24.09% lr=0.00045119733 time=16.1s avg_epoch=16.4s est_planned=1h 21m 54s elapsed=17m 01s saved_best
[LG][063/300] loss=8.1368 ce=3.3636 lg=1.9093 beta=2.5000 guidance_active_next=True raw_derivative=n/a smoothed_derivative=n/a guidance_stop_epoch=None train_acc=23.30% val_acc=24.51% best=24.51% lr=0.00044964115 time=16.3s avg_epoch=16.4s est_planned=1h 21m 54s elapsed=17m 18s saved_best
[LG][064/300] loss=8.2279 ce=3.4004 lg=1.9310 beta=2.5000 guidance_active_next=True raw_derivative=n/a smoothed_derivative=n/a guidance_stop_epoch=None train_acc=23.08% val_acc=24.06% best=24.51% lr=0.00044806337 time=16.3s avg_epoch=16.4s est_planned=1h 21m 53s elapsed=17m 34s
[LG][065/300] loss=8.1732 ce=3.3831 lg=1.9160 beta=2.5000 guidance_active_next=True raw_derivative=n/a smoothed_derivative=n/a guidance_stop_epoch=None train_acc=23.83% val_acc=24.08% best=24.51% lr=0.00044646413 time=16.3s avg_epoch=16.4s est_planned=1h 21m 53s elapsed=17m 50s
[LG][066/300] loss=8.0951 ce=3.2986 lg=1.9186 beta=2.5000 guidance_active_next=True raw_derivative=n/a smoothed_derivative=n/a guidance_stop_epoch=None train_acc=24.46% val_acc=25.39% best=25.39% lr=0.00044484363 time=16.2s avg_epoch=16.4s est_planned=1h 21m 52s elapsed=18m 07s saved_best
[LG][067/300] loss=8.0477 ce=3.2647 lg=1.9132 beta=2.5000 guidance_active_next=True raw_derivative=n/a smoothed_derivative=n/a guidance_stop_epoch=None train_acc=25.32% val_acc=25.70% best=25.70% lr=0.00044320203 time=16.2s avg_epoch=16.4s est_planned=1h 21m 51s elapsed=18m 23s saved_best
[LG][068/300] loss=8.0620 ce=3.2863 lg=1.9103 beta=2.5000 guidance_active_next=True raw_derivative=n/a smoothed_derivative=n/a guidance_stop_epoch=None train_acc=25.46% val_acc=26.72% best=26.72% lr=0.00044153952 time=17.2s avg_epoch=16.4s est_planned=1h 21m 55s elapsed=18m 40s saved_best
[LG][069/300] loss=8.0809 ce=3.2868 lg=1.9176 beta=2.5000 guidance_active_next=True raw_derivative=n/a smoothed_derivative=n/a guidance_stop_epoch=None train_acc=24.64% val_acc=26.04% best=26.72% lr=0.00043985628 time=16.3s avg_epoch=16.4s est_planned=1h 21m 55s elapsed=18m 57s
[LG][070/300] loss=7.9668 ce=3.2125 lg=1.9017 beta=2.5000 guidance_active_next=True raw_derivative=n/a smoothed_derivative=n/a guidance_stop_epoch=None train_acc=26.63% val_acc=26.32% best=26.72% lr=0.00043815249 time=16.1s avg_epoch=16.4s est_planned=1h 21m 54s elapsed=19m 13s
[LG][071/300] loss=7.9649 ce=3.2347 lg=1.8921 beta=2.5000 guidance_active_next=True raw_derivative=n/a smoothed_derivative=n/a guidance_stop_epoch=None train_acc=26.14% val_acc=26.61% best=26.72% lr=0.00043642834 time=16.2s avg_epoch=16.4s est_planned=1h 21m 53s elapsed=19m 29s
[LG][072/300] loss=7.8909 ce=3.1673 lg=1.8895 beta=2.5000 guidance_active_next=True raw_derivative=n/a smoothed_derivative=n/a guidance_stop_epoch=None train_acc=27.53% val_acc=27.22% best=27.22% lr=0.00043468403 time=16.1s avg_epoch=16.4s est_planned=1h 21m 52s elapsed=19m 45s saved_best
[LG][073/300] loss=7.8577 ce=3.1127 lg=1.8980 beta=2.5000 guidance_active_next=True raw_derivative=n/a smoothed_derivative=n/a guidance_stop_epoch=None train_acc=27.82% val_acc=26.89% best=27.22% lr=0.00043291974 time=16.5s avg_epoch=16.4s est_planned=1h 21m 52s elapsed=20m 02s
[LG][074/300] loss=7.7532 ce=3.0694 lg=1.8736 beta=2.5000 guidance_active_next=True raw_derivative=n/a smoothed_derivative=n/a guidance_stop_epoch=None train_acc=29.43% val_acc=27.36% best=27.36% lr=0.00043113566 time=16.2s avg_epoch=16.4s est_planned=1h 21m 52s elapsed=20m 18s saved_best
[LG][075/300] loss=7.8325 ce=3.1020 lg=1.8922 beta=2.5000 guidance_active_next=True raw_derivative=n/a smoothed_derivative=n/a guidance_stop_epoch=None train_acc=28.77% val_acc=26.77% best=27.36% lr=0.00042933199 time=16.2s avg_epoch=16.4s est_planned=1h 21m 51s elapsed=20m 34s
[LG][076/300] loss=7.8148 ce=3.0743 lg=1.8962 beta=2.5000 guidance_active_next=True raw_derivative=n/a smoothed_derivative=n/a guidance_stop_epoch=None train_acc=29.30% val_acc=28.27% best=28.27% lr=0.00042750893 time=16.2s avg_epoch=16.4s est_planned=1h 21m 50s elapsed=20m 51s saved_best
[LG][077/300] loss=7.7837 ce=3.0534 lg=1.8921 beta=2.5000 guidance_active_next=True raw_derivative=n/a smoothed_derivative=n/a guidance_stop_epoch=None train_acc=29.65% val_acc=26.86% best=28.27% lr=0.00042566668 time=16.2s avg_epoch=16.4s est_planned=1h 21m 50s elapsed=21m 07s
[LG][078/300] loss=7.7569 ce=3.0448 lg=1.8848 beta=2.5000 guidance_active_next=True raw_derivative=n/a smoothed_derivative=n/a guidance_stop_epoch=None train_acc=30.18% val_acc=27.48% best=28.27% lr=0.00042380544 time=17.0s avg_epoch=16.4s est_planned=1h 21m 52s elapsed=21m 24s
[LG][079/300] loss=7.7810 ce=3.0678 lg=1.8853 beta=2.5000 guidance_active_next=True raw_derivative=n/a smoothed_derivative=n/a guidance_stop_epoch=None train_acc=29.96% val_acc=27.56% best=28.27% lr=0.00042192541 time=16.2s avg_epoch=16.4s est_planned=1h 21m 52s elapsed=21m 40s
[LG][080/300] loss=7.7053 ce=2.9940 lg=1.8845 beta=2.5000 guidance_active_next=True raw_derivative=n/a smoothed_derivative=n/a guidance_stop_epoch=None train_acc=31.13% val_acc=28.44% best=28.44% lr=0.0004200268 time=16.1s avg_epoch=16.4s est_planned=1h 21m 51s elapsed=21m 57s saved_best
[LG][081/300] loss=7.6410 ce=2.9352 lg=1.8823 beta=2.5000 guidance_active_next=True raw_derivative=n/a smoothed_derivative=n/a guidance_stop_epoch=None train_acc=31.98% val_acc=29.10% best=29.10% lr=0.00041810983 time=16.3s avg_epoch=16.4s est_planned=1h 21m 51s elapsed=22m 13s saved_best
[LG][082/300] loss=7.6208 ce=2.9258 lg=1.8780 beta=2.5000 guidance_active_next=True raw_derivative=n/a smoothed_derivative=n/a guidance_stop_epoch=None train_acc=32.08% val_acc=28.39% best=29.10% lr=0.00041617469 time=16.2s avg_epoch=16.4s est_planned=1h 21m 50s elapsed=22m 29s
[LG][083/300] loss=7.5947 ce=2.9049 lg=1.8760 beta=2.5000 guidance_active_next=True raw_derivative=n/a smoothed_derivative=n/a guidance_stop_epoch=None train_acc=32.80% val_acc=27.68% best=29.10% lr=0.0004142216 time=16.2s avg_epoch=16.4s est_planned=1h 21m 49s elapsed=22m 46s
[LG][084/300] loss=7.6067 ce=2.9045 lg=1.8809 beta=2.5000 guidance_active_next=True raw_derivative=n/a smoothed_derivative=n/a guidance_stop_epoch=None train_acc=32.78% val_acc=29.32% best=29.32% lr=0.00041225078 time=16.8s avg_epoch=16.4s est_planned=1h 21m 51s elapsed=23m 02s saved_best
[LG][085/300] loss=7.5491 ce=2.8836 lg=1.8662 beta=2.5000 guidance_active_next=True raw_derivative=n/a smoothed_derivative=n/a guidance_stop_epoch=None train_acc=33.15% val_acc=27.72% best=29.32% lr=0.00041026244 time=17.0s avg_epoch=16.4s est_planned=1h 21m 53s elapsed=23m 19s
[LG][086/300] loss=7.4495 ce=2.7837 lg=1.8663 beta=2.5000 guidance_active_next=True raw_derivative=n/a smoothed_derivative=n/a guidance_stop_epoch=None train_acc=35.05% val_acc=29.06% best=29.32% lr=0.0004082568 time=16.2s avg_epoch=16.4s est_planned=1h 21m 52s elapsed=23m 36s
[LG][087/300] loss=7.5045 ce=2.8249 lg=1.8719 beta=2.5000 guidance_active_next=True raw_derivative=n/a smoothed_derivative=n/a guidance_stop_epoch=None train_acc=33.25% val_acc=29.34% best=29.34% lr=0.00040623408 time=16.0s avg_epoch=16.4s est_planned=1h 21m 51s elapsed=23m 52s saved_best
[LG][088/300] loss=7.4070 ce=2.7512 lg=1.8623 beta=2.5000 guidance_active_next=True raw_derivative=n/a smoothed_derivative=n/a guidance_stop_epoch=None train_acc=35.80% val_acc=29.25% best=29.34% lr=0.0004041945 time=16.1s avg_epoch=16.4s est_planned=1h 21m 50s elapsed=24m 08s
[LG][089/300] loss=7.4299 ce=2.7592 lg=1.8683 beta=2.5000 guidance_active_next=True raw_derivative=n/a smoothed_derivative=n/a guidance_stop_epoch=None train_acc=35.85% val_acc=30.36% best=30.36% lr=0.00040213828 time=16.2s avg_epoch=16.4s est_planned=1h 21m 50s elapsed=24m 24s saved_best
[LG][090/300] loss=7.3880 ce=2.7306 lg=1.8630 beta=2.5000 guidance_active_next=True raw_derivative=n/a smoothed_derivative=n/a guidance_stop_epoch=None train_acc=36.62% val_acc=28.22% best=30.36% lr=0.00040006566 time=16.3s avg_epoch=16.4s est_planned=1h 21m 50s elapsed=24m 41s
[LG][091/300] loss=7.3560 ce=2.6956 lg=1.8642 beta=2.5000 guidance_active_next=True raw_derivative=n/a smoothed_derivative=n/a guidance_stop_epoch=None train_acc=37.09% val_acc=30.05% best=30.36% lr=0.00039797685 time=16.3s avg_epoch=16.4s est_planned=1h 21m 49s elapsed=24m 57s
[LG][092/300] loss=7.2951 ce=2.6671 lg=1.8512 beta=2.5000 guidance_active_next=True raw_derivative=n/a smoothed_derivative=n/a guidance_stop_epoch=None train_acc=37.18% val_acc=30.88% best=30.88% lr=0.00039587209 time=16.1s avg_epoch=16.4s est_planned=1h 21m 49s elapsed=25m 13s saved_best
[LG][093/300] loss=7.2507 ce=2.6063 lg=1.8577 beta=2.5000 guidance_active_next=True raw_derivative=n/a smoothed_derivative=n/a guidance_stop_epoch=None train_acc=39.11% val_acc=29.58% best=30.88% lr=0.00039375161 time=16.1s avg_epoch=16.4s est_planned=1h 21m 48s elapsed=25m 29s
[LG][094/300] loss=7.2566 ce=2.6103 lg=1.8585 beta=2.5000 guidance_active_next=True raw_derivative=n/a smoothed_derivative=n/a guidance_stop_epoch=None train_acc=38.74% val_acc=29.88% best=30.88% lr=0.00039161564 time=16.1s avg_epoch=16.4s est_planned=1h 21m 47s elapsed=25m 46s
[LG][095/300] loss=7.2373 ce=2.5984 lg=1.8556 beta=2.5000 guidance_active_next=True raw_derivative=n/a smoothed_derivative=n/a guidance_stop_epoch=None train_acc=39.95% val_acc=30.81% best=30.88% lr=0.00038946441 time=16.1s avg_epoch=16.4s est_planned=1h 21m 46s elapsed=26m 02s
[LG][096/300] loss=7.1913 ce=2.5532 lg=1.8553 beta=2.5000 guidance_active_next=True raw_derivative=n/a smoothed_derivative=n/a guidance_stop_epoch=None train_acc=40.69% val_acc=29.72% best=30.88% lr=0.00038729816 time=16.3s avg_epoch=16.4s est_planned=1h 21m 46s elapsed=26m 18s
[LG][097/300] loss=7.1241 ce=2.5009 lg=1.8493 beta=2.5000 guidance_active_next=True raw_derivative=n/a smoothed_derivative=n/a guidance_stop_epoch=None train_acc=41.71% val_acc=30.55% best=30.88% lr=0.00038511713 time=16.2s avg_epoch=16.4s est_planned=1h 21m 45s elapsed=26m 34s
[LG][098/300] loss=7.1379 ce=2.5114 lg=1.8506 beta=2.5000 guidance_active_next=True raw_derivative=n/a smoothed_derivative=n/a guidance_stop_epoch=None train_acc=40.71% val_acc=30.58% best=30.88% lr=0.00038292156 time=16.2s avg_epoch=16.3s est_planned=1h 21m 45s elapsed=26m 51s
[LG][099/300] loss=7.1209 ce=2.5146 lg=1.8425 beta=2.5000 guidance_active_next=True raw_derivative=n/a smoothed_derivative=n/a guidance_stop_epoch=None train_acc=41.51% val_acc=31.31% best=31.31% lr=0.00038071168 time=16.2s avg_epoch=16.3s est_planned=1h 21m 44s elapsed=27m 07s saved_best
[LG][100/300] loss=7.0814 ce=2.4976 lg=1.8335 beta=2.5000 guidance_active_next=True raw_derivative=n/a smoothed_derivative=n/a guidance_stop_epoch=None train_acc=42.19% val_acc=30.70% best=31.31% lr=0.00037848775 time=16.2s avg_epoch=16.3s est_planned=1h 21m 44s elapsed=27m 23s
[LG][101/300] loss=7.0741 ce=2.4622 lg=1.8447 beta=2.5000 guidance_active_next=True raw_derivative=n/a smoothed_derivative=n/a guidance_stop_epoch=None train_acc=42.15% val_acc=30.20% best=31.31% lr=0.00037625 time=16.3s avg_epoch=16.3s est_planned=1h 21m 44s elapsed=27m 40s
[LG][102/300] loss=7.0605 ce=2.4405 lg=1.8480 beta=2.5000 guidance_active_next=True raw_derivative=n/a smoothed_derivative=n/a guidance_stop_epoch=None train_acc=42.93% val_acc=29.36% best=31.31% lr=0.00037399868 time=16.3s avg_epoch=16.3s est_planned=1h 21m 44s elapsed=27m 56s
[LG][103/300] loss=7.0694 ce=2.4508 lg=1.8474 beta=2.5000 guidance_active_next=True raw_derivative=n/a smoothed_derivative=n/a guidance_stop_epoch=None train_acc=43.05% val_acc=29.88% best=31.31% lr=0.00037173403 time=16.3s avg_epoch=16.3s est_planned=1h 21m 43s elapsed=28m 12s
[LG][104/300] loss=6.9972 ce=2.3667 lg=1.8522 beta=2.5000 guidance_active_next=True raw_derivative=n/a smoothed_derivative=n/a guidance_stop_epoch=None train_acc=44.02% val_acc=30.81% best=31.31% lr=0.00036945631 time=16.2s avg_epoch=16.3s est_planned=1h 21m 43s elapsed=28m 29s
[LG][105/300] loss=6.9534 ce=2.3497 lg=1.8415 beta=2.5000 guidance_active_next=True raw_derivative=n/a smoothed_derivative=n/a guidance_stop_epoch=None train_acc=45.30% val_acc=30.60% best=31.31% lr=0.00036716577 time=16.5s avg_epoch=16.3s est_planned=1h 21m 44s elapsed=28m 45s
[LG][106/300] loss=6.9721 ce=2.3622 lg=1.8440 beta=2.5000 guidance_active_next=True raw_derivative=n/a smoothed_derivative=n/a guidance_stop_epoch=None train_acc=45.18% val_acc=31.31% best=31.31% lr=0.00036486265 time=16.3s avg_epoch=16.3s est_planned=1h 21m 44s elapsed=29m 02s saved_best
[LG][107/300] loss=6.9200 ce=2.3256 lg=1.8377 beta=2.5000 guidance_active_next=True raw_derivative=n/a smoothed_derivative=n/a guidance_stop_epoch=None train_acc=44.70% val_acc=30.27% best=31.31% lr=0.00036254721 time=16.3s avg_epoch=16.3s est_planned=1h 21m 44s elapsed=29m 18s
[LG][108/300] loss=6.9348 ce=2.3195 lg=1.8461 beta=2.5000 guidance_active_next=True raw_derivative=n/a smoothed_derivative=n/a guidance_stop_epoch=None train_acc=45.97% val_acc=32.27% best=32.27% lr=0.0003602197 time=16.3s avg_epoch=16.3s est_planned=1h 21m 43s elapsed=29m 34s saved_best
[LG][109/300] loss=6.9226 ce=2.3237 lg=1.8395 beta=2.5000 guidance_active_next=True raw_derivative=n/a smoothed_derivative=n/a guidance_stop_epoch=None train_acc=45.50% val_acc=32.48% best=32.48% lr=0.00035788037 time=16.1s avg_epoch=16.3s est_planned=1h 21m 43s elapsed=29m 50s saved_best
[LG][110/300] loss=6.8849 ce=2.2564 lg=1.8514 beta=2.5000 guidance_active_next=True raw_derivative=n/a smoothed_derivative=n/a guidance_stop_epoch=None train_acc=47.50% val_acc=32.41% best=32.48% lr=0.0003555295 time=16.3s avg_epoch=16.3s est_planned=1h 21m 43s elapsed=30m 07s
[LG][111/300] loss=6.8142 ce=2.2358 lg=1.8313 beta=2.5000 guidance_active_next=True raw_derivative=n/a smoothed_derivative=n/a guidance_stop_epoch=None train_acc=47.11% val_acc=31.24% best=32.48% lr=0.00035316732 time=16.2s avg_epoch=16.3s est_planned=1h 21m 42s elapsed=30m 23s
[LG][112/300] loss=6.8301 ce=2.2518 lg=1.8313 beta=2.5000 guidance_active_next=True raw_derivative=n/a smoothed_derivative=n/a guidance_stop_epoch=None train_acc=46.91% val_acc=31.34% best=32.48% lr=0.0003507941 time=16.3s avg_epoch=16.3s est_planned=1h 21m 42s elapsed=30m 39s
[LG][113/300] loss=6.8004 ce=2.2431 lg=1.8229 beta=2.5000 guidance_active_next=True raw_derivative=n/a smoothed_derivative=n/a guidance_stop_epoch=None train_acc=47.74% val_acc=31.31% best=32.48% lr=0.00034841011 time=16.2s avg_epoch=16.3s est_planned=1h 21m 42s elapsed=30m 56s
[LG][114/300] loss=6.7951 ce=2.1924 lg=1.8410 beta=2.5000 guidance_active_next=True raw_derivative=n/a smoothed_derivative=n/a guidance_stop_epoch=None train_acc=48.62% val_acc=31.46% best=32.48% lr=0.00034601559 time=16.5s avg_epoch=16.3s est_planned=1h 21m 42s elapsed=31m 12s
[LG][115/300] loss=6.7428 ce=2.1894 lg=1.8214 beta=2.5000 guidance_active_next=True raw_derivative=n/a smoothed_derivative=n/a guidance_stop_epoch=None train_acc=49.10% val_acc=31.65% best=32.48% lr=0.00034361083 time=16.5s avg_epoch=16.3s est_planned=1h 21m 42s elapsed=31m 29s
[LG][116/300] loss=6.7313 ce=2.1504 lg=1.8324 beta=2.5000 guidance_active_next=True raw_derivative=n/a smoothed_derivative=n/a guidance_stop_epoch=None train_acc=48.85% val_acc=32.40% best=32.48% lr=0.00034119607 time=16.3s avg_epoch=16.3s est_planned=1h 21m 42s elapsed=31m 45s
[LG][117/300] loss=6.7351 ce=2.1542 lg=1.8324 beta=2.5000 guidance_active_next=True raw_derivative=n/a smoothed_derivative=n/a guidance_stop_epoch=None train_acc=49.25% val_acc=31.98% best=32.48% lr=0.00033877158 time=16.0s avg_epoch=16.3s est_planned=1h 21m 41s elapsed=32m 01s
[LG][118/300] loss=6.7504 ce=2.1447 lg=1.8423 beta=2.5000 guidance_active_next=True raw_derivative=n/a smoothed_derivative=n/a guidance_stop_epoch=None train_acc=50.00% val_acc=31.19% best=32.48% lr=0.00033633764 time=16.1s avg_epoch=16.3s est_planned=1h 21m 41s elapsed=32m 17s
[LG][119/300] loss=6.6421 ce=2.0888 lg=1.8213 beta=2.5000 guidance_active_next=True raw_derivative=n/a smoothed_derivative=n/a guidance_stop_epoch=None train_acc=51.26% val_acc=32.60% best=32.60% lr=0.0003338945 time=16.1s avg_epoch=16.3s est_planned=1h 21m 40s elapsed=32m 34s saved_best
[LG][120/300] loss=6.6348 ce=2.0641 lg=1.8283 beta=2.5000 guidance_active_next=True raw_derivative=n/a smoothed_derivative=n/a guidance_stop_epoch=None train_acc=51.44% val_acc=31.83% best=32.60% lr=0.00033144243 time=16.0s avg_epoch=16.3s est_planned=1h 21m 39s elapsed=32m 50s
[LG][121/300] loss=6.5817 ce=2.0324 lg=1.8197 beta=2.5000 guidance_active_next=True raw_derivative=n/a smoothed_derivative=n/a guidance_stop_epoch=None train_acc=52.04% val_acc=31.98% best=32.60% lr=0.00032898171 time=16.3s avg_epoch=16.3s est_planned=1h 21m 39s elapsed=33m 06s
[LG][122/300] loss=6.5925 ce=2.0433 lg=1.8197 beta=2.5000 guidance_active_next=True raw_derivative=n/a smoothed_derivative=n/a guidance_stop_epoch=None train_acc=51.77% val_acc=31.41% best=32.60% lr=0.0003265126 time=16.1s avg_epoch=16.3s est_planned=1h 21m 39s elapsed=33m 22s
[LG][123/300] loss=6.5609 ce=2.0164 lg=1.8178 beta=2.5000 guidance_active_next=True raw_derivative=n/a smoothed_derivative=n/a guidance_stop_epoch=None train_acc=52.77% val_acc=32.64% best=32.64% lr=0.00032403537 time=16.4s avg_epoch=16.3s est_planned=1h 21m 39s elapsed=33m 39s saved_best
[LG][124/300] loss=6.5381 ce=2.0147 lg=1.8093 beta=2.5000 guidance_active_next=True raw_derivative=n/a smoothed_derivative=n/a guidance_stop_epoch=None train_acc=52.41% val_acc=32.14% best=32.64% lr=0.0003215503 time=16.2s avg_epoch=16.3s est_planned=1h 21m 39s elapsed=33m 55s
[LG][125/300] loss=6.5475 ce=1.9963 lg=1.8205 beta=2.5000 guidance_active_next=True raw_derivative=n/a smoothed_derivative=n/a guidance_stop_epoch=None train_acc=53.38% val_acc=32.21% best=32.64% lr=0.00031905766 time=16.2s avg_epoch=16.3s est_planned=1h 21m 38s elapsed=34m 11s
[LG][126/300] loss=6.5070 ce=1.9489 lg=1.8232 beta=2.5000 guidance_active_next=True raw_derivative=n/a smoothed_derivative=n/a guidance_stop_epoch=None train_acc=54.33% val_acc=31.83% best=32.64% lr=0.00031655771 time=16.2s avg_epoch=16.3s est_planned=1h 21m 38s elapsed=34m 28s
[LG][127/300] loss=6.4381 ce=1.9096 lg=1.8114 beta=2.5000 guidance_active_next=True raw_derivative=n/a smoothed_derivative=n/a guidance_stop_epoch=None train_acc=54.76% val_acc=32.24% best=32.64% lr=0.00031405075 time=16.6s avg_epoch=16.3s est_planned=1h 21m 39s elapsed=34m 44s
[LG][128/300] loss=6.4117 ce=1.8712 lg=1.8162 beta=2.5000 guidance_active_next=True raw_derivative=n/a smoothed_derivative=n/a guidance_stop_epoch=None train_acc=56.62% val_acc=32.86% best=32.86% lr=0.00031153703 time=16.4s avg_epoch=16.3s est_planned=1h 21m 39s elapsed=35m 01s saved_best
[LG][129/300] loss=6.3956 ce=1.8571 lg=1.8154 beta=2.5000 guidance_active_next=True raw_derivative=n/a smoothed_derivative=n/a guidance_stop_epoch=None train_acc=56.69% val_acc=32.33% best=32.86% lr=0.00030901684 time=16.2s avg_epoch=16.3s est_planned=1h 21m 39s elapsed=35m 17s
[LG][130/300] loss=6.4778 ce=1.9377 lg=1.8161 beta=2.5000 guidance_active_next=True raw_derivative=n/a smoothed_derivative=n/a guidance_stop_epoch=None train_acc=54.42% val_acc=31.45% best=32.86% lr=0.00030649045 time=16.1s avg_epoch=16.3s est_planned=1h 21m 38s elapsed=35m 33s
[LG][131/300] loss=6.4434 ce=1.8883 lg=1.8221 beta=2.5000 guidance_active_next=True raw_derivative=n/a smoothed_derivative=n/a guidance_stop_epoch=None train_acc=55.64% val_acc=31.17% best=32.86% lr=0.00030395814 time=16.2s avg_epoch=16.3s est_planned=1h 21m 38s elapsed=35m 49s
[LG][132/300] loss=6.3966 ce=1.8819 lg=1.8059 beta=2.5000 guidance_active_next=True raw_derivative=n/a smoothed_derivative=n/a guidance_stop_epoch=None train_acc=55.64% val_acc=33.00% best=33.00% lr=0.00030142019 time=16.3s avg_epoch=16.3s est_planned=1h 21m 38s elapsed=36m 06s saved_best
[LG][133/300] loss=6.3543 ce=1.8297 lg=1.8098 beta=2.5000 guidance_active_next=True raw_derivative=n/a smoothed_derivative=n/a guidance_stop_epoch=None train_acc=56.86% val_acc=32.98% best=33.00% lr=0.00029887688 time=16.2s avg_epoch=16.3s est_planned=1h 21m 38s elapsed=36m 22s
[LG][134/300] loss=6.3493 ce=1.8255 lg=1.8095 beta=2.5000 guidance_active_next=True raw_derivative=n/a smoothed_derivative=n/a guidance_stop_epoch=None train_acc=56.79% val_acc=31.55% best=33.00% lr=0.00029632847 time=16.2s avg_epoch=16.3s est_planned=1h 21m 37s elapsed=36m 38s
[LG][135/300] loss=6.3437 ce=1.8153 lg=1.8114 beta=2.5000 guidance_active_next=True raw_derivative=n/a smoothed_derivative=n/a guidance_stop_epoch=None train_acc=57.59% val_acc=32.40% best=33.00% lr=0.00029377526 time=16.2s avg_epoch=16.3s est_planned=1h 21m 37s elapsed=36m 55s
[LG][136/300] loss=6.3407 ce=1.8087 lg=1.8128 beta=2.5000 guidance_active_next=True raw_derivative=n/a smoothed_derivative=n/a guidance_stop_epoch=None train_acc=57.90% val_acc=32.79% best=33.00% lr=0.00029121753 time=16.1s avg_epoch=16.3s est_planned=1h 21m 36s elapsed=37m 11s
[LG][137/300] loss=6.3430 ce=1.8200 lg=1.8092 beta=2.5000 guidance_active_next=True raw_derivative=n/a smoothed_derivative=n/a guidance_stop_epoch=None train_acc=57.64% val_acc=31.90% best=33.00% lr=0.00028865555 time=16.2s avg_epoch=16.3s est_planned=1h 21m 36s elapsed=37m 27s
[LG][138/300] loss=6.3136 ce=1.7879 lg=1.8103 beta=2.5000 guidance_active_next=True raw_derivative=n/a smoothed_derivative=n/a guidance_stop_epoch=None train_acc=58.02% val_acc=31.81% best=33.00% lr=0.0002860896 time=16.3s avg_epoch=16.3s est_planned=1h 21m 36s elapsed=37m 43s
[LG][139/300] loss=6.2129 ce=1.6985 lg=1.8057 beta=2.5000 guidance_active_next=True raw_derivative=n/a smoothed_derivative=n/a guidance_stop_epoch=None train_acc=60.43% val_acc=32.65% best=33.00% lr=0.00028351998 time=16.2s avg_epoch=16.3s est_planned=1h 21m 36s elapsed=37m 59s
[LG][140/300] loss=6.2763 ce=1.7471 lg=1.8117 beta=2.5000 guidance_active_next=True raw_derivative=n/a smoothed_derivative=n/a guidance_stop_epoch=None train_acc=58.78% val_acc=32.36% best=33.00% lr=0.00028094694 time=16.2s avg_epoch=16.3s est_planned=1h 21m 36s elapsed=38m 16s
[LG][141/300] loss=6.2353 ce=1.7088 lg=1.8106 beta=2.5000 guidance_active_next=True raw_derivative=n/a smoothed_derivative=n/a guidance_stop_epoch=None train_acc=59.90% val_acc=33.76% best=33.76% lr=0.00027837079 time=15.9s avg_epoch=16.3s est_planned=1h 21m 35s elapsed=38m 32s saved_best
[LG][142/300] loss=6.2320 ce=1.7126 lg=1.8078 beta=2.5000 guidance_active_next=True raw_derivative=n/a smoothed_derivative=n/a guidance_stop_epoch=None train_acc=59.31% val_acc=32.05% best=33.76% lr=0.00027579181 time=16.3s avg_epoch=16.3s est_planned=1h 21m 34s elapsed=38m 48s
[LG][143/300] loss=6.1827 ce=1.6700 lg=1.8051 beta=2.5000 guidance_active_next=True raw_derivative=n/a smoothed_derivative=n/a guidance_stop_epoch=None train_acc=60.89% val_acc=33.29% best=33.76% lr=0.00027321027 time=16.2s avg_epoch=16.3s est_planned=1h 21m 34s elapsed=39m 04s
[LG][144/300] loss=6.1941 ce=1.7140 lg=1.7920 beta=2.5000 guidance_active_next=True raw_derivative=n/a smoothed_derivative=n/a guidance_stop_epoch=None train_acc=60.04% val_acc=33.02% best=33.76% lr=0.00027062645 time=16.4s avg_epoch=16.3s est_planned=1h 21m 34s elapsed=39m 21s
[LG][145/300] loss=6.2007 ce=1.6817 lg=1.8076 beta=2.5000 guidance_active_next=True raw_derivative=n/a smoothed_derivative=n/a guidance_stop_epoch=None train_acc=61.35% val_acc=32.38% best=33.76% lr=0.00026804065 time=16.3s avg_epoch=16.3s est_planned=1h 21m 34s elapsed=39m 37s
[LG][146/300] loss=6.1377 ce=1.6553 lg=1.7930 beta=2.5000 guidance_active_next=True raw_derivative=n/a smoothed_derivative=n/a guidance_stop_epoch=None train_acc=61.31% val_acc=32.10% best=33.76% lr=0.00026545315 time=16.3s avg_epoch=16.3s est_planned=1h 21m 34s elapsed=39m 53s
[LG][147/300] loss=6.1569 ce=1.6507 lg=1.8025 beta=2.5000 guidance_active_next=True raw_derivative=n/a smoothed_derivative=n/a guidance_stop_epoch=None train_acc=61.46% val_acc=32.31% best=33.76% lr=0.00026286422 time=16.1s avg_epoch=16.3s est_planned=1h 21m 34s elapsed=40m 10s
[LG][148/300] loss=6.1628 ce=1.6794 lg=1.7933 beta=2.5000 guidance_active_next=True raw_derivative=n/a smoothed_derivative=n/a guidance_stop_epoch=None train_acc=60.51% val_acc=33.64% best=33.76% lr=0.00026027416 time=16.2s avg_epoch=16.3s est_planned=1h 21m 34s elapsed=40m 26s
[LG][149/300] loss=6.1185 ce=1.6187 lg=1.7999 beta=2.5000 guidance_active_next=True raw_derivative=n/a smoothed_derivative=n/a guidance_stop_epoch=None train_acc=61.67% val_acc=31.38% best=33.76% lr=0.00025768325 time=16.0s avg_epoch=16.3s est_planned=1h 21m 33s elapsed=40m 42s
[LG][150/300] loss=6.0830 ce=1.6074 lg=1.7902 beta=2.5000 guidance_active_next=True raw_derivative=n/a smoothed_derivative=n/a guidance_stop_epoch=None train_acc=61.87% val_acc=32.57% best=33.76% lr=0.00025509177 time=16.0s avg_epoch=16.3s est_planned=1h 21m 32s elapsed=40m 58s
[LG][151/300] loss=6.1076 ce=1.6095 lg=1.7992 beta=2.5000 guidance_active_next=True raw_derivative=n/a smoothed_derivative=n/a guidance_stop_epoch=None train_acc=61.96% val_acc=32.69% best=33.76% lr=0.0002525 time=16.1s avg_epoch=16.3s est_planned=1h 21m 32s elapsed=41m 14s
[LG][152/300] loss=6.0655 ce=1.5656 lg=1.7999 beta=2.5000 guidance_active_next=True raw_derivative=n/a smoothed_derivative=n/a guidance_stop_epoch=None train_acc=63.06% val_acc=33.26% best=33.76% lr=0.00024990823 time=16.3s avg_epoch=16.3s est_planned=1h 21m 32s elapsed=41m 31s
[LG][153/300] loss=6.0687 ce=1.5960 lg=1.7891 beta=2.5000 guidance_active_next=True raw_derivative=n/a smoothed_derivative=n/a guidance_stop_epoch=None train_acc=62.48% val_acc=32.78% best=33.76% lr=0.00024731675 time=16.1s avg_epoch=16.3s est_planned=1h 21m 32s elapsed=41m 47s
[LG][154/300] loss=6.0015 ce=1.5369 lg=1.7858 beta=2.5000 guidance_active_next=True raw_derivative=n/a smoothed_derivative=n/a guidance_stop_epoch=None train_acc=63.37% val_acc=33.02% best=33.76% lr=0.00024472584 time=16.0s avg_epoch=16.3s est_planned=1h 21m 31s elapsed=42m 03s
[LG][155/300] loss=6.0330 ce=1.5469 lg=1.7945 beta=2.5000 guidance_active_next=True raw_derivative=n/a smoothed_derivative=n/a guidance_stop_epoch=None train_acc=63.20% val_acc=33.17% best=33.76% lr=0.00024213578 time=16.1s avg_epoch=16.3s est_planned=1h 21m 31s elapsed=42m 19s
[LG][156/300] loss=6.0913 ce=1.5919 lg=1.7998 beta=2.5000 guidance_active_next=True raw_derivative=n/a smoothed_derivative=n/a guidance_stop_epoch=None train_acc=62.50% val_acc=32.55% best=33.76% lr=0.00023954685 time=16.4s avg_epoch=16.3s est_planned=1h 21m 31s elapsed=42m 36s
[LG][157/300] loss=5.9974 ce=1.4973 lg=1.8001 beta=2.5000 guidance_active_next=True raw_derivative=n/a smoothed_derivative=n/a guidance_stop_epoch=None train_acc=64.28% val_acc=32.36% best=33.76% lr=0.00023695935 time=16.1s avg_epoch=16.3s est_planned=1h 21m 31s elapsed=42m 52s
[LG][158/300] loss=6.0307 ce=1.5713 lg=1.7838 beta=2.5000 guidance_active_next=True raw_derivative=n/a smoothed_derivative=n/a guidance_stop_epoch=None train_acc=62.74% val_acc=31.64% best=33.76% lr=0.00023437355 time=16.2s avg_epoch=16.3s est_planned=1h 21m 30s elapsed=43m 08s
[LG][159/300] loss=5.9439 ce=1.4761 lg=1.7871 beta=2.5000 guidance_active_next=True raw_derivative=n/a smoothed_derivative=n/a guidance_stop_epoch=None train_acc=64.56% val_acc=32.52% best=33.76% lr=0.00023178973 time=16.2s avg_epoch=16.3s est_planned=1h 21m 30s elapsed=43m 24s
[LG][160/300] loss=5.9720 ce=1.5197 lg=1.7809 beta=2.5000 guidance_active_next=True raw_derivative=n/a smoothed_derivative=n/a guidance_stop_epoch=None train_acc=64.56% val_acc=31.95% best=33.76% lr=0.00022920819 time=16.0s avg_epoch=16.3s est_planned=1h 21m 30s elapsed=43m 40s
[LG][161/300] loss=5.9190 ce=1.4652 lg=1.7815 beta=2.5000 guidance_active_next=True raw_derivative=n/a smoothed_derivative=n/a guidance_stop_epoch=None train_acc=65.47% val_acc=32.46% best=33.76% lr=0.00022662921 time=16.1s avg_epoch=16.3s est_planned=1h 21m 29s elapsed=43m 56s
[LG][162/300] loss=6.0009 ce=1.5127 lg=1.7953 beta=2.5000 guidance_active_next=True raw_derivative=n/a smoothed_derivative=n/a guidance_stop_epoch=None train_acc=64.35% val_acc=31.98% best=33.76% lr=0.00022405306 time=16.2s avg_epoch=16.3s est_planned=1h 21m 29s elapsed=44m 13s
[LG][163/300] loss=5.9119 ce=1.4528 lg=1.7836 beta=2.5000 guidance_active_next=True raw_derivative=n/a smoothed_derivative=n/a guidance_stop_epoch=None train_acc=65.59% val_acc=31.93% best=33.76% lr=0.00022148002 time=16.1s avg_epoch=16.3s est_planned=1h 21m 29s elapsed=44m 29s
[LG][164/300] loss=5.9477 ce=1.4759 lg=1.7887 beta=2.5000 guidance_active_next=True raw_derivative=n/a smoothed_derivative=n/a guidance_stop_epoch=None train_acc=65.03% val_acc=32.15% best=33.76% lr=0.0002189104 time=16.1s avg_epoch=16.3s est_planned=1h 21m 29s elapsed=44m 45s
[LG][165/300] loss=5.8799 ce=1.4278 lg=1.7809 beta=2.5000 guidance_active_next=True raw_derivative=n/a smoothed_derivative=n/a guidance_stop_epoch=None train_acc=65.74% val_acc=31.72% best=33.76% lr=0.00021634445 time=16.1s avg_epoch=16.3s est_planned=1h 21m 28s elapsed=45m 01s
[LG][166/300] loss=5.9220 ce=1.4473 lg=1.7899 beta=2.5000 guidance_active_next=True raw_derivative=n/a smoothed_derivative=n/a guidance_stop_epoch=None train_acc=65.51% val_acc=32.76% best=33.76% lr=0.00021378247 time=16.0s avg_epoch=16.3s est_planned=1h 21m 28s elapsed=45m 17s
[LG][167/300] loss=5.9016 ce=1.4301 lg=1.7886 beta=2.5000 guidance_active_next=True raw_derivative=n/a smoothed_derivative=n/a guidance_stop_epoch=None train_acc=66.49% val_acc=33.12% best=33.76% lr=0.00021122474 time=16.2s avg_epoch=16.3s est_planned=1h 21m 28s elapsed=45m 34s
[LG][168/300] loss=5.8879 ce=1.4349 lg=1.7812 beta=2.5000 guidance_active_next=True raw_derivative=n/a smoothed_derivative=n/a guidance_stop_epoch=None train_acc=66.42% val_acc=31.67% best=33.76% lr=0.00020867153 time=16.2s avg_epoch=16.3s est_planned=1h 21m 27s elapsed=45m 50s
[LG][169/300] loss=5.8790 ce=1.4082 lg=1.7883 beta=2.5000 guidance_active_next=True raw_derivative=n/a smoothed_derivative=n/a guidance_stop_epoch=None train_acc=67.17% val_acc=33.15% best=33.76% lr=0.00020612312 time=16.3s avg_epoch=16.3s est_planned=1h 21m 27s elapsed=46m 06s
[LG][170/300] loss=5.8954 ce=1.4340 lg=1.7846 beta=2.5000 guidance_active_next=True raw_derivative=n/a smoothed_derivative=n/a guidance_stop_epoch=None train_acc=66.63% val_acc=33.07% best=33.76% lr=0.00020357981 time=16.3s avg_epoch=16.3s est_planned=1h 21m 27s elapsed=46m 22s
[LG][171/300] loss=5.8411 ce=1.3977 lg=1.7774 beta=2.5000 guidance_active_next=True raw_derivative=n/a smoothed_derivative=n/a guidance_stop_epoch=None train_acc=66.98% val_acc=33.28% best=33.76% lr=0.00020104186 time=16.4s avg_epoch=16.3s est_planned=1h 21m 27s elapsed=46m 39s
[LG][172/300] loss=5.8262 ce=1.3772 lg=1.7796 beta=2.5000 guidance_active_next=True raw_derivative=n/a smoothed_derivative=n/a guidance_stop_epoch=None train_acc=68.12% val_acc=33.88% best=33.88% lr=0.00019850955 time=16.3s avg_epoch=16.3s est_planned=1h 21m 27s elapsed=46m 55s saved_best
[LG][173/300] loss=5.8749 ce=1.4247 lg=1.7801 beta=2.5000 guidance_active_next=True raw_derivative=n/a smoothed_derivative=n/a guidance_stop_epoch=None train_acc=66.20% val_acc=34.09% best=34.09% lr=0.00019598316 time=16.2s avg_epoch=16.3s est_planned=1h 21m 27s elapsed=47m 12s saved_best
[LG][174/300] loss=5.8672 ce=1.4129 lg=1.7817 beta=2.5000 guidance_active_next=True raw_derivative=n/a smoothed_derivative=n/a guidance_stop_epoch=None train_acc=67.32% val_acc=33.36% best=34.09% lr=0.00019346297 time=16.0s avg_epoch=16.3s est_planned=1h 21m 27s elapsed=47m 28s
[LG][175/300] loss=5.7802 ce=1.3260 lg=1.7817 beta=2.5000 guidance_active_next=True raw_derivative=n/a smoothed_derivative=n/a guidance_stop_epoch=None train_acc=68.43% val_acc=33.47% best=34.09% lr=0.00019094925 time=16.3s avg_epoch=16.3s est_planned=1h 21m 27s elapsed=47m 44s
[LG][176/300] loss=5.7893 ce=1.3622 lg=1.7708 beta=2.5000 guidance_active_next=True raw_derivative=n/a smoothed_derivative=n/a guidance_stop_epoch=None train_acc=67.70% val_acc=32.83% best=34.09% lr=0.00018844229 time=16.2s avg_epoch=16.3s est_planned=1h 21m 27s elapsed=48m 00s
[LG][177/300] loss=5.7674 ce=1.3325 lg=1.7740 beta=2.5000 guidance_active_next=True raw_derivative=n/a smoothed_derivative=n/a guidance_stop_epoch=None train_acc=68.90% val_acc=32.98% best=34.09% lr=0.00018594234 time=16.0s avg_epoch=16.3s est_planned=1h 21m 26s elapsed=48m 16s
[LG][178/300] loss=5.7535 ce=1.3073 lg=1.7785 beta=2.5000 guidance_active_next=True raw_derivative=n/a smoothed_derivative=n/a guidance_stop_epoch=None train_acc=69.14% val_acc=33.21% best=34.09% lr=0.0001834497 time=16.3s avg_epoch=16.3s est_planned=1h 21m 26s elapsed=48m 33s
[LG][179/300] loss=5.7595 ce=1.3127 lg=1.7787 beta=2.5000 guidance_active_next=True raw_derivative=n/a smoothed_derivative=n/a guidance_stop_epoch=None train_acc=68.97% val_acc=33.17% best=34.09% lr=0.00018096463 time=16.2s avg_epoch=16.3s est_planned=1h 21m 26s elapsed=48m 49s
[LG][180/300] loss=5.7130 ce=1.2763 lg=1.7747 beta=2.5000 guidance_active_next=True raw_derivative=n/a smoothed_derivative=n/a guidance_stop_epoch=None train_acc=70.41% val_acc=32.69% best=34.09% lr=0.0001784874 time=16.2s avg_epoch=16.3s est_planned=1h 21m 26s elapsed=49m 05s
[LG][181/300] loss=5.7670 ce=1.3357 lg=1.7725 beta=2.5000 guidance_active_next=True raw_derivative=n/a smoothed_derivative=n/a guidance_stop_epoch=None train_acc=69.14% val_acc=33.86% best=34.09% lr=0.00017601829 time=16.1s avg_epoch=16.3s est_planned=1h 21m 26s elapsed=49m 21s
[LG][182/300] loss=5.6727 ce=1.2577 lg=1.7660 beta=2.5000 guidance_active_next=True raw_derivative=n/a smoothed_derivative=n/a guidance_stop_epoch=None train_acc=71.37% val_acc=33.67% best=34.09% lr=0.00017355757 time=16.2s avg_epoch=16.3s est_planned=1h 21m 26s elapsed=49m 38s
[LG][183/300] loss=5.7204 ce=1.2967 lg=1.7695 beta=2.5000 guidance_active_next=True raw_derivative=n/a smoothed_derivative=n/a guidance_stop_epoch=None train_acc=69.36% val_acc=33.26% best=34.09% lr=0.0001711055 time=16.1s avg_epoch=16.3s est_planned=1h 21m 25s elapsed=49m 54s
[LG][184/300] loss=5.7066 ce=1.3068 lg=1.7599 beta=2.5000 guidance_active_next=True raw_derivative=n/a smoothed_derivative=n/a guidance_stop_epoch=None train_acc=68.58% val_acc=33.74% best=34.09% lr=0.00016866236 time=16.3s avg_epoch=16.3s est_planned=1h 21m 25s elapsed=50m 10s
[LG][185/300] loss=5.7084 ce=1.2811 lg=1.7709 beta=2.5000 guidance_active_next=True raw_derivative=n/a smoothed_derivative=n/a guidance_stop_epoch=None train_acc=69.74% val_acc=34.35% best=34.35% lr=0.00016622842 time=16.1s avg_epoch=16.3s est_planned=1h 21m 25s elapsed=50m 26s saved_best
[LG][186/300] loss=5.6959 ce=1.2854 lg=1.7642 beta=2.5000 guidance_active_next=True raw_derivative=n/a smoothed_derivative=n/a guidance_stop_epoch=None train_acc=70.53% val_acc=33.64% best=34.35% lr=0.00016380393 time=16.1s avg_epoch=16.3s est_planned=1h 21m 25s elapsed=50m 43s
[LG][187/300] loss=5.6416 ce=1.2303 lg=1.7645 beta=2.5000 guidance_active_next=True raw_derivative=n/a smoothed_derivative=n/a guidance_stop_epoch=None train_acc=71.08% val_acc=34.62% best=34.62% lr=0.00016138917 time=16.1s avg_epoch=16.3s est_planned=1h 21m 24s elapsed=50m 59s saved_best
[LG][188/300] loss=5.7168 ce=1.2894 lg=1.7710 beta=2.5000 guidance_active_next=True raw_derivative=n/a smoothed_derivative=n/a guidance_stop_epoch=None train_acc=69.60% val_acc=33.48% best=34.62% lr=0.00015898441 time=16.2s avg_epoch=16.3s est_planned=1h 21m 24s elapsed=51m 15s
[LG][189/300] loss=5.7024 ce=1.2698 lg=1.7730 beta=2.5000 guidance_active_next=True raw_derivative=n/a smoothed_derivative=n/a guidance_stop_epoch=None train_acc=69.70% val_acc=33.98% best=34.62% lr=0.00015658989 time=16.2s avg_epoch=16.3s est_planned=1h 21m 24s elapsed=51m 31s
[LG][190/300] loss=5.6725 ce=1.2359 lg=1.7746 beta=2.5000 guidance_active_next=True raw_derivative=n/a smoothed_derivative=n/a guidance_stop_epoch=None train_acc=70.96% val_acc=33.33% best=34.62% lr=0.0001542059 time=16.1s avg_epoch=16.3s est_planned=1h 21m 24s elapsed=51m 47s
[LG][191/300] loss=5.6395 ce=1.2349 lg=1.7618 beta=2.5000 guidance_active_next=True raw_derivative=n/a smoothed_derivative=n/a guidance_stop_epoch=None train_acc=71.52% val_acc=33.62% best=34.62% lr=0.00015183268 time=16.2s avg_epoch=16.3s est_planned=1h 21m 24s elapsed=52m 04s
[LG][192/300] loss=5.6358 ce=1.2108 lg=1.7700 beta=2.5000 guidance_active_next=True raw_derivative=n/a smoothed_derivative=n/a guidance_stop_epoch=None train_acc=71.09% val_acc=33.45% best=34.62% lr=0.0001494705 time=16.1s avg_epoch=16.3s est_planned=1h 21m 23s elapsed=52m 20s
[LG][193/300] loss=5.6282 ce=1.2142 lg=1.7656 beta=2.5000 guidance_active_next=True raw_derivative=n/a smoothed_derivative=n/a guidance_stop_epoch=None train_acc=71.28% val_acc=33.78% best=34.62% lr=0.00014711963 time=16.3s avg_epoch=16.3s est_planned=1h 21m 23s elapsed=52m 36s
[LG][194/300] loss=5.6067 ce=1.2164 lg=1.7561 beta=2.5000 guidance_active_next=True raw_derivative=n/a smoothed_derivative=n/a guidance_stop_epoch=None train_acc=70.96% val_acc=33.31% best=34.62% lr=0.0001447803 time=16.2s avg_epoch=16.3s est_planned=1h 21m 23s elapsed=52m 52s
[LG][195/300] loss=5.6109 ce=1.1984 lg=1.7650 beta=2.5000 guidance_active_next=True raw_derivative=n/a smoothed_derivative=n/a guidance_stop_epoch=None train_acc=71.89% val_acc=33.76% best=34.62% lr=0.00014245279 time=16.2s avg_epoch=16.3s est_planned=1h 21m 23s elapsed=53m 09s
[LG][196/300] loss=5.5974 ce=1.1825 lg=1.7660 beta=2.5000 guidance_active_next=True raw_derivative=n/a smoothed_derivative=n/a guidance_stop_epoch=None train_acc=71.81% val_acc=33.33% best=34.62% lr=0.00014013735 time=16.2s avg_epoch=16.3s est_planned=1h 21m 23s elapsed=53m 25s
[LG][197/300] loss=5.5676 ce=1.1491 lg=1.7674 beta=2.5000 guidance_active_next=True raw_derivative=n/a smoothed_derivative=n/a guidance_stop_epoch=None train_acc=72.59% val_acc=32.72% best=34.62% lr=0.00013783423 time=16.3s avg_epoch=16.3s est_planned=1h 21m 23s elapsed=53m 41s
[LG][198/300] loss=5.5881 ce=1.1839 lg=1.7617 beta=2.5000 guidance_active_next=True raw_derivative=n/a smoothed_derivative=n/a guidance_stop_epoch=None train_acc=72.44% val_acc=34.04% best=34.62% lr=0.00013554369 time=16.2s avg_epoch=16.3s est_planned=1h 21m 23s elapsed=53m 58s
[LG][199/300] loss=5.5756 ce=1.1616 lg=1.7656 beta=2.5000 guidance_active_next=True raw_derivative=n/a smoothed_derivative=n/a guidance_stop_epoch=None train_acc=72.54% val_acc=34.50% best=34.62% lr=0.00013326597 time=16.3s avg_epoch=16.3s est_planned=1h 21m 23s elapsed=54m 14s
[LG][200/300] loss=5.5301 ce=1.1570 lg=1.7492 beta=2.5000 guidance_active_next=True raw_derivative=n/a smoothed_derivative=n/a guidance_stop_epoch=None train_acc=72.76% val_acc=33.98% best=34.62% lr=0.00013100132 time=16.3s avg_epoch=16.3s est_planned=1h 21m 23s elapsed=54m 30s
[LG][201/300] loss=5.5393 ce=1.1642 lg=1.7501 beta=2.5000 guidance_active_next=True raw_derivative=n/a smoothed_derivative=n/a guidance_stop_epoch=None train_acc=72.32% val_acc=34.09% best=34.62% lr=0.00012875 time=16.2s avg_epoch=16.3s est_planned=1h 21m 23s elapsed=54m 47s
[LG][202/300] loss=5.5928 ce=1.1776 lg=1.7661 beta=2.5000 guidance_active_next=True raw_derivative=n/a smoothed_derivative=n/a guidance_stop_epoch=None train_acc=71.89% val_acc=33.67% best=34.62% lr=0.00012651225 time=16.3s avg_epoch=16.3s est_planned=1h 21m 23s elapsed=55m 03s
[LG][203/300] loss=5.5473 ce=1.1434 lg=1.7616 beta=2.5000 guidance_active_next=True raw_derivative=n/a smoothed_derivative=n/a guidance_stop_epoch=None train_acc=72.61% val_acc=34.12% best=34.62% lr=0.00012428832 time=16.3s avg_epoch=16.3s est_planned=1h 21m 23s elapsed=55m 19s
[LG][204/300] loss=5.5420 ce=1.1307 lg=1.7645 beta=2.5000 guidance_active_next=True raw_derivative=n/a smoothed_derivative=n/a guidance_stop_epoch=None train_acc=73.69% val_acc=33.50% best=34.62% lr=0.00012207844 time=16.2s avg_epoch=16.3s est_planned=1h 21m 23s elapsed=55m 36s
[LG][205/300] loss=5.5068 ce=1.1193 lg=1.7550 beta=2.5000 guidance_active_next=True raw_derivative=n/a smoothed_derivative=n/a guidance_stop_epoch=None train_acc=72.69% val_acc=34.35% best=34.62% lr=0.00011988287 time=16.1s avg_epoch=16.3s est_planned=1h 21m 23s elapsed=55m 52s
[LG][206/300] loss=5.5373 ce=1.1554 lg=1.7528 beta=2.5000 guidance_active_next=True raw_derivative=n/a smoothed_derivative=n/a guidance_stop_epoch=None train_acc=72.47% val_acc=34.71% best=34.71% lr=0.00011770184 time=16.3s avg_epoch=16.3s est_planned=1h 21m 23s elapsed=56m 08s saved_best
[LG][207/300] loss=5.5248 ce=1.1228 lg=1.7608 beta=2.5000 guidance_active_next=True raw_derivative=n/a smoothed_derivative=n/a guidance_stop_epoch=None train_acc=73.42% val_acc=33.33% best=34.71% lr=0.00011553559 time=16.1s avg_epoch=16.3s est_planned=1h 21m 23s elapsed=56m 24s
[LG][208/300] loss=5.5542 ce=1.1476 lg=1.7626 beta=2.5000 guidance_active_next=True raw_derivative=n/a smoothed_derivative=n/a guidance_stop_epoch=None train_acc=72.72% val_acc=34.36% best=34.71% lr=0.00011338436 time=16.0s avg_epoch=16.3s est_planned=1h 21m 22s elapsed=56m 40s
[LG][209/300] loss=5.5589 ce=1.1641 lg=1.7579 beta=2.5000 guidance_active_next=True raw_derivative=n/a smoothed_derivative=n/a guidance_stop_epoch=None train_acc=72.96% val_acc=33.57% best=34.71% lr=0.00011124839 time=16.0s avg_epoch=16.3s est_planned=1h 21m 22s elapsed=56m 56s
[LG][210/300] loss=5.4533 ce=1.0867 lg=1.7466 beta=2.5000 guidance_active_next=True raw_derivative=n/a smoothed_derivative=n/a guidance_stop_epoch=None train_acc=74.30% val_acc=34.23% best=34.71% lr=0.00010912791 time=16.1s avg_epoch=16.3s est_planned=1h 21m 22s elapsed=57m 13s
[LG][211/300] loss=5.4920 ce=1.1061 lg=1.7544 beta=2.5000 guidance_active_next=True raw_derivative=n/a smoothed_derivative=n/a guidance_stop_epoch=None train_acc=73.79% val_acc=32.91% best=34.71% lr=0.00010702315 time=16.2s avg_epoch=16.3s est_planned=1h 21m 21s elapsed=57m 29s
[LG][212/300] loss=5.4022 ce=1.0449 lg=1.7429 beta=2.5000 guidance_active_next=True raw_derivative=n/a smoothed_derivative=n/a guidance_stop_epoch=None train_acc=75.68% val_acc=34.02% best=34.71% lr=0.00010493434 time=16.5s avg_epoch=16.3s est_planned=1h 21m 22s elapsed=57m 45s
[LG][213/300] loss=5.5331 ce=1.1229 lg=1.7641 beta=2.5000 guidance_active_next=True raw_derivative=n/a smoothed_derivative=n/a guidance_stop_epoch=None train_acc=73.42% val_acc=34.50% best=34.71% lr=0.00010286172 time=15.9s avg_epoch=16.3s est_planned=1h 21m 21s elapsed=58m 01s
[LG][214/300] loss=5.4880 ce=1.0953 lg=1.7571 beta=2.5000 guidance_active_next=True raw_derivative=n/a smoothed_derivative=n/a guidance_stop_epoch=None train_acc=74.24% val_acc=34.07% best=34.71% lr=0.0001008055 time=16.1s avg_epoch=16.3s est_planned=1h 21m 21s elapsed=58m 17s
[LG][215/300] loss=5.4399 ce=1.0796 lg=1.7441 beta=2.5000 guidance_active_next=True raw_derivative=n/a smoothed_derivative=n/a guidance_stop_epoch=None train_acc=74.92% val_acc=34.05% best=34.71% lr=9.8765924e-05 time=16.0s avg_epoch=16.3s est_planned=1h 21m 21s elapsed=58m 34s
[LG][216/300] loss=5.4308 ce=1.0802 lg=1.7402 beta=2.5000 guidance_active_next=True raw_derivative=n/a smoothed_derivative=n/a guidance_stop_epoch=None train_acc=74.47% val_acc=34.14% best=34.71% lr=9.6743203e-05 time=15.9s avg_epoch=16.3s est_planned=1h 21m 20s elapsed=58m 50s
[LG][217/300] loss=5.4389 ce=1.0720 lg=1.7467 beta=2.5000 guidance_active_next=True raw_derivative=n/a smoothed_derivative=n/a guidance_stop_epoch=None train_acc=74.68% val_acc=33.38% best=34.71% lr=9.4737563e-05 time=16.1s avg_epoch=16.3s est_planned=1h 21m 20s elapsed=59m 06s
[LG][218/300] loss=5.4531 ce=1.0677 lg=1.7542 beta=2.5000 guidance_active_next=True raw_derivative=n/a smoothed_derivative=n/a guidance_stop_epoch=None train_acc=74.52% val_acc=34.31% best=34.71% lr=9.2749222e-05 time=15.9s avg_epoch=16.3s est_planned=1h 21m 20s elapsed=59m 22s
[LG][219/300] loss=5.4407 ce=1.0734 lg=1.7469 beta=2.5000 guidance_active_next=True raw_derivative=n/a smoothed_derivative=n/a guidance_stop_epoch=None train_acc=74.52% val_acc=34.28% best=34.71% lr=9.0778401e-05 time=16.2s avg_epoch=16.3s est_planned=1h 21m 19s elapsed=59m 38s
[LG][220/300] loss=5.3932 ce=1.0459 lg=1.7389 beta=2.5000 guidance_active_next=True raw_derivative=n/a smoothed_derivative=n/a guidance_stop_epoch=None train_acc=75.41% val_acc=33.86% best=34.71% lr=8.8825313e-05 time=16.2s avg_epoch=16.3s est_planned=1h 21m 19s elapsed=59m 54s
[LG][221/300] loss=5.4009 ce=1.0396 lg=1.7445 beta=2.5000 guidance_active_next=True raw_derivative=n/a smoothed_derivative=n/a guidance_stop_epoch=None train_acc=75.54% val_acc=33.74% best=34.71% lr=8.6890175e-05 time=16.0s avg_epoch=16.3s est_planned=1h 21m 19s elapsed=1h 00m 10s
[LG][222/300] loss=5.3638 ce=1.0095 lg=1.7417 beta=2.5000 guidance_active_next=True raw_derivative=n/a smoothed_derivative=n/a guidance_stop_epoch=None train_acc=76.26% val_acc=34.90% best=34.90% lr=8.4973198e-05 time=15.9s avg_epoch=16.3s est_planned=1h 21m 19s elapsed=1h 00m 26s saved_best
[LG][223/300] loss=5.3952 ce=1.0457 lg=1.7398 beta=2.5000 guidance_active_next=True raw_derivative=n/a smoothed_derivative=n/a guidance_stop_epoch=None train_acc=74.69% val_acc=34.10% best=34.90% lr=8.3074591e-05 time=16.2s avg_epoch=16.3s est_planned=1h 21m 19s elapsed=1h 00m 43s
[LG][224/300] loss=5.4012 ce=1.0309 lg=1.7481 beta=2.5000 guidance_active_next=True raw_derivative=n/a smoothed_derivative=n/a guidance_stop_epoch=None train_acc=75.80% val_acc=34.95% best=34.95% lr=8.1194564e-05 time=16.0s avg_epoch=16.3s est_planned=1h 21m 18s elapsed=1h 00m 59s saved_best
[LG][225/300] loss=5.4373 ce=1.0566 lg=1.7523 beta=2.5000 guidance_active_next=True raw_derivative=n/a smoothed_derivative=n/a guidance_stop_epoch=None train_acc=74.81% val_acc=34.33% best=34.95% lr=7.9333323e-05 time=16.2s avg_epoch=16.3s est_planned=1h 21m 18s elapsed=1h 01m 15s
[LG][226/300] loss=5.3874 ce=1.0220 lg=1.7462 beta=2.5000 guidance_active_next=True raw_derivative=n/a smoothed_derivative=n/a guidance_stop_epoch=None train_acc=75.39% val_acc=33.91% best=34.95% lr=7.7491072e-05 time=16.2s avg_epoch=16.3s est_planned=1h 21m 18s elapsed=1h 01m 31s
[LG][227/300] loss=5.3564 ce=1.0198 lg=1.7346 beta=2.5000 guidance_active_next=True raw_derivative=n/a smoothed_derivative=n/a guidance_stop_epoch=None train_acc=76.49% val_acc=33.78% best=34.95% lr=7.5668012e-05 time=16.2s avg_epoch=16.3s est_planned=1h 21m 18s elapsed=1h 01m 48s
[LG][228/300] loss=5.3432 ce=0.9970 lg=1.7385 beta=2.5000 guidance_active_next=True raw_derivative=n/a smoothed_derivative=n/a guidance_stop_epoch=None train_acc=76.49% val_acc=34.05% best=34.95% lr=7.3864344e-05 time=16.4s avg_epoch=16.3s est_planned=1h 21m 18s elapsed=1h 02m 04s
[LG][229/300] loss=5.3956 ce=1.0473 lg=1.7393 beta=2.5000 guidance_active_next=True raw_derivative=n/a smoothed_derivative=n/a guidance_stop_epoch=None train_acc=75.07% val_acc=34.64% best=34.95% lr=7.2080265e-05 time=16.0s avg_epoch=16.3s est_planned=1h 21m 18s elapsed=1h 02m 20s
[LG][230/300] loss=5.3983 ce=1.0282 lg=1.7480 beta=2.5000 guidance_active_next=True raw_derivative=n/a smoothed_derivative=n/a guidance_stop_epoch=None train_acc=75.97% val_acc=33.85% best=34.95% lr=7.0315971e-05 time=16.0s avg_epoch=16.3s est_planned=1h 21m 17s elapsed=1h 02m 36s
[LG][231/300] loss=5.3799 ce=1.0342 lg=1.7383 beta=2.5000 guidance_active_next=True raw_derivative=n/a smoothed_derivative=n/a guidance_stop_epoch=None train_acc=75.87% val_acc=33.91% best=34.95% lr=6.8571656e-05 time=15.9s avg_epoch=16.3s est_planned=1h 21m 17s elapsed=1h 02m 52s
[LG][232/300] loss=5.3891 ce=1.0327 lg=1.7426 beta=2.5000 guidance_active_next=True raw_derivative=n/a smoothed_derivative=n/a guidance_stop_epoch=None train_acc=75.92% val_acc=34.04% best=34.95% lr=6.684751e-05 time=16.1s avg_epoch=16.3s est_planned=1h 21m 17s elapsed=1h 03m 08s
[LG][233/300] loss=5.3880 ce=1.0348 lg=1.7413 beta=2.5000 guidance_active_next=True raw_derivative=n/a smoothed_derivative=n/a guidance_stop_epoch=None train_acc=75.29% val_acc=34.21% best=34.95% lr=6.5143724e-05 time=16.1s avg_epoch=16.3s est_planned=1h 21m 17s elapsed=1h 03m 24s
[LG][234/300] loss=5.3711 ce=1.0102 lg=1.7444 beta=2.5000 guidance_active_next=True raw_derivative=n/a smoothed_derivative=n/a guidance_stop_epoch=None train_acc=75.99% val_acc=34.76% best=34.95% lr=6.3460483e-05 time=15.9s avg_epoch=16.3s est_planned=1h 21m 16s elapsed=1h 03m 40s
[LG][235/300] loss=5.3423 ce=0.9996 lg=1.7371 beta=2.5000 guidance_active_next=True raw_derivative=n/a smoothed_derivative=n/a guidance_stop_epoch=None train_acc=76.29% val_acc=34.45% best=34.95% lr=6.1797972e-05 time=15.9s avg_epoch=16.3s est_planned=1h 21m 16s elapsed=1h 03m 56s
[LG][236/300] loss=5.2832 ce=0.9680 lg=1.7261 beta=2.5000 guidance_active_next=True raw_derivative=n/a smoothed_derivative=n/a guidance_stop_epoch=None train_acc=77.38% val_acc=34.79% best=34.95% lr=6.0156375e-05 time=15.9s avg_epoch=16.3s est_planned=1h 21m 15s elapsed=1h 04m 12s
[LG][237/300] loss=5.2596 ce=0.9499 lg=1.7239 beta=2.5000 guidance_active_next=True raw_derivative=n/a smoothed_derivative=n/a guidance_stop_epoch=None train_acc=77.28% val_acc=33.95% best=34.95% lr=5.8535869e-05 time=16.1s avg_epoch=16.2s est_planned=1h 21m 15s elapsed=1h 04m 28s
[LG][238/300] loss=5.3674 ce=0.9881 lg=1.7517 beta=2.5000 guidance_active_next=True raw_derivative=n/a smoothed_derivative=n/a guidance_stop_epoch=None train_acc=76.63% val_acc=33.86% best=34.95% lr=5.6936634e-05 time=16.0s avg_epoch=16.2s est_planned=1h 21m 15s elapsed=1h 04m 44s
[LG][239/300] loss=5.3530 ce=1.0114 lg=1.7366 beta=2.5000 guidance_active_next=True raw_derivative=n/a smoothed_derivative=n/a guidance_stop_epoch=None train_acc=76.27% val_acc=34.09% best=34.95% lr=5.5358845e-05 time=15.9s avg_epoch=16.2s est_planned=1h 21m 14s elapsed=1h 05m 00s
[LG][240/300] loss=5.3083 ce=0.9696 lg=1.7355 beta=2.5000 guidance_active_next=True raw_derivative=n/a smoothed_derivative=n/a guidance_stop_epoch=None train_acc=76.72% val_acc=33.60% best=34.95% lr=5.3802675e-05 time=15.9s avg_epoch=16.2s est_planned=1h 21m 14s elapsed=1h 05m 16s
[LG][241/300] loss=5.2933 ce=0.9621 lg=1.7325 beta=2.5000 guidance_active_next=True raw_derivative=n/a smoothed_derivative=n/a guidance_stop_epoch=None train_acc=77.39% val_acc=34.86% best=34.95% lr=5.2268294e-05 time=16.1s avg_epoch=16.2s est_planned=1h 21m 14s elapsed=1h 05m 32s
[LG][242/300] loss=5.3175 ce=0.9631 lg=1.7418 beta=2.5000 guidance_active_next=True raw_derivative=n/a smoothed_derivative=n/a guidance_stop_epoch=None train_acc=76.97% val_acc=34.45% best=34.95% lr=5.0755871e-05 time=16.1s avg_epoch=16.2s est_planned=1h 21m 13s elapsed=1h 05m 49s
[LG][243/300] loss=5.2670 ce=0.9430 lg=1.7296 beta=2.5000 guidance_active_next=True raw_derivative=n/a smoothed_derivative=n/a guidance_stop_epoch=None train_acc=77.28% val_acc=34.69% best=34.95% lr=4.9265571e-05 time=16.0s avg_epoch=16.2s est_planned=1h 21m 13s elapsed=1h 06m 05s
[LG][244/300] loss=5.3228 ce=0.9602 lg=1.7451 beta=2.5000 guidance_active_next=True raw_derivative=n/a smoothed_derivative=n/a guidance_stop_epoch=None train_acc=77.48% val_acc=34.31% best=34.95% lr=4.7797558e-05 time=16.1s avg_epoch=16.2s est_planned=1h 21m 13s elapsed=1h 06m 21s
[LG][245/300] loss=5.3202 ce=0.9829 lg=1.7349 beta=2.5000 guidance_active_next=True raw_derivative=n/a smoothed_derivative=n/a guidance_stop_epoch=None train_acc=76.80% val_acc=34.33% best=34.95% lr=4.6351993e-05 time=16.2s avg_epoch=16.2s est_planned=1h 21m 13s elapsed=1h 06m 37s
[LG][246/300] loss=5.2423 ce=0.9176 lg=1.7299 beta=2.5000 guidance_active_next=True raw_derivative=n/a smoothed_derivative=n/a guidance_stop_epoch=None train_acc=77.80% val_acc=34.35% best=34.95% lr=4.4929034e-05 time=16.2s avg_epoch=16.2s est_planned=1h 21m 13s elapsed=1h 06m 53s
[LG][247/300] loss=5.2606 ce=0.9185 lg=1.7368 beta=2.5000 guidance_active_next=True raw_derivative=n/a smoothed_derivative=n/a guidance_stop_epoch=None train_acc=78.53% val_acc=34.41% best=34.95% lr=4.3528838e-05 time=16.2s avg_epoch=16.2s est_planned=1h 21m 13s elapsed=1h 07m 10s
[LG][248/300] loss=5.2662 ce=0.9321 lg=1.7337 beta=2.5000 guidance_active_next=True raw_derivative=n/a smoothed_derivative=n/a guidance_stop_epoch=None train_acc=78.29% val_acc=34.14% best=34.95% lr=4.2151558e-05 time=16.0s avg_epoch=16.2s est_planned=1h 21m 12s elapsed=1h 07m 26s
[LG][249/300] loss=5.2431 ce=0.9190 lg=1.7296 beta=2.5000 guidance_active_next=True raw_derivative=n/a smoothed_derivative=n/a guidance_stop_epoch=None train_acc=77.80% val_acc=34.21% best=34.95% lr=4.0797346e-05 time=16.2s avg_epoch=16.2s est_planned=1h 21m 12s elapsed=1h 07m 42s
[LG][250/300] loss=5.2637 ce=0.9192 lg=1.7378 beta=2.5000 guidance_active_next=True raw_derivative=n/a smoothed_derivative=n/a guidance_stop_epoch=None train_acc=77.99% val_acc=34.60% best=34.95% lr=3.9466348e-05 time=16.1s avg_epoch=16.2s est_planned=1h 21m 12s elapsed=1h 07m 58s
[LG][251/300] loss=5.2669 ce=0.9317 lg=1.7341 beta=2.5000 guidance_active_next=True raw_derivative=n/a smoothed_derivative=n/a guidance_stop_epoch=None train_acc=78.07% val_acc=33.81% best=34.95% lr=3.8158713e-05 time=16.1s avg_epoch=16.2s est_planned=1h 21m 12s elapsed=1h 08m 14s
[LG][252/300] loss=5.1986 ce=0.8939 lg=1.7219 beta=2.5000 guidance_active_next=True raw_derivative=n/a smoothed_derivative=n/a guidance_stop_epoch=None train_acc=79.06% val_acc=34.23% best=34.95% lr=3.6874582e-05 time=16.1s avg_epoch=16.2s est_planned=1h 21m 12s elapsed=1h 08m 30s
[LG][253/300] loss=5.2198 ce=0.9066 lg=1.7253 beta=2.5000 guidance_active_next=True raw_derivative=n/a smoothed_derivative=n/a guidance_stop_epoch=None train_acc=78.96% val_acc=34.12% best=34.95% lr=3.5614097e-05 time=16.1s avg_epoch=16.2s est_planned=1h 21m 12s elapsed=1h 08m 46s
[LG][254/300] loss=5.3070 ce=0.9572 lg=1.7399 beta=2.5000 guidance_active_next=True raw_derivative=n/a smoothed_derivative=n/a guidance_stop_epoch=None train_acc=77.65% val_acc=34.23% best=34.95% lr=3.4377396e-05 time=16.0s avg_epoch=16.2s est_planned=1h 21m 11s elapsed=1h 09m 02s
[LG][255/300] loss=5.2487 ce=0.9188 lg=1.7320 beta=2.5000 guidance_active_next=True raw_derivative=n/a smoothed_derivative=n/a guidance_stop_epoch=None train_acc=77.90% val_acc=34.26% best=34.95% lr=3.3164614e-05 time=16.1s avg_epoch=16.2s est_planned=1h 21m 11s elapsed=1h 09m 19s
[LG][256/300] loss=5.1840 ce=0.8741 lg=1.7240 beta=2.5000 guidance_active_next=True raw_derivative=n/a smoothed_derivative=n/a guidance_stop_epoch=None train_acc=79.43% val_acc=34.09% best=34.95% lr=3.1975885e-05 time=16.0s avg_epoch=16.2s est_planned=1h 21m 11s elapsed=1h 09m 35s
[LG][257/300] loss=5.2202 ce=0.9084 lg=1.7247 beta=2.5000 guidance_active_next=True raw_derivative=n/a smoothed_derivative=n/a guidance_stop_epoch=None train_acc=78.43% val_acc=34.90% best=34.95% lr=3.0811339e-05 time=16.0s avg_epoch=16.2s est_planned=1h 21m 11s elapsed=1h 09m 51s
[LG][258/300] loss=5.2699 ce=0.9241 lg=1.7383 beta=2.5000 guidance_active_next=True raw_derivative=n/a smoothed_derivative=n/a guidance_stop_epoch=None train_acc=77.84% val_acc=34.73% best=34.95% lr=2.9671104e-05 time=16.2s avg_epoch=16.2s est_planned=1h 21m 10s elapsed=1h 10m 07s
[LG][259/300] loss=5.1860 ce=0.8832 lg=1.7211 beta=2.5000 guidance_active_next=True raw_derivative=n/a smoothed_derivative=n/a guidance_stop_epoch=None train_acc=79.11% val_acc=34.73% best=34.95% lr=2.8555305e-05 time=16.1s avg_epoch=16.2s est_planned=1h 21m 10s elapsed=1h 10m 23s
[LG][260/300] loss=5.2223 ce=0.8924 lg=1.7320 beta=2.5000 guidance_active_next=True raw_derivative=n/a smoothed_derivative=n/a guidance_stop_epoch=None train_acc=78.69% val_acc=34.10% best=34.95% lr=2.7464063e-05 time=16.1s avg_epoch=16.2s est_planned=1h 21m 10s elapsed=1h 10m 39s
[LG][261/300] loss=5.2285 ce=0.8980 lg=1.7322 beta=2.5000 guidance_active_next=True raw_derivative=n/a smoothed_derivative=n/a guidance_stop_epoch=None train_acc=78.23% val_acc=34.52% best=34.95% lr=2.6397499e-05 time=16.2s avg_epoch=16.2s est_planned=1h 21m 10s elapsed=1h 10m 56s
[LG][262/300] loss=5.2135 ce=0.8839 lg=1.7319 beta=2.5000 guidance_active_next=True raw_derivative=n/a smoothed_derivative=n/a guidance_stop_epoch=None train_acc=79.42% val_acc=34.57% best=34.95% lr=2.535573e-05 time=16.3s avg_epoch=16.2s est_planned=1h 21m 10s elapsed=1h 11m 12s
[LG][263/300] loss=5.2497 ce=0.9030 lg=1.7387 beta=2.5000 guidance_active_next=True raw_derivative=n/a smoothed_derivative=n/a guidance_stop_epoch=None train_acc=78.70% val_acc=35.19% best=35.19% lr=2.433887e-05 time=16.1s avg_epoch=16.2s est_planned=1h 21m 10s elapsed=1h 11m 28s saved_best
[LG][264/300] loss=5.1978 ce=0.8863 lg=1.7246 beta=2.5000 guidance_active_next=True raw_derivative=n/a smoothed_derivative=n/a guidance_stop_epoch=None train_acc=79.01% val_acc=34.59% best=35.19% lr=2.334703e-05 time=16.0s avg_epoch=16.2s est_planned=1h 21m 10s elapsed=1h 11m 44s
[LG][265/300] loss=5.2106 ce=0.8886 lg=1.7288 beta=2.5000 guidance_active_next=True raw_derivative=n/a smoothed_derivative=n/a guidance_stop_epoch=None train_acc=79.09% val_acc=34.64% best=35.19% lr=2.238032e-05 time=16.2s avg_epoch=16.2s est_planned=1h 21m 10s elapsed=1h 12m 01s
[LG][266/300] loss=5.2324 ce=0.9091 lg=1.7293 beta=2.5000 guidance_active_next=True raw_derivative=n/a smoothed_derivative=n/a guidance_stop_epoch=None train_acc=78.24% val_acc=34.43% best=35.19% lr=2.1438844e-05 time=16.2s avg_epoch=16.2s est_planned=1h 21m 10s elapsed=1h 12m 17s
[LG][267/300] loss=5.2019 ce=0.8810 lg=1.7283 beta=2.5000 guidance_active_next=True raw_derivative=n/a smoothed_derivative=n/a guidance_stop_epoch=None train_acc=79.25% val_acc=34.71% best=35.19% lr=2.0522708e-05 time=16.1s avg_epoch=16.2s est_planned=1h 21m 10s elapsed=1h 12m 33s
[LG][268/300] loss=5.2154 ce=0.8752 lg=1.7361 beta=2.5000 guidance_active_next=True raw_derivative=n/a smoothed_derivative=n/a guidance_stop_epoch=None train_acc=79.53% val_acc=34.73% best=35.19% lr=1.963201e-05 time=16.0s avg_epoch=16.2s est_planned=1h 21m 09s elapsed=1h 12m 49s
[LG][269/300] loss=5.2200 ce=0.8921 lg=1.7312 beta=2.5000 guidance_active_next=True raw_derivative=n/a smoothed_derivative=n/a guidance_stop_epoch=None train_acc=78.94% val_acc=34.57% best=35.19% lr=1.8766848e-05 time=16.0s avg_epoch=16.2s est_planned=1h 21m 09s elapsed=1h 13m 05s
[LG][270/300] loss=5.1983 ce=0.8892 lg=1.7236 beta=2.5000 guidance_active_next=True raw_derivative=n/a smoothed_derivative=n/a guidance_stop_epoch=None train_acc=79.31% val_acc=34.83% best=35.19% lr=1.7927319e-05 time=16.2s avg_epoch=16.2s est_planned=1h 21m 09s elapsed=1h 13m 21s
[LG][271/300] loss=5.1892 ce=0.8741 lg=1.7260 beta=2.5000 guidance_active_next=True raw_derivative=n/a smoothed_derivative=n/a guidance_stop_epoch=None train_acc=78.92% val_acc=34.57% best=35.19% lr=1.7113512e-05 time=16.1s avg_epoch=16.2s est_planned=1h 21m 09s elapsed=1h 13m 37s
[LG][272/300] loss=5.2140 ce=0.8923 lg=1.7287 beta=2.5000 guidance_active_next=True raw_derivative=n/a smoothed_derivative=n/a guidance_stop_epoch=None train_acc=78.67% val_acc=34.97% best=35.19% lr=1.6325519e-05 time=16.2s avg_epoch=16.2s est_planned=1h 21m 09s elapsed=1h 13m 54s
[LG][273/300] loss=5.2264 ce=0.8994 lg=1.7308 beta=2.5000 guidance_active_next=True raw_derivative=n/a smoothed_derivative=n/a guidance_stop_epoch=None train_acc=78.16% val_acc=34.62% best=35.19% lr=1.5563424e-05 time=16.0s avg_epoch=16.2s est_planned=1h 21m 09s elapsed=1h 14m 10s
[LG][274/300] loss=5.1988 ce=0.8879 lg=1.7244 beta=2.5000 guidance_active_next=True raw_derivative=n/a smoothed_derivative=n/a guidance_stop_epoch=None train_acc=79.08% val_acc=34.40% best=35.19% lr=1.4827313e-05 time=16.0s avg_epoch=16.2s est_planned=1h 21m 08s elapsed=1h 14m 26s
[LG][275/300] loss=5.2283 ce=0.9105 lg=1.7271 beta=2.5000 guidance_active_next=True raw_derivative=n/a smoothed_derivative=n/a guidance_stop_epoch=None train_acc=78.86% val_acc=34.38% best=35.19% lr=1.4117265e-05 time=16.2s avg_epoch=16.2s est_planned=1h 21m 08s elapsed=1h 14m 42s
[LG][276/300] loss=5.2375 ce=0.9167 lg=1.7283 beta=2.5000 guidance_active_next=True raw_derivative=n/a smoothed_derivative=n/a guidance_stop_epoch=None train_acc=78.60% val_acc=34.88% best=35.19% lr=1.3433358e-05 time=16.1s avg_epoch=16.2s est_planned=1h 21m 08s elapsed=1h 14m 58s
[LG][277/300] loss=5.1944 ce=0.8483 lg=1.7384 beta=2.5000 guidance_active_next=True raw_derivative=n/a smoothed_derivative=n/a guidance_stop_epoch=None train_acc=79.82% val_acc=34.55% best=35.19% lr=1.2775668e-05 time=16.1s avg_epoch=16.2s est_planned=1h 21m 08s elapsed=1h 15m 14s
[LG][278/300] loss=5.2167 ce=0.8888 lg=1.7312 beta=2.5000 guidance_active_next=True raw_derivative=n/a smoothed_derivative=n/a guidance_stop_epoch=None train_acc=79.04% val_acc=34.54% best=35.19% lr=1.2144266e-05 time=16.1s avg_epoch=16.2s est_planned=1h 21m 08s elapsed=1h 15m 31s
[LG][279/300] loss=5.2420 ce=0.9237 lg=1.7273 beta=2.5000 guidance_active_next=True raw_derivative=n/a smoothed_derivative=n/a guidance_stop_epoch=None train_acc=78.21% val_acc=34.74% best=35.19% lr=1.1539222e-05 time=16.1s avg_epoch=16.2s est_planned=1h 21m 08s elapsed=1h 15m 47s
[LG][280/300] loss=5.2321 ce=0.9049 lg=1.7309 beta=2.5000 guidance_active_next=True raw_derivative=n/a smoothed_derivative=n/a guidance_stop_epoch=None train_acc=78.55% val_acc=34.62% best=35.19% lr=1.0960601e-05 time=16.0s avg_epoch=16.2s est_planned=1h 21m 08s elapsed=1h 16m 03s
[LG][281/300] loss=5.2152 ce=0.8729 lg=1.7369 beta=2.5000 guidance_active_next=True raw_derivative=n/a smoothed_derivative=n/a guidance_stop_epoch=None train_acc=80.25% val_acc=34.69% best=35.19% lr=1.0408469e-05 time=16.0s avg_epoch=16.2s est_planned=1h 21m 08s elapsed=1h 16m 19s
[LG][282/300] loss=5.2644 ce=0.9202 lg=1.7376 beta=2.5000 guidance_active_next=True raw_derivative=n/a smoothed_derivative=n/a guidance_stop_epoch=None train_acc=78.67% val_acc=34.67% best=35.19% lr=9.8828843e-06 time=16.0s avg_epoch=16.2s est_planned=1h 21m 07s elapsed=1h 16m 35s
[LG][283/300] loss=5.2331 ce=0.9172 lg=1.7264 beta=2.5000 guidance_active_next=True raw_derivative=n/a smoothed_derivative=n/a guidance_stop_epoch=None train_acc=78.21% val_acc=34.76% best=35.19% lr=9.3839054e-06 time=16.0s avg_epoch=16.2s est_planned=1h 21m 07s elapsed=1h 16m 51s
[LG][284/300] loss=5.2183 ce=0.8868 lg=1.7326 beta=2.5000 guidance_active_next=True raw_derivative=n/a smoothed_derivative=n/a guidance_stop_epoch=None train_acc=79.23% val_acc=34.83% best=35.19% lr=8.911587e-06 time=16.0s avg_epoch=16.2s est_planned=1h 21m 07s elapsed=1h 17m 07s
[LG][285/300] loss=5.2004 ce=0.8677 lg=1.7331 beta=2.5000 guidance_active_next=True raw_derivative=n/a smoothed_derivative=n/a guidance_stop_epoch=None train_acc=79.65% val_acc=34.74% best=35.19% lr=8.4659808e-06 time=16.0s avg_epoch=16.2s est_planned=1h 21m 07s elapsed=1h 17m 23s
[LG][286/300] loss=5.2089 ce=0.8686 lg=1.7361 beta=2.5000 guidance_active_next=True raw_derivative=n/a smoothed_derivative=n/a guidance_stop_epoch=None train_acc=79.06% val_acc=34.60% best=35.19% lr=8.0471357e-06 time=16.0s avg_epoch=16.2s est_planned=1h 21m 06s elapsed=1h 17m 39s
[LG][287/300] loss=5.2212 ce=0.8779 lg=1.7373 beta=2.5000 guidance_active_next=True raw_derivative=n/a smoothed_derivative=n/a guidance_stop_epoch=None train_acc=79.35% val_acc=34.41% best=35.19% lr=7.6550976e-06 time=16.0s avg_epoch=16.2s est_planned=1h 21m 06s elapsed=1h 17m 55s
[LG][288/300] loss=5.1746 ce=0.8717 lg=1.7212 beta=2.5000 guidance_active_next=True raw_derivative=n/a smoothed_derivative=n/a guidance_stop_epoch=None train_acc=79.14% val_acc=34.64% best=35.19% lr=7.2899095e-06 time=16.1s avg_epoch=16.2s est_planned=1h 21m 06s elapsed=1h 18m 11s
[LG][289/300] loss=5.2067 ce=0.8815 lg=1.7301 beta=2.5000 guidance_active_next=True raw_derivative=n/a smoothed_derivative=n/a guidance_stop_epoch=None train_acc=79.47% val_acc=34.62% best=35.19% lr=6.9516114e-06 time=15.9s avg_epoch=16.2s est_planned=1h 21m 06s elapsed=1h 18m 27s
[LG][290/300] loss=5.2163 ce=0.8894 lg=1.7308 beta=2.5000 guidance_active_next=True raw_derivative=n/a smoothed_derivative=n/a guidance_stop_epoch=None train_acc=78.91% val_acc=34.60% best=35.19% lr=6.6402405e-06 time=16.0s avg_epoch=16.2s est_planned=1h 21m 05s elapsed=1h 18m 43s
[LG][291/300] loss=5.2116 ce=0.8891 lg=1.7290 beta=2.5000 guidance_active_next=True raw_derivative=n/a smoothed_derivative=n/a guidance_stop_epoch=None train_acc=79.06% val_acc=34.85% best=35.19% lr=6.3558309e-06 time=16.0s avg_epoch=16.2s est_planned=1h 21m 05s elapsed=1h 19m 00s
[LG][292/300] loss=5.1562 ce=0.8445 lg=1.7247 beta=2.5000 guidance_active_next=True raw_derivative=n/a smoothed_derivative=n/a guidance_stop_epoch=None train_acc=80.55% val_acc=34.97% best=35.19% lr=6.0984138e-06 time=16.1s avg_epoch=16.2s est_planned=1h 21m 05s elapsed=1h 19m 16s
[LG][293/300] loss=5.1445 ce=0.8503 lg=1.7177 beta=2.5000 guidance_active_next=True raw_derivative=n/a smoothed_derivative=n/a guidance_stop_epoch=None train_acc=79.59% val_acc=34.90% best=35.19% lr=5.8680173e-06 time=16.0s avg_epoch=16.2s est_planned=1h 21m 05s elapsed=1h 19m 32s
[LG][294/300] loss=5.1942 ce=0.8874 lg=1.7227 beta=2.5000 guidance_active_next=True raw_derivative=n/a smoothed_derivative=n/a guidance_stop_epoch=None train_acc=78.70% val_acc=34.73% best=35.19% lr=5.6646669e-06 time=16.1s avg_epoch=16.2s est_planned=1h 21m 05s elapsed=1h 19m 48s
[LG][295/300] loss=5.1745 ce=0.8641 lg=1.7242 beta=2.5000 guidance_active_next=True raw_derivative=n/a smoothed_derivative=n/a guidance_stop_epoch=None train_acc=79.57% val_acc=34.69% best=35.19% lr=5.4883847e-06 time=16.1s avg_epoch=16.2s est_planned=1h 21m 05s elapsed=1h 20m 04s
[LG][296/300] loss=5.2208 ce=0.8882 lg=1.7331 beta=2.5000 guidance_active_next=True raw_derivative=n/a smoothed_derivative=n/a guidance_stop_epoch=None train_acc=78.99% val_acc=34.38% best=35.19% lr=5.3391901e-06 time=16.0s avg_epoch=16.2s est_planned=1h 21m 04s elapsed=1h 20m 20s
[LG][297/300] loss=5.1907 ce=0.8822 lg=1.7234 beta=2.5000 guidance_active_next=True raw_derivative=n/a smoothed_derivative=n/a guidance_stop_epoch=None train_acc=79.89% val_acc=34.57% best=35.19% lr=5.2170996e-06 time=16.1s avg_epoch=16.2s est_planned=1h 21m 04s elapsed=1h 20m 36s
[LG][298/300] loss=5.2590 ce=0.9249 lg=1.7336 beta=2.5000 guidance_active_next=True raw_derivative=n/a smoothed_derivative=n/a guidance_stop_epoch=None train_acc=78.24% val_acc=34.76% best=35.19% lr=5.1221263e-06 time=16.2s avg_epoch=16.2s est_planned=1h 21m 04s elapsed=1h 20m 53s
[LG][299/300] loss=5.1937 ce=0.8861 lg=1.7231 beta=2.5000 guidance_active_next=True raw_derivative=n/a smoothed_derivative=n/a guidance_stop_epoch=None train_acc=79.53% val_acc=34.64% best=35.19% lr=5.0542808e-06 time=16.3s avg_epoch=16.2s est_planned=1h 21m 04s elapsed=1h 21m 09s
[LG][300/300] loss=5.1824 ce=0.8518 lg=1.7323 beta=2.5000 guidance_active_next=True raw_derivative=n/a smoothed_derivative=n/a guidance_stop_epoch=None train_acc=79.70% val_acc=34.54% best=35.19% lr=5.0135706e-06 time=16.2s avg_epoch=16.2s est_planned=1h 21m 04s elapsed=1h 21m 25s
========================================================================
[FINAL_RESULT] lg_best_top1=35.19% paper_top1=n/a gap_to_paper=n/a
[BETA_FINAL] observed_stop_epoch=None paper_stop_epoch=None guided_epochs=300 ce_only_epochs=0
[TIMING] avg_epoch=16.2s planned_epochs=300 estimated_total=1h 21m 04s elapsed=1h 21m 25s
[FINAL_RESULT] best_checkpoint=/app/output/cub200_resnet50_224_lg_alg_ours_full_seed1/LG/cub200_resnet50_224/lg_cub200_resnet50_224_deit_ti_300ep_seed1/student_best.pt
[FINAL_RESULT] latest_checkpoint=/app/output/cub200_resnet50_224_lg_alg_ours_full_seed1/LG/cub200_resnet50_224/lg_cub200_resnet50_224_deit_ti_300ep_seed1/student_latest.pt
[FINAL_RESULT] summary=/app/output/cub200_resnet50_224_lg_alg_ours_full_seed1/LG/cub200_resnet50_224/lg_cub200_resnet50_224_deit_ti_300ep_seed1/summary.json
[DONE] LG training completed successfully; resources may be released.
[COMMAND][ALG] /usr/bin/python methods/ALG/cub200_resnet50_224/train.py --data-dir data/cub200 --teacher-root /app/output/cub200_resnet50_224_lg_alg_ours_full_seed1/teacher_resnet50_224/teacher_cub200_resnet50_224_imagenet1k_v2_200ep_seed1 --output-dir /app/output/cub200_resnet50_224_lg_alg_ours_full_seed1/ALG/cub200_resnet50_224 --run-name alg_cub200_resnet50_224_deit_ti_300ep_seed1 --num-workers 4
[BOOT] Python process started: /usr/bin/python
========================================================================
ADAPTIVE LOCALITY GUIDANCE / TEACHER-224 -> DEIT-TI
========================================================================
[ENV] python=3.10.12 torch=2.11.0+cu130 torchvision=0.26.0+cu130 timm=1.0.27
[ENV] cuda_available=True cuda_device_count=1
[ENV] gpu_name=NVIDIA H200 NVL
[ENV] gpu_memory_gib=139.80
[ENV] device=cuda amp=False seed=1 cudnn_benchmark=False
[PATH] data_dir=/app/scratch/input/bapedragon_511/data/cub200
[PATH] teacher_root=/app/output/cub200_resnet50_224_lg_alg_ours_full_seed1/teacher_resnet50_224/teacher_cub200_resnet50_224_imagenet1k_v2_200ep_seed1
[PATH] run_dir=/app/output/cub200_resnet50_224_lg_alg_ours_full_seed1/ALG/cub200_resnet50_224/alg_cub200_resnet50_224_deit_ti_300ep_seed1
[MODE] smoke=False timing_run=False student_epochs=300 planned_epochs=300
[PROTOCOL] name=cub200_deit_ti_alg_resnet50_224_transfer_adaptation_v1 optimizer=AdamW lr=0.0005 min_lr=5e-06 weight_decay=0.05 warmup=20 warmup_factor=0.001 cosine batch=128 eval_batch=200 student_image=224 teacher_image=224 drop_path=0.1 label_smoothing=0.0 pretrained=False base=lg_official eval_resize=direct
[AUGMENT] color_jitter=0.4 auto_augment=rand-m9-mstd0.5-inc1 random_erasing=0.25/pixel/1 interpolation=bicubic normalization=ImageNet drop_last_train=True
[ALG] loss=CE+beta*LG_while_controller_active beta=2.5 tau=-0.02 smoothing_window=50 controller_warm_up=0 stop_comparison=paper_ge derivative_mode=paper_equations descent_guard=False observed_signal=complete_lg_loss
[LG] teacher_stages=(0,1,2) student_blocks=(0,6,11) projection=1x1 grid=larger_of_teacher_student interpolation=bilinear stage_loss=elementwise_MSE sum_stages=True
[REFERENCE] dataset=cub200 ALG=n/a ALG_LG=n/a ALG_BASELINE=n/a paper_guidance_stop_epoch=None
[SOURCE] ALG_DOI=10.1109/TNNLS.2024.3515076 LG_repo_commit=d2165f74049c906b0afc9f957491960fb3c0cc8b
[DATA] CUB-200-2011 root=/app/scratch/input/bapedragon_511/data/cub200/CUB_200_2011
[DATA] train_samples=5994 test_samples=5794
[DATA] student_image=224 teacher_image=224 train_batch=128 eval_batch=200 num_workers=4 drop_last_train=True smoke=False split=train:official_train eval:official_test
[TEACHER] selected=best epoch=161 top1=84.10% sha256=7cfed8c7d7e55f24466e196134503d4bd370a7f371048d1f07878bab37e19516
[TEACHER_NATIVE_AUDIT] checkpoint_top1=84.10% native_teacher_224px_top1=84.10% gap=+0.00pp
[TEACHER_SHARED_VIEW] student_view_to_224px_top1=80.58% gap_to_checkpoint=-3.52pp diagnostic_only=True
[MODEL] teacher_params=23,917,832 student=deit_tiny_patch16_224 student_params=5,563,016 lg_trainable_params=691,712
[FEATURE_CHECK] teacher_raw=[(2, 512, 28, 28), (2, 1024, 14, 14), (2, 2048, 7, 7)] student=[(2, 192, 14, 14), (2, 192, 14, 14), (2, 192, 14, 14)] aligned=[(2, 512, 28, 28), (2, 1024, 14, 14), (2, 2048, 14, 14)] probe_lg=1.516817
[OPTIMIZER] official_lg_groups=head_no_decay:200,head_decay:38400,body_no_decay:72128,body_decay:6144000 no_decay=1d,bias,cls_token,pos_embed
[STUDENT] epochs=300 planned=300 initial_optimizer_lr=5e-07 official_warmup_start_lr=5e-07
[ALG][001/300] loss=13.9057 ce=5.2983 lg=3.4430 beta=2.5000 guidance_active_next=True raw_derivative=n/a smoothed_derivative=n/a guidance_stop_epoch=None train_acc=0.76% val_acc=1.16% best=1.16% lr=5e-07 time=16.4s avg_epoch=16.4s est_planned=1h 22m 00s elapsed=16s saved_best
[ALG][002/300] loss=13.1141 ce=5.2968 lg=3.1269 beta=2.5000 guidance_active_next=True raw_derivative=-0.158029 smoothed_derivative=-0.079014 guidance_stop_epoch=None train_acc=0.90% val_acc=1.45% best=1.45% lr=2.5475e-05 time=16.2s avg_epoch=16.3s est_planned=1h 21m 31s elapsed=33s saved_best
[ALG][003/300] loss=12.4719 ce=5.2925 lg=2.8718 beta=2.5000 guidance_active_next=True raw_derivative=-0.137730 smoothed_derivative=-0.098586 guidance_stop_epoch=None train_acc=0.75% val_acc=1.10% best=1.45% lr=5.045e-05 time=16.0s avg_epoch=16.2s est_planned=1h 21m 01s elapsed=49s
[ALG][004/300] loss=11.3822 ce=5.2702 lg=2.4448 beta=2.5000 guidance_active_next=True raw_derivative=-0.175603 smoothed_derivative=-0.117840 guidance_stop_epoch=None train_acc=0.78% val_acc=1.16% best=1.45% lr=7.5425e-05 time=16.3s avg_epoch=16.2s est_planned=1h 21m 09s elapsed=1m 05s
[ALG][005/300] loss=10.9410 ce=5.2197 lg=2.2885 beta=2.5000 guidance_active_next=True raw_derivative=-0.136621 smoothed_derivative=-0.121596 guidance_stop_epoch=None train_acc=0.78% val_acc=0.97% best=1.45% lr=0.0001004 time=16.1s avg_epoch=16.2s est_planned=1h 21m 01s elapsed=1m 21s
[ALG][006/300] loss=10.8146 ce=5.1815 lg=2.2532 beta=2.5000 guidance_active_next=True raw_derivative=-0.096960 smoothed_derivative=-0.117490 guidance_stop_epoch=None train_acc=0.90% val_acc=1.23% best=1.45% lr=0.000125375 time=16.1s avg_epoch=16.2s est_planned=1h 20m 57s elapsed=1m 38s
[ALG][007/300] loss=10.7373 ce=5.1530 lg=2.2337 beta=2.5000 guidance_active_next=True raw_derivative=-0.072050 smoothed_derivative=-0.110999 guidance_stop_epoch=None train_acc=1.31% val_acc=1.48% best=1.48% lr=0.00015035 time=16.1s avg_epoch=16.2s est_planned=1h 20m 51s elapsed=1m 54s saved_best
[ALG][008/300] loss=10.6468 ce=5.1211 lg=2.2103 beta=2.5000 guidance_active_next=True raw_derivative=-0.056966 smoothed_derivative=-0.104245 guidance_stop_epoch=None train_acc=1.39% val_acc=2.42% best=2.42% lr=0.000175325 time=16.1s avg_epoch=16.2s est_planned=1h 20m 49s elapsed=2m 10s saved_best
[ALG][009/300] loss=10.6003 ce=5.0781 lg=2.2089 beta=2.5000 guidance_active_next=True raw_derivative=-0.044459 smoothed_derivative=-0.097602 guidance_stop_epoch=None train_acc=1.70% val_acc=2.33% best=2.42% lr=0.0002003 time=16.0s avg_epoch=16.1s est_planned=1h 20m 43s elapsed=2m 26s
[ALG][010/300] loss=10.4861 ce=5.0271 lg=2.1836 beta=2.5000 guidance_active_next=True raw_derivative=-0.038098 smoothed_derivative=-0.091651 guidance_stop_epoch=None train_acc=2.06% val_acc=2.85% best=2.85% lr=0.000225275 time=16.2s avg_epoch=16.1s est_planned=1h 20m 44s elapsed=2m 42s saved_best
[ALG][011/300] loss=10.4340 ce=5.0012 lg=2.1731 beta=2.5000 guidance_active_next=True raw_derivative=-0.032121 smoothed_derivative=-0.086240 guidance_stop_epoch=None train_acc=1.97% val_acc=3.40% best=3.40% lr=0.00025025 time=16.1s avg_epoch=16.1s est_planned=1h 20m 43s elapsed=2m 58s saved_best
[ALG][012/300] loss=10.3445 ce=4.9593 lg=2.1541 beta=2.5000 guidance_active_next=True raw_derivative=-0.028357 smoothed_derivative=-0.081416 guidance_stop_epoch=None train_acc=2.65% val_acc=3.66% best=3.66% lr=0.000275225 time=16.2s avg_epoch=16.1s est_planned=1h 20m 43s elapsed=3m 15s saved_best
[ALG][013/300] loss=10.3062 ce=4.9280 lg=2.1513 beta=2.5000 guidance_active_next=True raw_derivative=-0.024207 smoothed_derivative=-0.077015 guidance_stop_epoch=None train_acc=2.55% val_acc=4.18% best=4.18% lr=0.0003002 time=16.2s avg_epoch=16.1s est_planned=1h 20m 44s elapsed=3m 31s saved_best
[ALG][014/300] loss=10.1914 ce=4.8743 lg=2.1268 beta=2.5000 guidance_active_next=True raw_derivative=-0.022496 smoothed_derivative=-0.073121 guidance_stop_epoch=None train_acc=3.24% val_acc=4.37% best=4.37% lr=0.000325175 time=16.2s avg_epoch=16.2s est_planned=1h 20m 46s elapsed=3m 47s saved_best
[ALG][015/300] loss=10.1213 ce=4.8275 lg=2.1175 beta=2.5000 guidance_active_next=True raw_derivative=-0.020118 smoothed_derivative=-0.069588 guidance_stop_epoch=None train_acc=3.38% val_acc=4.80% best=4.80% lr=0.00035015 time=16.2s avg_epoch=16.2s est_planned=1h 20m 48s elapsed=4m 04s saved_best
[ALG][016/300] loss=10.0640 ce=4.7866 lg=2.1110 beta=2.5000 guidance_active_next=True raw_derivative=-0.018012 smoothed_derivative=-0.066364 guidance_stop_epoch=None train_acc=3.63% val_acc=4.61% best=4.80% lr=0.000375125 time=16.1s avg_epoch=16.2s est_planned=1h 20m 47s elapsed=4m 20s
[ALG][017/300] loss=10.0117 ce=4.7535 lg=2.1033 beta=2.5000 guidance_active_next=True raw_derivative=-0.016344 smoothed_derivative=-0.063422 guidance_stop_epoch=None train_acc=3.72% val_acc=5.64% best=5.64% lr=0.0004001 time=16.0s avg_epoch=16.2s est_planned=1h 20m 45s elapsed=4m 36s saved_best
[ALG][018/300] loss=9.9741 ce=4.7148 lg=2.1037 beta=2.5000 guidance_active_next=True raw_derivative=-0.014505 smoothed_derivative=-0.060704 guidance_stop_epoch=None train_acc=4.28% val_acc=5.64% best=5.64% lr=0.000425075 time=16.2s avg_epoch=16.2s est_planned=1h 20m 46s elapsed=4m 52s saved_best
[ALG][019/300] loss=9.8635 ce=4.6757 lg=2.0752 beta=2.5000 guidance_active_next=True raw_derivative=-0.014482 smoothed_derivative=-0.058271 guidance_stop_epoch=None train_acc=4.72% val_acc=7.34% best=7.34% lr=0.00045005 time=16.3s avg_epoch=16.2s est_planned=1h 20m 48s elapsed=5m 09s saved_best
[ALG][020/300] loss=9.8581 ce=4.6446 lg=2.0854 beta=2.5000 guidance_active_next=True raw_derivative=-0.012522 smoothed_derivative=-0.055984 guidance_stop_epoch=None train_acc=5.33% val_acc=7.71% best=7.71% lr=0.000475025 time=16.1s avg_epoch=16.2s est_planned=1h 20m 48s elapsed=5m 25s saved_best
[ALG][021/300] loss=9.7567 ce=4.5950 lg=2.0647 beta=2.5000 guidance_active_next=True raw_derivative=-0.012314 smoothed_derivative=-0.053904 guidance_stop_epoch=None train_acc=5.52% val_acc=7.09% best=7.71% lr=0.00049459153 time=16.3s avg_epoch=16.2s est_planned=1h 20m 49s elapsed=5m 41s
[ALG][022/300] loss=9.6897 ce=4.5343 lg=2.0621 beta=2.5000 guidance_active_next=True raw_derivative=-0.011311 smoothed_derivative=-0.051968 guidance_stop_epoch=None train_acc=6.44% val_acc=7.58% best=7.71% lr=0.0004940394 time=16.1s avg_epoch=16.2s est_planned=1h 20m 48s elapsed=5m 57s
[ALG][023/300] loss=9.6051 ce=4.4998 lg=2.0421 beta=2.5000 guidance_active_next=True raw_derivative=-0.011200 smoothed_derivative=-0.050196 guidance_stop_epoch=None train_acc=6.17% val_acc=7.82% best=7.82% lr=0.00049346078 time=16.2s avg_epoch=16.2s est_planned=1h 20m 49s elapsed=6m 14s saved_best
[ALG][024/300] loss=9.5718 ce=4.4592 lg=2.0450 beta=2.5000 guidance_active_next=True raw_derivative=-0.010143 smoothed_derivative=-0.048527 guidance_stop_epoch=None train_acc=7.00% val_acc=9.39% best=9.39% lr=0.00049285573 time=16.0s avg_epoch=16.2s est_planned=1h 20m 47s elapsed=6m 30s saved_best
[ALG][025/300] loss=9.5202 ce=4.4228 lg=2.0389 beta=2.5000 guidance_active_next=True raw_derivative=-0.009576 smoothed_derivative=-0.046969 guidance_stop_epoch=None train_acc=7.56% val_acc=10.01% best=10.01% lr=0.00049222433 time=16.2s avg_epoch=16.2s est_planned=1h 20m 47s elapsed=6m 46s saved_best
[ALG][026/300] loss=9.5073 ce=4.3992 lg=2.0433 beta=2.5000 guidance_active_next=True raw_derivative=-0.008673 smoothed_derivative=-0.045496 guidance_stop_epoch=None train_acc=7.91% val_acc=11.03% best=11.03% lr=0.00049156664 time=16.1s avg_epoch=16.2s est_planned=1h 20m 46s elapsed=7m 02s saved_best
[ALG][027/300] loss=9.3967 ce=4.3497 lg=2.0188 beta=2.5000 guidance_active_next=True raw_derivative=-0.008936 smoothed_derivative=-0.044142 guidance_stop_epoch=None train_acc=8.07% val_acc=11.11% best=11.11% lr=0.00049088274 time=16.4s avg_epoch=16.2s est_planned=1h 20m 49s elapsed=7m 19s saved_best
[ALG][028/300] loss=9.3683 ce=4.3028 lg=2.0262 beta=2.5000 guidance_active_next=True raw_derivative=-0.008033 smoothed_derivative=-0.042852 guidance_stop_epoch=None train_acc=9.12% val_acc=10.60% best=11.11% lr=0.00049017269 time=16.1s avg_epoch=16.2s est_planned=1h 20m 48s elapsed=7m 35s
[ALG][029/300] loss=9.2771 ce=4.2462 lg=2.0124 beta=2.5000 guidance_active_next=True raw_derivative=-0.007956 smoothed_derivative=-0.041649 guidance_stop_epoch=None train_acc=9.66% val_acc=12.50% best=12.50% lr=0.00048943658 time=16.1s avg_epoch=16.2s est_planned=1h 20m 48s elapsed=7m 51s saved_best
[ALG][030/300] loss=9.2673 ce=4.2305 lg=2.0147 beta=2.5000 guidance_active_next=True raw_derivative=-0.007348 smoothed_derivative=-0.040506 guidance_stop_epoch=None train_acc=10.55% val_acc=13.58% best=13.58% lr=0.00048867448 time=16.0s avg_epoch=16.2s est_planned=1h 20m 47s elapsed=8m 07s saved_best
[ALG][031/300] loss=9.2107 ce=4.1982 lg=2.0050 beta=2.5000 guidance_active_next=True raw_derivative=-0.007186 smoothed_derivative=-0.039431 guidance_stop_epoch=None train_acc=10.11% val_acc=12.56% best=13.58% lr=0.00048788649 time=16.1s avg_epoch=16.2s est_planned=1h 20m 46s elapsed=8m 23s
[ALG][032/300] loss=9.1873 ce=4.1730 lg=2.0057 beta=2.5000 guidance_active_next=True raw_derivative=-0.006716 smoothed_derivative=-0.038408 guidance_stop_epoch=None train_acc=10.60% val_acc=13.38% best=13.58% lr=0.00048707268 time=16.0s avg_epoch=16.2s est_planned=1h 20m 45s elapsed=8m 39s
[ALG][033/300] loss=9.1392 ce=4.1385 lg=2.0003 beta=2.5000 guidance_active_next=True raw_derivative=-0.006473 smoothed_derivative=-0.037441 guidance_stop_epoch=None train_acc=11.60% val_acc=13.88% best=13.88% lr=0.00048623315 time=16.1s avg_epoch=16.1s est_planned=1h 20m 44s elapsed=8m 56s saved_best
[ALG][034/300] loss=9.1127 ce=4.1184 lg=1.9977 beta=2.5000 guidance_active_next=True raw_derivative=-0.006168 smoothed_derivative=-0.036521 guidance_stop_epoch=None train_acc=10.60% val_acc=14.26% best=14.26% lr=0.00048536799 time=16.0s avg_epoch=16.1s est_planned=1h 20m 43s elapsed=9m 12s saved_best
[ALG][035/300] loss=9.0829 ce=4.0990 lg=1.9936 beta=2.5000 guidance_active_next=True raw_derivative=-0.005935 smoothed_derivative=-0.035647 guidance_stop_epoch=None train_acc=11.57% val_acc=15.67% best=15.67% lr=0.00048447729 time=16.1s avg_epoch=16.1s est_planned=1h 20m 43s elapsed=9m 28s saved_best
[ALG][036/300] loss=9.0581 ce=4.0714 lg=1.9947 beta=2.5000 guidance_active_next=True raw_derivative=-0.005574 smoothed_derivative=-0.034812 guidance_stop_epoch=None train_acc=12.11% val_acc=15.33% best=15.67% lr=0.00048356116 time=16.2s avg_epoch=16.1s est_planned=1h 20m 43s elapsed=9m 44s
[ALG][037/300] loss=8.9960 ce=4.0343 lg=1.9847 beta=2.5000 guidance_active_next=True raw_derivative=-0.005542 smoothed_derivative=-0.034021 guidance_stop_epoch=None train_acc=12.70% val_acc=16.53% best=16.53% lr=0.00048261968 time=16.2s avg_epoch=16.1s est_planned=1h 20m 43s elapsed=10m 00s saved_best
[ALG][038/300] loss=8.9578 ce=4.0113 lg=1.9786 beta=2.5000 guidance_active_next=True raw_derivative=-0.005410 smoothed_derivative=-0.033268 guidance_stop_epoch=None train_acc=13.16% val_acc=16.10% best=16.53% lr=0.00048165297 time=16.3s avg_epoch=16.1s est_planned=1h 20m 44s elapsed=10m 17s
[ALG][039/300] loss=8.9342 ce=3.9854 lg=1.9795 beta=2.5000 guidance_active_next=True raw_derivative=-0.005110 smoothed_derivative=-0.032546 guidance_stop_epoch=None train_acc=13.50% val_acc=17.33% best=17.33% lr=0.00048066113 time=16.1s avg_epoch=16.1s est_planned=1h 20m 44s elapsed=10m 33s saved_best
[ALG][040/300] loss=8.8932 ce=3.9532 lg=1.9760 beta=2.5000 guidance_active_next=True raw_derivative=-0.004942 smoothed_derivative=-0.031856 guidance_stop_epoch=None train_acc=13.91% val_acc=17.33% best=17.33% lr=0.00047964427 time=16.2s avg_epoch=16.1s est_planned=1h 20m 44s elapsed=10m 49s saved_best
[ALG][041/300] loss=8.8711 ce=3.9357 lg=1.9742 beta=2.5000 guidance_active_next=True raw_derivative=-0.004746 smoothed_derivative=-0.031194 guidance_stop_epoch=None train_acc=14.84% val_acc=16.15% best=17.33% lr=0.0004786025 time=15.9s avg_epoch=16.1s est_planned=1h 20m 43s elapsed=11m 05s
[ALG][042/300] loss=8.8441 ce=3.9285 lg=1.9663 beta=2.5000 guidance_active_next=True raw_derivative=-0.004708 smoothed_derivative=-0.030564 guidance_stop_epoch=None train_acc=14.44% val_acc=17.98% best=17.98% lr=0.00047753594 time=15.8s avg_epoch=16.1s est_planned=1h 20m 40s elapsed=11m 21s saved_best
[ALG][043/300] loss=8.7679 ce=3.8589 lg=1.9636 beta=2.5000 guidance_active_next=True raw_derivative=-0.004552 smoothed_derivative=-0.029959 guidance_stop_epoch=None train_acc=15.69% val_acc=18.71% best=18.71% lr=0.0004764447 time=16.2s avg_epoch=16.1s est_planned=1h 20m 40s elapsed=11m 37s saved_best
[ALG][044/300] loss=8.7846 ce=3.8449 lg=1.9759 beta=2.5000 guidance_active_next=True raw_derivative=-0.004065 smoothed_derivative=-0.029370 guidance_stop_epoch=None train_acc=15.56% val_acc=18.26% best=18.71% lr=0.0004753289 time=16.1s avg_epoch=16.1s est_planned=1h 20m 40s elapsed=11m 54s
[ALG][045/300] loss=8.7509 ce=3.8315 lg=1.9677 beta=2.5000 guidance_active_next=True raw_derivative=-0.004065 smoothed_derivative=-0.028808 guidance_stop_epoch=None train_acc=15.88% val_acc=18.40% best=18.71% lr=0.00047418866 time=16.8s avg_epoch=16.1s est_planned=1h 20m 44s elapsed=12m 10s
[ALG][046/300] loss=8.7452 ce=3.8293 lg=1.9664 beta=2.5000 guidance_active_next=True raw_derivative=-0.003919 smoothed_derivative=-0.028267 guidance_stop_epoch=None train_acc=16.00% val_acc=20.38% best=20.38% lr=0.00047302411 time=16.1s avg_epoch=16.1s est_planned=1h 20m 44s elapsed=12m 27s saved_best
[ALG][047/300] loss=8.6379 ce=3.7532 lg=1.9539 beta=2.5000 guidance_active_next=True raw_derivative=-0.004018 smoothed_derivative=-0.027751 guidance_stop_epoch=None train_acc=16.64% val_acc=19.05% best=20.38% lr=0.00047183539 time=16.3s avg_epoch=16.2s est_planned=1h 20m 46s elapsed=12m 43s
[ALG][048/300] loss=8.6709 ce=3.7696 lg=1.9605 beta=2.5000 guidance_active_next=True raw_derivative=-0.003712 smoothed_derivative=-0.027250 guidance_stop_epoch=None train_acc=16.41% val_acc=18.80% best=20.38% lr=0.0004706226 time=16.8s avg_epoch=16.2s est_planned=1h 20m 50s elapsed=13m 00s
[ALG][049/300] loss=8.5657 ce=3.6832 lg=1.9530 beta=2.5000 guidance_active_next=True raw_derivative=-0.003714 smoothed_derivative=-0.026770 guidance_stop_epoch=None train_acc=17.85% val_acc=20.43% best=20.43% lr=0.0004693859 time=16.9s avg_epoch=16.2s est_planned=1h 20m 54s elapsed=13m 17s saved_best
[ALG][050/300] loss=8.5955 ce=3.7046 lg=1.9563 beta=2.5000 guidance_active_next=True raw_derivative=-0.003498 smoothed_derivative=-0.026304 guidance_stop_epoch=None train_acc=18.27% val_acc=21.38% best=21.38% lr=0.00046812542 time=16.2s avg_epoch=16.2s est_planned=1h 20m 55s elapsed=13m 33s saved_best
[ALG][051/300] loss=8.5441 ce=3.6863 lg=1.9431 beta=2.5000 guidance_active_next=True raw_derivative=-0.029997 smoothed_derivative=-0.026904 guidance_stop_epoch=None train_acc=17.90% val_acc=20.12% best=21.38% lr=0.00046684129 time=16.0s avg_epoch=16.2s est_planned=1h 20m 54s elapsed=13m 49s
[ALG][052/300] loss=8.5087 ce=3.6553 lg=1.9414 beta=2.5000 guidance_active_next=True raw_derivative=-0.023711 smoothed_derivative=-0.024218 guidance_stop_epoch=None train_acc=18.94% val_acc=21.57% best=21.57% lr=0.00046553365 time=16.1s avg_epoch=16.2s est_planned=1h 20m 53s elapsed=14m 06s saved_best
[ALG][053/300] loss=8.4876 ce=3.6256 lg=1.9448 beta=2.5000 guidance_active_next=True raw_derivative=-0.018539 smoothed_derivative=-0.021834 guidance_stop_epoch=None train_acc=19.11% val_acc=22.14% best=22.14% lr=0.00046420265 time=16.2s avg_epoch=16.2s est_planned=1h 20m 53s elapsed=14m 22s saved_best
[BETA_TRANSITION] guidance disabled after epoch=54 LG=1.927724 raw_derivative=-0.010342 smoothed_derivative=-0.018529 threshold=-0.02; subsequent epochs are CE-only.
[ALG][054/300] loss=8.3504 ce=3.5311 lg=1.9277 beta=2.5000 guidance_active_next=False raw_derivative=-0.010342 smoothed_derivative=-0.018529 guidance_stop_epoch=54 train_acc=21.09% val_acc=22.04% best=22.14% lr=0.00046284844 time=15.9s avg_epoch=16.2s est_planned=1h 20m 52s elapsed=14m 38s
[ALG][055/300] loss=3.6278 ce=3.6278 lg=0.0000 beta=0.0000 guidance_active_next=False raw_derivative=n/a smoothed_derivative=n/a guidance_stop_epoch=54 train_acc=19.04% val_acc=21.78% best=22.14% lr=0.00046147116 time=13.3s avg_epoch=16.1s est_planned=1h 20m 36s elapsed=14m 51s
[ALG][056/300] loss=3.6246 ce=3.6246 lg=0.0000 beta=0.0000 guidance_active_next=False raw_derivative=n/a smoothed_derivative=n/a guidance_stop_epoch=54 train_acc=18.43% val_acc=20.71% best=22.14% lr=0.00046007097 time=13.1s avg_epoch=16.1s est_planned=1h 20m 20s elapsed=15m 04s
[ALG][057/300] loss=3.5861 ce=3.5861 lg=0.0000 beta=0.0000 guidance_active_next=False raw_derivative=n/a smoothed_derivative=n/a guidance_stop_epoch=54 train_acc=20.53% val_acc=22.32% best=22.32% lr=0.00045864801 time=12.9s avg_epoch=16.0s est_planned=1h 20m 03s elapsed=15m 17s saved_best
[ALG][058/300] loss=3.5678 ce=3.5678 lg=0.0000 beta=0.0000 guidance_active_next=False raw_derivative=n/a smoothed_derivative=n/a guidance_stop_epoch=54 train_acc=20.18% val_acc=23.11% best=23.11% lr=0.00045720244 time=13.3s avg_epoch=16.0s est_planned=1h 19m 49s elapsed=15m 31s saved_best
[ALG][059/300] loss=3.4863 ce=3.4863 lg=0.0000 beta=0.0000 guidance_active_next=False raw_derivative=n/a smoothed_derivative=n/a guidance_stop_epoch=54 train_acc=21.64% val_acc=23.11% best=23.11% lr=0.00045573443 time=13.1s avg_epoch=15.9s est_planned=1h 19m 34s elapsed=15m 44s saved_best
[ALG][060/300] loss=3.4938 ce=3.4938 lg=0.0000 beta=0.0000 guidance_active_next=False raw_derivative=n/a smoothed_derivative=n/a guidance_stop_epoch=54 train_acc=21.91% val_acc=22.94% best=23.11% lr=0.00045424413 time=13.1s avg_epoch=15.9s est_planned=1h 19m 20s elapsed=15m 57s
[ALG][061/300] loss=3.5023 ce=3.5023 lg=0.0000 beta=0.0000 guidance_active_next=False raw_derivative=n/a smoothed_derivative=n/a guidance_stop_epoch=54 train_acc=21.48% val_acc=23.35% best=23.35% lr=0.00045273171 time=13.1s avg_epoch=15.8s est_planned=1h 19m 07s elapsed=16m 10s saved_best
[ALG][062/300] loss=3.4760 ce=3.4760 lg=0.0000 beta=0.0000 guidance_active_next=False raw_derivative=n/a smoothed_derivative=n/a guidance_stop_epoch=54 train_acc=22.30% val_acc=24.13% best=24.13% lr=0.00045119733 time=13.1s avg_epoch=15.8s est_planned=1h 18m 53s elapsed=16m 23s saved_best
[ALG][063/300] loss=3.4118 ce=3.4118 lg=0.0000 beta=0.0000 guidance_active_next=False raw_derivative=n/a smoothed_derivative=n/a guidance_stop_epoch=54 train_acc=23.22% val_acc=23.09% best=24.13% lr=0.00044964115 time=13.1s avg_epoch=15.7s est_planned=1h 18m 41s elapsed=16m 37s
[ALG][064/300] loss=3.4423 ce=3.4423 lg=0.0000 beta=0.0000 guidance_active_next=False raw_derivative=n/a smoothed_derivative=n/a guidance_stop_epoch=54 train_acc=22.49% val_acc=23.49% best=24.13% lr=0.00044806337 time=13.1s avg_epoch=15.7s est_planned=1h 18m 28s elapsed=16m 50s
[ALG][065/300] loss=3.4237 ce=3.4237 lg=0.0000 beta=0.0000 guidance_active_next=False raw_derivative=n/a smoothed_derivative=n/a guidance_stop_epoch=54 train_acc=23.37% val_acc=23.84% best=24.13% lr=0.00044646413 time=13.0s avg_epoch=15.7s est_planned=1h 18m 16s elapsed=17m 03s
[ALG][066/300] loss=3.3616 ce=3.3616 lg=0.0000 beta=0.0000 guidance_active_next=False raw_derivative=n/a smoothed_derivative=n/a guidance_stop_epoch=54 train_acc=23.85% val_acc=25.56% best=25.56% lr=0.00044484363 time=13.2s avg_epoch=15.6s est_planned=1h 18m 04s elapsed=17m 16s saved_best
[ALG][067/300] loss=3.3404 ce=3.3404 lg=0.0000 beta=0.0000 guidance_active_next=False raw_derivative=n/a smoothed_derivative=n/a guidance_stop_epoch=54 train_acc=24.49% val_acc=24.09% best=25.56% lr=0.00044320203 time=13.0s avg_epoch=15.6s est_planned=1h 17m 53s elapsed=17m 29s
[ALG][068/300] loss=3.3495 ce=3.3495 lg=0.0000 beta=0.0000 guidance_active_next=False raw_derivative=n/a smoothed_derivative=n/a guidance_stop_epoch=54 train_acc=24.75% val_acc=25.58% best=25.58% lr=0.00044153952 time=13.2s avg_epoch=15.5s est_planned=1h 17m 42s elapsed=17m 42s saved_best
[ALG][069/300] loss=3.3135 ce=3.3135 lg=0.0000 beta=0.0000 guidance_active_next=False raw_derivative=n/a smoothed_derivative=n/a guidance_stop_epoch=54 train_acc=25.44% val_acc=24.77% best=25.58% lr=0.00043985628 time=13.2s avg_epoch=15.5s est_planned=1h 17m 32s elapsed=17m 56s
[ALG][070/300] loss=3.2904 ce=3.2904 lg=0.0000 beta=0.0000 guidance_active_next=False raw_derivative=n/a smoothed_derivative=n/a guidance_stop_epoch=54 train_acc=25.03% val_acc=23.71% best=25.58% lr=0.00043815249 time=13.1s avg_epoch=15.5s est_planned=1h 17m 22s elapsed=18m 09s
[ALG][071/300] loss=3.2992 ce=3.2992 lg=0.0000 beta=0.0000 guidance_active_next=False raw_derivative=n/a smoothed_derivative=n/a guidance_stop_epoch=54 train_acc=24.75% val_acc=25.11% best=25.58% lr=0.00043642834 time=13.1s avg_epoch=15.4s est_planned=1h 17m 12s elapsed=18m 22s
[ALG][072/300] loss=3.2279 ce=3.2279 lg=0.0000 beta=0.0000 guidance_active_next=False raw_derivative=n/a smoothed_derivative=n/a guidance_stop_epoch=54 train_acc=26.39% val_acc=24.73% best=25.58% lr=0.00043468403 time=13.0s avg_epoch=15.4s est_planned=1h 17m 02s elapsed=18m 35s
[ALG][073/300] loss=3.1831 ce=3.1831 lg=0.0000 beta=0.0000 guidance_active_next=False raw_derivative=n/a smoothed_derivative=n/a guidance_stop_epoch=54 train_acc=26.92% val_acc=24.82% best=25.58% lr=0.00043291974 time=13.0s avg_epoch=15.4s est_planned=1h 16m 52s elapsed=18m 48s
[ALG][074/300] loss=3.1542 ce=3.1542 lg=0.0000 beta=0.0000 guidance_active_next=False raw_derivative=n/a smoothed_derivative=n/a guidance_stop_epoch=54 train_acc=27.38% val_acc=25.68% best=25.68% lr=0.00043113566 time=13.0s avg_epoch=15.3s est_planned=1h 16m 42s elapsed=19m 01s saved_best
[ALG][075/300] loss=3.1755 ce=3.1755 lg=0.0000 beta=0.0000 guidance_active_next=False raw_derivative=n/a smoothed_derivative=n/a guidance_stop_epoch=54 train_acc=28.31% val_acc=24.85% best=25.68% lr=0.00042933199 time=13.3s avg_epoch=15.3s est_planned=1h 16m 34s elapsed=19m 14s
[ALG][076/300] loss=3.1472 ce=3.1472 lg=0.0000 beta=0.0000 guidance_active_next=False raw_derivative=n/a smoothed_derivative=n/a guidance_stop_epoch=54 train_acc=28.02% val_acc=25.92% best=25.92% lr=0.00042750893 time=13.2s avg_epoch=15.3s est_planned=1h 16m 25s elapsed=19m 28s saved_best
[ALG][077/300] loss=3.1108 ce=3.1108 lg=0.0000 beta=0.0000 guidance_active_next=False raw_derivative=n/a smoothed_derivative=n/a guidance_stop_epoch=54 train_acc=28.01% val_acc=26.10% best=26.10% lr=0.00042566668 time=13.2s avg_epoch=15.3s est_planned=1h 16m 17s elapsed=19m 41s saved_best
[ALG][078/300] loss=3.1148 ce=3.1148 lg=0.0000 beta=0.0000 guidance_active_next=False raw_derivative=n/a smoothed_derivative=n/a guidance_stop_epoch=54 train_acc=28.57% val_acc=25.60% best=26.10% lr=0.00042380544 time=13.2s avg_epoch=15.2s est_planned=1h 16m 09s elapsed=19m 54s
[ALG][079/300] loss=3.1344 ce=3.1344 lg=0.0000 beta=0.0000 guidance_active_next=False raw_derivative=n/a smoothed_derivative=n/a guidance_stop_epoch=54 train_acc=28.28% val_acc=25.35% best=26.10% lr=0.00042192541 time=13.0s avg_epoch=15.2s est_planned=1h 16m 00s elapsed=20m 07s
[ALG][080/300] loss=3.0666 ce=3.0666 lg=0.0000 beta=0.0000 guidance_active_next=False raw_derivative=n/a smoothed_derivative=n/a guidance_stop_epoch=54 train_acc=29.33% val_acc=25.75% best=26.10% lr=0.0004200268 time=13.1s avg_epoch=15.2s est_planned=1h 15m 53s elapsed=20m 20s
[ALG][081/300] loss=3.0419 ce=3.0419 lg=0.0000 beta=0.0000 guidance_active_next=False raw_derivative=n/a smoothed_derivative=n/a guidance_stop_epoch=54 train_acc=30.69% val_acc=26.25% best=26.25% lr=0.00041810983 time=13.4s avg_epoch=15.2s est_planned=1h 15m 46s elapsed=20m 34s saved_best
[ALG][082/300] loss=3.0071 ce=3.0071 lg=0.0000 beta=0.0000 guidance_active_next=False raw_derivative=n/a smoothed_derivative=n/a guidance_stop_epoch=54 train_acc=30.08% val_acc=26.56% best=26.56% lr=0.00041617469 time=13.1s avg_epoch=15.1s est_planned=1h 15m 38s elapsed=20m 47s saved_best
[ALG][083/300] loss=3.0098 ce=3.0098 lg=0.0000 beta=0.0000 guidance_active_next=False raw_derivative=n/a smoothed_derivative=n/a guidance_stop_epoch=54 train_acc=30.45% val_acc=26.91% best=26.91% lr=0.0004142216 time=13.2s avg_epoch=15.1s est_planned=1h 15m 32s elapsed=21m 00s saved_best
[ALG][084/300] loss=2.9947 ce=2.9947 lg=0.0000 beta=0.0000 guidance_active_next=False raw_derivative=n/a smoothed_derivative=n/a guidance_stop_epoch=54 train_acc=30.62% val_acc=27.98% best=27.98% lr=0.00041225078 time=13.2s avg_epoch=15.1s est_planned=1h 15m 25s elapsed=21m 14s saved_best
[ALG][085/300] loss=2.9880 ce=2.9880 lg=0.0000 beta=0.0000 guidance_active_next=False raw_derivative=n/a smoothed_derivative=n/a guidance_stop_epoch=54 train_acc=31.37% val_acc=26.54% best=27.98% lr=0.00041026244 time=13.2s avg_epoch=15.1s est_planned=1h 15m 18s elapsed=21m 27s
[ALG][086/300] loss=2.8880 ce=2.8880 lg=0.0000 beta=0.0000 guidance_active_next=False raw_derivative=n/a smoothed_derivative=n/a guidance_stop_epoch=54 train_acc=33.46% val_acc=26.63% best=27.98% lr=0.0004082568 time=13.1s avg_epoch=15.0s est_planned=1h 15m 11s elapsed=21m 40s
[ALG][087/300] loss=2.9129 ce=2.9129 lg=0.0000 beta=0.0000 guidance_active_next=False raw_derivative=n/a smoothed_derivative=n/a guidance_stop_epoch=54 train_acc=32.01% val_acc=27.17% best=27.98% lr=0.00040623408 time=13.1s avg_epoch=15.0s est_planned=1h 15m 05s elapsed=21m 53s
[ALG][088/300] loss=2.8477 ce=2.8477 lg=0.0000 beta=0.0000 guidance_active_next=False raw_derivative=n/a smoothed_derivative=n/a guidance_stop_epoch=54 train_acc=34.29% val_acc=26.75% best=27.98% lr=0.0004041945 time=13.1s avg_epoch=15.0s est_planned=1h 14m 58s elapsed=22m 06s
[ALG][089/300] loss=2.8348 ce=2.8348 lg=0.0000 beta=0.0000 guidance_active_next=False raw_derivative=n/a smoothed_derivative=n/a guidance_stop_epoch=54 train_acc=34.14% val_acc=27.55% best=27.98% lr=0.00040213828 time=13.2s avg_epoch=15.0s est_planned=1h 14m 52s elapsed=22m 20s
[ALG][090/300] loss=2.8307 ce=2.8307 lg=0.0000 beta=0.0000 guidance_active_next=False raw_derivative=n/a smoothed_derivative=n/a guidance_stop_epoch=54 train_acc=34.10% val_acc=26.04% best=27.98% lr=0.00040006566 time=13.1s avg_epoch=15.0s est_planned=1h 14m 45s elapsed=22m 33s
[ALG][091/300] loss=2.8266 ce=2.8266 lg=0.0000 beta=0.0000 guidance_active_next=False raw_derivative=n/a smoothed_derivative=n/a guidance_stop_epoch=54 train_acc=35.02% val_acc=27.22% best=27.98% lr=0.00039797685 time=13.1s avg_epoch=14.9s est_planned=1h 14m 39s elapsed=22m 46s
[ALG][092/300] loss=2.7420 ce=2.7420 lg=0.0000 beta=0.0000 guidance_active_next=False raw_derivative=n/a smoothed_derivative=n/a guidance_stop_epoch=54 train_acc=36.41% val_acc=27.30% best=27.98% lr=0.00039587209 time=13.1s avg_epoch=14.9s est_planned=1h 14m 34s elapsed=22m 59s
[ALG][093/300] loss=2.7156 ce=2.7156 lg=0.0000 beta=0.0000 guidance_active_next=False raw_derivative=n/a smoothed_derivative=n/a guidance_stop_epoch=54 train_acc=36.48% val_acc=26.79% best=27.98% lr=0.00039375161 time=13.0s avg_epoch=14.9s est_planned=1h 14m 27s elapsed=23m 12s
[ALG][094/300] loss=2.7250 ce=2.7250 lg=0.0000 beta=0.0000 guidance_active_next=False raw_derivative=n/a smoothed_derivative=n/a guidance_stop_epoch=54 train_acc=36.45% val_acc=28.13% best=28.13% lr=0.00039161564 time=13.1s avg_epoch=14.9s est_planned=1h 14m 22s elapsed=23m 25s saved_best
[ALG][095/300] loss=2.7070 ce=2.7070 lg=0.0000 beta=0.0000 guidance_active_next=False raw_derivative=n/a smoothed_derivative=n/a guidance_stop_epoch=54 train_acc=37.70% val_acc=27.75% best=28.13% lr=0.00038946441 time=12.9s avg_epoch=14.9s est_planned=1h 14m 15s elapsed=23m 38s
[ALG][096/300] loss=2.6860 ce=2.6860 lg=0.0000 beta=0.0000 guidance_active_next=False raw_derivative=n/a smoothed_derivative=n/a guidance_stop_epoch=54 train_acc=37.70% val_acc=27.77% best=28.13% lr=0.00038729816 time=12.9s avg_epoch=14.8s est_planned=1h 14m 09s elapsed=23m 51s
[ALG][097/300] loss=2.6694 ce=2.6694 lg=0.0000 beta=0.0000 guidance_active_next=False raw_derivative=n/a smoothed_derivative=n/a guidance_stop_epoch=54 train_acc=38.28% val_acc=27.48% best=28.13% lr=0.00038511713 time=13.0s avg_epoch=14.8s est_planned=1h 14m 04s elapsed=24m 04s
[ALG][098/300] loss=2.6204 ce=2.6204 lg=0.0000 beta=0.0000 guidance_active_next=False raw_derivative=n/a smoothed_derivative=n/a guidance_stop_epoch=54 train_acc=39.37% val_acc=27.44% best=28.13% lr=0.00038292156 time=12.9s avg_epoch=14.8s est_planned=1h 13m 58s elapsed=24m 17s
[ALG][099/300] loss=2.6002 ce=2.6002 lg=0.0000 beta=0.0000 guidance_active_next=False raw_derivative=n/a smoothed_derivative=n/a guidance_stop_epoch=54 train_acc=40.51% val_acc=28.29% best=28.29% lr=0.00038071168 time=12.8s avg_epoch=14.8s est_planned=1h 13m 52s elapsed=24m 30s saved_best
[ALG][100/300] loss=2.6096 ce=2.6096 lg=0.0000 beta=0.0000 guidance_active_next=False raw_derivative=n/a smoothed_derivative=n/a guidance_stop_epoch=54 train_acc=40.52% val_acc=28.51% best=28.51% lr=0.00037848775 time=13.0s avg_epoch=14.8s est_planned=1h 13m 47s elapsed=24m 43s saved_best
[ALG][101/300] loss=2.5877 ce=2.5877 lg=0.0000 beta=0.0000 guidance_active_next=False raw_derivative=n/a smoothed_derivative=n/a guidance_stop_epoch=54 train_acc=39.98% val_acc=27.98% best=28.51% lr=0.00037625 time=13.1s avg_epoch=14.7s est_planned=1h 13m 42s elapsed=24m 57s
[ALG][102/300] loss=2.5506 ce=2.5506 lg=0.0000 beta=0.0000 guidance_active_next=False raw_derivative=n/a smoothed_derivative=n/a guidance_stop_epoch=54 train_acc=40.73% val_acc=26.68% best=28.51% lr=0.00037399868 time=13.1s avg_epoch=14.7s est_planned=1h 13m 37s elapsed=25m 10s
[ALG][103/300] loss=2.5901 ce=2.5901 lg=0.0000 beta=0.0000 guidance_active_next=False raw_derivative=n/a smoothed_derivative=n/a guidance_stop_epoch=54 train_acc=40.44% val_acc=27.30% best=28.51% lr=0.00037173403 time=13.1s avg_epoch=14.7s est_planned=1h 13m 32s elapsed=25m 23s
[ALG][104/300] loss=2.4869 ce=2.4869 lg=0.0000 beta=0.0000 guidance_active_next=False raw_derivative=n/a smoothed_derivative=n/a guidance_stop_epoch=54 train_acc=42.07% val_acc=28.31% best=28.51% lr=0.00036945631 time=13.0s avg_epoch=14.7s est_planned=1h 13m 27s elapsed=25m 36s
[ALG][105/300] loss=2.4551 ce=2.4551 lg=0.0000 beta=0.0000 guidance_active_next=False raw_derivative=n/a smoothed_derivative=n/a guidance_stop_epoch=54 train_acc=42.80% val_acc=27.67% best=28.51% lr=0.00036716577 time=13.0s avg_epoch=14.7s est_planned=1h 13m 22s elapsed=25m 49s
[ALG][106/300] loss=2.5152 ce=2.5152 lg=0.0000 beta=0.0000 guidance_active_next=False raw_derivative=n/a smoothed_derivative=n/a guidance_stop_epoch=54 train_acc=41.85% val_acc=28.46% best=28.51% lr=0.00036486265 time=13.1s avg_epoch=14.7s est_planned=1h 13m 18s elapsed=26m 02s
[ALG][107/300] loss=2.4481 ce=2.4481 lg=0.0000 beta=0.0000 guidance_active_next=False raw_derivative=n/a smoothed_derivative=n/a guidance_stop_epoch=54 train_acc=43.38% val_acc=27.68% best=28.51% lr=0.00036254721 time=13.2s avg_epoch=14.6s est_planned=1h 13m 14s elapsed=26m 15s
[ALG][108/300] loss=2.4365 ce=2.4365 lg=0.0000 beta=0.0000 guidance_active_next=False raw_derivative=n/a smoothed_derivative=n/a guidance_stop_epoch=54 train_acc=44.28% val_acc=28.56% best=28.56% lr=0.0003602197 time=13.1s avg_epoch=14.6s est_planned=1h 13m 10s elapsed=26m 29s saved_best
[ALG][109/300] loss=2.4573 ce=2.4573 lg=0.0000 beta=0.0000 guidance_active_next=False raw_derivative=n/a smoothed_derivative=n/a guidance_stop_epoch=54 train_acc=43.31% val_acc=28.34% best=28.56% lr=0.00035788037 time=13.1s avg_epoch=14.6s est_planned=1h 13m 05s elapsed=26m 42s
[ALG][110/300] loss=2.4067 ce=2.4067 lg=0.0000 beta=0.0000 guidance_active_next=False raw_derivative=n/a smoothed_derivative=n/a guidance_stop_epoch=54 train_acc=43.95% val_acc=27.39% best=28.56% lr=0.0003555295 time=13.1s avg_epoch=14.6s est_planned=1h 13m 01s elapsed=26m 55s
[ALG][111/300] loss=2.3600 ce=2.3600 lg=0.0000 beta=0.0000 guidance_active_next=False raw_derivative=n/a smoothed_derivative=n/a guidance_stop_epoch=54 train_acc=44.96% val_acc=28.13% best=28.56% lr=0.00035316732 time=13.2s avg_epoch=14.6s est_planned=1h 12m 57s elapsed=27m 08s
[ALG][112/300] loss=2.3670 ce=2.3670 lg=0.0000 beta=0.0000 guidance_active_next=False raw_derivative=n/a smoothed_derivative=n/a guidance_stop_epoch=54 train_acc=45.28% val_acc=27.56% best=28.56% lr=0.0003507941 time=13.1s avg_epoch=14.6s est_planned=1h 12m 53s elapsed=27m 21s
[ALG][113/300] loss=2.3753 ce=2.3753 lg=0.0000 beta=0.0000 guidance_active_next=False raw_derivative=n/a smoothed_derivative=n/a guidance_stop_epoch=54 train_acc=44.45% val_acc=29.63% best=29.63% lr=0.00034841011 time=13.0s avg_epoch=14.6s est_planned=1h 12m 49s elapsed=27m 34s saved_best
[ALG][114/300] loss=2.3293 ce=2.3293 lg=0.0000 beta=0.0000 guidance_active_next=False raw_derivative=n/a smoothed_derivative=n/a guidance_stop_epoch=54 train_acc=46.21% val_acc=27.55% best=29.63% lr=0.00034601559 time=13.1s avg_epoch=14.6s est_planned=1h 12m 45s elapsed=27m 47s
[ALG][115/300] loss=2.2722 ce=2.2722 lg=0.0000 beta=0.0000 guidance_active_next=False raw_derivative=n/a smoothed_derivative=n/a guidance_stop_epoch=54 train_acc=47.16% val_acc=27.36% best=29.63% lr=0.00034361083 time=13.1s avg_epoch=14.5s est_planned=1h 12m 41s elapsed=28m 01s
[ALG][116/300] loss=2.3133 ce=2.3133 lg=0.0000 beta=0.0000 guidance_active_next=False raw_derivative=n/a smoothed_derivative=n/a guidance_stop_epoch=54 train_acc=46.37% val_acc=28.56% best=29.63% lr=0.00034119607 time=13.0s avg_epoch=14.5s est_planned=1h 12m 37s elapsed=28m 14s
[ALG][117/300] loss=2.3112 ce=2.3112 lg=0.0000 beta=0.0000 guidance_active_next=False raw_derivative=n/a smoothed_derivative=n/a guidance_stop_epoch=54 train_acc=46.25% val_acc=29.01% best=29.63% lr=0.00033877158 time=13.1s avg_epoch=14.5s est_planned=1h 12m 34s elapsed=28m 27s
[ALG][118/300] loss=2.2680 ce=2.2680 lg=0.0000 beta=0.0000 guidance_active_next=False raw_derivative=n/a smoothed_derivative=n/a guidance_stop_epoch=54 train_acc=47.67% val_acc=29.72% best=29.72% lr=0.00033633764 time=13.1s avg_epoch=14.5s est_planned=1h 12m 30s elapsed=28m 40s saved_best
[ALG][119/300] loss=2.2156 ce=2.2156 lg=0.0000 beta=0.0000 guidance_active_next=False raw_derivative=n/a smoothed_derivative=n/a guidance_stop_epoch=54 train_acc=49.01% val_acc=28.24% best=29.72% lr=0.0003338945 time=13.3s avg_epoch=14.5s est_planned=1h 12m 27s elapsed=28m 53s
[ALG][120/300] loss=2.1980 ce=2.1980 lg=0.0000 beta=0.0000 guidance_active_next=False raw_derivative=n/a smoothed_derivative=n/a guidance_stop_epoch=54 train_acc=48.20% val_acc=29.05% best=29.72% lr=0.00033144243 time=13.0s avg_epoch=14.5s est_planned=1h 12m 24s elapsed=29m 07s
[ALG][121/300] loss=2.1565 ce=2.1565 lg=0.0000 beta=0.0000 guidance_active_next=False raw_derivative=n/a smoothed_derivative=n/a guidance_stop_epoch=54 train_acc=49.54% val_acc=28.12% best=29.72% lr=0.00032898171 time=13.1s avg_epoch=14.5s est_planned=1h 12m 20s elapsed=29m 20s
[ALG][122/300] loss=2.1529 ce=2.1529 lg=0.0000 beta=0.0000 guidance_active_next=False raw_derivative=n/a smoothed_derivative=n/a guidance_stop_epoch=54 train_acc=50.08% val_acc=28.65% best=29.72% lr=0.0003265126 time=13.0s avg_epoch=14.5s est_planned=1h 12m 17s elapsed=29m 33s
[ALG][123/300] loss=2.1584 ce=2.1584 lg=0.0000 beta=0.0000 guidance_active_next=False raw_derivative=n/a smoothed_derivative=n/a guidance_stop_epoch=54 train_acc=50.42% val_acc=28.12% best=29.72% lr=0.00032403537 time=13.0s avg_epoch=14.4s est_planned=1h 12m 13s elapsed=29m 46s
[ALG][124/300] loss=2.1341 ce=2.1341 lg=0.0000 beta=0.0000 guidance_active_next=False raw_derivative=n/a smoothed_derivative=n/a guidance_stop_epoch=54 train_acc=50.54% val_acc=27.80% best=29.72% lr=0.0003215503 time=13.0s avg_epoch=14.4s est_planned=1h 12m 10s elapsed=29m 59s
[ALG][125/300] loss=2.1506 ce=2.1506 lg=0.0000 beta=0.0000 guidance_active_next=False raw_derivative=n/a smoothed_derivative=n/a guidance_stop_epoch=54 train_acc=51.22% val_acc=28.36% best=29.72% lr=0.00031905766 time=13.0s avg_epoch=14.4s est_planned=1h 12m 06s elapsed=30m 12s
[ALG][126/300] loss=2.0732 ce=2.0732 lg=0.0000 beta=0.0000 guidance_active_next=False raw_derivative=n/a smoothed_derivative=n/a guidance_stop_epoch=54 train_acc=51.65% val_acc=28.27% best=29.72% lr=0.00031655771 time=13.0s avg_epoch=14.4s est_planned=1h 12m 03s elapsed=30m 25s
[ALG][127/300] loss=2.0333 ce=2.0333 lg=0.0000 beta=0.0000 guidance_active_next=False raw_derivative=n/a smoothed_derivative=n/a guidance_stop_epoch=54 train_acc=52.31% val_acc=28.10% best=29.72% lr=0.00031405075 time=13.1s avg_epoch=14.4s est_planned=1h 11m 59s elapsed=30m 38s
[ALG][128/300] loss=2.0134 ce=2.0134 lg=0.0000 beta=0.0000 guidance_active_next=False raw_derivative=n/a smoothed_derivative=n/a guidance_stop_epoch=54 train_acc=53.26% val_acc=28.12% best=29.72% lr=0.00031153703 time=13.0s avg_epoch=14.4s est_planned=1h 11m 56s elapsed=30m 51s
[ALG][129/300] loss=1.9960 ce=1.9960 lg=0.0000 beta=0.0000 guidance_active_next=False raw_derivative=n/a smoothed_derivative=n/a guidance_stop_epoch=54 train_acc=53.75% val_acc=27.48% best=29.72% lr=0.00030901684 time=13.1s avg_epoch=14.4s est_planned=1h 11m 53s elapsed=31m 04s
[ALG][130/300] loss=2.0512 ce=2.0512 lg=0.0000 beta=0.0000 guidance_active_next=False raw_derivative=n/a smoothed_derivative=n/a guidance_stop_epoch=54 train_acc=51.87% val_acc=27.03% best=29.72% lr=0.00030649045 time=13.0s avg_epoch=14.4s est_planned=1h 11m 50s elapsed=31m 17s
[ALG][131/300] loss=2.0100 ce=2.0100 lg=0.0000 beta=0.0000 guidance_active_next=False raw_derivative=n/a smoothed_derivative=n/a guidance_stop_epoch=54 train_acc=52.77% val_acc=27.61% best=29.72% lr=0.00030395814 time=13.2s avg_epoch=14.4s est_planned=1h 11m 47s elapsed=31m 31s
[ALG][132/300] loss=2.0106 ce=2.0106 lg=0.0000 beta=0.0000 guidance_active_next=False raw_derivative=n/a smoothed_derivative=n/a guidance_stop_epoch=54 train_acc=53.11% val_acc=28.70% best=29.72% lr=0.00030142019 time=13.0s avg_epoch=14.3s est_planned=1h 11m 44s elapsed=31m 44s
[ALG][133/300] loss=1.9767 ce=1.9767 lg=0.0000 beta=0.0000 guidance_active_next=False raw_derivative=n/a smoothed_derivative=n/a guidance_stop_epoch=54 train_acc=54.06% val_acc=28.94% best=29.72% lr=0.00029887688 time=13.0s avg_epoch=14.3s est_planned=1h 11m 41s elapsed=31m 57s
[ALG][134/300] loss=1.9376 ce=1.9376 lg=0.0000 beta=0.0000 guidance_active_next=False raw_derivative=n/a smoothed_derivative=n/a guidance_stop_epoch=54 train_acc=55.25% val_acc=27.87% best=29.72% lr=0.00029632847 time=12.8s avg_epoch=14.3s est_planned=1h 11m 38s elapsed=32m 10s
[ALG][135/300] loss=1.9335 ce=1.9335 lg=0.0000 beta=0.0000 guidance_active_next=False raw_derivative=n/a smoothed_derivative=n/a guidance_stop_epoch=54 train_acc=55.03% val_acc=28.15% best=29.72% lr=0.00029377526 time=12.9s avg_epoch=14.3s est_planned=1h 11m 35s elapsed=32m 23s
[ALG][136/300] loss=1.9241 ce=1.9241 lg=0.0000 beta=0.0000 guidance_active_next=False raw_derivative=n/a smoothed_derivative=n/a guidance_stop_epoch=54 train_acc=56.03% val_acc=27.99% best=29.72% lr=0.00029121753 time=13.2s avg_epoch=14.3s est_planned=1h 11m 32s elapsed=32m 36s
[ALG][137/300] loss=1.9367 ce=1.9367 lg=0.0000 beta=0.0000 guidance_active_next=False raw_derivative=n/a smoothed_derivative=n/a guidance_stop_epoch=54 train_acc=55.60% val_acc=27.80% best=29.72% lr=0.00028865555 time=13.0s avg_epoch=14.3s est_planned=1h 11m 29s elapsed=32m 49s
[ALG][138/300] loss=1.8895 ce=1.8895 lg=0.0000 beta=0.0000 guidance_active_next=False raw_derivative=n/a smoothed_derivative=n/a guidance_stop_epoch=54 train_acc=56.59% val_acc=27.05% best=29.72% lr=0.0002860896 time=13.1s avg_epoch=14.3s est_planned=1h 11m 27s elapsed=33m 02s
[ALG][139/300] loss=1.8358 ce=1.8358 lg=0.0000 beta=0.0000 guidance_active_next=False raw_derivative=n/a smoothed_derivative=n/a guidance_stop_epoch=54 train_acc=57.80% val_acc=26.98% best=29.72% lr=0.00028351998 time=12.9s avg_epoch=14.3s est_planned=1h 11m 24s elapsed=33m 15s
[ALG][140/300] loss=1.8921 ce=1.8921 lg=0.0000 beta=0.0000 guidance_active_next=False raw_derivative=n/a smoothed_derivative=n/a guidance_stop_epoch=54 train_acc=56.45% val_acc=27.46% best=29.72% lr=0.00028094694 time=13.2s avg_epoch=14.3s est_planned=1h 11m 21s elapsed=33m 28s
[ALG][141/300] loss=1.8216 ce=1.8216 lg=0.0000 beta=0.0000 guidance_active_next=False raw_derivative=n/a smoothed_derivative=n/a guidance_stop_epoch=54 train_acc=58.10% val_acc=28.24% best=29.72% lr=0.00027837079 time=13.1s avg_epoch=14.3s est_planned=1h 11m 19s elapsed=33m 41s
[ALG][142/300] loss=1.8096 ce=1.8096 lg=0.0000 beta=0.0000 guidance_active_next=False raw_derivative=n/a smoothed_derivative=n/a guidance_stop_epoch=54 train_acc=57.88% val_acc=28.08% best=29.72% lr=0.00027579181 time=13.0s avg_epoch=14.3s est_planned=1h 11m 16s elapsed=33m 54s
[ALG][143/300] loss=1.7901 ce=1.7901 lg=0.0000 beta=0.0000 guidance_active_next=False raw_derivative=n/a smoothed_derivative=n/a guidance_stop_epoch=54 train_acc=57.73% val_acc=28.15% best=29.72% lr=0.00027321027 time=12.9s avg_epoch=14.2s est_planned=1h 11m 13s elapsed=34m 07s
[ALG][144/300] loss=1.8017 ce=1.8017 lg=0.0000 beta=0.0000 guidance_active_next=False raw_derivative=n/a smoothed_derivative=n/a guidance_stop_epoch=54 train_acc=58.70% val_acc=28.01% best=29.72% lr=0.00027062645 time=13.0s avg_epoch=14.2s est_planned=1h 11m 11s elapsed=34m 20s
[ALG][145/300] loss=1.7991 ce=1.7991 lg=0.0000 beta=0.0000 guidance_active_next=False raw_derivative=n/a smoothed_derivative=n/a guidance_stop_epoch=54 train_acc=58.98% val_acc=27.49% best=29.72% lr=0.00026804065 time=13.0s avg_epoch=14.2s est_planned=1h 11m 08s elapsed=34m 34s
[ALG][146/300] loss=1.7947 ce=1.7947 lg=0.0000 beta=0.0000 guidance_active_next=False raw_derivative=n/a smoothed_derivative=n/a guidance_stop_epoch=54 train_acc=57.93% val_acc=28.65% best=29.72% lr=0.00026545315 time=13.1s avg_epoch=14.2s est_planned=1h 11m 06s elapsed=34m 47s
[ALG][147/300] loss=1.7686 ce=1.7686 lg=0.0000 beta=0.0000 guidance_active_next=False raw_derivative=n/a smoothed_derivative=n/a guidance_stop_epoch=54 train_acc=59.54% val_acc=28.01% best=29.72% lr=0.00026286422 time=13.1s avg_epoch=14.2s est_planned=1h 11m 04s elapsed=35m 00s
[ALG][148/300] loss=1.7403 ce=1.7403 lg=0.0000 beta=0.0000 guidance_active_next=False raw_derivative=n/a smoothed_derivative=n/a guidance_stop_epoch=54 train_acc=59.65% val_acc=28.49% best=29.72% lr=0.00026027416 time=12.9s avg_epoch=14.2s est_planned=1h 11m 01s elapsed=35m 13s
[ALG][149/300] loss=1.7363 ce=1.7363 lg=0.0000 beta=0.0000 guidance_active_next=False raw_derivative=n/a smoothed_derivative=n/a guidance_stop_epoch=54 train_acc=59.53% val_acc=28.06% best=29.72% lr=0.00025768325 time=13.1s avg_epoch=14.2s est_planned=1h 10m 59s elapsed=35m 26s
[ALG][150/300] loss=1.7106 ce=1.7106 lg=0.0000 beta=0.0000 guidance_active_next=False raw_derivative=n/a smoothed_derivative=n/a guidance_stop_epoch=54 train_acc=60.44% val_acc=27.99% best=29.72% lr=0.00025509177 time=13.1s avg_epoch=14.2s est_planned=1h 10m 57s elapsed=35m 39s
[ALG][151/300] loss=1.7472 ce=1.7472 lg=0.0000 beta=0.0000 guidance_active_next=False raw_derivative=n/a smoothed_derivative=n/a guidance_stop_epoch=54 train_acc=59.09% val_acc=28.06% best=29.72% lr=0.0002525 time=13.0s avg_epoch=14.2s est_planned=1h 10m 54s elapsed=35m 52s
[ALG][152/300] loss=1.6788 ce=1.6788 lg=0.0000 beta=0.0000 guidance_active_next=False raw_derivative=n/a smoothed_derivative=n/a guidance_stop_epoch=54 train_acc=61.57% val_acc=28.15% best=29.72% lr=0.00024990823 time=12.9s avg_epoch=14.2s est_planned=1h 10m 52s elapsed=36m 05s
[ALG][153/300] loss=1.7211 ce=1.7211 lg=0.0000 beta=0.0000 guidance_active_next=False raw_derivative=n/a smoothed_derivative=n/a guidance_stop_epoch=54 train_acc=59.19% val_acc=27.93% best=29.72% lr=0.00024731675 time=12.9s avg_epoch=14.2s est_planned=1h 10m 49s elapsed=36m 18s
[ALG][154/300] loss=1.6447 ce=1.6447 lg=0.0000 beta=0.0000 guidance_active_next=False raw_derivative=n/a smoothed_derivative=n/a guidance_stop_epoch=54 train_acc=61.12% val_acc=28.70% best=29.72% lr=0.00024472584 time=13.1s avg_epoch=14.2s est_planned=1h 10m 47s elapsed=36m 31s
[ALG][155/300] loss=1.6541 ce=1.6541 lg=0.0000 beta=0.0000 guidance_active_next=False raw_derivative=n/a smoothed_derivative=n/a guidance_stop_epoch=54 train_acc=60.95% val_acc=27.91% best=29.72% lr=0.00024213578 time=12.9s avg_epoch=14.1s est_planned=1h 10m 45s elapsed=36m 44s
[ALG][156/300] loss=1.6860 ce=1.6860 lg=0.0000 beta=0.0000 guidance_active_next=False raw_derivative=n/a smoothed_derivative=n/a guidance_stop_epoch=54 train_acc=61.06% val_acc=27.68% best=29.72% lr=0.00023954685 time=13.1s avg_epoch=14.1s est_planned=1h 10m 43s elapsed=36m 57s
[ALG][157/300] loss=1.5900 ce=1.5900 lg=0.0000 beta=0.0000 guidance_active_next=False raw_derivative=n/a smoothed_derivative=n/a guidance_stop_epoch=54 train_acc=63.60% val_acc=28.62% best=29.72% lr=0.00023695935 time=13.0s avg_epoch=14.1s est_planned=1h 10m 40s elapsed=37m 10s
[ALG][158/300] loss=1.6671 ce=1.6671 lg=0.0000 beta=0.0000 guidance_active_next=False raw_derivative=n/a smoothed_derivative=n/a guidance_stop_epoch=54 train_acc=61.04% val_acc=27.60% best=29.72% lr=0.00023437355 time=13.1s avg_epoch=14.1s est_planned=1h 10m 38s elapsed=37m 23s
[ALG][159/300] loss=1.5860 ce=1.5860 lg=0.0000 beta=0.0000 guidance_active_next=False raw_derivative=n/a smoothed_derivative=n/a guidance_stop_epoch=54 train_acc=63.21% val_acc=27.68% best=29.72% lr=0.00023178973 time=13.2s avg_epoch=14.1s est_planned=1h 10m 37s elapsed=37m 37s
[ALG][160/300] loss=1.6237 ce=1.6237 lg=0.0000 beta=0.0000 guidance_active_next=False raw_derivative=n/a smoothed_derivative=n/a guidance_stop_epoch=54 train_acc=62.50% val_acc=28.74% best=29.72% lr=0.00022920819 time=13.1s avg_epoch=14.1s est_planned=1h 10m 35s elapsed=37m 50s
[ALG][161/300] loss=1.5795 ce=1.5795 lg=0.0000 beta=0.0000 guidance_active_next=False raw_derivative=n/a smoothed_derivative=n/a guidance_stop_epoch=54 train_acc=62.38% val_acc=27.72% best=29.72% lr=0.00022662921 time=13.1s avg_epoch=14.1s est_planned=1h 10m 33s elapsed=38m 03s
[ALG][162/300] loss=1.5969 ce=1.5969 lg=0.0000 beta=0.0000 guidance_active_next=False raw_derivative=n/a smoothed_derivative=n/a guidance_stop_epoch=54 train_acc=63.40% val_acc=27.87% best=29.72% lr=0.00022405306 time=13.0s avg_epoch=14.1s est_planned=1h 10m 31s elapsed=38m 16s
[ALG][163/300] loss=1.5660 ce=1.5660 lg=0.0000 beta=0.0000 guidance_active_next=False raw_derivative=n/a smoothed_derivative=n/a guidance_stop_epoch=54 train_acc=63.20% val_acc=27.80% best=29.72% lr=0.00022148002 time=12.9s avg_epoch=14.1s est_planned=1h 10m 29s elapsed=38m 29s
[ALG][164/300] loss=1.5399 ce=1.5399 lg=0.0000 beta=0.0000 guidance_active_next=False raw_derivative=n/a smoothed_derivative=n/a guidance_stop_epoch=54 train_acc=64.23% val_acc=27.86% best=29.72% lr=0.0002189104 time=13.0s avg_epoch=14.1s est_planned=1h 10m 27s elapsed=38m 42s
[ALG][165/300] loss=1.5411 ce=1.5411 lg=0.0000 beta=0.0000 guidance_active_next=False raw_derivative=n/a smoothed_derivative=n/a guidance_stop_epoch=54 train_acc=64.05% val_acc=28.18% best=29.72% lr=0.00021634445 time=13.0s avg_epoch=14.1s est_planned=1h 10m 25s elapsed=38m 55s
[ALG][166/300] loss=1.5367 ce=1.5367 lg=0.0000 beta=0.0000 guidance_active_next=False raw_derivative=n/a smoothed_derivative=n/a guidance_stop_epoch=54 train_acc=63.77% val_acc=27.58% best=29.72% lr=0.00021378247 time=13.0s avg_epoch=14.1s est_planned=1h 10m 23s elapsed=39m 08s
[ALG][167/300] loss=1.5271 ce=1.5271 lg=0.0000 beta=0.0000 guidance_active_next=False raw_derivative=n/a smoothed_derivative=n/a guidance_stop_epoch=54 train_acc=64.71% val_acc=29.34% best=29.72% lr=0.00021122474 time=12.9s avg_epoch=14.1s est_planned=1h 10m 20s elapsed=39m 21s
[ALG][168/300] loss=1.5322 ce=1.5322 lg=0.0000 beta=0.0000 guidance_active_next=False raw_derivative=n/a smoothed_derivative=n/a guidance_stop_epoch=54 train_acc=64.61% val_acc=27.29% best=29.72% lr=0.00020867153 time=13.0s avg_epoch=14.1s est_planned=1h 10m 18s elapsed=39m 34s
[ALG][169/300] loss=1.5106 ce=1.5106 lg=0.0000 beta=0.0000 guidance_active_next=False raw_derivative=n/a smoothed_derivative=n/a guidance_stop_epoch=54 train_acc=65.46% val_acc=27.75% best=29.72% lr=0.00020612312 time=13.0s avg_epoch=14.1s est_planned=1h 10m 17s elapsed=39m 47s
[ALG][170/300] loss=1.5512 ce=1.5512 lg=0.0000 beta=0.0000 guidance_active_next=False raw_derivative=n/a smoothed_derivative=n/a guidance_stop_epoch=54 train_acc=63.89% val_acc=28.01% best=29.72% lr=0.00020357981 time=12.9s avg_epoch=14.0s est_planned=1h 10m 14s elapsed=40m 00s
[ALG][171/300] loss=1.5062 ce=1.5062 lg=0.0000 beta=0.0000 guidance_active_next=False raw_derivative=n/a smoothed_derivative=n/a guidance_stop_epoch=54 train_acc=65.18% val_acc=27.53% best=29.72% lr=0.00020104186 time=13.1s avg_epoch=14.0s est_planned=1h 10m 13s elapsed=40m 13s
[ALG][172/300] loss=1.4619 ce=1.4619 lg=0.0000 beta=0.0000 guidance_active_next=False raw_derivative=n/a smoothed_derivative=n/a guidance_stop_epoch=54 train_acc=66.05% val_acc=28.46% best=29.72% lr=0.00019850955 time=13.0s avg_epoch=14.0s est_planned=1h 10m 11s elapsed=40m 26s
[ALG][173/300] loss=1.5249 ce=1.5249 lg=0.0000 beta=0.0000 guidance_active_next=False raw_derivative=n/a smoothed_derivative=n/a guidance_stop_epoch=54 train_acc=64.54% val_acc=28.12% best=29.72% lr=0.00019598316 time=13.0s avg_epoch=14.0s est_planned=1h 10m 09s elapsed=40m 39s
[ALG][174/300] loss=1.4935 ce=1.4935 lg=0.0000 beta=0.0000 guidance_active_next=False raw_derivative=n/a smoothed_derivative=n/a guidance_stop_epoch=54 train_acc=65.81% val_acc=28.05% best=29.72% lr=0.00019346297 time=13.1s avg_epoch=14.0s est_planned=1h 10m 08s elapsed=40m 53s
[ALG][175/300] loss=1.4384 ce=1.4384 lg=0.0000 beta=0.0000 guidance_active_next=False raw_derivative=n/a smoothed_derivative=n/a guidance_stop_epoch=54 train_acc=66.30% val_acc=28.10% best=29.72% lr=0.00019094925 time=13.2s avg_epoch=14.0s est_planned=1h 10m 06s elapsed=41m 06s
[ALG][176/300] loss=1.4566 ce=1.4566 lg=0.0000 beta=0.0000 guidance_active_next=False raw_derivative=n/a smoothed_derivative=n/a guidance_stop_epoch=54 train_acc=66.37% val_acc=28.06% best=29.72% lr=0.00018844229 time=13.2s avg_epoch=14.0s est_planned=1h 10m 05s elapsed=41m 19s
[ALG][177/300] loss=1.4520 ce=1.4520 lg=0.0000 beta=0.0000 guidance_active_next=False raw_derivative=n/a smoothed_derivative=n/a guidance_stop_epoch=54 train_acc=65.96% val_acc=27.68% best=29.72% lr=0.00018594234 time=12.9s avg_epoch=14.0s est_planned=1h 10m 03s elapsed=41m 32s
[ALG][178/300] loss=1.4055 ce=1.4055 lg=0.0000 beta=0.0000 guidance_active_next=False raw_derivative=n/a smoothed_derivative=n/a guidance_stop_epoch=54 train_acc=66.98% val_acc=29.32% best=29.72% lr=0.0001834497 time=12.9s avg_epoch=14.0s est_planned=1h 10m 01s elapsed=41m 45s
[ALG][179/300] loss=1.4162 ce=1.4162 lg=0.0000 beta=0.0000 guidance_active_next=False raw_derivative=n/a smoothed_derivative=n/a guidance_stop_epoch=54 train_acc=66.75% val_acc=28.18% best=29.72% lr=0.00018096463 time=13.1s avg_epoch=14.0s est_planned=1h 10m 00s elapsed=41m 58s
[ALG][180/300] loss=1.3808 ce=1.3808 lg=0.0000 beta=0.0000 guidance_active_next=False raw_derivative=n/a smoothed_derivative=n/a guidance_stop_epoch=54 train_acc=67.68% val_acc=28.01% best=29.72% lr=0.0001784874 time=13.2s avg_epoch=14.0s est_planned=1h 09m 58s elapsed=42m 11s
[ALG][181/300] loss=1.4305 ce=1.4305 lg=0.0000 beta=0.0000 guidance_active_next=False raw_derivative=n/a smoothed_derivative=n/a guidance_stop_epoch=54 train_acc=66.75% val_acc=28.18% best=29.72% lr=0.00017601829 time=13.0s avg_epoch=14.0s est_planned=1h 09m 57s elapsed=42m 24s
[ALG][182/300] loss=1.3857 ce=1.3857 lg=0.0000 beta=0.0000 guidance_active_next=False raw_derivative=n/a smoothed_derivative=n/a guidance_stop_epoch=54 train_acc=67.85% val_acc=27.53% best=29.72% lr=0.00017355757 time=13.0s avg_epoch=14.0s est_planned=1h 09m 55s elapsed=42m 38s
[ALG][183/300] loss=1.3794 ce=1.3794 lg=0.0000 beta=0.0000 guidance_active_next=False raw_derivative=n/a smoothed_derivative=n/a guidance_stop_epoch=54 train_acc=68.04% val_acc=28.36% best=29.72% lr=0.0001711055 time=13.0s avg_epoch=14.0s est_planned=1h 09m 53s elapsed=42m 51s
[ALG][184/300] loss=1.3827 ce=1.3827 lg=0.0000 beta=0.0000 guidance_active_next=False raw_derivative=n/a smoothed_derivative=n/a guidance_stop_epoch=54 train_acc=67.58% val_acc=28.41% best=29.72% lr=0.00016866236 time=13.0s avg_epoch=14.0s est_planned=1h 09m 52s elapsed=43m 04s
[ALG][185/300] loss=1.3663 ce=1.3663 lg=0.0000 beta=0.0000 guidance_active_next=False raw_derivative=n/a smoothed_derivative=n/a guidance_stop_epoch=54 train_acc=67.87% val_acc=27.93% best=29.72% lr=0.00016622842 time=13.1s avg_epoch=14.0s est_planned=1h 09m 50s elapsed=43m 17s
[ALG][186/300] loss=1.3688 ce=1.3688 lg=0.0000 beta=0.0000 guidance_active_next=False raw_derivative=n/a smoothed_derivative=n/a guidance_stop_epoch=54 train_acc=68.38% val_acc=27.74% best=29.72% lr=0.00016380393 time=12.8s avg_epoch=14.0s est_planned=1h 09m 48s elapsed=43m 30s
[ALG][187/300] loss=1.3307 ce=1.3307 lg=0.0000 beta=0.0000 guidance_active_next=False raw_derivative=n/a smoothed_derivative=n/a guidance_stop_epoch=54 train_acc=68.83% val_acc=28.10% best=29.72% lr=0.00016138917 time=13.1s avg_epoch=14.0s est_planned=1h 09m 47s elapsed=43m 43s
[ALG][188/300] loss=1.3923 ce=1.3923 lg=0.0000 beta=0.0000 guidance_active_next=False raw_derivative=n/a smoothed_derivative=n/a guidance_stop_epoch=54 train_acc=67.78% val_acc=26.96% best=29.72% lr=0.00015898441 time=13.1s avg_epoch=14.0s est_planned=1h 09m 46s elapsed=43m 56s
[ALG][189/300] loss=1.3784 ce=1.3784 lg=0.0000 beta=0.0000 guidance_active_next=False raw_derivative=n/a smoothed_derivative=n/a guidance_stop_epoch=54 train_acc=68.09% val_acc=28.48% best=29.72% lr=0.00015658989 time=13.0s avg_epoch=13.9s est_planned=1h 09m 44s elapsed=44m 09s
[ALG][190/300] loss=1.3371 ce=1.3371 lg=0.0000 beta=0.0000 guidance_active_next=False raw_derivative=n/a smoothed_derivative=n/a guidance_stop_epoch=54 train_acc=68.70% val_acc=27.94% best=29.72% lr=0.0001542059 time=13.1s avg_epoch=13.9s est_planned=1h 09m 43s elapsed=44m 22s
[ALG][191/300] loss=1.3165 ce=1.3165 lg=0.0000 beta=0.0000 guidance_active_next=False raw_derivative=n/a smoothed_derivative=n/a guidance_stop_epoch=54 train_acc=69.04% val_acc=28.15% best=29.72% lr=0.00015183268 time=13.2s avg_epoch=13.9s est_planned=1h 09m 42s elapsed=44m 35s
[ALG][192/300] loss=1.2733 ce=1.2733 lg=0.0000 beta=0.0000 guidance_active_next=False raw_derivative=n/a smoothed_derivative=n/a guidance_stop_epoch=54 train_acc=69.40% val_acc=27.56% best=29.72% lr=0.0001494705 time=13.1s avg_epoch=13.9s est_planned=1h 09m 40s elapsed=44m 49s
[ALG][193/300] loss=1.3053 ce=1.3053 lg=0.0000 beta=0.0000 guidance_active_next=False raw_derivative=n/a smoothed_derivative=n/a guidance_stop_epoch=54 train_acc=69.06% val_acc=27.74% best=29.72% lr=0.00014711963 time=13.2s avg_epoch=13.9s est_planned=1h 09m 39s elapsed=45m 02s
[ALG][194/300] loss=1.3298 ce=1.3298 lg=0.0000 beta=0.0000 guidance_active_next=False raw_derivative=n/a smoothed_derivative=n/a guidance_stop_epoch=54 train_acc=69.21% val_acc=27.96% best=29.72% lr=0.0001447803 time=13.1s avg_epoch=13.9s est_planned=1h 09m 38s elapsed=45m 15s
[ALG][195/300] loss=1.2803 ce=1.2803 lg=0.0000 beta=0.0000 guidance_active_next=False raw_derivative=n/a smoothed_derivative=n/a guidance_stop_epoch=54 train_acc=70.33% val_acc=28.13% best=29.72% lr=0.00014245279 time=13.0s avg_epoch=13.9s est_planned=1h 09m 36s elapsed=45m 28s
[ALG][196/300] loss=1.2819 ce=1.2819 lg=0.0000 beta=0.0000 guidance_active_next=False raw_derivative=n/a smoothed_derivative=n/a guidance_stop_epoch=54 train_acc=69.53% val_acc=27.79% best=29.72% lr=0.00014013735 time=13.1s avg_epoch=13.9s est_planned=1h 09m 35s elapsed=45m 41s
[ALG][197/300] loss=1.2553 ce=1.2553 lg=0.0000 beta=0.0000 guidance_active_next=False raw_derivative=n/a smoothed_derivative=n/a guidance_stop_epoch=54 train_acc=70.06% val_acc=27.46% best=29.72% lr=0.00013783423 time=12.9s avg_epoch=13.9s est_planned=1h 09m 34s elapsed=45m 54s
[ALG][198/300] loss=1.2671 ce=1.2671 lg=0.0000 beta=0.0000 guidance_active_next=False raw_derivative=n/a smoothed_derivative=n/a guidance_stop_epoch=54 train_acc=70.58% val_acc=27.96% best=29.72% lr=0.00013554369 time=13.0s avg_epoch=13.9s est_planned=1h 09m 32s elapsed=46m 07s
[ALG][199/300] loss=1.2827 ce=1.2827 lg=0.0000 beta=0.0000 guidance_active_next=False raw_derivative=n/a smoothed_derivative=n/a guidance_stop_epoch=54 train_acc=70.02% val_acc=27.48% best=29.72% lr=0.00013326597 time=13.1s avg_epoch=13.9s est_planned=1h 09m 31s elapsed=46m 20s
[ALG][200/300] loss=1.2666 ce=1.2666 lg=0.0000 beta=0.0000 guidance_active_next=False raw_derivative=n/a smoothed_derivative=n/a guidance_stop_epoch=54 train_acc=70.41% val_acc=28.53% best=29.72% lr=0.00013100132 time=13.0s avg_epoch=13.9s est_planned=1h 09m 30s elapsed=46m 33s
[ALG][201/300] loss=1.2461 ce=1.2461 lg=0.0000 beta=0.0000 guidance_active_next=False raw_derivative=n/a smoothed_derivative=n/a guidance_stop_epoch=54 train_acc=71.18% val_acc=28.72% best=29.72% lr=0.00012875 time=13.0s avg_epoch=13.9s est_planned=1h 09m 28s elapsed=46m 46s
[ALG][202/300] loss=1.2458 ce=1.2458 lg=0.0000 beta=0.0000 guidance_active_next=False raw_derivative=n/a smoothed_derivative=n/a guidance_stop_epoch=54 train_acc=70.99% val_acc=27.44% best=29.72% lr=0.00012651225 time=13.3s avg_epoch=13.9s est_planned=1h 09m 27s elapsed=47m 00s
[ALG][203/300] loss=1.2398 ce=1.2398 lg=0.0000 beta=0.0000 guidance_active_next=False raw_derivative=n/a smoothed_derivative=n/a guidance_stop_epoch=54 train_acc=70.74% val_acc=28.46% best=29.72% lr=0.00012428832 time=13.1s avg_epoch=13.9s est_planned=1h 09m 26s elapsed=47m 13s
[ALG][204/300] loss=1.2222 ce=1.2222 lg=0.0000 beta=0.0000 guidance_active_next=False raw_derivative=n/a smoothed_derivative=n/a guidance_stop_epoch=54 train_acc=71.18% val_acc=27.87% best=29.72% lr=0.00012207844 time=13.1s avg_epoch=13.9s est_planned=1h 09m 25s elapsed=47m 26s
[ALG][205/300] loss=1.2007 ce=1.2007 lg=0.0000 beta=0.0000 guidance_active_next=False raw_derivative=n/a smoothed_derivative=n/a guidance_stop_epoch=54 train_acc=71.86% val_acc=27.94% best=29.72% lr=0.00011988287 time=13.0s avg_epoch=13.9s est_planned=1h 09m 24s elapsed=47m 39s
[ALG][206/300] loss=1.2210 ce=1.2210 lg=0.0000 beta=0.0000 guidance_active_next=False raw_derivative=n/a smoothed_derivative=n/a guidance_stop_epoch=54 train_acc=71.76% val_acc=28.06% best=29.72% lr=0.00011770184 time=13.0s avg_epoch=13.9s est_planned=1h 09m 23s elapsed=47m 52s
[ALG][207/300] loss=1.2363 ce=1.2363 lg=0.0000 beta=0.0000 guidance_active_next=False raw_derivative=n/a smoothed_derivative=n/a guidance_stop_epoch=54 train_acc=71.35% val_acc=28.60% best=29.72% lr=0.00011553559 time=13.1s avg_epoch=13.9s est_planned=1h 09m 21s elapsed=48m 05s
[ALG][208/300] loss=1.2327 ce=1.2327 lg=0.0000 beta=0.0000 guidance_active_next=False raw_derivative=n/a smoothed_derivative=n/a guidance_stop_epoch=54 train_acc=70.96% val_acc=27.79% best=29.72% lr=0.00011338436 time=12.9s avg_epoch=13.9s est_planned=1h 09m 20s elapsed=48m 18s
[ALG][209/300] loss=1.2498 ce=1.2498 lg=0.0000 beta=0.0000 guidance_active_next=False raw_derivative=n/a smoothed_derivative=n/a guidance_stop_epoch=54 train_acc=71.04% val_acc=28.18% best=29.72% lr=0.00011124839 time=13.0s avg_epoch=13.9s est_planned=1h 09m 19s elapsed=48m 31s
[ALG][210/300] loss=1.1773 ce=1.1773 lg=0.0000 beta=0.0000 guidance_active_next=False raw_derivative=n/a smoothed_derivative=n/a guidance_stop_epoch=54 train_acc=72.42% val_acc=27.63% best=29.72% lr=0.00010912791 time=13.1s avg_epoch=13.9s est_planned=1h 09m 18s elapsed=48m 45s
[ALG][211/300] loss=1.1940 ce=1.1940 lg=0.0000 beta=0.0000 guidance_active_next=False raw_derivative=n/a smoothed_derivative=n/a guidance_stop_epoch=54 train_acc=72.47% val_acc=27.42% best=29.72% lr=0.00010702315 time=13.0s avg_epoch=13.9s est_planned=1h 09m 17s elapsed=48m 58s
[ALG][212/300] loss=1.1338 ce=1.1338 lg=0.0000 beta=0.0000 guidance_active_next=False raw_derivative=n/a smoothed_derivative=n/a guidance_stop_epoch=54 train_acc=74.24% val_acc=27.87% best=29.72% lr=0.00010493434 time=12.8s avg_epoch=13.9s est_planned=1h 09m 15s elapsed=49m 10s
[ALG][213/300] loss=1.1878 ce=1.1878 lg=0.0000 beta=0.0000 guidance_active_next=False raw_derivative=n/a smoothed_derivative=n/a guidance_stop_epoch=54 train_acc=72.21% val_acc=27.74% best=29.72% lr=0.00010286172 time=12.9s avg_epoch=13.8s est_planned=1h 09m 14s elapsed=49m 23s
[ALG][214/300] loss=1.1737 ce=1.1737 lg=0.0000 beta=0.0000 guidance_active_next=False raw_derivative=n/a smoothed_derivative=n/a guidance_stop_epoch=54 train_acc=71.69% val_acc=27.22% best=29.72% lr=0.0001008055 time=13.2s avg_epoch=13.8s est_planned=1h 09m 13s elapsed=49m 37s
[ALG][215/300] loss=1.1647 ce=1.1647 lg=0.0000 beta=0.0000 guidance_active_next=False raw_derivative=n/a smoothed_derivative=n/a guidance_stop_epoch=54 train_acc=72.64% val_acc=28.01% best=29.72% lr=9.8765924e-05 time=13.1s avg_epoch=13.8s est_planned=1h 09m 12s elapsed=49m 50s
[ALG][216/300] loss=1.1698 ce=1.1698 lg=0.0000 beta=0.0000 guidance_active_next=False raw_derivative=n/a smoothed_derivative=n/a guidance_stop_epoch=54 train_acc=73.08% val_acc=28.24% best=29.72% lr=9.6743203e-05 time=13.2s avg_epoch=13.8s est_planned=1h 09m 11s elapsed=50m 03s
[ALG][217/300] loss=1.1618 ce=1.1618 lg=0.0000 beta=0.0000 guidance_active_next=False raw_derivative=n/a smoothed_derivative=n/a guidance_stop_epoch=54 train_acc=72.74% val_acc=28.36% best=29.72% lr=9.4737563e-05 time=13.1s avg_epoch=13.8s est_planned=1h 09m 10s elapsed=50m 16s
[ALG][218/300] loss=1.1433 ce=1.1433 lg=0.0000 beta=0.0000 guidance_active_next=False raw_derivative=n/a smoothed_derivative=n/a guidance_stop_epoch=54 train_acc=73.01% val_acc=28.05% best=29.72% lr=9.2749222e-05 time=13.3s avg_epoch=13.8s est_planned=1h 09m 09s elapsed=50m 30s
[ALG][219/300] loss=1.1507 ce=1.1507 lg=0.0000 beta=0.0000 guidance_active_next=False raw_derivative=n/a smoothed_derivative=n/a guidance_stop_epoch=54 train_acc=73.71% val_acc=28.32% best=29.72% lr=9.0778401e-05 time=13.5s avg_epoch=13.8s est_planned=1h 09m 09s elapsed=50m 43s
[ALG][220/300] loss=1.1278 ce=1.1278 lg=0.0000 beta=0.0000 guidance_active_next=False raw_derivative=n/a smoothed_derivative=n/a guidance_stop_epoch=54 train_acc=73.76% val_acc=28.41% best=29.72% lr=8.8825313e-05 time=13.3s avg_epoch=13.8s est_planned=1h 09m 08s elapsed=50m 56s
[ALG][221/300] loss=1.1301 ce=1.1301 lg=0.0000 beta=0.0000 guidance_active_next=False raw_derivative=n/a smoothed_derivative=n/a guidance_stop_epoch=54 train_acc=74.12% val_acc=28.55% best=29.72% lr=8.6890175e-05 time=13.2s avg_epoch=13.8s est_planned=1h 09m 07s elapsed=51m 10s
[ALG][222/300] loss=1.1076 ce=1.1076 lg=0.0000 beta=0.0000 guidance_active_next=False raw_derivative=n/a smoothed_derivative=n/a guidance_stop_epoch=54 train_acc=73.95% val_acc=27.87% best=29.72% lr=8.4973198e-05 time=13.2s avg_epoch=13.8s est_planned=1h 09m 06s elapsed=51m 23s
[ALG][223/300] loss=1.1160 ce=1.1160 lg=0.0000 beta=0.0000 guidance_active_next=False raw_derivative=n/a smoothed_derivative=n/a guidance_stop_epoch=54 train_acc=73.51% val_acc=28.24% best=29.72% lr=8.3074591e-05 time=13.2s avg_epoch=13.8s est_planned=1h 09m 05s elapsed=51m 36s
[ALG][224/300] loss=1.1276 ce=1.1276 lg=0.0000 beta=0.0000 guidance_active_next=False raw_derivative=n/a smoothed_derivative=n/a guidance_stop_epoch=54 train_acc=73.90% val_acc=28.72% best=29.72% lr=8.1194564e-05 time=13.2s avg_epoch=13.8s est_planned=1h 09m 04s elapsed=51m 49s
[ALG][225/300] loss=1.1051 ce=1.1051 lg=0.0000 beta=0.0000 guidance_active_next=False raw_derivative=n/a smoothed_derivative=n/a guidance_stop_epoch=54 train_acc=73.93% val_acc=27.68% best=29.72% lr=7.9333323e-05 time=13.2s avg_epoch=13.8s est_planned=1h 09m 04s elapsed=52m 03s
[ALG][226/300] loss=1.1007 ce=1.1007 lg=0.0000 beta=0.0000 guidance_active_next=False raw_derivative=n/a smoothed_derivative=n/a guidance_stop_epoch=54 train_acc=73.73% val_acc=27.11% best=29.72% lr=7.7491072e-05 time=12.9s avg_epoch=13.8s est_planned=1h 09m 02s elapsed=52m 16s
[ALG][227/300] loss=1.0930 ce=1.0930 lg=0.0000 beta=0.0000 guidance_active_next=False raw_derivative=n/a smoothed_derivative=n/a guidance_stop_epoch=54 train_acc=74.56% val_acc=27.68% best=29.72% lr=7.5668012e-05 time=13.1s avg_epoch=13.8s est_planned=1h 09m 02s elapsed=52m 29s
[ALG][228/300] loss=1.0535 ce=1.0535 lg=0.0000 beta=0.0000 guidance_active_next=False raw_derivative=n/a smoothed_derivative=n/a guidance_stop_epoch=54 train_acc=74.78% val_acc=27.70% best=29.72% lr=7.3864344e-05 time=13.2s avg_epoch=13.8s est_planned=1h 09m 01s elapsed=52m 42s
[ALG][229/300] loss=1.1447 ce=1.1447 lg=0.0000 beta=0.0000 guidance_active_next=False raw_derivative=n/a smoothed_derivative=n/a guidance_stop_epoch=54 train_acc=73.28% val_acc=28.24% best=29.72% lr=7.2080265e-05 time=13.5s avg_epoch=13.8s est_planned=1h 09m 00s elapsed=52m 56s
[ALG][230/300] loss=1.1325 ce=1.1325 lg=0.0000 beta=0.0000 guidance_active_next=False raw_derivative=n/a smoothed_derivative=n/a guidance_stop_epoch=54 train_acc=73.86% val_acc=27.08% best=29.72% lr=7.0315971e-05 time=13.4s avg_epoch=13.8s est_planned=1h 09m 00s elapsed=53m 09s
[ALG][231/300] loss=1.1052 ce=1.1052 lg=0.0000 beta=0.0000 guidance_active_next=False raw_derivative=n/a smoothed_derivative=n/a guidance_stop_epoch=54 train_acc=74.47% val_acc=28.08% best=29.72% lr=6.8571656e-05 time=13.0s avg_epoch=13.8s est_planned=1h 08m 59s elapsed=53m 22s
[ALG][232/300] loss=1.1099 ce=1.1099 lg=0.0000 beta=0.0000 guidance_active_next=False raw_derivative=n/a smoothed_derivative=n/a guidance_stop_epoch=54 train_acc=74.32% val_acc=27.41% best=29.72% lr=6.684751e-05 time=13.1s avg_epoch=13.8s est_planned=1h 08m 58s elapsed=53m 35s
[ALG][233/300] loss=1.1082 ce=1.1082 lg=0.0000 beta=0.0000 guidance_active_next=False raw_derivative=n/a smoothed_derivative=n/a guidance_stop_epoch=54 train_acc=74.08% val_acc=28.17% best=29.72% lr=6.5143724e-05 time=13.0s avg_epoch=13.8s est_planned=1h 08m 57s elapsed=53m 48s
[ALG][234/300] loss=1.0723 ce=1.0723 lg=0.0000 beta=0.0000 guidance_active_next=False raw_derivative=n/a smoothed_derivative=n/a guidance_stop_epoch=54 train_acc=74.76% val_acc=27.42% best=29.72% lr=6.3460483e-05 time=13.2s avg_epoch=13.8s est_planned=1h 08m 56s elapsed=54m 02s
[ALG][235/300] loss=1.0765 ce=1.0765 lg=0.0000 beta=0.0000 guidance_active_next=False raw_derivative=n/a smoothed_derivative=n/a guidance_stop_epoch=54 train_acc=74.69% val_acc=27.63% best=29.72% lr=6.1797972e-05 time=13.2s avg_epoch=13.8s est_planned=1h 08m 55s elapsed=54m 15s
[ALG][236/300] loss=1.0529 ce=1.0529 lg=0.0000 beta=0.0000 guidance_active_next=False raw_derivative=n/a smoothed_derivative=n/a guidance_stop_epoch=54 train_acc=74.73% val_acc=28.18% best=29.72% lr=6.0156375e-05 time=13.1s avg_epoch=13.8s est_planned=1h 08m 54s elapsed=54m 28s
[ALG][237/300] loss=1.0249 ce=1.0249 lg=0.0000 beta=0.0000 guidance_active_next=False raw_derivative=n/a smoothed_derivative=n/a guidance_stop_epoch=54 train_acc=75.65% val_acc=27.75% best=29.72% lr=5.8535869e-05 time=13.2s avg_epoch=13.8s est_planned=1h 08m 54s elapsed=54m 41s
[ALG][238/300] loss=1.0746 ce=1.0746 lg=0.0000 beta=0.0000 guidance_active_next=False raw_derivative=n/a smoothed_derivative=n/a guidance_stop_epoch=54 train_acc=75.17% val_acc=27.96% best=29.72% lr=5.6936634e-05 time=13.1s avg_epoch=13.8s est_planned=1h 08m 53s elapsed=54m 54s
[ALG][239/300] loss=1.0770 ce=1.0770 lg=0.0000 beta=0.0000 guidance_active_next=False raw_derivative=n/a smoothed_derivative=n/a guidance_stop_epoch=54 train_acc=74.85% val_acc=27.22% best=29.72% lr=5.5358845e-05 time=13.0s avg_epoch=13.8s est_planned=1h 08m 52s elapsed=55m 07s
[ALG][240/300] loss=1.0441 ce=1.0441 lg=0.0000 beta=0.0000 guidance_active_next=False raw_derivative=n/a smoothed_derivative=n/a guidance_stop_epoch=54 train_acc=75.70% val_acc=27.80% best=29.72% lr=5.3802675e-05 time=12.9s avg_epoch=13.8s est_planned=1h 08m 51s elapsed=55m 20s
[ALG][241/300] loss=1.0388 ce=1.0388 lg=0.0000 beta=0.0000 guidance_active_next=False raw_derivative=n/a smoothed_derivative=n/a guidance_stop_epoch=54 train_acc=75.66% val_acc=28.10% best=29.72% lr=5.2268294e-05 time=13.0s avg_epoch=13.8s est_planned=1h 08m 50s elapsed=55m 33s
[ALG][242/300] loss=1.0248 ce=1.0248 lg=0.0000 beta=0.0000 guidance_active_next=False raw_derivative=n/a smoothed_derivative=n/a guidance_stop_epoch=54 train_acc=75.56% val_acc=27.56% best=29.72% lr=5.0755871e-05 time=12.9s avg_epoch=13.8s est_planned=1h 08m 49s elapsed=55m 46s
[ALG][243/300] loss=1.0190 ce=1.0190 lg=0.0000 beta=0.0000 guidance_active_next=False raw_derivative=n/a smoothed_derivative=n/a guidance_stop_epoch=54 train_acc=76.36% val_acc=27.67% best=29.72% lr=4.9265571e-05 time=13.0s avg_epoch=13.8s est_planned=1h 08m 48s elapsed=55m 59s
[ALG][244/300] loss=1.0244 ce=1.0244 lg=0.0000 beta=0.0000 guidance_active_next=False raw_derivative=n/a smoothed_derivative=n/a guidance_stop_epoch=54 train_acc=76.43% val_acc=27.82% best=29.72% lr=4.7797558e-05 time=13.0s avg_epoch=13.8s est_planned=1h 08m 47s elapsed=56m 12s
[ALG][245/300] loss=1.0517 ce=1.0517 lg=0.0000 beta=0.0000 guidance_active_next=False raw_derivative=n/a smoothed_derivative=n/a guidance_stop_epoch=54 train_acc=75.24% val_acc=28.51% best=29.72% lr=4.6351993e-05 time=13.1s avg_epoch=13.8s est_planned=1h 08m 46s elapsed=56m 26s
[ALG][246/300] loss=1.0159 ce=1.0159 lg=0.0000 beta=0.0000 guidance_active_next=False raw_derivative=n/a smoothed_derivative=n/a guidance_stop_epoch=54 train_acc=76.19% val_acc=28.22% best=29.72% lr=4.4929034e-05 time=13.2s avg_epoch=13.8s est_planned=1h 08m 46s elapsed=56m 39s
[ALG][247/300] loss=0.9841 ce=0.9841 lg=0.0000 beta=0.0000 guidance_active_next=False raw_derivative=n/a smoothed_derivative=n/a guidance_stop_epoch=54 train_acc=77.21% val_acc=27.74% best=29.72% lr=4.3528838e-05 time=13.0s avg_epoch=13.7s est_planned=1h 08m 45s elapsed=56m 52s
[ALG][248/300] loss=1.0110 ce=1.0110 lg=0.0000 beta=0.0000 guidance_active_next=False raw_derivative=n/a smoothed_derivative=n/a guidance_stop_epoch=54 train_acc=76.68% val_acc=27.55% best=29.72% lr=4.2151558e-05 time=13.3s avg_epoch=13.7s est_planned=1h 08m 44s elapsed=57m 05s
[ALG][249/300] loss=0.9782 ce=0.9782 lg=0.0000 beta=0.0000 guidance_active_next=False raw_derivative=n/a smoothed_derivative=n/a guidance_stop_epoch=54 train_acc=76.83% val_acc=27.79% best=29.72% lr=4.0797346e-05 time=13.1s avg_epoch=13.7s est_planned=1h 08m 43s elapsed=57m 19s
[ALG][250/300] loss=0.9970 ce=0.9970 lg=0.0000 beta=0.0000 guidance_active_next=False raw_derivative=n/a smoothed_derivative=n/a guidance_stop_epoch=54 train_acc=76.43% val_acc=28.29% best=29.72% lr=3.9466348e-05 time=13.1s avg_epoch=13.7s est_planned=1h 08m 43s elapsed=57m 32s
[ALG][251/300] loss=1.0222 ce=1.0222 lg=0.0000 beta=0.0000 guidance_active_next=False raw_derivative=n/a smoothed_derivative=n/a guidance_stop_epoch=54 train_acc=76.38% val_acc=27.46% best=29.72% lr=3.8158713e-05 time=13.2s avg_epoch=13.7s est_planned=1h 08m 42s elapsed=57m 45s
[ALG][252/300] loss=0.9913 ce=0.9913 lg=0.0000 beta=0.0000 guidance_active_next=False raw_derivative=n/a smoothed_derivative=n/a guidance_stop_epoch=54 train_acc=76.92% val_acc=27.41% best=29.72% lr=3.6874582e-05 time=13.2s avg_epoch=13.7s est_planned=1h 08m 41s elapsed=57m 58s
[ALG][253/300] loss=0.9708 ce=0.9708 lg=0.0000 beta=0.0000 guidance_active_next=False raw_derivative=n/a smoothed_derivative=n/a guidance_stop_epoch=54 train_acc=76.90% val_acc=27.75% best=29.72% lr=3.5614097e-05 time=13.2s avg_epoch=13.7s est_planned=1h 08m 41s elapsed=58m 11s
[ALG][254/300] loss=1.0286 ce=1.0286 lg=0.0000 beta=0.0000 guidance_active_next=False raw_derivative=n/a smoothed_derivative=n/a guidance_stop_epoch=54 train_acc=75.97% val_acc=27.96% best=29.72% lr=3.4377396e-05 time=13.2s avg_epoch=13.7s est_planned=1h 08m 40s elapsed=58m 25s
[ALG][255/300] loss=1.0015 ce=1.0015 lg=0.0000 beta=0.0000 guidance_active_next=False raw_derivative=n/a smoothed_derivative=n/a guidance_stop_epoch=54 train_acc=76.48% val_acc=27.94% best=29.72% lr=3.3164614e-05 time=13.2s avg_epoch=13.7s est_planned=1h 08m 39s elapsed=58m 38s
[ALG][256/300] loss=0.9721 ce=0.9721 lg=0.0000 beta=0.0000 guidance_active_next=False raw_derivative=n/a smoothed_derivative=n/a guidance_stop_epoch=54 train_acc=77.07% val_acc=28.05% best=29.72% lr=3.1975885e-05 time=13.1s avg_epoch=13.7s est_planned=1h 08m 39s elapsed=58m 51s
[ALG][257/300] loss=0.9892 ce=0.9892 lg=0.0000 beta=0.0000 guidance_active_next=False raw_derivative=n/a smoothed_derivative=n/a guidance_stop_epoch=54 train_acc=77.26% val_acc=28.01% best=29.72% lr=3.0811339e-05 time=13.3s avg_epoch=13.7s est_planned=1h 08m 38s elapsed=59m 04s
[ALG][258/300] loss=0.9905 ce=0.9905 lg=0.0000 beta=0.0000 guidance_active_next=False raw_derivative=n/a smoothed_derivative=n/a guidance_stop_epoch=54 train_acc=76.94% val_acc=28.01% best=29.72% lr=2.9671104e-05 time=13.0s avg_epoch=13.7s est_planned=1h 08m 37s elapsed=59m 18s
[ALG][259/300] loss=0.9448 ce=0.9448 lg=0.0000 beta=0.0000 guidance_active_next=False raw_derivative=n/a smoothed_derivative=n/a guidance_stop_epoch=54 train_acc=77.62% val_acc=27.74% best=29.72% lr=2.8555305e-05 time=13.1s avg_epoch=13.7s est_planned=1h 08m 37s elapsed=59m 31s
[ALG][260/300] loss=0.9692 ce=0.9692 lg=0.0000 beta=0.0000 guidance_active_next=False raw_derivative=n/a smoothed_derivative=n/a guidance_stop_epoch=54 train_acc=77.62% val_acc=27.41% best=29.72% lr=2.7464063e-05 time=13.1s avg_epoch=13.7s est_planned=1h 08m 36s elapsed=59m 44s
[ALG][261/300] loss=0.9596 ce=0.9596 lg=0.0000 beta=0.0000 guidance_active_next=False raw_derivative=n/a smoothed_derivative=n/a guidance_stop_epoch=54 train_acc=77.70% val_acc=28.18% best=29.72% lr=2.6397499e-05 time=13.3s avg_epoch=13.7s est_planned=1h 08m 35s elapsed=59m 57s
[ALG][262/300] loss=0.9586 ce=0.9586 lg=0.0000 beta=0.0000 guidance_active_next=False raw_derivative=n/a smoothed_derivative=n/a guidance_stop_epoch=54 train_acc=77.31% val_acc=27.34% best=29.72% lr=2.535573e-05 time=13.1s avg_epoch=13.7s est_planned=1h 08m 35s elapsed=1h 00m 10s
[ALG][263/300] loss=0.9800 ce=0.9800 lg=0.0000 beta=0.0000 guidance_active_next=False raw_derivative=n/a smoothed_derivative=n/a guidance_stop_epoch=54 train_acc=76.87% val_acc=27.82% best=29.72% lr=2.433887e-05 time=13.1s avg_epoch=13.7s est_planned=1h 08m 34s elapsed=1h 00m 24s
[ALG][264/300] loss=0.9727 ce=0.9727 lg=0.0000 beta=0.0000 guidance_active_next=False raw_derivative=n/a smoothed_derivative=n/a guidance_stop_epoch=54 train_acc=77.34% val_acc=27.61% best=29.72% lr=2.334703e-05 time=13.2s avg_epoch=13.7s est_planned=1h 08m 33s elapsed=1h 00m 37s
[ALG][265/300] loss=0.9527 ce=0.9527 lg=0.0000 beta=0.0000 guidance_active_next=False raw_derivative=n/a smoothed_derivative=n/a guidance_stop_epoch=54 train_acc=77.70% val_acc=28.03% best=29.72% lr=2.238032e-05 time=13.0s avg_epoch=13.7s est_planned=1h 08m 33s elapsed=1h 00m 50s
[ALG][266/300] loss=0.9991 ce=0.9991 lg=0.0000 beta=0.0000 guidance_active_next=False raw_derivative=n/a smoothed_derivative=n/a guidance_stop_epoch=54 train_acc=76.61% val_acc=27.87% best=29.72% lr=2.1438844e-05 time=12.8s avg_epoch=13.7s est_planned=1h 08m 32s elapsed=1h 01m 03s
[ALG][267/300] loss=0.9765 ce=0.9765 lg=0.0000 beta=0.0000 guidance_active_next=False raw_derivative=n/a smoothed_derivative=n/a guidance_stop_epoch=54 train_acc=77.43% val_acc=27.77% best=29.72% lr=2.0522708e-05 time=13.0s avg_epoch=13.7s est_planned=1h 08m 31s elapsed=1h 01m 16s
[ALG][268/300] loss=0.9446 ce=0.9446 lg=0.0000 beta=0.0000 guidance_active_next=False raw_derivative=n/a smoothed_derivative=n/a guidance_stop_epoch=54 train_acc=78.04% val_acc=27.75% best=29.72% lr=1.963201e-05 time=13.0s avg_epoch=13.7s est_planned=1h 08m 30s elapsed=1h 01m 29s
[ALG][269/300] loss=0.9765 ce=0.9765 lg=0.0000 beta=0.0000 guidance_active_next=False raw_derivative=n/a smoothed_derivative=n/a guidance_stop_epoch=54 train_acc=77.00% val_acc=27.60% best=29.72% lr=1.8766848e-05 time=12.9s avg_epoch=13.7s est_planned=1h 08m 29s elapsed=1h 01m 42s
[ALG][270/300] loss=0.9544 ce=0.9544 lg=0.0000 beta=0.0000 guidance_active_next=False raw_derivative=n/a smoothed_derivative=n/a guidance_stop_epoch=54 train_acc=77.28% val_acc=27.82% best=29.72% lr=1.7927319e-05 time=13.2s avg_epoch=13.7s est_planned=1h 08m 29s elapsed=1h 01m 55s
[ALG][271/300] loss=0.9532 ce=0.9532 lg=0.0000 beta=0.0000 guidance_active_next=False raw_derivative=n/a smoothed_derivative=n/a guidance_stop_epoch=54 train_acc=77.51% val_acc=27.53% best=29.72% lr=1.7113512e-05 time=13.1s avg_epoch=13.7s est_planned=1h 08m 28s elapsed=1h 02m 08s
[ALG][272/300] loss=0.9658 ce=0.9658 lg=0.0000 beta=0.0000 guidance_active_next=False raw_derivative=n/a smoothed_derivative=n/a guidance_stop_epoch=54 train_acc=77.26% val_acc=28.08% best=29.72% lr=1.6325519e-05 time=13.1s avg_epoch=13.7s est_planned=1h 08m 27s elapsed=1h 02m 21s
[ALG][273/300] loss=0.9823 ce=0.9823 lg=0.0000 beta=0.0000 guidance_active_next=False raw_derivative=n/a smoothed_derivative=n/a guidance_stop_epoch=54 train_acc=77.26% val_acc=28.03% best=29.72% lr=1.5563424e-05 time=13.2s avg_epoch=13.7s est_planned=1h 08m 27s elapsed=1h 02m 35s
[ALG][274/300] loss=0.9555 ce=0.9555 lg=0.0000 beta=0.0000 guidance_active_next=False raw_derivative=n/a smoothed_derivative=n/a guidance_stop_epoch=54 train_acc=77.79% val_acc=27.93% best=29.72% lr=1.4827313e-05 time=13.0s avg_epoch=13.7s est_planned=1h 08m 26s elapsed=1h 02m 48s
[ALG][275/300] loss=0.9772 ce=0.9772 lg=0.0000 beta=0.0000 guidance_active_next=False raw_derivative=n/a smoothed_derivative=n/a guidance_stop_epoch=54 train_acc=77.43% val_acc=27.56% best=29.72% lr=1.4117265e-05 time=13.2s avg_epoch=13.7s est_planned=1h 08m 25s elapsed=1h 03m 01s
[ALG][276/300] loss=0.9849 ce=0.9849 lg=0.0000 beta=0.0000 guidance_active_next=False raw_derivative=n/a smoothed_derivative=n/a guidance_stop_epoch=54 train_acc=77.29% val_acc=27.68% best=29.72% lr=1.3433358e-05 time=13.0s avg_epoch=13.7s est_planned=1h 08m 25s elapsed=1h 03m 14s
[ALG][277/300] loss=0.9252 ce=0.9252 lg=0.0000 beta=0.0000 guidance_active_next=False raw_derivative=n/a smoothed_derivative=n/a guidance_stop_epoch=54 train_acc=78.57% val_acc=27.87% best=29.72% lr=1.2775668e-05 time=13.0s avg_epoch=13.7s est_planned=1h 08m 24s elapsed=1h 03m 27s
[ALG][278/300] loss=0.9506 ce=0.9506 lg=0.0000 beta=0.0000 guidance_active_next=False raw_derivative=n/a smoothed_derivative=n/a guidance_stop_epoch=54 train_acc=77.79% val_acc=27.87% best=29.72% lr=1.2144266e-05 time=12.9s avg_epoch=13.7s est_planned=1h 08m 23s elapsed=1h 03m 40s
[ALG][279/300] loss=0.9887 ce=0.9887 lg=0.0000 beta=0.0000 guidance_active_next=False raw_derivative=n/a smoothed_derivative=n/a guidance_stop_epoch=54 train_acc=76.89% val_acc=28.12% best=29.72% lr=1.1539222e-05 time=13.1s avg_epoch=13.7s est_planned=1h 08m 23s elapsed=1h 03m 53s
[ALG][280/300] loss=0.9794 ce=0.9794 lg=0.0000 beta=0.0000 guidance_active_next=False raw_derivative=n/a smoothed_derivative=n/a guidance_stop_epoch=54 train_acc=76.90% val_acc=27.68% best=29.72% lr=1.0960601e-05 time=13.3s avg_epoch=13.7s est_planned=1h 08m 22s elapsed=1h 04m 07s
[ALG][281/300] loss=0.9499 ce=0.9499 lg=0.0000 beta=0.0000 guidance_active_next=False raw_derivative=n/a smoothed_derivative=n/a guidance_stop_epoch=54 train_acc=78.40% val_acc=27.63% best=29.72% lr=1.0408469e-05 time=13.0s avg_epoch=13.7s est_planned=1h 08m 21s elapsed=1h 04m 20s
[ALG][282/300] loss=0.9825 ce=0.9825 lg=0.0000 beta=0.0000 guidance_active_next=False raw_derivative=n/a smoothed_derivative=n/a guidance_stop_epoch=54 train_acc=77.11% val_acc=27.68% best=29.72% lr=9.8828843e-06 time=13.1s avg_epoch=13.7s est_planned=1h 08m 21s elapsed=1h 04m 33s
[ALG][283/300] loss=0.9954 ce=0.9954 lg=0.0000 beta=0.0000 guidance_active_next=False raw_derivative=n/a smoothed_derivative=n/a guidance_stop_epoch=54 train_acc=76.32% val_acc=27.79% best=29.72% lr=9.3839054e-06 time=13.1s avg_epoch=13.7s est_planned=1h 08m 20s elapsed=1h 04m 46s
[ALG][284/300] loss=0.9530 ce=0.9530 lg=0.0000 beta=0.0000 guidance_active_next=False raw_derivative=n/a smoothed_derivative=n/a guidance_stop_epoch=54 train_acc=77.80% val_acc=27.75% best=29.72% lr=8.911587e-06 time=13.1s avg_epoch=13.7s est_planned=1h 08m 20s elapsed=1h 04m 59s
[ALG][285/300] loss=0.9368 ce=0.9368 lg=0.0000 beta=0.0000 guidance_active_next=False raw_derivative=n/a smoothed_derivative=n/a guidance_stop_epoch=54 train_acc=78.24% val_acc=27.72% best=29.72% lr=8.4659808e-06 time=13.0s avg_epoch=13.7s est_planned=1h 08m 19s elapsed=1h 05m 12s
[ALG][286/300] loss=0.9543 ce=0.9543 lg=0.0000 beta=0.0000 guidance_active_next=False raw_derivative=n/a smoothed_derivative=n/a guidance_stop_epoch=54 train_acc=77.80% val_acc=27.65% best=29.72% lr=8.0471357e-06 time=12.9s avg_epoch=13.7s est_planned=1h 08m 18s elapsed=1h 05m 25s
[ALG][287/300] loss=0.9564 ce=0.9564 lg=0.0000 beta=0.0000 guidance_active_next=False raw_derivative=n/a smoothed_derivative=n/a guidance_stop_epoch=54 train_acc=77.62% val_acc=27.68% best=29.72% lr=7.6550976e-06 time=13.2s avg_epoch=13.7s est_planned=1h 08m 18s elapsed=1h 05m 38s
[ALG][288/300] loss=0.9295 ce=0.9295 lg=0.0000 beta=0.0000 guidance_active_next=False raw_derivative=n/a smoothed_derivative=n/a guidance_stop_epoch=54 train_acc=78.35% val_acc=27.56% best=29.72% lr=7.2899095e-06 time=13.1s avg_epoch=13.7s est_planned=1h 08m 17s elapsed=1h 05m 52s
[ALG][289/300] loss=0.9557 ce=0.9557 lg=0.0000 beta=0.0000 guidance_active_next=False raw_derivative=n/a smoothed_derivative=n/a guidance_stop_epoch=54 train_acc=77.56% val_acc=27.77% best=29.72% lr=6.9516114e-06 time=13.1s avg_epoch=13.7s est_planned=1h 08m 16s elapsed=1h 06m 05s
[ALG][290/300] loss=0.9600 ce=0.9600 lg=0.0000 beta=0.0000 guidance_active_next=False raw_derivative=n/a smoothed_derivative=n/a guidance_stop_epoch=54 train_acc=78.07% val_acc=27.63% best=29.72% lr=6.6402405e-06 time=13.1s avg_epoch=13.7s est_planned=1h 08m 16s elapsed=1h 06m 18s
[ALG][291/300] loss=0.9651 ce=0.9651 lg=0.0000 beta=0.0000 guidance_active_next=False raw_derivative=n/a smoothed_derivative=n/a guidance_stop_epoch=54 train_acc=77.62% val_acc=27.63% best=29.72% lr=6.3558309e-06 time=13.2s avg_epoch=13.7s est_planned=1h 08m 15s elapsed=1h 06m 31s
[ALG][292/300] loss=0.9381 ce=0.9381 lg=0.0000 beta=0.0000 guidance_active_next=False raw_derivative=n/a smoothed_derivative=n/a guidance_stop_epoch=54 train_acc=78.02% val_acc=27.91% best=29.72% lr=6.0984138e-06 time=12.9s avg_epoch=13.6s est_planned=1h 08m 15s elapsed=1h 06m 44s
[ALG][293/300] loss=0.9397 ce=0.9397 lg=0.0000 beta=0.0000 guidance_active_next=False raw_derivative=n/a smoothed_derivative=n/a guidance_stop_epoch=54 train_acc=78.16% val_acc=27.79% best=29.72% lr=5.8680173e-06 time=13.2s avg_epoch=13.6s est_planned=1h 08m 14s elapsed=1h 06m 57s
[ALG][294/300] loss=0.9638 ce=0.9638 lg=0.0000 beta=0.0000 guidance_active_next=False raw_derivative=n/a smoothed_derivative=n/a guidance_stop_epoch=54 train_acc=77.72% val_acc=27.74% best=29.72% lr=5.6646669e-06 time=13.4s avg_epoch=13.6s est_planned=1h 08m 14s elapsed=1h 07m 11s
[ALG][295/300] loss=0.9231 ce=0.9231 lg=0.0000 beta=0.0000 guidance_active_next=False raw_derivative=n/a smoothed_derivative=n/a guidance_stop_epoch=54 train_acc=77.89% val_acc=27.99% best=29.72% lr=5.4883847e-06 time=13.5s avg_epoch=13.6s est_planned=1h 08m 14s elapsed=1h 07m 24s
[ALG][296/300] loss=0.9659 ce=0.9659 lg=0.0000 beta=0.0000 guidance_active_next=False raw_derivative=n/a smoothed_derivative=n/a guidance_stop_epoch=54 train_acc=77.73% val_acc=27.65% best=29.72% lr=5.3391901e-06 time=13.4s avg_epoch=13.6s est_planned=1h 08m 13s elapsed=1h 07m 38s
[ALG][297/300] loss=0.9534 ce=0.9534 lg=0.0000 beta=0.0000 guidance_active_next=False raw_derivative=n/a smoothed_derivative=n/a guidance_stop_epoch=54 train_acc=78.14% val_acc=27.67% best=29.72% lr=5.2170996e-06 time=13.7s avg_epoch=13.6s est_planned=1h 08m 13s elapsed=1h 07m 51s
[ALG][298/300] loss=0.9813 ce=0.9813 lg=0.0000 beta=0.0000 guidance_active_next=False raw_derivative=n/a smoothed_derivative=n/a guidance_stop_epoch=54 train_acc=76.53% val_acc=27.55% best=29.72% lr=5.1221263e-06 time=13.6s avg_epoch=13.6s est_planned=1h 08m 13s elapsed=1h 08m 05s
[ALG][299/300] loss=0.9548 ce=0.9548 lg=0.0000 beta=0.0000 guidance_active_next=False raw_derivative=n/a smoothed_derivative=n/a guidance_stop_epoch=54 train_acc=77.55% val_acc=27.74% best=29.72% lr=5.0542808e-06 time=13.6s avg_epoch=13.6s est_planned=1h 08m 13s elapsed=1h 08m 19s
[ALG][300/300] loss=0.9341 ce=0.9341 lg=0.0000 beta=0.0000 guidance_active_next=False raw_derivative=n/a smoothed_derivative=n/a guidance_stop_epoch=54 train_acc=78.07% val_acc=27.58% best=29.72% lr=5.0135706e-06 time=13.7s avg_epoch=13.6s est_planned=1h 08m 13s elapsed=1h 08m 33s
========================================================================
[FINAL_RESULT] alg_best_top1=29.72% paper_top1=n/a gap_to_paper=n/a
[BETA_FINAL] observed_stop_epoch=54 paper_stop_epoch=None guided_epochs=54 ce_only_epochs=246
[TIMING] avg_epoch=13.6s planned_epochs=300 estimated_total=1h 08m 13s elapsed=1h 08m 33s
[FINAL_RESULT] best_checkpoint=/app/output/cub200_resnet50_224_lg_alg_ours_full_seed1/ALG/cub200_resnet50_224/alg_cub200_resnet50_224_deit_ti_300ep_seed1/student_best.pt
[FINAL_RESULT] latest_checkpoint=/app/output/cub200_resnet50_224_lg_alg_ours_full_seed1/ALG/cub200_resnet50_224/alg_cub200_resnet50_224_deit_ti_300ep_seed1/student_latest.pt
[FINAL_RESULT] summary=/app/output/cub200_resnet50_224_lg_alg_ours_full_seed1/ALG/cub200_resnet50_224/alg_cub200_resnet50_224_deit_ti_300ep_seed1/summary.json
[DONE] ALG training completed successfully; resources may be released.
[COMMAND][Ours] /usr/bin/python methods/Ours/cub200_resnet50_224/train.py --data-dir data/cub200 --teacher-root /app/output/cub200_resnet50_224_lg_alg_ours_full_seed1/teacher_resnet50_224/teacher_cub200_resnet50_224_imagenet1k_v2_200ep_seed1 --output-dir /app/output/cub200_resnet50_224_lg_alg_ours_full_seed1/Ours/cub200_resnet50_224 --run-name ours_cub200_resnet50_224_deit_ti_300ep_seed1 --num-workers 4
[BOOT] Python process started: /usr/bin/python
========================================================================
OURS / TEACHER-224 -> DEIT-TI
========================================================================
[ENV] python=3.10.12 torch=2.11.0+cu130 timm=1.0.27 torchvision=0.26.0+cu130
[ENV] cuda_available=True cuda_device_count=1
[ENV] gpu_name=NVIDIA H200 NVL
[ENV] gpu_memory_gib=139.80
[ENV] device=cuda amp=False seed=1
[PATH] data_dir=/app/scratch/input/bapedragon_511/data/cub200
[PATH] teacher_root=/app/output/cub200_resnet50_224_lg_alg_ours_full_seed1/teacher_resnet50_224/teacher_cub200_resnet50_224_imagenet1k_v2_200ep_seed1
[PATH] run_dir=/app/output/cub200_resnet50_224_lg_alg_ours_full_seed1/Ours/cub200_resnet50_224/ours_cub200_resnet50_224_deit_ti_300ep_seed1
[MODE] smoke=False timing_run=False student_epochs=300 planned_epochs=300
[PROTOCOL] name=cub200_deit_ti_ours_resnet50_224_transfer_v1 optimizer=AdamW lr=0.0005 min_lr=5e-06 weight_decay=0.05 warmup=20 cosine batch=64 image=224 label_smoothing=0.0 drop_path=0.1 base=lg_official
[ALG_BASE] eval_batch=200 warmup_factor=0.001 fp32=True color_jitter=0.4 auto_augment=rand-m9-mstd0.5-inc1 random_erasing=0.25/pixel/1 interpolation=bicubic normalization=ImageNet drop_last_train=True
[INPUT] shared_geometry=True student=224x224(cub200 norm) teacher=student_view_to_224x224(ImageNet norm) eval_resize=direct
[OURS] loss=CE+beta(e)*(lambda*L_fuse+(1-lambda)*L_align) beta_on=2.5 lambda=0.5
[OURS] student_blocks=all_12 aggregation=learnable_uniform_init teacher_stages=1/2/3 teacher_input=224 student_grid=14x14 stage_grid=larger projection=1x1 deform_kernel=5 qkv_kernel=1 heads=4
[BETA] schedule=researcher_exact beta_on=2.5 metric=L_feature_combined threshold=-0.02 smoothing_window=50 controller_warm_up=20 stop_condition=smoothed_derivative>threshold epoch_numbering=one_based_adapter
[BETA] Researcher implementation: record epoch-average complete guidance loss, do not stop before warm-up, then permanently switch to CE-only when the smoothed derivative is strictly above tau.
[SOURCE] provided_snippet_sha256=8649078970b93d750a956994611b65cdec0c24f907d35d86f29d635e8a3b8624
[REPRO_STATUS] Paper-confirmed: default lambda=0.5; active lambda=0.5, ALG beta=2.5, tau=-0.02 and 50-epoch smoothing, all-block aggregation, 1x1 projection/QKV, bilinear grid alignment, 5x5 deformable attention, and frozen teacher. Active grid policy=supplied-source larger-grid policy.
[REPRO_STATUS] Researcher-synchronized choices: the complete 0.5*L_fuse+0.5*L_align guidance loss drives the controller; the controller has a 20-epoch stop warm-up and no descent-first guard. Attention heads/reduction/loss reduction follow the supplied source.
[DATA] CUB-200-2011 root=/app/scratch/input/bapedragon_511/data/cub200/CUB_200_2011
[DATA] train_samples=5994 test_samples=5794
[DATA] student_image=224 teacher_image=224 train_batch=64 eval_batch=200 num_workers=4 drop_last_train=True smoke=False split=train:official_train eval:official_test
[TEACHER] selected=best epoch=161 top1=84.10% sha256=7cfed8c7d7e55f24466e196134503d4bd370a7f371048d1f07878bab37e19516
[TEACHER_NATIVE_AUDIT] checkpoint_top1=84.10% native_direct_224px_top1=84.10% gap=+0.00pp
[TEACHER_SHARED_VIEW] resize_224_to_224px_top1=80.58% gap_to_native_checkpoint=-3.52pp diagnostic_only=True feature_path=source_faithful
[MODEL] teacher_params=23,917,832 student=deit_tiny_patch16_224 student_params=5,563,016 ours_trainable_params=23,425,933
[FEATURE_CHECK] teacher_raw=[(2, 512, 28, 28), (2, 1024, 14, 14), (2, 2048, 7, 7)] student_blocks=12x(2, 192, 14, 14) stage_targets=[(2, 512, 28, 28), (2, 1024, 14, 14), (2, 2048, 14, 14)] aligned=[(2, 512, 28, 28), (2, 1024, 14, 14), (2, 2048, 14, 14)] fused=[(2, 512, 28, 28), (2, 1024, 14, 14), (2, 2048, 14, 14)] probe_align=1.5052 probe_fuse=1.5505
[AGGREGATION_INIT] stage1[b9=0.083,b7=0.083,b8=0.083] stage2[b9=0.083,b7=0.083,b8=0.083] stage3[b9=0.083,b7=0.083,b8=0.083]
[STUDENT] optimizer=adamw lr=0.0005 weight_decay=0.05 epochs=300 effective_warmup=20
[OURS][001/300] loss=13.4802 ce=5.3359 align=3.4146 fuse=3.1009 feature=3.2577 beta=2.5000 guidance_active_next=True alg_raw_derivative=n/a alg_smoothed_derivative=n/a guidance_stop_epoch=None train_acc=0.57% val_acc=0.55% best=0.55% lr=5e-07 time=19.6s avg_epoch=19.6s est_planned=1h 38m 07s elapsed=20s saved_best
[OURS][002/300] loss=12.3802 ce=5.3025 align=3.1303 fuse=2.5318 feature=2.8311 beta=2.5000 guidance_active_next=True alg_raw_derivative=-0.213337 alg_smoothed_derivative=n/a guidance_stop_epoch=None train_acc=0.66% val_acc=1.04% best=1.04% lr=2.5475e-05 time=19.2s avg_epoch=19.4s est_planned=1h 37m 02s elapsed=39s saved_best
[OURS][003/300] loss=11.2262 ce=5.2832 align=2.6563 fuse=2.0980 feature=2.3772 beta=2.5000 guidance_active_next=True alg_raw_derivative=-0.222408 alg_smoothed_derivative=n/a guidance_stop_epoch=None train_acc=0.71% val_acc=1.00% best=1.04% lr=5.045e-05 time=19.4s avg_epoch=19.4s est_planned=1h 36m 59s elapsed=59s
[OURS][004/300] loss=10.6474 ce=5.2432 align=2.3316 fuse=1.9918 feature=2.1617 beta=2.5000 guidance_active_next=True alg_raw_derivative=-0.165073 alg_smoothed_derivative=n/a guidance_stop_epoch=None train_acc=0.89% val_acc=1.14% best=1.14% lr=7.5425e-05 time=19.1s avg_epoch=19.3s est_planned=1h 36m 39s elapsed=1m 19s saved_best
[OURS][005/300] loss=10.4335 ce=5.2163 align=2.2935 fuse=1.8803 feature=2.0869 beta=2.5000 guidance_active_next=True alg_raw_derivative=-0.114003 alg_smoothed_derivative=n/a guidance_stop_epoch=None train_acc=0.64% val_acc=1.54% best=1.54% lr=0.0001004 time=19.2s avg_epoch=19.3s est_planned=1h 36m 30s elapsed=1m 38s saved_best
[OURS][006/300] loss=10.2179 ce=5.1756 align=2.2529 fuse=1.7810 feature=2.0169 beta=2.5000 guidance_active_next=True alg_raw_derivative=-0.087661 alg_smoothed_derivative=n/a guidance_stop_epoch=None train_acc=1.08% val_acc=1.55% best=1.55% lr=0.000125375 time=19.2s avg_epoch=19.3s est_planned=1h 36m 24s elapsed=1m 58s saved_best
[OURS][007/300] loss=10.0979 ce=5.1531 align=2.2347 fuse=1.7212 feature=1.9779 beta=2.5000 guidance_active_next=True alg_raw_derivative=-0.068186 alg_smoothed_derivative=n/a guidance_stop_epoch=None train_acc=1.08% val_acc=1.76% best=1.76% lr=0.00015035 time=19.1s avg_epoch=19.3s est_planned=1h 36m 17s elapsed=2m 17s saved_best
[OURS][008/300] loss=9.9824 ce=5.1139 align=2.2220 fuse=1.6727 feature=1.9474 beta=2.5000 guidance_active_next=True alg_raw_derivative=-0.054961 alg_smoothed_derivative=n/a guidance_stop_epoch=None train_acc=1.18% val_acc=2.28% best=2.28% lr=0.000175325 time=19.2s avg_epoch=19.3s est_planned=1h 36m 16s elapsed=2m 37s saved_best
[OURS][009/300] loss=9.8875 ce=5.0840 align=2.2113 fuse=1.6314 feature=1.9214 beta=2.5000 guidance_active_next=True alg_raw_derivative=-0.045635 alg_smoothed_derivative=n/a guidance_stop_epoch=None train_acc=1.44% val_acc=2.74% best=2.74% lr=0.0002003 time=19.3s avg_epoch=19.3s est_planned=1h 36m 18s elapsed=2m 57s saved_best
[OURS][010/300] loss=9.7515 ce=5.0094 align=2.1987 fuse=1.5949 feature=1.8968 beta=2.5000 guidance_active_next=True alg_raw_derivative=-0.038964 alg_smoothed_derivative=n/a guidance_stop_epoch=None train_acc=2.08% val_acc=3.33% best=3.33% lr=0.000225275 time=19.1s avg_epoch=19.2s est_planned=1h 36m 14s elapsed=3m 16s saved_best
[OURS][011/300] loss=9.6565 ce=4.9817 align=2.1838 fuse=1.5561 feature=1.8699 beta=2.5000 guidance_active_next=True alg_raw_derivative=-0.034323 alg_smoothed_derivative=n/a guidance_stop_epoch=None train_acc=2.13% val_acc=3.49% best=3.49% lr=0.00025025 time=19.1s avg_epoch=19.2s est_planned=1h 36m 10s elapsed=3m 36s saved_best
[OURS][012/300] loss=9.5331 ce=4.9159 align=2.1742 fuse=1.5195 feature=1.8469 beta=2.5000 guidance_active_next=True alg_raw_derivative=-0.030527 alg_smoothed_derivative=n/a guidance_stop_epoch=None train_acc=3.21% val_acc=4.35% best=4.35% lr=0.000275225 time=19.1s avg_epoch=19.2s est_planned=1h 36m 07s elapsed=3m 55s saved_best
[OURS][013/300] loss=9.4188 ce=4.8781 align=2.1562 fuse=1.4764 feature=1.8163 beta=2.5000 guidance_active_next=True alg_raw_derivative=-0.028183 alg_smoothed_derivative=n/a guidance_stop_epoch=None train_acc=3.48% val_acc=4.38% best=4.38% lr=0.0003002 time=19.1s avg_epoch=19.2s est_planned=1h 36m 05s elapsed=4m 15s saved_best
[OURS][014/300] loss=9.3147 ce=4.8410 align=2.1468 fuse=1.4321 feature=1.7895 beta=2.5000 guidance_active_next=True alg_raw_derivative=-0.026071 alg_smoothed_derivative=n/a guidance_stop_epoch=None train_acc=3.28% val_acc=4.94% best=4.94% lr=0.000325175 time=19.2s avg_epoch=19.2s est_planned=1h 36m 05s elapsed=4m 34s saved_best
[OURS][015/300] loss=9.2082 ce=4.7765 align=2.1370 fuse=1.4083 feature=1.7727 beta=2.5000 guidance_active_next=True alg_raw_derivative=-0.023716 alg_smoothed_derivative=n/a guidance_stop_epoch=None train_acc=3.78% val_acc=5.63% best=5.63% lr=0.00035015 time=19.2s avg_epoch=19.2s est_planned=1h 36m 04s elapsed=4m 54s saved_best
[OURS][016/300] loss=9.1585 ce=4.7439 align=2.1401 fuse=1.3916 feature=1.7659 beta=2.5000 guidance_active_next=True alg_raw_derivative=-0.021176 alg_smoothed_derivative=n/a guidance_stop_epoch=None train_acc=3.86% val_acc=5.92% best=5.92% lr=0.000375125 time=19.3s avg_epoch=19.2s est_planned=1h 36m 06s elapsed=5m 14s saved_best
[OURS][017/300] loss=9.0607 ce=4.7206 align=2.1163 fuse=1.3557 feature=1.7360 beta=2.5000 guidance_active_next=True alg_raw_derivative=-0.020440 alg_smoothed_derivative=n/a guidance_stop_epoch=None train_acc=4.55% val_acc=6.47% best=6.47% lr=0.0004001 time=19.2s avg_epoch=19.2s est_planned=1h 36m 05s elapsed=5m 33s saved_best
[OURS][018/300] loss=8.9608 ce=4.6537 align=2.1145 fuse=1.3312 feature=1.7228 beta=2.5000 guidance_active_next=True alg_raw_derivative=-0.018901 alg_smoothed_derivative=n/a guidance_stop_epoch=None train_acc=4.86% val_acc=6.51% best=6.51% lr=0.000425075 time=19.2s avg_epoch=19.2s est_planned=1h 36m 05s elapsed=5m 53s saved_best
[OURS][019/300] loss=8.9364 ce=4.6526 align=2.1101 fuse=1.3170 feature=1.7135 beta=2.5000 guidance_active_next=True alg_raw_derivative=-0.017402 alg_smoothed_derivative=n/a guidance_stop_epoch=None train_acc=4.96% val_acc=7.77% best=7.77% lr=0.00045005 time=19.1s avg_epoch=19.2s est_planned=1h 36m 03s elapsed=6m 12s saved_best
[OURS][020/300] loss=9.1277 ce=4.6698 align=2.1670 fuse=1.3993 feature=1.7831 beta=2.5000 guidance_active_next=True alg_raw_derivative=-0.012181 alg_smoothed_derivative=-0.065429 guidance_stop_epoch=None train_acc=4.82% val_acc=6.71% best=7.77% lr=0.000475025 time=19.1s avg_epoch=19.2s est_planned=1h 36m 01s elapsed=6m 32s
[OURS][021/300] loss=8.9030 ce=4.5952 align=2.1235 fuse=1.3227 feature=1.7231 beta=2.5000 guidance_active_next=True alg_raw_derivative=-0.013878 alg_smoothed_derivative=-0.062851 guidance_stop_epoch=None train_acc=5.93% val_acc=7.49% best=7.77% lr=0.000494592 time=19.2s avg_epoch=19.2s est_planned=1h 36m 01s elapsed=6m 51s
[OURS][022/300] loss=8.7279 ce=4.5274 align=2.0968 fuse=1.2636 feature=1.6802 beta=2.5000 guidance_active_next=True alg_raw_derivative=-0.014568 alg_smoothed_derivative=-0.060552 guidance_stop_epoch=None train_acc=5.86% val_acc=8.54% best=8.54% lr=0.000494039 time=19.2s avg_epoch=19.2s est_planned=1h 36m 02s elapsed=7m 11s saved_best
[OURS][023/300] loss=8.6319 ce=4.4568 align=2.0942 fuse=1.2459 feature=1.6700 beta=2.5000 guidance_active_next=True alg_raw_derivative=-0.013743 alg_smoothed_derivative=-0.058424 guidance_stop_epoch=None train_acc=7.06% val_acc=8.68% best=8.68% lr=0.000493461 time=19.2s avg_epoch=19.2s est_planned=1h 36m 02s elapsed=7m 30s saved_best
[OURS][024/300] loss=8.5421 ce=4.4311 align=2.0728 fuse=1.2159 feature=1.6444 beta=2.5000 guidance_active_next=True alg_raw_derivative=-0.013667 alg_smoothed_derivative=-0.056478 guidance_stop_epoch=None train_acc=7.09% val_acc=9.23% best=9.23% lr=0.000492856 time=19.2s avg_epoch=19.2s est_planned=1h 36m 01s elapsed=7m 50s saved_best
[OURS][025/300] loss=8.4417 ce=4.3756 align=2.0605 fuse=1.1924 feature=1.6265 beta=2.5000 guidance_active_next=True alg_raw_derivative=-0.013291 alg_smoothed_derivative=-0.054679 guidance_stop_epoch=None train_acc=7.76% val_acc=11.20% best=11.20% lr=0.000492224 time=19.1s avg_epoch=19.2s est_planned=1h 36m 01s elapsed=8m 10s saved_best
[OURS][026/300] loss=8.4887 ce=4.3699 align=2.0823 fuse=1.2127 feature=1.6475 beta=2.5000 guidance_active_next=True alg_raw_derivative=-0.011459 alg_smoothed_derivative=-0.052950 guidance_stop_epoch=None train_acc=8.25% val_acc=11.03% best=11.20% lr=0.000491567 time=19.2s avg_epoch=19.2s est_planned=1h 36m 01s elapsed=8m 29s
[OURS][027/300] loss=8.3882 ce=4.3178 align=2.0757 fuse=1.1807 feature=1.6282 beta=2.5000 guidance_active_next=True alg_raw_derivative=-0.011326 alg_smoothed_derivative=-0.051349 guidance_stop_epoch=None train_acc=9.11% val_acc=11.56% best=11.56% lr=0.000490883 time=19.2s avg_epoch=19.2s est_planned=1h 36m 01s elapsed=8m 49s saved_best
[OURS][028/300] loss=8.2955 ce=4.2740 align=2.0656 fuse=1.1515 feature=1.6086 beta=2.5000 guidance_active_next=True alg_raw_derivative=-0.011217 alg_smoothed_derivative=-0.049863 guidance_stop_epoch=None train_acc=9.38% val_acc=12.34% best=12.34% lr=0.000490173 time=19.2s avg_epoch=19.2s est_planned=1h 36m 01s elapsed=9m 08s saved_best
[OURS][029/300] loss=8.2408 ce=4.2404 align=2.0649 fuse=1.1354 feature=1.6002 beta=2.5000 guidance_active_next=True alg_raw_derivative=-0.010733 alg_smoothed_derivative=-0.048465 guidance_stop_epoch=None train_acc=10.03% val_acc=13.08% best=13.08% lr=0.000489437 time=19.2s avg_epoch=19.2s est_planned=1h 36m 01s elapsed=9m 28s saved_best
[OURS][030/300] loss=8.1709 ce=4.2220 align=2.0476 fuse=1.1114 feature=1.5795 beta=2.5000 guidance_active_next=True alg_raw_derivative=-0.010705 alg_smoothed_derivative=-0.047163 guidance_stop_epoch=None train_acc=10.08% val_acc=13.67% best=13.67% lr=0.000488674 time=19.3s avg_epoch=19.2s est_planned=1h 36m 02s elapsed=9m 47s saved_best
[OURS][031/300] loss=8.1269 ce=4.1871 align=2.0441 fuse=1.1077 feature=1.5759 beta=2.5000 guidance_active_next=True alg_raw_derivative=-0.010131 alg_smoothed_derivative=-0.045929 guidance_stop_epoch=None train_acc=10.97% val_acc=13.13% best=13.67% lr=0.000487886 time=19.4s avg_epoch=19.2s est_planned=1h 36m 03s elapsed=10m 07s
[OURS][032/300] loss=8.0419 ce=4.1344 align=2.0448 fuse=1.0812 feature=1.5630 beta=2.5000 guidance_active_next=True alg_raw_derivative=-0.009902 alg_smoothed_derivative=-0.044767 guidance_stop_epoch=None train_acc=11.98% val_acc=14.15% best=14.15% lr=0.000487073 time=19.2s avg_epoch=19.2s est_planned=1h 36m 03s elapsed=10m 27s saved_best
[OURS][033/300] loss=7.9854 ce=4.1044 align=2.0373 fuse=1.0674 feature=1.5524 beta=2.5000 guidance_active_next=True alg_raw_derivative=-0.009624 alg_smoothed_derivative=-0.043668 guidance_stop_epoch=None train_acc=11.78% val_acc=15.02% best=15.02% lr=0.000486233 time=19.2s avg_epoch=19.2s est_planned=1h 36m 03s elapsed=10m 46s saved_best
[OURS][034/300] loss=7.8895 ce=4.0372 align=2.0259 fuse=1.0559 feature=1.5409 beta=2.5000 guidance_active_next=True alg_raw_derivative=-0.009394 alg_smoothed_derivative=-0.042630 guidance_stop_epoch=None train_acc=12.38% val_acc=14.46% best=15.02% lr=0.000485368 time=19.3s avg_epoch=19.2s est_planned=1h 36m 04s elapsed=11m 06s
[OURS][035/300] loss=7.8666 ce=4.0346 align=2.0198 fuse=1.0458 feature=1.5328 beta=2.5000 guidance_active_next=True alg_raw_derivative=-0.009089 alg_smoothed_derivative=-0.041643 guidance_stop_epoch=None train_acc=13.22% val_acc=16.64% best=16.64% lr=0.000484477 time=19.3s avg_epoch=19.2s est_planned=1h 36m 05s elapsed=11m 25s saved_best
[OURS][036/300] loss=7.8368 ce=3.9907 align=2.0283 fuse=1.0486 feature=1.5385 beta=2.5000 guidance_active_next=True alg_raw_derivative=-0.008428 alg_smoothed_derivative=-0.040694 guidance_stop_epoch=None train_acc=12.89% val_acc=16.12% best=16.64% lr=0.000483561 time=19.2s avg_epoch=19.2s est_planned=1h 36m 04s elapsed=11m 45s
[OURS][037/300] loss=7.7669 ce=3.9830 align=2.0033 fuse=1.0238 feature=1.5135 beta=2.5000 guidance_active_next=True alg_raw_derivative=-0.008645 alg_smoothed_derivative=-0.039804 guidance_stop_epoch=None train_acc=13.47% val_acc=16.15% best=16.64% lr=0.00048262 time=19.1s avg_epoch=19.2s est_planned=1h 36m 04s elapsed=12m 04s
[OURS][038/300] loss=7.6882 ce=3.9068 align=2.0061 fuse=1.0190 feature=1.5126 beta=2.5000 guidance_active_next=True alg_raw_derivative=-0.008216 alg_smoothed_derivative=-0.038950 guidance_stop_epoch=None train_acc=14.11% val_acc=17.67% best=17.67% lr=0.000481653 time=19.2s avg_epoch=19.2s est_planned=1h 36m 03s elapsed=12m 24s saved_best
[OURS][039/300] loss=7.6589 ce=3.8766 align=2.0052 fuse=1.0206 feature=1.5129 beta=2.5000 guidance_active_next=True alg_raw_derivative=-0.007786 alg_smoothed_derivative=-0.038130 guidance_stop_epoch=None train_acc=14.80% val_acc=17.28% best=17.67% lr=0.000480661 time=19.2s avg_epoch=19.2s est_planned=1h 36m 03s elapsed=12m 43s
[OURS][040/300] loss=7.6114 ce=3.8615 align=1.9965 fuse=1.0034 feature=1.5000 beta=2.5000 guidance_active_next=True alg_raw_derivative=-0.007721 alg_smoothed_derivative=-0.037351 guidance_stop_epoch=None train_acc=15.19% val_acc=18.61% best=18.61% lr=0.000479644 time=19.2s avg_epoch=19.2s est_planned=1h 36m 03s elapsed=13m 03s saved_best
[OURS][041/300] loss=7.5918 ce=3.8459 align=1.9941 fuse=1.0026 feature=1.4984 beta=2.5000 guidance_active_next=True alg_raw_derivative=-0.007383 alg_smoothed_derivative=-0.036601 guidance_stop_epoch=None train_acc=15.69% val_acc=19.23% best=19.23% lr=0.000478603 time=19.2s avg_epoch=19.2s est_planned=1h 36m 03s elapsed=13m 22s saved_best
[OURS][042/300] loss=7.5305 ce=3.7816 align=2.0010 fuse=0.9981 feature=1.4996 beta=2.5000 guidance_active_next=True alg_raw_derivative=-0.007003 alg_smoothed_derivative=-0.035879 guidance_stop_epoch=None train_acc=15.76% val_acc=20.09% best=20.09% lr=0.000477536 time=19.2s avg_epoch=19.2s est_planned=1h 36m 03s elapsed=13m 42s saved_best
[OURS][043/300] loss=7.5077 ce=3.7768 align=1.9938 fuse=0.9909 feature=1.4924 beta=2.5000 guidance_active_next=True alg_raw_derivative=-0.006844 alg_smoothed_derivative=-0.035188 guidance_stop_epoch=None train_acc=16.97% val_acc=19.64% best=20.09% lr=0.000476445 time=19.2s avg_epoch=19.2s est_planned=1h 36m 03s elapsed=14m 01s
[OURS][044/300] loss=7.3954 ce=3.6872 align=1.9889 fuse=0.9777 feature=1.4833 beta=2.5000 guidance_active_next=True alg_raw_derivative=-0.006740 alg_smoothed_derivative=-0.034526 guidance_stop_epoch=None train_acc=18.06% val_acc=21.21% best=21.21% lr=0.000475329 time=19.1s avg_epoch=19.2s est_planned=1h 36m 02s elapsed=14m 21s saved_best
[OURS][045/300] loss=7.3734 ce=3.6792 align=1.9843 fuse=0.9711 feature=1.4777 beta=2.5000 guidance_active_next=True alg_raw_derivative=-0.006564 alg_smoothed_derivative=-0.033891 guidance_stop_epoch=None train_acc=18.78% val_acc=20.62% best=21.21% lr=0.000474189 time=19.2s avg_epoch=19.2s est_planned=1h 36m 02s elapsed=14m 40s
[OURS][046/300] loss=7.3051 ce=3.6363 align=1.9800 fuse=0.9550 feature=1.4675 beta=2.5000 guidance_active_next=True alg_raw_derivative=-0.006500 alg_smoothed_derivative=-0.033282 guidance_stop_epoch=None train_acc=19.20% val_acc=21.45% best=21.45% lr=0.000473024 time=19.2s avg_epoch=19.2s est_planned=1h 36m 02s elapsed=15m 00s saved_best
[OURS][047/300] loss=7.2491 ce=3.6041 align=1.9703 fuse=0.9458 feature=1.4580 beta=2.5000 guidance_active_next=True alg_raw_derivative=-0.006426 alg_smoothed_derivative=-0.032698 guidance_stop_epoch=None train_acc=19.64% val_acc=21.76% best=21.76% lr=0.000471835 time=19.2s avg_epoch=19.2s est_planned=1h 36m 02s elapsed=15m 19s saved_best
[OURS][048/300] loss=7.2130 ce=3.5801 align=1.9657 fuse=0.9406 feature=1.4532 beta=2.5000 guidance_active_next=True alg_raw_derivative=-0.006259 alg_smoothed_derivative=-0.032136 guidance_stop_epoch=None train_acc=19.99% val_acc=22.11% best=22.11% lr=0.000470623 time=19.1s avg_epoch=19.2s est_planned=1h 36m 02s elapsed=15m 39s saved_best
[OURS][049/300] loss=7.1748 ce=3.5594 align=1.9611 fuse=0.9313 feature=1.4462 beta=2.5000 guidance_active_next=True alg_raw_derivative=-0.006146 alg_smoothed_derivative=-0.031594 guidance_stop_epoch=None train_acc=19.96% val_acc=22.28% best=22.28% lr=0.000469386 time=19.2s avg_epoch=19.2s est_planned=1h 36m 02s elapsed=15m 59s saved_best
[OURS][050/300] loss=7.0913 ce=3.4833 align=1.9637 fuse=0.9228 feature=1.4432 beta=2.5000 guidance_active_next=True alg_raw_derivative=-0.005959 alg_smoothed_derivative=-0.031071 guidance_stop_epoch=None train_acc=21.66% val_acc=22.66% best=22.66% lr=0.000468125 time=19.2s avg_epoch=19.2s est_planned=1h 36m 02s elapsed=16m 18s saved_best
[OURS][051/300] loss=7.0413 ce=3.4462 align=1.9601 fuse=0.9160 feature=1.4381 beta=2.5000 guidance_active_next=True alg_raw_derivative=-0.036393 alg_smoothed_derivative=-0.031178 guidance_stop_epoch=None train_acc=22.72% val_acc=22.71% best=22.71% lr=0.000466841 time=19.2s avg_epoch=19.2s est_planned=1h 36m 01s elapsed=16m 38s saved_best
[OURS][052/300] loss=7.0782 ce=3.4826 align=1.9581 fuse=0.9184 feature=1.4382 beta=2.5000 guidance_active_next=True alg_raw_derivative=-0.027856 alg_smoothed_derivative=-0.027468 guidance_stop_epoch=None train_acc=22.01% val_acc=23.08% best=23.08% lr=0.000465534 time=19.1s avg_epoch=19.2s est_planned=1h 36m 01s elapsed=16m 57s saved_best
[OURS][053/300] loss=6.9928 ce=3.4192 align=1.9503 fuse=0.9086 feature=1.4295 beta=2.5000 guidance_active_next=True alg_raw_derivative=-0.018954 alg_smoothed_derivative=-0.023399 guidance_stop_epoch=None train_acc=22.13% val_acc=23.65% best=23.65% lr=0.000464203 time=19.2s avg_epoch=19.2s est_planned=1h 36m 01s elapsed=17m 17s saved_best
[OURS][054/300] loss=6.9941 ce=3.4181 align=1.9534 fuse=0.9074 feature=1.4304 beta=2.5000 guidance_active_next=True alg_raw_derivative=-0.014626 alg_smoothed_derivative=-0.020390 guidance_stop_epoch=None train_acc=22.82% val_acc=25.04% best=25.04% lr=0.000462848 time=19.1s avg_epoch=19.2s est_planned=1h 36m 00s elapsed=17m 36s saved_best
[BETA_TRANSITION] guidance disabled after epoch=55 L_feature=1.417489 raw_derivative=-0.013388 smoothed_derivative=-0.018378 threshold=-0.02; subsequent epochs are CE-only.
[OURS][055/300] loss=6.8803 ce=3.3365 align=1.9420 fuse=0.8930 feature=1.4175 beta=2.5000 guidance_active_next=False alg_raw_derivative=-0.013388 alg_smoothed_derivative=-0.018378 guidance_stop_epoch=55 train_acc=23.81% val_acc=24.72% best=25.04% lr=0.000461471 time=19.2s avg_epoch=19.2s est_planned=1h 36m 00s elapsed=17m 56s
[OURS][056/300] loss=3.4116 ce=3.4116 align=0.0000 fuse=0.0000 feature=0.0000 beta=0.0000 guidance_active_next=False alg_raw_derivative=n/a alg_smoothed_derivative=n/a guidance_stop_epoch=55 train_acc=22.77% val_acc=23.06% best=25.04% lr=0.000460071 time=12.9s avg_epoch=19.1s est_planned=1h 35m 27s elapsed=18m 09s
[OURS][057/300] loss=3.3631 ce=3.3631 align=0.0000 fuse=0.0000 feature=0.0000 beta=0.0000 guidance_active_next=False alg_raw_derivative=n/a alg_smoothed_derivative=n/a guidance_stop_epoch=55 train_acc=23.82% val_acc=24.61% best=25.04% lr=0.000458648 time=13.0s avg_epoch=19.0s est_planned=1h 34m 55s elapsed=18m 22s
[OURS][058/300] loss=3.3322 ce=3.3322 align=0.0000 fuse=0.0000 feature=0.0000 beta=0.0000 guidance_active_next=False alg_raw_derivative=n/a alg_smoothed_derivative=n/a guidance_stop_epoch=55 train_acc=24.31% val_acc=23.04% best=25.04% lr=0.000457202 time=12.8s avg_epoch=18.9s est_planned=1h 34m 23s elapsed=18m 35s
[OURS][059/300] loss=3.3180 ce=3.3180 align=0.0000 fuse=0.0000 feature=0.0000 beta=0.0000 guidance_active_next=False alg_raw_derivative=n/a alg_smoothed_derivative=n/a guidance_stop_epoch=55 train_acc=24.41% val_acc=25.23% best=25.23% lr=0.000455734 time=13.2s avg_epoch=18.8s est_planned=1h 33m 54s elapsed=18m 49s saved_best
[OURS][060/300] loss=3.2414 ce=3.2414 align=0.0000 fuse=0.0000 feature=0.0000 beta=0.0000 guidance_active_next=False alg_raw_derivative=n/a alg_smoothed_derivative=n/a guidance_stop_epoch=55 train_acc=25.00% val_acc=25.18% best=25.23% lr=0.000454244 time=13.1s avg_epoch=18.7s est_planned=1h 33m 25s elapsed=19m 02s
[OURS][061/300] loss=3.2628 ce=3.2628 align=0.0000 fuse=0.0000 feature=0.0000 beta=0.0000 guidance_active_next=False alg_raw_derivative=n/a alg_smoothed_derivative=n/a guidance_stop_epoch=55 train_acc=26.50% val_acc=25.13% best=25.23% lr=0.000452732 time=13.0s avg_epoch=18.6s est_planned=1h 32m 58s elapsed=19m 15s
[OURS][062/300] loss=3.2126 ce=3.2126 align=0.0000 fuse=0.0000 feature=0.0000 beta=0.0000 guidance_active_next=False alg_raw_derivative=n/a alg_smoothed_derivative=n/a guidance_stop_epoch=55 train_acc=26.55% val_acc=25.80% best=25.80% lr=0.000451197 time=13.2s avg_epoch=18.5s est_planned=1h 32m 31s elapsed=19m 29s saved_best
[OURS][063/300] loss=3.1846 ce=3.1846 align=0.0000 fuse=0.0000 feature=0.0000 beta=0.0000 guidance_active_next=False alg_raw_derivative=n/a alg_smoothed_derivative=n/a guidance_stop_epoch=55 train_acc=27.23% val_acc=25.85% best=25.85% lr=0.000449641 time=13.2s avg_epoch=18.4s est_planned=1h 32m 06s elapsed=19m 42s saved_best
[OURS][064/300] loss=3.1707 ce=3.1707 align=0.0000 fuse=0.0000 feature=0.0000 beta=0.0000 guidance_active_next=False alg_raw_derivative=n/a alg_smoothed_derivative=n/a guidance_stop_epoch=55 train_acc=27.07% val_acc=26.70% best=26.70% lr=0.000448063 time=13.4s avg_epoch=18.3s est_planned=1h 31m 42s elapsed=19m 56s saved_best
[OURS][065/300] loss=3.1878 ce=3.1878 align=0.0000 fuse=0.0000 feature=0.0000 beta=0.0000 guidance_active_next=False alg_raw_derivative=n/a alg_smoothed_derivative=n/a guidance_stop_epoch=55 train_acc=27.02% val_acc=27.25% best=27.25% lr=0.000446464 time=13.1s avg_epoch=18.3s est_planned=1h 31m 18s elapsed=20m 10s saved_best
[OURS][066/300] loss=3.1447 ce=3.1447 align=0.0000 fuse=0.0000 feature=0.0000 beta=0.0000 guidance_active_next=False alg_raw_derivative=n/a alg_smoothed_derivative=n/a guidance_stop_epoch=55 train_acc=28.07% val_acc=25.70% best=27.25% lr=0.000444844 time=13.2s avg_epoch=18.2s est_planned=1h 30m 55s elapsed=20m 23s
[OURS][067/300] loss=3.1073 ce=3.1073 align=0.0000 fuse=0.0000 feature=0.0000 beta=0.0000 guidance_active_next=False alg_raw_derivative=n/a alg_smoothed_derivative=n/a guidance_stop_epoch=55 train_acc=28.56% val_acc=26.82% best=27.25% lr=0.000443202 time=13.2s avg_epoch=18.1s est_planned=1h 30m 32s elapsed=20m 36s
[OURS][068/300] loss=3.0910 ce=3.0910 align=0.0000 fuse=0.0000 feature=0.0000 beta=0.0000 guidance_active_next=False alg_raw_derivative=n/a alg_smoothed_derivative=n/a guidance_stop_epoch=55 train_acc=28.95% val_acc=26.42% best=27.25% lr=0.00044154 time=13.1s avg_epoch=18.0s est_planned=1h 30m 10s elapsed=20m 50s
[OURS][069/300] loss=3.0363 ce=3.0363 align=0.0000 fuse=0.0000 feature=0.0000 beta=0.0000 guidance_active_next=False alg_raw_derivative=n/a alg_smoothed_derivative=n/a guidance_stop_epoch=55 train_acc=30.12% val_acc=26.86% best=27.25% lr=0.000439856 time=13.0s avg_epoch=18.0s est_planned=1h 29m 49s elapsed=21m 03s
[OURS][070/300] loss=3.0041 ce=3.0041 align=0.0000 fuse=0.0000 feature=0.0000 beta=0.0000 guidance_active_next=False alg_raw_derivative=n/a alg_smoothed_derivative=n/a guidance_stop_epoch=55 train_acc=31.72% val_acc=27.60% best=27.60% lr=0.000438152 time=12.9s avg_epoch=17.9s est_planned=1h 29m 27s elapsed=21m 16s saved_best
[OURS][071/300] loss=3.0137 ce=3.0137 align=0.0000 fuse=0.0000 feature=0.0000 beta=0.0000 guidance_active_next=False alg_raw_derivative=n/a alg_smoothed_derivative=n/a guidance_stop_epoch=55 train_acc=31.03% val_acc=26.20% best=27.60% lr=0.000436428 time=12.8s avg_epoch=17.8s est_planned=1h 29m 06s elapsed=21m 29s
[OURS][072/300] loss=2.9817 ce=2.9817 align=0.0000 fuse=0.0000 feature=0.0000 beta=0.0000 guidance_active_next=False alg_raw_derivative=n/a alg_smoothed_derivative=n/a guidance_stop_epoch=55 train_acc=32.53% val_acc=27.94% best=27.94% lr=0.000434684 time=13.1s avg_epoch=17.8s est_planned=1h 28m 46s elapsed=21m 43s saved_best
[OURS][073/300] loss=2.9178 ce=2.9178 align=0.0000 fuse=0.0000 feature=0.0000 beta=0.0000 guidance_active_next=False alg_raw_derivative=n/a alg_smoothed_derivative=n/a guidance_stop_epoch=55 train_acc=32.78% val_acc=28.58% best=28.58% lr=0.00043292 time=12.9s avg_epoch=17.7s est_planned=1h 28m 26s elapsed=21m 56s saved_best
[OURS][074/300] loss=2.9104 ce=2.9104 align=0.0000 fuse=0.0000 feature=0.0000 beta=0.0000 guidance_active_next=False alg_raw_derivative=n/a alg_smoothed_derivative=n/a guidance_stop_epoch=55 train_acc=32.51% val_acc=27.98% best=28.58% lr=0.000431136 time=13.1s avg_epoch=17.6s est_planned=1h 28m 07s elapsed=22m 09s
[OURS][075/300] loss=2.8538 ce=2.8538 align=0.0000 fuse=0.0000 feature=0.0000 beta=0.0000 guidance_active_next=False alg_raw_derivative=n/a alg_smoothed_derivative=n/a guidance_stop_epoch=55 train_acc=34.01% val_acc=28.81% best=28.81% lr=0.000429332 time=13.1s avg_epoch=17.6s est_planned=1h 27m 49s elapsed=22m 23s saved_best
[OURS][076/300] loss=2.8397 ce=2.8397 align=0.0000 fuse=0.0000 feature=0.0000 beta=0.0000 guidance_active_next=False alg_raw_derivative=n/a alg_smoothed_derivative=n/a guidance_stop_epoch=55 train_acc=34.36% val_acc=27.63% best=28.81% lr=0.000427509 time=12.9s avg_epoch=17.5s est_planned=1h 27m 31s elapsed=22m 36s
[OURS][077/300] loss=2.8415 ce=2.8415 align=0.0000 fuse=0.0000 feature=0.0000 beta=0.0000 guidance_active_next=False alg_raw_derivative=n/a alg_smoothed_derivative=n/a guidance_stop_epoch=55 train_acc=33.82% val_acc=27.48% best=28.81% lr=0.000425667 time=13.1s avg_epoch=17.4s est_planned=1h 27m 14s elapsed=22m 49s
[OURS][078/300] loss=2.8472 ce=2.8472 align=0.0000 fuse=0.0000 feature=0.0000 beta=0.0000 guidance_active_next=False alg_raw_derivative=n/a alg_smoothed_derivative=n/a guidance_stop_epoch=55 train_acc=34.58% val_acc=27.49% best=28.81% lr=0.000423805 time=13.0s avg_epoch=17.4s est_planned=1h 26m 56s elapsed=23m 02s
[OURS][079/300] loss=2.7721 ce=2.7721 align=0.0000 fuse=0.0000 feature=0.0000 beta=0.0000 guidance_active_next=False alg_raw_derivative=n/a alg_smoothed_derivative=n/a guidance_stop_epoch=55 train_acc=36.21% val_acc=28.43% best=28.81% lr=0.000421925 time=13.0s avg_epoch=17.3s est_planned=1h 26m 40s elapsed=23m 16s
[OURS][080/300] loss=2.7645 ce=2.7645 align=0.0000 fuse=0.0000 feature=0.0000 beta=0.0000 guidance_active_next=False alg_raw_derivative=n/a alg_smoothed_derivative=n/a guidance_stop_epoch=55 train_acc=35.57% val_acc=29.00% best=29.00% lr=0.000420027 time=13.0s avg_epoch=17.3s est_planned=1h 26m 24s elapsed=23m 29s saved_best
[OURS][081/300] loss=2.8083 ce=2.8083 align=0.0000 fuse=0.0000 feature=0.0000 beta=0.0000 guidance_active_next=False alg_raw_derivative=n/a alg_smoothed_derivative=n/a guidance_stop_epoch=55 train_acc=34.85% val_acc=28.75% best=29.00% lr=0.00041811 time=13.2s avg_epoch=17.2s est_planned=1h 26m 08s elapsed=23m 42s
[OURS][082/300] loss=2.7184 ce=2.7184 align=0.0000 fuse=0.0000 feature=0.0000 beta=0.0000 guidance_active_next=False alg_raw_derivative=n/a alg_smoothed_derivative=n/a guidance_stop_epoch=55 train_acc=37.25% val_acc=28.77% best=29.00% lr=0.000416175 time=13.1s avg_epoch=17.2s est_planned=1h 25m 53s elapsed=23m 56s
[OURS][083/300] loss=2.7127 ce=2.7127 align=0.0000 fuse=0.0000 feature=0.0000 beta=0.0000 guidance_active_next=False alg_raw_derivative=n/a alg_smoothed_derivative=n/a guidance_stop_epoch=55 train_acc=37.32% val_acc=29.17% best=29.17% lr=0.000414222 time=13.2s avg_epoch=17.1s est_planned=1h 25m 39s elapsed=24m 09s saved_best
[OURS][084/300] loss=2.6799 ce=2.6799 align=0.0000 fuse=0.0000 feature=0.0000 beta=0.0000 guidance_active_next=False alg_raw_derivative=n/a alg_smoothed_derivative=n/a guidance_stop_epoch=55 train_acc=38.64% val_acc=29.17% best=29.17% lr=0.000412251 time=13.1s avg_epoch=17.1s est_planned=1h 25m 25s elapsed=24m 23s saved_best
[OURS][085/300] loss=2.6514 ce=2.6514 align=0.0000 fuse=0.0000 feature=0.0000 beta=0.0000 guidance_active_next=False alg_raw_derivative=n/a alg_smoothed_derivative=n/a guidance_stop_epoch=55 train_acc=39.05% val_acc=29.10% best=29.17% lr=0.000410262 time=13.3s avg_epoch=17.0s est_planned=1h 25m 11s elapsed=24m 36s
[OURS][086/300] loss=2.6076 ce=2.6076 align=0.0000 fuse=0.0000 feature=0.0000 beta=0.0000 guidance_active_next=False alg_raw_derivative=n/a alg_smoothed_derivative=n/a guidance_stop_epoch=55 train_acc=38.93% val_acc=28.87% best=29.17% lr=0.000408257 time=13.1s avg_epoch=17.0s est_planned=1h 24m 57s elapsed=24m 50s
[OURS][087/300] loss=2.5984 ce=2.5984 align=0.0000 fuse=0.0000 feature=0.0000 beta=0.0000 guidance_active_next=False alg_raw_derivative=n/a alg_smoothed_derivative=n/a guidance_stop_epoch=55 train_acc=39.94% val_acc=28.37% best=29.17% lr=0.000406234 time=13.3s avg_epoch=16.9s est_planned=1h 24m 45s elapsed=25m 03s
[OURS][088/300] loss=2.5996 ce=2.5996 align=0.0000 fuse=0.0000 feature=0.0000 beta=0.0000 guidance_active_next=False alg_raw_derivative=n/a alg_smoothed_derivative=n/a guidance_stop_epoch=55 train_acc=39.42% val_acc=29.15% best=29.17% lr=0.000404194 time=12.9s avg_epoch=16.9s est_planned=1h 24m 31s elapsed=25m 16s
[OURS][089/300] loss=2.5384 ce=2.5384 align=0.0000 fuse=0.0000 feature=0.0000 beta=0.0000 guidance_active_next=False alg_raw_derivative=n/a alg_smoothed_derivative=n/a guidance_stop_epoch=55 train_acc=40.39% val_acc=28.93% best=29.17% lr=0.000402138 time=13.1s avg_epoch=16.9s est_planned=1h 24m 18s elapsed=25m 30s
[OURS][090/300] loss=2.5048 ce=2.5048 align=0.0000 fuse=0.0000 feature=0.0000 beta=0.0000 guidance_active_next=False alg_raw_derivative=n/a alg_smoothed_derivative=n/a guidance_stop_epoch=55 train_acc=41.35% val_acc=28.39% best=29.17% lr=0.000400066 time=13.0s avg_epoch=16.8s est_planned=1h 24m 05s elapsed=25m 43s
[OURS][091/300] loss=2.4994 ce=2.4994 align=0.0000 fuse=0.0000 feature=0.0000 beta=0.0000 guidance_active_next=False alg_raw_derivative=n/a alg_smoothed_derivative=n/a guidance_stop_epoch=55 train_acc=41.90% val_acc=28.13% best=29.17% lr=0.000397977 time=13.0s avg_epoch=16.8s est_planned=1h 23m 53s elapsed=25m 56s
[OURS][092/300] loss=2.4772 ce=2.4772 align=0.0000 fuse=0.0000 feature=0.0000 beta=0.0000 guidance_active_next=False alg_raw_derivative=n/a alg_smoothed_derivative=n/a guidance_stop_epoch=55 train_acc=42.17% val_acc=28.86% best=29.17% lr=0.000395872 time=13.2s avg_epoch=16.7s est_planned=1h 23m 41s elapsed=26m 09s
[OURS][093/300] loss=2.4564 ce=2.4564 align=0.0000 fuse=0.0000 feature=0.0000 beta=0.0000 guidance_active_next=False alg_raw_derivative=n/a alg_smoothed_derivative=n/a guidance_stop_epoch=55 train_acc=42.84% val_acc=30.65% best=30.65% lr=0.000393752 time=13.1s avg_epoch=16.7s est_planned=1h 23m 29s elapsed=26m 23s saved_best
[OURS][094/300] loss=2.3989 ce=2.3989 align=0.0000 fuse=0.0000 feature=0.0000 beta=0.0000 guidance_active_next=False alg_raw_derivative=n/a alg_smoothed_derivative=n/a guidance_stop_epoch=55 train_acc=43.95% val_acc=27.79% best=30.65% lr=0.000391616 time=13.1s avg_epoch=16.7s est_planned=1h 23m 18s elapsed=26m 36s
[OURS][095/300] loss=2.3784 ce=2.3784 align=0.0000 fuse=0.0000 feature=0.0000 beta=0.0000 guidance_active_next=False alg_raw_derivative=n/a alg_smoothed_derivative=n/a guidance_stop_epoch=55 train_acc=43.82% val_acc=30.31% best=30.65% lr=0.000389464 time=13.4s avg_epoch=16.6s est_planned=1h 23m 07s elapsed=26m 50s
[OURS][096/300] loss=2.3947 ce=2.3947 align=0.0000 fuse=0.0000 feature=0.0000 beta=0.0000 guidance_active_next=False alg_raw_derivative=n/a alg_smoothed_derivative=n/a guidance_stop_epoch=55 train_acc=44.67% val_acc=29.75% best=30.65% lr=0.000387298 time=13.5s avg_epoch=16.6s est_planned=1h 22m 58s elapsed=27m 03s
[OURS][097/300] loss=2.3450 ce=2.3450 align=0.0000 fuse=0.0000 feature=0.0000 beta=0.0000 guidance_active_next=False alg_raw_derivative=n/a alg_smoothed_derivative=n/a guidance_stop_epoch=55 train_acc=45.23% val_acc=29.36% best=30.65% lr=0.000385117 time=13.1s avg_epoch=16.6s est_planned=1h 22m 47s elapsed=27m 17s
[OURS][098/300] loss=2.3072 ce=2.3072 align=0.0000 fuse=0.0000 feature=0.0000 beta=0.0000 guidance_active_next=False alg_raw_derivative=n/a alg_smoothed_derivative=n/a guidance_stop_epoch=55 train_acc=46.24% val_acc=28.48% best=30.65% lr=0.000382922 time=12.8s avg_epoch=16.5s est_planned=1h 22m 35s elapsed=27m 30s
[OURS][099/300] loss=2.2706 ce=2.2706 align=0.0000 fuse=0.0000 feature=0.0000 beta=0.0000 guidance_active_next=False alg_raw_derivative=n/a alg_smoothed_derivative=n/a guidance_stop_epoch=55 train_acc=46.98% val_acc=29.34% best=30.65% lr=0.000380712 time=13.1s avg_epoch=16.5s est_planned=1h 22m 25s elapsed=27m 43s
[OURS][100/300] loss=2.2935 ce=2.2935 align=0.0000 fuse=0.0000 feature=0.0000 beta=0.0000 guidance_active_next=False alg_raw_derivative=n/a alg_smoothed_derivative=n/a guidance_stop_epoch=55 train_acc=46.57% val_acc=29.03% best=30.65% lr=0.000378488 time=13.2s avg_epoch=16.5s est_planned=1h 22m 15s elapsed=27m 56s
[OURS][101/300] loss=2.2931 ce=2.2931 align=0.0000 fuse=0.0000 feature=0.0000 beta=0.0000 guidance_active_next=False alg_raw_derivative=n/a alg_smoothed_derivative=n/a guidance_stop_epoch=55 train_acc=46.62% val_acc=28.55% best=30.65% lr=0.00037625 time=13.1s avg_epoch=16.4s est_planned=1h 22m 05s elapsed=28m 10s
[OURS][102/300] loss=2.2068 ce=2.2068 align=0.0000 fuse=0.0000 feature=0.0000 beta=0.0000 guidance_active_next=False alg_raw_derivative=n/a alg_smoothed_derivative=n/a guidance_stop_epoch=55 train_acc=48.77% val_acc=28.25% best=30.65% lr=0.000373999 time=13.0s avg_epoch=16.4s est_planned=1h 21m 55s elapsed=28m 23s
[OURS][103/300] loss=2.2311 ce=2.2311 align=0.0000 fuse=0.0000 feature=0.0000 beta=0.0000 guidance_active_next=False alg_raw_derivative=n/a alg_smoothed_derivative=n/a guidance_stop_epoch=55 train_acc=48.24% val_acc=28.77% best=30.65% lr=0.000371734 time=13.1s avg_epoch=16.4s est_planned=1h 21m 45s elapsed=28m 36s
[OURS][104/300] loss=2.2312 ce=2.2312 align=0.0000 fuse=0.0000 feature=0.0000 beta=0.0000 guidance_active_next=False alg_raw_derivative=n/a alg_smoothed_derivative=n/a guidance_stop_epoch=55 train_acc=48.94% val_acc=29.88% best=30.65% lr=0.000369456 time=13.5s avg_epoch=16.3s est_planned=1h 21m 37s elapsed=28m 50s
[OURS][105/300] loss=2.1783 ce=2.1783 align=0.0000 fuse=0.0000 feature=0.0000 beta=0.0000 guidance_active_next=False alg_raw_derivative=n/a alg_smoothed_derivative=n/a guidance_stop_epoch=55 train_acc=49.85% val_acc=29.57% best=30.65% lr=0.000367166 time=13.1s avg_epoch=16.3s est_planned=1h 21m 28s elapsed=29m 03s
[OURS][106/300] loss=2.2041 ce=2.2041 align=0.0000 fuse=0.0000 feature=0.0000 beta=0.0000 guidance_active_next=False alg_raw_derivative=n/a alg_smoothed_derivative=n/a guidance_stop_epoch=55 train_acc=47.92% val_acc=28.82% best=30.65% lr=0.000364863 time=13.1s avg_epoch=16.3s est_planned=1h 21m 19s elapsed=29m 16s
[OURS][107/300] loss=2.1344 ce=2.1344 align=0.0000 fuse=0.0000 feature=0.0000 beta=0.0000 guidance_active_next=False alg_raw_derivative=n/a alg_smoothed_derivative=n/a guidance_stop_epoch=55 train_acc=50.35% val_acc=28.91% best=30.65% lr=0.000362547 time=13.0s avg_epoch=16.2s est_planned=1h 21m 10s elapsed=29m 30s
[OURS][108/300] loss=2.1387 ce=2.1387 align=0.0000 fuse=0.0000 feature=0.0000 beta=0.0000 guidance_active_next=False alg_raw_derivative=n/a alg_smoothed_derivative=n/a guidance_stop_epoch=55 train_acc=50.39% val_acc=27.93% best=30.65% lr=0.00036022 time=12.7s avg_epoch=16.2s est_planned=1h 21m 00s elapsed=29m 43s
[OURS][109/300] loss=2.0945 ce=2.0945 align=0.0000 fuse=0.0000 feature=0.0000 beta=0.0000 guidance_active_next=False alg_raw_derivative=n/a alg_smoothed_derivative=n/a guidance_stop_epoch=55 train_acc=51.33% val_acc=29.01% best=30.65% lr=0.00035788 time=13.1s avg_epoch=16.2s est_planned=1h 20m 51s elapsed=29m 56s
[OURS][110/300] loss=2.0328 ce=2.0328 align=0.0000 fuse=0.0000 feature=0.0000 beta=0.0000 guidance_active_next=False alg_raw_derivative=n/a alg_smoothed_derivative=n/a guidance_stop_epoch=55 train_acc=52.10% val_acc=27.82% best=30.65% lr=0.000355529 time=13.0s avg_epoch=16.1s est_planned=1h 20m 43s elapsed=30m 09s
[OURS][111/300] loss=1.9838 ce=1.9838 align=0.0000 fuse=0.0000 feature=0.0000 beta=0.0000 guidance_active_next=False alg_raw_derivative=n/a alg_smoothed_derivative=n/a guidance_stop_epoch=55 train_acc=53.56% val_acc=29.32% best=30.65% lr=0.000353167 time=12.9s avg_epoch=16.1s est_planned=1h 20m 34s elapsed=30m 22s
[OURS][112/300] loss=2.0327 ce=2.0327 align=0.0000 fuse=0.0000 feature=0.0000 beta=0.0000 guidance_active_next=False alg_raw_derivative=n/a alg_smoothed_derivative=n/a guidance_stop_epoch=55 train_acc=52.81% val_acc=29.15% best=30.65% lr=0.000350794 time=13.2s avg_epoch=16.1s est_planned=1h 20m 26s elapsed=30m 36s
[OURS][113/300] loss=1.9988 ce=1.9988 align=0.0000 fuse=0.0000 feature=0.0000 beta=0.0000 guidance_active_next=False alg_raw_derivative=n/a alg_smoothed_derivative=n/a guidance_stop_epoch=55 train_acc=53.36% val_acc=29.93% best=30.65% lr=0.00034841 time=13.1s avg_epoch=16.1s est_planned=1h 20m 18s elapsed=30m 49s
[OURS][114/300] loss=2.0036 ce=2.0036 align=0.0000 fuse=0.0000 feature=0.0000 beta=0.0000 guidance_active_next=False alg_raw_derivative=n/a alg_smoothed_derivative=n/a guidance_stop_epoch=55 train_acc=52.82% val_acc=29.20% best=30.65% lr=0.000346016 time=13.2s avg_epoch=16.0s est_planned=1h 20m 11s elapsed=31m 02s
[OURS][115/300] loss=1.9713 ce=1.9713 align=0.0000 fuse=0.0000 feature=0.0000 beta=0.0000 guidance_active_next=False alg_raw_derivative=n/a alg_smoothed_derivative=n/a guidance_stop_epoch=55 train_acc=53.80% val_acc=28.13% best=30.65% lr=0.000343611 time=13.1s avg_epoch=16.0s est_planned=1h 20m 03s elapsed=31m 16s
[OURS][116/300] loss=2.0018 ce=2.0018 align=0.0000 fuse=0.0000 feature=0.0000 beta=0.0000 guidance_active_next=False alg_raw_derivative=n/a alg_smoothed_derivative=n/a guidance_stop_epoch=55 train_acc=54.07% val_acc=29.25% best=30.65% lr=0.000341196 time=13.1s avg_epoch=16.0s est_planned=1h 19m 55s elapsed=31m 29s
[OURS][117/300] loss=1.9226 ce=1.9226 align=0.0000 fuse=0.0000 feature=0.0000 beta=0.0000 guidance_active_next=False alg_raw_derivative=n/a alg_smoothed_derivative=n/a guidance_stop_epoch=55 train_acc=55.01% val_acc=29.20% best=30.65% lr=0.000338772 time=12.9s avg_epoch=16.0s est_planned=1h 19m 47s elapsed=31m 42s
[OURS][118/300] loss=1.9066 ce=1.9066 align=0.0000 fuse=0.0000 feature=0.0000 beta=0.0000 guidance_active_next=False alg_raw_derivative=n/a alg_smoothed_derivative=n/a guidance_stop_epoch=55 train_acc=55.63% val_acc=28.70% best=30.65% lr=0.000336338 time=13.0s avg_epoch=15.9s est_planned=1h 19m 40s elapsed=31m 55s
[OURS][119/300] loss=1.9232 ce=1.9232 align=0.0000 fuse=0.0000 feature=0.0000 beta=0.0000 guidance_active_next=False alg_raw_derivative=n/a alg_smoothed_derivative=n/a guidance_stop_epoch=55 train_acc=54.91% val_acc=29.08% best=30.65% lr=0.000333894 time=13.0s avg_epoch=15.9s est_planned=1h 19m 32s elapsed=32m 08s
[OURS][120/300] loss=1.8882 ce=1.8882 align=0.0000 fuse=0.0000 feature=0.0000 beta=0.0000 guidance_active_next=False alg_raw_derivative=n/a alg_smoothed_derivative=n/a guidance_stop_epoch=55 train_acc=56.38% val_acc=29.06% best=30.65% lr=0.000331442 time=12.8s avg_epoch=15.9s est_planned=1h 19m 25s elapsed=32m 21s
[OURS][121/300] loss=1.8815 ce=1.8815 align=0.0000 fuse=0.0000 feature=0.0000 beta=0.0000 guidance_active_next=False alg_raw_derivative=n/a alg_smoothed_derivative=n/a guidance_stop_epoch=55 train_acc=55.90% val_acc=29.91% best=30.65% lr=0.000328982 time=13.2s avg_epoch=15.9s est_planned=1h 19m 18s elapsed=32m 35s
[OURS][122/300] loss=1.9059 ce=1.9059 align=0.0000 fuse=0.0000 feature=0.0000 beta=0.0000 guidance_active_next=False alg_raw_derivative=n/a alg_smoothed_derivative=n/a guidance_stop_epoch=55 train_acc=55.06% val_acc=28.84% best=30.65% lr=0.000326513 time=13.0s avg_epoch=15.8s est_planned=1h 19m 11s elapsed=32m 48s
[OURS][123/300] loss=1.8688 ce=1.8688 align=0.0000 fuse=0.0000 feature=0.0000 beta=0.0000 guidance_active_next=False alg_raw_derivative=n/a alg_smoothed_derivative=n/a guidance_stop_epoch=55 train_acc=56.67% val_acc=28.44% best=30.65% lr=0.000324035 time=13.1s avg_epoch=15.8s est_planned=1h 19m 04s elapsed=33m 01s
[OURS][124/300] loss=1.8863 ce=1.8863 align=0.0000 fuse=0.0000 feature=0.0000 beta=0.0000 guidance_active_next=False alg_raw_derivative=n/a alg_smoothed_derivative=n/a guidance_stop_epoch=55 train_acc=56.57% val_acc=28.94% best=30.65% lr=0.00032155 time=13.0s avg_epoch=15.8s est_planned=1h 18m 58s elapsed=33m 15s
[OURS][125/300] loss=1.8000 ce=1.8000 align=0.0000 fuse=0.0000 feature=0.0000 beta=0.0000 guidance_active_next=False alg_raw_derivative=n/a alg_smoothed_derivative=n/a guidance_stop_epoch=55 train_acc=57.75% val_acc=29.51% best=30.65% lr=0.000319058 time=13.0s avg_epoch=15.8s est_planned=1h 18m 51s elapsed=33m 28s
[OURS][126/300] loss=1.8463 ce=1.8463 align=0.0000 fuse=0.0000 feature=0.0000 beta=0.0000 guidance_active_next=False alg_raw_derivative=n/a alg_smoothed_derivative=n/a guidance_stop_epoch=55 train_acc=57.16% val_acc=29.29% best=30.65% lr=0.000316558 time=13.1s avg_epoch=15.7s est_planned=1h 18m 44s elapsed=33m 41s
[OURS][127/300] loss=1.8182 ce=1.8182 align=0.0000 fuse=0.0000 feature=0.0000 beta=0.0000 guidance_active_next=False alg_raw_derivative=n/a alg_smoothed_derivative=n/a guidance_stop_epoch=55 train_acc=57.73% val_acc=28.65% best=30.65% lr=0.000314051 time=13.0s avg_epoch=15.7s est_planned=1h 18m 38s elapsed=33m 54s
[OURS][128/300] loss=1.7359 ce=1.7359 align=0.0000 fuse=0.0000 feature=0.0000 beta=0.0000 guidance_active_next=False alg_raw_derivative=n/a alg_smoothed_derivative=n/a guidance_stop_epoch=55 train_acc=59.31% val_acc=29.20% best=30.65% lr=0.000311537 time=13.0s avg_epoch=15.7s est_planned=1h 18m 32s elapsed=34m 07s
[OURS][129/300] loss=1.7503 ce=1.7503 align=0.0000 fuse=0.0000 feature=0.0000 beta=0.0000 guidance_active_next=False alg_raw_derivative=n/a alg_smoothed_derivative=n/a guidance_stop_epoch=55 train_acc=59.32% val_acc=28.93% best=30.65% lr=0.000309017 time=13.0s avg_epoch=15.7s est_planned=1h 18m 25s elapsed=34m 21s
[OURS][130/300] loss=1.7843 ce=1.7843 align=0.0000 fuse=0.0000 feature=0.0000 beta=0.0000 guidance_active_next=False alg_raw_derivative=n/a alg_smoothed_derivative=n/a guidance_stop_epoch=55 train_acc=58.06% val_acc=29.31% best=30.65% lr=0.00030649 time=13.0s avg_epoch=15.7s est_planned=1h 18m 19s elapsed=34m 34s
[OURS][131/300] loss=1.7611 ce=1.7611 align=0.0000 fuse=0.0000 feature=0.0000 beta=0.0000 guidance_active_next=False alg_raw_derivative=n/a alg_smoothed_derivative=n/a guidance_stop_epoch=55 train_acc=59.17% val_acc=28.41% best=30.65% lr=0.000303958 time=13.0s avg_epoch=15.6s est_planned=1h 18m 13s elapsed=34m 47s
[OURS][132/300] loss=1.7435 ce=1.7435 align=0.0000 fuse=0.0000 feature=0.0000 beta=0.0000 guidance_active_next=False alg_raw_derivative=n/a alg_smoothed_derivative=n/a guidance_stop_epoch=55 train_acc=59.16% val_acc=28.20% best=30.65% lr=0.00030142 time=13.1s avg_epoch=15.6s est_planned=1h 18m 07s elapsed=35m 00s
[OURS][133/300] loss=1.7101 ce=1.7101 align=0.0000 fuse=0.0000 feature=0.0000 beta=0.0000 guidance_active_next=False alg_raw_derivative=n/a alg_smoothed_derivative=n/a guidance_stop_epoch=55 train_acc=60.03% val_acc=27.86% best=30.65% lr=0.000298877 time=13.0s avg_epoch=15.6s est_planned=1h 18m 01s elapsed=35m 14s
[OURS][134/300] loss=1.6716 ce=1.6716 align=0.0000 fuse=0.0000 feature=0.0000 beta=0.0000 guidance_active_next=False alg_raw_derivative=n/a alg_smoothed_derivative=n/a guidance_stop_epoch=55 train_acc=61.22% val_acc=27.27% best=30.65% lr=0.000296328 time=13.2s avg_epoch=15.6s est_planned=1h 17m 56s elapsed=35m 27s
[OURS][135/300] loss=1.6753 ce=1.6753 align=0.0000 fuse=0.0000 feature=0.0000 beta=0.0000 guidance_active_next=False alg_raw_derivative=n/a alg_smoothed_derivative=n/a guidance_stop_epoch=55 train_acc=61.32% val_acc=28.41% best=30.65% lr=0.000293775 time=13.2s avg_epoch=15.6s est_planned=1h 17m 51s elapsed=35m 40s
[OURS][136/300] loss=1.6766 ce=1.6766 align=0.0000 fuse=0.0000 feature=0.0000 beta=0.0000 guidance_active_next=False alg_raw_derivative=n/a alg_smoothed_derivative=n/a guidance_stop_epoch=55 train_acc=61.17% val_acc=28.94% best=30.65% lr=0.000291218 time=13.2s avg_epoch=15.6s est_planned=1h 17m 45s elapsed=35m 54s
[OURS][137/300] loss=1.6017 ce=1.6017 align=0.0000 fuse=0.0000 feature=0.0000 beta=0.0000 guidance_active_next=False alg_raw_derivative=n/a alg_smoothed_derivative=n/a guidance_stop_epoch=55 train_acc=62.18% val_acc=28.84% best=30.65% lr=0.000288656 time=13.1s avg_epoch=15.5s est_planned=1h 17m 40s elapsed=36m 07s
[OURS][138/300] loss=1.6462 ce=1.6462 align=0.0000 fuse=0.0000 feature=0.0000 beta=0.0000 guidance_active_next=False alg_raw_derivative=n/a alg_smoothed_derivative=n/a guidance_stop_epoch=55 train_acc=61.91% val_acc=28.34% best=30.65% lr=0.00028609 time=13.2s avg_epoch=15.5s est_planned=1h 17m 35s elapsed=36m 20s
[OURS][139/300] loss=1.6169 ce=1.6169 align=0.0000 fuse=0.0000 feature=0.0000 beta=0.0000 guidance_active_next=False alg_raw_derivative=n/a alg_smoothed_derivative=n/a guidance_stop_epoch=55 train_acc=61.69% val_acc=28.25% best=30.65% lr=0.00028352 time=13.2s avg_epoch=15.5s est_planned=1h 17m 30s elapsed=36m 34s
[OURS][140/300] loss=1.6190 ce=1.6190 align=0.0000 fuse=0.0000 feature=0.0000 beta=0.0000 guidance_active_next=False alg_raw_derivative=n/a alg_smoothed_derivative=n/a guidance_stop_epoch=55 train_acc=62.40% val_acc=28.20% best=30.65% lr=0.000280947 time=13.1s avg_epoch=15.5s est_planned=1h 17m 25s elapsed=36m 47s
[OURS][141/300] loss=1.5854 ce=1.5854 align=0.0000 fuse=0.0000 feature=0.0000 beta=0.0000 guidance_active_next=False alg_raw_derivative=n/a alg_smoothed_derivative=n/a guidance_stop_epoch=55 train_acc=62.72% val_acc=28.29% best=30.65% lr=0.000278371 time=13.1s avg_epoch=15.5s est_planned=1h 17m 19s elapsed=37m 00s
[OURS][142/300] loss=1.6315 ce=1.6315 align=0.0000 fuse=0.0000 feature=0.0000 beta=0.0000 guidance_active_next=False alg_raw_derivative=n/a alg_smoothed_derivative=n/a guidance_stop_epoch=55 train_acc=61.83% val_acc=27.56% best=30.65% lr=0.000275792 time=12.9s avg_epoch=15.4s est_planned=1h 17m 14s elapsed=37m 13s
[OURS][143/300] loss=1.5788 ce=1.5788 align=0.0000 fuse=0.0000 feature=0.0000 beta=0.0000 guidance_active_next=False alg_raw_derivative=n/a alg_smoothed_derivative=n/a guidance_stop_epoch=55 train_acc=62.85% val_acc=28.03% best=30.65% lr=0.00027321 time=13.1s avg_epoch=15.4s est_planned=1h 17m 09s elapsed=37m 27s
[OURS][144/300] loss=1.5461 ce=1.5461 align=0.0000 fuse=0.0000 feature=0.0000 beta=0.0000 guidance_active_next=False alg_raw_derivative=n/a alg_smoothed_derivative=n/a guidance_stop_epoch=55 train_acc=64.08% val_acc=27.67% best=30.65% lr=0.000270626 time=13.1s avg_epoch=15.4s est_planned=1h 17m 04s elapsed=37m 40s
[OURS][145/300] loss=1.5464 ce=1.5464 align=0.0000 fuse=0.0000 feature=0.0000 beta=0.0000 guidance_active_next=False alg_raw_derivative=n/a alg_smoothed_derivative=n/a guidance_stop_epoch=55 train_acc=64.60% val_acc=28.15% best=30.65% lr=0.000268041 time=13.1s avg_epoch=15.4s est_planned=1h 17m 00s elapsed=37m 53s
[OURS][146/300] loss=1.5091 ce=1.5091 align=0.0000 fuse=0.0000 feature=0.0000 beta=0.0000 guidance_active_next=False alg_raw_derivative=n/a alg_smoothed_derivative=n/a guidance_stop_epoch=55 train_acc=64.87% val_acc=29.12% best=30.65% lr=0.000265453 time=13.2s avg_epoch=15.4s est_planned=1h 16m 55s elapsed=38m 07s
[OURS][147/300] loss=1.5215 ce=1.5215 align=0.0000 fuse=0.0000 feature=0.0000 beta=0.0000 guidance_active_next=False alg_raw_derivative=n/a alg_smoothed_derivative=n/a guidance_stop_epoch=55 train_acc=64.36% val_acc=28.06% best=30.65% lr=0.000262864 time=13.0s avg_epoch=15.4s est_planned=1h 16m 50s elapsed=38m 20s
[OURS][148/300] loss=1.5224 ce=1.5224 align=0.0000 fuse=0.0000 feature=0.0000 beta=0.0000 guidance_active_next=False alg_raw_derivative=n/a alg_smoothed_derivative=n/a guidance_stop_epoch=55 train_acc=64.26% val_acc=28.39% best=30.65% lr=0.000260274 time=13.3s avg_epoch=15.4s est_planned=1h 16m 46s elapsed=38m 33s
[OURS][149/300] loss=1.5301 ce=1.5301 align=0.0000 fuse=0.0000 feature=0.0000 beta=0.0000 guidance_active_next=False alg_raw_derivative=n/a alg_smoothed_derivative=n/a guidance_stop_epoch=55 train_acc=64.57% val_acc=28.67% best=30.65% lr=0.000257683 time=13.1s avg_epoch=15.3s est_planned=1h 16m 42s elapsed=38m 47s
[OURS][150/300] loss=1.5592 ce=1.5592 align=0.0000 fuse=0.0000 feature=0.0000 beta=0.0000 guidance_active_next=False alg_raw_derivative=n/a alg_smoothed_derivative=n/a guidance_stop_epoch=55 train_acc=63.89% val_acc=28.41% best=30.65% lr=0.000255092 time=13.2s avg_epoch=15.3s est_planned=1h 16m 37s elapsed=39m 00s
[OURS][151/300] loss=1.4706 ce=1.4706 align=0.0000 fuse=0.0000 feature=0.0000 beta=0.0000 guidance_active_next=False alg_raw_derivative=n/a alg_smoothed_derivative=n/a guidance_stop_epoch=55 train_acc=65.94% val_acc=28.22% best=30.65% lr=0.0002525 time=13.2s avg_epoch=15.3s est_planned=1h 16m 33s elapsed=39m 14s
[OURS][152/300] loss=1.4847 ce=1.4847 align=0.0000 fuse=0.0000 feature=0.0000 beta=0.0000 guidance_active_next=False alg_raw_derivative=n/a alg_smoothed_derivative=n/a guidance_stop_epoch=55 train_acc=64.78% val_acc=27.67% best=30.65% lr=0.000249908 time=13.1s avg_epoch=15.3s est_planned=1h 16m 29s elapsed=39m 27s
[OURS][153/300] loss=1.4595 ce=1.4595 align=0.0000 fuse=0.0000 feature=0.0000 beta=0.0000 guidance_active_next=False alg_raw_derivative=n/a alg_smoothed_derivative=n/a guidance_stop_epoch=55 train_acc=65.93% val_acc=28.74% best=30.65% lr=0.000247317 time=13.1s avg_epoch=15.3s est_planned=1h 16m 24s elapsed=39m 40s
[OURS][154/300] loss=1.4010 ce=1.4010 align=0.0000 fuse=0.0000 feature=0.0000 beta=0.0000 guidance_active_next=False alg_raw_derivative=n/a alg_smoothed_derivative=n/a guidance_stop_epoch=55 train_acc=67.29% val_acc=29.50% best=30.65% lr=0.000244726 time=13.1s avg_epoch=15.3s est_planned=1h 16m 20s elapsed=39m 54s
[OURS][155/300] loss=1.4421 ce=1.4421 align=0.0000 fuse=0.0000 feature=0.0000 beta=0.0000 guidance_active_next=False alg_raw_derivative=n/a alg_smoothed_derivative=n/a guidance_stop_epoch=55 train_acc=66.95% val_acc=27.93% best=30.65% lr=0.000242136 time=13.0s avg_epoch=15.3s est_planned=1h 16m 16s elapsed=40m 07s
[OURS][156/300] loss=1.4703 ce=1.4703 align=0.0000 fuse=0.0000 feature=0.0000 beta=0.0000 guidance_active_next=False alg_raw_derivative=n/a alg_smoothed_derivative=n/a guidance_stop_epoch=55 train_acc=65.51% val_acc=29.69% best=30.65% lr=0.000239547 time=13.1s avg_epoch=15.2s est_planned=1h 16m 12s elapsed=40m 20s
[OURS][157/300] loss=1.4022 ce=1.4022 align=0.0000 fuse=0.0000 feature=0.0000 beta=0.0000 guidance_active_next=False alg_raw_derivative=n/a alg_smoothed_derivative=n/a guidance_stop_epoch=55 train_acc=67.24% val_acc=27.79% best=30.65% lr=0.000236959 time=13.2s avg_epoch=15.2s est_planned=1h 16m 08s elapsed=40m 33s
[OURS][158/300] loss=1.4433 ce=1.4433 align=0.0000 fuse=0.0000 feature=0.0000 beta=0.0000 guidance_active_next=False alg_raw_derivative=n/a alg_smoothed_derivative=n/a guidance_stop_epoch=55 train_acc=66.16% val_acc=27.94% best=30.65% lr=0.000234374 time=12.9s avg_epoch=15.2s est_planned=1h 16m 03s elapsed=40m 47s
[OURS][159/300] loss=1.4168 ce=1.4168 align=0.0000 fuse=0.0000 feature=0.0000 beta=0.0000 guidance_active_next=False alg_raw_derivative=n/a alg_smoothed_derivative=n/a guidance_stop_epoch=55 train_acc=67.17% val_acc=27.51% best=30.65% lr=0.00023179 time=13.2s avg_epoch=15.2s est_planned=1h 15m 59s elapsed=41m 00s
[OURS][160/300] loss=1.4367 ce=1.4367 align=0.0000 fuse=0.0000 feature=0.0000 beta=0.0000 guidance_active_next=False alg_raw_derivative=n/a alg_smoothed_derivative=n/a guidance_stop_epoch=55 train_acc=66.01% val_acc=29.06% best=30.65% lr=0.000229208 time=12.8s avg_epoch=15.2s est_planned=1h 15m 55s elapsed=41m 13s
[OURS][161/300] loss=1.3815 ce=1.3815 align=0.0000 fuse=0.0000 feature=0.0000 beta=0.0000 guidance_active_next=False alg_raw_derivative=n/a alg_smoothed_derivative=n/a guidance_stop_epoch=55 train_acc=67.46% val_acc=28.32% best=30.65% lr=0.000226629 time=12.9s avg_epoch=15.2s est_planned=1h 15m 51s elapsed=41m 26s
[OURS][162/300] loss=1.4286 ce=1.4286 align=0.0000 fuse=0.0000 feature=0.0000 beta=0.0000 guidance_active_next=False alg_raw_derivative=n/a alg_smoothed_derivative=n/a guidance_stop_epoch=55 train_acc=66.97% val_acc=27.60% best=30.65% lr=0.000224053 time=13.0s avg_epoch=15.2s est_planned=1h 15m 47s elapsed=41m 39s
[OURS][163/300] loss=1.3897 ce=1.3897 align=0.0000 fuse=0.0000 feature=0.0000 beta=0.0000 guidance_active_next=False alg_raw_derivative=n/a alg_smoothed_derivative=n/a guidance_stop_epoch=55 train_acc=67.37% val_acc=28.34% best=30.65% lr=0.00022148 time=12.9s avg_epoch=15.1s est_planned=1h 15m 43s elapsed=41m 52s
[OURS][164/300] loss=1.3570 ce=1.3570 align=0.0000 fuse=0.0000 feature=0.0000 beta=0.0000 guidance_active_next=False alg_raw_derivative=n/a alg_smoothed_derivative=n/a guidance_stop_epoch=55 train_acc=68.60% val_acc=28.72% best=30.65% lr=0.00021891 time=12.9s avg_epoch=15.1s est_planned=1h 15m 39s elapsed=42m 06s
[OURS][165/300] loss=1.3789 ce=1.3789 align=0.0000 fuse=0.0000 feature=0.0000 beta=0.0000 guidance_active_next=False alg_raw_derivative=n/a alg_smoothed_derivative=n/a guidance_stop_epoch=55 train_acc=67.86% val_acc=27.84% best=30.65% lr=0.000216344 time=13.2s avg_epoch=15.1s est_planned=1h 15m 35s elapsed=42m 19s
[OURS][166/300] loss=1.3420 ce=1.3420 align=0.0000 fuse=0.0000 feature=0.0000 beta=0.0000 guidance_active_next=False alg_raw_derivative=n/a alg_smoothed_derivative=n/a guidance_stop_epoch=55 train_acc=68.40% val_acc=27.99% best=30.65% lr=0.000213782 time=13.2s avg_epoch=15.1s est_planned=1h 15m 32s elapsed=42m 32s
[OURS][167/300] loss=1.3528 ce=1.3528 align=0.0000 fuse=0.0000 feature=0.0000 beta=0.0000 guidance_active_next=False alg_raw_derivative=n/a alg_smoothed_derivative=n/a guidance_stop_epoch=55 train_acc=68.41% val_acc=28.84% best=30.65% lr=0.000211225 time=13.1s avg_epoch=15.1s est_planned=1h 15m 28s elapsed=42m 46s
[OURS][168/300] loss=1.3301 ce=1.3301 align=0.0000 fuse=0.0000 feature=0.0000 beta=0.0000 guidance_active_next=False alg_raw_derivative=n/a alg_smoothed_derivative=n/a guidance_stop_epoch=55 train_acc=68.67% val_acc=28.34% best=30.65% lr=0.000208672 time=13.2s avg_epoch=15.1s est_planned=1h 15m 25s elapsed=42m 59s
[OURS][169/300] loss=1.3212 ce=1.3212 align=0.0000 fuse=0.0000 feature=0.0000 beta=0.0000 guidance_active_next=False alg_raw_derivative=n/a alg_smoothed_derivative=n/a guidance_stop_epoch=55 train_acc=69.34% val_acc=27.48% best=30.65% lr=0.000206123 time=13.1s avg_epoch=15.1s est_planned=1h 15m 21s elapsed=43m 12s
[OURS][170/300] loss=1.3449 ce=1.3449 align=0.0000 fuse=0.0000 feature=0.0000 beta=0.0000 guidance_active_next=False alg_raw_derivative=n/a alg_smoothed_derivative=n/a guidance_stop_epoch=55 train_acc=68.82% val_acc=28.63% best=30.65% lr=0.00020358 time=13.1s avg_epoch=15.1s est_planned=1h 15m 18s elapsed=43m 26s
[OURS][171/300] loss=1.2963 ce=1.2963 align=0.0000 fuse=0.0000 feature=0.0000 beta=0.0000 guidance_active_next=False alg_raw_derivative=n/a alg_smoothed_derivative=n/a guidance_stop_epoch=55 train_acc=69.93% val_acc=28.55% best=30.65% lr=0.000201042 time=13.0s avg_epoch=15.0s est_planned=1h 15m 14s elapsed=43m 39s
[OURS][172/300] loss=1.3560 ce=1.3560 align=0.0000 fuse=0.0000 feature=0.0000 beta=0.0000 guidance_active_next=False alg_raw_derivative=n/a alg_smoothed_derivative=n/a guidance_stop_epoch=55 train_acc=67.88% val_acc=28.58% best=30.65% lr=0.00019851 time=13.1s avg_epoch=15.0s est_planned=1h 15m 11s elapsed=43m 52s
[OURS][173/300] loss=1.2916 ce=1.2916 align=0.0000 fuse=0.0000 feature=0.0000 beta=0.0000 guidance_active_next=False alg_raw_derivative=n/a alg_smoothed_derivative=n/a guidance_stop_epoch=55 train_acc=69.62% val_acc=28.24% best=30.65% lr=0.000195983 time=13.1s avg_epoch=15.0s est_planned=1h 15m 07s elapsed=44m 06s
[OURS][174/300] loss=1.2749 ce=1.2749 align=0.0000 fuse=0.0000 feature=0.0000 beta=0.0000 guidance_active_next=False alg_raw_derivative=n/a alg_smoothed_derivative=n/a guidance_stop_epoch=55 train_acc=70.38% val_acc=27.84% best=30.65% lr=0.000193463 time=13.2s avg_epoch=15.0s est_planned=1h 15m 04s elapsed=44m 19s
[OURS][175/300] loss=1.2779 ce=1.2779 align=0.0000 fuse=0.0000 feature=0.0000 beta=0.0000 guidance_active_next=False alg_raw_derivative=n/a alg_smoothed_derivative=n/a guidance_stop_epoch=55 train_acc=70.18% val_acc=28.29% best=30.65% lr=0.000190949 time=13.1s avg_epoch=15.0s est_planned=1h 15m 01s elapsed=44m 32s
[OURS][176/300] loss=1.2507 ce=1.2507 align=0.0000 fuse=0.0000 feature=0.0000 beta=0.0000 guidance_active_next=False alg_raw_derivative=n/a alg_smoothed_derivative=n/a guidance_stop_epoch=55 train_acc=69.99% val_acc=28.89% best=30.65% lr=0.000188442 time=12.9s avg_epoch=15.0s est_planned=1h 14m 57s elapsed=44m 45s
[OURS][177/300] loss=1.2385 ce=1.2385 align=0.0000 fuse=0.0000 feature=0.0000 beta=0.0000 guidance_active_next=False alg_raw_derivative=n/a alg_smoothed_derivative=n/a guidance_stop_epoch=55 train_acc=70.55% val_acc=28.56% best=30.65% lr=0.000185942 time=13.1s avg_epoch=15.0s est_planned=1h 14m 54s elapsed=44m 59s
[OURS][178/300] loss=1.2468 ce=1.2468 align=0.0000 fuse=0.0000 feature=0.0000 beta=0.0000 guidance_active_next=False alg_raw_derivative=n/a alg_smoothed_derivative=n/a guidance_stop_epoch=55 train_acc=70.45% val_acc=28.29% best=30.65% lr=0.00018345 time=13.4s avg_epoch=15.0s est_planned=1h 14m 51s elapsed=45m 12s
[OURS][179/300] loss=1.2915 ce=1.2915 align=0.0000 fuse=0.0000 feature=0.0000 beta=0.0000 guidance_active_next=False alg_raw_derivative=n/a alg_smoothed_derivative=n/a guidance_stop_epoch=55 train_acc=69.83% val_acc=28.18% best=30.65% lr=0.000180965 time=13.2s avg_epoch=15.0s est_planned=1h 14m 49s elapsed=45m 26s
[OURS][180/300] loss=1.2273 ce=1.2273 align=0.0000 fuse=0.0000 feature=0.0000 beta=0.0000 guidance_active_next=False alg_raw_derivative=n/a alg_smoothed_derivative=n/a guidance_stop_epoch=55 train_acc=70.88% val_acc=28.31% best=30.65% lr=0.000178487 time=13.3s avg_epoch=15.0s est_planned=1h 14m 46s elapsed=45m 39s
[OURS][181/300] loss=1.2339 ce=1.2339 align=0.0000 fuse=0.0000 feature=0.0000 beta=0.0000 guidance_active_next=False alg_raw_derivative=n/a alg_smoothed_derivative=n/a guidance_stop_epoch=55 train_acc=71.39% val_acc=29.43% best=30.65% lr=0.000176018 time=13.2s avg_epoch=14.9s est_planned=1h 14m 43s elapsed=45m 53s
[OURS][182/300] loss=1.2003 ce=1.2003 align=0.0000 fuse=0.0000 feature=0.0000 beta=0.0000 guidance_active_next=False alg_raw_derivative=n/a alg_smoothed_derivative=n/a guidance_stop_epoch=55 train_acc=71.79% val_acc=28.17% best=30.65% lr=0.000173558 time=13.2s avg_epoch=14.9s est_planned=1h 14m 40s elapsed=46m 06s
[OURS][183/300] loss=1.2473 ce=1.2473 align=0.0000 fuse=0.0000 feature=0.0000 beta=0.0000 guidance_active_next=False alg_raw_derivative=n/a alg_smoothed_derivative=n/a guidance_stop_epoch=55 train_acc=70.72% val_acc=27.80% best=30.65% lr=0.000171106 time=13.1s avg_epoch=14.9s est_planned=1h 14m 37s elapsed=46m 19s
[OURS][184/300] loss=1.1208 ce=1.1208 align=0.0000 fuse=0.0000 feature=0.0000 beta=0.0000 guidance_active_next=False alg_raw_derivative=n/a alg_smoothed_derivative=n/a guidance_stop_epoch=55 train_acc=73.67% val_acc=28.29% best=30.65% lr=0.000168662 time=13.2s avg_epoch=14.9s est_planned=1h 14m 34s elapsed=46m 33s
[OURS][185/300] loss=1.2175 ce=1.2175 align=0.0000 fuse=0.0000 feature=0.0000 beta=0.0000 guidance_active_next=False alg_raw_derivative=n/a alg_smoothed_derivative=n/a guidance_stop_epoch=55 train_acc=71.62% val_acc=28.63% best=30.65% lr=0.000166228 time=13.2s avg_epoch=14.9s est_planned=1h 14m 31s elapsed=46m 46s
[OURS][186/300] loss=1.1901 ce=1.1901 align=0.0000 fuse=0.0000 feature=0.0000 beta=0.0000 guidance_active_next=False alg_raw_derivative=n/a alg_smoothed_derivative=n/a guidance_stop_epoch=55 train_acc=71.54% val_acc=28.63% best=30.65% lr=0.000163804 time=13.2s avg_epoch=14.9s est_planned=1h 14m 28s elapsed=46m 59s
[OURS][187/300] loss=1.1600 ce=1.1600 align=0.0000 fuse=0.0000 feature=0.0000 beta=0.0000 guidance_active_next=False alg_raw_derivative=n/a alg_smoothed_derivative=n/a guidance_stop_epoch=55 train_acc=72.51% val_acc=28.77% best=30.65% lr=0.000161389 time=13.2s avg_epoch=14.9s est_planned=1h 14m 26s elapsed=47m 13s
[OURS][188/300] loss=1.1566 ce=1.1566 align=0.0000 fuse=0.0000 feature=0.0000 beta=0.0000 guidance_active_next=False alg_raw_derivative=n/a alg_smoothed_derivative=n/a guidance_stop_epoch=55 train_acc=72.80% val_acc=28.94% best=30.65% lr=0.000158984 time=13.2s avg_epoch=14.9s est_planned=1h 14m 23s elapsed=47m 26s
[OURS][189/300] loss=1.1568 ce=1.1568 align=0.0000 fuse=0.0000 feature=0.0000 beta=0.0000 guidance_active_next=False alg_raw_derivative=n/a alg_smoothed_derivative=n/a guidance_stop_epoch=55 train_acc=72.90% val_acc=28.18% best=30.65% lr=0.00015659 time=13.4s avg_epoch=14.9s est_planned=1h 14m 21s elapsed=47m 40s
[OURS][190/300] loss=1.1366 ce=1.1366 align=0.0000 fuse=0.0000 feature=0.0000 beta=0.0000 guidance_active_next=False alg_raw_derivative=n/a alg_smoothed_derivative=n/a guidance_stop_epoch=55 train_acc=73.40% val_acc=29.25% best=30.65% lr=0.000154206 time=13.1s avg_epoch=14.9s est_planned=1h 14m 18s elapsed=47m 53s
[OURS][191/300] loss=1.1473 ce=1.1473 align=0.0000 fuse=0.0000 feature=0.0000 beta=0.0000 guidance_active_next=False alg_raw_derivative=n/a alg_smoothed_derivative=n/a guidance_stop_epoch=55 train_acc=73.39% val_acc=28.60% best=30.65% lr=0.000151833 time=13.3s avg_epoch=14.9s est_planned=1h 14m 16s elapsed=48m 07s
[OURS][192/300] loss=1.1392 ce=1.1392 align=0.0000 fuse=0.0000 feature=0.0000 beta=0.0000 guidance_active_next=False alg_raw_derivative=n/a alg_smoothed_derivative=n/a guidance_stop_epoch=55 train_acc=73.12% val_acc=29.38% best=30.65% lr=0.000149471 time=13.0s avg_epoch=14.8s est_planned=1h 14m 13s elapsed=48m 20s
[OURS][193/300] loss=1.1178 ce=1.1178 align=0.0000 fuse=0.0000 feature=0.0000 beta=0.0000 guidance_active_next=False alg_raw_derivative=n/a alg_smoothed_derivative=n/a guidance_stop_epoch=55 train_acc=73.62% val_acc=28.68% best=30.65% lr=0.00014712 time=13.0s avg_epoch=14.8s est_planned=1h 14m 10s elapsed=48m 33s
[OURS][194/300] loss=1.1031 ce=1.1031 align=0.0000 fuse=0.0000 feature=0.0000 beta=0.0000 guidance_active_next=False alg_raw_derivative=n/a alg_smoothed_derivative=n/a guidance_stop_epoch=55 train_acc=74.28% val_acc=28.51% best=30.65% lr=0.00014478 time=13.0s avg_epoch=14.8s est_planned=1h 14m 07s elapsed=48m 46s
[OURS][195/300] loss=1.1124 ce=1.1124 align=0.0000 fuse=0.0000 feature=0.0000 beta=0.0000 guidance_active_next=False alg_raw_derivative=n/a alg_smoothed_derivative=n/a guidance_stop_epoch=55 train_acc=74.09% val_acc=28.62% best=30.65% lr=0.000142453 time=12.9s avg_epoch=14.8s est_planned=1h 14m 04s elapsed=49m 00s
[OURS][196/300] loss=1.1251 ce=1.1251 align=0.0000 fuse=0.0000 feature=0.0000 beta=0.0000 guidance_active_next=False alg_raw_derivative=n/a alg_smoothed_derivative=n/a guidance_stop_epoch=55 train_acc=73.45% val_acc=29.05% best=30.65% lr=0.000140137 time=13.1s avg_epoch=14.8s est_planned=1h 14m 02s elapsed=49m 13s
[OURS][197/300] loss=1.1014 ce=1.1014 align=0.0000 fuse=0.0000 feature=0.0000 beta=0.0000 guidance_active_next=False alg_raw_derivative=n/a alg_smoothed_derivative=n/a guidance_stop_epoch=55 train_acc=74.11% val_acc=28.53% best=30.65% lr=0.000137834 time=12.9s avg_epoch=14.8s est_planned=1h 13m 59s elapsed=49m 26s
[OURS][198/300] loss=1.1016 ce=1.1016 align=0.0000 fuse=0.0000 feature=0.0000 beta=0.0000 guidance_active_next=False alg_raw_derivative=n/a alg_smoothed_derivative=n/a guidance_stop_epoch=55 train_acc=73.79% val_acc=28.27% best=30.65% lr=0.000135544 time=13.4s avg_epoch=14.8s est_planned=1h 13m 57s elapsed=49m 40s
[OURS][199/300] loss=1.1098 ce=1.1098 align=0.0000 fuse=0.0000 feature=0.0000 beta=0.0000 guidance_active_next=False alg_raw_derivative=n/a alg_smoothed_derivative=n/a guidance_stop_epoch=55 train_acc=73.84% val_acc=28.48% best=30.65% lr=0.000133266 time=13.4s avg_epoch=14.8s est_planned=1h 13m 54s elapsed=49m 53s
[OURS][200/300] loss=1.0459 ce=1.0459 align=0.0000 fuse=0.0000 feature=0.0000 beta=0.0000 guidance_active_next=False alg_raw_derivative=n/a alg_smoothed_derivative=n/a guidance_stop_epoch=55 train_acc=75.40% val_acc=28.22% best=30.65% lr=0.000131001 time=13.3s avg_epoch=14.8s est_planned=1h 13m 52s elapsed=50m 07s
[OURS][201/300] loss=1.0627 ce=1.0627 align=0.0000 fuse=0.0000 feature=0.0000 beta=0.0000 guidance_active_next=False alg_raw_derivative=n/a alg_smoothed_derivative=n/a guidance_stop_epoch=55 train_acc=74.85% val_acc=28.27% best=30.65% lr=0.00012875 time=13.1s avg_epoch=14.8s est_planned=1h 13m 50s elapsed=50m 20s
[OURS][202/300] loss=1.0529 ce=1.0529 align=0.0000 fuse=0.0000 feature=0.0000 beta=0.0000 guidance_active_next=False alg_raw_derivative=n/a alg_smoothed_derivative=n/a guidance_stop_epoch=55 train_acc=74.90% val_acc=27.94% best=30.65% lr=0.000126512 time=13.2s avg_epoch=14.8s est_planned=1h 13m 47s elapsed=50m 33s
[OURS][203/300] loss=1.0682 ce=1.0682 align=0.0000 fuse=0.0000 feature=0.0000 beta=0.0000 guidance_active_next=False alg_raw_derivative=n/a alg_smoothed_derivative=n/a guidance_stop_epoch=55 train_acc=74.90% val_acc=28.65% best=30.65% lr=0.000124288 time=13.1s avg_epoch=14.7s est_planned=1h 13m 45s elapsed=50m 47s
[OURS][204/300] loss=1.1145 ce=1.1145 align=0.0000 fuse=0.0000 feature=0.0000 beta=0.0000 guidance_active_next=False alg_raw_derivative=n/a alg_smoothed_derivative=n/a guidance_stop_epoch=55 train_acc=74.46% val_acc=28.65% best=30.65% lr=0.000122078 time=13.1s avg_epoch=14.7s est_planned=1h 13m 42s elapsed=51m 00s
[OURS][205/300] loss=1.0795 ce=1.0795 align=0.0000 fuse=0.0000 feature=0.0000 beta=0.0000 guidance_active_next=False alg_raw_derivative=n/a alg_smoothed_derivative=n/a guidance_stop_epoch=55 train_acc=74.63% val_acc=27.91% best=30.65% lr=0.000119883 time=13.0s avg_epoch=14.7s est_planned=1h 13m 40s elapsed=51m 13s
[OURS][206/300] loss=1.0919 ce=1.0919 align=0.0000 fuse=0.0000 feature=0.0000 beta=0.0000 guidance_active_next=False alg_raw_derivative=n/a alg_smoothed_derivative=n/a guidance_stop_epoch=55 train_acc=74.55% val_acc=27.61% best=30.65% lr=0.000117702 time=13.0s avg_epoch=14.7s est_planned=1h 13m 37s elapsed=51m 26s
[OURS][207/300] loss=1.0273 ce=1.0273 align=0.0000 fuse=0.0000 feature=0.0000 beta=0.0000 guidance_active_next=False alg_raw_derivative=n/a alg_smoothed_derivative=n/a guidance_stop_epoch=55 train_acc=75.74% val_acc=27.82% best=30.65% lr=0.000115536 time=13.1s avg_epoch=14.7s est_planned=1h 13m 35s elapsed=51m 40s
[OURS][208/300] loss=1.0689 ce=1.0689 align=0.0000 fuse=0.0000 feature=0.0000 beta=0.0000 guidance_active_next=False alg_raw_derivative=n/a alg_smoothed_derivative=n/a guidance_stop_epoch=55 train_acc=74.68% val_acc=27.49% best=30.65% lr=0.000113384 time=12.9s avg_epoch=14.7s est_planned=1h 13m 32s elapsed=51m 53s
[OURS][209/300] loss=0.9881 ce=0.9881 align=0.0000 fuse=0.0000 feature=0.0000 beta=0.0000 guidance_active_next=False alg_raw_derivative=n/a alg_smoothed_derivative=n/a guidance_stop_epoch=55 train_acc=76.61% val_acc=28.17% best=30.65% lr=0.000111248 time=13.1s avg_epoch=14.7s est_planned=1h 13m 30s elapsed=52m 06s
[OURS][210/300] loss=1.0422 ce=1.0422 align=0.0000 fuse=0.0000 feature=0.0000 beta=0.0000 guidance_active_next=False alg_raw_derivative=n/a alg_smoothed_derivative=n/a guidance_stop_epoch=55 train_acc=76.09% val_acc=27.53% best=30.65% lr=0.000109128 time=12.9s avg_epoch=14.7s est_planned=1h 13m 28s elapsed=52m 19s
[OURS][211/300] loss=1.0379 ce=1.0379 align=0.0000 fuse=0.0000 feature=0.0000 beta=0.0000 guidance_active_next=False alg_raw_derivative=n/a alg_smoothed_derivative=n/a guidance_stop_epoch=55 train_acc=75.99% val_acc=27.20% best=30.65% lr=0.000107023 time=12.9s avg_epoch=14.7s est_planned=1h 13m 25s elapsed=52m 32s
[OURS][212/300] loss=1.0239 ce=1.0239 align=0.0000 fuse=0.0000 feature=0.0000 beta=0.0000 guidance_active_next=False alg_raw_derivative=n/a alg_smoothed_derivative=n/a guidance_stop_epoch=55 train_acc=75.71% val_acc=27.63% best=30.65% lr=0.000104934 time=13.1s avg_epoch=14.7s est_planned=1h 13m 23s elapsed=52m 46s
[OURS][213/300] loss=0.9953 ce=0.9953 align=0.0000 fuse=0.0000 feature=0.0000 beta=0.0000 guidance_active_next=False alg_raw_derivative=n/a alg_smoothed_derivative=n/a guidance_stop_epoch=55 train_acc=76.36% val_acc=28.05% best=30.65% lr=0.000102862 time=13.2s avg_epoch=14.7s est_planned=1h 13m 21s elapsed=52m 59s
[OURS][214/300] loss=1.0174 ce=1.0174 align=0.0000 fuse=0.0000 feature=0.0000 beta=0.0000 guidance_active_next=False alg_raw_derivative=n/a alg_smoothed_derivative=n/a guidance_stop_epoch=55 train_acc=76.14% val_acc=28.24% best=30.65% lr=0.000100806 time=13.3s avg_epoch=14.7s est_planned=1h 13m 19s elapsed=53m 12s
[OURS][215/300] loss=1.0224 ce=1.0224 align=0.0000 fuse=0.0000 feature=0.0000 beta=0.0000 guidance_active_next=False alg_raw_derivative=n/a alg_smoothed_derivative=n/a guidance_stop_epoch=55 train_acc=76.14% val_acc=27.70% best=30.65% lr=9.87659e-05 time=13.2s avg_epoch=14.7s est_planned=1h 13m 17s elapsed=53m 26s
[OURS][216/300] loss=1.0017 ce=1.0017 align=0.0000 fuse=0.0000 feature=0.0000 beta=0.0000 guidance_active_next=False alg_raw_derivative=n/a alg_smoothed_derivative=n/a guidance_stop_epoch=55 train_acc=76.60% val_acc=27.82% best=30.65% lr=9.67432e-05 time=13.1s avg_epoch=14.6s est_planned=1h 13m 14s elapsed=53m 39s
[OURS][217/300] loss=0.9958 ce=0.9958 align=0.0000 fuse=0.0000 feature=0.0000 beta=0.0000 guidance_active_next=False alg_raw_derivative=n/a alg_smoothed_derivative=n/a guidance_stop_epoch=55 train_acc=76.71% val_acc=28.06% best=30.65% lr=9.47376e-05 time=13.2s avg_epoch=14.6s est_planned=1h 13m 12s elapsed=53m 53s
[OURS][218/300] loss=1.0146 ce=1.0146 align=0.0000 fuse=0.0000 feature=0.0000 beta=0.0000 guidance_active_next=False alg_raw_derivative=n/a alg_smoothed_derivative=n/a guidance_stop_epoch=55 train_acc=76.58% val_acc=27.48% best=30.65% lr=9.27492e-05 time=13.1s avg_epoch=14.6s est_planned=1h 13m 10s elapsed=54m 06s
[OURS][219/300] loss=0.9718 ce=0.9718 align=0.0000 fuse=0.0000 feature=0.0000 beta=0.0000 guidance_active_next=False alg_raw_derivative=n/a alg_smoothed_derivative=n/a guidance_stop_epoch=55 train_acc=77.15% val_acc=27.75% best=30.65% lr=9.07784e-05 time=13.2s avg_epoch=14.6s est_planned=1h 13m 08s elapsed=54m 19s
[OURS][220/300] loss=0.9652 ce=0.9652 align=0.0000 fuse=0.0000 feature=0.0000 beta=0.0000 guidance_active_next=False alg_raw_derivative=n/a alg_smoothed_derivative=n/a guidance_stop_epoch=55 train_acc=77.30% val_acc=27.34% best=30.65% lr=8.88253e-05 time=13.0s avg_epoch=14.6s est_planned=1h 13m 06s elapsed=54m 33s
[OURS][221/300] loss=0.9509 ce=0.9509 align=0.0000 fuse=0.0000 feature=0.0000 beta=0.0000 guidance_active_next=False alg_raw_derivative=n/a alg_smoothed_derivative=n/a guidance_stop_epoch=55 train_acc=77.22% val_acc=28.08% best=30.65% lr=8.68902e-05 time=13.1s avg_epoch=14.6s est_planned=1h 13m 04s elapsed=54m 46s
[OURS][222/300] loss=0.9916 ce=0.9916 align=0.0000 fuse=0.0000 feature=0.0000 beta=0.0000 guidance_active_next=False alg_raw_derivative=n/a alg_smoothed_derivative=n/a guidance_stop_epoch=55 train_acc=76.70% val_acc=28.29% best=30.65% lr=8.49732e-05 time=13.3s avg_epoch=14.6s est_planned=1h 13m 02s elapsed=54m 59s
[OURS][223/300] loss=0.9847 ce=0.9847 align=0.0000 fuse=0.0000 feature=0.0000 beta=0.0000 guidance_active_next=False alg_raw_derivative=n/a alg_smoothed_derivative=n/a guidance_stop_epoch=55 train_acc=76.80% val_acc=28.12% best=30.65% lr=8.30746e-05 time=13.4s avg_epoch=14.6s est_planned=1h 13m 01s elapsed=55m 13s
[OURS][224/300] loss=0.9779 ce=0.9779 align=0.0000 fuse=0.0000 feature=0.0000 beta=0.0000 guidance_active_next=False alg_raw_derivative=n/a alg_smoothed_derivative=n/a guidance_stop_epoch=55 train_acc=77.59% val_acc=28.51% best=30.65% lr=8.11946e-05 time=13.3s avg_epoch=14.6s est_planned=1h 12m 59s elapsed=55m 26s
[OURS][225/300] loss=0.9714 ce=0.9714 align=0.0000 fuse=0.0000 feature=0.0000 beta=0.0000 guidance_active_next=False alg_raw_derivative=n/a alg_smoothed_derivative=n/a guidance_stop_epoch=55 train_acc=77.42% val_acc=28.18% best=30.65% lr=7.93333e-05 time=13.3s avg_epoch=14.6s est_planned=1h 12m 57s elapsed=55m 40s
[OURS][226/300] loss=0.9442 ce=0.9442 align=0.0000 fuse=0.0000 feature=0.0000 beta=0.0000 guidance_active_next=False alg_raw_derivative=n/a alg_smoothed_derivative=n/a guidance_stop_epoch=55 train_acc=77.86% val_acc=28.27% best=30.65% lr=7.74911e-05 time=13.2s avg_epoch=14.6s est_planned=1h 12m 55s elapsed=55m 53s
[OURS][227/300] loss=0.9261 ce=0.9261 align=0.0000 fuse=0.0000 feature=0.0000 beta=0.0000 guidance_active_next=False alg_raw_derivative=n/a alg_smoothed_derivative=n/a guidance_stop_epoch=55 train_acc=77.99% val_acc=28.94% best=30.65% lr=7.5668e-05 time=13.1s avg_epoch=14.6s est_planned=1h 12m 53s elapsed=56m 07s
[OURS][228/300] loss=0.9298 ce=0.9298 align=0.0000 fuse=0.0000 feature=0.0000 beta=0.0000 guidance_active_next=False alg_raw_derivative=n/a alg_smoothed_derivative=n/a guidance_stop_epoch=55 train_acc=78.29% val_acc=28.93% best=30.65% lr=7.38643e-05 time=13.1s avg_epoch=14.6s est_planned=1h 12m 51s elapsed=56m 20s
[OURS][229/300] loss=0.9622 ce=0.9622 align=0.0000 fuse=0.0000 feature=0.0000 beta=0.0000 guidance_active_next=False alg_raw_derivative=n/a alg_smoothed_derivative=n/a guidance_stop_epoch=55 train_acc=77.62% val_acc=28.82% best=30.65% lr=7.20803e-05 time=13.0s avg_epoch=14.6s est_planned=1h 12m 49s elapsed=56m 33s
[OURS][230/300] loss=0.9083 ce=0.9083 align=0.0000 fuse=0.0000 feature=0.0000 beta=0.0000 guidance_active_next=False alg_raw_derivative=n/a alg_smoothed_derivative=n/a guidance_stop_epoch=55 train_acc=78.71% val_acc=27.91% best=30.65% lr=7.0316e-05 time=12.6s avg_epoch=14.6s est_planned=1h 12m 47s elapsed=56m 46s
[OURS][231/300] loss=0.9297 ce=0.9297 align=0.0000 fuse=0.0000 feature=0.0000 beta=0.0000 guidance_active_next=False alg_raw_derivative=n/a alg_smoothed_derivative=n/a guidance_stop_epoch=55 train_acc=78.31% val_acc=27.72% best=30.65% lr=6.85717e-05 time=13.2s avg_epoch=14.6s est_planned=1h 12m 45s elapsed=56m 59s
[OURS][232/300] loss=0.9171 ce=0.9171 align=0.0000 fuse=0.0000 feature=0.0000 beta=0.0000 guidance_active_next=False alg_raw_derivative=n/a alg_smoothed_derivative=n/a guidance_stop_epoch=55 train_acc=77.97% val_acc=27.91% best=30.65% lr=6.68475e-05 time=13.6s avg_epoch=14.5s est_planned=1h 12m 44s elapsed=57m 13s
[OURS][233/300] loss=0.9244 ce=0.9244 align=0.0000 fuse=0.0000 feature=0.0000 beta=0.0000 guidance_active_next=False alg_raw_derivative=n/a alg_smoothed_derivative=n/a guidance_stop_epoch=55 train_acc=78.36% val_acc=27.75% best=30.65% lr=6.51437e-05 time=13.4s avg_epoch=14.5s est_planned=1h 12m 42s elapsed=57m 27s
[OURS][234/300] loss=0.9299 ce=0.9299 align=0.0000 fuse=0.0000 feature=0.0000 beta=0.0000 guidance_active_next=False alg_raw_derivative=n/a alg_smoothed_derivative=n/a guidance_stop_epoch=55 train_acc=78.71% val_acc=28.05% best=30.65% lr=6.34605e-05 time=13.6s avg_epoch=14.5s est_planned=1h 12m 41s elapsed=57m 41s
[OURS][235/300] loss=0.9064 ce=0.9064 align=0.0000 fuse=0.0000 feature=0.0000 beta=0.0000 guidance_active_next=False alg_raw_derivative=n/a alg_smoothed_derivative=n/a guidance_stop_epoch=55 train_acc=78.53% val_acc=28.03% best=30.65% lr=6.1798e-05 time=13.9s avg_epoch=14.5s est_planned=1h 12m 40s elapsed=57m 55s
[OURS][236/300] loss=0.8551 ce=0.8551 align=0.0000 fuse=0.0000 feature=0.0000 beta=0.0000 guidance_active_next=False alg_raw_derivative=n/a alg_smoothed_derivative=n/a guidance_stop_epoch=55 train_acc=80.02% val_acc=28.05% best=30.65% lr=6.01564e-05 time=13.1s avg_epoch=14.5s est_planned=1h 12m 39s elapsed=58m 08s
[OURS][237/300] loss=0.9040 ce=0.9040 align=0.0000 fuse=0.0000 feature=0.0000 beta=0.0000 guidance_active_next=False alg_raw_derivative=n/a alg_smoothed_derivative=n/a guidance_stop_epoch=55 train_acc=78.56% val_acc=27.48% best=30.65% lr=5.85359e-05 time=13.0s avg_epoch=14.5s est_planned=1h 12m 37s elapsed=58m 21s
[OURS][238/300] loss=0.8843 ce=0.8843 align=0.0000 fuse=0.0000 feature=0.0000 beta=0.0000 guidance_active_next=False alg_raw_derivative=n/a alg_smoothed_derivative=n/a guidance_stop_epoch=55 train_acc=79.20% val_acc=27.48% best=30.65% lr=5.69366e-05 time=14.0s avg_epoch=14.5s est_planned=1h 12m 36s elapsed=58m 36s
[OURS][239/300] loss=0.8831 ce=0.8831 align=0.0000 fuse=0.0000 feature=0.0000 beta=0.0000 guidance_active_next=False alg_raw_derivative=n/a alg_smoothed_derivative=n/a guidance_stop_epoch=55 train_acc=78.98% val_acc=27.70% best=30.65% lr=5.53588e-05 time=14.6s avg_epoch=14.5s est_planned=1h 12m 36s elapsed=58m 50s
[OURS][240/300] loss=0.8969 ce=0.8969 align=0.0000 fuse=0.0000 feature=0.0000 beta=0.0000 guidance_active_next=False alg_raw_derivative=n/a alg_smoothed_derivative=n/a guidance_stop_epoch=55 train_acc=79.07% val_acc=28.15% best=30.65% lr=5.38027e-05 time=14.5s avg_epoch=14.5s est_planned=1h 12m 36s elapsed=59m 05s
[OURS][241/300] loss=0.8952 ce=0.8952 align=0.0000 fuse=0.0000 feature=0.0000 beta=0.0000 guidance_active_next=False alg_raw_derivative=n/a alg_smoothed_derivative=n/a guidance_stop_epoch=55 train_acc=78.97% val_acc=28.36% best=30.65% lr=5.22683e-05 time=13.8s avg_epoch=14.5s est_planned=1h 12m 35s elapsed=59m 19s
[OURS][242/300] loss=0.8783 ce=0.8783 align=0.0000 fuse=0.0000 feature=0.0000 beta=0.0000 guidance_active_next=False alg_raw_derivative=n/a alg_smoothed_derivative=n/a guidance_stop_epoch=55 train_acc=79.17% val_acc=27.67% best=30.65% lr=5.07559e-05 time=13.3s avg_epoch=14.5s est_planned=1h 12m 34s elapsed=59m 33s
[OURS][243/300] loss=0.8845 ce=0.8845 align=0.0000 fuse=0.0000 feature=0.0000 beta=0.0000 guidance_active_next=False alg_raw_derivative=n/a alg_smoothed_derivative=n/a guidance_stop_epoch=55 train_acc=78.85% val_acc=27.49% best=30.65% lr=4.92656e-05 time=14.5s avg_epoch=14.5s est_planned=1h 12m 34s elapsed=59m 47s
[OURS][244/300] loss=0.8946 ce=0.8946 align=0.0000 fuse=0.0000 feature=0.0000 beta=0.0000 guidance_active_next=False alg_raw_derivative=n/a alg_smoothed_derivative=n/a guidance_stop_epoch=55 train_acc=78.90% val_acc=28.22% best=30.65% lr=4.77976e-05 time=15.8s avg_epoch=14.5s est_planned=1h 12m 35s elapsed=1h 00m 03s
[OURS][245/300] loss=0.8936 ce=0.8936 align=0.0000 fuse=0.0000 feature=0.0000 beta=0.0000 guidance_active_next=False alg_raw_derivative=n/a alg_smoothed_derivative=n/a guidance_stop_epoch=55 train_acc=79.30% val_acc=27.72% best=30.65% lr=4.6352e-05 time=14.7s avg_epoch=14.5s est_planned=1h 12m 35s elapsed=1h 00m 18s
[OURS][246/300] loss=0.8676 ce=0.8676 align=0.0000 fuse=0.0000 feature=0.0000 beta=0.0000 guidance_active_next=False alg_raw_derivative=n/a alg_smoothed_derivative=n/a guidance_stop_epoch=55 train_acc=79.62% val_acc=28.13% best=30.65% lr=4.4929e-05 time=14.3s avg_epoch=14.5s est_planned=1h 12m 35s elapsed=1h 00m 33s
[OURS][247/300] loss=0.8792 ce=0.8792 align=0.0000 fuse=0.0000 feature=0.0000 beta=0.0000 guidance_active_next=False alg_raw_derivative=n/a alg_smoothed_derivative=n/a guidance_stop_epoch=55 train_acc=79.74% val_acc=28.12% best=30.65% lr=4.35288e-05 time=14.8s avg_epoch=14.5s est_planned=1h 12m 36s elapsed=1h 00m 48s
[OURS][248/300] loss=0.8412 ce=0.8412 align=0.0000 fuse=0.0000 feature=0.0000 beta=0.0000 guidance_active_next=False alg_raw_derivative=n/a alg_smoothed_derivative=n/a guidance_stop_epoch=55 train_acc=80.44% val_acc=27.87% best=30.65% lr=4.21516e-05 time=15.0s avg_epoch=14.5s est_planned=1h 12m 36s elapsed=1h 01m 03s
[OURS][249/300] loss=0.8577 ce=0.8577 align=0.0000 fuse=0.0000 feature=0.0000 beta=0.0000 guidance_active_next=False alg_raw_derivative=n/a alg_smoothed_derivative=n/a guidance_stop_epoch=55 train_acc=80.14% val_acc=27.99% best=30.65% lr=4.07973e-05 time=13.3s avg_epoch=14.5s est_planned=1h 12m 35s elapsed=1h 01m 16s
[OURS][250/300] loss=0.8308 ce=0.8308 align=0.0000 fuse=0.0000 feature=0.0000 beta=0.0000 guidance_active_next=False alg_raw_derivative=n/a alg_smoothed_derivative=n/a guidance_stop_epoch=55 train_acc=80.41% val_acc=27.60% best=30.65% lr=3.94663e-05 time=13.9s avg_epoch=14.5s est_planned=1h 12m 34s elapsed=1h 01m 31s
[OURS][251/300] loss=0.8281 ce=0.8281 align=0.0000 fuse=0.0000 feature=0.0000 beta=0.0000 guidance_active_next=False alg_raw_derivative=n/a alg_smoothed_derivative=n/a guidance_stop_epoch=55 train_acc=80.44% val_acc=28.03% best=30.65% lr=3.81587e-05 time=14.3s avg_epoch=14.5s est_planned=1h 12m 34s elapsed=1h 01m 45s
[OURS][252/300] loss=0.8741 ce=0.8741 align=0.0000 fuse=0.0000 feature=0.0000 beta=0.0000 guidance_active_next=False alg_raw_derivative=n/a alg_smoothed_derivative=n/a guidance_stop_epoch=55 train_acc=79.62% val_acc=27.70% best=30.65% lr=3.68746e-05 time=13.9s avg_epoch=14.5s est_planned=1h 12m 33s elapsed=1h 01m 59s
[OURS][253/300] loss=0.8214 ce=0.8214 align=0.0000 fuse=0.0000 feature=0.0000 beta=0.0000 guidance_active_next=False alg_raw_derivative=n/a alg_smoothed_derivative=n/a guidance_stop_epoch=55 train_acc=80.44% val_acc=28.06% best=30.65% lr=3.56141e-05 time=13.9s avg_epoch=14.5s est_planned=1h 12m 32s elapsed=1h 02m 13s
[OURS][254/300] loss=0.8472 ce=0.8472 align=0.0000 fuse=0.0000 feature=0.0000 beta=0.0000 guidance_active_next=False alg_raw_derivative=n/a alg_smoothed_derivative=n/a guidance_stop_epoch=55 train_acc=80.12% val_acc=27.86% best=30.65% lr=3.43774e-05 time=12.8s avg_epoch=14.5s est_planned=1h 12m 30s elapsed=1h 02m 26s
[OURS][255/300] loss=0.8245 ce=0.8245 align=0.0000 fuse=0.0000 feature=0.0000 beta=0.0000 guidance_active_next=False alg_raw_derivative=n/a alg_smoothed_derivative=n/a guidance_stop_epoch=55 train_acc=80.34% val_acc=28.46% best=30.65% lr=3.31646e-05 time=14.5s avg_epoch=14.5s est_planned=1h 12m 30s elapsed=1h 02m 41s
[OURS][256/300] loss=0.8667 ce=0.8667 align=0.0000 fuse=0.0000 feature=0.0000 beta=0.0000 guidance_active_next=False alg_raw_derivative=n/a alg_smoothed_derivative=n/a guidance_stop_epoch=55 train_acc=79.87% val_acc=27.77% best=30.65% lr=3.19759e-05 time=13.0s avg_epoch=14.5s est_planned=1h 12m 29s elapsed=1h 02m 54s
[OURS][257/300] loss=0.8352 ce=0.8352 align=0.0000 fuse=0.0000 feature=0.0000 beta=0.0000 guidance_active_next=False alg_raw_derivative=n/a alg_smoothed_derivative=n/a guidance_stop_epoch=55 train_acc=80.75% val_acc=27.94% best=30.65% lr=3.08113e-05 time=13.1s avg_epoch=14.5s est_planned=1h 12m 27s elapsed=1h 03m 08s
[OURS][258/300] loss=0.8100 ce=0.8100 align=0.0000 fuse=0.0000 feature=0.0000 beta=0.0000 guidance_active_next=False alg_raw_derivative=n/a alg_smoothed_derivative=n/a guidance_stop_epoch=55 train_acc=81.43% val_acc=27.91% best=30.65% lr=2.96711e-05 time=13.1s avg_epoch=14.5s est_planned=1h 12m 25s elapsed=1h 03m 21s
[OURS][259/300] loss=0.8093 ce=0.8093 align=0.0000 fuse=0.0000 feature=0.0000 beta=0.0000 guidance_active_next=False alg_raw_derivative=n/a alg_smoothed_derivative=n/a guidance_stop_epoch=55 train_acc=80.54% val_acc=28.03% best=30.65% lr=2.85553e-05 time=13.2s avg_epoch=14.5s est_planned=1h 12m 24s elapsed=1h 03m 34s
[OURS][260/300] loss=0.8065 ce=0.8065 align=0.0000 fuse=0.0000 feature=0.0000 beta=0.0000 guidance_active_next=False alg_raw_derivative=n/a alg_smoothed_derivative=n/a guidance_stop_epoch=55 train_acc=81.08% val_acc=28.53% best=30.65% lr=2.74641e-05 time=12.9s avg_epoch=14.5s est_planned=1h 12m 22s elapsed=1h 03m 47s
[OURS][261/300] loss=0.8455 ce=0.8455 align=0.0000 fuse=0.0000 feature=0.0000 beta=0.0000 guidance_active_next=False alg_raw_derivative=n/a alg_smoothed_derivative=n/a guidance_stop_epoch=55 train_acc=80.06% val_acc=28.22% best=30.65% lr=2.63975e-05 time=13.3s avg_epoch=14.5s est_planned=1h 12m 21s elapsed=1h 04m 01s
[OURS][262/300] loss=0.7999 ce=0.7999 align=0.0000 fuse=0.0000 feature=0.0000 beta=0.0000 guidance_active_next=False alg_raw_derivative=n/a alg_smoothed_derivative=n/a guidance_stop_epoch=55 train_acc=80.75% val_acc=28.43% best=30.65% lr=2.53557e-05 time=13.2s avg_epoch=14.5s est_planned=1h 12m 19s elapsed=1h 04m 14s
[OURS][263/300] loss=0.8023 ce=0.8023 align=0.0000 fuse=0.0000 feature=0.0000 beta=0.0000 guidance_active_next=False alg_raw_derivative=n/a alg_smoothed_derivative=n/a guidance_stop_epoch=55 train_acc=81.38% val_acc=28.27% best=30.65% lr=2.43389e-05 time=12.9s avg_epoch=14.5s est_planned=1h 12m 17s elapsed=1h 04m 27s
[OURS][264/300] loss=0.8301 ce=0.8301 align=0.0000 fuse=0.0000 feature=0.0000 beta=0.0000 guidance_active_next=False alg_raw_derivative=n/a alg_smoothed_derivative=n/a guidance_stop_epoch=55 train_acc=80.58% val_acc=28.12% best=30.65% lr=2.3347e-05 time=13.1s avg_epoch=14.5s est_planned=1h 12m 16s elapsed=1h 04m 41s
[OURS][265/300] loss=0.8616 ce=0.8616 align=0.0000 fuse=0.0000 feature=0.0000 beta=0.0000 guidance_active_next=False alg_raw_derivative=n/a alg_smoothed_derivative=n/a guidance_stop_epoch=55 train_acc=80.06% val_acc=27.74% best=30.65% lr=2.23803e-05 time=13.0s avg_epoch=14.4s est_planned=1h 12m 14s elapsed=1h 04m 54s
[OURS][266/300] loss=0.8107 ce=0.8107 align=0.0000 fuse=0.0000 feature=0.0000 beta=0.0000 guidance_active_next=False alg_raw_derivative=n/a alg_smoothed_derivative=n/a guidance_stop_epoch=55 train_acc=80.68% val_acc=27.72% best=30.65% lr=2.14388e-05 time=13.0s avg_epoch=14.4s est_planned=1h 12m 13s elapsed=1h 05m 07s
[OURS][267/300] loss=0.7909 ce=0.7909 align=0.0000 fuse=0.0000 feature=0.0000 beta=0.0000 guidance_active_next=False alg_raw_derivative=n/a alg_smoothed_derivative=n/a guidance_stop_epoch=55 train_acc=80.96% val_acc=28.13% best=30.65% lr=2.05227e-05 time=13.2s avg_epoch=14.4s est_planned=1h 12m 11s elapsed=1h 05m 20s
[OURS][268/300] loss=0.7926 ce=0.7926 align=0.0000 fuse=0.0000 feature=0.0000 beta=0.0000 guidance_active_next=False alg_raw_derivative=n/a alg_smoothed_derivative=n/a guidance_stop_epoch=55 train_acc=81.23% val_acc=27.75% best=30.65% lr=1.9632e-05 time=13.1s avg_epoch=14.4s est_planned=1h 12m 10s elapsed=1h 05m 34s
[OURS][269/300] loss=0.8211 ce=0.8211 align=0.0000 fuse=0.0000 feature=0.0000 beta=0.0000 guidance_active_next=False alg_raw_derivative=n/a alg_smoothed_derivative=n/a guidance_stop_epoch=55 train_acc=80.71% val_acc=28.08% best=30.65% lr=1.87668e-05 time=13.0s avg_epoch=14.4s est_planned=1h 12m 08s elapsed=1h 05m 47s
[OURS][270/300] loss=0.8311 ce=0.8311 align=0.0000 fuse=0.0000 feature=0.0000 beta=0.0000 guidance_active_next=False alg_raw_derivative=n/a alg_smoothed_derivative=n/a guidance_stop_epoch=55 train_acc=80.43% val_acc=28.27% best=30.65% lr=1.79273e-05 time=13.0s avg_epoch=14.4s est_planned=1h 12m 06s elapsed=1h 06m 00s
[OURS][271/300] loss=0.7966 ce=0.7966 align=0.0000 fuse=0.0000 feature=0.0000 beta=0.0000 guidance_active_next=False alg_raw_derivative=n/a alg_smoothed_derivative=n/a guidance_stop_epoch=55 train_acc=81.60% val_acc=28.34% best=30.65% lr=1.71135e-05 time=13.0s avg_epoch=14.4s est_planned=1h 12m 05s elapsed=1h 06m 13s
[OURS][272/300] loss=0.8083 ce=0.8083 align=0.0000 fuse=0.0000 feature=0.0000 beta=0.0000 guidance_active_next=False alg_raw_derivative=n/a alg_smoothed_derivative=n/a guidance_stop_epoch=55 train_acc=81.10% val_acc=28.03% best=30.65% lr=1.63255e-05 time=13.2s avg_epoch=14.4s est_planned=1h 12m 04s elapsed=1h 06m 27s
[OURS][273/300] loss=0.7884 ce=0.7884 align=0.0000 fuse=0.0000 feature=0.0000 beta=0.0000 guidance_active_next=False alg_raw_derivative=n/a alg_smoothed_derivative=n/a guidance_stop_epoch=55 train_acc=81.37% val_acc=27.91% best=30.65% lr=1.55634e-05 time=13.1s avg_epoch=14.4s est_planned=1h 12m 02s elapsed=1h 06m 40s
[OURS][274/300] loss=0.7918 ce=0.7918 align=0.0000 fuse=0.0000 feature=0.0000 beta=0.0000 guidance_active_next=False alg_raw_derivative=n/a alg_smoothed_derivative=n/a guidance_stop_epoch=55 train_acc=81.25% val_acc=28.12% best=30.65% lr=1.48273e-05 time=12.9s avg_epoch=14.4s est_planned=1h 12m 00s elapsed=1h 06m 53s
[OURS][275/300] loss=0.8165 ce=0.8165 align=0.0000 fuse=0.0000 feature=0.0000 beta=0.0000 guidance_active_next=False alg_raw_derivative=n/a alg_smoothed_derivative=n/a guidance_stop_epoch=55 train_acc=80.44% val_acc=28.31% best=30.65% lr=1.41173e-05 time=13.1s avg_epoch=14.4s est_planned=1h 11m 59s elapsed=1h 07m 07s
[OURS][276/300] loss=0.7795 ce=0.7795 align=0.0000 fuse=0.0000 feature=0.0000 beta=0.0000 guidance_active_next=False alg_raw_derivative=n/a alg_smoothed_derivative=n/a guidance_stop_epoch=55 train_acc=81.45% val_acc=28.36% best=30.65% lr=1.34334e-05 time=13.1s avg_epoch=14.4s est_planned=1h 11m 58s elapsed=1h 07m 20s
[OURS][277/300] loss=0.7814 ce=0.7814 align=0.0000 fuse=0.0000 feature=0.0000 beta=0.0000 guidance_active_next=False alg_raw_derivative=n/a alg_smoothed_derivative=n/a guidance_stop_epoch=55 train_acc=81.50% val_acc=28.05% best=30.65% lr=1.27757e-05 time=13.2s avg_epoch=14.4s est_planned=1h 11m 56s elapsed=1h 07m 33s
[OURS][278/300] loss=0.7963 ce=0.7963 align=0.0000 fuse=0.0000 feature=0.0000 beta=0.0000 guidance_active_next=False alg_raw_derivative=n/a alg_smoothed_derivative=n/a guidance_stop_epoch=55 train_acc=81.25% val_acc=28.18% best=30.65% lr=1.21443e-05 time=13.0s avg_epoch=14.4s est_planned=1h 11m 55s elapsed=1h 07m 46s
[OURS][279/300] loss=0.7503 ce=0.7503 align=0.0000 fuse=0.0000 feature=0.0000 beta=0.0000 guidance_active_next=False alg_raw_derivative=n/a alg_smoothed_derivative=n/a guidance_stop_epoch=55 train_acc=82.73% val_acc=28.06% best=30.65% lr=1.15392e-05 time=13.1s avg_epoch=14.4s est_planned=1h 11m 53s elapsed=1h 08m 00s
[OURS][280/300] loss=0.8015 ce=0.8015 align=0.0000 fuse=0.0000 feature=0.0000 beta=0.0000 guidance_active_next=False alg_raw_derivative=n/a alg_smoothed_derivative=n/a guidance_stop_epoch=55 train_acc=80.85% val_acc=27.82% best=30.65% lr=1.09606e-05 time=13.0s avg_epoch=14.4s est_planned=1h 11m 52s elapsed=1h 08m 13s
[OURS][281/300] loss=0.7886 ce=0.7886 align=0.0000 fuse=0.0000 feature=0.0000 beta=0.0000 guidance_active_next=False alg_raw_derivative=n/a alg_smoothed_derivative=n/a guidance_stop_epoch=55 train_acc=80.98% val_acc=28.18% best=30.65% lr=1.04085e-05 time=12.8s avg_epoch=14.4s est_planned=1h 11m 50s elapsed=1h 08m 26s
[OURS][282/300] loss=0.8013 ce=0.8013 align=0.0000 fuse=0.0000 feature=0.0000 beta=0.0000 guidance_active_next=False alg_raw_derivative=n/a alg_smoothed_derivative=n/a guidance_stop_epoch=55 train_acc=81.00% val_acc=28.24% best=30.65% lr=9.88288e-06 time=12.9s avg_epoch=14.4s est_planned=1h 11m 49s elapsed=1h 08m 39s
[OURS][283/300] loss=0.7716 ce=0.7716 align=0.0000 fuse=0.0000 feature=0.0000 beta=0.0000 guidance_active_next=False alg_raw_derivative=n/a alg_smoothed_derivative=n/a guidance_stop_epoch=55 train_acc=81.23% val_acc=28.24% best=30.65% lr=9.38391e-06 time=12.9s avg_epoch=14.4s est_planned=1h 11m 47s elapsed=1h 08m 52s
[OURS][284/300] loss=0.7647 ce=0.7647 align=0.0000 fuse=0.0000 feature=0.0000 beta=0.0000 guidance_active_next=False alg_raw_derivative=n/a alg_smoothed_derivative=n/a guidance_stop_epoch=55 train_acc=81.89% val_acc=27.99% best=30.65% lr=8.91159e-06 time=13.1s avg_epoch=14.4s est_planned=1h 11m 46s elapsed=1h 09m 06s
[OURS][285/300] loss=0.8081 ce=0.8081 align=0.0000 fuse=0.0000 feature=0.0000 beta=0.0000 guidance_active_next=False alg_raw_derivative=n/a alg_smoothed_derivative=n/a guidance_stop_epoch=55 train_acc=81.27% val_acc=28.01% best=30.65% lr=8.46598e-06 time=12.8s avg_epoch=14.3s est_planned=1h 11m 44s elapsed=1h 09m 19s
[OURS][286/300] loss=0.7981 ce=0.7981 align=0.0000 fuse=0.0000 feature=0.0000 beta=0.0000 guidance_active_next=False alg_raw_derivative=n/a alg_smoothed_derivative=n/a guidance_stop_epoch=55 train_acc=81.08% val_acc=28.13% best=30.65% lr=8.04714e-06 time=12.9s avg_epoch=14.3s est_planned=1h 11m 43s elapsed=1h 09m 32s
[OURS][287/300] loss=0.8012 ce=0.8012 align=0.0000 fuse=0.0000 feature=0.0000 beta=0.0000 guidance_active_next=False alg_raw_derivative=n/a alg_smoothed_derivative=n/a guidance_stop_epoch=55 train_acc=81.01% val_acc=28.08% best=30.65% lr=7.6551e-06 time=13.2s avg_epoch=14.3s est_planned=1h 11m 42s elapsed=1h 09m 45s
[OURS][288/300] loss=0.7854 ce=0.7854 align=0.0000 fuse=0.0000 feature=0.0000 beta=0.0000 guidance_active_next=False alg_raw_derivative=n/a alg_smoothed_derivative=n/a guidance_stop_epoch=55 train_acc=81.75% val_acc=28.22% best=30.65% lr=7.28991e-06 time=13.1s avg_epoch=14.3s est_planned=1h 11m 40s elapsed=1h 09m 59s
[OURS][289/300] loss=0.7653 ce=0.7653 align=0.0000 fuse=0.0000 feature=0.0000 beta=0.0000 guidance_active_next=False alg_raw_derivative=n/a alg_smoothed_derivative=n/a guidance_stop_epoch=55 train_acc=82.27% val_acc=28.13% best=30.65% lr=6.95161e-06 time=12.9s avg_epoch=14.3s est_planned=1h 11m 39s elapsed=1h 10m 12s
[OURS][290/300] loss=0.7648 ce=0.7648 align=0.0000 fuse=0.0000 feature=0.0000 beta=0.0000 guidance_active_next=False alg_raw_derivative=n/a alg_smoothed_derivative=n/a guidance_stop_epoch=55 train_acc=81.74% val_acc=28.22% best=30.65% lr=6.64024e-06 time=12.9s avg_epoch=14.3s est_planned=1h 11m 37s elapsed=1h 10m 25s
[OURS][291/300] loss=0.7995 ce=0.7995 align=0.0000 fuse=0.0000 feature=0.0000 beta=0.0000 guidance_active_next=False alg_raw_derivative=n/a alg_smoothed_derivative=n/a guidance_stop_epoch=55 train_acc=81.28% val_acc=28.12% best=30.65% lr=6.35583e-06 time=13.1s avg_epoch=14.3s est_planned=1h 11m 36s elapsed=1h 10m 38s
[OURS][292/300] loss=0.7699 ce=0.7699 align=0.0000 fuse=0.0000 feature=0.0000 beta=0.0000 guidance_active_next=False alg_raw_derivative=n/a alg_smoothed_derivative=n/a guidance_stop_epoch=55 train_acc=82.01% val_acc=28.22% best=30.65% lr=6.09841e-06 time=12.9s avg_epoch=14.3s est_planned=1h 11m 35s elapsed=1h 10m 51s
[OURS][293/300] loss=0.7820 ce=0.7820 align=0.0000 fuse=0.0000 feature=0.0000 beta=0.0000 guidance_active_next=False alg_raw_derivative=n/a alg_smoothed_derivative=n/a guidance_stop_epoch=55 train_acc=81.57% val_acc=28.05% best=30.65% lr=5.86802e-06 time=13.2s avg_epoch=14.3s est_planned=1h 11m 34s elapsed=1h 11m 05s
[OURS][294/300] loss=0.7855 ce=0.7855 align=0.0000 fuse=0.0000 feature=0.0000 beta=0.0000 guidance_active_next=False alg_raw_derivative=n/a alg_smoothed_derivative=n/a guidance_stop_epoch=55 train_acc=81.37% val_acc=28.12% best=30.65% lr=5.66467e-06 time=13.0s avg_epoch=14.3s est_planned=1h 11m 32s elapsed=1h 11m 18s
[OURS][295/300] loss=0.7634 ce=0.7634 align=0.0000 fuse=0.0000 feature=0.0000 beta=0.0000 guidance_active_next=False alg_raw_derivative=n/a alg_smoothed_derivative=n/a guidance_stop_epoch=55 train_acc=81.89% val_acc=28.22% best=30.65% lr=5.48838e-06 time=13.2s avg_epoch=14.3s est_planned=1h 11m 31s elapsed=1h 11m 31s
[OURS][296/300] loss=0.8150 ce=0.8150 align=0.0000 fuse=0.0000 feature=0.0000 beta=0.0000 guidance_active_next=False alg_raw_derivative=n/a alg_smoothed_derivative=n/a guidance_stop_epoch=55 train_acc=80.81% val_acc=28.17% best=30.65% lr=5.33919e-06 time=13.4s avg_epoch=14.3s est_planned=1h 11m 30s elapsed=1h 11m 45s
[OURS][297/300] loss=0.7945 ce=0.7945 align=0.0000 fuse=0.0000 feature=0.0000 beta=0.0000 guidance_active_next=False alg_raw_derivative=n/a alg_smoothed_derivative=n/a guidance_stop_epoch=55 train_acc=81.35% val_acc=27.93% best=30.65% lr=5.2171e-06 time=13.2s avg_epoch=14.3s est_planned=1h 11m 29s elapsed=1h 11m 58s
[OURS][298/300] loss=0.7423 ce=0.7423 align=0.0000 fuse=0.0000 feature=0.0000 beta=0.0000 guidance_active_next=False alg_raw_derivative=n/a alg_smoothed_derivative=n/a guidance_stop_epoch=55 train_acc=82.76% val_acc=28.18% best=30.65% lr=5.12213e-06 time=13.1s avg_epoch=14.3s est_planned=1h 11m 28s elapsed=1h 12m 12s
[OURS][299/300] loss=0.7872 ce=0.7872 align=0.0000 fuse=0.0000 feature=0.0000 beta=0.0000 guidance_active_next=False alg_raw_derivative=n/a alg_smoothed_derivative=n/a guidance_stop_epoch=55 train_acc=81.79% val_acc=28.25% best=30.65% lr=5.05428e-06 time=13.4s avg_epoch=14.3s est_planned=1h 11m 27s elapsed=1h 12m 25s
[OURS][300/300] loss=0.7777 ce=0.7777 align=0.0000 fuse=0.0000 feature=0.0000 beta=0.0000 guidance_active_next=False alg_raw_derivative=n/a alg_smoothed_derivative=n/a guidance_stop_epoch=55 train_acc=81.96% val_acc=27.98% best=30.65% lr=5.01357e-06 time=13.3s avg_epoch=14.3s est_planned=1h 11m 26s elapsed=1h 12m 39s
========================================================================
[FINAL_RESULT] ours_best_top1=30.65% vanilla_top1=not_run gain_over_vanilla=not_available
[TIMING] avg_epoch=14.3s planned_epochs=300 estimated_total=1h 11m 26s elapsed=1h 12m 39s
[AGGREGATION_FINAL] stage1[b5=0.097,b4=0.093,b0=0.092] stage2[b0=0.115,b5=0.106,b4=0.102] stage3[b0=0.100,b8=0.090,b7=0.089]
[BETA_FINAL] schedule=alg stop_epoch=55 guided_epochs=55 ce_only_epochs=245 full_history_saved_in=summary.json
[FINAL_RESULT] best_checkpoint=/app/output/cub200_resnet50_224_lg_alg_ours_full_seed1/Ours/cub200_resnet50_224/ours_cub200_resnet50_224_deit_ti_300ep_seed1/student_best.pt
[FINAL_RESULT] latest_checkpoint=/app/output/cub200_resnet50_224_lg_alg_ours_full_seed1/Ours/cub200_resnet50_224/ours_cub200_resnet50_224_deit_ti_300ep_seed1/student_latest.pt
[FINAL_RESULT] summary=/app/output/cub200_resnet50_224_lg_alg_ours_full_seed1/Ours/cub200_resnet50_224/ours_cub200_resnet50_224_deit_ti_300ep_seed1/summary.json
[DONE] Ours training completed successfully; resources may be released.
========================================================================================
[SEQUENCE_DONE_224] completed_tasks=4/4
[POD_LIMIT_CHECK_224] status=PASS estimated_minutes=262.6 limit_minutes=600 margin_minutes=337.4
[FINAL_RESULT_224] sequence_status=/app/output/cub200_resnet50_224_lg_alg_ours_full_seed1/sequence_status.json
[FINAL_TOP1_SUMMARY_224] Teacher224=84.10% LG224=35.19% ALG224=29.72% Ours224=30.65%
