========================================================================================================
CUB-200 FULL TRANSFER: PRETRAINED TEACHER -> VANILLA128 -> LG -> ALG -> OURS64 -> OURS128
========================================================================================================
[MODE] full
[PROTOCOL_FAMILY] cub200_resnet50_deit_ti_224_both_imagenet_pretrained separate_from=teacher_only_transfer,resnet50_224_scratch,resnet56_32_scratch
[RESOLUTION_LOCK] teacher_input=224 all_student_inputs=224 no_32px_teacher=True
[PRETRAINING_LOCK] teacher_pretrained=True all_students_pretrained=True teacher_source=torchvision.ResNet50_Weights.IMAGENET1K_V2 student_source=timm/deit_tiny_patch16_224.fb_in1k
[EPOCH_LOCK] teacher_planned_epochs=200 all_students_planned_epochs=100
[SEQUENCE] Teacher -> VanillaB128 -> LG -> ALG -> OursB64 -> OursB128
[METHOD_LOCK] LG=official_LG_mechanics ALG=paper_controller_on_official_LG OursB64=unchanged_current_Ours OursB128=batch_only_ablation
[FEATURE_CONTRACT] teacher=ResNet50 stages=(layer2,layer3,layer4) channels=(512,1024,2048) grids=(28,14,7)
[OVERLAP_NOTICE] CUB-200 may overlap ImageNet; report this family only as a pretrained transfer experiment
[PATH] data_dir=/app/scratch/input/bapedragon_523/data/cub200
[PATH] output_root=/app/output/cub200_full_transfer_all_100ep_full_seed1
[COMMAND][teacher] /usr/bin/python teachers/train_teacher_cub200_resnet50_224.py --data-dir data/cub200 --output-dir /app/output/cub200_full_transfer_all_100ep_full_seed1/teacher_resnet50_224_imagenet1k_v2 --run-name teacher_cub200_resnet50_224_imagenet1k_v2_200ep_seed1 --initialization imagenet1k_v2 --num-workers 4
[BOOT] Python process started: /usr/bin/python
[BOOT] timm not found; installing timm==1.0.27
Collecting timm==1.0.27
  Downloading timm-1.0.27-py3-none-any.whl.metadata (40 kB)
Requirement already satisfied: torch in /usr/local/lib/python3.10/dist-packages (from timm==1.0.27) (2.11.0)
Requirement already satisfied: torchvision in /usr/local/lib/python3.10/dist-packages (from timm==1.0.27) (0.26.0)
Requirement already satisfied: pyyaml in /usr/local/lib/python3.10/dist-packages (from timm==1.0.27) (6.0.3)
Requirement already satisfied: huggingface_hub in /usr/local/lib/python3.10/dist-packages (from timm==1.0.27) (1.17.0)
Requirement already satisfied: safetensors in /usr/local/lib/python3.10/dist-packages (from timm==1.0.27) (0.7.0)
Requirement already satisfied: click>=8.4.0 in /usr/local/lib/python3.10/dist-packages (from huggingface_hub->timm==1.0.27) (8.4.1)
Requirement already satisfied: filelock>=3.10.0 in /usr/local/lib/python3.10/dist-packages (from huggingface_hub->timm==1.0.27) (3.29.0)
Requirement already satisfied: fsspec>=2023.5.0 in /usr/local/lib/python3.10/dist-packages (from huggingface_hub->timm==1.0.27) (2026.2.0)
Requirement already satisfied: hf-xet<2.0.0,>=1.4.3 in /usr/local/lib/python3.10/dist-packages (from huggingface_hub->timm==1.0.27) (1.5.0)
Requirement already satisfied: httpx<1,>=0.23.0 in /usr/local/lib/python3.10/dist-packages (from huggingface_hub->timm==1.0.27) (0.28.1)
Requirement already satisfied: packaging>=20.9 in /usr/local/lib/python3.10/dist-packages (from huggingface_hub->timm==1.0.27) (26.2)
Requirement already satisfied: tqdm>=4.42.1 in /usr/local/lib/python3.10/dist-packages (from huggingface_hub->timm==1.0.27) (4.67.3)
Requirement already satisfied: typer<0.26.0,>=0.20.0 in /usr/local/lib/python3.10/dist-packages (from huggingface_hub->timm==1.0.27) (0.25.1)
Requirement already satisfied: typing-extensions>=4.1.0 in /usr/local/lib/python3.10/dist-packages (from huggingface_hub->timm==1.0.27) (4.15.0)
Requirement already satisfied: anyio in /usr/local/lib/python3.10/dist-packages (from httpx<1,>=0.23.0->huggingface_hub->timm==1.0.27) (4.13.0)
Requirement already satisfied: certifi in /usr/local/lib/python3.10/dist-packages (from httpx<1,>=0.23.0->huggingface_hub->timm==1.0.27) (2026.5.20)
Requirement already satisfied: httpcore==1.* in /usr/local/lib/python3.10/dist-packages (from httpx<1,>=0.23.0->huggingface_hub->timm==1.0.27) (1.0.9)
Requirement already satisfied: idna in /usr/local/lib/python3.10/dist-packages (from httpx<1,>=0.23.0->huggingface_hub->timm==1.0.27) (3.18)
Requirement already satisfied: h11>=0.16 in /usr/local/lib/python3.10/dist-packages (from httpcore==1.*->httpx<1,>=0.23.0->huggingface_hub->timm==1.0.27) (0.16.0)
Requirement already satisfied: shellingham>=1.3.0 in /usr/local/lib/python3.10/dist-packages (from typer<0.26.0,>=0.20.0->huggingface_hub->timm==1.0.27) (1.5.4)
Requirement already satisfied: rich>=13.8.0 in /usr/local/lib/python3.10/dist-packages (from typer<0.26.0,>=0.20.0->huggingface_hub->timm==1.0.27) (15.0.0)
Requirement already satisfied: annotated-doc>=0.0.2 in /usr/local/lib/python3.10/dist-packages (from typer<0.26.0,>=0.20.0->huggingface_hub->timm==1.0.27) (0.0.4)
Requirement already satisfied: markdown-it-py>=2.2.0 in /usr/local/lib/python3.10/dist-packages (from rich>=13.8.0->typer<0.26.0,>=0.20.0->huggingface_hub->timm==1.0.27) (4.2.0)
Requirement already satisfied: pygments<3.0.0,>=2.13.0 in /usr/local/lib/python3.10/dist-packages (from rich>=13.8.0->typer<0.26.0,>=0.20.0->huggingface_hub->timm==1.0.27) (2.20.0)
Requirement already satisfied: mdurl~=0.1 in /usr/local/lib/python3.10/dist-packages (from markdown-it-py>=2.2.0->rich>=13.8.0->typer<0.26.0,>=0.20.0->huggingface_hub->timm==1.0.27) (0.1.2)
Requirement already satisfied: exceptiongroup>=1.0.2 in /usr/local/lib/python3.10/dist-packages (from anyio->httpx<1,>=0.23.0->huggingface_hub->timm==1.0.27) (1.3.1)
Requirement already satisfied: setuptools<82 in /usr/local/lib/python3.10/dist-packages (from torch->timm==1.0.27) (70.2.0)
Requirement already satisfied: sympy>=1.13.3 in /usr/local/lib/python3.10/dist-packages (from torch->timm==1.0.27) (1.14.0)
Requirement already satisfied: networkx>=2.5.1 in /usr/local/lib/python3.10/dist-packages (from torch->timm==1.0.27) (3.4.2)
Requirement already satisfied: jinja2 in /usr/local/lib/python3.10/dist-packages (from torch->timm==1.0.27) (3.1.6)
Requirement already satisfied: cuda-toolkit==13.0.2 in /usr/local/lib/python3.10/dist-packages (from cuda-toolkit[cublas,cudart,cufft,cufile,cupti,curand,cusolver,cusparse,nvjitlink,nvrtc,nvtx]==13.0.2; platform_system == "Linux"->torch->timm==1.0.27) (13.0.2)
Requirement already satisfied: cuda-bindings<14,>=13.0.3 in /usr/local/lib/python3.10/dist-packages (from torch->timm==1.0.27) (13.3.1)
Requirement already satisfied: nvidia-cudnn-cu13==9.19.0.56 in /usr/local/lib/python3.10/dist-packages (from torch->timm==1.0.27) (9.19.0.56)
Requirement already satisfied: nvidia-cusparselt-cu13==0.8.0 in /usr/local/lib/python3.10/dist-packages (from torch->timm==1.0.27) (0.8.0)
Requirement already satisfied: nvidia-nccl-cu13==2.28.9 in /usr/local/lib/python3.10/dist-packages (from torch->timm==1.0.27) (2.28.9)
Requirement already satisfied: nvidia-nvshmem-cu13==3.4.5 in /usr/local/lib/python3.10/dist-packages (from torch->timm==1.0.27) (3.4.5)
Requirement already satisfied: triton==3.6.0 in /usr/local/lib/python3.10/dist-packages (from torch->timm==1.0.27) (3.6.0)
Requirement already satisfied: nvidia-cufile==1.15.1.6.* in /usr/local/lib/python3.10/dist-packages (from cuda-toolkit[cublas,cudart,cufft,cufile,cupti,curand,cusolver,cusparse,nvjitlink,nvrtc,nvtx]==13.0.2; platform_system == "Linux"->torch->timm==1.0.27) (1.15.1.6)
Requirement already satisfied: nvidia-nvjitlink==13.0.88.* in /usr/local/lib/python3.10/dist-packages (from cuda-toolkit[cublas,cudart,cufft,cufile,cupti,curand,cusolver,cusparse,nvjitlink,nvrtc,nvtx]==13.0.2; platform_system == "Linux"->torch->timm==1.0.27) (13.0.88)
Requirement already satisfied: nvidia-cuda-runtime==13.0.96.* in /usr/local/lib/python3.10/dist-packages (from cuda-toolkit[cublas,cudart,cufft,cufile,cupti,curand,cusolver,cusparse,nvjitlink,nvrtc,nvtx]==13.0.2; platform_system == "Linux"->torch->timm==1.0.27) (13.0.96)
Requirement already satisfied: nvidia-cuda-nvrtc==13.0.88.* in /usr/local/lib/python3.10/dist-packages (from cuda-toolkit[cublas,cudart,cufft,cufile,cupti,curand,cusolver,cusparse,nvjitlink,nvrtc,nvtx]==13.0.2; platform_system == "Linux"->torch->timm==1.0.27) (13.0.88)
Requirement already satisfied: nvidia-curand==10.4.0.35.* in /usr/local/lib/python3.10/dist-packages (from cuda-toolkit[cublas,cudart,cufft,cufile,cupti,curand,cusolver,cusparse,nvjitlink,nvrtc,nvtx]==13.0.2; platform_system == "Linux"->torch->timm==1.0.27) (10.4.0.35)
Requirement already satisfied: nvidia-cusolver==12.0.4.66.* in /usr/local/lib/python3.10/dist-packages (from cuda-toolkit[cublas,cudart,cufft,cufile,cupti,curand,cusolver,cusparse,nvjitlink,nvrtc,nvtx]==13.0.2; platform_system == "Linux"->torch->timm==1.0.27) (12.0.4.66)
Requirement already satisfied: nvidia-cuda-cupti==13.0.85.* in /usr/local/lib/python3.10/dist-packages (from cuda-toolkit[cublas,cudart,cufft,cufile,cupti,curand,cusolver,cusparse,nvjitlink,nvrtc,nvtx]==13.0.2; platform_system == "Linux"->torch->timm==1.0.27) (13.0.85)
Requirement already satisfied: nvidia-cufft==12.0.0.61.* in /usr/local/lib/python3.10/dist-packages (from cuda-toolkit[cublas,cudart,cufft,cufile,cupti,curand,cusolver,cusparse,nvjitlink,nvrtc,nvtx]==13.0.2; platform_system == "Linux"->torch->timm==1.0.27) (12.0.0.61)
Requirement already satisfied: nvidia-cusparse==12.6.3.3.* in /usr/local/lib/python3.10/dist-packages (from cuda-toolkit[cublas,cudart,cufft,cufile,cupti,curand,cusolver,cusparse,nvjitlink,nvrtc,nvtx]==13.0.2; platform_system == "Linux"->torch->timm==1.0.27) (12.6.3.3)
Requirement already satisfied: nvidia-nvtx==13.0.85.* in /usr/local/lib/python3.10/dist-packages (from cuda-toolkit[cublas,cudart,cufft,cufile,cupti,curand,cusolver,cusparse,nvjitlink,nvrtc,nvtx]==13.0.2; platform_system == "Linux"->torch->timm==1.0.27) (13.0.85)
Requirement already satisfied: nvidia-cublas==13.1.0.3.* in /usr/local/lib/python3.10/dist-packages (from cuda-toolkit[cublas,cudart,cufft,cufile,cupti,curand,cusolver,cusparse,nvjitlink,nvrtc,nvtx]==13.0.2; platform_system == "Linux"->torch->timm==1.0.27) (13.1.0.3)
Requirement already satisfied: cuda-pathfinder>=1.4.2 in /usr/local/lib/python3.10/dist-packages (from cuda-bindings<14,>=13.0.3->torch->timm==1.0.27) (1.5.5)
Requirement already satisfied: mpmath<1.4,>=1.1.0 in /usr/local/lib/python3.10/dist-packages (from sympy>=1.13.3->torch->timm==1.0.27) (1.3.0)
Requirement already satisfied: MarkupSafe>=2.0 in /usr/local/lib/python3.10/dist-packages (from jinja2->torch->timm==1.0.27) (3.0.3)
Requirement already satisfied: numpy in /usr/local/lib/python3.10/dist-packages (from torchvision->timm==1.0.27) (2.2.6)
Requirement already satisfied: pillow!=8.3.*,>=5.3.0 in /usr/local/lib/python3.10/dist-packages (from torchvision->timm==1.0.27) (12.2.0)
Downloading timm-1.0.27-py3-none-any.whl (2.6 MB)
   ━━━━━━━━━━━━━━━━━━━━━━━━━━━━━━━━━━━━━━━━ 2.6/2.6 MB 20.8 MB/s  0:00:00
Installing collected packages: timm
Successfully installed timm-1.0.27
WARNING: Running pip as the 'root' user can result in broken permissions and conflicting behaviour with the system package manager, possibly rendering your system unusable. It is recommended to use a virtual environment instead: https://pip.pypa.io/warnings/venv. Use the --root-user-action option if you know what you are doing and want to suppress this warning.
[BOOT] timm installation completed
================================================================================
TRAIN CUB-200 RESNET50 TEACHER (IMAGENET TRANSFER, 224 x 224)
================================================================================
[MODE] mode=full actual_epochs=200 planned_epochs=200
[PATH] run_dir=/app/output/cub200_full_transfer_all_100ep_full_seed1/teacher_resnet50_224_imagenet1k_v2/teacher_cub200_resnet50_224_imagenet1k_v2_200ep_seed1
[PROTOCOL_FAMILY] cub200_common_transfer_resnet50_224 separate_from=cub200_resnet56_32_scratch
[PROTOCOL] official_split train=5994 test=5794 architecture=ResNet50 input=224 pretrained=ImageNet1K_V2 full_finetune=True optimizer=SGD lr=0.01 momentum=0.9 nesterov=True weight_decay=0.0005 cosine=200ep batch=64 seed=1 fp32=True
[PRETRAINING_NOTICE] The official CUB page warns that CUB images may overlap ImageNet. Report this transfer-learning family separately from scratch-teacher results.
Downloading: "https://download.pytorch.org/models/resnet50-11ad3fa6.pth" to /app/scratch/torch/hub/checkpoints/resnet50-11ad3fa6.pth
  0%|          | 0.00/97.8M [00:00<?, ?B/s]  8%|▊         | 7.38M/97.8M [00:00<00:01, 77.1MB/s] 17%|█▋        | 16.4M/97.8M [00:00<00:00, 86.8MB/s] 26%|██▌       | 25.4M/97.8M [00:00<00:00, 89.9MB/s] 35%|███▌      | 34.4M/97.8M [00:00<00:00, 91.2MB/s] 44%|████▍     | 43.4M/97.8M [00:00<00:00, 92.0MB/s] 54%|█████▎    | 52.4M/97.8M [00:00<00:00, 92.5MB/s] 63%|██████▎   | 61.4M/97.8M [00:00<00:00, 92.9MB/s] 72%|███████▏  | 70.4M/97.8M [00:00<00:00, 93.0MB/s] 81%|████████  | 79.2M/97.8M [00:00<00:00, 92.9MB/s] 90%|█████████ | 88.2M/97.8M [00:01<00:00, 93.0MB/s] 99%|█████████▉| 97.2M/97.8M [00:01<00:00, 93.1MB/s]100%|██████████| 97.8M/97.8M [00:01<00:00, 91.8MB/s]
[PROTOCOL_CHECK] status=PASS features=((1, 512, 28, 28), (1, 1024, 14, 14), (1, 2048, 7, 7)) logits=(1, 200)
[DATA] root=/app/scratch/input/bapedragon_523/data/cub200/CUB_200_2011 train_samples=5994 test_samples=5794 split=official_train/test
[TEACHER224][001/200] loss=4.8406 train_acc=9.59% test_acc=29.53% best=29.53% lr=0.01000000 time=15.1s est_200=50m 18s saved_best
[TEACHER224][002/200] loss=2.5217 train_acc=40.74% test_acc=60.86% best=60.86% lr=0.00999938 time=14.1s est_200=48m 37s saved_best
[TEACHER224][003/200] loss=1.5651 train_acc=60.35% test_acc=70.83% best=70.83% lr=0.00999753 time=13.5s est_200=47m 22s saved_best
[TEACHER224][004/200] loss=1.2110 train_acc=68.85% test_acc=74.61% best=74.61% lr=0.00999445 time=13.3s est_200=46m 37s saved_best
[TEACHER224][005/200] loss=1.0113 train_acc=74.53% test_acc=75.22% best=75.22% lr=0.00999013 time=13.3s est_200=46m 08s saved_best
[TEACHER224][006/200] loss=0.9033 train_acc=77.55% test_acc=77.06% best=77.06% lr=0.00998459 time=13.3s est_200=45m 50s saved_best
[TEACHER224][007/200] loss=0.7889 train_acc=80.44% test_acc=77.70% best=77.70% lr=0.00997781 time=13.2s est_200=45m 33s saved_best
[TEACHER224][008/200] loss=0.7297 train_acc=80.95% test_acc=77.75% best=77.75% lr=0.00996980 time=13.6s est_200=45m 31s saved_best
[TEACHER224][009/200] loss=0.6775 train_acc=83.05% test_acc=78.96% best=78.96% lr=0.00996057 time=13.9s est_200=45m 35s saved_best
[TEACHER224][010/200] loss=0.6291 train_acc=84.93% test_acc=78.27% best=78.96% lr=0.00995012 time=13.6s est_200=45m 34s
[TEACHER224][011/200] loss=0.5878 train_acc=85.47% test_acc=79.38% best=79.38% lr=0.00993844 time=13.5s est_200=45m 31s saved_best
[TEACHER224][012/200] loss=0.5626 train_acc=86.26% test_acc=79.74% best=79.74% lr=0.00992555 time=12.9s est_200=45m 19s saved_best
[TEACHER224][013/200] loss=0.5682 train_acc=85.90% test_acc=79.70% best=79.74% lr=0.00991144 time=13.0s est_200=45m 10s
[TEACHER224][014/200] loss=0.5007 train_acc=87.99% test_acc=79.62% best=79.74% lr=0.00989611 time=14.2s est_200=45m 18s
[TEACHER224][015/200] loss=0.5078 train_acc=87.63% test_acc=79.41% best=79.74% lr=0.00987958 time=14.0s est_200=45m 24s
[TEACHER224][016/200] loss=0.4927 train_acc=87.62% test_acc=79.36% best=79.74% lr=0.00986185 time=13.0s est_200=45m 16s
[TEACHER224][017/200] loss=0.4684 train_acc=88.88% test_acc=79.08% best=79.74% lr=0.00984292 time=13.5s est_200=45m 15s
[TEACHER224][018/200] loss=0.4715 train_acc=88.59% test_acc=80.08% best=80.08% lr=0.00982279 time=12.7s est_200=45m 06s saved_best
[TEACHER224][019/200] loss=0.4458 train_acc=89.28% test_acc=79.48% best=80.08% lr=0.00980147 time=13.6s est_200=45m 06s
[TEACHER224][020/200] loss=0.4291 train_acc=89.58% test_acc=79.79% best=80.08% lr=0.00977897 time=13.8s est_200=45m 09s
[TEACHER224][021/200] loss=0.4143 train_acc=89.80% test_acc=80.15% best=80.15% lr=0.00975528 time=14.0s est_200=45m 13s saved_best
[TEACHER224][022/200] loss=0.4181 train_acc=89.62% test_acc=79.58% best=80.15% lr=0.00973043 time=13.4s est_200=45m 12s
[TEACHER224][023/200] loss=0.3786 train_acc=90.66% test_acc=80.96% best=80.96% lr=0.00970440 time=13.3s est_200=45m 09s saved_best
[TEACHER224][024/200] loss=0.3682 train_acc=90.99% test_acc=80.60% best=80.96% lr=0.00967722 time=13.4s est_200=45m 08s
[TEACHER224][025/200] loss=0.4125 train_acc=90.17% test_acc=79.86% best=80.96% lr=0.00964888 time=13.4s est_200=45m 07s
[TEACHER224][026/200] loss=0.3858 train_acc=90.51% test_acc=80.31% best=80.96% lr=0.00961940 time=13.0s est_200=45m 03s
[TEACHER224][027/200] loss=0.3796 train_acc=90.78% test_acc=80.08% best=80.96% lr=0.00958877 time=13.7s est_200=45m 04s
[TEACHER224][028/200] loss=0.3778 train_acc=90.94% test_acc=79.98% best=80.96% lr=0.00955702 time=14.1s est_200=45m 08s
[TEACHER224][029/200] loss=0.3841 train_acc=90.52% test_acc=80.46% best=80.96% lr=0.00952414 time=14.0s est_200=45m 11s
[TEACHER224][030/200] loss=0.3628 train_acc=91.08% test_acc=80.64% best=80.96% lr=0.00949014 time=13.5s est_200=45m 11s
[TEACHER224][031/200] loss=0.3708 train_acc=90.89% test_acc=79.41% best=80.96% lr=0.00945503 time=13.1s est_200=45m 08s
[TEACHER224][032/200] loss=0.3468 train_acc=91.95% test_acc=80.60% best=80.96% lr=0.00941883 time=13.2s est_200=45m 06s
[TEACHER224][033/200] loss=0.3427 train_acc=91.89% test_acc=80.43% best=80.96% lr=0.00938153 time=13.5s est_200=45m 05s
[TEACHER224][034/200] loss=0.3427 train_acc=91.65% test_acc=80.46% best=80.96% lr=0.00934316 time=12.5s est_200=44m 59s
[TEACHER224][035/200] loss=0.3343 train_acc=91.94% test_acc=79.88% best=80.96% lr=0.00930371 time=13.3s est_200=44m 58s
[TEACHER224][036/200] loss=0.3138 train_acc=92.66% test_acc=80.64% best=80.96% lr=0.00926320 time=14.3s est_200=45m 02s
[TEACHER224][037/200] loss=0.3350 train_acc=91.70% test_acc=80.51% best=80.96% lr=0.00922164 time=13.8s est_200=45m 04s
[TEACHER224][038/200] loss=0.3319 train_acc=91.94% test_acc=80.79% best=80.96% lr=0.00917904 time=13.4s est_200=45m 03s
[TEACHER224][039/200] loss=0.2988 train_acc=93.04% test_acc=80.45% best=80.96% lr=0.00913540 time=13.0s est_200=45m 01s
[TEACHER224][040/200] loss=0.2861 train_acc=93.18% test_acc=81.36% best=81.36% lr=0.00909075 time=13.8s est_200=45m 02s saved_best
[TEACHER224][041/200] loss=0.3209 train_acc=92.44% test_acc=81.07% best=81.36% lr=0.00904508 time=13.3s est_200=45m 02s
[TEACHER224][042/200] loss=0.3218 train_acc=92.20% test_acc=80.98% best=81.36% lr=0.00899842 time=13.3s est_200=45m 01s
[TEACHER224][043/200] loss=0.2938 train_acc=92.94% test_acc=81.45% best=81.45% lr=0.00895078 time=13.9s est_200=45m 03s saved_best
[TEACHER224][044/200] loss=0.2971 train_acc=92.98% test_acc=81.17% best=81.45% lr=0.00890215 time=13.3s est_200=45m 02s
[TEACHER224][045/200] loss=0.3052 train_acc=92.52% test_acc=81.05% best=81.45% lr=0.00885257 time=13.8s est_200=45m 03s
[TEACHER224][046/200] loss=0.2875 train_acc=92.96% test_acc=81.05% best=81.45% lr=0.00880203 time=13.2s est_200=45m 02s
[TEACHER224][047/200] loss=0.2718 train_acc=93.83% test_acc=81.52% best=81.52% lr=0.00875056 time=13.4s est_200=45m 01s saved_best
[TEACHER224][048/200] loss=0.2636 train_acc=93.70% test_acc=81.36% best=81.52% lr=0.00869816 time=13.4s est_200=45m 01s
[TEACHER224][049/200] loss=0.2936 train_acc=92.93% test_acc=80.27% best=81.52% lr=0.00864484 time=13.0s est_200=44m 59s
[TEACHER224][050/200] loss=0.2849 train_acc=93.51% test_acc=80.22% best=81.52% lr=0.00859063 time=13.5s est_200=44m 59s
[TEACHER224][051/200] loss=0.2835 train_acc=93.57% test_acc=80.55% best=81.52% lr=0.00853553 time=14.2s est_200=45m 02s
[TEACHER224][052/200] loss=0.2452 train_acc=94.54% test_acc=80.36% best=81.52% lr=0.00847956 time=13.4s est_200=45m 02s
[TEACHER224][053/200] loss=0.2651 train_acc=93.68% test_acc=81.55% best=81.55% lr=0.00842274 time=13.9s est_200=45m 03s saved_best
[TEACHER224][054/200] loss=0.2918 train_acc=92.81% test_acc=80.82% best=81.55% lr=0.00836506 time=13.4s est_200=45m 03s
[TEACHER224][055/200] loss=0.2497 train_acc=94.04% test_acc=80.51% best=81.55% lr=0.00830656 time=13.4s est_200=45m 02s
[TEACHER224][056/200] loss=0.2759 train_acc=93.46% test_acc=81.36% best=81.55% lr=0.00824724 time=13.6s est_200=45m 03s
[TEACHER224][057/200] loss=0.2536 train_acc=94.12% test_acc=81.33% best=81.55% lr=0.00818712 time=13.6s est_200=45m 03s
[TEACHER224][058/200] loss=0.2519 train_acc=93.93% test_acc=81.00% best=81.55% lr=0.00812621 time=12.7s est_200=45m 00s
[TEACHER224][059/200] loss=0.2622 train_acc=93.72% test_acc=81.64% best=81.64% lr=0.00806454 time=12.9s est_200=44m 58s saved_best
[TEACHER224][060/200] loss=0.2437 train_acc=94.19% test_acc=81.27% best=81.64% lr=0.00800210 time=13.2s est_200=44m 57s
[TEACHER224][061/200] loss=0.2640 train_acc=93.60% test_acc=80.91% best=81.64% lr=0.00793893 time=13.3s est_200=44m 57s
[TEACHER224][062/200] loss=0.2571 train_acc=93.87% test_acc=81.19% best=81.64% lr=0.00787503 time=13.1s est_200=44m 55s
[TEACHER224][063/200] loss=0.2653 train_acc=93.63% test_acc=81.12% best=81.64% lr=0.00781042 time=13.4s est_200=44m 55s
[TEACHER224][064/200] loss=0.2370 train_acc=94.30% test_acc=81.65% best=81.65% lr=0.00774511 time=13.2s est_200=44m 54s saved_best
[TEACHER224][065/200] loss=0.2493 train_acc=94.44% test_acc=81.38% best=81.65% lr=0.00767913 time=13.3s est_200=44m 54s
[TEACHER224][066/200] loss=0.2480 train_acc=94.42% test_acc=81.17% best=81.65% lr=0.00761249 time=13.0s est_200=44m 52s
[TEACHER224][067/200] loss=0.2414 train_acc=94.30% test_acc=80.74% best=81.65% lr=0.00754521 time=13.5s est_200=44m 53s
[TEACHER224][068/200] loss=0.2369 train_acc=94.12% test_acc=81.53% best=81.65% lr=0.00747729 time=13.2s est_200=44m 52s
[TEACHER224][069/200] loss=0.2300 train_acc=94.44% test_acc=81.19% best=81.65% lr=0.00740877 time=13.2s est_200=44m 51s
[TEACHER224][070/200] loss=0.2228 train_acc=94.67% test_acc=81.22% best=81.65% lr=0.00733965 time=13.3s est_200=44m 51s
[TEACHER224][071/200] loss=0.2190 train_acc=95.04% test_acc=81.53% best=81.65% lr=0.00726995 time=13.9s est_200=44m 52s
[TEACHER224][072/200] loss=0.2289 train_acc=94.51% test_acc=81.34% best=81.65% lr=0.00719970 time=13.5s est_200=44m 52s
[TEACHER224][073/200] loss=0.2122 train_acc=95.08% test_acc=81.19% best=81.65% lr=0.00712890 time=12.8s est_200=44m 50s
[TEACHER224][074/200] loss=0.2327 train_acc=94.52% test_acc=81.36% best=81.65% lr=0.00705757 time=12.4s est_200=44m 47s
[TEACHER224][075/200] loss=0.2299 train_acc=94.35% test_acc=81.53% best=81.65% lr=0.00698574 time=13.6s est_200=44m 48s
[TEACHER224][076/200] loss=0.2109 train_acc=94.79% test_acc=81.46% best=81.65% lr=0.00691342 time=13.3s est_200=44m 47s
[TEACHER224][077/200] loss=0.2275 train_acc=94.52% test_acc=82.03% best=82.03% lr=0.00684062 time=13.0s est_200=44m 46s saved_best
[TEACHER224][078/200] loss=0.2374 train_acc=94.32% test_acc=81.20% best=82.03% lr=0.00676737 time=12.4s est_200=44m 44s
[TEACHER224][079/200] loss=0.2407 train_acc=94.66% test_acc=81.88% best=82.03% lr=0.00669369 time=12.9s est_200=44m 42s
[TEACHER224][080/200] loss=0.2086 train_acc=95.09% test_acc=80.98% best=82.03% lr=0.00661959 time=12.6s est_200=44m 40s
[TEACHER224][081/200] loss=0.2078 train_acc=94.98% test_acc=81.27% best=82.03% lr=0.00654508 time=12.3s est_200=44m 38s
[TEACHER224][082/200] loss=0.2101 train_acc=95.11% test_acc=81.64% best=82.03% lr=0.00647020 time=11.8s est_200=44m 34s
[TEACHER224][083/200] loss=0.2198 train_acc=95.06% test_acc=81.22% best=82.03% lr=0.00639496 time=13.4s est_200=44m 34s
[TEACHER224][084/200] loss=0.2107 train_acc=95.11% test_acc=81.83% best=82.03% lr=0.00631937 time=13.2s est_200=44m 33s
[TEACHER224][085/200] loss=0.1988 train_acc=95.35% test_acc=82.27% best=82.27% lr=0.00624345 time=13.5s est_200=44m 34s saved_best
[TEACHER224][086/200] loss=0.1985 train_acc=95.33% test_acc=81.77% best=82.27% lr=0.00616723 time=12.7s est_200=44m 32s
[TEACHER224][087/200] loss=0.2008 train_acc=95.25% test_acc=81.34% best=82.27% lr=0.00609072 time=12.2s est_200=44m 29s
[TEACHER224][088/200] loss=0.1863 train_acc=95.58% test_acc=81.53% best=82.27% lr=0.00601394 time=12.3s est_200=44m 27s
[TEACHER224][089/200] loss=0.1874 train_acc=95.73% test_acc=81.36% best=82.27% lr=0.00593691 time=14.0s est_200=44m 29s
[TEACHER224][090/200] loss=0.1685 train_acc=96.19% test_acc=81.24% best=82.27% lr=0.00585965 time=14.1s est_200=44m 30s
[TEACHER224][091/200] loss=0.1708 train_acc=96.00% test_acc=81.71% best=82.27% lr=0.00578217 time=13.4s est_200=44m 30s
[TEACHER224][092/200] loss=0.2074 train_acc=95.26% test_acc=81.57% best=82.27% lr=0.00570451 time=13.5s est_200=44m 31s
[TEACHER224][093/200] loss=0.1974 train_acc=95.30% test_acc=81.60% best=82.27% lr=0.00562667 time=13.8s est_200=44m 32s
[TEACHER224][094/200] loss=0.1728 train_acc=95.85% test_acc=82.40% best=82.40% lr=0.00554867 time=13.4s est_200=44m 32s saved_best
[TEACHER224][095/200] loss=0.1739 train_acc=96.03% test_acc=82.00% best=82.40% lr=0.00547054 time=13.5s est_200=44m 32s
[TEACHER224][096/200] loss=0.1917 train_acc=95.48% test_acc=81.95% best=82.40% lr=0.00539230 time=13.4s est_200=44m 32s
[TEACHER224][097/200] loss=0.1859 train_acc=95.23% test_acc=81.77% best=82.40% lr=0.00531395 time=12.9s est_200=44m 31s
[TEACHER224][098/200] loss=0.1737 train_acc=96.09% test_acc=81.81% best=82.40% lr=0.00523553 time=13.4s est_200=44m 31s
[TEACHER224][099/200] loss=0.1766 train_acc=95.85% test_acc=82.19% best=82.40% lr=0.00515705 time=13.5s est_200=44m 31s
[TEACHER224][100/200] loss=0.1714 train_acc=95.98% test_acc=81.76% best=82.40% lr=0.00507854 time=13.2s est_200=44m 31s
[TEACHER224][101/200] loss=0.1710 train_acc=96.17% test_acc=81.77% best=82.40% lr=0.00500000 time=13.5s est_200=44m 31s
[TEACHER224][102/200] loss=0.1910 train_acc=95.56% test_acc=82.03% best=82.40% lr=0.00492146 time=13.4s est_200=44m 31s
[TEACHER224][103/200] loss=0.1727 train_acc=96.02% test_acc=81.58% best=82.40% lr=0.00484295 time=13.5s est_200=44m 32s
[TEACHER224][104/200] loss=0.1671 train_acc=96.12% test_acc=82.21% best=82.40% lr=0.00476447 time=13.5s est_200=44m 32s
[TEACHER224][105/200] loss=0.1639 train_acc=96.29% test_acc=82.34% best=82.40% lr=0.00468605 time=12.5s est_200=44m 30s
[TEACHER224][106/200] loss=0.1604 train_acc=96.35% test_acc=82.03% best=82.40% lr=0.00460770 time=12.8s est_200=44m 29s
[TEACHER224][107/200] loss=0.1620 train_acc=96.44% test_acc=81.95% best=82.40% lr=0.00452946 time=13.4s est_200=44m 29s
[TEACHER224][108/200] loss=0.1653 train_acc=96.12% test_acc=82.19% best=82.40% lr=0.00445133 time=12.3s est_200=44m 28s
[TEACHER224][109/200] loss=0.1681 train_acc=96.27% test_acc=81.84% best=82.40% lr=0.00437333 time=13.4s est_200=44m 28s
[TEACHER224][110/200] loss=0.1429 train_acc=96.74% test_acc=81.90% best=82.40% lr=0.00429549 time=13.0s est_200=44m 27s
[TEACHER224][111/200] loss=0.1606 train_acc=96.20% test_acc=82.10% best=82.40% lr=0.00421783 time=13.3s est_200=44m 27s
[TEACHER224][112/200] loss=0.1710 train_acc=95.93% test_acc=81.96% best=82.40% lr=0.00414035 time=13.9s est_200=44m 28s
[TEACHER224][113/200] loss=0.1531 train_acc=96.47% test_acc=82.65% best=82.65% lr=0.00406309 time=13.6s est_200=44m 28s saved_best
[TEACHER224][114/200] loss=0.1490 train_acc=96.51% test_acc=82.27% best=82.65% lr=0.00398606 time=13.3s est_200=44m 28s
[TEACHER224][115/200] loss=0.1533 train_acc=96.37% test_acc=82.36% best=82.65% lr=0.00390928 time=13.9s est_200=44m 29s
[TEACHER224][116/200] loss=0.1493 train_acc=96.64% test_acc=82.33% best=82.65% lr=0.00383277 time=13.1s est_200=44m 29s
[TEACHER224][117/200] loss=0.1534 train_acc=96.35% test_acc=82.64% best=82.65% lr=0.00375655 time=13.6s est_200=44m 29s
[TEACHER224][118/200] loss=0.1620 train_acc=96.24% test_acc=82.81% best=82.81% lr=0.00368063 time=13.5s est_200=44m 30s saved_best
[TEACHER224][119/200] loss=0.1168 train_acc=97.40% test_acc=82.65% best=82.81% lr=0.00360504 time=13.7s est_200=44m 30s
[TEACHER224][120/200] loss=0.1444 train_acc=96.72% test_acc=82.90% best=82.90% lr=0.00352980 time=13.4s est_200=44m 30s saved_best
[TEACHER224][121/200] loss=0.1394 train_acc=96.88% test_acc=82.55% best=82.90% lr=0.00345492 time=13.5s est_200=44m 30s
[TEACHER224][122/200] loss=0.1593 train_acc=96.27% test_acc=82.90% best=82.90% lr=0.00338041 time=12.9s est_200=44m 30s
[TEACHER224][123/200] loss=0.1474 train_acc=96.69% test_acc=82.86% best=82.90% lr=0.00330631 time=13.5s est_200=44m 30s
[TEACHER224][124/200] loss=0.1442 train_acc=96.76% test_acc=82.78% best=82.90% lr=0.00323263 time=12.3s est_200=44m 28s
[TEACHER224][125/200] loss=0.1400 train_acc=96.79% test_acc=82.31% best=82.90% lr=0.00315938 time=11.3s est_200=44m 25s
[TEACHER224][126/200] loss=0.1232 train_acc=97.08% test_acc=82.72% best=82.90% lr=0.00308658 time=12.9s est_200=44m 24s
[TEACHER224][127/200] loss=0.1316 train_acc=96.99% test_acc=82.69% best=82.90% lr=0.00301426 time=13.0s est_200=44m 24s
[TEACHER224][128/200] loss=0.1592 train_acc=96.22% test_acc=82.88% best=82.90% lr=0.00294243 time=12.8s est_200=44m 23s
[TEACHER224][129/200] loss=0.1287 train_acc=97.14% test_acc=83.09% best=83.09% lr=0.00287110 time=13.8s est_200=44m 24s saved_best
[TEACHER224][130/200] loss=0.1347 train_acc=96.82% test_acc=82.95% best=83.09% lr=0.00280030 time=13.9s est_200=44m 25s
[TEACHER224][131/200] loss=0.1456 train_acc=96.62% test_acc=82.93% best=83.09% lr=0.00273005 time=13.0s est_200=44m 24s
[TEACHER224][132/200] loss=0.1297 train_acc=97.21% test_acc=83.36% best=83.36% lr=0.00266035 time=14.0s est_200=44m 25s saved_best
[TEACHER224][133/200] loss=0.1260 train_acc=97.06% test_acc=83.36% best=83.36% lr=0.00259123 time=13.7s est_200=44m 26s
[TEACHER224][134/200] loss=0.1330 train_acc=97.06% test_acc=82.95% best=83.36% lr=0.00252271 time=14.0s est_200=44m 27s
[TEACHER224][135/200] loss=0.1239 train_acc=97.30% test_acc=83.26% best=83.36% lr=0.00245479 time=13.1s est_200=44m 27s
[TEACHER224][136/200] loss=0.1322 train_acc=97.03% test_acc=83.02% best=83.36% lr=0.00238751 time=12.0s est_200=44m 25s
[TEACHER224][137/200] loss=0.1164 train_acc=97.26% test_acc=83.21% best=83.36% lr=0.00232087 time=12.3s est_200=44m 23s
[TEACHER224][138/200] loss=0.1255 train_acc=97.19% test_acc=83.43% best=83.43% lr=0.00225489 time=14.0s est_200=44m 24s saved_best
[TEACHER224][139/200] loss=0.1195 train_acc=97.24% test_acc=83.45% best=83.45% lr=0.00218958 time=13.4s est_200=44m 24s saved_best
[TEACHER224][140/200] loss=0.1162 train_acc=97.51% test_acc=83.21% best=83.45% lr=0.00212497 time=12.6s est_200=44m 23s
[TEACHER224][141/200] loss=0.1167 train_acc=97.11% test_acc=83.12% best=83.45% lr=0.00206107 time=13.2s est_200=44m 23s
[TEACHER224][142/200] loss=0.1209 train_acc=97.16% test_acc=83.41% best=83.45% lr=0.00199790 time=11.2s est_200=44m 20s
[TEACHER224][143/200] loss=0.1331 train_acc=96.98% test_acc=83.31% best=83.45% lr=0.00193546 time=13.5s est_200=44m 20s
[TEACHER224][144/200] loss=0.1229 train_acc=97.04% test_acc=83.62% best=83.62% lr=0.00187379 time=14.1s est_200=44m 21s saved_best
[TEACHER224][145/200] loss=0.1162 train_acc=97.16% test_acc=83.69% best=83.69% lr=0.00181288 time=13.6s est_200=44m 22s saved_best
[TEACHER224][146/200] loss=0.1192 train_acc=97.48% test_acc=83.29% best=83.69% lr=0.00175276 time=12.9s est_200=44m 21s
[TEACHER224][147/200] loss=0.1216 train_acc=97.28% test_acc=83.22% best=83.69% lr=0.00169344 time=13.6s est_200=44m 21s
[TEACHER224][148/200] loss=0.1158 train_acc=97.48% test_acc=83.33% best=83.69% lr=0.00163494 time=13.7s est_200=44m 22s
[TEACHER224][149/200] loss=0.1136 train_acc=97.40% test_acc=83.66% best=83.69% lr=0.00157726 time=12.6s est_200=44m 21s
[TEACHER224][150/200] loss=0.1222 train_acc=97.23% test_acc=83.69% best=83.69% lr=0.00152044 time=13.2s est_200=44m 21s
[TEACHER224][151/200] loss=0.1113 train_acc=97.40% test_acc=83.71% best=83.71% lr=0.00146447 time=13.2s est_200=44m 21s saved_best
[TEACHER224][152/200] loss=0.1037 train_acc=97.68% test_acc=83.69% best=83.71% lr=0.00140937 time=13.2s est_200=44m 21s
[TEACHER224][153/200] loss=0.1072 train_acc=97.78% test_acc=83.57% best=83.71% lr=0.00135516 time=13.0s est_200=44m 20s
[TEACHER224][154/200] loss=0.0994 train_acc=97.66% test_acc=83.57% best=83.71% lr=0.00130184 time=12.2s est_200=44m 19s
[TEACHER224][155/200] loss=0.1191 train_acc=97.35% test_acc=83.55% best=83.71% lr=0.00124944 time=12.1s est_200=44m 17s
[TEACHER224][156/200] loss=0.1072 train_acc=97.40% test_acc=83.53% best=83.71% lr=0.00119797 time=12.1s est_200=44m 16s
[TEACHER224][157/200] loss=0.0949 train_acc=97.88% test_acc=83.76% best=83.76% lr=0.00114743 time=12.5s est_200=44m 15s saved_best
[TEACHER224][158/200] loss=0.1072 train_acc=97.46% test_acc=83.67% best=83.76% lr=0.00109785 time=12.5s est_200=44m 14s
[TEACHER224][159/200] loss=0.0949 train_acc=97.85% test_acc=83.93% best=83.93% lr=0.00104922 time=14.0s est_200=44m 15s saved_best
[TEACHER224][160/200] loss=0.1114 train_acc=97.60% test_acc=83.86% best=83.93% lr=0.00100158 time=13.3s est_200=44m 15s
[TEACHER224][161/200] loss=0.1196 train_acc=97.21% test_acc=84.10% best=84.10% lr=0.00095492 time=13.4s est_200=44m 15s saved_best
[TEACHER224][162/200] loss=0.0980 train_acc=97.87% test_acc=83.91% best=84.10% lr=0.00090925 time=13.4s est_200=44m 15s
[TEACHER224][163/200] loss=0.1072 train_acc=97.56% test_acc=83.71% best=84.10% lr=0.00086460 time=13.9s est_200=44m 16s
[TEACHER224][164/200] loss=0.0930 train_acc=98.02% test_acc=83.60% best=84.10% lr=0.00082096 time=13.5s est_200=44m 16s
[TEACHER224][165/200] loss=0.1086 train_acc=97.46% test_acc=83.74% best=84.10% lr=0.00077836 time=13.5s est_200=44m 17s
[TEACHER224][166/200] loss=0.1011 train_acc=97.70% test_acc=83.86% best=84.10% lr=0.00073680 time=12.6s est_200=44m 16s
[TEACHER224][167/200] loss=0.0922 train_acc=98.00% test_acc=83.83% best=84.10% lr=0.00069629 time=13.7s est_200=44m 16s
[TEACHER224][168/200] loss=0.0981 train_acc=98.00% test_acc=83.74% best=84.10% lr=0.00065684 time=12.9s est_200=44m 16s
[TEACHER224][169/200] loss=0.0953 train_acc=97.72% test_acc=83.67% best=84.10% lr=0.00061847 time=13.6s est_200=44m 16s
[TEACHER224][170/200] loss=0.0924 train_acc=97.70% test_acc=83.74% best=84.10% lr=0.00058117 time=12.8s est_200=44m 16s
[TEACHER224][171/200] loss=0.0978 train_acc=97.92% test_acc=83.60% best=84.10% lr=0.00054497 time=13.2s est_200=44m 15s
[TEACHER224][172/200] loss=0.0983 train_acc=97.95% test_acc=83.86% best=84.10% lr=0.00050986 time=12.8s est_200=44m 15s
[TEACHER224][173/200] loss=0.1128 train_acc=97.56% test_acc=83.93% best=84.10% lr=0.00047586 time=14.0s est_200=44m 16s
[TEACHER224][174/200] loss=0.0982 train_acc=98.00% test_acc=83.93% best=84.10% lr=0.00044298 time=13.4s est_200=44m 16s
[TEACHER224][175/200] loss=0.1006 train_acc=97.73% test_acc=83.69% best=84.10% lr=0.00041123 time=13.2s est_200=44m 16s
[TEACHER224][176/200] loss=0.1019 train_acc=97.87% test_acc=83.72% best=84.10% lr=0.00038060 time=13.6s est_200=44m 16s
[TEACHER224][177/200] loss=0.1084 train_acc=97.40% test_acc=83.91% best=84.10% lr=0.00035112 time=13.6s est_200=44m 17s
[TEACHER224][178/200] loss=0.1065 train_acc=97.66% test_acc=83.90% best=84.10% lr=0.00032278 time=13.5s est_200=44m 17s
[TEACHER224][179/200] loss=0.0946 train_acc=97.98% test_acc=83.55% best=84.10% lr=0.00029560 time=13.3s est_200=44m 17s
[TEACHER224][180/200] loss=0.1090 train_acc=97.72% test_acc=83.72% best=84.10% lr=0.00026957 time=13.1s est_200=44m 17s
[TEACHER224][181/200] loss=0.0927 train_acc=97.83% test_acc=83.69% best=84.10% lr=0.00024472 time=12.4s est_200=44m 16s
[TEACHER224][182/200] loss=0.1078 train_acc=97.65% test_acc=83.95% best=84.10% lr=0.00022103 time=12.0s est_200=44m 14s
[TEACHER224][183/200] loss=0.0923 train_acc=97.88% test_acc=83.79% best=84.10% lr=0.00019853 time=13.3s est_200=44m 14s
[TEACHER224][184/200] loss=0.1022 train_acc=97.58% test_acc=83.78% best=84.10% lr=0.00017721 time=10.8s est_200=44m 12s
[TEACHER224][185/200] loss=0.0911 train_acc=98.00% test_acc=83.93% best=84.10% lr=0.00015708 time=13.3s est_200=44m 12s
[TEACHER224][186/200] loss=0.1058 train_acc=97.70% test_acc=83.78% best=84.10% lr=0.00013815 time=13.4s est_200=44m 12s
[TEACHER224][187/200] loss=0.1021 train_acc=97.66% test_acc=83.97% best=84.10% lr=0.00012042 time=13.4s est_200=44m 12s
[TEACHER224][188/200] loss=0.1133 train_acc=97.53% test_acc=83.83% best=84.10% lr=0.00010389 time=13.2s est_200=44m 12s
[TEACHER224][189/200] loss=0.0990 train_acc=97.77% test_acc=83.91% best=84.10% lr=0.00008856 time=12.2s est_200=44m 11s
[TEACHER224][190/200] loss=0.0989 train_acc=97.83% test_acc=83.76% best=84.10% lr=0.00007445 time=13.6s est_200=44m 11s
[TEACHER224][191/200] loss=0.0898 train_acc=97.98% test_acc=84.04% best=84.10% lr=0.00006156 time=13.3s est_200=44m 11s
[TEACHER224][192/200] loss=0.1056 train_acc=97.55% test_acc=83.91% best=84.10% lr=0.00004988 time=13.8s est_200=44m 12s
[TEACHER224][193/200] loss=0.1025 train_acc=97.60% test_acc=83.78% best=84.10% lr=0.00003943 time=12.9s est_200=44m 11s
[TEACHER224][194/200] loss=0.1015 train_acc=97.80% test_acc=83.72% best=84.10% lr=0.00003020 time=13.1s est_200=44m 11s
[TEACHER224][195/200] loss=0.0997 train_acc=97.56% test_acc=83.90% best=84.10% lr=0.00002219 time=12.5s est_200=44m 11s
[TEACHER224][196/200] loss=0.0897 train_acc=97.90% test_acc=83.97% best=84.10% lr=0.00001541 time=13.7s est_200=44m 11s
[TEACHER224][197/200] loss=0.0920 train_acc=98.03% test_acc=83.91% best=84.10% lr=0.00000987 time=13.2s est_200=44m 11s
[TEACHER224][198/200] loss=0.0886 train_acc=98.08% test_acc=83.78% best=84.10% lr=0.00000555 time=12.1s est_200=44m 10s
[TEACHER224][199/200] loss=0.0972 train_acc=97.93% test_acc=83.85% best=84.10% lr=0.00000247 time=13.5s est_200=44m 10s
[TEACHER224][200/200] loss=0.1009 train_acc=97.63% test_acc=83.79% best=84.10% lr=0.00000062 time=12.9s est_200=44m 10s
[FINAL_RESULT] teacher224_best_top1=84.10% checkpoint=/app/output/cub200_full_transfer_all_100ep_full_seed1/teacher_resnet50_224_imagenet1k_v2/teacher_cub200_resnet50_224_imagenet1k_v2_200ep_seed1/teacher_resnet50_cub200_224_best.pt
[FINAL_RESULT] manifest=/app/output/cub200_full_transfer_all_100ep_full_seed1/teacher_resnet50_224_imagenet1k_v2/teacher_cub200_resnet50_224_imagenet1k_v2_200ep_seed1/manifest.json
[DONE] CUB-200 ResNet50-224 transfer teacher training completed successfully.
[TEACHER_IDENTITY_CHECK] status=PASS pretrained=True source=torchvision.ResNet50_Weights.IMAGENET1K_V2 input=224
[COMMAND][VanillaB128] /usr/bin/python methods/Vanilla/cub200_224/train.py --profile lg_official_b128 --student-pretrained --student-epochs 100 --full-run --data-dir data/cub200 --output-dir /app/output/cub200_full_transfer_all_100ep_full_seed1/Vanilla/pretrained_b128 --run-name vanilla_cub200_deit_ti_imagenet1k_b128_100ep_seed1 --num-workers 4
[BOOT] Python process started: /usr/bin/python
================================================================================
VANILLA CUB-200 DEIT-TI / CE-ONLY / 224 x 224
================================================================================
[MODE] mode=full actual_epochs=100 planned_epochs=100
[VANILLA_PROTOCOL] profile=lg_official_b128 teacher=none guidance=none loss=CE-only student_pretrained=True student_pretrained_source=timm/deit_tiny_patch16_224.fb_in1k student_input=224 batch=128 seed=1
[AUGMENT] official_lg_strong color_jitter=0.4 auto_augment=rand-m9-mstd0.5-inc1 random_erasing=0.25/pixel/1 train_interpolation=bicubic eval_resize=direct224_bilinear
[PATH] data_dir=/app/scratch/input/bapedragon_523/data/cub200
[PATH] run_dir=/app/output/cub200_full_transfer_all_100ep_full_seed1/Vanilla/pretrained_b128/vanilla_cub200_deit_ti_imagenet1k_b128_100ep_seed1
[DATA] CUB-200-2011 root=/app/scratch/input/bapedragon_523/data/cub200/CUB_200_2011
[DATA] train_samples=5994 test_samples=5794
[DATA] student_image=224 teacher_image=32 train_batch=128 eval_batch=200 num_workers=4 drop_last_train=True smoke=False split=train:official_train eval:official_test eval_interpolation=bilinear
[MODEL] student=deit_tiny_patch16_224 params=5,563,016
[OPTIMIZER] official_lg_groups no_decay=1d,bias,cls_token,pos_embed head_zero_init=True
[VANILLA][lg_official_b128][001/100] loss=5.2979 train_acc=14.91% val_acc=34.97% best=34.97% lr=5e-07 time=14.1s avg_epoch=14.1s est_planned=23m 33s saved_best
[VANILLA][lg_official_b128][002/100] loss=5.2490 train_acc=17.34% val_acc=24.46% best=34.97% lr=2.5475e-05 time=12.7s avg_epoch=13.4s est_planned=22m 19s
[VANILLA][lg_official_b128][003/100] loss=5.0425 train_acc=12.55% val_acc=16.60% best=34.97% lr=5.045e-05 time=12.6s avg_epoch=13.1s est_planned=21m 52s
[VANILLA][lg_official_b128][004/100] loss=4.7377 train_acc=11.87% val_acc=18.33% best=34.97% lr=7.5425e-05 time=13.5s avg_epoch=13.2s est_planned=22m 01s
[VANILLA][lg_official_b128][005/100] loss=4.4170 train_acc=11.77% val_acc=18.16% best=34.97% lr=0.0001004 time=13.0s avg_epoch=13.2s est_planned=21m 56s
[VANILLA][lg_official_b128][006/100] loss=4.0872 train_acc=14.78% val_acc=21.52% best=34.97% lr=0.000125375 time=12.6s avg_epoch=13.1s est_planned=21m 47s
[VANILLA][lg_official_b128][007/100] loss=3.8226 train_acc=16.59% val_acc=24.53% best=34.97% lr=0.00015035 time=12.4s avg_epoch=13.0s est_planned=21m 37s
[VANILLA][lg_official_b128][008/100] loss=3.6124 train_acc=21.40% val_acc=31.20% best=34.97% lr=0.000175325 time=13.6s avg_epoch=13.0s est_planned=21m 44s
[VANILLA][lg_official_b128][009/100] loss=3.3314 train_acc=25.36% val_acc=35.55% best=35.55% lr=0.0002003 time=13.2s avg_epoch=13.1s est_planned=21m 46s saved_best
[VANILLA][lg_official_b128][010/100] loss=3.1426 train_acc=29.81% val_acc=39.89% best=39.89% lr=0.000225275 time=12.8s avg_epoch=13.0s est_planned=21m 44s saved_best
[VANILLA][lg_official_b128][011/100] loss=2.9508 train_acc=33.03% val_acc=44.72% best=44.72% lr=0.00025025 time=13.5s avg_epoch=13.1s est_planned=21m 48s saved_best
[VANILLA][lg_official_b128][012/100] loss=2.7876 train_acc=35.24% val_acc=47.62% best=47.62% lr=0.000275225 time=11.8s avg_epoch=13.0s est_planned=21m 37s saved_best
[VANILLA][lg_official_b128][013/100] loss=2.6679 train_acc=38.74% val_acc=48.65% best=48.65% lr=0.0003002 time=11.2s avg_epoch=12.8s est_planned=21m 23s saved_best
[VANILLA][lg_official_b128][014/100] loss=2.5283 train_acc=40.69% val_acc=51.95% best=51.95% lr=0.000325175 time=12.5s avg_epoch=12.8s est_planned=21m 21s saved_best
[VANILLA][lg_official_b128][015/100] loss=2.4150 train_acc=43.38% val_acc=52.81% best=52.81% lr=0.00035015 time=12.2s avg_epoch=12.8s est_planned=21m 17s saved_best
[VANILLA][lg_official_b128][016/100] loss=2.3325 train_acc=44.75% val_acc=55.64% best=55.64% lr=0.000375125 time=11.5s avg_epoch=12.7s est_planned=21m 09s saved_best
[VANILLA][lg_official_b128][017/100] loss=2.2357 train_acc=45.72% val_acc=54.97% best=55.64% lr=0.0004001 time=12.9s avg_epoch=12.7s est_planned=21m 10s
[VANILLA][lg_official_b128][018/100] loss=2.2205 train_acc=46.77% val_acc=55.38% best=55.64% lr=0.000425075 time=12.8s avg_epoch=12.7s est_planned=21m 10s
[VANILLA][lg_official_b128][019/100] loss=2.1597 train_acc=48.06% val_acc=57.08% best=57.08% lr=0.00045005 time=12.9s avg_epoch=12.7s est_planned=21m 12s saved_best
[VANILLA][lg_official_b128][020/100] loss=2.1191 train_acc=48.45% val_acc=58.08% best=58.08% lr=0.000475025 time=12.4s avg_epoch=12.7s est_planned=21m 10s saved_best
[VANILLA][lg_official_b128][021/100] loss=2.0017 train_acc=51.31% val_acc=57.40% best=58.08% lr=0.00045273171 time=11.1s avg_epoch=12.6s est_planned=21m 03s
[VANILLA][lg_official_b128][022/100] loss=1.9482 train_acc=52.53% val_acc=60.58% best=60.58% lr=0.00044806337 time=11.8s avg_epoch=12.6s est_planned=20m 59s saved_best
[VANILLA][lg_official_b128][023/100] loss=1.8713 train_acc=55.11% val_acc=61.75% best=61.75% lr=0.00044320203 time=13.9s avg_epoch=12.6s est_planned=21m 04s saved_best
[VANILLA][lg_official_b128][024/100] loss=1.7956 train_acc=55.60% val_acc=63.13% best=63.13% lr=0.00043815249 time=12.7s avg_epoch=12.6s est_planned=21m 05s saved_best
[VANILLA][lg_official_b128][025/100] loss=1.7895 train_acc=56.17% val_acc=62.94% best=63.13% lr=0.00043291974 time=13.6s avg_epoch=12.7s est_planned=21m 08s
[VANILLA][lg_official_b128][026/100] loss=1.6977 train_acc=58.12% val_acc=62.41% best=63.13% lr=0.00042750893 time=11.6s avg_epoch=12.6s est_planned=21m 04s
[VANILLA][lg_official_b128][027/100] loss=1.6464 train_acc=59.60% val_acc=63.60% best=63.60% lr=0.00042192541 time=12.5s avg_epoch=12.6s est_planned=21m 04s saved_best
[VANILLA][lg_official_b128][028/100] loss=1.6493 train_acc=58.95% val_acc=65.00% best=65.00% lr=0.00041617469 time=12.8s avg_epoch=12.6s est_planned=21m 04s saved_best
[VANILLA][lg_official_b128][029/100] loss=1.6059 train_acc=59.97% val_acc=64.48% best=65.00% lr=0.00041026244 time=12.8s avg_epoch=12.6s est_planned=21m 05s
[VANILLA][lg_official_b128][030/100] loss=1.5502 train_acc=61.29% val_acc=64.58% best=65.00% lr=0.0004041945 time=13.0s avg_epoch=12.7s est_planned=21m 06s
[VANILLA][lg_official_b128][031/100] loss=1.5149 train_acc=61.33% val_acc=65.64% best=65.64% lr=0.00039797685 time=12.5s avg_epoch=12.7s est_planned=21m 06s saved_best
[VANILLA][lg_official_b128][032/100] loss=1.5044 train_acc=62.45% val_acc=66.34% best=66.34% lr=0.00039161564 time=11.6s avg_epoch=12.6s est_planned=21m 02s saved_best
[VANILLA][lg_official_b128][033/100] loss=1.4175 train_acc=64.59% val_acc=67.57% best=67.57% lr=0.00038511713 time=11.7s avg_epoch=12.6s est_planned=21m 00s saved_best
[VANILLA][lg_official_b128][034/100] loss=1.4199 train_acc=64.30% val_acc=66.05% best=67.57% lr=0.00037848775 time=12.8s avg_epoch=12.6s est_planned=21m 00s
[VANILLA][lg_official_b128][035/100] loss=1.3611 train_acc=66.05% val_acc=66.69% best=67.57% lr=0.00037173403 time=12.3s avg_epoch=12.6s est_planned=21m 00s
[VANILLA][lg_official_b128][036/100] loss=1.3643 train_acc=66.27% val_acc=67.00% best=67.57% lr=0.00036486265 time=10.9s avg_epoch=12.5s est_planned=20m 55s
[VANILLA][lg_official_b128][037/100] loss=1.3169 train_acc=67.37% val_acc=66.50% best=67.57% lr=0.00035788037 time=12.7s avg_epoch=12.6s est_planned=20m 55s
[VANILLA][lg_official_b128][038/100] loss=1.3115 train_acc=67.17% val_acc=67.12% best=67.57% lr=0.0003507941 time=12.6s avg_epoch=12.6s est_planned=20m 55s
[VANILLA][lg_official_b128][039/100] loss=1.2443 train_acc=68.48% val_acc=67.09% best=67.57% lr=0.00034361083 time=13.8s avg_epoch=12.6s est_planned=20m 59s
[VANILLA][lg_official_b128][040/100] loss=1.2466 train_acc=69.34% val_acc=68.50% best=68.50% lr=0.00033633764 time=12.7s avg_epoch=12.6s est_planned=20m 59s saved_best
[VANILLA][lg_official_b128][041/100] loss=1.2177 train_acc=70.45% val_acc=68.86% best=68.86% lr=0.00032898171 time=12.8s avg_epoch=12.6s est_planned=20m 59s saved_best
[VANILLA][lg_official_b128][042/100] loss=1.1694 train_acc=71.55% val_acc=67.71% best=68.86% lr=0.0003215503 time=13.0s avg_epoch=12.6s est_planned=21m 00s
[VANILLA][lg_official_b128][043/100] loss=1.1749 train_acc=70.79% val_acc=68.05% best=68.86% lr=0.00031405075 time=11.7s avg_epoch=12.6s est_planned=20m 58s
[VANILLA][lg_official_b128][044/100] loss=1.1587 train_acc=70.36% val_acc=68.54% best=68.86% lr=0.00030649045 time=12.2s avg_epoch=12.6s est_planned=20m 57s
[VANILLA][lg_official_b128][045/100] loss=1.1226 train_acc=71.96% val_acc=68.24% best=68.86% lr=0.00029887688 time=13.5s avg_epoch=12.6s est_planned=20m 59s
[VANILLA][lg_official_b128][046/100] loss=1.1076 train_acc=72.38% val_acc=68.47% best=68.86% lr=0.00029121753 time=11.6s avg_epoch=12.6s est_planned=20m 57s
[VANILLA][lg_official_b128][047/100] loss=1.0442 train_acc=74.15% val_acc=68.74% best=68.86% lr=0.00028351998 time=11.1s avg_epoch=12.5s est_planned=20m 54s
[VANILLA][lg_official_b128][048/100] loss=1.0677 train_acc=73.15% val_acc=68.66% best=68.86% lr=0.00027579181 time=11.6s avg_epoch=12.5s est_planned=20m 52s
[VANILLA][lg_official_b128][049/100] loss=1.0088 train_acc=74.46% val_acc=68.99% best=68.99% lr=0.00026804065 time=12.0s avg_epoch=12.5s est_planned=20m 51s saved_best
[VANILLA][lg_official_b128][050/100] loss=1.0206 train_acc=74.56% val_acc=69.28% best=69.28% lr=0.00026027416 time=12.3s avg_epoch=12.5s est_planned=20m 51s saved_best
[VANILLA][lg_official_b128][051/100] loss=1.0070 train_acc=75.31% val_acc=69.61% best=69.61% lr=0.0002525 time=11.0s avg_epoch=12.5s est_planned=20m 48s saved_best
[VANILLA][lg_official_b128][052/100] loss=1.0038 train_acc=75.37% val_acc=70.21% best=70.21% lr=0.00024472584 time=11.9s avg_epoch=12.5s est_planned=20m 46s saved_best
[VANILLA][lg_official_b128][053/100] loss=0.9687 train_acc=75.56% val_acc=70.40% best=70.40% lr=0.00023695935 time=10.9s avg_epoch=12.4s est_planned=20m 43s saved_best
[VANILLA][lg_official_b128][054/100] loss=0.9057 train_acc=77.45% val_acc=70.90% best=70.90% lr=0.00022920819 time=13.2s avg_epoch=12.4s est_planned=20m 45s saved_best
[VANILLA][lg_official_b128][055/100] loss=0.9302 train_acc=77.12% val_acc=69.57% best=70.90% lr=0.00022148002 time=13.0s avg_epoch=12.5s est_planned=20m 46s
[VANILLA][lg_official_b128][056/100] loss=0.9189 train_acc=77.43% val_acc=70.02% best=70.90% lr=0.00021378247 time=14.0s avg_epoch=12.5s est_planned=20m 49s
[VANILLA][lg_official_b128][057/100] loss=0.9106 train_acc=77.46% val_acc=71.07% best=71.07% lr=0.00020612312 time=13.0s avg_epoch=12.5s est_planned=20m 50s saved_best
[VANILLA][lg_official_b128][058/100] loss=0.8923 train_acc=77.94% val_acc=70.30% best=71.07% lr=0.00019850955 time=11.9s avg_epoch=12.5s est_planned=20m 49s
[VANILLA][lg_official_b128][059/100] loss=0.8268 train_acc=79.45% val_acc=70.90% best=71.07% lr=0.00019094925 time=12.4s avg_epoch=12.5s est_planned=20m 48s
[VANILLA][lg_official_b128][060/100] loss=0.8711 train_acc=78.72% val_acc=70.68% best=71.07% lr=0.0001834497 time=12.3s avg_epoch=12.5s est_planned=20m 48s
[VANILLA][lg_official_b128][061/100] loss=0.8296 train_acc=79.81% val_acc=71.25% best=71.25% lr=0.00017601829 time=13.2s avg_epoch=12.5s est_planned=20m 49s saved_best
[VANILLA][lg_official_b128][062/100] loss=0.8274 train_acc=79.40% val_acc=70.47% best=71.25% lr=0.00016866236 time=12.4s avg_epoch=12.5s est_planned=20m 49s
[VANILLA][lg_official_b128][063/100] loss=0.8185 train_acc=79.84% val_acc=70.42% best=71.25% lr=0.00016138917 time=12.1s avg_epoch=12.5s est_planned=20m 48s
[VANILLA][lg_official_b128][064/100] loss=0.8232 train_acc=79.50% val_acc=70.47% best=71.25% lr=0.0001542059 time=12.0s avg_epoch=12.5s est_planned=20m 48s
[VANILLA][lg_official_b128][065/100] loss=0.7630 train_acc=80.89% val_acc=70.45% best=71.25% lr=0.00014711963 time=11.6s avg_epoch=12.5s est_planned=20m 46s
[VANILLA][lg_official_b128][066/100] loss=0.7445 train_acc=81.56% val_acc=71.63% best=71.63% lr=0.00014013735 time=14.4s avg_epoch=12.5s est_planned=20m 49s saved_best
[VANILLA][lg_official_b128][067/100] loss=0.7366 train_acc=81.86% val_acc=70.59% best=71.63% lr=0.00013326597 time=13.0s avg_epoch=12.5s est_planned=20m 50s
[VANILLA][lg_official_b128][068/100] loss=0.7512 train_acc=82.07% val_acc=70.85% best=71.63% lr=0.00012651225 time=12.5s avg_epoch=12.5s est_planned=20m 50s
[VANILLA][lg_official_b128][069/100] loss=0.7125 train_acc=82.57% val_acc=71.95% best=71.95% lr=0.00011988287 time=11.5s avg_epoch=12.5s est_planned=20m 49s saved_best
[VANILLA][lg_official_b128][070/100] loss=0.7389 train_acc=81.56% val_acc=72.14% best=72.14% lr=0.00011338436 time=12.7s avg_epoch=12.5s est_planned=20m 49s saved_best
[VANILLA][lg_official_b128][071/100] loss=0.7259 train_acc=82.35% val_acc=71.14% best=72.14% lr=0.00010702315 time=13.4s avg_epoch=12.5s est_planned=20m 50s
[VANILLA][lg_official_b128][072/100] loss=0.7095 train_acc=82.69% val_acc=72.33% best=72.33% lr=0.0001008055 time=12.7s avg_epoch=12.5s est_planned=20m 51s saved_best
[VANILLA][lg_official_b128][073/100] loss=0.6683 train_acc=83.34% val_acc=71.68% best=72.33% lr=9.4737563e-05 time=11.6s avg_epoch=12.5s est_planned=20m 49s
[VANILLA][lg_official_b128][074/100] loss=0.6693 train_acc=83.27% val_acc=71.42% best=72.33% lr=8.8825313e-05 time=11.6s avg_epoch=12.5s est_planned=20m 48s
[VANILLA][lg_official_b128][075/100] loss=0.6746 train_acc=83.53% val_acc=71.97% best=72.33% lr=8.3074591e-05 time=12.4s avg_epoch=12.5s est_planned=20m 48s
[VANILLA][lg_official_b128][076/100] loss=0.6696 train_acc=83.78% val_acc=72.30% best=72.33% lr=7.7491072e-05 time=12.3s avg_epoch=12.5s est_planned=20m 48s
[VANILLA][lg_official_b128][077/100] loss=0.6584 train_acc=83.90% val_acc=72.20% best=72.33% lr=7.2080265e-05 time=11.6s avg_epoch=12.5s est_planned=20m 47s
[VANILLA][lg_official_b128][078/100] loss=0.6948 train_acc=82.83% val_acc=72.21% best=72.33% lr=6.684751e-05 time=11.7s avg_epoch=12.5s est_planned=20m 46s
[VANILLA][lg_official_b128][079/100] loss=0.6948 train_acc=83.42% val_acc=72.16% best=72.33% lr=6.1797972e-05 time=11.6s avg_epoch=12.4s est_planned=20m 45s
[VANILLA][lg_official_b128][080/100] loss=0.6378 train_acc=84.00% val_acc=72.47% best=72.47% lr=5.6936634e-05 time=12.6s avg_epoch=12.4s est_planned=20m 45s saved_best
[VANILLA][lg_official_b128][081/100] loss=0.6130 train_acc=84.95% val_acc=72.42% best=72.47% lr=5.2268294e-05 time=11.8s avg_epoch=12.4s est_planned=20m 44s
[VANILLA][lg_official_b128][082/100] loss=0.6625 train_acc=83.88% val_acc=72.56% best=72.56% lr=4.7797558e-05 time=12.2s avg_epoch=12.4s est_planned=20m 44s saved_best
[VANILLA][lg_official_b128][083/100] loss=0.6519 train_acc=84.00% val_acc=72.33% best=72.56% lr=4.3528838e-05 time=13.9s avg_epoch=12.5s est_planned=20m 45s
[VANILLA][lg_official_b128][084/100] loss=0.6251 train_acc=84.92% val_acc=72.16% best=72.56% lr=3.9466348e-05 time=11.9s avg_epoch=12.4s est_planned=20m 45s
[VANILLA][lg_official_b128][085/100] loss=0.6544 train_acc=84.19% val_acc=72.80% best=72.80% lr=3.5614097e-05 time=12.7s avg_epoch=12.4s est_planned=20m 45s saved_best
[VANILLA][lg_official_b128][086/100] loss=0.6063 train_acc=85.21% val_acc=72.66% best=72.80% lr=3.1975885e-05 time=12.7s avg_epoch=12.5s est_planned=20m 45s
[VANILLA][lg_official_b128][087/100] loss=0.5985 train_acc=85.68% val_acc=72.66% best=72.80% lr=2.8555305e-05 time=12.2s avg_epoch=12.5s est_planned=20m 45s
[VANILLA][lg_official_b128][088/100] loss=0.5945 train_acc=85.19% val_acc=72.82% best=72.82% lr=2.535573e-05 time=12.2s avg_epoch=12.4s est_planned=20m 45s saved_best
[VANILLA][lg_official_b128][089/100] loss=0.6149 train_acc=85.04% val_acc=72.61% best=72.82% lr=2.238032e-05 time=13.5s avg_epoch=12.5s est_planned=20m 46s
[VANILLA][lg_official_b128][090/100] loss=0.6163 train_acc=84.92% val_acc=72.76% best=72.82% lr=1.963201e-05 time=13.2s avg_epoch=12.5s est_planned=20m 47s
[VANILLA][lg_official_b128][091/100] loss=0.5970 train_acc=85.68% val_acc=72.83% best=72.83% lr=1.7113512e-05 time=13.2s avg_epoch=12.5s est_planned=20m 48s saved_best
[VANILLA][lg_official_b128][092/100] loss=0.5845 train_acc=86.67% val_acc=72.76% best=72.83% lr=1.4827313e-05 time=12.6s avg_epoch=12.5s est_planned=20m 48s
[VANILLA][lg_official_b128][093/100] loss=0.5657 train_acc=86.11% val_acc=72.94% best=72.94% lr=1.2775668e-05 time=12.1s avg_epoch=12.5s est_planned=20m 47s saved_best
[VANILLA][lg_official_b128][094/100] loss=0.5831 train_acc=85.87% val_acc=72.95% best=72.95% lr=1.0960601e-05 time=13.5s avg_epoch=12.5s est_planned=20m 48s saved_best
[VANILLA][lg_official_b128][095/100] loss=0.5633 train_acc=86.29% val_acc=72.94% best=72.95% lr=9.3839054e-06 time=13.9s avg_epoch=12.5s est_planned=20m 50s
[VANILLA][lg_official_b128][096/100] loss=0.5728 train_acc=85.94% val_acc=72.90% best=72.95% lr=8.0471357e-06 time=13.9s avg_epoch=12.5s est_planned=20m 51s
[VANILLA][lg_official_b128][097/100] loss=0.5642 train_acc=86.38% val_acc=72.87% best=72.95% lr=6.9516114e-06 time=14.3s avg_epoch=12.5s est_planned=20m 53s
[VANILLA][lg_official_b128][098/100] loss=0.5438 train_acc=86.68% val_acc=73.02% best=73.02% lr=6.0984138e-06 time=14.1s avg_epoch=12.5s est_planned=20m 55s saved_best
[VANILLA][lg_official_b128][099/100] loss=0.5946 train_acc=85.73% val_acc=73.04% best=73.04% lr=5.4883847e-06 time=13.9s avg_epoch=12.6s est_planned=20m 56s saved_best
[VANILLA][lg_official_b128][100/100] loss=0.5831 train_acc=86.04% val_acc=73.06% best=73.06% lr=5.1221263e-06 time=12.6s avg_epoch=12.6s est_planned=20m 56s saved_best
================================================================================
[FINAL_RESULT] vanilla_profile=lg_official_b128 best_top1=73.06%
[TIMING] avg_epoch=12.6s planned_epochs=100 estimated_total=20m 56s
[FINAL_RESULT] summary=/app/output/cub200_full_transfer_all_100ep_full_seed1/Vanilla/pretrained_b128/vanilla_cub200_deit_ti_imagenet1k_b128_100ep_seed1/summary.json
[DONE] Vanilla CE-only training completed successfully.
[STUDENT_IDENTITY_CHECK][VanillaB128] status=PASS pretrained=True input=224 batch=128
[COMMAND][LG] /usr/bin/python methods/LG/cub200_resnet50_deit_ti_224_pretrained/train.py --data-dir data/cub200 --teacher-root /app/output/cub200_full_transfer_all_100ep_full_seed1/teacher_resnet50_224_imagenet1k_v2/teacher_cub200_resnet50_224_imagenet1k_v2_200ep_seed1 --output-dir /app/output/cub200_full_transfer_all_100ep_full_seed1/LG/full_transfer --run-name lg_cub200_both_imagenet_pretrained_b128_100ep_seed1 --num-workers 4 --student-epochs 100
[BOOT] Python process started: /usr/bin/python
========================================================================
LOCALITY GUIDANCE / TEACHER-224 -> DEIT-TI
========================================================================
[ENV] python=3.10.12 torch=2.11.0+cu130 torchvision=0.26.0+cu130 timm=1.0.27
[ENV] cuda_available=True cuda_device_count=1
[ENV] gpu_name=NVIDIA H200 NVL
[ENV] gpu_memory_gib=139.80
[ENV] device=cuda amp=False seed=1 cudnn_benchmark=False
[PATH] data_dir=/app/scratch/input/bapedragon_523/data/cub200
[PATH] teacher_root=/app/output/cub200_full_transfer_all_100ep_full_seed1/teacher_resnet50_224_imagenet1k_v2/teacher_cub200_resnet50_224_imagenet1k_v2_200ep_seed1
[PATH] run_dir=/app/output/cub200_full_transfer_all_100ep_full_seed1/LG/full_transfer/lg_cub200_both_imagenet_pretrained_b128_100ep_seed1
[MODE] smoke=False timing_run=False student_epochs=100 planned_epochs=100
[PROTOCOL] name=cub200_deit_ti_lg_resnet50_224_both_imagenet_pretrained_v1 optimizer=AdamW lr=0.0005 min_lr=5e-06 weight_decay=0.05 warmup=20 warmup_factor=0.001 cosine batch=128 eval_batch=200 student_image=224 teacher_image=224 drop_path=0.1 label_smoothing=0.0 student_pretrained=True student_pretrained_source=timm/deit_tiny_patch16_224.fb_in1k base=lg_official eval_resize=direct eval_interpolation=bilinear
[AUGMENT] color_jitter=0.4 auto_augment=rand-m9-mstd0.5-inc1 random_erasing=0.25/pixel/1 interpolation=bicubic normalization=ImageNet drop_last_train=True
[LG] loss=CE+beta*LG_all_epochs beta=2.5 guidance_schedule=static
[LG] teacher_stages=(0,1,2) student_blocks=(0,6,11) projection=1x1 grid=larger_of_teacher_student interpolation=bilinear stage_loss=elementwise_MSE sum_stages=True
[REFERENCE] dataset=cub200 LG=n/a BASELINE=n/a paper_guidance_stop_epoch=None
[SOURCE] LG_repo_commit=d2165f74049c906b0afc9f957491960fb3c0cc8b
[DATA] CUB-200-2011 root=/app/scratch/input/bapedragon_523/data/cub200/CUB_200_2011
[DATA] train_samples=5994 test_samples=5794
[DATA] student_image=224 teacher_image=224 train_batch=128 eval_batch=200 num_workers=4 drop_last_train=True smoke=False split=train:official_train eval:official_test eval_interpolation=bilinear
Warning: You are sending unauthenticated requests to the HF Hub. Please set a HF_TOKEN to enable higher rate limits and faster downloads.
[TEACHER] selected=best epoch=161 top1=84.10% sha256=80f46b08ea2b2c5398c951268b937f3be0abe47f08bf7617e6dcd4e49a4db82b
[TEACHER_NATIVE_AUDIT] checkpoint_top1=84.10% native_teacher_224px_top1=84.10% gap=+0.00pp
[TEACHER_SHARED_VIEW] student_view_to_224px_top1=80.01% gap_to_checkpoint=-4.09pp diagnostic_only=True
[MODEL] teacher_params=23,917,832 student=deit_tiny_patch16_224 student_params=5,563,016 lg_trainable_params=691,712
[FEATURE_CHECK] teacher_raw=[(2, 512, 28, 28), (2, 1024, 14, 14), (2, 2048, 7, 7)] student=[(2, 192, 14, 14), (2, 192, 14, 14), (2, 192, 14, 14)] aligned=[(2, 512, 28, 28), (2, 1024, 14, 14), (2, 2048, 14, 14)] probe_lg=2.530010
[OPTIMIZER] official_lg_groups=head_no_decay:200,head_decay:38400,body_no_decay:72128,body_decay:6144000 no_decay=1d,bias,cls_token,pos_embed
[STUDENT] epochs=100 planned=100 initial_optimizer_lr=5e-07 official_warmup_start_lr=5e-07
[LG][001/100] loss=14.6438 ce=5.2979 lg=3.7384 beta=2.5000 guidance_active_next=True raw_derivative=n/a smoothed_derivative=n/a guidance_stop_epoch=None train_acc=15.59% val_acc=34.60% best=34.60% lr=5e-07 time=16.3s avg_epoch=16.3s est_planned=27m 08s elapsed=16s saved_best
[LG][002/100] loss=13.4714 ce=5.2929 lg=3.2714 beta=2.5000 guidance_active_next=True raw_derivative=n/a smoothed_derivative=n/a guidance_stop_epoch=None train_acc=7.85% val_acc=1.02% best=34.60% lr=2.5475e-05 time=16.1s avg_epoch=16.2s est_planned=26m 58s elapsed=32s
[LG][003/100] loss=12.4111 ce=5.2992 lg=2.8447 beta=2.5000 guidance_active_next=True raw_derivative=n/a smoothed_derivative=n/a guidance_stop_epoch=None train_acc=0.54% val_acc=0.52% best=34.60% lr=5.045e-05 time=16.0s avg_epoch=16.1s est_planned=26m 52s elapsed=49s
[LG][004/100] loss=11.2630 ce=5.3018 lg=2.3845 beta=2.5000 guidance_active_next=True raw_derivative=n/a smoothed_derivative=n/a guidance_stop_epoch=None train_acc=0.31% val_acc=0.79% best=34.60% lr=7.5425e-05 time=16.0s avg_epoch=16.1s est_planned=26m 48s elapsed=1m 05s
[LG][005/100] loss=10.8842 ce=5.2998 lg=2.2338 beta=2.5000 guidance_active_next=True raw_derivative=n/a smoothed_derivative=n/a guidance_stop_epoch=None train_acc=0.51% val_acc=1.00% best=34.60% lr=0.0001004 time=15.5s avg_epoch=16.0s est_planned=26m 36s elapsed=1m 20s
[LG][006/100] loss=10.7489 ce=5.2950 lg=2.1816 beta=2.5000 guidance_active_next=True raw_derivative=n/a smoothed_derivative=n/a guidance_stop_epoch=None train_acc=0.78% val_acc=1.50% best=34.60% lr=0.000125375 time=14.6s avg_epoch=15.7s est_planned=26m 13s elapsed=1m 35s
[LG][007/100] loss=10.6127 ce=5.2206 lg=2.1568 beta=2.5000 guidance_active_next=True raw_derivative=n/a smoothed_derivative=n/a guidance_stop_epoch=None train_acc=1.14% val_acc=1.54% best=34.60% lr=0.00015035 time=14.6s avg_epoch=15.6s est_planned=25m 56s elapsed=1m 49s
[LG][008/100] loss=10.3668 ce=5.0396 lg=2.1309 beta=2.5000 guidance_active_next=True raw_derivative=n/a smoothed_derivative=n/a guidance_stop_epoch=None train_acc=1.65% val_acc=2.61% best=34.60% lr=0.000175325 time=14.5s avg_epoch=15.4s est_planned=25m 43s elapsed=2m 04s
[LG][009/100] loss=10.1368 ce=4.8256 lg=2.1245 beta=2.5000 guidance_active_next=True raw_derivative=n/a smoothed_derivative=n/a guidance_stop_epoch=None train_acc=3.26% val_acc=5.20% best=34.60% lr=0.0002003 time=14.7s avg_epoch=15.3s est_planned=25m 35s elapsed=2m 19s
[LG][010/100] loss=9.7959 ce=4.5644 lg=2.0926 beta=2.5000 guidance_active_next=True raw_derivative=n/a smoothed_derivative=n/a guidance_stop_epoch=None train_acc=5.15% val_acc=10.37% best=34.60% lr=0.000225275 time=15.3s avg_epoch=15.3s est_planned=25m 34s elapsed=2m 34s
[LG][011/100] loss=9.4503 ce=4.2900 lg=2.0641 beta=2.5000 guidance_active_next=True raw_derivative=n/a smoothed_derivative=n/a guidance_stop_epoch=None train_acc=8.32% val_acc=17.22% best=34.60% lr=0.00025025 time=15.9s avg_epoch=15.4s est_planned=25m 39s elapsed=2m 50s
[LG][012/100] loss=9.0768 ce=3.9808 lg=2.0384 beta=2.5000 guidance_active_next=True raw_derivative=n/a smoothed_derivative=n/a guidance_stop_epoch=None train_acc=12.81% val_acc=24.23% best=34.60% lr=0.000275225 time=14.6s avg_epoch=15.3s est_planned=25m 32s elapsed=3m 05s
[LG][013/100] loss=8.8019 ce=3.7262 lg=2.0303 beta=2.5000 guidance_active_next=True raw_derivative=n/a smoothed_derivative=n/a guidance_stop_epoch=None train_acc=17.80% val_acc=29.53% best=34.60% lr=0.0003002 time=15.1s avg_epoch=15.3s est_planned=25m 31s elapsed=3m 20s
[LG][014/100] loss=8.4298 ce=3.4518 lg=1.9912 beta=2.5000 guidance_active_next=True raw_derivative=n/a smoothed_derivative=n/a guidance_stop_epoch=None train_acc=22.66% val_acc=33.29% best=34.60% lr=0.000325175 time=15.3s avg_epoch=15.3s est_planned=25m 31s elapsed=3m 35s
[LG][015/100] loss=8.1654 ce=3.2436 lg=1.9687 beta=2.5000 guidance_active_next=True raw_derivative=n/a smoothed_derivative=n/a guidance_stop_epoch=None train_acc=26.24% val_acc=39.16% best=39.16% lr=0.00035015 time=15.3s avg_epoch=15.3s est_planned=25m 31s elapsed=3m 51s saved_best
[LG][016/100] loss=7.9219 ce=3.0465 lg=1.9501 beta=2.5000 guidance_active_next=True raw_derivative=n/a smoothed_derivative=n/a guidance_stop_epoch=None train_acc=30.79% val_acc=42.54% best=42.54% lr=0.000375125 time=15.8s avg_epoch=15.3s est_planned=25m 34s elapsed=4m 07s saved_best
[LG][017/100] loss=7.6875 ce=2.8496 lg=1.9352 beta=2.5000 guidance_active_next=True raw_derivative=n/a smoothed_derivative=n/a guidance_stop_epoch=None train_acc=33.56% val_acc=45.15% best=45.15% lr=0.0004001 time=15.7s avg_epoch=15.4s est_planned=25m 36s elapsed=4m 22s saved_best
[LG][018/100] loss=7.4894 ce=2.7117 lg=1.9111 beta=2.5000 guidance_active_next=True raw_derivative=n/a smoothed_derivative=n/a guidance_stop_epoch=None train_acc=36.89% val_acc=49.17% best=49.17% lr=0.000425075 time=15.8s avg_epoch=15.4s est_planned=25m 38s elapsed=4m 38s saved_best
[LG][019/100] loss=7.2929 ce=2.5734 lg=1.8878 beta=2.5000 guidance_active_next=True raw_derivative=n/a smoothed_derivative=n/a guidance_stop_epoch=None train_acc=39.86% val_acc=52.00% best=52.00% lr=0.00045005 time=15.3s avg_epoch=15.4s est_planned=25m 38s elapsed=4m 54s saved_best
[LG][020/100] loss=7.1996 ce=2.4867 lg=1.8851 beta=2.5000 guidance_active_next=True raw_derivative=n/a smoothed_derivative=n/a guidance_stop_epoch=None train_acc=41.58% val_acc=54.59% best=54.59% lr=0.000475025 time=15.2s avg_epoch=15.4s est_planned=25m 37s elapsed=5m 09s saved_best
[LG][021/100] loss=6.9618 ce=2.3216 lg=1.8561 beta=2.5000 guidance_active_next=True raw_derivative=n/a smoothed_derivative=n/a guidance_stop_epoch=None train_acc=44.79% val_acc=52.43% best=54.59% lr=0.00045273171 time=15.8s avg_epoch=15.4s est_planned=25m 39s elapsed=5m 25s
[LG][022/100] loss=6.8557 ce=2.2367 lg=1.8476 beta=2.5000 guidance_active_next=True raw_derivative=n/a smoothed_derivative=n/a guidance_stop_epoch=None train_acc=46.99% val_acc=57.47% best=57.47% lr=0.00044806337 time=15.2s avg_epoch=15.4s est_planned=25m 39s elapsed=5m 40s saved_best
[LG][023/100] loss=6.6446 ce=2.1023 lg=1.8169 beta=2.5000 guidance_active_next=True raw_derivative=n/a smoothed_derivative=n/a guidance_stop_epoch=None train_acc=49.54% val_acc=59.16% best=59.16% lr=0.00044320203 time=15.9s avg_epoch=15.4s est_planned=25m 41s elapsed=5m 56s saved_best
[LG][024/100] loss=6.5462 ce=2.0125 lg=1.8135 beta=2.5000 guidance_active_next=True raw_derivative=n/a smoothed_derivative=n/a guidance_stop_epoch=None train_acc=50.99% val_acc=59.68% best=59.68% lr=0.00043815249 time=15.7s avg_epoch=15.4s est_planned=25m 42s elapsed=6m 12s saved_best
[LG][025/100] loss=6.4669 ce=1.9650 lg=1.8008 beta=2.5000 guidance_active_next=True raw_derivative=n/a smoothed_derivative=n/a guidance_stop_epoch=None train_acc=52.48% val_acc=59.86% best=59.86% lr=0.00043291974 time=15.3s avg_epoch=15.4s est_planned=25m 42s elapsed=6m 28s saved_best
[LG][026/100] loss=6.3874 ce=1.9010 lg=1.7946 beta=2.5000 guidance_active_next=True raw_derivative=n/a smoothed_derivative=n/a guidance_stop_epoch=None train_acc=53.96% val_acc=62.08% best=62.08% lr=0.00042750893 time=14.8s avg_epoch=15.4s est_planned=25m 39s elapsed=6m 42s saved_best
[LG][027/100] loss=6.2242 ce=1.7942 lg=1.7720 beta=2.5000 guidance_active_next=True raw_derivative=n/a smoothed_derivative=n/a guidance_stop_epoch=None train_acc=55.96% val_acc=63.69% best=63.69% lr=0.00042192541 time=15.3s avg_epoch=15.4s est_planned=25m 39s elapsed=6m 58s saved_best
[LG][028/100] loss=6.2294 ce=1.7932 lg=1.7745 beta=2.5000 guidance_active_next=True raw_derivative=n/a smoothed_derivative=n/a guidance_stop_epoch=None train_acc=55.43% val_acc=64.86% best=64.86% lr=0.00041617469 time=15.3s avg_epoch=15.4s est_planned=25m 39s elapsed=7m 13s saved_best
[LG][029/100] loss=6.1159 ce=1.7240 lg=1.7568 beta=2.5000 guidance_active_next=True raw_derivative=n/a smoothed_derivative=n/a guidance_stop_epoch=None train_acc=57.57% val_acc=64.31% best=64.86% lr=0.00041026244 time=15.3s avg_epoch=15.4s est_planned=25m 38s elapsed=7m 29s
[LG][030/100] loss=6.0437 ce=1.6535 lg=1.7561 beta=2.5000 guidance_active_next=True raw_derivative=n/a smoothed_derivative=n/a guidance_stop_epoch=None train_acc=58.31% val_acc=64.76% best=64.86% lr=0.0004041945 time=15.7s avg_epoch=15.4s est_planned=25m 39s elapsed=7m 44s
[LG][031/100] loss=5.9692 ce=1.6163 lg=1.7412 beta=2.5000 guidance_active_next=True raw_derivative=n/a smoothed_derivative=n/a guidance_stop_epoch=None train_acc=60.19% val_acc=66.50% best=66.50% lr=0.00039797685 time=15.7s avg_epoch=15.4s est_planned=25m 40s elapsed=8m 00s saved_best
[LG][032/100] loss=5.9328 ce=1.5840 lg=1.7395 beta=2.5000 guidance_active_next=True raw_derivative=n/a smoothed_derivative=n/a guidance_stop_epoch=None train_acc=61.87% val_acc=66.78% best=66.78% lr=0.00039161564 time=15.2s avg_epoch=15.4s est_planned=25m 40s elapsed=8m 15s saved_best
[LG][033/100] loss=5.8653 ce=1.5432 lg=1.7288 beta=2.5000 guidance_active_next=True raw_derivative=n/a smoothed_derivative=n/a guidance_stop_epoch=None train_acc=62.23% val_acc=68.29% best=68.29% lr=0.00038511713 time=15.2s avg_epoch=15.4s est_planned=25m 39s elapsed=8m 31s saved_best
[LG][034/100] loss=5.8091 ce=1.4930 lg=1.7264 beta=2.5000 guidance_active_next=True raw_derivative=n/a smoothed_derivative=n/a guidance_stop_epoch=None train_acc=63.20% val_acc=67.12% best=68.29% lr=0.00037848775 time=15.5s avg_epoch=15.4s est_planned=25m 39s elapsed=8m 46s
[LG][035/100] loss=5.7390 ce=1.4433 lg=1.7183 beta=2.5000 guidance_active_next=True raw_derivative=n/a smoothed_derivative=n/a guidance_stop_epoch=None train_acc=64.47% val_acc=67.95% best=68.29% lr=0.00037173403 time=15.2s avg_epoch=15.4s est_planned=25m 39s elapsed=9m 02s
[LG][036/100] loss=5.7362 ce=1.4475 lg=1.7155 beta=2.5000 guidance_active_next=True raw_derivative=n/a smoothed_derivative=n/a guidance_stop_epoch=None train_acc=63.67% val_acc=67.35% best=68.29% lr=0.00036486265 time=15.4s avg_epoch=15.4s est_planned=25m 39s elapsed=9m 17s
[LG][037/100] loss=5.6530 ce=1.3810 lg=1.7088 beta=2.5000 guidance_active_next=True raw_derivative=n/a smoothed_derivative=n/a guidance_stop_epoch=None train_acc=65.47% val_acc=66.52% best=68.29% lr=0.00035788037 time=16.0s avg_epoch=15.4s est_planned=25m 41s elapsed=9m 33s
[LG][038/100] loss=5.6222 ce=1.3716 lg=1.7002 beta=2.5000 guidance_active_next=True raw_derivative=n/a smoothed_derivative=n/a guidance_stop_epoch=None train_acc=65.79% val_acc=68.90% best=68.90% lr=0.0003507941 time=16.0s avg_epoch=15.4s est_planned=25m 42s elapsed=9m 49s saved_best
[LG][039/100] loss=5.5124 ce=1.2819 lg=1.6922 beta=2.5000 guidance_active_next=True raw_derivative=n/a smoothed_derivative=n/a guidance_stop_epoch=None train_acc=68.27% val_acc=67.86% best=68.90% lr=0.00034361083 time=15.9s avg_epoch=15.4s est_planned=25m 43s elapsed=10m 05s
[LG][040/100] loss=5.5258 ce=1.2954 lg=1.6922 beta=2.5000 guidance_active_next=True raw_derivative=n/a smoothed_derivative=n/a guidance_stop_epoch=None train_acc=67.87% val_acc=69.42% best=69.42% lr=0.00033633764 time=16.0s avg_epoch=15.4s est_planned=25m 45s elapsed=10m 21s saved_best
[LG][041/100] loss=5.5028 ce=1.2799 lg=1.6891 beta=2.5000 guidance_active_next=True raw_derivative=n/a smoothed_derivative=n/a guidance_stop_epoch=None train_acc=68.07% val_acc=68.07% best=69.42% lr=0.00032898171 time=15.7s avg_epoch=15.5s est_planned=25m 45s elapsed=10m 37s
[LG][042/100] loss=5.4558 ce=1.2609 lg=1.6780 beta=2.5000 guidance_active_next=True raw_derivative=n/a smoothed_derivative=n/a guidance_stop_epoch=None train_acc=69.24% val_acc=68.50% best=69.42% lr=0.0003215503 time=15.0s avg_epoch=15.4s est_planned=25m 44s elapsed=10m 52s
[LG][043/100] loss=5.4131 ce=1.2244 lg=1.6755 beta=2.5000 guidance_active_next=True raw_derivative=n/a smoothed_derivative=n/a guidance_stop_epoch=None train_acc=69.99% val_acc=69.43% best=69.43% lr=0.00031405075 time=16.0s avg_epoch=15.5s est_planned=25m 46s elapsed=11m 08s saved_best
[LG][044/100] loss=5.4595 ce=1.2419 lg=1.6870 beta=2.5000 guidance_active_next=True raw_derivative=n/a smoothed_derivative=n/a guidance_stop_epoch=None train_acc=69.06% val_acc=70.18% best=70.18% lr=0.00030649045 time=15.2s avg_epoch=15.5s est_planned=25m 45s elapsed=11m 24s saved_best
[LG][045/100] loss=5.3457 ce=1.1638 lg=1.6728 beta=2.5000 guidance_active_next=True raw_derivative=n/a smoothed_derivative=n/a guidance_stop_epoch=None train_acc=71.04% val_acc=70.45% best=70.45% lr=0.00029887688 time=15.9s avg_epoch=15.5s est_planned=25m 46s elapsed=11m 40s saved_best
[LG][046/100] loss=5.3628 ce=1.1830 lg=1.6719 beta=2.5000 guidance_active_next=True raw_derivative=n/a smoothed_derivative=n/a guidance_stop_epoch=None train_acc=70.67% val_acc=70.54% best=70.54% lr=0.00029121753 time=15.8s avg_epoch=15.5s est_planned=25m 47s elapsed=11m 56s saved_best
[LG][047/100] loss=5.2586 ce=1.1101 lg=1.6594 beta=2.5000 guidance_active_next=True raw_derivative=n/a smoothed_derivative=n/a guidance_stop_epoch=None train_acc=71.84% val_acc=70.42% best=70.54% lr=0.00028351998 time=15.2s avg_epoch=15.5s est_planned=25m 46s elapsed=12m 11s
[LG][048/100] loss=5.3162 ce=1.1459 lg=1.6681 beta=2.5000 guidance_active_next=True raw_derivative=n/a smoothed_derivative=n/a guidance_stop_epoch=None train_acc=71.06% val_acc=70.35% best=70.54% lr=0.00027579181 time=15.8s avg_epoch=15.5s est_planned=25m 47s elapsed=12m 27s
[LG][049/100] loss=5.2128 ce=1.0748 lg=1.6552 beta=2.5000 guidance_active_next=True raw_derivative=n/a smoothed_derivative=n/a guidance_stop_epoch=None train_acc=72.98% val_acc=70.62% best=70.62% lr=0.00026804065 time=15.6s avg_epoch=15.5s est_planned=25m 47s elapsed=12m 42s saved_best
[LG][050/100] loss=5.2079 ce=1.0670 lg=1.6564 beta=2.5000 guidance_active_next=True raw_derivative=n/a smoothed_derivative=n/a guidance_stop_epoch=None train_acc=73.62% val_acc=70.09% best=70.62% lr=0.00026027416 time=15.2s avg_epoch=15.5s est_planned=25m 47s elapsed=12m 58s
[LG][051/100] loss=5.1823 ce=1.0644 lg=1.6471 beta=2.5000 guidance_active_next=True raw_derivative=n/a smoothed_derivative=n/a guidance_stop_epoch=None train_acc=73.68% val_acc=71.35% best=71.35% lr=0.0002525 time=15.9s avg_epoch=15.5s est_planned=25m 47s elapsed=13m 14s saved_best
[LG][052/100] loss=5.1436 ce=1.0446 lg=1.6396 beta=2.5000 guidance_active_next=True raw_derivative=n/a smoothed_derivative=n/a guidance_stop_epoch=None train_acc=74.17% val_acc=71.57% best=71.57% lr=0.00024472584 time=15.7s avg_epoch=15.5s est_planned=25m 48s elapsed=13m 30s saved_best
[LG][053/100] loss=5.1461 ce=1.0386 lg=1.6430 beta=2.5000 guidance_active_next=True raw_derivative=n/a smoothed_derivative=n/a guidance_stop_epoch=None train_acc=74.25% val_acc=71.42% best=71.57% lr=0.00023695935 time=15.3s avg_epoch=15.5s est_planned=25m 48s elapsed=13m 45s
[LG][054/100] loss=5.0581 ce=0.9777 lg=1.6322 beta=2.5000 guidance_active_next=True raw_derivative=n/a smoothed_derivative=n/a guidance_stop_epoch=None train_acc=75.82% val_acc=73.01% best=73.01% lr=0.00022920819 time=15.1s avg_epoch=15.5s est_planned=25m 47s elapsed=14m 00s saved_best
[LG][055/100] loss=5.0768 ce=0.9845 lg=1.6370 beta=2.5000 guidance_active_next=True raw_derivative=n/a smoothed_derivative=n/a guidance_stop_epoch=None train_acc=75.37% val_acc=72.32% best=73.01% lr=0.00022148002 time=15.2s avg_epoch=15.5s est_planned=25m 46s elapsed=14m 15s
[LG][056/100] loss=5.0307 ce=0.9537 lg=1.6308 beta=2.5000 guidance_active_next=True raw_derivative=n/a smoothed_derivative=n/a guidance_stop_epoch=None train_acc=76.04% val_acc=72.07% best=73.01% lr=0.00021378247 time=15.2s avg_epoch=15.5s est_planned=25m 46s elapsed=14m 31s
[LG][057/100] loss=5.0360 ce=0.9664 lg=1.6278 beta=2.5000 guidance_active_next=True raw_derivative=n/a smoothed_derivative=n/a guidance_stop_epoch=None train_acc=76.29% val_acc=72.26% best=73.01% lr=0.00020612312 time=15.7s avg_epoch=15.5s est_planned=25m 46s elapsed=14m 46s
[LG][058/100] loss=5.0114 ce=0.9416 lg=1.6279 beta=2.5000 guidance_active_next=True raw_derivative=n/a smoothed_derivative=n/a guidance_stop_epoch=None train_acc=77.33% val_acc=71.78% best=73.01% lr=0.00019850955 time=15.5s avg_epoch=15.5s est_planned=25m 46s elapsed=15m 02s
[LG][059/100] loss=4.9483 ce=0.9000 lg=1.6193 beta=2.5000 guidance_active_next=True raw_derivative=n/a smoothed_derivative=n/a guidance_stop_epoch=None train_acc=77.70% val_acc=72.61% best=73.01% lr=0.00019094925 time=15.7s avg_epoch=15.5s est_planned=25m 47s elapsed=15m 18s
[LG][060/100] loss=4.9578 ce=0.9252 lg=1.6130 beta=2.5000 guidance_active_next=True raw_derivative=n/a smoothed_derivative=n/a guidance_stop_epoch=None train_acc=77.77% val_acc=71.88% best=73.01% lr=0.0001834497 time=15.9s avg_epoch=15.5s est_planned=25m 47s elapsed=15m 34s
[LG][061/100] loss=4.8982 ce=0.8887 lg=1.6038 beta=2.5000 guidance_active_next=True raw_derivative=n/a smoothed_derivative=n/a guidance_stop_epoch=None train_acc=77.96% val_acc=73.30% best=73.30% lr=0.00017601829 time=15.3s avg_epoch=15.5s est_planned=25m 47s elapsed=15m 49s saved_best
[LG][062/100] loss=4.9330 ce=0.8999 lg=1.6133 beta=2.5000 guidance_active_next=True raw_derivative=n/a smoothed_derivative=n/a guidance_stop_epoch=None train_acc=77.80% val_acc=72.18% best=73.30% lr=0.00016866236 time=14.5s avg_epoch=15.5s est_planned=25m 46s elapsed=16m 04s
[LG][063/100] loss=4.8741 ce=0.8695 lg=1.6018 beta=2.5000 guidance_active_next=True raw_derivative=n/a smoothed_derivative=n/a guidance_stop_epoch=None train_acc=78.87% val_acc=73.71% best=73.71% lr=0.00016138917 time=15.2s avg_epoch=15.5s est_planned=25m 45s elapsed=16m 19s saved_best
[LG][064/100] loss=4.9203 ce=0.8750 lg=1.6181 beta=2.5000 guidance_active_next=True raw_derivative=n/a smoothed_derivative=n/a guidance_stop_epoch=None train_acc=78.52% val_acc=73.71% best=73.71% lr=0.0001542059 time=14.6s avg_epoch=15.4s est_planned=25m 44s elapsed=16m 34s saved_best
[LG][065/100] loss=4.8384 ce=0.8169 lg=1.6086 beta=2.5000 guidance_active_next=True raw_derivative=n/a smoothed_derivative=n/a guidance_stop_epoch=None train_acc=79.52% val_acc=73.25% best=73.71% lr=0.00014711963 time=16.0s avg_epoch=15.4s est_planned=25m 45s elapsed=16m 50s
[LG][066/100] loss=4.8215 ce=0.8079 lg=1.6054 beta=2.5000 guidance_active_next=True raw_derivative=n/a smoothed_derivative=n/a guidance_stop_epoch=None train_acc=80.55% val_acc=73.33% best=73.71% lr=0.00014013735 time=16.0s avg_epoch=15.5s est_planned=25m 45s elapsed=17m 06s
[LG][067/100] loss=4.8067 ce=0.7996 lg=1.6028 beta=2.5000 guidance_active_next=True raw_derivative=n/a smoothed_derivative=n/a guidance_stop_epoch=None train_acc=79.91% val_acc=73.49% best=73.71% lr=0.00013326597 time=15.3s avg_epoch=15.5s est_planned=25m 45s elapsed=17m 21s
[LG][068/100] loss=4.8282 ce=0.8186 lg=1.6039 beta=2.5000 guidance_active_next=True raw_derivative=n/a smoothed_derivative=n/a guidance_stop_epoch=None train_acc=79.99% val_acc=73.70% best=73.71% lr=0.00012651225 time=15.2s avg_epoch=15.4s est_planned=25m 45s elapsed=17m 36s
[LG][069/100] loss=4.8073 ce=0.7926 lg=1.6059 beta=2.5000 guidance_active_next=True raw_derivative=n/a smoothed_derivative=n/a guidance_stop_epoch=None train_acc=80.71% val_acc=73.99% best=73.99% lr=0.00011988287 time=15.2s avg_epoch=15.4s est_planned=25m 45s elapsed=17m 52s saved_best
[LG][070/100] loss=4.7897 ce=0.8017 lg=1.5952 beta=2.5000 guidance_active_next=True raw_derivative=n/a smoothed_derivative=n/a guidance_stop_epoch=None train_acc=80.35% val_acc=74.63% best=74.63% lr=0.00011338436 time=15.1s avg_epoch=15.4s est_planned=25m 44s elapsed=18m 07s saved_best
[LG][071/100] loss=4.7396 ce=0.7713 lg=1.5873 beta=2.5000 guidance_active_next=True raw_derivative=n/a smoothed_derivative=n/a guidance_stop_epoch=None train_acc=80.81% val_acc=73.37% best=74.63% lr=0.00010702315 time=15.2s avg_epoch=15.4s est_planned=25m 44s elapsed=18m 22s
[LG][072/100] loss=4.7309 ce=0.7778 lg=1.5813 beta=2.5000 guidance_active_next=True raw_derivative=n/a smoothed_derivative=n/a guidance_stop_epoch=None train_acc=80.67% val_acc=73.51% best=74.63% lr=0.0001008055 time=15.3s avg_epoch=15.4s est_planned=25m 44s elapsed=18m 38s
[LG][073/100] loss=4.7227 ce=0.7480 lg=1.5899 beta=2.5000 guidance_active_next=True raw_derivative=n/a smoothed_derivative=n/a guidance_stop_epoch=None train_acc=81.59% val_acc=74.04% best=74.63% lr=9.4737563e-05 time=15.4s avg_epoch=15.4s est_planned=25m 43s elapsed=18m 53s
[LG][074/100] loss=4.6524 ce=0.7227 lg=1.5719 beta=2.5000 guidance_active_next=True raw_derivative=n/a smoothed_derivative=n/a guidance_stop_epoch=None train_acc=82.46% val_acc=74.59% best=74.63% lr=8.8825313e-05 time=15.3s avg_epoch=15.4s est_planned=25m 43s elapsed=19m 08s
[LG][075/100] loss=4.7065 ce=0.7415 lg=1.5860 beta=2.5000 guidance_active_next=True raw_derivative=n/a smoothed_derivative=n/a guidance_stop_epoch=None train_acc=82.01% val_acc=74.49% best=74.63% lr=8.3074591e-05 time=15.4s avg_epoch=15.4s est_planned=25m 43s elapsed=19m 24s
[LG][076/100] loss=4.6871 ce=0.7263 lg=1.5843 beta=2.5000 guidance_active_next=True raw_derivative=n/a smoothed_derivative=n/a guidance_stop_epoch=None train_acc=82.64% val_acc=74.32% best=74.63% lr=7.7491072e-05 time=15.6s avg_epoch=15.4s est_planned=25m 43s elapsed=19m 39s
[LG][077/100] loss=4.7020 ce=0.7380 lg=1.5856 beta=2.5000 guidance_active_next=True raw_derivative=n/a smoothed_derivative=n/a guidance_stop_epoch=None train_acc=81.95% val_acc=74.39% best=74.63% lr=7.2080265e-05 time=15.9s avg_epoch=15.4s est_planned=25m 44s elapsed=19m 55s
[LG][078/100] loss=4.7076 ce=0.7566 lg=1.5804 beta=2.5000 guidance_active_next=True raw_derivative=n/a smoothed_derivative=n/a guidance_stop_epoch=None train_acc=81.23% val_acc=74.70% best=74.70% lr=6.684751e-05 time=16.0s avg_epoch=15.4s est_planned=25m 45s elapsed=20m 12s saved_best
[LG][079/100] loss=4.7221 ce=0.7639 lg=1.5833 beta=2.5000 guidance_active_next=True raw_derivative=n/a smoothed_derivative=n/a guidance_stop_epoch=None train_acc=81.45% val_acc=74.68% best=74.70% lr=6.1797972e-05 time=15.9s avg_epoch=15.5s est_planned=25m 45s elapsed=20m 28s
[LG][080/100] loss=4.6826 ce=0.7231 lg=1.5838 beta=2.5000 guidance_active_next=True raw_derivative=n/a smoothed_derivative=n/a guidance_stop_epoch=None train_acc=82.46% val_acc=75.61% best=75.61% lr=5.6936634e-05 time=15.8s avg_epoch=15.5s est_planned=25m 46s elapsed=20m 44s saved_best
[LG][081/100] loss=4.6429 ce=0.6938 lg=1.5796 beta=2.5000 guidance_active_next=True raw_derivative=n/a smoothed_derivative=n/a guidance_stop_epoch=None train_acc=82.83% val_acc=74.75% best=75.61% lr=5.2268294e-05 time=15.8s avg_epoch=15.5s est_planned=25m 46s elapsed=20m 59s
[LG][082/100] loss=4.6674 ce=0.7190 lg=1.5794 beta=2.5000 guidance_active_next=True raw_derivative=n/a smoothed_derivative=n/a guidance_stop_epoch=None train_acc=82.66% val_acc=74.78% best=75.61% lr=4.7797558e-05 time=15.8s avg_epoch=15.5s est_planned=25m 46s elapsed=21m 15s
[LG][083/100] loss=4.6613 ce=0.7202 lg=1.5765 beta=2.5000 guidance_active_next=True raw_derivative=n/a smoothed_derivative=n/a guidance_stop_epoch=None train_acc=82.40% val_acc=74.87% best=75.61% lr=4.3528838e-05 time=15.8s avg_epoch=15.5s est_planned=25m 47s elapsed=21m 31s
[LG][084/100] loss=4.6449 ce=0.7019 lg=1.5772 beta=2.5000 guidance_active_next=True raw_derivative=n/a smoothed_derivative=n/a guidance_stop_epoch=None train_acc=83.12% val_acc=75.03% best=75.61% lr=3.9466348e-05 time=16.0s avg_epoch=15.5s est_planned=25m 47s elapsed=21m 47s
[LG][085/100] loss=4.6500 ce=0.7251 lg=1.5700 beta=2.5000 guidance_active_next=True raw_derivative=n/a smoothed_derivative=n/a guidance_stop_epoch=None train_acc=82.44% val_acc=75.16% best=75.61% lr=3.5614097e-05 time=15.6s avg_epoch=15.5s est_planned=25m 48s elapsed=22m 03s
[LG][086/100] loss=4.5914 ce=0.6696 lg=1.5687 beta=2.5000 guidance_active_next=True raw_derivative=n/a smoothed_derivative=n/a guidance_stop_epoch=None train_acc=83.59% val_acc=75.41% best=75.61% lr=3.1975885e-05 time=16.1s avg_epoch=15.5s est_planned=25m 48s elapsed=22m 19s
[LG][087/100] loss=4.6309 ce=0.6974 lg=1.5734 beta=2.5000 guidance_active_next=True raw_derivative=n/a smoothed_derivative=n/a guidance_stop_epoch=None train_acc=83.25% val_acc=75.01% best=75.61% lr=2.8555305e-05 time=16.0s avg_epoch=15.5s est_planned=25m 49s elapsed=22m 35s
[LG][088/100] loss=4.5629 ce=0.6497 lg=1.5653 beta=2.5000 guidance_active_next=True raw_derivative=n/a smoothed_derivative=n/a guidance_stop_epoch=None train_acc=84.14% val_acc=75.03% best=75.61% lr=2.535573e-05 time=15.9s avg_epoch=15.5s est_planned=25m 49s elapsed=22m 51s
[LG][089/100] loss=4.5966 ce=0.6692 lg=1.5709 beta=2.5000 guidance_active_next=True raw_derivative=n/a smoothed_derivative=n/a guidance_stop_epoch=None train_acc=83.31% val_acc=75.32% best=75.61% lr=2.238032e-05 time=15.3s avg_epoch=15.5s est_planned=25m 49s elapsed=23m 06s
[LG][090/100] loss=4.5845 ce=0.6629 lg=1.5687 beta=2.5000 guidance_active_next=True raw_derivative=n/a smoothed_derivative=n/a guidance_stop_epoch=None train_acc=83.76% val_acc=74.97% best=75.61% lr=1.963201e-05 time=15.5s avg_epoch=15.5s est_planned=25m 49s elapsed=23m 22s
[LG][091/100] loss=4.5877 ce=0.6577 lg=1.5720 beta=2.5000 guidance_active_next=True raw_derivative=n/a smoothed_derivative=n/a guidance_stop_epoch=None train_acc=84.00% val_acc=75.06% best=75.61% lr=1.7113512e-05 time=15.7s avg_epoch=15.5s est_planned=25m 49s elapsed=23m 38s
[LG][092/100] loss=4.5501 ce=0.6500 lg=1.5600 beta=2.5000 guidance_active_next=True raw_derivative=n/a smoothed_derivative=n/a guidance_stop_epoch=None train_acc=84.70% val_acc=75.11% best=75.61% lr=1.4827313e-05 time=15.3s avg_epoch=15.5s est_planned=25m 49s elapsed=23m 53s
[LG][093/100] loss=4.5482 ce=0.6321 lg=1.5664 beta=2.5000 guidance_active_next=True raw_derivative=n/a smoothed_derivative=n/a guidance_stop_epoch=None train_acc=84.65% val_acc=75.09% best=75.61% lr=1.2775668e-05 time=15.3s avg_epoch=15.5s est_planned=25m 49s elapsed=24m 08s
[LG][094/100] loss=4.5599 ce=0.6492 lg=1.5643 beta=2.5000 guidance_active_next=True raw_derivative=n/a smoothed_derivative=n/a guidance_stop_epoch=None train_acc=84.21% val_acc=75.09% best=75.61% lr=1.0960601e-05 time=16.0s avg_epoch=15.5s est_planned=25m 50s elapsed=24m 24s
[LG][095/100] loss=4.5541 ce=0.6391 lg=1.5660 beta=2.5000 guidance_active_next=True raw_derivative=n/a smoothed_derivative=n/a guidance_stop_epoch=None train_acc=84.83% val_acc=75.60% best=75.61% lr=9.3839054e-06 time=15.6s avg_epoch=15.5s est_planned=25m 50s elapsed=24m 40s
[LG][096/100] loss=4.5646 ce=0.6439 lg=1.5683 beta=2.5000 guidance_active_next=True raw_derivative=n/a smoothed_derivative=n/a guidance_stop_epoch=None train_acc=84.39% val_acc=75.53% best=75.61% lr=8.0471357e-06 time=15.7s avg_epoch=15.5s est_planned=25m 50s elapsed=24m 56s
[LG][097/100] loss=4.5332 ce=0.6299 lg=1.5613 beta=2.5000 guidance_active_next=True raw_derivative=n/a smoothed_derivative=n/a guidance_stop_epoch=None train_acc=84.94% val_acc=75.53% best=75.61% lr=6.9516114e-06 time=15.3s avg_epoch=15.5s est_planned=25m 50s elapsed=25m 11s
[LG][098/100] loss=4.5129 ce=0.6009 lg=1.5648 beta=2.5000 guidance_active_next=True raw_derivative=n/a smoothed_derivative=n/a guidance_stop_epoch=None train_acc=85.65% val_acc=75.47% best=75.61% lr=6.0984138e-06 time=15.4s avg_epoch=15.5s est_planned=25m 50s elapsed=25m 27s
[LG][099/100] loss=4.5547 ce=0.6546 lg=1.5600 beta=2.5000 guidance_active_next=True raw_derivative=n/a smoothed_derivative=n/a guidance_stop_epoch=None train_acc=84.43% val_acc=75.58% best=75.61% lr=5.4883847e-06 time=15.2s avg_epoch=15.5s est_planned=25m 49s elapsed=25m 42s
[LG][100/100] loss=4.5337 ce=0.6484 lg=1.5541 beta=2.5000 guidance_active_next=True raw_derivative=n/a smoothed_derivative=n/a guidance_stop_epoch=None train_acc=84.38% val_acc=75.60% best=75.61% lr=5.1221263e-06 time=15.3s avg_epoch=15.5s est_planned=25m 49s elapsed=25m 57s
========================================================================
[FINAL_RESULT] lg_best_top1=75.61% paper_top1=n/a gap_to_paper=n/a
[BETA_FINAL] observed_stop_epoch=None paper_stop_epoch=None guided_epochs=100 ce_only_epochs=0
[TIMING] avg_epoch=15.5s planned_epochs=100 estimated_total=25m 49s elapsed=25m 57s
[FINAL_RESULT] best_checkpoint=/app/output/cub200_full_transfer_all_100ep_full_seed1/LG/full_transfer/lg_cub200_both_imagenet_pretrained_b128_100ep_seed1/student_best.pt
[FINAL_RESULT] latest_checkpoint=/app/output/cub200_full_transfer_all_100ep_full_seed1/LG/full_transfer/lg_cub200_both_imagenet_pretrained_b128_100ep_seed1/student_latest.pt
[FINAL_RESULT] summary=/app/output/cub200_full_transfer_all_100ep_full_seed1/LG/full_transfer/lg_cub200_both_imagenet_pretrained_b128_100ep_seed1/summary.json
[DONE] LG training completed successfully; resources may be released.
[STUDENT_IDENTITY_CHECK][LG] status=PASS pretrained=True input=224 batch=128
[COMMAND][ALG] /usr/bin/python methods/ALG/cub200_resnet50_deit_ti_224_pretrained/train.py --data-dir data/cub200 --teacher-root /app/output/cub200_full_transfer_all_100ep_full_seed1/teacher_resnet50_224_imagenet1k_v2/teacher_cub200_resnet50_224_imagenet1k_v2_200ep_seed1 --output-dir /app/output/cub200_full_transfer_all_100ep_full_seed1/ALG/full_transfer --run-name alg_cub200_both_imagenet_pretrained_b128_100ep_seed1 --num-workers 4 --student-epochs 100
[BOOT] Python process started: /usr/bin/python
========================================================================
ADAPTIVE LOCALITY GUIDANCE / TEACHER-224 -> DEIT-TI
========================================================================
[ENV] python=3.10.12 torch=2.11.0+cu130 torchvision=0.26.0+cu130 timm=1.0.27
[ENV] cuda_available=True cuda_device_count=1
[ENV] gpu_name=NVIDIA H200 NVL
[ENV] gpu_memory_gib=139.80
[ENV] device=cuda amp=False seed=1 cudnn_benchmark=False
[PATH] data_dir=/app/scratch/input/bapedragon_523/data/cub200
[PATH] teacher_root=/app/output/cub200_full_transfer_all_100ep_full_seed1/teacher_resnet50_224_imagenet1k_v2/teacher_cub200_resnet50_224_imagenet1k_v2_200ep_seed1
[PATH] run_dir=/app/output/cub200_full_transfer_all_100ep_full_seed1/ALG/full_transfer/alg_cub200_both_imagenet_pretrained_b128_100ep_seed1
[MODE] smoke=False timing_run=False student_epochs=100 planned_epochs=100
[PROTOCOL] name=cub200_deit_ti_alg_resnet50_224_both_imagenet_pretrained_v1 optimizer=AdamW lr=0.0005 min_lr=5e-06 weight_decay=0.05 warmup=20 warmup_factor=0.001 cosine batch=128 eval_batch=200 student_image=224 teacher_image=224 drop_path=0.1 label_smoothing=0.0 student_pretrained=True student_pretrained_source=timm/deit_tiny_patch16_224.fb_in1k base=lg_official eval_resize=direct eval_interpolation=bilinear
[AUGMENT] color_jitter=0.4 auto_augment=rand-m9-mstd0.5-inc1 random_erasing=0.25/pixel/1 interpolation=bicubic normalization=ImageNet drop_last_train=True
[ALG] loss=CE+beta*LG_while_controller_active beta=2.5 tau=-0.02 smoothing_window=50 controller_warm_up=0 stop_comparison=paper_ge derivative_mode=paper_equations descent_guard=False observed_signal=complete_lg_loss
[LG] teacher_stages=(0,1,2) student_blocks=(0,6,11) projection=1x1 grid=larger_of_teacher_student interpolation=bilinear stage_loss=elementwise_MSE sum_stages=True
[REFERENCE] dataset=cub200 ALG=n/a ALG_LG=n/a ALG_BASELINE=n/a paper_guidance_stop_epoch=None
[SOURCE] ALG_DOI=10.1109/TNNLS.2024.3515076 LG_repo_commit=d2165f74049c906b0afc9f957491960fb3c0cc8b
[DATA] CUB-200-2011 root=/app/scratch/input/bapedragon_523/data/cub200/CUB_200_2011
[DATA] train_samples=5994 test_samples=5794
[DATA] student_image=224 teacher_image=224 train_batch=128 eval_batch=200 num_workers=4 drop_last_train=True smoke=False split=train:official_train eval:official_test eval_interpolation=bilinear
Warning: You are sending unauthenticated requests to the HF Hub. Please set a HF_TOKEN to enable higher rate limits and faster downloads.
[TEACHER] selected=best epoch=161 top1=84.10% sha256=80f46b08ea2b2c5398c951268b937f3be0abe47f08bf7617e6dcd4e49a4db82b
[TEACHER_NATIVE_AUDIT] checkpoint_top1=84.10% native_teacher_224px_top1=84.10% gap=+0.00pp
[TEACHER_SHARED_VIEW] student_view_to_224px_top1=80.01% gap_to_checkpoint=-4.09pp diagnostic_only=True
[MODEL] teacher_params=23,917,832 student=deit_tiny_patch16_224 student_params=5,563,016 lg_trainable_params=691,712
[FEATURE_CHECK] teacher_raw=[(2, 512, 28, 28), (2, 1024, 14, 14), (2, 2048, 7, 7)] student=[(2, 192, 14, 14), (2, 192, 14, 14), (2, 192, 14, 14)] aligned=[(2, 512, 28, 28), (2, 1024, 14, 14), (2, 2048, 14, 14)] probe_lg=2.530010
[OPTIMIZER] official_lg_groups=head_no_decay:200,head_decay:38400,body_no_decay:72128,body_decay:6144000 no_decay=1d,bias,cls_token,pos_embed
[STUDENT] epochs=100 planned=100 initial_optimizer_lr=5e-07 official_warmup_start_lr=5e-07
[ALG][001/100] loss=14.6438 ce=5.2979 lg=3.7384 beta=2.5000 guidance_active_next=True raw_derivative=n/a smoothed_derivative=n/a guidance_stop_epoch=None train_acc=15.59% val_acc=34.60% best=34.60% lr=5e-07 time=16.3s avg_epoch=16.3s est_planned=27m 13s elapsed=16s saved_best
[ALG][002/100] loss=13.4714 ce=5.2929 lg=3.2714 beta=2.5000 guidance_active_next=True raw_derivative=-0.233506 smoothed_derivative=-0.116753 guidance_stop_epoch=None train_acc=7.85% val_acc=1.02% best=34.60% lr=2.5475e-05 time=15.4s avg_epoch=15.8s est_planned=26m 25s elapsed=32s
[ALG][003/100] loss=12.4111 ce=5.2992 lg=2.8447 beta=2.5000 guidance_active_next=True raw_derivative=-0.220044 smoothed_derivative=-0.151183 guidance_stop_epoch=None train_acc=0.54% val_acc=0.52% best=34.60% lr=5.045e-05 time=15.9s avg_epoch=15.9s est_planned=26m 27s elapsed=48s
[ALG][004/100] loss=11.2630 ce=5.3018 lg=2.3845 beta=2.5000 guidance_active_next=True raw_derivative=-0.225089 smoothed_derivative=-0.169660 guidance_stop_epoch=None train_acc=0.31% val_acc=0.79% best=34.60% lr=7.5425e-05 time=15.9s avg_epoch=15.9s est_planned=26m 28s elapsed=1m 04s
[ALG][005/100] loss=10.8842 ce=5.2998 lg=2.2338 beta=2.5000 guidance_active_next=True raw_derivative=-0.165197 smoothed_derivative=-0.168767 guidance_stop_epoch=None train_acc=0.51% val_acc=1.00% best=34.60% lr=0.0001004 time=16.0s avg_epoch=15.9s est_planned=26m 30s elapsed=1m 20s
[ALG][006/100] loss=10.7489 ce=5.2950 lg=2.1815 beta=2.5000 guidance_active_next=True raw_derivative=-0.118834 smoothed_derivative=-0.160445 guidance_stop_epoch=None train_acc=0.78% val_acc=1.50% best=34.60% lr=0.000125375 time=15.8s avg_epoch=15.9s est_planned=26m 28s elapsed=1m 36s
[ALG][007/100] loss=10.6127 ce=5.2206 lg=2.1568 beta=2.5000 guidance_active_next=True raw_derivative=-0.088412 smoothed_derivative=-0.150154 guidance_stop_epoch=None train_acc=1.14% val_acc=1.54% best=34.60% lr=0.00015035 time=16.0s avg_epoch=15.9s est_planned=26m 30s elapsed=1m 52s
[ALG][008/100] loss=10.3665 ce=5.0393 lg=2.1309 beta=2.5000 guidance_active_next=True raw_derivative=-0.069556 smoothed_derivative=-0.140080 guidance_stop_epoch=None train_acc=1.70% val_acc=2.57% best=34.60% lr=0.000175325 time=15.9s avg_epoch=15.9s est_planned=26m 30s elapsed=2m 08s
[ALG][009/100] loss=10.1373 ce=4.8258 lg=2.1246 beta=2.5000 guidance_active_next=True raw_derivative=-0.054792 smoothed_derivative=-0.130603 guidance_stop_epoch=None train_acc=3.28% val_acc=5.54% best=34.60% lr=0.0002003 time=15.3s avg_epoch=15.8s est_planned=26m 23s elapsed=2m 23s
[ALG][010/100] loss=9.7964 ce=4.5647 lg=2.0927 beta=2.5000 guidance_active_next=True raw_derivative=-0.047029 smoothed_derivative=-0.122246 guidance_stop_epoch=None train_acc=5.11% val_acc=10.32% best=34.60% lr=0.000225275 time=15.2s avg_epoch=15.8s est_planned=26m 17s elapsed=2m 38s
[ALG][011/100] loss=9.4471 ce=4.2866 lg=2.0642 beta=2.5000 guidance_active_next=True raw_derivative=-0.041069 smoothed_derivative=-0.114866 guidance_stop_epoch=None train_acc=8.37% val_acc=16.91% best=34.60% lr=0.00025025 time=15.3s avg_epoch=15.7s est_planned=26m 13s elapsed=2m 54s
[ALG][012/100] loss=9.0813 ce=3.9837 lg=2.0390 beta=2.5000 guidance_active_next=True raw_derivative=-0.036318 smoothed_derivative=-0.108321 guidance_stop_epoch=None train_acc=12.60% val_acc=24.51% best=34.60% lr=0.000275225 time=15.4s avg_epoch=15.7s est_planned=26m 10s elapsed=3m 09s
[ALG][013/100] loss=8.8109 ce=3.7327 lg=2.0313 beta=2.5000 guidance_active_next=True raw_derivative=-0.031328 smoothed_derivative=-0.102398 guidance_stop_epoch=None train_acc=17.82% val_acc=29.67% best=34.60% lr=0.0003002 time=15.9s avg_epoch=15.7s est_planned=26m 12s elapsed=3m 25s
[ALG][014/100] loss=8.4207 ce=3.4494 lg=1.9885 beta=2.5000 guidance_active_next=True raw_derivative=-0.029908 smoothed_derivative=-0.097220 guidance_stop_epoch=None train_acc=22.67% val_acc=32.00% best=34.60% lr=0.000325175 time=15.6s avg_epoch=15.7s est_planned=26m 12s elapsed=3m 41s
[ALG][015/100] loss=8.1744 ce=3.2508 lg=1.9694 beta=2.5000 guidance_active_next=True raw_derivative=-0.027193 smoothed_derivative=-0.092552 guidance_stop_epoch=None train_acc=25.76% val_acc=39.47% best=39.47% lr=0.00035015 time=16.0s avg_epoch=15.7s est_planned=26m 13s elapsed=3m 57s saved_best
[ALG][016/100] loss=7.9156 ce=3.0421 lg=1.9494 beta=2.5000 guidance_active_next=True raw_derivative=-0.025044 smoothed_derivative=-0.088332 guidance_stop_epoch=None train_acc=30.10% val_acc=43.86% best=43.86% lr=0.000375125 time=15.8s avg_epoch=15.7s est_planned=26m 14s elapsed=4m 13s saved_best
[ALG][017/100] loss=7.7016 ce=2.8686 lg=1.9332 beta=2.5000 guidance_active_next=True raw_derivative=-0.023049 smoothed_derivative=-0.084492 guidance_stop_epoch=None train_acc=33.51% val_acc=46.06% best=46.06% lr=0.0004001 time=15.8s avg_epoch=15.7s est_planned=26m 14s elapsed=4m 29s saved_best
[ALG][018/100] loss=7.4974 ce=2.7206 lg=1.9107 beta=2.5000 guidance_active_next=True raw_derivative=-0.021738 smoothed_derivative=-0.081006 guidance_stop_epoch=None train_acc=36.75% val_acc=49.36% best=49.36% lr=0.000425075 time=15.4s avg_epoch=15.7s est_planned=26m 12s elapsed=4m 44s saved_best
[ALG][019/100] loss=7.2861 ce=2.5683 lg=1.8871 beta=2.5000 guidance_active_next=True raw_derivative=-0.020693 smoothed_derivative=-0.077832 guidance_stop_epoch=None train_acc=39.54% val_acc=51.14% best=51.14% lr=0.00045005 time=15.3s avg_epoch=15.7s est_planned=26m 10s elapsed=5m 00s saved_best
[ALG][020/100] loss=7.1829 ce=2.4775 lg=1.8822 beta=2.5000 guidance_active_next=True raw_derivative=-0.018872 smoothed_derivative=-0.074884 guidance_stop_epoch=None train_acc=41.27% val_acc=53.76% best=53.76% lr=0.000475025 time=15.3s avg_epoch=15.7s est_planned=26m 08s elapsed=5m 15s saved_best
[ALG][021/100] loss=6.9760 ce=2.3374 lg=1.8555 beta=2.5000 guidance_active_next=True raw_derivative=-0.018345 smoothed_derivative=-0.072191 guidance_stop_epoch=None train_acc=45.11% val_acc=55.37% best=55.37% lr=0.00045273171 time=14.4s avg_epoch=15.6s est_planned=26m 02s elapsed=5m 30s saved_best
[ALG][022/100] loss=6.8301 ce=2.2170 lg=1.8452 beta=2.5000 guidance_active_next=True raw_derivative=-0.017144 smoothed_derivative=-0.069689 guidance_stop_epoch=None train_acc=47.15% val_acc=57.30% best=57.30% lr=0.00044806337 time=15.2s avg_epoch=15.6s est_planned=26m 00s elapsed=5m 45s saved_best
[ALG][023/100] loss=6.6619 ce=2.1151 lg=1.8187 beta=2.5000 guidance_active_next=True raw_derivative=-0.016804 smoothed_derivative=-0.067390 guidance_stop_epoch=None train_acc=49.88% val_acc=59.86% best=59.86% lr=0.00044320203 time=16.0s avg_epoch=15.6s est_planned=26m 02s elapsed=6m 01s saved_best
[ALG][024/100] loss=6.5558 ce=2.0207 lg=1.8140 beta=2.5000 guidance_active_next=True raw_derivative=-0.015600 smoothed_derivative=-0.065232 guidance_stop_epoch=None train_acc=51.21% val_acc=60.18% best=60.18% lr=0.00043815249 time=16.0s avg_epoch=15.6s est_planned=26m 03s elapsed=6m 17s saved_best
[ALG][025/100] loss=6.4790 ce=1.9790 lg=1.8000 beta=2.5000 guidance_active_next=True raw_derivative=-0.014913 smoothed_derivative=-0.063219 guidance_stop_epoch=None train_acc=52.39% val_acc=60.70% best=60.70% lr=0.00043291974 time=15.2s avg_epoch=15.6s est_planned=26m 02s elapsed=6m 33s saved_best
[ALG][026/100] loss=6.3866 ce=1.8990 lg=1.7951 beta=2.5000 guidance_active_next=True raw_derivative=-0.013956 smoothed_derivative=-0.061324 guidance_stop_epoch=None train_acc=54.08% val_acc=62.67% best=62.67% lr=0.00042750893 time=15.0s avg_epoch=15.6s est_planned=26m 00s elapsed=6m 48s saved_best
[ALG][027/100] loss=6.2340 ce=1.7967 lg=1.7749 beta=2.5000 guidance_active_next=True raw_derivative=-0.013668 smoothed_derivative=-0.059559 guidance_stop_epoch=None train_acc=57.34% val_acc=64.07% best=64.07% lr=0.00042192541 time=14.5s avg_epoch=15.6s est_planned=25m 56s elapsed=7m 02s saved_best
[ALG][028/100] loss=6.2292 ce=1.7903 lg=1.7755 beta=2.5000 guidance_active_next=True raw_derivative=-0.012670 smoothed_derivative=-0.057885 guidance_stop_epoch=None train_acc=56.22% val_acc=64.96% best=64.96% lr=0.00041617469 time=15.2s avg_epoch=15.5s est_planned=25m 54s elapsed=7m 18s saved_best
[ALG][029/100] loss=6.1298 ce=1.7290 lg=1.7603 beta=2.5000 guidance_active_next=True raw_derivative=-0.012320 smoothed_derivative=-0.056314 guidance_stop_epoch=None train_acc=57.42% val_acc=64.93% best=64.96% lr=0.00041026244 time=15.2s avg_epoch=15.5s est_planned=25m 53s elapsed=7m 33s
[ALG][030/100] loss=6.0306 ce=1.6405 lg=1.7561 beta=2.5000 guidance_active_next=True raw_derivative=-0.011641 smoothed_derivative=-0.054824 guidance_stop_epoch=None train_acc=59.66% val_acc=64.43% best=64.96% lr=0.0004041945 time=14.9s avg_epoch=15.5s est_planned=25m 51s elapsed=7m 48s
[ALG][031/100] loss=5.9804 ce=1.6227 lg=1.7431 beta=2.5000 guidance_active_next=True raw_derivative=-0.011309 smoothed_derivative=-0.053421 guidance_stop_epoch=None train_acc=59.90% val_acc=65.26% best=65.26% lr=0.00039797685 time=14.5s avg_epoch=15.5s est_planned=25m 48s elapsed=8m 03s saved_best
[ALG][032/100] loss=5.9296 ce=1.5797 lg=1.7400 beta=2.5000 guidance_active_next=True raw_derivative=-0.010699 smoothed_derivative=-0.052086 guidance_stop_epoch=None train_acc=61.85% val_acc=66.74% best=66.74% lr=0.00039161564 time=14.5s avg_epoch=15.4s est_planned=25m 45s elapsed=8m 17s saved_best
[ALG][033/100] loss=5.8700 ce=1.5472 lg=1.7291 beta=2.5000 guidance_active_next=True raw_derivative=-0.010380 smoothed_derivative=-0.050822 guidance_stop_epoch=None train_acc=61.21% val_acc=67.85% best=67.85% lr=0.00038511713 time=15.3s avg_epoch=15.4s est_planned=25m 44s elapsed=8m 33s saved_best
[ALG][034/100] loss=5.8185 ce=1.5005 lg=1.7272 beta=2.5000 guidance_active_next=True raw_derivative=-0.009825 smoothed_derivative=-0.049616 guidance_stop_epoch=None train_acc=62.64% val_acc=67.28% best=67.85% lr=0.00037848775 time=15.1s avg_epoch=15.4s est_planned=25m 43s elapsed=8m 48s
[ALG][035/100] loss=5.7594 ce=1.4565 lg=1.7212 beta=2.5000 guidance_active_next=True raw_derivative=-0.009437 smoothed_derivative=-0.048468 guidance_stop_epoch=None train_acc=63.50% val_acc=68.81% best=68.81% lr=0.00037173403 time=15.3s avg_epoch=15.4s est_planned=25m 43s elapsed=9m 03s saved_best
[ALG][036/100] loss=5.7431 ce=1.4533 lg=1.7159 beta=2.5000 guidance_active_next=True raw_derivative=-0.009058 smoothed_derivative=-0.047373 guidance_stop_epoch=None train_acc=63.79% val_acc=67.64% best=68.81% lr=0.00036486265 time=15.1s avg_epoch=15.4s est_planned=25m 42s elapsed=9m 18s
[ALG][037/100] loss=5.6656 ce=1.3939 lg=1.7087 beta=2.5000 guidance_active_next=True raw_derivative=-0.008764 smoothed_derivative=-0.046330 guidance_stop_epoch=None train_acc=65.10% val_acc=67.83% best=68.81% lr=0.00035788037 time=15.3s avg_epoch=15.4s est_planned=25m 42s elapsed=9m 34s
[ALG][038/100] loss=5.6495 ce=1.3927 lg=1.7027 beta=2.5000 guidance_active_next=True raw_derivative=-0.008460 smoothed_derivative=-0.045333 guidance_stop_epoch=None train_acc=65.40% val_acc=68.57% best=68.81% lr=0.0003507941 time=14.8s avg_epoch=15.4s est_planned=25m 40s elapsed=9m 49s
[ALG][039/100] loss=5.5371 ce=1.2976 lg=1.6958 beta=2.5000 guidance_active_next=True raw_derivative=-0.008203 smoothed_derivative=-0.044381 guidance_stop_epoch=None train_acc=67.39% val_acc=68.71% best=68.81% lr=0.00034361083 time=15.3s avg_epoch=15.4s est_planned=25m 40s elapsed=10m 04s
[ALG][040/100] loss=5.5258 ce=1.2930 lg=1.6931 beta=2.5000 guidance_active_next=True raw_derivative=-0.007861 smoothed_derivative=-0.043468 guidance_stop_epoch=None train_acc=68.07% val_acc=68.52% best=68.81% lr=0.00033633764 time=15.5s avg_epoch=15.4s est_planned=25m 40s elapsed=10m 20s
[ALG][041/100] loss=5.5030 ce=1.2811 lg=1.6888 beta=2.5000 guidance_active_next=True raw_derivative=-0.007583 smoothed_derivative=-0.042593 guidance_stop_epoch=None train_acc=68.36% val_acc=67.83% best=68.81% lr=0.00032898171 time=15.0s avg_epoch=15.4s est_planned=25m 39s elapsed=10m 35s
[ALG][042/100] loss=5.4341 ce=1.2394 lg=1.6779 beta=2.5000 guidance_active_next=True raw_derivative=-0.007481 smoothed_derivative=-0.041757 guidance_stop_epoch=None train_acc=68.97% val_acc=68.74% best=68.81% lr=0.0003215503 time=16.0s avg_epoch=15.4s est_planned=25m 41s elapsed=10m 51s
[ALG][043/100] loss=5.4247 ce=1.2293 lg=1.6781 beta=2.5000 guidance_active_next=True raw_derivative=-0.007127 smoothed_derivative=-0.040952 guidance_stop_epoch=None train_acc=70.23% val_acc=69.45% best=69.45% lr=0.00031405075 time=15.1s avg_epoch=15.4s est_planned=25m 40s elapsed=11m 06s saved_best
[ALG][044/100] loss=5.4439 ce=1.2249 lg=1.6876 beta=2.5000 guidance_active_next=True raw_derivative=-0.006589 smoothed_derivative=-0.040171 guidance_stop_epoch=None train_acc=69.33% val_acc=69.71% best=69.71% lr=0.00030649045 time=16.0s avg_epoch=15.4s est_planned=25m 41s elapsed=11m 22s saved_best
[ALG][045/100] loss=5.3477 ce=1.1635 lg=1.6737 beta=2.5000 guidance_active_next=True raw_derivative=-0.006604 smoothed_derivative=-0.039425 guidance_stop_epoch=None train_acc=70.86% val_acc=70.88% best=70.88% lr=0.00029887688 time=15.5s avg_epoch=15.4s est_planned=25m 41s elapsed=11m 38s saved_best
[ALG][046/100] loss=5.3410 ce=1.1629 lg=1.6712 beta=2.5000 guidance_active_next=True raw_derivative=-0.006370 smoothed_derivative=-0.038706 guidance_stop_epoch=None train_acc=70.84% val_acc=70.83% best=70.88% lr=0.00029121753 time=15.5s avg_epoch=15.4s est_planned=25m 41s elapsed=11m 53s
[ALG][047/100] loss=5.2783 ce=1.1280 lg=1.6601 beta=2.5000 guidance_active_next=True raw_derivative=-0.006336 smoothed_derivative=-0.038017 guidance_stop_epoch=None train_acc=71.50% val_acc=70.54% best=70.88% lr=0.00028351998 time=15.4s avg_epoch=15.4s est_planned=25m 41s elapsed=12m 09s
[ALG][048/100] loss=5.3231 ce=1.1515 lg=1.6686 beta=2.5000 guidance_active_next=True raw_derivative=-0.005894 smoothed_derivative=-0.037348 guidance_stop_epoch=None train_acc=71.59% val_acc=69.99% best=70.88% lr=0.00027579181 time=15.1s avg_epoch=15.4s est_planned=25m 41s elapsed=12m 24s
[ALG][049/100] loss=5.2095 ce=1.0673 lg=1.6569 beta=2.5000 guidance_active_next=True raw_derivative=-0.005894 smoothed_derivative=-0.036706 guidance_stop_epoch=None train_acc=73.05% val_acc=70.68% best=70.88% lr=0.00026804065 time=15.1s avg_epoch=15.4s est_planned=25m 40s elapsed=12m 39s
[ALG][050/100] loss=5.2128 ce=1.0716 lg=1.6565 beta=2.5000 guidance_active_next=True raw_derivative=-0.005665 smoothed_derivative=-0.036085 guidance_stop_epoch=None train_acc=73.27% val_acc=70.06% best=70.88% lr=0.00026027416 time=16.0s avg_epoch=15.4s est_planned=25m 41s elapsed=12m 55s
[ALG][051/100] loss=5.1746 ce=1.0575 lg=1.6469 beta=2.5000 guidance_active_next=True raw_derivative=-0.041831 smoothed_derivative=-0.036922 guidance_stop_epoch=None train_acc=74.07% val_acc=71.23% best=71.23% lr=0.0002525 time=15.3s avg_epoch=15.4s est_planned=25m 41s elapsed=13m 10s saved_best
[ALG][052/100] loss=5.1483 ce=1.0495 lg=1.6395 beta=2.5000 guidance_active_next=True raw_derivative=-0.032637 smoothed_derivative=-0.032905 guidance_stop_epoch=None train_acc=73.85% val_acc=72.09% best=72.09% lr=0.00024472584 time=15.3s avg_epoch=15.4s est_planned=25m 41s elapsed=13m 26s saved_best
[ALG][053/100] loss=5.1586 ce=1.0499 lg=1.6435 beta=2.5000 guidance_active_next=True raw_derivative=-0.024026 smoothed_derivative=-0.028984 guidance_stop_epoch=None train_acc=73.90% val_acc=71.94% best=72.09% lr=0.00023695935 time=15.8s avg_epoch=15.4s est_planned=25m 42s elapsed=13m 42s
[ALG][054/100] loss=5.0595 ce=0.9827 lg=1.6307 beta=2.5000 guidance_active_next=True raw_derivative=-0.015076 smoothed_derivative=-0.024784 guidance_stop_epoch=None train_acc=75.34% val_acc=71.99% best=72.09% lr=0.00022920819 time=15.8s avg_epoch=15.4s est_planned=25m 43s elapsed=13m 58s
[ALG][055/100] loss=5.0899 ce=0.9907 lg=1.6397 beta=2.5000 guidance_active_next=True raw_derivative=-0.011882 smoothed_derivative=-0.021718 guidance_stop_epoch=None train_acc=75.80% val_acc=71.09% best=72.09% lr=0.00022148002 time=15.4s avg_epoch=15.4s est_planned=25m 43s elapsed=14m 13s
[BETA_TRANSITION] guidance disabled after epoch=56 LG=1.631687 raw_derivative=-0.010997 smoothed_derivative=-0.019561 threshold=-0.02; subsequent epochs are CE-only.
[ALG][056/100] loss=5.0352 ce=0.9560 lg=1.6317 beta=2.5000 guidance_active_next=False raw_derivative=-0.010997 smoothed_derivative=-0.019561 guidance_stop_epoch=56 train_acc=76.73% val_acc=71.71% best=72.09% lr=0.00021378247 time=14.5s avg_epoch=15.4s est_planned=25m 41s elapsed=14m 28s
[ALG][057/100] loss=0.9887 ce=0.9887 lg=0.0000 beta=0.0000 guidance_active_next=False raw_derivative=n/a smoothed_derivative=n/a guidance_stop_epoch=56 train_acc=75.65% val_acc=71.32% best=72.09% lr=0.00020612312 time=12.2s avg_epoch=15.4s est_planned=25m 35s elapsed=14m 40s
[ALG][058/100] loss=0.9610 ce=0.9610 lg=0.0000 beta=0.0000 guidance_active_next=False raw_derivative=n/a smoothed_derivative=n/a guidance_stop_epoch=56 train_acc=76.46% val_acc=71.92% best=72.09% lr=0.00019850955 time=13.9s avg_epoch=15.3s est_planned=25m 33s elapsed=14m 54s
[ALG][059/100] loss=0.9197 ce=0.9197 lg=0.0000 beta=0.0000 guidance_active_next=False raw_derivative=n/a smoothed_derivative=n/a guidance_stop_epoch=56 train_acc=77.48% val_acc=72.06% best=72.09% lr=0.00019094925 time=14.0s avg_epoch=15.3s est_planned=25m 31s elapsed=15m 08s
[ALG][060/100] loss=0.9324 ce=0.9324 lg=0.0000 beta=0.0000 guidance_active_next=False raw_derivative=n/a smoothed_derivative=n/a guidance_stop_epoch=56 train_acc=77.43% val_acc=71.97% best=72.09% lr=0.0001834497 time=14.0s avg_epoch=15.3s est_planned=25m 28s elapsed=15m 22s
[ALG][061/100] loss=0.8925 ce=0.8925 lg=0.0000 beta=0.0000 guidance_active_next=False raw_derivative=n/a smoothed_derivative=n/a guidance_stop_epoch=56 train_acc=78.21% val_acc=72.20% best=72.20% lr=0.00017601829 time=13.2s avg_epoch=15.2s est_planned=25m 25s elapsed=15m 35s saved_best
[ALG][062/100] loss=0.9184 ce=0.9184 lg=0.0000 beta=0.0000 guidance_active_next=False raw_derivative=n/a smoothed_derivative=n/a guidance_stop_epoch=56 train_acc=77.65% val_acc=70.92% best=72.20% lr=0.00016866236 time=11.7s avg_epoch=15.2s est_planned=25m 19s elapsed=15m 47s
[ALG][063/100] loss=0.8987 ce=0.8987 lg=0.0000 beta=0.0000 guidance_active_next=False raw_derivative=n/a smoothed_derivative=n/a guidance_stop_epoch=56 train_acc=78.18% val_acc=71.73% best=72.20% lr=0.00016138917 time=12.9s avg_epoch=15.2s est_planned=25m 16s elapsed=16m 00s
[ALG][064/100] loss=0.8775 ce=0.8775 lg=0.0000 beta=0.0000 guidance_active_next=False raw_derivative=n/a smoothed_derivative=n/a guidance_stop_epoch=56 train_acc=78.09% val_acc=71.85% best=72.20% lr=0.0001542059 time=12.2s avg_epoch=15.1s est_planned=25m 11s elapsed=16m 12s
[ALG][065/100] loss=0.8390 ce=0.8390 lg=0.0000 beta=0.0000 guidance_active_next=False raw_derivative=n/a smoothed_derivative=n/a guidance_stop_epoch=56 train_acc=79.53% val_acc=71.56% best=72.20% lr=0.00014711963 time=11.7s avg_epoch=15.1s est_planned=25m 06s elapsed=16m 24s
[ALG][066/100] loss=0.8222 ce=0.8222 lg=0.0000 beta=0.0000 guidance_active_next=False raw_derivative=n/a smoothed_derivative=n/a guidance_stop_epoch=56 train_acc=79.48% val_acc=71.64% best=72.20% lr=0.00014013735 time=11.7s avg_epoch=15.0s est_planned=25m 01s elapsed=16m 36s
[ALG][067/100] loss=0.8020 ce=0.8020 lg=0.0000 beta=0.0000 guidance_active_next=False raw_derivative=n/a smoothed_derivative=n/a guidance_stop_epoch=56 train_acc=80.15% val_acc=71.80% best=72.20% lr=0.00013326597 time=13.9s avg_epoch=15.0s est_planned=24m 59s elapsed=16m 50s
[ALG][068/100] loss=0.8133 ce=0.8133 lg=0.0000 beta=0.0000 guidance_active_next=False raw_derivative=n/a smoothed_derivative=n/a guidance_stop_epoch=56 train_acc=80.81% val_acc=72.44% best=72.44% lr=0.00012651225 time=14.1s avg_epoch=15.0s est_planned=24m 58s elapsed=17m 04s saved_best
[ALG][069/100] loss=0.7854 ce=0.7854 lg=0.0000 beta=0.0000 guidance_active_next=False raw_derivative=n/a smoothed_derivative=n/a guidance_stop_epoch=56 train_acc=80.50% val_acc=72.71% best=72.71% lr=0.00011988287 time=13.7s avg_epoch=15.0s est_planned=24m 56s elapsed=17m 18s saved_best
[ALG][070/100] loss=0.8027 ce=0.8027 lg=0.0000 beta=0.0000 guidance_active_next=False raw_derivative=n/a smoothed_derivative=n/a guidance_stop_epoch=56 train_acc=80.35% val_acc=73.63% best=73.63% lr=0.00011338436 time=12.3s avg_epoch=14.9s est_planned=24m 52s elapsed=17m 30s saved_best
[ALG][071/100] loss=0.7756 ce=0.7756 lg=0.0000 beta=0.0000 guidance_active_next=False raw_derivative=n/a smoothed_derivative=n/a guidance_stop_epoch=56 train_acc=81.40% val_acc=72.11% best=73.63% lr=0.00010702315 time=13.0s avg_epoch=14.9s est_planned=24m 49s elapsed=17m 43s
[ALG][072/100] loss=0.7726 ce=0.7726 lg=0.0000 beta=0.0000 guidance_active_next=False raw_derivative=n/a smoothed_derivative=n/a guidance_stop_epoch=56 train_acc=80.94% val_acc=73.23% best=73.63% lr=0.0001008055 time=11.5s avg_epoch=14.8s est_planned=24m 45s elapsed=17m 55s
[ALG][073/100] loss=0.7479 ce=0.7479 lg=0.0000 beta=0.0000 guidance_active_next=False raw_derivative=n/a smoothed_derivative=n/a guidance_stop_epoch=56 train_acc=81.96% val_acc=73.37% best=73.63% lr=9.4737563e-05 time=10.6s avg_epoch=14.8s est_planned=24m 39s elapsed=18m 06s
[ALG][074/100] loss=0.7315 ce=0.7315 lg=0.0000 beta=0.0000 guidance_active_next=False raw_derivative=n/a smoothed_derivative=n/a guidance_stop_epoch=56 train_acc=82.22% val_acc=73.33% best=73.63% lr=8.8825313e-05 time=10.7s avg_epoch=14.7s est_planned=24m 33s elapsed=18m 16s
[ALG][075/100] loss=0.7455 ce=0.7455 lg=0.0000 beta=0.0000 guidance_active_next=False raw_derivative=n/a smoothed_derivative=n/a guidance_stop_epoch=56 train_acc=81.95% val_acc=73.30% best=73.63% lr=8.3074591e-05 time=12.0s avg_epoch=14.7s est_planned=24m 30s elapsed=18m 29s
[ALG][076/100] loss=0.7243 ce=0.7243 lg=0.0000 beta=0.0000 guidance_active_next=False raw_derivative=n/a smoothed_derivative=n/a guidance_stop_epoch=56 train_acc=82.56% val_acc=72.87% best=73.63% lr=7.7491072e-05 time=13.6s avg_epoch=14.7s est_planned=24m 28s elapsed=18m 42s
[ALG][077/100] loss=0.7340 ce=0.7340 lg=0.0000 beta=0.0000 guidance_active_next=False raw_derivative=n/a smoothed_derivative=n/a guidance_stop_epoch=56 train_acc=81.96% val_acc=73.47% best=73.63% lr=7.2080265e-05 time=14.1s avg_epoch=14.7s est_planned=24m 28s elapsed=18m 56s
[ALG][078/100] loss=0.7538 ce=0.7538 lg=0.0000 beta=0.0000 guidance_active_next=False raw_derivative=n/a smoothed_derivative=n/a guidance_stop_epoch=56 train_acc=81.44% val_acc=73.63% best=73.63% lr=6.684751e-05 time=13.6s avg_epoch=14.7s est_planned=24m 26s elapsed=19m 10s saved_best
[ALG][079/100] loss=0.7545 ce=0.7545 lg=0.0000 beta=0.0000 guidance_active_next=False raw_derivative=n/a smoothed_derivative=n/a guidance_stop_epoch=56 train_acc=82.18% val_acc=73.52% best=73.63% lr=6.1797972e-05 time=11.5s avg_epoch=14.6s est_planned=24m 22s elapsed=19m 22s
[ALG][080/100] loss=0.7147 ce=0.7147 lg=0.0000 beta=0.0000 guidance_active_next=False raw_derivative=n/a smoothed_derivative=n/a guidance_stop_epoch=56 train_acc=82.73% val_acc=74.01% best=74.01% lr=5.6936634e-05 time=10.9s avg_epoch=14.6s est_planned=24m 17s elapsed=19m 33s saved_best
[ALG][081/100] loss=0.6810 ce=0.6810 lg=0.0000 beta=0.0000 guidance_active_next=False raw_derivative=n/a smoothed_derivative=n/a guidance_stop_epoch=56 train_acc=82.83% val_acc=73.89% best=74.01% lr=5.2268294e-05 time=11.8s avg_epoch=14.5s est_planned=24m 14s elapsed=19m 44s
[ALG][082/100] loss=0.7099 ce=0.7099 lg=0.0000 beta=0.0000 guidance_active_next=False raw_derivative=n/a smoothed_derivative=n/a guidance_stop_epoch=56 train_acc=82.61% val_acc=73.82% best=74.01% lr=4.7797558e-05 time=13.5s avg_epoch=14.5s est_planned=24m 13s elapsed=19m 58s
[ALG][083/100] loss=0.7117 ce=0.7117 lg=0.0000 beta=0.0000 guidance_active_next=False raw_derivative=n/a smoothed_derivative=n/a guidance_stop_epoch=56 train_acc=82.51% val_acc=73.63% best=74.01% lr=4.3528838e-05 time=12.3s avg_epoch=14.5s est_planned=24m 10s elapsed=20m 10s
[ALG][084/100] loss=0.6758 ce=0.6758 lg=0.0000 beta=0.0000 guidance_active_next=False raw_derivative=n/a smoothed_derivative=n/a guidance_stop_epoch=56 train_acc=83.56% val_acc=73.92% best=74.01% lr=3.9466348e-05 time=11.8s avg_epoch=14.5s est_planned=24m 07s elapsed=20m 22s
[ALG][085/100] loss=0.7039 ce=0.7039 lg=0.0000 beta=0.0000 guidance_active_next=False raw_derivative=n/a smoothed_derivative=n/a guidance_stop_epoch=56 train_acc=83.32% val_acc=73.58% best=74.01% lr=3.5614097e-05 time=12.9s avg_epoch=14.4s est_planned=24m 05s elapsed=20m 35s
[ALG][086/100] loss=0.6462 ce=0.6462 lg=0.0000 beta=0.0000 guidance_active_next=False raw_derivative=n/a smoothed_derivative=n/a guidance_stop_epoch=56 train_acc=84.54% val_acc=73.75% best=74.01% lr=3.1975885e-05 time=12.4s avg_epoch=14.4s est_planned=24m 03s elapsed=20m 48s
[ALG][087/100] loss=0.6725 ce=0.6725 lg=0.0000 beta=0.0000 guidance_active_next=False raw_derivative=n/a smoothed_derivative=n/a guidance_stop_epoch=56 train_acc=83.59% val_acc=74.02% best=74.02% lr=2.8555305e-05 time=13.6s avg_epoch=14.4s est_planned=24m 02s elapsed=21m 01s saved_best
[ALG][088/100] loss=0.6317 ce=0.6317 lg=0.0000 beta=0.0000 guidance_active_next=False raw_derivative=n/a smoothed_derivative=n/a guidance_stop_epoch=56 train_acc=84.53% val_acc=73.37% best=74.02% lr=2.535573e-05 time=12.5s avg_epoch=14.4s est_planned=23m 59s elapsed=21m 14s
[ALG][089/100] loss=0.6435 ce=0.6435 lg=0.0000 beta=0.0000 guidance_active_next=False raw_derivative=n/a smoothed_derivative=n/a guidance_stop_epoch=56 train_acc=84.29% val_acc=73.80% best=74.02% lr=2.238032e-05 time=11.5s avg_epoch=14.4s est_planned=23m 56s elapsed=21m 26s
[ALG][090/100] loss=0.6466 ce=0.6466 lg=0.0000 beta=0.0000 guidance_active_next=False raw_derivative=n/a smoothed_derivative=n/a guidance_stop_epoch=56 train_acc=84.00% val_acc=73.68% best=74.02% lr=1.963201e-05 time=12.1s avg_epoch=14.3s est_planned=23m 54s elapsed=21m 38s
[ALG][091/100] loss=0.6476 ce=0.6476 lg=0.0000 beta=0.0000 guidance_active_next=False raw_derivative=n/a smoothed_derivative=n/a guidance_stop_epoch=56 train_acc=84.14% val_acc=73.97% best=74.02% lr=1.7113512e-05 time=13.6s avg_epoch=14.3s est_planned=23m 53s elapsed=21m 51s
[ALG][092/100] loss=0.6250 ce=0.6250 lg=0.0000 beta=0.0000 guidance_active_next=False raw_derivative=n/a smoothed_derivative=n/a guidance_stop_epoch=56 train_acc=85.39% val_acc=74.04% best=74.04% lr=1.4827313e-05 time=12.5s avg_epoch=14.3s est_planned=23m 51s elapsed=22m 04s saved_best
[ALG][093/100] loss=0.6082 ce=0.6082 lg=0.0000 beta=0.0000 guidance_active_next=False raw_derivative=n/a smoothed_derivative=n/a guidance_stop_epoch=56 train_acc=85.33% val_acc=73.92% best=74.04% lr=1.2775668e-05 time=12.6s avg_epoch=14.3s est_planned=23m 49s elapsed=22m 17s
[ALG][094/100] loss=0.6410 ce=0.6410 lg=0.0000 beta=0.0000 guidance_active_next=False raw_derivative=n/a smoothed_derivative=n/a guidance_stop_epoch=56 train_acc=84.48% val_acc=74.08% best=74.08% lr=1.0960601e-05 time=13.4s avg_epoch=14.3s est_planned=23m 48s elapsed=22m 30s saved_best
[ALG][095/100] loss=0.6249 ce=0.6249 lg=0.0000 beta=0.0000 guidance_active_next=False raw_derivative=n/a smoothed_derivative=n/a guidance_stop_epoch=56 train_acc=85.12% val_acc=74.11% best=74.11% lr=9.3839054e-06 time=11.3s avg_epoch=14.2s est_planned=23m 45s elapsed=22m 42s saved_best
[ALG][096/100] loss=0.6328 ce=0.6328 lg=0.0000 beta=0.0000 guidance_active_next=False raw_derivative=n/a smoothed_derivative=n/a guidance_stop_epoch=56 train_acc=84.73% val_acc=74.06% best=74.11% lr=8.0471357e-06 time=11.1s avg_epoch=14.2s est_planned=23m 42s elapsed=22m 53s
[ALG][097/100] loss=0.6072 ce=0.6072 lg=0.0000 beta=0.0000 guidance_active_next=False raw_derivative=n/a smoothed_derivative=n/a guidance_stop_epoch=56 train_acc=85.31% val_acc=74.09% best=74.11% lr=6.9516114e-06 time=14.1s avg_epoch=14.2s est_planned=23m 42s elapsed=23m 07s
[ALG][098/100] loss=0.5826 ce=0.5826 lg=0.0000 beta=0.0000 guidance_active_next=False raw_derivative=n/a smoothed_derivative=n/a guidance_stop_epoch=56 train_acc=86.09% val_acc=74.06% best=74.11% lr=6.0984138e-06 time=14.1s avg_epoch=14.2s est_planned=23m 41s elapsed=23m 21s
[ALG][099/100] loss=0.6448 ce=0.6448 lg=0.0000 beta=0.0000 guidance_active_next=False raw_derivative=n/a smoothed_derivative=n/a guidance_stop_epoch=56 train_acc=84.87% val_acc=74.13% best=74.13% lr=5.4883847e-06 time=13.8s avg_epoch=14.2s est_planned=23m 41s elapsed=23m 35s saved_best
[ALG][100/100] loss=0.6217 ce=0.6217 lg=0.0000 beta=0.0000 guidance_active_next=False raw_derivative=n/a smoothed_derivative=n/a guidance_stop_epoch=56 train_acc=85.22% val_acc=74.16% best=74.16% lr=5.1221263e-06 time=13.7s avg_epoch=14.2s est_planned=23m 40s elapsed=23m 49s saved_best
========================================================================
[FINAL_RESULT] alg_best_top1=74.16% paper_top1=n/a gap_to_paper=n/a
[BETA_FINAL] observed_stop_epoch=56 paper_stop_epoch=None guided_epochs=56 ce_only_epochs=44
[TIMING] avg_epoch=14.2s planned_epochs=100 estimated_total=23m 40s elapsed=23m 49s
[FINAL_RESULT] best_checkpoint=/app/output/cub200_full_transfer_all_100ep_full_seed1/ALG/full_transfer/alg_cub200_both_imagenet_pretrained_b128_100ep_seed1/student_best.pt
[FINAL_RESULT] latest_checkpoint=/app/output/cub200_full_transfer_all_100ep_full_seed1/ALG/full_transfer/alg_cub200_both_imagenet_pretrained_b128_100ep_seed1/student_latest.pt
[FINAL_RESULT] summary=/app/output/cub200_full_transfer_all_100ep_full_seed1/ALG/full_transfer/alg_cub200_both_imagenet_pretrained_b128_100ep_seed1/summary.json
[DONE] ALG training completed successfully; resources may be released.
[STUDENT_IDENTITY_CHECK][ALG] status=PASS pretrained=True input=224 batch=128
[COMMAND][OursB64] /usr/bin/python methods/Ours/cub200_resnet50_deit_ti_224_pretrained/train.py --data-dir data/cub200 --teacher-root /app/output/cub200_full_transfer_all_100ep_full_seed1/teacher_resnet50_224_imagenet1k_v2/teacher_cub200_resnet50_224_imagenet1k_v2_200ep_seed1 --output-dir /app/output/cub200_full_transfer_all_100ep_full_seed1/OursB64/full_transfer --run-name ours_cub200_both_imagenet_pretrained_b64_100ep_seed1 --num-workers 4 --student-epochs 100 --batch-size 64
[BOOT] Python process started: /usr/bin/python
========================================================================
OURS / TEACHER-224 -> DEIT-TI
========================================================================
[ENV] python=3.10.12 torch=2.11.0+cu130 timm=1.0.27 torchvision=0.26.0+cu130
[ENV] cuda_available=True cuda_device_count=1
[ENV] gpu_name=NVIDIA H200 NVL
[ENV] gpu_memory_gib=139.80
[ENV] device=cuda amp=False seed=1
[PATH] data_dir=/app/scratch/input/bapedragon_523/data/cub200
[PATH] teacher_root=/app/output/cub200_full_transfer_all_100ep_full_seed1/teacher_resnet50_224_imagenet1k_v2/teacher_cub200_resnet50_224_imagenet1k_v2_200ep_seed1
[PATH] run_dir=/app/output/cub200_full_transfer_all_100ep_full_seed1/OursB64/full_transfer/ours_cub200_both_imagenet_pretrained_b64_100ep_seed1
[MODE] smoke=False timing_run=False student_epochs=100 planned_epochs=100
[PROTOCOL] name=cub200_deit_ti_ours_resnet50_224_both_imagenet_pretrained_v1 optimizer=AdamW lr=0.0005 min_lr=5e-06 weight_decay=0.05 warmup=20 cosine batch=64 image=224 label_smoothing=0.0 drop_path=0.1 student_pretrained=True student_pretrained_source=timm/deit_tiny_patch16_224.fb_in1k base=lg_official
[ALG_BASE] eval_batch=200 warmup_factor=0.001 fp32=True color_jitter=0.4 auto_augment=rand-m9-mstd0.5-inc1 random_erasing=0.25/pixel/1 interpolation=bicubic normalization=ImageNet drop_last_train=True
[INPUT] shared_geometry=True student=224x224(cub200 norm) teacher=student_view_to_224x224(ImageNet norm) eval_resize=direct
[OURS] loss=CE+beta(e)*(lambda*L_fuse+(1-lambda)*L_align) beta_on=2.5 lambda=0.5
[OURS] student_blocks=all_12 aggregation=learnable_uniform_init teacher_stages=1/2/3 teacher_input=224 student_grid=14x14 stage_grid=larger projection=1x1 deform_kernel=5 qkv_kernel=1 heads=4
[BETA] schedule=researcher_exact beta_on=2.5 metric=L_feature_combined threshold=-0.02 smoothing_window=50 controller_warm_up=20 stop_condition=smoothed_derivative>threshold epoch_numbering=one_based_adapter
[BETA] Researcher implementation: record epoch-average complete guidance loss, do not stop before warm-up, then permanently switch to CE-only when the smoothed derivative is strictly above tau.
[SOURCE] provided_snippet_sha256=8649078970b93d750a956994611b65cdec0c24f907d35d86f29d635e8a3b8624
[REPRO_STATUS] Paper-confirmed: default lambda=0.5; active lambda=0.5, ALG beta=2.5, tau=-0.02 and 50-epoch smoothing, all-block aggregation, 1x1 projection/QKV, bilinear grid alignment, 5x5 deformable attention, and frozen teacher. Active grid policy=supplied-source larger-grid policy.
[REPRO_STATUS] Researcher-synchronized choices: the complete 0.5*L_fuse+0.5*L_align guidance loss drives the controller; the controller has a 20-epoch stop warm-up and no descent-first guard. Attention heads/reduction/loss reduction follow the supplied source.
[DATA] CUB-200-2011 root=/app/scratch/input/bapedragon_523/data/cub200/CUB_200_2011
[DATA] train_samples=5994 test_samples=5794
[DATA] student_image=224 teacher_image=224 train_batch=64 eval_batch=200 num_workers=4 drop_last_train=True smoke=False split=train:official_train eval:official_test eval_interpolation=bicubic
Warning: You are sending unauthenticated requests to the HF Hub. Please set a HF_TOKEN to enable higher rate limits and faster downloads.
[TEACHER] selected=best epoch=161 top1=84.10% sha256=80f46b08ea2b2c5398c951268b937f3be0abe47f08bf7617e6dcd4e49a4db82b
[TEACHER_NATIVE_AUDIT] checkpoint_top1=84.10% native_direct_224px_top1=84.10% gap=+0.00pp
[TEACHER_SHARED_VIEW] resize_224_to_224px_top1=80.58% gap_to_native_checkpoint=-3.52pp diagnostic_only=True feature_path=source_faithful
[MODEL] teacher_params=23,917,832 student=deit_tiny_patch16_224 student_params=5,563,016 ours_trainable_params=23,425,933
[FEATURE_CHECK] teacher_raw=[(2, 512, 28, 28), (2, 1024, 14, 14), (2, 2048, 7, 7)] student_blocks=12x(2, 192, 14, 14) stage_targets=[(2, 512, 28, 28), (2, 1024, 14, 14), (2, 2048, 14, 14)] aligned=[(2, 512, 28, 28), (2, 1024, 14, 14), (2, 2048, 14, 14)] fused=[(2, 512, 28, 28), (2, 1024, 14, 14), (2, 2048, 14, 14)] probe_align=1.9569 probe_fuse=1.5505
[AGGREGATION_INIT] stage1[b9=0.083,b7=0.083,b8=0.083] stage2[b9=0.083,b7=0.083,b8=0.083] stage3[b9=0.083,b7=0.083,b8=0.083]
[STUDENT] optimizer=adamw lr=0.0005 weight_decay=0.05 epochs=100 effective_warmup=20
[OURS][001/100] loss=13.3921 ce=5.3778 align=3.3111 fuse=3.1004 feature=3.2057 beta=2.5000 guidance_active_next=True alg_raw_derivative=n/a alg_smoothed_derivative=n/a guidance_stop_epoch=None train_acc=0.60% val_acc=0.50% best=0.50% lr=5e-07 time=20.4s avg_epoch=20.4s est_planned=34m 04s elapsed=21s saved_best
[OURS][002/100] loss=12.2768 ce=5.2769 align=3.1226 fuse=2.4773 feature=2.8000 beta=2.5000 guidance_active_next=True alg_raw_derivative=-0.202882 alg_smoothed_derivative=n/a guidance_stop_epoch=None train_acc=1.01% val_acc=1.90% best=1.90% lr=2.5475e-05 time=19.5s avg_epoch=20.0s est_planned=33m 17s elapsed=41s saved_best
[OURS][003/100] loss=10.9049 ce=4.9479 align=2.8504 fuse=1.9152 feature=2.3828 beta=2.5000 guidance_active_next=True alg_raw_derivative=-0.206692 alg_smoothed_derivative=n/a guidance_stop_epoch=None train_acc=3.70% val_acc=10.53% best=10.53% lr=5.045e-05 time=19.7s avg_epoch=19.9s est_planned=33m 08s elapsed=1m 01s saved_best
[OURS][004/100] loss=9.6370 ce=4.4200 align=2.4545 fuse=1.7191 feature=2.0868 beta=2.5000 guidance_active_next=True alg_raw_derivative=-0.177344 alg_smoothed_derivative=n/a guidance_stop_epoch=None train_acc=10.70% val_acc=23.44% best=23.44% lr=7.5425e-05 time=20.3s avg_epoch=20.0s est_planned=33m 19s elapsed=1m 21s saved_best
[OURS][005/100] loss=8.7410 ce=3.9311 align=2.2856 fuse=1.5624 feature=1.9240 beta=2.5000 guidance_active_next=True alg_raw_derivative=-0.138970 alg_smoothed_derivative=n/a guidance_stop_epoch=None train_acc=19.04% val_acc=32.24% best=32.24% lr=0.0001004 time=20.0s avg_epoch=20.0s est_planned=33m 20s elapsed=1m 42s saved_best
[OURS][006/100] loss=8.0531 ce=3.5069 align=2.2071 fuse=1.4299 feature=1.8185 beta=2.5000 guidance_active_next=True alg_raw_derivative=-0.110229 alg_smoothed_derivative=n/a guidance_stop_epoch=None train_acc=26.34% val_acc=42.32% best=42.32% lr=0.000125375 time=19.8s avg_epoch=20.0s est_planned=33m 17s elapsed=2m 02s saved_best
[OURS][007/100] loss=7.5761 ce=3.1981 align=2.1679 fuse=1.3345 feature=1.7512 beta=2.5000 guidance_active_next=True alg_raw_derivative=-0.088346 alg_smoothed_derivative=n/a guidance_stop_epoch=None train_acc=31.47% val_acc=47.88% best=47.88% lr=0.00015035 time=20.2s avg_epoch=20.0s est_planned=33m 20s elapsed=2m 23s saved_best
[OURS][008/100] loss=7.1675 ce=2.9305 align=2.1297 fuse=1.2599 feature=1.6948 beta=2.5000 guidance_active_next=True alg_raw_derivative=-0.073308 alg_smoothed_derivative=n/a guidance_stop_epoch=None train_acc=36.56% val_acc=50.66% best=50.66% lr=0.000175325 time=20.4s avg_epoch=20.1s est_planned=33m 25s elapsed=2m 44s saved_best
[OURS][009/100] loss=6.8071 ce=2.6957 align=2.0974 fuse=1.1917 feature=1.6446 beta=2.5000 guidance_active_next=True alg_raw_derivative=-0.062602 alg_smoothed_derivative=n/a guidance_stop_epoch=None train_acc=39.80% val_acc=55.25% best=55.25% lr=0.0002003 time=19.5s avg_epoch=20.0s est_planned=33m 20s elapsed=3m 03s saved_best
[OURS][010/100] loss=6.5128 ce=2.5034 align=2.0716 fuse=1.1359 feature=1.6038 beta=2.5000 guidance_active_next=True alg_raw_derivative=-0.054161 alg_smoothed_derivative=n/a guidance_stop_epoch=None train_acc=42.79% val_acc=57.28% best=57.28% lr=0.000225275 time=19.6s avg_epoch=20.0s est_planned=33m 16s elapsed=3m 23s saved_best
[OURS][011/100] loss=6.2675 ce=2.3816 align=2.0372 fuse=1.0715 feature=1.5544 beta=2.5000 guidance_active_next=True alg_raw_derivative=-0.048805 alg_smoothed_derivative=n/a guidance_stop_epoch=None train_acc=45.25% val_acc=59.73% best=59.73% lr=0.00025025 time=20.4s avg_epoch=20.0s est_planned=33m 20s elapsed=3m 44s saved_best
[OURS][012/100] loss=6.0617 ce=2.2646 align=2.0140 fuse=1.0238 feature=1.5189 beta=2.5000 guidance_active_next=True alg_raw_derivative=-0.043627 alg_smoothed_derivative=n/a guidance_stop_epoch=None train_acc=47.09% val_acc=60.44% best=60.44% lr=0.000275225 time=19.7s avg_epoch=20.0s est_planned=33m 18s elapsed=4m 04s saved_best
[OURS][013/100] loss=5.8942 ce=2.1901 align=1.9846 fuse=0.9787 feature=1.4817 beta=2.5000 guidance_active_next=True alg_raw_derivative=-0.039778 alg_smoothed_derivative=n/a guidance_stop_epoch=None train_acc=48.14% val_acc=61.11% best=61.11% lr=0.0003002 time=19.8s avg_epoch=20.0s est_planned=33m 16s elapsed=4m 25s saved_best
[OURS][014/100] loss=5.7733 ce=2.1436 align=1.9706 fuse=0.9332 feature=1.4519 beta=2.5000 guidance_active_next=True alg_raw_derivative=-0.036221 alg_smoothed_derivative=n/a guidance_stop_epoch=None train_acc=48.57% val_acc=60.79% best=61.11% lr=0.000325175 time=19.9s avg_epoch=20.0s est_planned=33m 16s elapsed=4m 45s
[OURS][015/100] loss=5.6211 ce=2.0624 align=1.9509 fuse=0.8961 feature=1.4235 beta=2.5000 guidance_active_next=True alg_raw_derivative=-0.033287 alg_smoothed_derivative=n/a guidance_stop_epoch=None train_acc=50.52% val_acc=59.23% best=61.11% lr=0.00035015 time=19.7s avg_epoch=19.9s est_planned=33m 15s elapsed=5m 05s
[OURS][016/100] loss=5.5389 ce=2.0265 align=1.9448 fuse=0.8652 feature=1.4050 beta=2.5000 guidance_active_next=True alg_raw_derivative=-0.030282 alg_smoothed_derivative=n/a guidance_stop_epoch=None train_acc=50.82% val_acc=62.17% best=62.17% lr=0.000375125 time=20.2s avg_epoch=20.0s est_planned=33m 16s elapsed=5m 25s saved_best
[OURS][017/100] loss=5.4578 ce=2.0293 align=1.9165 fuse=0.8263 feature=1.3714 beta=2.5000 guidance_active_next=True alg_raw_derivative=-0.028694 alg_smoothed_derivative=n/a guidance_stop_epoch=None train_acc=50.66% val_acc=62.98% best=62.98% lr=0.0004001 time=20.6s avg_epoch=20.0s est_planned=33m 19s elapsed=5m 46s saved_best
[OURS][018/100] loss=5.3638 ce=1.9756 align=1.9099 fuse=0.8006 feature=1.3553 beta=2.5000 guidance_active_next=True alg_raw_derivative=-0.026402 alg_smoothed_derivative=n/a guidance_stop_epoch=None train_acc=52.69% val_acc=59.96% best=62.98% lr=0.000425075 time=20.5s avg_epoch=20.0s est_planned=33m 22s elapsed=6m 07s
[OURS][019/100] loss=5.3284 ce=1.9803 align=1.8973 fuse=0.7812 feature=1.3392 beta=2.5000 guidance_active_next=True alg_raw_derivative=-0.024467 alg_smoothed_derivative=n/a guidance_stop_epoch=None train_acc=51.63% val_acc=62.20% best=62.98% lr=0.00045005 time=20.2s avg_epoch=20.0s est_planned=33m 23s elapsed=6m 27s
[OURS][020/100] loss=5.2464 ce=1.9338 align=1.8900 fuse=0.7601 feature=1.3250 beta=2.5000 guidance_active_next=True alg_raw_derivative=-0.022730 alg_smoothed_derivative=-0.076254 guidance_stop_epoch=None train_acc=53.06% val_acc=60.56% best=62.98% lr=0.000475025 time=20.4s avg_epoch=20.1s est_planned=33m 25s elapsed=6m 48s
[OURS][021/100] loss=5.1373 ce=1.8737 align=1.8760 fuse=0.7349 feature=1.3054 beta=2.5000 guidance_active_next=True alg_raw_derivative=-0.021499 alg_smoothed_derivative=-0.073516 guidance_stop_epoch=None train_acc=54.47% val_acc=61.06% best=62.98% lr=0.000452732 time=19.7s avg_epoch=20.0s est_planned=33m 24s elapsed=7m 08s
[OURS][022/100] loss=5.0284 ce=1.8053 align=1.8652 fuse=0.7132 feature=1.2892 beta=2.5000 guidance_active_next=True alg_raw_derivative=-0.020282 alg_smoothed_derivative=-0.070981 guidance_stop_epoch=None train_acc=55.76% val_acc=61.46% best=62.98% lr=0.000448063 time=20.1s avg_epoch=20.0s est_planned=33m 24s elapsed=7m 28s
[OURS][023/100] loss=4.9018 ce=1.7189 align=1.8588 fuse=0.6875 feature=1.2732 beta=2.5000 guidance_active_next=True alg_raw_derivative=-0.019216 alg_smoothed_derivative=-0.068628 guidance_stop_epoch=None train_acc=57.43% val_acc=64.33% best=64.33% lr=0.000443202 time=19.4s avg_epoch=20.0s est_planned=33m 21s elapsed=7m 48s saved_best
[OURS][024/100] loss=4.8450 ce=1.7271 align=1.8364 fuse=0.6580 feature=1.2472 beta=2.5000 guidance_active_next=True alg_raw_derivative=-0.018697 alg_smoothed_derivative=-0.066457 guidance_stop_epoch=None train_acc=57.64% val_acc=64.45% best=64.45% lr=0.000438152 time=19.6s avg_epoch=20.0s est_planned=33m 20s elapsed=8m 08s saved_best
[OURS][025/100] loss=4.7753 ce=1.6862 align=1.8234 fuse=0.6479 feature=1.2356 beta=2.5000 guidance_active_next=True alg_raw_derivative=-0.017663 alg_smoothed_derivative=-0.064424 guidance_stop_epoch=None train_acc=58.79% val_acc=65.02% best=65.02% lr=0.00043292 time=19.3s avg_epoch=20.0s est_planned=33m 17s elapsed=8m 28s saved_best
[OURS][026/100] loss=4.7003 ce=1.6288 align=1.8206 fuse=0.6367 feature=1.2286 beta=2.5000 guidance_active_next=True alg_raw_derivative=-0.016575 alg_smoothed_derivative=-0.062510 guidance_stop_epoch=None train_acc=59.71% val_acc=66.50% best=66.50% lr=0.000427509 time=19.9s avg_epoch=20.0s est_planned=33m 17s elapsed=8m 48s saved_best
[OURS][027/100] loss=4.6756 ce=1.6172 align=1.8200 fuse=0.6268 feature=1.2234 beta=2.5000 guidance_active_next=True alg_raw_derivative=-0.015542 alg_smoothed_derivative=-0.060704 guidance_stop_epoch=None train_acc=59.88% val_acc=65.10% best=66.50% lr=0.000421925 time=19.5s avg_epoch=19.9s est_planned=33m 15s elapsed=9m 08s
[OURS][028/100] loss=4.5956 ce=1.5595 align=1.8137 fuse=0.6152 feature=1.2145 beta=2.5000 guidance_active_next=True alg_raw_derivative=-0.014749 alg_smoothed_derivative=-0.059002 guidance_stop_epoch=None train_acc=62.10% val_acc=65.69% best=66.50% lr=0.000416175 time=19.9s avg_epoch=19.9s est_planned=33m 15s elapsed=9m 28s
[OURS][029/100] loss=4.6081 ce=1.5783 align=1.8142 fuse=0.6096 feature=1.2119 beta=2.5000 guidance_active_next=True alg_raw_derivative=-0.013820 alg_smoothed_derivative=-0.057388 guidance_stop_epoch=None train_acc=60.92% val_acc=65.52% best=66.50% lr=0.000410262 time=19.5s avg_epoch=19.9s est_planned=33m 13s elapsed=9m 48s
[OURS][030/100] loss=4.5941 ce=1.5498 align=1.8152 fuse=0.6202 feature=1.2177 beta=2.5000 guidance_active_next=True alg_raw_derivative=-0.012705 alg_smoothed_derivative=-0.055847 guidance_stop_epoch=None train_acc=61.34% val_acc=66.43% best=66.50% lr=0.000404194 time=19.6s avg_epoch=19.9s est_planned=33m 12s elapsed=10m 08s
[OURS][031/100] loss=4.4578 ce=1.4855 align=1.7907 fuse=0.5871 feature=1.1889 beta=2.5000 guidance_active_next=True alg_raw_derivative=-0.012814 alg_smoothed_derivative=-0.054413 guidance_stop_epoch=None train_acc=62.99% val_acc=67.35% best=67.35% lr=0.000397977 time=20.3s avg_epoch=19.9s est_planned=33m 13s elapsed=10m 28s saved_best
[OURS][032/100] loss=4.4076 ce=1.4534 align=1.7872 fuse=0.5762 feature=1.1817 beta=2.5000 guidance_active_next=True alg_raw_derivative=-0.012239 alg_smoothed_derivative=-0.053053 guidance_stop_epoch=None train_acc=64.06% val_acc=67.35% best=67.35% lr=0.000391616 time=19.5s avg_epoch=19.9s est_planned=33m 12s elapsed=10m 48s saved_best
[OURS][033/100] loss=4.3826 ce=1.4413 align=1.7837 fuse=0.5693 feature=1.1765 beta=2.5000 guidance_active_next=True alg_raw_derivative=-0.011655 alg_smoothed_derivative=-0.051759 guidance_stop_epoch=None train_acc=64.30% val_acc=67.60% best=67.60% lr=0.000385117 time=20.5s avg_epoch=19.9s est_planned=33m 13s elapsed=11m 09s saved_best
[OURS][034/100] loss=4.3018 ce=1.3843 align=1.7720 fuse=0.5620 feature=1.1670 beta=2.5000 guidance_active_next=True alg_raw_derivative=-0.011249 alg_smoothed_derivative=-0.050531 guidance_stop_epoch=None train_acc=65.64% val_acc=67.66% best=67.66% lr=0.000378488 time=19.1s avg_epoch=19.9s est_planned=33m 11s elapsed=11m 29s saved_best
[OURS][035/100] loss=4.2337 ce=1.3418 align=1.7620 fuse=0.5515 feature=1.1567 beta=2.5000 guidance_active_next=True alg_raw_derivative=-0.010899 alg_smoothed_derivative=-0.049366 guidance_stop_epoch=None train_acc=66.50% val_acc=68.42% best=68.42% lr=0.000371734 time=20.3s avg_epoch=19.9s est_planned=33m 12s elapsed=11m 49s saved_best
[OURS][036/100] loss=4.2488 ce=1.3476 align=1.7705 fuse=0.5505 feature=1.1605 beta=2.5000 guidance_active_next=True alg_raw_derivative=-0.010190 alg_smoothed_derivative=-0.048246 guidance_stop_epoch=None train_acc=66.90% val_acc=67.71% best=68.42% lr=0.000364863 time=20.2s avg_epoch=19.9s est_planned=33m 13s elapsed=12m 10s
[OURS][037/100] loss=4.1443 ce=1.2888 align=1.7449 fuse=0.5395 feature=1.1422 beta=2.5000 guidance_active_next=True alg_raw_derivative=-0.010133 alg_smoothed_derivative=-0.047188 guidance_stop_epoch=None train_acc=67.91% val_acc=67.95% best=68.42% lr=0.00035788 time=20.3s avg_epoch=19.9s est_planned=33m 14s elapsed=12m 30s
[OURS][038/100] loss=4.0652 ce=1.2165 align=1.7459 fuse=0.5331 feature=1.1395 beta=2.5000 guidance_active_next=True alg_raw_derivative=-0.009671 alg_smoothed_derivative=-0.046174 guidance_stop_epoch=None train_acc=69.15% val_acc=68.48% best=68.48% lr=0.000350794 time=20.2s avg_epoch=19.9s est_planned=33m 15s elapsed=12m 51s saved_best
[OURS][039/100] loss=4.0928 ce=1.2298 align=1.7469 fuse=0.5435 feature=1.1452 beta=2.5000 guidance_active_next=True alg_raw_derivative=-0.009028 alg_smoothed_derivative=-0.045196 guidance_stop_epoch=None train_acc=69.35% val_acc=68.38% best=68.48% lr=0.000343611 time=19.4s avg_epoch=19.9s est_planned=33m 13s elapsed=13m 11s
[OURS][040/100] loss=4.0406 ce=1.2184 align=1.7358 fuse=0.5219 feature=1.1289 beta=2.5000 guidance_active_next=True alg_raw_derivative=-0.008985 alg_smoothed_derivative=-0.044268 guidance_stop_epoch=None train_acc=69.76% val_acc=68.74% best=68.74% lr=0.000336338 time=19.4s avg_epoch=19.9s est_planned=33m 12s elapsed=13m 30s saved_best
[OURS][041/100] loss=4.0338 ce=1.2196 align=1.7327 fuse=0.5186 feature=1.1257 beta=2.5000 guidance_active_next=True alg_raw_derivative=-0.008625 alg_smoothed_derivative=-0.043377 guidance_stop_epoch=None train_acc=69.84% val_acc=68.81% best=68.81% lr=0.000328982 time=19.4s avg_epoch=19.9s est_planned=33m 11s elapsed=13m 50s saved_best
[OURS][042/100] loss=3.9482 ce=1.1363 align=1.7380 fuse=0.5116 feature=1.1248 beta=2.5000 guidance_active_next=True alg_raw_derivative=-0.008236 alg_smoothed_derivative=-0.042519 guidance_stop_epoch=None train_acc=72.01% val_acc=68.71% best=68.81% lr=0.00032155 time=19.5s avg_epoch=19.9s est_planned=33m 10s elapsed=14m 10s
[OURS][043/100] loss=3.9575 ce=1.1604 align=1.7291 fuse=0.5086 feature=1.1188 beta=2.5000 guidance_active_next=True alg_raw_derivative=-0.007991 alg_smoothed_derivative=-0.041697 guidance_stop_epoch=None train_acc=71.12% val_acc=69.23% best=69.23% lr=0.000314051 time=19.9s avg_epoch=19.9s est_planned=33m 10s elapsed=14m 30s saved_best
[OURS][044/100] loss=3.8965 ce=1.1132 align=1.7248 fuse=0.5019 feature=1.1133 beta=2.5000 guidance_active_next=True alg_raw_derivative=-0.007753 alg_smoothed_derivative=-0.040908 guidance_stop_epoch=None train_acc=72.30% val_acc=69.35% best=69.35% lr=0.00030649 time=19.6s avg_epoch=19.9s est_planned=33m 09s elapsed=14m 50s saved_best
[OURS][045/100] loss=3.8841 ce=1.1166 align=1.7192 fuse=0.4948 feature=1.1070 beta=2.5000 guidance_active_next=True alg_raw_derivative=-0.007549 alg_smoothed_derivative=-0.040150 guidance_stop_epoch=None train_acc=72.50% val_acc=69.23% best=69.35% lr=0.000298877 time=20.1s avg_epoch=19.9s est_planned=33m 09s elapsed=15m 10s
[OURS][046/100] loss=3.8244 ce=1.0698 align=1.7136 fuse=0.4901 feature=1.1018 beta=2.5000 guidance_active_next=True alg_raw_derivative=-0.007333 alg_smoothed_derivative=-0.039421 guidance_stop_epoch=None train_acc=73.47% val_acc=69.62% best=69.62% lr=0.000291218 time=19.6s avg_epoch=19.9s est_planned=33m 09s elapsed=15m 30s saved_best
[OURS][047/100] loss=3.8371 ce=1.0849 align=1.7106 fuse=0.4912 feature=1.1009 beta=2.5000 guidance_active_next=True alg_raw_derivative=-0.007041 alg_smoothed_derivative=-0.038717 guidance_stop_epoch=None train_acc=72.68% val_acc=68.64% best=69.62% lr=0.00028352 time=19.7s avg_epoch=19.9s est_planned=33m 08s elapsed=15m 50s
[OURS][048/100] loss=3.7943 ce=1.0644 align=1.7005 fuse=0.4834 feature=1.0920 beta=2.5000 guidance_active_next=True alg_raw_derivative=-0.006933 alg_smoothed_derivative=-0.038040 guidance_stop_epoch=None train_acc=73.42% val_acc=70.11% best=70.11% lr=0.000275792 time=20.4s avg_epoch=19.9s est_planned=33m 09s elapsed=16m 11s saved_best
[OURS][049/100] loss=3.7489 ce=1.0342 align=1.6962 fuse=0.4755 feature=1.0859 beta=2.5000 guidance_active_next=True alg_raw_derivative=-0.006775 alg_smoothed_derivative=-0.037389 guidance_stop_epoch=None train_acc=74.46% val_acc=70.52% best=70.52% lr=0.000268041 time=20.3s avg_epoch=19.9s est_planned=33m 10s elapsed=16m 32s saved_best
[OURS][050/100] loss=3.7357 ce=1.0179 align=1.6985 fuse=0.4758 feature=1.0871 beta=2.5000 guidance_active_next=True alg_raw_derivative=-0.006479 alg_smoothed_derivative=-0.036758 guidance_stop_epoch=None train_acc=74.76% val_acc=70.40% best=70.52% lr=0.000260274 time=20.8s avg_epoch=19.9s est_planned=33m 12s elapsed=16m 53s
[OURS][051/100] loss=3.7277 ce=1.0164 align=1.6952 fuse=0.4740 feature=1.0846 beta=2.5000 guidance_active_next=True alg_raw_derivative=-0.042424 alg_smoothed_derivative=-0.036872 guidance_stop_epoch=None train_acc=74.46% val_acc=69.64% best=70.52% lr=0.0002525 time=19.9s avg_epoch=19.9s est_planned=33m 12s elapsed=17m 13s
[OURS][052/100] loss=3.6547 ce=0.9594 align=1.6895 fuse=0.4667 feature=1.0781 beta=2.5000 guidance_active_next=True alg_raw_derivative=-0.034437 alg_smoothed_derivative=-0.033503 guidance_stop_epoch=None train_acc=76.34% val_acc=69.52% best=70.52% lr=0.000244726 time=20.3s avg_epoch=19.9s est_planned=33m 13s elapsed=17m 34s
[OURS][053/100] loss=3.6561 ce=0.9732 align=1.6819 fuse=0.4645 feature=1.0732 beta=2.5000 guidance_active_next=True alg_raw_derivative=-0.026192 alg_smoothed_derivative=-0.029893 guidance_stop_epoch=None train_acc=75.87% val_acc=69.64% best=70.52% lr=0.000236959 time=20.1s avg_epoch=19.9s est_planned=33m 13s elapsed=17m 54s
[OURS][054/100] loss=3.5881 ce=0.9180 align=1.6770 fuse=0.4590 feature=1.0680 beta=2.5000 guidance_active_next=True alg_raw_derivative=-0.020375 alg_smoothed_derivative=-0.026753 guidance_stop_epoch=None train_acc=77.67% val_acc=70.04% best=70.52% lr=0.000229208 time=19.3s avg_epoch=19.9s est_planned=33m 12s elapsed=18m 13s
[OURS][055/100] loss=3.5332 ce=0.8718 align=1.6735 fuse=0.4556 feature=1.0645 beta=2.5000 guidance_active_next=True alg_raw_derivative=-0.017189 alg_smoothed_derivative=-0.024318 guidance_stop_epoch=None train_acc=78.07% val_acc=70.78% best=70.78% lr=0.00022148 time=19.6s avg_epoch=19.9s est_planned=33m 11s elapsed=18m 33s saved_best
[OURS][056/100] loss=3.5732 ce=0.9229 align=1.6676 fuse=0.4526 feature=1.0601 beta=2.5000 guidance_active_next=True alg_raw_derivative=-0.015167 alg_smoothed_derivative=-0.022416 guidance_stop_epoch=None train_acc=77.22% val_acc=70.52% best=70.78% lr=0.000213782 time=20.5s avg_epoch=19.9s est_planned=33m 12s elapsed=18m 54s
[OURS][057/100] loss=3.5316 ce=0.8901 align=1.6637 fuse=0.4495 feature=1.0566 beta=2.5000 guidance_active_next=True alg_raw_derivative=-0.013893 alg_smoothed_derivative=-0.020927 guidance_stop_epoch=None train_acc=77.97% val_acc=71.14% best=71.14% lr=0.000206123 time=20.3s avg_epoch=19.9s est_planned=33m 13s elapsed=19m 15s saved_best
[BETA_TRANSITION] guidance disabled after epoch=58 L_feature=1.063261 raw_derivative=-0.012631 smoothed_derivative=-0.019714 threshold=-0.02; subsequent epochs are CE-only.
[OURS][058/100] loss=3.5375 ce=0.8793 align=1.6762 fuse=0.4503 feature=1.0633 beta=2.5000 guidance_active_next=False alg_raw_derivative=-0.012631 alg_smoothed_derivative=-0.019714 guidance_stop_epoch=58 train_acc=78.07% val_acc=70.71% best=71.14% lr=0.00019851 time=20.4s avg_epoch=19.9s est_planned=33m 14s elapsed=19m 36s
[OURS][059/100] loss=0.8703 ce=0.8703 align=0.0000 fuse=0.0000 feature=0.0000 beta=0.0000 guidance_active_next=False alg_raw_derivative=n/a alg_smoothed_derivative=n/a guidance_stop_epoch=58 train_acc=78.24% val_acc=69.76% best=71.14% lr=0.000190949 time=15.3s avg_epoch=19.9s est_planned=33m 06s elapsed=19m 51s
[OURS][060/100] loss=0.8642 ce=0.8642 align=0.0000 fuse=0.0000 feature=0.0000 beta=0.0000 guidance_active_next=False alg_raw_derivative=n/a alg_smoothed_derivative=n/a guidance_stop_epoch=58 train_acc=79.12% val_acc=68.97% best=71.14% lr=0.00018345 time=14.1s avg_epoch=19.8s est_planned=32m 56s elapsed=20m 06s
[OURS][061/100] loss=0.8534 ce=0.8534 align=0.0000 fuse=0.0000 feature=0.0000 beta=0.0000 guidance_active_next=False alg_raw_derivative=n/a alg_smoothed_derivative=n/a guidance_stop_epoch=58 train_acc=79.12% val_acc=69.83% best=71.14% lr=0.000176018 time=14.3s avg_epoch=19.7s est_planned=32m 47s elapsed=20m 20s
[OURS][062/100] loss=0.8524 ce=0.8524 align=0.0000 fuse=0.0000 feature=0.0000 beta=0.0000 guidance_active_next=False alg_raw_derivative=n/a alg_smoothed_derivative=n/a guidance_stop_epoch=58 train_acc=78.95% val_acc=70.31% best=71.14% lr=0.000168662 time=12.8s avg_epoch=19.6s est_planned=32m 36s elapsed=20m 33s
[OURS][063/100] loss=0.8376 ce=0.8376 align=0.0000 fuse=0.0000 feature=0.0000 beta=0.0000 guidance_active_next=False alg_raw_derivative=n/a alg_smoothed_derivative=n/a guidance_stop_epoch=58 train_acc=79.52% val_acc=70.78% best=71.14% lr=0.000161389 time=12.8s avg_epoch=19.5s est_planned=32m 26s elapsed=20m 46s
[OURS][064/100] loss=0.8180 ce=0.8180 align=0.0000 fuse=0.0000 feature=0.0000 beta=0.0000 guidance_active_next=False alg_raw_derivative=n/a alg_smoothed_derivative=n/a guidance_stop_epoch=58 train_acc=79.79% val_acc=69.52% best=71.14% lr=0.000154206 time=12.6s avg_epoch=19.3s est_planned=32m 15s elapsed=20m 59s
[OURS][065/100] loss=0.7952 ce=0.7952 align=0.0000 fuse=0.0000 feature=0.0000 beta=0.0000 guidance_active_next=False alg_raw_derivative=n/a alg_smoothed_derivative=n/a guidance_stop_epoch=58 train_acc=80.51% val_acc=70.76% best=71.14% lr=0.00014712 time=14.1s avg_epoch=19.3s est_planned=32m 07s elapsed=21m 13s
[OURS][066/100] loss=0.7546 ce=0.7546 align=0.0000 fuse=0.0000 feature=0.0000 beta=0.0000 guidance_active_next=False alg_raw_derivative=n/a alg_smoothed_derivative=n/a guidance_stop_epoch=58 train_acc=81.37% val_acc=69.05% best=71.14% lr=0.000140137 time=13.7s avg_epoch=19.2s est_planned=31m 59s elapsed=21m 27s
[OURS][067/100] loss=0.7392 ce=0.7392 align=0.0000 fuse=0.0000 feature=0.0000 beta=0.0000 guidance_active_next=False alg_raw_derivative=n/a alg_smoothed_derivative=n/a guidance_stop_epoch=58 train_acc=81.60% val_acc=71.23% best=71.23% lr=0.000133266 time=13.3s avg_epoch=19.1s est_planned=31m 50s elapsed=21m 41s saved_best
[OURS][068/100] loss=0.7985 ce=0.7985 align=0.0000 fuse=0.0000 feature=0.0000 beta=0.0000 guidance_active_next=False alg_raw_derivative=n/a alg_smoothed_derivative=n/a guidance_stop_epoch=58 train_acc=80.43% val_acc=70.50% best=71.23% lr=0.000126512 time=13.9s avg_epoch=19.0s est_planned=31m 42s elapsed=21m 55s
[OURS][069/100] loss=0.7221 ce=0.7221 align=0.0000 fuse=0.0000 feature=0.0000 beta=0.0000 guidance_active_next=False alg_raw_derivative=n/a alg_smoothed_derivative=n/a guidance_stop_epoch=58 train_acc=82.36% val_acc=72.13% best=72.13% lr=0.000119883 time=14.0s avg_epoch=18.9s est_planned=31m 35s elapsed=22m 09s saved_best
[OURS][070/100] loss=0.6989 ce=0.6989 align=0.0000 fuse=0.0000 feature=0.0000 beta=0.0000 guidance_active_next=False alg_raw_derivative=n/a alg_smoothed_derivative=n/a guidance_stop_epoch=58 train_acc=82.91% val_acc=71.52% best=72.13% lr=0.000113384 time=12.9s avg_epoch=18.9s est_planned=31m 26s elapsed=22m 23s
[OURS][071/100] loss=0.7200 ce=0.7200 align=0.0000 fuse=0.0000 feature=0.0000 beta=0.0000 guidance_active_next=False alg_raw_derivative=n/a alg_smoothed_derivative=n/a guidance_stop_epoch=58 train_acc=82.14% val_acc=71.54% best=72.13% lr=0.000107023 time=13.1s avg_epoch=18.8s est_planned=31m 18s elapsed=22m 36s
[OURS][072/100] loss=0.6883 ce=0.6883 align=0.0000 fuse=0.0000 feature=0.0000 beta=0.0000 guidance_active_next=False alg_raw_derivative=n/a alg_smoothed_derivative=n/a guidance_stop_epoch=58 train_acc=82.91% val_acc=70.76% best=72.13% lr=0.000100806 time=14.5s avg_epoch=18.7s est_planned=31m 12s elapsed=22m 51s
[OURS][073/100] loss=0.6922 ce=0.6922 align=0.0000 fuse=0.0000 feature=0.0000 beta=0.0000 guidance_active_next=False alg_raw_derivative=n/a alg_smoothed_derivative=n/a guidance_stop_epoch=58 train_acc=83.47% val_acc=72.11% best=72.13% lr=9.47376e-05 time=13.3s avg_epoch=18.6s est_planned=31m 05s elapsed=23m 04s
[OURS][074/100] loss=0.6557 ce=0.6557 align=0.0000 fuse=0.0000 feature=0.0000 beta=0.0000 guidance_active_next=False alg_raw_derivative=n/a alg_smoothed_derivative=n/a guidance_stop_epoch=58 train_acc=84.22% val_acc=72.44% best=72.44% lr=8.88253e-05 time=13.8s avg_epoch=18.6s est_planned=30m 58s elapsed=23m 18s saved_best
[OURS][075/100] loss=0.6669 ce=0.6669 align=0.0000 fuse=0.0000 feature=0.0000 beta=0.0000 guidance_active_next=False alg_raw_derivative=n/a alg_smoothed_derivative=n/a guidance_stop_epoch=58 train_acc=84.01% val_acc=71.94% best=72.44% lr=8.30746e-05 time=13.0s avg_epoch=18.5s est_planned=30m 51s elapsed=23m 32s
[OURS][076/100] loss=0.6852 ce=0.6852 align=0.0000 fuse=0.0000 feature=0.0000 beta=0.0000 guidance_active_next=False alg_raw_derivative=n/a alg_smoothed_derivative=n/a guidance_stop_epoch=58 train_acc=83.50% val_acc=71.45% best=72.44% lr=7.74911e-05 time=13.2s avg_epoch=18.4s est_planned=30m 44s elapsed=23m 45s
[OURS][077/100] loss=0.6341 ce=0.6341 align=0.0000 fuse=0.0000 feature=0.0000 beta=0.0000 guidance_active_next=False alg_raw_derivative=n/a alg_smoothed_derivative=n/a guidance_stop_epoch=58 train_acc=84.34% val_acc=72.11% best=72.44% lr=7.20803e-05 time=14.0s avg_epoch=18.4s est_planned=30m 38s elapsed=23m 59s
[OURS][078/100] loss=0.6371 ce=0.6371 align=0.0000 fuse=0.0000 feature=0.0000 beta=0.0000 guidance_active_next=False alg_raw_derivative=n/a alg_smoothed_derivative=n/a guidance_stop_epoch=58 train_acc=84.54% val_acc=72.14% best=72.44% lr=6.68475e-05 time=13.8s avg_epoch=18.3s est_planned=30m 32s elapsed=24m 13s
[OURS][079/100] loss=0.6391 ce=0.6391 align=0.0000 fuse=0.0000 feature=0.0000 beta=0.0000 guidance_active_next=False alg_raw_derivative=n/a alg_smoothed_derivative=n/a guidance_stop_epoch=58 train_acc=84.73% val_acc=72.58% best=72.58% lr=6.1798e-05 time=14.1s avg_epoch=18.3s est_planned=30m 27s elapsed=24m 28s saved_best
[OURS][080/100] loss=0.6384 ce=0.6384 align=0.0000 fuse=0.0000 feature=0.0000 beta=0.0000 guidance_active_next=False alg_raw_derivative=n/a alg_smoothed_derivative=n/a guidance_stop_epoch=58 train_acc=84.95% val_acc=72.21% best=72.58% lr=5.69366e-05 time=13.6s avg_epoch=18.2s est_planned=30m 21s elapsed=24m 42s
[OURS][081/100] loss=0.6541 ce=0.6541 align=0.0000 fuse=0.0000 feature=0.0000 beta=0.0000 guidance_active_next=False alg_raw_derivative=n/a alg_smoothed_derivative=n/a guidance_stop_epoch=58 train_acc=83.82% val_acc=72.63% best=72.63% lr=5.22683e-05 time=14.2s avg_epoch=18.2s est_planned=30m 16s elapsed=24m 56s saved_best
[OURS][082/100] loss=0.6204 ce=0.6204 align=0.0000 fuse=0.0000 feature=0.0000 beta=0.0000 guidance_active_next=False alg_raw_derivative=n/a alg_smoothed_derivative=n/a guidance_stop_epoch=58 train_acc=85.10% val_acc=72.54% best=72.63% lr=4.77976e-05 time=14.4s avg_epoch=18.1s est_planned=30m 11s elapsed=25m 11s
[OURS][083/100] loss=0.6147 ce=0.6147 align=0.0000 fuse=0.0000 feature=0.0000 beta=0.0000 guidance_active_next=False alg_raw_derivative=n/a alg_smoothed_derivative=n/a guidance_stop_epoch=58 train_acc=85.45% val_acc=72.37% best=72.63% lr=4.35288e-05 time=13.4s avg_epoch=18.1s est_planned=30m 06s elapsed=25m 25s
[OURS][084/100] loss=0.5871 ce=0.5871 align=0.0000 fuse=0.0000 feature=0.0000 beta=0.0000 guidance_active_next=False alg_raw_derivative=n/a alg_smoothed_derivative=n/a guidance_stop_epoch=58 train_acc=85.53% val_acc=72.54% best=72.63% lr=3.94663e-05 time=14.0s avg_epoch=18.0s est_planned=30m 01s elapsed=25m 39s
[OURS][085/100] loss=0.5829 ce=0.5829 align=0.0000 fuse=0.0000 feature=0.0000 beta=0.0000 guidance_active_next=False alg_raw_derivative=n/a alg_smoothed_derivative=n/a guidance_stop_epoch=58 train_acc=85.84% val_acc=72.73% best=72.73% lr=3.56141e-05 time=14.3s avg_epoch=18.0s est_planned=29m 56s elapsed=25m 54s saved_best
[OURS][086/100] loss=0.5918 ce=0.5918 align=0.0000 fuse=0.0000 feature=0.0000 beta=0.0000 guidance_active_next=False alg_raw_derivative=n/a alg_smoothed_derivative=n/a guidance_stop_epoch=58 train_acc=85.11% val_acc=72.30% best=72.73% lr=3.19759e-05 time=13.9s avg_epoch=17.9s est_planned=29m 52s elapsed=26m 08s
[OURS][087/100] loss=0.6079 ce=0.6079 align=0.0000 fuse=0.0000 feature=0.0000 beta=0.0000 guidance_active_next=False alg_raw_derivative=n/a alg_smoothed_derivative=n/a guidance_stop_epoch=58 train_acc=85.30% val_acc=73.13% best=73.13% lr=2.85553e-05 time=14.7s avg_epoch=17.9s est_planned=29m 48s elapsed=26m 23s saved_best
[OURS][088/100] loss=0.5616 ce=0.5616 align=0.0000 fuse=0.0000 feature=0.0000 beta=0.0000 guidance_active_next=False alg_raw_derivative=n/a alg_smoothed_derivative=n/a guidance_stop_epoch=58 train_acc=86.24% val_acc=73.46% best=73.46% lr=2.53557e-05 time=14.3s avg_epoch=17.8s est_planned=29m 44s elapsed=26m 38s saved_best
[OURS][089/100] loss=0.5658 ce=0.5658 align=0.0000 fuse=0.0000 feature=0.0000 beta=0.0000 guidance_active_next=False alg_raw_derivative=n/a alg_smoothed_derivative=n/a guidance_stop_epoch=58 train_acc=86.34% val_acc=73.16% best=73.46% lr=2.23803e-05 time=12.5s avg_epoch=17.8s est_planned=29m 38s elapsed=26m 50s
[OURS][090/100] loss=0.5543 ce=0.5543 align=0.0000 fuse=0.0000 feature=0.0000 beta=0.0000 guidance_active_next=False alg_raw_derivative=n/a alg_smoothed_derivative=n/a guidance_stop_epoch=58 train_acc=86.46% val_acc=73.51% best=73.51% lr=1.9632e-05 time=14.5s avg_epoch=17.7s est_planned=29m 34s elapsed=27m 05s saved_best
[OURS][091/100] loss=0.5605 ce=0.5605 align=0.0000 fuse=0.0000 feature=0.0000 beta=0.0000 guidance_active_next=False alg_raw_derivative=n/a alg_smoothed_derivative=n/a guidance_stop_epoch=58 train_acc=86.54% val_acc=73.39% best=73.51% lr=1.71135e-05 time=14.7s avg_epoch=17.7s est_planned=29m 31s elapsed=27m 20s
[OURS][092/100] loss=0.5641 ce=0.5641 align=0.0000 fuse=0.0000 feature=0.0000 beta=0.0000 guidance_active_next=False alg_raw_derivative=n/a alg_smoothed_derivative=n/a guidance_stop_epoch=58 train_acc=86.16% val_acc=73.54% best=73.54% lr=1.48273e-05 time=14.1s avg_epoch=17.7s est_planned=29m 27s elapsed=27m 35s saved_best
[OURS][093/100] loss=0.5529 ce=0.5529 align=0.0000 fuse=0.0000 feature=0.0000 beta=0.0000 guidance_active_next=False alg_raw_derivative=n/a alg_smoothed_derivative=n/a guidance_stop_epoch=58 train_acc=86.56% val_acc=73.56% best=73.56% lr=1.27757e-05 time=14.2s avg_epoch=17.6s est_planned=29m 23s elapsed=27m 49s saved_best
[OURS][094/100] loss=0.5322 ce=0.5322 align=0.0000 fuse=0.0000 feature=0.0000 beta=0.0000 guidance_active_next=False alg_raw_derivative=n/a alg_smoothed_derivative=n/a guidance_stop_epoch=58 train_acc=87.28% val_acc=73.71% best=73.71% lr=1.09606e-05 time=13.8s avg_epoch=17.6s est_planned=29m 19s elapsed=28m 04s saved_best
[OURS][095/100] loss=0.5416 ce=0.5416 align=0.0000 fuse=0.0000 feature=0.0000 beta=0.0000 guidance_active_next=False alg_raw_derivative=n/a alg_smoothed_derivative=n/a guidance_stop_epoch=58 train_acc=86.96% val_acc=73.59% best=73.71% lr=9.38391e-06 time=13.1s avg_epoch=17.5s est_planned=29m 14s elapsed=28m 17s
[OURS][096/100] loss=0.5693 ce=0.5693 align=0.0000 fuse=0.0000 feature=0.0000 beta=0.0000 guidance_active_next=False alg_raw_derivative=n/a alg_smoothed_derivative=n/a guidance_stop_epoch=58 train_acc=86.36% val_acc=73.58% best=73.71% lr=8.04714e-06 time=14.6s avg_epoch=17.5s est_planned=29m 11s elapsed=28m 32s
[OURS][097/100] loss=0.5326 ce=0.5326 align=0.0000 fuse=0.0000 feature=0.0000 beta=0.0000 guidance_active_next=False alg_raw_derivative=n/a alg_smoothed_derivative=n/a guidance_stop_epoch=58 train_acc=87.11% val_acc=73.54% best=73.71% lr=6.95161e-06 time=14.7s avg_epoch=17.5s est_planned=29m 08s elapsed=28m 47s
[OURS][098/100] loss=0.5262 ce=0.5262 align=0.0000 fuse=0.0000 feature=0.0000 beta=0.0000 guidance_active_next=False alg_raw_derivative=n/a alg_smoothed_derivative=n/a guidance_stop_epoch=58 train_acc=87.38% val_acc=73.63% best=73.71% lr=6.09841e-06 time=15.0s avg_epoch=17.5s est_planned=29m 06s elapsed=29m 02s
[OURS][099/100] loss=0.5369 ce=0.5369 align=0.0000 fuse=0.0000 feature=0.0000 beta=0.0000 guidance_active_next=False alg_raw_derivative=n/a alg_smoothed_derivative=n/a guidance_stop_epoch=58 train_acc=87.23% val_acc=73.61% best=73.71% lr=5.48838e-06 time=14.0s avg_epoch=17.4s est_planned=29m 02s elapsed=29m 16s
[OURS][100/100] loss=0.5541 ce=0.5541 align=0.0000 fuse=0.0000 feature=0.0000 beta=0.0000 guidance_active_next=False alg_raw_derivative=n/a alg_smoothed_derivative=n/a guidance_stop_epoch=58 train_acc=86.74% val_acc=73.37% best=73.71% lr=5.12213e-06 time=14.2s avg_epoch=17.4s est_planned=28m 59s elapsed=29m 30s
========================================================================
[FINAL_RESULT] ours_best_top1=73.71% vanilla_top1=not_run gain_over_vanilla=not_available
[TIMING] avg_epoch=17.4s planned_epochs=100 estimated_total=28m 59s elapsed=29m 30s
[AGGREGATION_FINAL] stage1[b3=0.214,b2=0.213,b4=0.159] stage2[b4=0.178,b3=0.169,b5=0.141] stage3[b11=0.206,b8=0.151,b9=0.107]
[BETA_FINAL] schedule=alg stop_epoch=58 guided_epochs=58 ce_only_epochs=42 full_history_saved_in=summary.json
[FINAL_RESULT] best_checkpoint=/app/output/cub200_full_transfer_all_100ep_full_seed1/OursB64/full_transfer/ours_cub200_both_imagenet_pretrained_b64_100ep_seed1/student_best.pt
[FINAL_RESULT] latest_checkpoint=/app/output/cub200_full_transfer_all_100ep_full_seed1/OursB64/full_transfer/ours_cub200_both_imagenet_pretrained_b64_100ep_seed1/student_latest.pt
[FINAL_RESULT] summary=/app/output/cub200_full_transfer_all_100ep_full_seed1/OursB64/full_transfer/ours_cub200_both_imagenet_pretrained_b64_100ep_seed1/summary.json
[DONE] Ours training completed successfully; resources may be released.
[STUDENT_IDENTITY_CHECK][OursB64] status=PASS pretrained=True input=224 batch=64
[COMMAND][OursB128] /usr/bin/python methods/Ours/cub200_resnet50_deit_ti_224_pretrained/train.py --data-dir data/cub200 --teacher-root /app/output/cub200_full_transfer_all_100ep_full_seed1/teacher_resnet50_224_imagenet1k_v2/teacher_cub200_resnet50_224_imagenet1k_v2_200ep_seed1 --output-dir /app/output/cub200_full_transfer_all_100ep_full_seed1/OursB128/full_transfer --run-name ours_cub200_both_imagenet_pretrained_b128_100ep_seed1 --num-workers 4 --student-epochs 100 --batch-size 128
[BOOT] Python process started: /usr/bin/python
========================================================================
OURS / TEACHER-224 -> DEIT-TI
========================================================================
[ENV] python=3.10.12 torch=2.11.0+cu130 timm=1.0.27 torchvision=0.26.0+cu130
[ENV] cuda_available=True cuda_device_count=1
[ENV] gpu_name=NVIDIA H200 NVL
[ENV] gpu_memory_gib=139.80
[ENV] device=cuda amp=False seed=1
[PATH] data_dir=/app/scratch/input/bapedragon_523/data/cub200
[PATH] teacher_root=/app/output/cub200_full_transfer_all_100ep_full_seed1/teacher_resnet50_224_imagenet1k_v2/teacher_cub200_resnet50_224_imagenet1k_v2_200ep_seed1
[PATH] run_dir=/app/output/cub200_full_transfer_all_100ep_full_seed1/OursB128/full_transfer/ours_cub200_both_imagenet_pretrained_b128_100ep_seed1
[MODE] smoke=False timing_run=False student_epochs=100 planned_epochs=100
[PROTOCOL] name=cub200_deit_ti_ours_resnet50_224_both_imagenet_pretrained_v1 optimizer=AdamW lr=0.0005 min_lr=5e-06 weight_decay=0.05 warmup=20 cosine batch=128 image=224 label_smoothing=0.0 drop_path=0.1 student_pretrained=True student_pretrained_source=timm/deit_tiny_patch16_224.fb_in1k base=lg_official
[ALG_BASE] eval_batch=200 warmup_factor=0.001 fp32=True color_jitter=0.4 auto_augment=rand-m9-mstd0.5-inc1 random_erasing=0.25/pixel/1 interpolation=bicubic normalization=ImageNet drop_last_train=True
[INPUT] shared_geometry=True student=224x224(cub200 norm) teacher=student_view_to_224x224(ImageNet norm) eval_resize=direct
[OURS] loss=CE+beta(e)*(lambda*L_fuse+(1-lambda)*L_align) beta_on=2.5 lambda=0.5
[OURS] student_blocks=all_12 aggregation=learnable_uniform_init teacher_stages=1/2/3 teacher_input=224 student_grid=14x14 stage_grid=larger projection=1x1 deform_kernel=5 qkv_kernel=1 heads=4
[BETA] schedule=researcher_exact beta_on=2.5 metric=L_feature_combined threshold=-0.02 smoothing_window=50 controller_warm_up=20 stop_condition=smoothed_derivative>threshold epoch_numbering=one_based_adapter
[BETA] Researcher implementation: record epoch-average complete guidance loss, do not stop before warm-up, then permanently switch to CE-only when the smoothed derivative is strictly above tau.
[SOURCE] provided_snippet_sha256=8649078970b93d750a956994611b65cdec0c24f907d35d86f29d635e8a3b8624
[REPRO_STATUS] Paper-confirmed: default lambda=0.5; active lambda=0.5, ALG beta=2.5, tau=-0.02 and 50-epoch smoothing, all-block aggregation, 1x1 projection/QKV, bilinear grid alignment, 5x5 deformable attention, and frozen teacher. Active grid policy=supplied-source larger-grid policy.
[REPRO_STATUS] Researcher-synchronized choices: the complete 0.5*L_fuse+0.5*L_align guidance loss drives the controller; the controller has a 20-epoch stop warm-up and no descent-first guard. Attention heads/reduction/loss reduction follow the supplied source.
[DATA] CUB-200-2011 root=/app/scratch/input/bapedragon_523/data/cub200/CUB_200_2011
[DATA] train_samples=5994 test_samples=5794
[DATA] student_image=224 teacher_image=224 train_batch=128 eval_batch=200 num_workers=4 drop_last_train=True smoke=False split=train:official_train eval:official_test eval_interpolation=bicubic
Warning: You are sending unauthenticated requests to the HF Hub. Please set a HF_TOKEN to enable higher rate limits and faster downloads.
[TEACHER] selected=best epoch=161 top1=84.10% sha256=80f46b08ea2b2c5398c951268b937f3be0abe47f08bf7617e6dcd4e49a4db82b
[TEACHER_NATIVE_AUDIT] checkpoint_top1=84.10% native_direct_224px_top1=84.10% gap=+0.00pp
[TEACHER_SHARED_VIEW] resize_224_to_224px_top1=80.58% gap_to_native_checkpoint=-3.52pp diagnostic_only=True feature_path=source_faithful
[MODEL] teacher_params=23,917,832 student=deit_tiny_patch16_224 student_params=5,563,016 ours_trainable_params=23,425,933
[FEATURE_CHECK] teacher_raw=[(2, 512, 28, 28), (2, 1024, 14, 14), (2, 2048, 7, 7)] student_blocks=12x(2, 192, 14, 14) stage_targets=[(2, 512, 28, 28), (2, 1024, 14, 14), (2, 2048, 14, 14)] aligned=[(2, 512, 28, 28), (2, 1024, 14, 14), (2, 2048, 14, 14)] fused=[(2, 512, 28, 28), (2, 1024, 14, 14), (2, 2048, 14, 14)] probe_align=1.9569 probe_fuse=1.5505
[AGGREGATION_INIT] stage1[b9=0.083,b7=0.083,b8=0.083] stage2[b9=0.083,b7=0.083,b8=0.083] stage3[b9=0.083,b7=0.083,b8=0.083]
[STUDENT] optimizer=adamw lr=0.0005 weight_decay=0.05 epochs=100 effective_warmup=20
[OURS][001/100] loss=13.4163 ce=5.3790 align=3.3172 fuse=3.1127 feature=3.2149 beta=2.5000 guidance_active_next=True alg_raw_derivative=n/a alg_smoothed_derivative=n/a guidance_stop_epoch=None train_acc=0.54% val_acc=0.48% best=0.48% lr=5e-07 time=20.5s avg_epoch=20.5s est_planned=34m 05s elapsed=21s saved_best
[OURS][002/100] loss=12.6323 ce=5.3042 align=3.1478 fuse=2.7146 feature=2.9312 beta=2.5000 guidance_active_next=True alg_raw_derivative=-0.141859 alg_smoothed_derivative=n/a guidance_stop_epoch=None train_acc=0.80% val_acc=1.45% best=1.45% lr=2.5475e-05 time=19.2s avg_epoch=19.8s est_planned=33m 04s elapsed=40s saved_best
[OURS][003/100] loss=11.5249 ce=5.0925 align=3.0131 fuse=2.1329 feature=2.5730 beta=2.5000 guidance_active_next=True alg_raw_derivative=-0.166701 alg_smoothed_derivative=n/a guidance_stop_epoch=None train_acc=2.34% val_acc=6.52% best=6.52% lr=5.045e-05 time=20.1s avg_epoch=19.9s est_planned=33m 13s elapsed=1m 01s saved_best
[OURS][004/100] loss=10.5104 ce=4.6831 align=2.7960 fuse=1.8659 feature=2.3309 beta=2.5000 guidance_active_next=True alg_raw_derivative=-0.143866 alg_smoothed_derivative=n/a guidance_stop_epoch=None train_acc=7.56% val_acc=17.83% best=17.83% lr=7.5425e-05 time=19.3s avg_epoch=19.8s est_planned=32m 56s elapsed=1m 21s saved_best
[OURS][005/100] loss=9.5045 ce=4.2495 align=2.4817 fuse=1.7223 feature=2.1020 beta=2.5000 guidance_active_next=True alg_raw_derivative=-0.132102 alg_smoothed_derivative=n/a guidance_stop_epoch=None train_acc=14.72% val_acc=27.25% best=27.25% lr=0.0001004 time=19.9s avg_epoch=19.8s est_planned=32m 59s elapsed=1m 41s saved_best
[OURS][006/100] loss=8.7420 ce=3.8434 align=2.3228 fuse=1.5961 feature=1.9594 beta=2.5000 guidance_active_next=True alg_raw_derivative=-0.111829 alg_smoothed_derivative=n/a guidance_stop_epoch=None train_acc=21.33% val_acc=35.17% best=35.17% lr=0.000125375 time=20.0s avg_epoch=19.8s est_planned=33m 03s elapsed=2m 01s saved_best
[OURS][007/100] loss=8.1923 ce=3.4927 align=2.2589 fuse=1.5008 feature=1.8798 beta=2.5000 guidance_active_next=True alg_raw_derivative=-0.091252 alg_smoothed_derivative=n/a guidance_stop_epoch=None train_acc=28.06% val_acc=42.35% best=42.35% lr=0.00015035 time=19.9s avg_epoch=19.8s est_planned=33m 04s elapsed=2m 22s saved_best
[OURS][008/100] loss=7.7215 ce=3.2082 align=2.2086 fuse=1.4020 feature=1.8053 beta=2.5000 guidance_active_next=True alg_raw_derivative=-0.077754 alg_smoothed_derivative=n/a guidance_stop_epoch=None train_acc=32.34% val_acc=47.74% best=47.74% lr=0.000175325 time=19.9s avg_epoch=19.8s est_planned=33m 05s elapsed=2m 42s saved_best
[OURS][009/100] loss=7.3020 ce=2.8958 align=2.1904 fuse=1.3345 feature=1.7625 beta=2.5000 guidance_active_next=True alg_raw_derivative=-0.065236 alg_smoothed_derivative=n/a guidance_stop_epoch=None train_acc=38.18% val_acc=51.04% best=51.04% lr=0.0002003 time=20.0s avg_epoch=19.9s est_planned=33m 06s elapsed=3m 02s saved_best
[OURS][010/100] loss=6.9697 ce=2.6848 align=2.1516 fuse=1.2764 feature=1.7140 beta=2.5000 guidance_active_next=True alg_raw_derivative=-0.057036 alg_smoothed_derivative=n/a guidance_stop_epoch=None train_acc=41.49% val_acc=54.66% best=54.66% lr=0.000225275 time=19.2s avg_epoch=19.8s est_planned=33m 00s elapsed=3m 22s saved_best
[OURS][011/100] loss=6.6846 ce=2.5125 align=2.1200 fuse=1.2177 feature=1.6688 beta=2.5000 guidance_active_next=True alg_raw_derivative=-0.050769 alg_smoothed_derivative=n/a guidance_stop_epoch=None train_acc=43.65% val_acc=57.13% best=57.13% lr=0.00025025 time=18.8s avg_epoch=19.7s est_planned=32m 51s elapsed=3m 41s saved_best
[OURS][012/100] loss=6.3935 ce=2.3251 align=2.0891 fuse=1.1656 feature=1.6273 beta=2.5000 guidance_active_next=True alg_raw_derivative=-0.045767 alg_smoothed_derivative=n/a guidance_stop_epoch=None train_acc=47.61% val_acc=59.58% best=59.58% lr=0.000275225 time=19.1s avg_epoch=19.7s est_planned=32m 46s elapsed=4m 01s saved_best
[OURS][013/100] loss=6.2953 ce=2.2843 align=2.0797 fuse=1.1292 feature=1.6044 beta=2.5000 guidance_active_next=True alg_raw_derivative=-0.040488 alg_smoothed_derivative=n/a guidance_stop_epoch=None train_acc=47.49% val_acc=59.92% best=59.92% lr=0.0003002 time=19.1s avg_epoch=19.6s est_planned=32m 42s elapsed=4m 20s saved_best
[OURS][014/100] loss=6.0824 ce=2.1734 align=2.0456 fuse=1.0816 feature=1.5636 beta=2.5000 guidance_active_next=True alg_raw_derivative=-0.037617 alg_smoothed_derivative=n/a guidance_stop_epoch=None train_acc=49.81% val_acc=61.86% best=61.86% lr=0.000325175 time=19.7s avg_epoch=19.6s est_planned=32m 43s elapsed=4m 40s saved_best
[OURS][015/100] loss=5.9036 ce=2.0705 align=2.0273 fuse=1.0393 feature=1.5333 beta=2.5000 guidance_active_next=True alg_raw_derivative=-0.034627 alg_smoothed_derivative=n/a guidance_stop_epoch=None train_acc=51.48% val_acc=60.75% best=61.86% lr=0.00035015 time=20.0s avg_epoch=19.7s est_planned=32m 46s elapsed=5m 01s
[OURS][016/100] loss=5.8397 ce=2.0600 align=2.0110 fuse=1.0127 feature=1.5119 beta=2.5000 guidance_active_next=True alg_raw_derivative=-0.031635 alg_smoothed_derivative=n/a guidance_stop_epoch=None train_acc=51.26% val_acc=62.53% best=62.53% lr=0.000375125 time=19.4s avg_epoch=19.6s est_planned=32m 44s elapsed=5m 20s saved_best
[OURS][017/100] loss=5.6825 ce=1.9745 align=1.9955 fuse=0.9709 feature=1.4832 beta=2.5000 guidance_active_next=True alg_raw_derivative=-0.029600 alg_smoothed_derivative=n/a guidance_stop_epoch=None train_acc=52.11% val_acc=63.46% best=63.46% lr=0.0004001 time=19.2s avg_epoch=19.6s est_planned=32m 42s elapsed=5m 40s saved_best
[OURS][018/100] loss=5.6092 ce=1.9563 align=1.9815 fuse=0.9408 feature=1.4611 beta=2.5000 guidance_active_next=True alg_raw_derivative=-0.027537 alg_smoothed_derivative=n/a guidance_stop_epoch=None train_acc=52.60% val_acc=63.65% best=63.65% lr=0.000425075 time=20.2s avg_epoch=19.7s est_planned=32m 45s elapsed=6m 01s saved_best
[OURS][019/100] loss=5.4754 ce=1.8940 align=1.9588 fuse=0.9063 feature=1.4326 beta=2.5000 guidance_active_next=True alg_raw_derivative=-0.026142 alg_smoothed_derivative=n/a guidance_stop_epoch=None train_acc=54.35% val_acc=64.05% best=64.05% lr=0.00045005 time=20.2s avg_epoch=19.7s est_planned=32m 48s elapsed=6m 21s saved_best
[OURS][020/100] loss=5.4357 ce=1.8895 align=1.9562 fuse=0.8807 feature=1.4185 beta=2.5000 guidance_active_next=True alg_raw_derivative=-0.024233 alg_smoothed_derivative=-0.070319 guidance_stop_epoch=None train_acc=53.41% val_acc=63.32% best=64.05% lr=0.000475025 time=19.5s avg_epoch=19.7s est_planned=32m 48s elapsed=6m 41s
[OURS][021/100] loss=5.2787 ce=1.8020 align=1.9341 fuse=0.8472 feature=1.3907 beta=2.5000 guidance_active_next=True alg_raw_derivative=-0.023249 alg_smoothed_derivative=-0.067965 guidance_stop_epoch=None train_acc=56.28% val_acc=64.33% best=64.33% lr=0.000452732 time=19.4s avg_epoch=19.7s est_planned=32m 46s elapsed=7m 01s saved_best
[OURS][022/100] loss=5.1807 ce=1.7408 align=1.9272 fuse=0.8247 feature=1.3760 beta=2.5000 guidance_active_next=True alg_raw_derivative=-0.021804 alg_smoothed_derivative=-0.065767 guidance_stop_epoch=None train_acc=57.54% val_acc=64.15% best=64.33% lr=0.000448063 time=19.4s avg_epoch=19.7s est_planned=32m 45s elapsed=7m 21s
[OURS][023/100] loss=5.0540 ce=1.6854 align=1.9017 fuse=0.7932 feature=1.3474 beta=2.5000 guidance_active_next=True alg_raw_derivative=-0.021147 alg_smoothed_derivative=-0.063739 guidance_stop_epoch=None train_acc=58.81% val_acc=65.69% best=65.69% lr=0.000443202 time=19.6s avg_epoch=19.7s est_planned=32m 45s elapsed=7m 41s saved_best
[OURS][024/100] loss=4.9447 ce=1.6070 align=1.8959 fuse=0.7743 feature=1.3351 beta=2.5000 guidance_active_next=True alg_raw_derivative=-0.019900 alg_smoothed_derivative=-0.061833 guidance_stop_epoch=None train_acc=60.22% val_acc=68.42% best=68.42% lr=0.000438152 time=20.0s avg_epoch=19.7s est_planned=32m 47s elapsed=8m 01s saved_best
[OURS][025/100] loss=4.9117 ce=1.6212 align=1.8844 fuse=0.7480 feature=1.3162 beta=2.5000 guidance_active_next=True alg_raw_derivative=-0.019063 alg_smoothed_derivative=-0.060051 guidance_stop_epoch=None train_acc=60.39% val_acc=66.66% best=68.42% lr=0.00043292 time=19.2s avg_epoch=19.6s est_planned=32m 45s elapsed=8m 21s
[OURS][026/100] loss=4.8069 ce=1.5469 align=1.8798 fuse=0.7282 feature=1.3040 beta=2.5000 guidance_active_next=True alg_raw_derivative=-0.018066 alg_smoothed_derivative=-0.058371 guidance_stop_epoch=None train_acc=61.72% val_acc=67.95% best=68.42% lr=0.000427509 time=19.3s avg_epoch=19.6s est_planned=32m 44s elapsed=8m 40s
[OURS][027/100] loss=4.7053 ce=1.4957 align=1.8603 fuse=0.7075 feature=1.2839 beta=2.5000 guidance_active_next=True alg_raw_derivative=-0.017474 alg_smoothed_derivative=-0.056798 guidance_stop_epoch=None train_acc=63.32% val_acc=67.69% best=68.42% lr=0.000421925 time=19.9s avg_epoch=19.6s est_planned=32m 45s elapsed=9m 00s
[OURS][028/100] loss=4.7120 ce=1.5086 align=1.8637 fuse=0.6991 feature=1.2814 beta=2.5000 guidance_active_next=True alg_raw_derivative=-0.016314 alg_smoothed_derivative=-0.055299 guidance_stop_epoch=None train_acc=62.48% val_acc=69.23% best=69.23% lr=0.000416175 time=19.5s avg_epoch=19.6s est_planned=32m 44s elapsed=9m 20s saved_best
[OURS][029/100] loss=4.6275 ce=1.4675 align=1.8480 fuse=0.6801 feature=1.2640 beta=2.5000 guidance_active_next=True alg_raw_derivative=-0.015788 alg_smoothed_derivative=-0.053888 guidance_stop_epoch=None train_acc=63.37% val_acc=67.86% best=69.23% lr=0.000410262 time=19.8s avg_epoch=19.6s est_planned=32m 45s elapsed=9m 40s
[OURS][030/100] loss=4.5293 ce=1.3905 align=1.8442 fuse=0.6669 feature=1.2555 beta=2.5000 guidance_active_next=True alg_raw_derivative=-0.015018 alg_smoothed_derivative=-0.052547 guidance_stop_epoch=None train_acc=65.56% val_acc=68.71% best=69.23% lr=0.000404194 time=20.0s avg_epoch=19.7s est_planned=32m 46s elapsed=10m 00s
[OURS][031/100] loss=4.4830 ce=1.3720 align=1.8313 fuse=0.6575 feature=1.2444 beta=2.5000 guidance_active_next=True alg_raw_derivative=-0.014409 alg_smoothed_derivative=-0.051276 guidance_stop_epoch=None train_acc=65.64% val_acc=68.97% best=69.23% lr=0.000397977 time=20.0s avg_epoch=19.7s est_planned=32m 47s elapsed=10m 21s
[OURS][032/100] loss=4.4859 ce=1.3856 align=1.8285 fuse=0.6518 feature=1.2401 beta=2.5000 guidance_active_next=True alg_raw_derivative=-0.013641 alg_smoothed_derivative=-0.050062 guidance_stop_epoch=None train_acc=65.79% val_acc=68.66% best=69.23% lr=0.000391616 time=18.4s avg_epoch=19.6s est_planned=32m 43s elapsed=10m 39s
[OURS][033/100] loss=4.3907 ce=1.3283 align=1.8209 fuse=0.6290 feature=1.2250 beta=2.5000 guidance_active_next=True alg_raw_derivative=-0.013275 alg_smoothed_derivative=-0.048912 guidance_stop_epoch=None train_acc=67.24% val_acc=68.48% best=69.23% lr=0.000385117 time=19.9s avg_epoch=19.6s est_planned=32m 44s elapsed=10m 59s
[OURS][034/100] loss=4.3700 ce=1.3118 align=1.8154 fuse=0.6312 feature=1.2233 beta=2.5000 guidance_active_next=True alg_raw_derivative=-0.012542 alg_smoothed_derivative=-0.047810 guidance_stop_epoch=None train_acc=67.09% val_acc=69.62% best=69.62% lr=0.000378488 time=19.3s avg_epoch=19.6s est_planned=32m 42s elapsed=11m 19s saved_best
[OURS][035/100] loss=4.2824 ce=1.2549 align=1.8084 fuse=0.6136 feature=1.2110 beta=2.5000 guidance_active_next=True alg_raw_derivative=-0.012177 alg_smoothed_derivative=-0.046762 guidance_stop_epoch=None train_acc=68.65% val_acc=69.24% best=69.62% lr=0.000371734 time=19.5s avg_epoch=19.6s est_planned=32m 42s elapsed=11m 39s
[OURS][036/100] loss=4.2747 ce=1.2619 align=1.8057 fuse=0.6045 feature=1.2051 beta=2.5000 guidance_active_next=True alg_raw_derivative=-0.011665 alg_smoothed_derivative=-0.045760 guidance_stop_epoch=None train_acc=68.95% val_acc=69.81% best=69.81% lr=0.000364863 time=19.9s avg_epoch=19.6s est_planned=32m 43s elapsed=11m 59s saved_best
[OURS][037/100] loss=4.1963 ce=1.2138 align=1.7933 fuse=0.5927 feature=1.1930 beta=2.5000 guidance_active_next=True alg_raw_derivative=-0.011362 alg_smoothed_derivative=-0.044804 guidance_stop_epoch=None train_acc=69.92% val_acc=69.42% best=69.81% lr=0.00035788 time=20.1s avg_epoch=19.6s est_planned=32m 44s elapsed=12m 19s
[OURS][038/100] loss=4.2178 ce=1.2290 align=1.7920 fuse=0.5991 feature=1.1955 beta=2.5000 guidance_active_next=True alg_raw_derivative=-0.010696 alg_smoothed_derivative=-0.043882 guidance_stop_epoch=None train_acc=69.34% val_acc=70.25% best=70.25% lr=0.000350794 time=19.4s avg_epoch=19.6s est_planned=32m 43s elapsed=12m 39s saved_best
[OURS][039/100] loss=4.0964 ce=1.1353 align=1.7848 fuse=0.5841 feature=1.1844 beta=2.5000 guidance_active_next=True alg_raw_derivative=-0.010432 alg_smoothed_derivative=-0.043002 guidance_stop_epoch=None train_acc=72.11% val_acc=71.44% best=71.44% lr=0.000343611 time=19.1s avg_epoch=19.6s est_planned=32m 42s elapsed=12m 59s saved_best
[OURS][040/100] loss=4.0905 ce=1.1476 align=1.7806 fuse=0.5737 feature=1.1772 beta=2.5000 guidance_active_next=True alg_raw_derivative=-0.010092 alg_smoothed_derivative=-0.042158 guidance_stop_epoch=None train_acc=70.92% val_acc=71.88% best=71.88% lr=0.000336338 time=20.1s avg_epoch=19.6s est_planned=32m 43s elapsed=13m 19s saved_best
[OURS][041/100] loss=4.0647 ce=1.1359 align=1.7762 fuse=0.5668 feature=1.1715 beta=2.5000 guidance_active_next=True alg_raw_derivative=-0.009739 alg_smoothed_derivative=-0.041348 guidance_stop_epoch=None train_acc=71.88% val_acc=70.83% best=71.88% lr=0.000328982 time=19.4s avg_epoch=19.6s est_planned=32m 42s elapsed=13m 39s
[OURS][042/100] loss=4.0258 ce=1.1156 align=1.7658 fuse=0.5624 feature=1.1641 beta=2.5000 guidance_active_next=True alg_raw_derivative=-0.009451 alg_smoothed_derivative=-0.040570 guidance_stop_epoch=None train_acc=72.10% val_acc=71.18% best=71.88% lr=0.00032155 time=19.3s avg_epoch=19.6s est_planned=32m 42s elapsed=13m 58s
[OURS][043/100] loss=4.0054 ce=1.1042 align=1.7648 fuse=0.5562 feature=1.1605 beta=2.5000 guidance_active_next=True alg_raw_derivative=-0.009095 alg_smoothed_derivative=-0.039820 guidance_stop_epoch=None train_acc=72.55% val_acc=70.61% best=71.88% lr=0.000314051 time=19.4s avg_epoch=19.6s est_planned=32m 41s elapsed=14m 18s
[OURS][044/100] loss=4.0179 ce=1.1139 align=1.7720 fuse=0.5512 feature=1.1616 beta=2.5000 guidance_active_next=True alg_raw_derivative=-0.008657 alg_smoothed_derivative=-0.039096 guidance_stop_epoch=None train_acc=72.30% val_acc=70.12% best=71.88% lr=0.00030649 time=19.3s avg_epoch=19.6s est_planned=32m 40s elapsed=14m 37s
[OURS][045/100] loss=3.9548 ce=1.0746 align=1.7595 fuse=0.5446 feature=1.1521 beta=2.5000 guidance_active_next=True alg_raw_derivative=-0.008484 alg_smoothed_derivative=-0.038400 guidance_stop_epoch=None train_acc=73.35% val_acc=70.92% best=71.88% lr=0.000298877 time=19.8s avg_epoch=19.6s est_planned=32m 41s elapsed=14m 57s
[OURS][046/100] loss=3.9186 ce=1.0485 align=1.7573 fuse=0.5388 feature=1.1481 beta=2.5000 guidance_active_next=True alg_raw_derivative=-0.008202 alg_smoothed_derivative=-0.037729 guidance_stop_epoch=None train_acc=73.98% val_acc=70.94% best=71.88% lr=0.000291218 time=19.3s avg_epoch=19.6s est_planned=32m 40s elapsed=15m 17s
[OURS][047/100] loss=3.8699 ce=1.0192 align=1.7472 fuse=0.5334 feature=1.1403 beta=2.5000 guidance_active_next=True alg_raw_derivative=-0.008019 alg_smoothed_derivative=-0.037083 guidance_stop_epoch=None train_acc=74.58% val_acc=71.00% best=71.88% lr=0.00028352 time=19.4s avg_epoch=19.6s est_planned=32m 40s elapsed=15m 36s
[OURS][048/100] loss=3.9061 ce=1.0496 align=1.7536 fuse=0.5315 feature=1.1426 beta=2.5000 guidance_active_next=True alg_raw_derivative=-0.007637 alg_smoothed_derivative=-0.036456 guidance_stop_epoch=None train_acc=74.64% val_acc=71.07% best=71.88% lr=0.000275792 time=19.5s avg_epoch=19.6s est_planned=32m 39s elapsed=15m 56s
[OURS][049/100] loss=3.7897 ce=0.9618 align=1.7415 fuse=0.5208 feature=1.1312 beta=2.5000 guidance_active_next=True alg_raw_derivative=-0.007558 alg_smoothed_derivative=-0.035854 guidance_stop_epoch=None train_acc=76.63% val_acc=71.37% best=71.88% lr=0.000268041 time=19.3s avg_epoch=19.6s est_planned=32m 39s elapsed=16m 16s
[OURS][050/100] loss=3.8146 ce=0.9742 align=1.7421 fuse=0.5301 feature=1.1361 beta=2.5000 guidance_active_next=True alg_raw_derivative=-0.007156 alg_smoothed_derivative=-0.035269 guidance_stop_epoch=None train_acc=75.73% val_acc=71.28% best=71.88% lr=0.000260274 time=19.3s avg_epoch=19.6s est_planned=32m 38s elapsed=16m 35s
[OURS][051/100] loss=3.7674 ce=0.9585 align=1.7310 fuse=0.5161 feature=1.1236 beta=2.5000 guidance_active_next=True alg_raw_derivative=-0.041827 alg_smoothed_derivative=-0.035400 guidance_stop_epoch=None train_acc=77.12% val_acc=70.90% best=71.88% lr=0.0002525 time=19.3s avg_epoch=19.6s est_planned=32m 38s elapsed=16m 55s
[OURS][052/100] loss=3.7474 ce=0.9557 align=1.7254 fuse=0.5080 feature=1.1167 beta=2.5000 guidance_active_next=True alg_raw_derivative=-0.036291 alg_smoothed_derivative=-0.033288 guidance_stop_epoch=None train_acc=75.88% val_acc=71.44% best=71.88% lr=0.000244726 time=19.0s avg_epoch=19.6s est_planned=32m 37s elapsed=17m 14s
[OURS][053/100] loss=3.7356 ce=0.9412 align=1.7296 fuse=0.5059 feature=1.1178 beta=2.5000 guidance_active_next=True alg_raw_derivative=-0.029104 alg_smoothed_derivative=-0.030536 guidance_stop_epoch=None train_acc=76.58% val_acc=71.85% best=71.88% lr=0.000236959 time=19.8s avg_epoch=19.6s est_planned=32m 37s elapsed=17m 34s
[OURS][054/100] loss=3.6685 ce=0.8868 align=1.7208 fuse=0.5046 feature=1.1127 beta=2.5000 guidance_active_next=True alg_raw_derivative=-0.024365 alg_smoothed_derivative=-0.028146 guidance_stop_epoch=None train_acc=78.19% val_acc=72.30% best=72.30% lr=0.000229208 time=20.0s avg_epoch=19.6s est_planned=32m 38s elapsed=17m 54s saved_best
[OURS][055/100] loss=3.6758 ce=0.8979 align=1.7235 fuse=0.4987 feature=1.1111 beta=2.5000 guidance_active_next=True alg_raw_derivative=-0.019817 alg_smoothed_derivative=-0.025901 guidance_stop_epoch=None train_acc=77.80% val_acc=71.69% best=72.30% lr=0.00022148 time=19.8s avg_epoch=19.6s est_planned=32m 38s elapsed=18m 14s
[OURS][056/100] loss=3.6345 ce=0.8711 align=1.7179 fuse=0.4929 feature=1.1054 beta=2.5000 guidance_active_next=True alg_raw_derivative=-0.017081 alg_smoothed_derivative=-0.024006 guidance_stop_epoch=None train_acc=78.67% val_acc=73.01% best=73.01% lr=0.000213782 time=19.5s avg_epoch=19.6s est_planned=32m 38s elapsed=18m 34s saved_best
[OURS][057/100] loss=3.6460 ce=0.8872 align=1.7154 fuse=0.4917 feature=1.1036 beta=2.5000 guidance_active_next=True alg_raw_derivative=-0.015525 alg_smoothed_derivative=-0.022491 guidance_stop_epoch=None train_acc=78.14% val_acc=73.30% best=73.30% lr=0.000206123 time=19.8s avg_epoch=19.6s est_planned=32m 38s elapsed=18m 54s saved_best
[OURS][058/100] loss=3.6307 ce=0.8705 align=1.7157 fuse=0.4924 feature=1.1041 beta=2.5000 guidance_active_next=True alg_raw_derivative=-0.014025 alg_smoothed_derivative=-0.021217 guidance_stop_epoch=None train_acc=78.72% val_acc=72.68% best=73.30% lr=0.00019851 time=20.1s avg_epoch=19.6s est_planned=32m 39s elapsed=19m 15s
[OURS][059/100] loss=3.5420 ce=0.8055 align=1.7067 fuse=0.4825 feature=1.0946 beta=2.5000 guidance_active_next=True alg_raw_derivative=-0.013357 alg_smoothed_derivative=-0.020179 guidance_stop_epoch=None train_acc=80.25% val_acc=72.95% best=73.30% lr=0.000190949 time=19.2s avg_epoch=19.6s est_planned=32m 39s elapsed=19m 34s
[BETA_TRANSITION] guidance disabled after epoch=60 L_feature=1.090289 raw_derivative=-0.012474 smoothed_derivative=-0.019288 threshold=-0.02; subsequent epochs are CE-only.
[OURS][060/100] loss=3.5759 ce=0.8502 align=1.6996 fuse=0.4809 feature=1.0903 beta=2.5000 guidance_active_next=False alg_raw_derivative=-0.012474 alg_smoothed_derivative=-0.019288 guidance_stop_epoch=60 train_acc=78.67% val_acc=72.44% best=73.30% lr=0.00018345 time=19.8s avg_epoch=19.6s est_planned=32m 39s elapsed=19m 54s
[OURS][061/100] loss=0.8070 ce=0.8070 align=0.0000 fuse=0.0000 feature=0.0000 beta=0.0000 guidance_active_next=False alg_raw_derivative=n/a alg_smoothed_derivative=n/a guidance_stop_epoch=60 train_acc=80.15% val_acc=72.68% best=73.30% lr=0.000176018 time=14.3s avg_epoch=19.5s est_planned=32m 30s elapsed=20m 09s
[OURS][062/100] loss=0.8382 ce=0.8382 align=0.0000 fuse=0.0000 feature=0.0000 beta=0.0000 guidance_active_next=False alg_raw_derivative=n/a alg_smoothed_derivative=n/a guidance_stop_epoch=60 train_acc=79.38% val_acc=72.90% best=73.30% lr=0.000168662 time=15.0s avg_epoch=19.4s est_planned=32m 23s elapsed=20m 24s
[OURS][063/100] loss=0.7987 ce=0.7987 align=0.0000 fuse=0.0000 feature=0.0000 beta=0.0000 guidance_active_next=False alg_raw_derivative=n/a alg_smoothed_derivative=n/a guidance_stop_epoch=60 train_acc=80.40% val_acc=73.02% best=73.30% lr=0.000161389 time=14.3s avg_epoch=19.3s est_planned=32m 15s elapsed=20m 38s
[OURS][064/100] loss=0.8202 ce=0.8202 align=0.0000 fuse=0.0000 feature=0.0000 beta=0.0000 guidance_active_next=False alg_raw_derivative=n/a alg_smoothed_derivative=n/a guidance_stop_epoch=60 train_acc=80.08% val_acc=73.08% best=73.30% lr=0.000154206 time=15.0s avg_epoch=19.3s est_planned=32m 08s elapsed=20m 54s
[OURS][065/100] loss=0.7661 ce=0.7661 align=0.0000 fuse=0.0000 feature=0.0000 beta=0.0000 guidance_active_next=False alg_raw_derivative=n/a alg_smoothed_derivative=n/a guidance_stop_epoch=60 train_acc=81.22% val_acc=73.42% best=73.42% lr=0.00014712 time=14.7s avg_epoch=19.2s est_planned=32m 01s elapsed=21m 09s saved_best
[OURS][066/100] loss=0.7640 ce=0.7640 align=0.0000 fuse=0.0000 feature=0.0000 beta=0.0000 guidance_active_next=False alg_raw_derivative=n/a alg_smoothed_derivative=n/a guidance_stop_epoch=60 train_acc=81.54% val_acc=72.87% best=73.42% lr=0.000140137 time=11.8s avg_epoch=19.1s est_planned=31m 50s elapsed=21m 21s
[OURS][067/100] loss=0.7289 ce=0.7289 align=0.0000 fuse=0.0000 feature=0.0000 beta=0.0000 guidance_active_next=False alg_raw_derivative=n/a alg_smoothed_derivative=n/a guidance_stop_epoch=60 train_acc=81.88% val_acc=73.11% best=73.42% lr=0.000133266 time=13.2s avg_epoch=19.0s est_planned=31m 41s elapsed=21m 34s
[OURS][068/100] loss=0.7494 ce=0.7494 align=0.0000 fuse=0.0000 feature=0.0000 beta=0.0000 guidance_active_next=False alg_raw_derivative=n/a alg_smoothed_derivative=n/a guidance_stop_epoch=60 train_acc=82.07% val_acc=73.46% best=73.46% lr=0.000126512 time=13.5s avg_epoch=18.9s est_planned=31m 33s elapsed=21m 48s saved_best
[OURS][069/100] loss=0.7183 ce=0.7183 align=0.0000 fuse=0.0000 feature=0.0000 beta=0.0000 guidance_active_next=False alg_raw_derivative=n/a alg_smoothed_derivative=n/a guidance_stop_epoch=60 train_acc=82.30% val_acc=72.82% best=73.46% lr=0.000119883 time=14.7s avg_epoch=18.9s est_planned=31m 27s elapsed=22m 03s
[OURS][070/100] loss=0.7258 ce=0.7258 align=0.0000 fuse=0.0000 feature=0.0000 beta=0.0000 guidance_active_next=False alg_raw_derivative=n/a alg_smoothed_derivative=n/a guidance_stop_epoch=60 train_acc=82.25% val_acc=73.42% best=73.46% lr=0.000113384 time=13.4s avg_epoch=18.8s est_planned=31m 19s elapsed=22m 17s
[OURS][071/100] loss=0.7134 ce=0.7134 align=0.0000 fuse=0.0000 feature=0.0000 beta=0.0000 guidance_active_next=False alg_raw_derivative=n/a alg_smoothed_derivative=n/a guidance_stop_epoch=60 train_acc=83.02% val_acc=72.80% best=73.46% lr=0.000107023 time=13.5s avg_epoch=18.7s est_planned=31m 12s elapsed=22m 30s
[OURS][072/100] loss=0.7064 ce=0.7064 align=0.0000 fuse=0.0000 feature=0.0000 beta=0.0000 guidance_active_next=False alg_raw_derivative=n/a alg_smoothed_derivative=n/a guidance_stop_epoch=60 train_acc=82.74% val_acc=73.77% best=73.77% lr=0.000100806 time=11.5s avg_epoch=18.6s est_planned=31m 02s elapsed=22m 42s saved_best
[OURS][073/100] loss=0.6800 ce=0.6800 align=0.0000 fuse=0.0000 feature=0.0000 beta=0.0000 guidance_active_next=False alg_raw_derivative=n/a alg_smoothed_derivative=n/a guidance_stop_epoch=60 train_acc=83.75% val_acc=73.65% best=73.77% lr=9.47376e-05 time=12.7s avg_epoch=18.5s est_planned=30m 53s elapsed=22m 55s
[OURS][074/100] loss=0.6737 ce=0.6737 align=0.0000 fuse=0.0000 feature=0.0000 beta=0.0000 guidance_active_next=False alg_raw_derivative=n/a alg_smoothed_derivative=n/a guidance_stop_epoch=60 train_acc=83.56% val_acc=74.23% best=74.23% lr=8.88253e-05 time=14.4s avg_epoch=18.5s est_planned=30m 48s elapsed=23m 10s saved_best
[OURS][075/100] loss=0.6809 ce=0.6809 align=0.0000 fuse=0.0000 feature=0.0000 beta=0.0000 guidance_active_next=False alg_raw_derivative=n/a alg_smoothed_derivative=n/a guidance_stop_epoch=60 train_acc=83.63% val_acc=73.96% best=74.23% lr=8.30746e-05 time=14.0s avg_epoch=18.4s est_planned=30m 42s elapsed=23m 24s
[OURS][076/100] loss=0.6483 ce=0.6483 align=0.0000 fuse=0.0000 feature=0.0000 beta=0.0000 guidance_active_next=False alg_raw_derivative=n/a alg_smoothed_derivative=n/a guidance_stop_epoch=60 train_acc=84.34% val_acc=74.13% best=74.23% lr=7.74911e-05 time=12.4s avg_epoch=18.3s est_planned=30m 34s elapsed=23m 37s
[OURS][077/100] loss=0.6534 ce=0.6534 align=0.0000 fuse=0.0000 feature=0.0000 beta=0.0000 guidance_active_next=False alg_raw_derivative=n/a alg_smoothed_derivative=n/a guidance_stop_epoch=60 train_acc=84.60% val_acc=74.49% best=74.49% lr=7.20803e-05 time=13.0s avg_epoch=18.3s est_planned=30m 27s elapsed=23m 50s saved_best
[OURS][078/100] loss=0.6836 ce=0.6836 align=0.0000 fuse=0.0000 feature=0.0000 beta=0.0000 guidance_active_next=False alg_raw_derivative=n/a alg_smoothed_derivative=n/a guidance_stop_epoch=60 train_acc=83.44% val_acc=74.39% best=74.49% lr=6.68475e-05 time=12.6s avg_epoch=18.2s est_planned=30m 20s elapsed=24m 03s
[OURS][079/100] loss=0.6772 ce=0.6772 align=0.0000 fuse=0.0000 feature=0.0000 beta=0.0000 guidance_active_next=False alg_raw_derivative=n/a alg_smoothed_derivative=n/a guidance_stop_epoch=60 train_acc=84.09% val_acc=74.09% best=74.49% lr=6.1798e-05 time=14.4s avg_epoch=18.2s est_planned=30m 15s elapsed=24m 18s
[OURS][080/100] loss=0.6320 ce=0.6320 align=0.0000 fuse=0.0000 feature=0.0000 beta=0.0000 guidance_active_next=False alg_raw_derivative=n/a alg_smoothed_derivative=n/a guidance_stop_epoch=60 train_acc=84.61% val_acc=74.66% best=74.66% lr=5.69366e-05 time=13.6s avg_epoch=18.1s est_planned=30m 09s elapsed=24m 32s saved_best
[OURS][081/100] loss=0.6112 ce=0.6112 align=0.0000 fuse=0.0000 feature=0.0000 beta=0.0000 guidance_active_next=False alg_raw_derivative=n/a alg_smoothed_derivative=n/a guidance_stop_epoch=60 train_acc=85.19% val_acc=74.37% best=74.66% lr=5.22683e-05 time=11.7s avg_epoch=18.0s est_planned=30m 01s elapsed=24m 44s
[OURS][082/100] loss=0.6472 ce=0.6472 align=0.0000 fuse=0.0000 feature=0.0000 beta=0.0000 guidance_active_next=False alg_raw_derivative=n/a alg_smoothed_derivative=n/a guidance_stop_epoch=60 train_acc=84.58% val_acc=74.25% best=74.66% lr=4.77976e-05 time=12.9s avg_epoch=18.0s est_planned=29m 55s elapsed=24m 57s
[OURS][083/100] loss=0.6350 ce=0.6350 align=0.0000 fuse=0.0000 feature=0.0000 beta=0.0000 guidance_active_next=False alg_raw_derivative=n/a alg_smoothed_derivative=n/a guidance_stop_epoch=60 train_acc=84.71% val_acc=74.61% best=74.66% lr=4.35288e-05 time=13.6s avg_epoch=17.9s est_planned=29m 50s elapsed=25m 11s
[OURS][084/100] loss=0.6161 ce=0.6161 align=0.0000 fuse=0.0000 feature=0.0000 beta=0.0000 guidance_active_next=False alg_raw_derivative=n/a alg_smoothed_derivative=n/a guidance_stop_epoch=60 train_acc=84.87% val_acc=74.70% best=74.70% lr=3.94663e-05 time=13.5s avg_epoch=17.8s est_planned=29m 45s elapsed=25m 25s saved_best
[OURS][085/100] loss=0.6309 ce=0.6309 align=0.0000 fuse=0.0000 feature=0.0000 beta=0.0000 guidance_active_next=False alg_raw_derivative=n/a alg_smoothed_derivative=n/a guidance_stop_epoch=60 train_acc=84.88% val_acc=74.80% best=74.80% lr=3.56141e-05 time=13.5s avg_epoch=17.8s est_planned=29m 40s elapsed=25m 39s saved_best
[OURS][086/100] loss=0.5922 ce=0.5922 align=0.0000 fuse=0.0000 feature=0.0000 beta=0.0000 guidance_active_next=False alg_raw_derivative=n/a alg_smoothed_derivative=n/a guidance_stop_epoch=60 train_acc=85.85% val_acc=74.56% best=74.80% lr=3.19759e-05 time=13.1s avg_epoch=17.7s est_planned=29m 34s elapsed=25m 52s
[OURS][087/100] loss=0.6013 ce=0.6013 align=0.0000 fuse=0.0000 feature=0.0000 beta=0.0000 guidance_active_next=False alg_raw_derivative=n/a alg_smoothed_derivative=n/a guidance_stop_epoch=60 train_acc=85.84% val_acc=74.47% best=74.80% lr=2.85553e-05 time=13.4s avg_epoch=17.7s est_planned=29m 29s elapsed=26m 06s
[OURS][088/100] loss=0.5603 ce=0.5603 align=0.0000 fuse=0.0000 feature=0.0000 beta=0.0000 guidance_active_next=False alg_raw_derivative=n/a alg_smoothed_derivative=n/a guidance_stop_epoch=60 train_acc=86.40% val_acc=74.51% best=74.80% lr=2.53557e-05 time=13.7s avg_epoch=17.6s est_planned=29m 25s elapsed=26m 20s
[OURS][089/100] loss=0.5910 ce=0.5910 align=0.0000 fuse=0.0000 feature=0.0000 beta=0.0000 guidance_active_next=False alg_raw_derivative=n/a alg_smoothed_derivative=n/a guidance_stop_epoch=60 train_acc=85.84% val_acc=74.44% best=74.80% lr=2.23803e-05 time=14.3s avg_epoch=17.6s est_planned=29m 21s elapsed=26m 34s
[OURS][090/100] loss=0.6033 ce=0.6033 align=0.0000 fuse=0.0000 feature=0.0000 beta=0.0000 guidance_active_next=False alg_raw_derivative=n/a alg_smoothed_derivative=n/a guidance_stop_epoch=60 train_acc=85.14% val_acc=74.66% best=74.80% lr=1.9632e-05 time=13.4s avg_epoch=17.6s est_planned=29m 16s elapsed=26m 48s
[OURS][091/100] loss=0.5780 ce=0.5780 align=0.0000 fuse=0.0000 feature=0.0000 beta=0.0000 guidance_active_next=False alg_raw_derivative=n/a alg_smoothed_derivative=n/a guidance_stop_epoch=60 train_acc=86.26% val_acc=74.72% best=74.80% lr=1.71135e-05 time=13.3s avg_epoch=17.5s est_planned=29m 12s elapsed=27m 01s
[OURS][092/100] loss=0.5771 ce=0.5771 align=0.0000 fuse=0.0000 feature=0.0000 beta=0.0000 guidance_active_next=False alg_raw_derivative=n/a alg_smoothed_derivative=n/a guidance_stop_epoch=60 train_acc=86.33% val_acc=74.61% best=74.80% lr=1.48273e-05 time=13.5s avg_epoch=17.5s est_planned=29m 07s elapsed=27m 15s
[OURS][093/100] loss=0.5483 ce=0.5483 align=0.0000 fuse=0.0000 feature=0.0000 beta=0.0000 guidance_active_next=False alg_raw_derivative=n/a alg_smoothed_derivative=n/a guidance_stop_epoch=60 train_acc=86.46% val_acc=74.72% best=74.80% lr=1.27757e-05 time=13.7s avg_epoch=17.4s est_planned=29m 03s elapsed=27m 29s
[OURS][094/100] loss=0.5643 ce=0.5643 align=0.0000 fuse=0.0000 feature=0.0000 beta=0.0000 guidance_active_next=False alg_raw_derivative=n/a alg_smoothed_derivative=n/a guidance_stop_epoch=60 train_acc=86.24% val_acc=74.70% best=74.80% lr=1.09606e-05 time=12.9s avg_epoch=17.4s est_planned=28m 58s elapsed=27m 42s
[OURS][095/100] loss=0.5469 ce=0.5469 align=0.0000 fuse=0.0000 feature=0.0000 beta=0.0000 guidance_active_next=False alg_raw_derivative=n/a alg_smoothed_derivative=n/a guidance_stop_epoch=60 train_acc=86.77% val_acc=74.72% best=74.80% lr=9.38391e-06 time=14.2s avg_epoch=17.4s est_planned=28m 55s elapsed=27m 56s
[OURS][096/100] loss=0.5668 ce=0.5668 align=0.0000 fuse=0.0000 feature=0.0000 beta=0.0000 guidance_active_next=False alg_raw_derivative=n/a alg_smoothed_derivative=n/a guidance_stop_epoch=60 train_acc=86.55% val_acc=74.63% best=74.80% lr=8.04714e-06 time=14.4s avg_epoch=17.3s est_planned=28m 52s elapsed=28m 11s
[OURS][097/100] loss=0.5464 ce=0.5464 align=0.0000 fuse=0.0000 feature=0.0000 beta=0.0000 guidance_active_next=False alg_raw_derivative=n/a alg_smoothed_derivative=n/a guidance_stop_epoch=60 train_acc=86.55% val_acc=74.85% best=74.85% lr=6.95161e-06 time=13.8s avg_epoch=17.3s est_planned=28m 48s elapsed=28m 25s saved_best
[OURS][098/100] loss=0.5374 ce=0.5374 align=0.0000 fuse=0.0000 feature=0.0000 beta=0.0000 guidance_active_next=False alg_raw_derivative=n/a alg_smoothed_derivative=n/a guidance_stop_epoch=60 train_acc=87.09% val_acc=74.75% best=74.85% lr=6.09841e-06 time=13.1s avg_epoch=17.2s est_planned=28m 44s elapsed=28m 39s
[OURS][099/100] loss=0.5839 ce=0.5839 align=0.0000 fuse=0.0000 feature=0.0000 beta=0.0000 guidance_active_next=False alg_raw_derivative=n/a alg_smoothed_derivative=n/a guidance_stop_epoch=60 train_acc=86.38% val_acc=74.75% best=74.85% lr=5.48838e-06 time=14.4s avg_epoch=17.2s est_planned=28m 41s elapsed=28m 53s
[OURS][100/100] loss=0.5573 ce=0.5573 align=0.0000 fuse=0.0000 feature=0.0000 beta=0.0000 guidance_active_next=False alg_raw_derivative=n/a alg_smoothed_derivative=n/a guidance_stop_epoch=60 train_acc=87.01% val_acc=74.85% best=74.85% lr=5.12213e-06 time=14.3s avg_epoch=17.2s est_planned=28m 38s elapsed=29m 08s saved_best
========================================================================
[FINAL_RESULT] ours_best_top1=74.85% vanilla_top1=not_run gain_over_vanilla=not_available
[TIMING] avg_epoch=17.2s planned_epochs=100 estimated_total=28m 38s elapsed=29m 08s
[AGGREGATION_FINAL] stage1[b2=0.145,b3=0.143,b1=0.133] stage2[b4=0.129,b3=0.123,b5=0.121] stage3[b11=0.132,b8=0.131,b9=0.109]
[BETA_FINAL] schedule=alg stop_epoch=60 guided_epochs=60 ce_only_epochs=40 full_history_saved_in=summary.json
[FINAL_RESULT] best_checkpoint=/app/output/cub200_full_transfer_all_100ep_full_seed1/OursB128/full_transfer/ours_cub200_both_imagenet_pretrained_b128_100ep_seed1/student_best.pt
[FINAL_RESULT] latest_checkpoint=/app/output/cub200_full_transfer_all_100ep_full_seed1/OursB128/full_transfer/ours_cub200_both_imagenet_pretrained_b128_100ep_seed1/student_latest.pt
[FINAL_RESULT] summary=/app/output/cub200_full_transfer_all_100ep_full_seed1/OursB128/full_transfer/ours_cub200_both_imagenet_pretrained_b128_100ep_seed1/summary.json
[DONE] Ours training completed successfully; resources may be released.
[STUDENT_IDENTITY_CHECK][OursB128] status=PASS pretrained=True input=224 batch=128
========================================================================================================
[SEQUENCE_DONE_224_FULL_TRANSFER] completed_tasks=6/6
[POD_LIMIT_CHECK_224_FULL_TRANSFER] status=PASS estimated_minutes=172.2 limit_minutes=600 margin_minutes=427.8
[FINAL_RESULT_224_FULL_TRANSFER] sequence_status=/app/output/cub200_full_transfer_all_100ep_full_seed1/sequence_status.json
[FINAL_TOP1_SUMMARY_224_FULL_TRANSFER] Teacher=84.10% VanillaB128=73.06% LG=75.61% ALG=74.16% OursB64=73.71% OursB128=74.85%
