[BOOT] installing complete pinned Table-1 requirements; missing_or_mismatched=['timm', 'fvcore', 'iopath', 'yacs']
WARNING: Running pip as the 'root' user can result in broken permissions and conflicting behaviour with the system package manager, possibly rendering your system unusable. It is recommended to use a virtual environment instead: https://pip.pypa.io/warnings/venv. Use the --root-user-action option if you know what you are doing and want to suppress this warning.
[BOOT] complete pinned Table-1 requirements installed successfully
================================================================================================
TABLE-1 CUB-200: PIT-TI ALL FIVE SETTINGS
================================================================================================
[PROTOCOL_LOCK_TABLE1_CUB200_BACKBONE_ALL] student=PiT-Ti scratch input=224 epochs=300 order=VanillaB128,LG,ALG,OursB64,OursB128 teacher=Build543-ResNet56-scratch-32 guided_only=True seed=1 fp32=True
[FIXED_TEACHER_CHECK_TABLE1_CUB200] status=PASS build=543 epoch=275 top1=36.40% input=32 sha256=06f75192b1c108c89e480843cb4f72dfb28aa762d7b11e7ac327333dd54b51f5
[POD_LIMIT_CHECK_TABLE1_CUB200_BACKBONE_ALL] student=PiT-Ti limit=600m estimated=6h 05m 41s status=PASS
------------------------------------------------------------------------------------------------
[TASK_START] 1/5 PiT-Ti/Vanilla
[COMMAND][Vanilla] /usr/bin/python /app/scratch/input/bapedragon_553/methods/table1_cub200/train.py --full-run --student pit_ti --method vanilla --batch-size 128 --data-dir /app/output/table1_cub200_pit_all_full_seed1/data/cub200 --teacher-root /app/scratch/input/bapedragon_553/teachers/checkpoints/cub200_table1_resnet56_32 --output-dir /app/output/table1_cub200_pit_all_full_seed1/students --run-name table1_cub200_pit_ti_vanilla_b128_full_300ep_seed1 --num-workers 4
[BOOT] Python process started: /usr/bin/python
[BOOT] complete Table-1 runtime dependencies already available
/usr/local/lib/python3.10/dist-packages/timm/models/layers/__init__.py:49: FutureWarning: Importing from timm.models.layers is deprecated, please import via timm.layers
  warnings.warn(f"Importing from {__name__} is deprecated, please import via timm.layers", FutureWarning)
========================================================================================
CUB-200 TABLE-1 EXTENSION
========================================================================================
[TASK] student=PiT-Ti method=VANILLA batch=128 mode=full_300ep
[MODE] actual_epochs=300 planned_epochs=300
[PROTOCOL_LOCK] dataset=CUB-200-2011 split=5994/5794 teacher=ResNet56-scratch-32 student=scratch-224 epochs=300 AdamW=5e-4->5e-6 wd=0.05 warmup=20 seed=1 fp32=True
[SOURCE] official_lg_repo=https://github.com/lkhl/tiny-transformers commit=d2165f74049c906b0afc9f957491960fb3c0cc8b
[MODEL] params=4,641,672 feature_dims=(64, 64, 128, 128, 128, 128, 128, 128, 256, 256, 256, 256) selected_lg=(0, 6, 11)
[FEATURE_CHECK] student=((2, 64, 27, 27), (2, 64, 27, 27), (2, 128, 14, 14), (2, 128, 14, 14), (2, 128, 14, 14), (2, 128, 14, 14), (2, 128, 14, 14), (2, 128, 14, 14), (2, 256, 7, 7), (2, 256, 7, 7), (2, 256, 7, 7), (2, 256, 7, 7)) teacher=None guidance_probe=0.000000
[OPTIMIZER] contract=official_lg_no_decay_exclusions
[VANILLA:PiT-Ti][001/300] loss=5.4686 ce=5.4686 guidance=0.0000 beta=0.00 train_acc=0.49% test_acc=0.22% best=0.22% lr=5e-07 time=13.8s est_300=1h 08m 55s
[VANILLA:PiT-Ti][002/300] loss=5.3888 ce=5.3888 guidance=0.0000 beta=0.00 train_acc=0.39% test_acc=0.41% best=0.41% lr=2.5475e-05 time=13.2s est_300=1h 07m 28s
[VANILLA:PiT-Ti][003/300] loss=5.3268 ce=5.3268 guidance=0.0000 beta=0.00 train_acc=0.61% test_acc=0.76% best=0.76% lr=5.045e-05 time=11.8s est_300=1h 04m 34s
[VANILLA:PiT-Ti][004/300] loss=5.2931 ce=5.2931 guidance=0.0000 beta=0.00 train_acc=0.71% test_acc=1.16% best=1.16% lr=7.5425e-05 time=11.9s est_300=1h 03m 20s
[VANILLA:PiT-Ti][005/300] loss=5.2564 ce=5.2564 guidance=0.0000 beta=0.00 train_acc=0.73% test_acc=1.05% best=1.16% lr=0.0001004 time=13.1s est_300=1h 03m 48s
[VANILLA:PiT-Ti][006/300] loss=5.2314 ce=5.2314 guidance=0.0000 beta=0.00 train_acc=1.19% test_acc=1.29% best=1.29% lr=0.000125375 time=13.4s est_300=1h 04m 18s
[VANILLA:PiT-Ti][007/300] loss=5.2087 ce=5.2087 guidance=0.0000 beta=0.00 train_acc=1.32% test_acc=1.48% best=1.48% lr=0.00015035 time=12.3s est_300=1h 03m 55s
[VANILLA:PiT-Ti][008/300] loss=5.1892 ce=5.1892 guidance=0.0000 beta=0.00 train_acc=1.12% test_acc=1.85% best=1.85% lr=0.000175325 time=13.8s est_300=1h 04m 32s
[VANILLA:PiT-Ti][009/300] loss=5.1355 ce=5.1355 guidance=0.0000 beta=0.00 train_acc=1.29% test_acc=1.86% best=1.86% lr=0.0002003 time=13.3s est_300=1h 04m 43s
[VANILLA:PiT-Ti][010/300] loss=5.1163 ce=5.1163 guidance=0.0000 beta=0.00 train_acc=1.70% test_acc=2.11% best=2.11% lr=0.000225275 time=11.2s est_300=1h 03m 53s
[VANILLA:PiT-Ti][011/300] loss=5.0714 ce=5.0714 guidance=0.0000 beta=0.00 train_acc=1.80% test_acc=3.26% best=3.26% lr=0.00025025 time=12.4s est_300=1h 03m 41s
[VANILLA:PiT-Ti][012/300] loss=4.9918 ce=4.9918 guidance=0.0000 beta=0.00 train_acc=2.39% test_acc=3.81% best=3.81% lr=0.000275225 time=13.2s est_300=1h 03m 53s
[VANILLA:PiT-Ti][013/300] loss=4.9618 ce=4.9618 guidance=0.0000 beta=0.00 train_acc=2.89% test_acc=4.09% best=4.09% lr=0.0003002 time=13.0s est_300=1h 03m 59s
[VANILLA:PiT-Ti][014/300] loss=4.9107 ce=4.9107 guidance=0.0000 beta=0.00 train_acc=3.19% test_acc=5.20% best=5.20% lr=0.000325175 time=12.6s est_300=1h 03m 54s
[VANILLA:PiT-Ti][015/300] loss=4.8580 ce=4.8580 guidance=0.0000 beta=0.00 train_acc=3.28% test_acc=5.20% best=5.20% lr=0.00035015 time=12.6s est_300=1h 03m 50s
[VANILLA:PiT-Ti][016/300] loss=4.8213 ce=4.8213 guidance=0.0000 beta=0.00 train_acc=3.69% test_acc=5.40% best=5.40% lr=0.000375125 time=11.7s est_300=1h 03m 30s
[VANILLA:PiT-Ti][017/300] loss=4.7838 ce=4.7838 guidance=0.0000 beta=0.00 train_acc=4.06% test_acc=5.40% best=5.40% lr=0.0004001 time=12.4s est_300=1h 03m 25s
[VANILLA:PiT-Ti][018/300] loss=4.7720 ce=4.7720 guidance=0.0000 beta=0.00 train_acc=3.94% test_acc=5.76% best=5.76% lr=0.000425075 time=12.6s est_300=1h 03m 24s
[VANILLA:PiT-Ti][019/300] loss=4.7291 ce=4.7291 guidance=0.0000 beta=0.00 train_acc=4.59% test_acc=7.25% best=7.25% lr=0.00045005 time=12.9s est_300=1h 03m 27s
[VANILLA:PiT-Ti][020/300] loss=4.7312 ce=4.7312 guidance=0.0000 beta=0.00 train_acc=4.43% test_acc=6.45% best=7.25% lr=0.000475025 time=12.1s est_300=1h 03m 18s
[VANILLA:PiT-Ti][021/300] loss=4.6777 ce=4.6777 guidance=0.0000 beta=0.00 train_acc=5.26% test_acc=7.02% best=7.25% lr=0.00049459153 time=12.7s est_300=1h 03m 18s
[VANILLA:PiT-Ti][022/300] loss=4.6457 ce=4.6457 guidance=0.0000 beta=0.00 train_acc=5.18% test_acc=7.37% best=7.37% lr=0.0004940394 time=12.5s est_300=1h 03m 15s
[VANILLA:PiT-Ti][023/300] loss=4.6055 ce=4.6055 guidance=0.0000 beta=0.00 train_acc=5.67% test_acc=7.53% best=7.53% lr=0.00049346078 time=11.9s est_300=1h 03m 05s
[VANILLA:PiT-Ti][024/300] loss=4.5704 ce=4.5704 guidance=0.0000 beta=0.00 train_acc=6.28% test_acc=7.65% best=7.65% lr=0.00049285573 time=11.7s est_300=1h 02m 54s
[VANILLA:PiT-Ti][025/300] loss=4.5639 ce=4.5639 guidance=0.0000 beta=0.00 train_acc=6.28% test_acc=8.39% best=8.39% lr=0.00049222433 time=11.0s est_300=1h 02m 35s
[VANILLA:PiT-Ti][026/300] loss=4.5336 ce=4.5336 guidance=0.0000 beta=0.00 train_acc=6.44% test_acc=9.18% best=9.18% lr=0.00049156664 time=11.1s est_300=1h 02m 18s
[VANILLA:PiT-Ti][027/300] loss=4.4860 ce=4.4860 guidance=0.0000 beta=0.00 train_acc=7.18% test_acc=8.70% best=9.18% lr=0.00049088274 time=11.2s est_300=1h 02m 04s
[VANILLA:PiT-Ti][028/300] loss=4.4728 ce=4.4728 guidance=0.0000 beta=0.00 train_acc=7.39% test_acc=8.97% best=9.18% lr=0.00049017269 time=11.7s est_300=1h 01m 56s
[VANILLA:PiT-Ti][029/300] loss=4.4374 ce=4.4374 guidance=0.0000 beta=0.00 train_acc=7.86% test_acc=10.01% best=10.01% lr=0.00048943658 time=11.6s est_300=1h 01m 48s
[VANILLA:PiT-Ti][030/300] loss=4.3963 ce=4.3963 guidance=0.0000 beta=0.00 train_acc=8.51% test_acc=10.60% best=10.60% lr=0.00048867448 time=14.1s est_300=1h 02m 06s
[VANILLA:PiT-Ti][031/300] loss=4.3885 ce=4.3885 guidance=0.0000 beta=0.00 train_acc=8.29% test_acc=10.22% best=10.60% lr=0.00048788649 time=12.3s est_300=1h 02m 04s
[VANILLA:PiT-Ti][032/300] loss=4.3813 ce=4.3813 guidance=0.0000 beta=0.00 train_acc=8.81% test_acc=10.11% best=10.60% lr=0.00048707268 time=11.7s est_300=1h 01m 58s
[VANILLA:PiT-Ti][033/300] loss=4.3315 ce=4.3315 guidance=0.0000 beta=0.00 train_acc=9.77% test_acc=11.68% best=11.68% lr=0.00048623315 time=13.2s est_300=1h 02m 05s
[VANILLA:PiT-Ti][034/300] loss=4.3187 ce=4.3187 guidance=0.0000 beta=0.00 train_acc=9.61% test_acc=11.79% best=11.79% lr=0.00048536799 time=11.4s est_300=1h 01m 56s
[VANILLA:PiT-Ti][035/300] loss=4.3047 ce=4.3047 guidance=0.0000 beta=0.00 train_acc=9.05% test_acc=11.18% best=11.79% lr=0.00048447729 time=12.2s est_300=1h 01m 55s
[VANILLA:PiT-Ti][036/300] loss=4.2388 ce=4.2388 guidance=0.0000 beta=0.00 train_acc=10.17% test_acc=12.32% best=12.32% lr=0.00048356116 time=13.4s est_300=1h 02m 03s
[VANILLA:PiT-Ti][037/300] loss=4.2188 ce=4.2188 guidance=0.0000 beta=0.00 train_acc=10.95% test_acc=12.32% best=12.32% lr=0.00048261968 time=13.6s est_300=1h 02m 12s
[VANILLA:PiT-Ti][038/300] loss=4.1868 ce=4.1868 guidance=0.0000 beta=0.00 train_acc=10.95% test_acc=13.13% best=13.13% lr=0.00048165297 time=11.6s est_300=1h 02m 06s
[VANILLA:PiT-Ti][039/300] loss=4.1865 ce=4.1865 guidance=0.0000 beta=0.00 train_acc=10.68% test_acc=12.88% best=13.13% lr=0.00048066113 time=12.7s est_300=1h 02m 08s
[VANILLA:PiT-Ti][040/300] loss=4.1294 ce=4.1294 guidance=0.0000 beta=0.00 train_acc=11.70% test_acc=12.93% best=13.13% lr=0.00047964427 time=11.7s est_300=1h 02m 03s
[VANILLA:PiT-Ti][041/300] loss=4.1291 ce=4.1291 guidance=0.0000 beta=0.00 train_acc=12.30% test_acc=13.13% best=13.13% lr=0.0004786025 time=11.6s est_300=1h 01m 57s
[VANILLA:PiT-Ti][042/300] loss=4.1193 ce=4.1193 guidance=0.0000 beta=0.00 train_acc=12.38% test_acc=13.77% best=13.77% lr=0.00047753594 time=13.5s est_300=1h 02m 05s
[VANILLA:PiT-Ti][043/300] loss=4.0580 ce=4.0580 guidance=0.0000 beta=0.00 train_acc=13.09% test_acc=13.93% best=13.93% lr=0.0004764447 time=13.5s est_300=1h 02m 13s
[VANILLA:PiT-Ti][044/300] loss=4.0920 ce=4.0920 guidance=0.0000 beta=0.00 train_acc=12.69% test_acc=13.60% best=13.93% lr=0.0004753289 time=11.7s est_300=1h 02m 08s
[VANILLA:PiT-Ti][045/300] loss=4.0380 ce=4.0380 guidance=0.0000 beta=0.00 train_acc=13.54% test_acc=13.65% best=13.93% lr=0.00047418866 time=12.4s est_300=1h 02m 07s
[VANILLA:PiT-Ti][046/300] loss=4.0265 ce=4.0265 guidance=0.0000 beta=0.00 train_acc=13.57% test_acc=14.65% best=14.65% lr=0.00047302411 time=13.2s est_300=1h 02m 12s
[VANILLA:PiT-Ti][047/300] loss=3.9902 ce=3.9902 guidance=0.0000 beta=0.00 train_acc=14.06% test_acc=14.55% best=14.65% lr=0.00047183539 time=12.6s est_300=1h 02m 13s
[VANILLA:PiT-Ti][048/300] loss=4.0084 ce=4.0084 guidance=0.0000 beta=0.00 train_acc=13.69% test_acc=15.03% best=15.03% lr=0.0004706226 time=14.2s est_300=1h 02m 24s
[VANILLA:PiT-Ti][049/300] loss=3.9025 ce=3.9025 guidance=0.0000 beta=0.00 train_acc=15.69% test_acc=15.52% best=15.52% lr=0.0004693859 time=12.4s est_300=1h 02m 24s
[VANILLA:PiT-Ti][050/300] loss=3.9196 ce=3.9196 guidance=0.0000 beta=0.00 train_acc=15.46% test_acc=15.26% best=15.52% lr=0.00046812542 time=14.3s est_300=1h 02m 35s
[VANILLA:PiT-Ti][051/300] loss=3.9193 ce=3.9193 guidance=0.0000 beta=0.00 train_acc=14.83% test_acc=14.53% best=15.52% lr=0.00046684129 time=11.6s est_300=1h 02m 29s
[VANILLA:PiT-Ti][052/300] loss=3.8662 ce=3.8662 guidance=0.0000 beta=0.00 train_acc=16.42% test_acc=16.03% best=16.03% lr=0.00046553365 time=11.9s est_300=1h 02m 26s
[VANILLA:PiT-Ti][053/300] loss=3.8698 ce=3.8698 guidance=0.0000 beta=0.00 train_acc=15.86% test_acc=16.10% best=16.10% lr=0.00046420265 time=14.3s est_300=1h 02m 36s
[VANILLA:PiT-Ti][054/300] loss=3.7710 ce=3.7710 guidance=0.0000 beta=0.00 train_acc=17.61% test_acc=15.40% best=16.10% lr=0.00046284844 time=12.4s est_300=1h 02m 35s
[VANILLA:PiT-Ti][055/300] loss=3.7963 ce=3.7963 guidance=0.0000 beta=0.00 train_acc=16.93% test_acc=16.12% best=16.12% lr=0.00046147116 time=11.9s est_300=1h 02m 31s
[VANILLA:PiT-Ti][056/300] loss=3.7959 ce=3.7959 guidance=0.0000 beta=0.00 train_acc=17.32% test_acc=16.91% best=16.91% lr=0.00046007097 time=13.5s est_300=1h 02m 37s
[VANILLA:PiT-Ti][057/300] loss=3.7696 ce=3.7696 guidance=0.0000 beta=0.00 train_acc=17.93% test_acc=16.15% best=16.91% lr=0.00045864801 time=12.5s est_300=1h 02m 37s
[VANILLA:PiT-Ti][058/300] loss=3.7488 ce=3.7488 guidance=0.0000 beta=0.00 train_acc=17.90% test_acc=16.36% best=16.91% lr=0.00045720244 time=11.1s est_300=1h 02m 30s
[VANILLA:PiT-Ti][059/300] loss=3.6522 ce=3.6522 guidance=0.0000 beta=0.00 train_acc=18.77% test_acc=17.12% best=17.12% lr=0.00045573443 time=11.8s est_300=1h 02m 26s
[VANILLA:PiT-Ti][060/300] loss=3.6738 ce=3.6738 guidance=0.0000 beta=0.00 train_acc=19.38% test_acc=16.22% best=17.12% lr=0.00045424413 time=11.3s est_300=1h 02m 20s
[VANILLA:PiT-Ti][061/300] loss=3.6548 ce=3.6548 guidance=0.0000 beta=0.00 train_acc=19.79% test_acc=16.72% best=17.12% lr=0.00045273171 time=11.0s est_300=1h 02m 13s
[VANILLA:PiT-Ti][062/300] loss=3.6570 ce=3.6570 guidance=0.0000 beta=0.00 train_acc=20.09% test_acc=17.19% best=17.19% lr=0.00045119733 time=12.8s est_300=1h 02m 15s
[VANILLA:PiT-Ti][063/300] loss=3.5909 ce=3.5909 guidance=0.0000 beta=0.00 train_acc=21.57% test_acc=17.17% best=17.19% lr=0.00044964115 time=12.2s est_300=1h 02m 14s
[VANILLA:PiT-Ti][064/300] loss=3.5953 ce=3.5953 guidance=0.0000 beta=0.00 train_acc=20.09% test_acc=16.48% best=17.19% lr=0.00044806337 time=14.0s est_300=1h 02m 21s
[VANILLA:PiT-Ti][065/300] loss=3.5872 ce=3.5872 guidance=0.0000 beta=0.00 train_acc=21.38% test_acc=17.74% best=17.74% lr=0.00044646413 time=13.3s est_300=1h 02m 25s
[VANILLA:PiT-Ti][066/300] loss=3.5117 ce=3.5117 guidance=0.0000 beta=0.00 train_acc=22.74% test_acc=17.73% best=17.74% lr=0.00044484363 time=12.0s est_300=1h 02m 22s
[VANILLA:PiT-Ti][067/300] loss=3.4808 ce=3.4808 guidance=0.0000 beta=0.00 train_acc=22.83% test_acc=19.04% best=19.04% lr=0.00044320203 time=12.9s est_300=1h 02m 24s
[VANILLA:PiT-Ti][068/300] loss=3.5110 ce=3.5110 guidance=0.0000 beta=0.00 train_acc=22.76% test_acc=17.31% best=19.04% lr=0.00044153952 time=12.9s est_300=1h 02m 26s
[VANILLA:PiT-Ti][069/300] loss=3.4930 ce=3.4930 guidance=0.0000 beta=0.00 train_acc=22.91% test_acc=17.31% best=19.04% lr=0.00043985628 time=12.3s est_300=1h 02m 26s
[VANILLA:PiT-Ti][070/300] loss=3.4605 ce=3.4605 guidance=0.0000 beta=0.00 train_acc=23.18% test_acc=17.24% best=19.04% lr=0.00043815249 time=12.4s est_300=1h 02m 25s
[VANILLA:PiT-Ti][071/300] loss=3.4653 ce=3.4653 guidance=0.0000 beta=0.00 train_acc=23.45% test_acc=17.64% best=19.04% lr=0.00043642834 time=13.1s est_300=1h 02m 28s
[VANILLA:PiT-Ti][072/300] loss=3.4140 ce=3.4140 guidance=0.0000 beta=0.00 train_acc=24.35% test_acc=17.85% best=19.04% lr=0.00043468403 time=12.6s est_300=1h 02m 28s
[VANILLA:PiT-Ti][073/300] loss=3.3467 ce=3.3467 guidance=0.0000 beta=0.00 train_acc=25.15% test_acc=16.81% best=19.04% lr=0.00043291974 time=12.3s est_300=1h 02m 27s
[VANILLA:PiT-Ti][074/300] loss=3.3532 ce=3.3532 guidance=0.0000 beta=0.00 train_acc=24.88% test_acc=17.86% best=19.04% lr=0.00043113566 time=13.1s est_300=1h 02m 30s
[VANILLA:PiT-Ti][075/300] loss=3.3215 ce=3.3215 guidance=0.0000 beta=0.00 train_acc=26.32% test_acc=17.19% best=19.04% lr=0.00042933199 time=12.8s est_300=1h 02m 31s
[VANILLA:PiT-Ti][076/300] loss=3.2611 ce=3.2611 guidance=0.0000 beta=0.00 train_acc=27.33% test_acc=18.67% best=19.04% lr=0.00042750893 time=13.2s est_300=1h 02m 34s
[VANILLA:PiT-Ti][077/300] loss=3.2670 ce=3.2670 guidance=0.0000 beta=0.00 train_acc=27.31% test_acc=18.12% best=19.04% lr=0.00042566668 time=11.9s est_300=1h 02m 31s
[VANILLA:PiT-Ti][078/300] loss=3.2776 ce=3.2776 guidance=0.0000 beta=0.00 train_acc=27.09% test_acc=18.02% best=19.04% lr=0.00042380544 time=13.4s est_300=1h 02m 35s
[VANILLA:PiT-Ti][079/300] loss=3.2877 ce=3.2877 guidance=0.0000 beta=0.00 train_acc=27.11% test_acc=18.57% best=19.04% lr=0.00042192541 time=12.8s est_300=1h 02m 36s
[VANILLA:PiT-Ti][080/300] loss=3.2029 ce=3.2029 guidance=0.0000 beta=0.00 train_acc=28.11% test_acc=18.43% best=19.04% lr=0.0004200268 time=12.9s est_300=1h 02m 38s
[VANILLA:PiT-Ti][081/300] loss=3.1844 ce=3.1844 guidance=0.0000 beta=0.00 train_acc=29.69% test_acc=19.11% best=19.11% lr=0.00041810983 time=12.3s est_300=1h 02m 37s
[VANILLA:PiT-Ti][082/300] loss=3.1831 ce=3.1831 guidance=0.0000 beta=0.00 train_acc=28.94% test_acc=18.43% best=19.11% lr=0.00041617469 time=12.7s est_300=1h 02m 38s
[VANILLA:PiT-Ti][083/300] loss=3.1533 ce=3.1533 guidance=0.0000 beta=0.00 train_acc=29.53% test_acc=18.36% best=19.11% lr=0.0004142216 time=11.9s est_300=1h 02m 35s
[VANILLA:PiT-Ti][084/300] loss=3.1115 ce=3.1115 guidance=0.0000 beta=0.00 train_acc=30.72% test_acc=18.52% best=19.11% lr=0.00041225078 time=12.1s est_300=1h 02m 34s
[VANILLA:PiT-Ti][085/300] loss=3.1301 ce=3.1301 guidance=0.0000 beta=0.00 train_acc=30.74% test_acc=18.21% best=19.11% lr=0.00041026244 time=12.3s est_300=1h 02m 33s
[VANILLA:PiT-Ti][086/300] loss=3.0397 ce=3.0397 guidance=0.0000 beta=0.00 train_acc=31.73% test_acc=18.29% best=19.11% lr=0.0004082568 time=12.0s est_300=1h 02m 31s
[VANILLA:PiT-Ti][087/300] loss=3.0506 ce=3.0506 guidance=0.0000 beta=0.00 train_acc=31.88% test_acc=19.16% best=19.16% lr=0.00040623408 time=11.8s est_300=1h 02m 29s
[VANILLA:PiT-Ti][088/300] loss=2.9710 ce=2.9710 guidance=0.0000 beta=0.00 train_acc=33.31% test_acc=18.40% best=19.16% lr=0.0004041945 time=12.7s est_300=1h 02m 30s
[VANILLA:PiT-Ti][089/300] loss=2.9807 ce=2.9807 guidance=0.0000 beta=0.00 train_acc=33.03% test_acc=18.26% best=19.16% lr=0.00040213828 time=12.9s est_300=1h 02m 31s
[VANILLA:PiT-Ti][090/300] loss=2.9768 ce=2.9768 guidance=0.0000 beta=0.00 train_acc=34.07% test_acc=17.90% best=19.16% lr=0.00040006566 time=12.2s est_300=1h 02m 30s
[VANILLA:PiT-Ti][091/300] loss=2.9284 ce=2.9284 guidance=0.0000 beta=0.00 train_acc=33.85% test_acc=19.05% best=19.16% lr=0.00039797685 time=12.3s est_300=1h 02m 30s
[VANILLA:PiT-Ti][092/300] loss=2.8768 ce=2.8768 guidance=0.0000 beta=0.00 train_acc=35.99% test_acc=18.10% best=19.16% lr=0.00039587209 time=11.0s est_300=1h 02m 25s
[VANILLA:PiT-Ti][093/300] loss=2.8567 ce=2.8567 guidance=0.0000 beta=0.00 train_acc=35.33% test_acc=19.40% best=19.40% lr=0.00039375161 time=11.0s est_300=1h 02m 20s
[VANILLA:PiT-Ti][094/300] loss=2.8564 ce=2.8564 guidance=0.0000 beta=0.00 train_acc=36.11% test_acc=18.73% best=19.40% lr=0.00039161564 time=10.9s est_300=1h 02m 15s
[VANILLA:PiT-Ti][095/300] loss=2.8379 ce=2.8379 guidance=0.0000 beta=0.00 train_acc=37.31% test_acc=18.50% best=19.40% lr=0.00038946441 time=11.0s est_300=1h 02m 11s
[VANILLA:PiT-Ti][096/300] loss=2.7864 ce=2.7864 guidance=0.0000 beta=0.00 train_acc=38.18% test_acc=18.52% best=19.40% lr=0.00038729816 time=11.1s est_300=1h 02m 06s
[VANILLA:PiT-Ti][097/300] loss=2.7724 ce=2.7724 guidance=0.0000 beta=0.00 train_acc=38.25% test_acc=18.62% best=19.40% lr=0.00038511713 time=13.7s est_300=1h 02m 10s
[VANILLA:PiT-Ti][098/300] loss=2.7353 ce=2.7353 guidance=0.0000 beta=0.00 train_acc=39.15% test_acc=19.28% best=19.40% lr=0.00038292156 time=12.5s est_300=1h 02m 11s
[VANILLA:PiT-Ti][099/300] loss=2.7447 ce=2.7447 guidance=0.0000 beta=0.00 train_acc=39.06% test_acc=18.55% best=19.40% lr=0.00038071168 time=12.6s est_300=1h 02m 11s
[VANILLA:PiT-Ti][100/300] loss=2.7314 ce=2.7314 guidance=0.0000 beta=0.00 train_acc=40.17% test_acc=18.62% best=19.40% lr=0.00037848775 time=11.8s est_300=1h 02m 09s
[VANILLA:PiT-Ti][101/300] loss=2.6791 ce=2.6791 guidance=0.0000 beta=0.00 train_acc=40.13% test_acc=18.48% best=19.40% lr=0.00037625 time=12.5s est_300=1h 02m 09s
[VANILLA:PiT-Ti][102/300] loss=2.6925 ce=2.6925 guidance=0.0000 beta=0.00 train_acc=39.95% test_acc=18.36% best=19.40% lr=0.00037399868 time=12.1s est_300=1h 02m 08s
[VANILLA:PiT-Ti][103/300] loss=2.6758 ce=2.6758 guidance=0.0000 beta=0.00 train_acc=40.27% test_acc=18.59% best=19.40% lr=0.00037173403 time=12.0s est_300=1h 02m 07s
[VANILLA:PiT-Ti][104/300] loss=2.6201 ce=2.6201 guidance=0.0000 beta=0.00 train_acc=41.12% test_acc=18.95% best=19.40% lr=0.00036945631 time=12.6s est_300=1h 02m 07s
[VANILLA:PiT-Ti][105/300] loss=2.6145 ce=2.6145 guidance=0.0000 beta=0.00 train_acc=42.07% test_acc=18.83% best=19.40% lr=0.00036716577 time=11.7s est_300=1h 02m 05s
[VANILLA:PiT-Ti][106/300] loss=2.6121 ce=2.6121 guidance=0.0000 beta=0.00 train_acc=41.92% test_acc=18.50% best=19.40% lr=0.00036486265 time=11.8s est_300=1h 02m 04s
[VANILLA:PiT-Ti][107/300] loss=2.5645 ce=2.5645 guidance=0.0000 beta=0.00 train_acc=43.46% test_acc=19.55% best=19.55% lr=0.00036254721 time=11.2s est_300=1h 02m 00s
[VANILLA:PiT-Ti][108/300] loss=2.5775 ce=2.5775 guidance=0.0000 beta=0.00 train_acc=42.27% test_acc=18.31% best=19.55% lr=0.0003602197 time=11.0s est_300=1h 01m 57s
[VANILLA:PiT-Ti][109/300] loss=2.6002 ce=2.6002 guidance=0.0000 beta=0.00 train_acc=42.22% test_acc=18.97% best=19.55% lr=0.00035788037 time=12.8s est_300=1h 01m 58s
[VANILLA:PiT-Ti][110/300] loss=2.5358 ce=2.5358 guidance=0.0000 beta=0.00 train_acc=43.50% test_acc=18.67% best=19.55% lr=0.0003555295 time=11.4s est_300=1h 01m 55s
[VANILLA:PiT-Ti][111/300] loss=2.5195 ce=2.5195 guidance=0.0000 beta=0.00 train_acc=43.68% test_acc=19.05% best=19.55% lr=0.00035316732 time=11.0s est_300=1h 01m 51s
[VANILLA:PiT-Ti][112/300] loss=2.4993 ce=2.4993 guidance=0.0000 beta=0.00 train_acc=44.72% test_acc=19.42% best=19.55% lr=0.0003507941 time=11.1s est_300=1h 01m 48s
[VANILLA:PiT-Ti][113/300] loss=2.5229 ce=2.5229 guidance=0.0000 beta=0.00 train_acc=44.45% test_acc=18.90% best=19.55% lr=0.00034841011 time=12.1s est_300=1h 01m 47s
[VANILLA:PiT-Ti][114/300] loss=2.4570 ce=2.4570 guidance=0.0000 beta=0.00 train_acc=45.30% test_acc=19.55% best=19.55% lr=0.00034601559 time=11.1s est_300=1h 01m 44s
[VANILLA:PiT-Ti][115/300] loss=2.4260 ce=2.4260 guidance=0.0000 beta=0.00 train_acc=46.40% test_acc=18.64% best=19.55% lr=0.00034361083 time=11.3s est_300=1h 01m 41s
[VANILLA:PiT-Ti][116/300] loss=2.4527 ce=2.4527 guidance=0.0000 beta=0.00 train_acc=45.30% test_acc=19.00% best=19.55% lr=0.00034119607 time=12.4s est_300=1h 01m 41s
[VANILLA:PiT-Ti][117/300] loss=2.4594 ce=2.4594 guidance=0.0000 beta=0.00 train_acc=44.99% test_acc=19.11% best=19.55% lr=0.00033877158 time=12.6s est_300=1h 01m 42s
[VANILLA:PiT-Ti][118/300] loss=2.4049 ce=2.4049 guidance=0.0000 beta=0.00 train_acc=46.42% test_acc=18.95% best=19.55% lr=0.00033633764 time=13.2s est_300=1h 01m 44s
[VANILLA:PiT-Ti][119/300] loss=2.3999 ce=2.3999 guidance=0.0000 beta=0.00 train_acc=46.25% test_acc=19.47% best=19.55% lr=0.0003338945 time=11.1s est_300=1h 01m 41s
[VANILLA:PiT-Ti][120/300] loss=2.3703 ce=2.3703 guidance=0.0000 beta=0.00 train_acc=47.33% test_acc=19.59% best=19.59% lr=0.00033144243 time=10.9s est_300=1h 01m 38s
[VANILLA:PiT-Ti][121/300] loss=2.3221 ce=2.3221 guidance=0.0000 beta=0.00 train_acc=47.98% test_acc=19.09% best=19.59% lr=0.00032898171 time=11.2s est_300=1h 01m 35s
[VANILLA:PiT-Ti][122/300] loss=2.3558 ce=2.3558 guidance=0.0000 beta=0.00 train_acc=47.20% test_acc=19.11% best=19.59% lr=0.0003265126 time=13.1s est_300=1h 01m 37s
[VANILLA:PiT-Ti][123/300] loss=2.3159 ce=2.3159 guidance=0.0000 beta=0.00 train_acc=49.61% test_acc=19.00% best=19.59% lr=0.00032403537 time=11.5s est_300=1h 01m 35s
[VANILLA:PiT-Ti][124/300] loss=2.3106 ce=2.3106 guidance=0.0000 beta=0.00 train_acc=48.42% test_acc=19.49% best=19.59% lr=0.0003215503 time=11.8s est_300=1h 01m 33s
[VANILLA:PiT-Ti][125/300] loss=2.3432 ce=2.3432 guidance=0.0000 beta=0.00 train_acc=48.96% test_acc=19.12% best=19.59% lr=0.00031905766 time=12.2s est_300=1h 01m 33s
[VANILLA:PiT-Ti][126/300] loss=2.2531 ce=2.2531 guidance=0.0000 beta=0.00 train_acc=50.31% test_acc=19.36% best=19.59% lr=0.00031655771 time=12.8s est_300=1h 01m 34s
[VANILLA:PiT-Ti][127/300] loss=2.2535 ce=2.2535 guidance=0.0000 beta=0.00 train_acc=50.12% test_acc=19.47% best=19.59% lr=0.00031405075 time=11.2s est_300=1h 01m 31s
[VANILLA:PiT-Ti][128/300] loss=2.1750 ce=2.1750 guidance=0.0000 beta=0.00 train_acc=51.60% test_acc=18.83% best=19.59% lr=0.00031153703 time=11.4s est_300=1h 01m 29s
[VANILLA:PiT-Ti][129/300] loss=2.1921 ce=2.1921 guidance=0.0000 beta=0.00 train_acc=51.00% test_acc=19.52% best=19.59% lr=0.00030901684 time=10.8s est_300=1h 01m 26s
[VANILLA:PiT-Ti][130/300] loss=2.2674 ce=2.2674 guidance=0.0000 beta=0.00 train_acc=49.58% test_acc=18.93% best=19.59% lr=0.00030649045 time=11.6s est_300=1h 01m 24s
[VANILLA:PiT-Ti][131/300] loss=2.2211 ce=2.2211 guidance=0.0000 beta=0.00 train_acc=50.39% test_acc=19.45% best=19.59% lr=0.00030395814 time=11.7s est_300=1h 01m 23s
[VANILLA:PiT-Ti][132/300] loss=2.1970 ce=2.1970 guidance=0.0000 beta=0.00 train_acc=51.07% test_acc=19.81% best=19.81% lr=0.00030142019 time=13.0s est_300=1h 01m 24s
[VANILLA:PiT-Ti][133/300] loss=2.1724 ce=2.1724 guidance=0.0000 beta=0.00 train_acc=51.22% test_acc=19.68% best=19.81% lr=0.00029887688 time=12.3s est_300=1h 01m 24s
[VANILLA:PiT-Ti][134/300] loss=2.1499 ce=2.1499 guidance=0.0000 beta=0.00 train_acc=52.19% test_acc=19.59% best=19.81% lr=0.00029632847 time=10.9s est_300=1h 01m 21s
[VANILLA:PiT-Ti][135/300] loss=2.1356 ce=2.1356 guidance=0.0000 beta=0.00 train_acc=52.84% test_acc=18.88% best=19.81% lr=0.00029377526 time=12.8s est_300=1h 01m 22s
[VANILLA:PiT-Ti][136/300] loss=2.1246 ce=2.1246 guidance=0.0000 beta=0.00 train_acc=52.77% test_acc=18.40% best=19.81% lr=0.00029121753 time=11.4s est_300=1h 01m 20s
[VANILLA:PiT-Ti][137/300] loss=2.1532 ce=2.1532 guidance=0.0000 beta=0.00 train_acc=52.14% test_acc=19.93% best=19.93% lr=0.00028865555 time=11.0s est_300=1h 01m 18s
[VANILLA:PiT-Ti][138/300] loss=2.1055 ce=2.1055 guidance=0.0000 beta=0.00 train_acc=53.23% test_acc=19.88% best=19.93% lr=0.0002860896 time=10.9s est_300=1h 01m 15s
[VANILLA:PiT-Ti][139/300] loss=2.0213 ce=2.0213 guidance=0.0000 beta=0.00 train_acc=55.08% test_acc=19.42% best=19.93% lr=0.00028351998 time=10.8s est_300=1h 01m 12s
[VANILLA:PiT-Ti][140/300] loss=2.1032 ce=2.1032 guidance=0.0000 beta=0.00 train_acc=52.45% test_acc=19.24% best=19.93% lr=0.00028094694 time=10.9s est_300=1h 01m 09s
[VANILLA:PiT-Ti][141/300] loss=2.0417 ce=2.0417 guidance=0.0000 beta=0.00 train_acc=53.97% test_acc=20.14% best=20.14% lr=0.00027837079 time=12.1s est_300=1h 01m 09s
[VANILLA:PiT-Ti][142/300] loss=2.0801 ce=2.0801 guidance=0.0000 beta=0.00 train_acc=54.06% test_acc=19.40% best=20.14% lr=0.00027579181 time=10.9s est_300=1h 01m 06s
[VANILLA:PiT-Ti][143/300] loss=2.0220 ce=2.0220 guidance=0.0000 beta=0.00 train_acc=54.64% test_acc=19.88% best=20.14% lr=0.00027321027 time=12.6s est_300=1h 01m 07s
[VANILLA:PiT-Ti][144/300] loss=2.0302 ce=2.0302 guidance=0.0000 beta=0.00 train_acc=54.76% test_acc=19.16% best=20.14% lr=0.00027062645 time=11.7s est_300=1h 01m 05s
[VANILLA:PiT-Ti][145/300] loss=2.0597 ce=2.0597 guidance=0.0000 beta=0.00 train_acc=54.93% test_acc=19.95% best=20.14% lr=0.00026804065 time=11.1s est_300=1h 01m 03s
[VANILLA:PiT-Ti][146/300] loss=2.0323 ce=2.0323 guidance=0.0000 beta=0.00 train_acc=54.40% test_acc=19.50% best=20.14% lr=0.00026545315 time=12.5s est_300=1h 01m 04s
[VANILLA:PiT-Ti][147/300] loss=1.9890 ce=1.9890 guidance=0.0000 beta=0.00 train_acc=56.08% test_acc=19.52% best=20.14% lr=0.00026286422 time=12.2s est_300=1h 01m 04s
[VANILLA:PiT-Ti][148/300] loss=2.0132 ce=2.0132 guidance=0.0000 beta=0.00 train_acc=55.55% test_acc=19.23% best=20.14% lr=0.00026027416 time=12.1s est_300=1h 01m 03s
[VANILLA:PiT-Ti][149/300] loss=1.9574 ce=1.9574 guidance=0.0000 beta=0.00 train_acc=56.01% test_acc=20.16% best=20.16% lr=0.00025768325 time=12.3s est_300=1h 01m 04s
[VANILLA:PiT-Ti][150/300] loss=1.9465 ce=1.9465 guidance=0.0000 beta=0.00 train_acc=56.59% test_acc=18.88% best=20.16% lr=0.00025509177 time=12.9s est_300=1h 01m 05s
[VANILLA:PiT-Ti][151/300] loss=1.9439 ce=1.9439 guidance=0.0000 beta=0.00 train_acc=56.39% test_acc=18.54% best=20.16% lr=0.0002525 time=13.0s est_300=1h 01m 07s
[VANILLA:PiT-Ti][152/300] loss=1.8655 ce=1.8655 guidance=0.0000 beta=0.00 train_acc=57.63% test_acc=19.42% best=20.16% lr=0.00024990823 time=12.6s est_300=1h 01m 07s
[VANILLA:PiT-Ti][153/300] loss=1.9627 ce=1.9627 guidance=0.0000 beta=0.00 train_acc=55.77% test_acc=19.57% best=20.16% lr=0.00024731675 time=12.3s est_300=1h 01m 07s
[VANILLA:PiT-Ti][154/300] loss=1.9020 ce=1.9020 guidance=0.0000 beta=0.00 train_acc=57.13% test_acc=19.42% best=20.16% lr=0.00024472584 time=10.9s est_300=1h 01m 05s
[VANILLA:PiT-Ti][155/300] loss=1.9221 ce=1.9221 guidance=0.0000 beta=0.00 train_acc=57.30% test_acc=19.73% best=20.16% lr=0.00024213578 time=10.9s est_300=1h 01m 02s
[VANILLA:PiT-Ti][156/300] loss=1.9393 ce=1.9393 guidance=0.0000 beta=0.00 train_acc=56.78% test_acc=18.45% best=20.16% lr=0.00023954685 time=10.9s est_300=1h 01m 00s
[VANILLA:PiT-Ti][157/300] loss=1.8865 ce=1.8865 guidance=0.0000 beta=0.00 train_acc=57.25% test_acc=18.62% best=20.16% lr=0.00023695935 time=12.9s est_300=1h 01m 01s
[VANILLA:PiT-Ti][158/300] loss=1.9154 ce=1.9154 guidance=0.0000 beta=0.00 train_acc=57.30% test_acc=19.87% best=20.16% lr=0.00023437355 time=11.4s est_300=1h 00m 59s
[VANILLA:PiT-Ti][159/300] loss=1.8712 ce=1.8712 guidance=0.0000 beta=0.00 train_acc=57.74% test_acc=18.95% best=20.16% lr=0.00023178973 time=12.5s est_300=1h 01m 00s
[VANILLA:PiT-Ti][160/300] loss=1.9054 ce=1.9054 guidance=0.0000 beta=0.00 train_acc=57.52% test_acc=19.12% best=20.16% lr=0.00022920819 time=12.2s est_300=1h 01m 00s
[VANILLA:PiT-Ti][161/300] loss=1.8947 ce=1.8947 guidance=0.0000 beta=0.00 train_acc=57.29% test_acc=18.80% best=20.16% lr=0.00022662921 time=11.7s est_300=1h 00m 59s
[VANILLA:PiT-Ti][162/300] loss=1.8917 ce=1.8917 guidance=0.0000 beta=0.00 train_acc=58.34% test_acc=19.02% best=20.16% lr=0.00022405306 time=12.2s est_300=1h 00m 59s
[VANILLA:PiT-Ti][163/300] loss=1.8408 ce=1.8408 guidance=0.0000 beta=0.00 train_acc=58.17% test_acc=19.55% best=20.16% lr=0.00022148002 time=13.2s est_300=1h 01m 01s
[VANILLA:PiT-Ti][164/300] loss=1.8079 ce=1.8079 guidance=0.0000 beta=0.00 train_acc=59.41% test_acc=19.05% best=20.16% lr=0.0002189104 time=12.8s est_300=1h 01m 02s
[VANILLA:PiT-Ti][165/300] loss=1.8190 ce=1.8190 guidance=0.0000 beta=0.00 train_acc=58.90% test_acc=19.24% best=20.16% lr=0.00021634445 time=12.8s est_300=1h 01m 03s
[VANILLA:PiT-Ti][166/300] loss=1.8134 ce=1.8134 guidance=0.0000 beta=0.00 train_acc=59.44% test_acc=19.24% best=20.16% lr=0.00021378247 time=11.6s est_300=1h 01m 02s
[VANILLA:PiT-Ti][167/300] loss=1.8166 ce=1.8166 guidance=0.0000 beta=0.00 train_acc=59.99% test_acc=19.50% best=20.16% lr=0.00021122474 time=11.0s est_300=1h 01m 00s
[VANILLA:PiT-Ti][168/300] loss=1.8238 ce=1.8238 guidance=0.0000 beta=0.00 train_acc=59.15% test_acc=19.68% best=20.16% lr=0.00020867153 time=11.8s est_300=1h 00m 59s
[VANILLA:PiT-Ti][169/300] loss=1.8082 ce=1.8082 guidance=0.0000 beta=0.00 train_acc=59.63% test_acc=19.71% best=20.16% lr=0.00020612312 time=11.8s est_300=1h 00m 58s
[VANILLA:PiT-Ti][170/300] loss=1.8437 ce=1.8437 guidance=0.0000 beta=0.00 train_acc=59.12% test_acc=19.21% best=20.16% lr=0.00020357981 time=11.8s est_300=1h 00m 58s
[VANILLA:PiT-Ti][171/300] loss=1.7923 ce=1.7923 guidance=0.0000 beta=0.00 train_acc=59.71% test_acc=19.45% best=20.16% lr=0.00020104186 time=11.0s est_300=1h 00m 55s
[VANILLA:PiT-Ti][172/300] loss=1.7560 ce=1.7560 guidance=0.0000 beta=0.00 train_acc=60.26% test_acc=19.30% best=20.16% lr=0.00019850955 time=12.3s est_300=1h 00m 56s
[VANILLA:PiT-Ti][173/300] loss=1.7908 ce=1.7908 guidance=0.0000 beta=0.00 train_acc=59.97% test_acc=19.28% best=20.16% lr=0.00019598316 time=12.2s est_300=1h 00m 56s
[VANILLA:PiT-Ti][174/300] loss=1.7778 ce=1.7778 guidance=0.0000 beta=0.00 train_acc=59.80% test_acc=19.42% best=20.16% lr=0.00019346297 time=12.2s est_300=1h 00m 56s
[VANILLA:PiT-Ti][175/300] loss=1.7208 ce=1.7208 guidance=0.0000 beta=0.00 train_acc=60.44% test_acc=19.38% best=20.16% lr=0.00019094925 time=10.9s est_300=1h 00m 54s
[VANILLA:PiT-Ti][176/300] loss=1.7495 ce=1.7495 guidance=0.0000 beta=0.00 train_acc=61.43% test_acc=19.54% best=20.16% lr=0.00018844229 time=11.8s est_300=1h 00m 53s
[VANILLA:PiT-Ti][177/300] loss=1.7263 ce=1.7263 guidance=0.0000 beta=0.00 train_acc=61.84% test_acc=19.52% best=20.16% lr=0.00018594234 time=10.9s est_300=1h 00m 51s
[VANILLA:PiT-Ti][178/300] loss=1.6950 ce=1.6950 guidance=0.0000 beta=0.00 train_acc=62.04% test_acc=19.30% best=20.16% lr=0.0001834497 time=10.9s est_300=1h 00m 49s
[VANILLA:PiT-Ti][179/300] loss=1.7254 ce=1.7254 guidance=0.0000 beta=0.00 train_acc=61.18% test_acc=19.04% best=20.16% lr=0.00018096463 time=12.1s est_300=1h 00m 48s
[VANILLA:PiT-Ti][180/300] loss=1.6759 ce=1.6759 guidance=0.0000 beta=0.00 train_acc=61.57% test_acc=18.52% best=20.16% lr=0.0001784874 time=12.7s est_300=1h 00m 49s
[VANILLA:PiT-Ti][181/300] loss=1.7399 ce=1.7399 guidance=0.0000 beta=0.00 train_acc=61.51% test_acc=19.62% best=20.16% lr=0.00017601829 time=12.2s est_300=1h 00m 49s
[VANILLA:PiT-Ti][182/300] loss=1.6631 ce=1.6631 guidance=0.0000 beta=0.00 train_acc=62.06% test_acc=19.42% best=20.16% lr=0.00017355757 time=12.9s est_300=1h 00m 50s
[VANILLA:PiT-Ti][183/300] loss=1.6853 ce=1.6853 guidance=0.0000 beta=0.00 train_acc=61.72% test_acc=19.43% best=20.16% lr=0.0001711055 time=13.6s est_300=1h 00m 53s
[VANILLA:PiT-Ti][184/300] loss=1.6988 ce=1.6988 guidance=0.0000 beta=0.00 train_acc=61.63% test_acc=19.76% best=20.16% lr=0.00016866236 time=14.1s est_300=1h 00m 56s
[VANILLA:PiT-Ti][185/300] loss=1.6904 ce=1.6904 guidance=0.0000 beta=0.00 train_acc=62.08% test_acc=19.78% best=20.16% lr=0.00016622842 time=12.5s est_300=1h 00m 56s
[VANILLA:PiT-Ti][186/300] loss=1.6958 ce=1.6958 guidance=0.0000 beta=0.00 train_acc=62.30% test_acc=19.43% best=20.16% lr=0.00016380393 time=12.3s est_300=1h 00m 57s
[VANILLA:PiT-Ti][187/300] loss=1.6363 ce=1.6363 guidance=0.0000 beta=0.00 train_acc=62.86% test_acc=19.50% best=20.16% lr=0.00016138917 time=13.7s est_300=1h 00m 59s
[VANILLA:PiT-Ti][188/300] loss=1.6982 ce=1.6982 guidance=0.0000 beta=0.00 train_acc=61.50% test_acc=19.26% best=20.16% lr=0.00015898441 time=14.3s est_300=1h 01m 03s
[VANILLA:PiT-Ti][189/300] loss=1.6502 ce=1.6502 guidance=0.0000 beta=0.00 train_acc=63.11% test_acc=19.26% best=20.16% lr=0.00015658989 time=13.6s est_300=1h 01m 05s
[VANILLA:PiT-Ti][190/300] loss=1.6131 ce=1.6131 guidance=0.0000 beta=0.00 train_acc=63.01% test_acc=19.66% best=20.16% lr=0.0001542059 time=12.6s est_300=1h 01m 05s
[VANILLA:PiT-Ti][191/300] loss=1.6557 ce=1.6557 guidance=0.0000 beta=0.00 train_acc=62.42% test_acc=19.61% best=20.16% lr=0.00015183268 time=13.6s est_300=1h 01m 08s
[VANILLA:PiT-Ti][192/300] loss=1.5996 ce=1.5996 guidance=0.0000 beta=0.00 train_acc=63.64% test_acc=19.40% best=20.16% lr=0.0001494705 time=13.1s est_300=1h 01m 09s
[VANILLA:PiT-Ti][193/300] loss=1.6323 ce=1.6323 guidance=0.0000 beta=0.00 train_acc=62.79% test_acc=19.57% best=20.16% lr=0.00014711963 time=12.4s est_300=1h 01m 09s
[VANILLA:PiT-Ti][194/300] loss=1.6458 ce=1.6458 guidance=0.0000 beta=0.00 train_acc=62.30% test_acc=19.16% best=20.16% lr=0.0001447803 time=13.0s est_300=1h 01m 10s
[VANILLA:PiT-Ti][195/300] loss=1.5863 ce=1.5863 guidance=0.0000 beta=0.00 train_acc=63.96% test_acc=19.36% best=20.16% lr=0.00014245279 time=11.6s est_300=1h 01m 10s
[VANILLA:PiT-Ti][196/300] loss=1.6170 ce=1.6170 guidance=0.0000 beta=0.00 train_acc=63.04% test_acc=19.54% best=20.16% lr=0.00014013735 time=12.7s est_300=1h 01m 10s
[VANILLA:PiT-Ti][197/300] loss=1.5636 ce=1.5636 guidance=0.0000 beta=0.00 train_acc=64.57% test_acc=19.49% best=20.16% lr=0.00013783423 time=12.7s est_300=1h 01m 11s
[VANILLA:PiT-Ti][198/300] loss=1.5589 ce=1.5589 guidance=0.0000 beta=0.00 train_acc=65.34% test_acc=19.33% best=20.16% lr=0.00013554369 time=12.3s est_300=1h 01m 11s
[VANILLA:PiT-Ti][199/300] loss=1.5850 ce=1.5850 guidance=0.0000 beta=0.00 train_acc=64.28% test_acc=19.52% best=20.16% lr=0.00013326597 time=14.0s est_300=1h 01m 14s
[VANILLA:PiT-Ti][200/300] loss=1.5590 ce=1.5590 guidance=0.0000 beta=0.00 train_acc=65.00% test_acc=19.28% best=20.16% lr=0.00013100132 time=14.3s est_300=1h 01m 17s
[VANILLA:PiT-Ti][201/300] loss=1.5653 ce=1.5653 guidance=0.0000 beta=0.00 train_acc=65.37% test_acc=19.42% best=20.16% lr=0.00012875 time=13.2s est_300=1h 01m 18s
[VANILLA:PiT-Ti][202/300] loss=1.5853 ce=1.5853 guidance=0.0000 beta=0.00 train_acc=63.93% test_acc=19.14% best=20.16% lr=0.00012651225 time=12.7s est_300=1h 01m 19s
[VANILLA:PiT-Ti][203/300] loss=1.5569 ce=1.5569 guidance=0.0000 beta=0.00 train_acc=64.83% test_acc=19.23% best=20.16% lr=0.00012428832 time=14.2s est_300=1h 01m 22s
[VANILLA:PiT-Ti][204/300] loss=1.5626 ce=1.5626 guidance=0.0000 beta=0.00 train_acc=64.35% test_acc=19.45% best=20.16% lr=0.00012207844 time=13.7s est_300=1h 01m 24s
[VANILLA:PiT-Ti][205/300] loss=1.5064 ce=1.5064 guidance=0.0000 beta=0.00 train_acc=65.76% test_acc=19.11% best=20.16% lr=0.00011988287 time=13.5s est_300=1h 01m 26s
[VANILLA:PiT-Ti][206/300] loss=1.5581 ce=1.5581 guidance=0.0000 beta=0.00 train_acc=64.83% test_acc=19.38% best=20.16% lr=0.00011770184 time=14.3s est_300=1h 01m 29s
[VANILLA:PiT-Ti][207/300] loss=1.5484 ce=1.5484 guidance=0.0000 beta=0.00 train_acc=64.93% test_acc=19.21% best=20.16% lr=0.00011553559 time=12.7s est_300=1h 01m 29s
[VANILLA:PiT-Ti][208/300] loss=1.5663 ce=1.5663 guidance=0.0000 beta=0.00 train_acc=64.61% test_acc=18.83% best=20.16% lr=0.00011338436 time=12.5s est_300=1h 01m 30s
[VANILLA:PiT-Ti][209/300] loss=1.5791 ce=1.5791 guidance=0.0000 beta=0.00 train_acc=64.59% test_acc=19.14% best=20.16% lr=0.00011124839 time=12.5s est_300=1h 01m 30s
[VANILLA:PiT-Ti][210/300] loss=1.5174 ce=1.5174 guidance=0.0000 beta=0.00 train_acc=64.67% test_acc=19.64% best=20.16% lr=0.00010912791 time=14.3s est_300=1h 01m 33s
[VANILLA:PiT-Ti][211/300] loss=1.5274 ce=1.5274 guidance=0.0000 beta=0.00 train_acc=64.93% test_acc=19.18% best=20.16% lr=0.00010702315 time=13.6s est_300=1h 01m 35s
[VANILLA:PiT-Ti][212/300] loss=1.4770 ce=1.4770 guidance=0.0000 beta=0.00 train_acc=66.15% test_acc=19.45% best=20.16% lr=0.00010493434 time=14.0s est_300=1h 01m 37s
[VANILLA:PiT-Ti][213/300] loss=1.5211 ce=1.5211 guidance=0.0000 beta=0.00 train_acc=64.98% test_acc=19.42% best=20.16% lr=0.00010286172 time=12.9s est_300=1h 01m 38s
[VANILLA:PiT-Ti][214/300] loss=1.4918 ce=1.4918 guidance=0.0000 beta=0.00 train_acc=65.81% test_acc=18.95% best=20.16% lr=0.0001008055 time=13.3s est_300=1h 01m 39s
[VANILLA:PiT-Ti][215/300] loss=1.5032 ce=1.5032 guidance=0.0000 beta=0.00 train_acc=66.12% test_acc=19.09% best=20.16% lr=9.8765924e-05 time=11.3s est_300=1h 01m 38s
[VANILLA:PiT-Ti][216/300] loss=1.4825 ce=1.4825 guidance=0.0000 beta=0.00 train_acc=65.98% test_acc=19.42% best=20.16% lr=9.6743203e-05 time=11.2s est_300=1h 01m 36s
[VANILLA:PiT-Ti][217/300] loss=1.4633 ce=1.4633 guidance=0.0000 beta=0.00 train_acc=66.20% test_acc=19.52% best=20.16% lr=9.4737563e-05 time=14.1s est_300=1h 01m 39s
[VANILLA:PiT-Ti][218/300] loss=1.5014 ce=1.5014 guidance=0.0000 beta=0.00 train_acc=65.62% test_acc=19.50% best=20.16% lr=9.2749222e-05 time=13.1s est_300=1h 01m 40s
[VANILLA:PiT-Ti][219/300] loss=1.5031 ce=1.5031 guidance=0.0000 beta=0.00 train_acc=65.95% test_acc=19.42% best=20.16% lr=9.0778401e-05 time=13.1s est_300=1h 01m 41s
[VANILLA:PiT-Ti][220/300] loss=1.4648 ce=1.4648 guidance=0.0000 beta=0.00 train_acc=66.58% test_acc=19.54% best=20.16% lr=8.8825313e-05 time=14.4s est_300=1h 01m 44s
[VANILLA:PiT-Ti][221/300] loss=1.4635 ce=1.4635 guidance=0.0000 beta=0.00 train_acc=66.97% test_acc=19.43% best=20.16% lr=8.6890175e-05 time=12.0s est_300=1h 01m 43s
[VANILLA:PiT-Ti][222/300] loss=1.4485 ce=1.4485 guidance=0.0000 beta=0.00 train_acc=66.83% test_acc=19.76% best=20.16% lr=8.4973198e-05 time=12.3s est_300=1h 01m 43s
[VANILLA:PiT-Ti][223/300] loss=1.4814 ce=1.4814 guidance=0.0000 beta=0.00 train_acc=66.37% test_acc=19.76% best=20.16% lr=8.3074591e-05 time=12.9s est_300=1h 01m 44s
[VANILLA:PiT-Ti][224/300] loss=1.4409 ce=1.4409 guidance=0.0000 beta=0.00 train_acc=67.17% test_acc=19.71% best=20.16% lr=8.1194564e-05 time=13.0s est_300=1h 01m 45s
[VANILLA:PiT-Ti][225/300] loss=1.4803 ce=1.4803 guidance=0.0000 beta=0.00 train_acc=65.69% test_acc=19.64% best=20.16% lr=7.9333323e-05 time=13.1s est_300=1h 01m 46s
[VANILLA:PiT-Ti][226/300] loss=1.4677 ce=1.4677 guidance=0.0000 beta=0.00 train_acc=66.53% test_acc=19.78% best=20.16% lr=7.7491072e-05 time=13.5s est_300=1h 01m 47s
[VANILLA:PiT-Ti][227/300] loss=1.4225 ce=1.4225 guidance=0.0000 beta=0.00 train_acc=67.90% test_acc=19.74% best=20.16% lr=7.5668012e-05 time=14.3s est_300=1h 01m 50s
[VANILLA:PiT-Ti][228/300] loss=1.4446 ce=1.4446 guidance=0.0000 beta=0.00 train_acc=66.68% test_acc=19.87% best=20.16% lr=7.3864344e-05 time=13.7s est_300=1h 01m 52s
[VANILLA:PiT-Ti][229/300] loss=1.4734 ce=1.4734 guidance=0.0000 beta=0.00 train_acc=66.30% test_acc=19.76% best=20.16% lr=7.2080265e-05 time=13.6s est_300=1h 01m 53s
[VANILLA:PiT-Ti][230/300] loss=1.4449 ce=1.4449 guidance=0.0000 beta=0.00 train_acc=66.83% test_acc=19.59% best=20.16% lr=7.0315971e-05 time=13.6s est_300=1h 01m 55s
[VANILLA:PiT-Ti][231/300] loss=1.4313 ce=1.4313 guidance=0.0000 beta=0.00 train_acc=67.54% test_acc=19.30% best=20.16% lr=6.8571656e-05 time=13.3s est_300=1h 01m 56s
[VANILLA:PiT-Ti][232/300] loss=1.4670 ce=1.4670 guidance=0.0000 beta=0.00 train_acc=66.66% test_acc=19.71% best=20.16% lr=6.684751e-05 time=13.0s est_300=1h 01m 57s
[VANILLA:PiT-Ti][233/300] loss=1.4329 ce=1.4329 guidance=0.0000 beta=0.00 train_acc=67.76% test_acc=19.62% best=20.16% lr=6.5143724e-05 time=12.8s est_300=1h 01m 57s
[VANILLA:PiT-Ti][234/300] loss=1.4464 ce=1.4464 guidance=0.0000 beta=0.00 train_acc=66.27% test_acc=19.21% best=20.16% lr=6.3460483e-05 time=12.7s est_300=1h 01m 58s
[VANILLA:PiT-Ti][235/300] loss=1.4364 ce=1.4364 guidance=0.0000 beta=0.00 train_acc=67.36% test_acc=19.43% best=20.16% lr=6.1797972e-05 time=13.0s est_300=1h 01m 59s
[VANILLA:PiT-Ti][236/300] loss=1.3796 ce=1.3796 guidance=0.0000 beta=0.00 train_acc=68.22% test_acc=19.95% best=20.16% lr=6.0156375e-05 time=13.6s est_300=1h 02m 00s
[VANILLA:PiT-Ti][237/300] loss=1.3893 ce=1.3893 guidance=0.0000 beta=0.00 train_acc=68.65% test_acc=19.26% best=20.16% lr=5.8535869e-05 time=13.7s est_300=1h 02m 02s
[VANILLA:PiT-Ti][238/300] loss=1.4415 ce=1.4415 guidance=0.0000 beta=0.00 train_acc=67.14% test_acc=19.47% best=20.16% lr=5.6936634e-05 time=13.5s est_300=1h 02m 03s
[VANILLA:PiT-Ti][239/300] loss=1.4499 ce=1.4499 guidance=0.0000 beta=0.00 train_acc=67.05% test_acc=19.33% best=20.16% lr=5.5358845e-05 time=13.9s est_300=1h 02m 05s
[VANILLA:PiT-Ti][240/300] loss=1.3854 ce=1.3854 guidance=0.0000 beta=0.00 train_acc=68.50% test_acc=19.66% best=20.16% lr=5.3802675e-05 time=13.7s est_300=1h 02m 07s
[VANILLA:PiT-Ti][241/300] loss=1.3831 ce=1.3831 guidance=0.0000 beta=0.00 train_acc=68.41% test_acc=19.26% best=20.16% lr=5.2268294e-05 time=13.5s est_300=1h 02m 08s
[VANILLA:PiT-Ti][242/300] loss=1.3862 ce=1.3862 guidance=0.0000 beta=0.00 train_acc=67.85% test_acc=19.61% best=20.16% lr=5.0755871e-05 time=14.2s est_300=1h 02m 10s
[VANILLA:PiT-Ti][243/300] loss=1.3562 ce=1.3562 guidance=0.0000 beta=0.00 train_acc=68.85% test_acc=19.59% best=20.16% lr=4.9265571e-05 time=13.6s est_300=1h 02m 12s
[VANILLA:PiT-Ti][244/300] loss=1.3516 ce=1.3516 guidance=0.0000 beta=0.00 train_acc=69.62% test_acc=19.80% best=20.16% lr=4.7797558e-05 time=13.0s est_300=1h 02m 12s
[VANILLA:PiT-Ti][245/300] loss=1.4082 ce=1.4082 guidance=0.0000 beta=0.00 train_acc=68.43% test_acc=19.14% best=20.16% lr=4.6351993e-05 time=13.0s est_300=1h 02m 13s
[VANILLA:PiT-Ti][246/300] loss=1.3657 ce=1.3657 guidance=0.0000 beta=0.00 train_acc=68.61% test_acc=19.66% best=20.16% lr=4.4929034e-05 time=13.4s est_300=1h 02m 14s
[VANILLA:PiT-Ti][247/300] loss=1.3167 ce=1.3167 guidance=0.0000 beta=0.00 train_acc=70.36% test_acc=19.71% best=20.16% lr=4.3528838e-05 time=13.5s est_300=1h 02m 15s
[VANILLA:PiT-Ti][248/300] loss=1.3473 ce=1.3473 guidance=0.0000 beta=0.00 train_acc=69.34% test_acc=19.57% best=20.16% lr=4.2151558e-05 time=12.8s est_300=1h 02m 16s
[VANILLA:PiT-Ti][249/300] loss=1.3431 ce=1.3431 guidance=0.0000 beta=0.00 train_acc=69.79% test_acc=19.74% best=20.16% lr=4.0797346e-05 time=13.7s est_300=1h 02m 17s
[VANILLA:PiT-Ti][250/300] loss=1.3774 ce=1.3774 guidance=0.0000 beta=0.00 train_acc=68.26% test_acc=19.73% best=20.16% lr=3.9466348e-05 time=12.3s est_300=1h 02m 17s
[VANILLA:PiT-Ti][251/300] loss=1.3476 ce=1.3476 guidance=0.0000 beta=0.00 train_acc=70.07% test_acc=19.42% best=20.16% lr=3.8158713e-05 time=12.1s est_300=1h 02m 17s
[VANILLA:PiT-Ti][252/300] loss=1.3366 ce=1.3366 guidance=0.0000 beta=0.00 train_acc=69.94% test_acc=19.55% best=20.16% lr=3.6874582e-05 time=12.8s est_300=1h 02m 17s
[VANILLA:PiT-Ti][253/300] loss=1.3391 ce=1.3391 guidance=0.0000 beta=0.00 train_acc=69.36% test_acc=19.81% best=20.16% lr=3.5614097e-05 time=13.1s est_300=1h 02m 18s
[VANILLA:PiT-Ti][254/300] loss=1.3923 ce=1.3923 guidance=0.0000 beta=0.00 train_acc=68.51% test_acc=19.85% best=20.16% lr=3.4377396e-05 time=12.9s est_300=1h 02m 18s
[VANILLA:PiT-Ti][255/300] loss=1.3540 ce=1.3540 guidance=0.0000 beta=0.00 train_acc=68.83% test_acc=19.71% best=20.16% lr=3.3164614e-05 time=12.7s est_300=1h 02m 19s
[VANILLA:PiT-Ti][256/300] loss=1.3167 ce=1.3167 guidance=0.0000 beta=0.00 train_acc=70.31% test_acc=19.88% best=20.16% lr=3.1975885e-05 time=13.0s est_300=1h 02m 19s
[VANILLA:PiT-Ti][257/300] loss=1.3421 ce=1.3421 guidance=0.0000 beta=0.00 train_acc=69.19% test_acc=19.68% best=20.16% lr=3.0811339e-05 time=14.1s est_300=1h 02m 21s
[VANILLA:PiT-Ti][258/300] loss=1.3604 ce=1.3604 guidance=0.0000 beta=0.00 train_acc=68.60% test_acc=19.76% best=20.16% lr=2.9671104e-05 time=13.7s est_300=1h 02m 23s
[VANILLA:PiT-Ti][259/300] loss=1.3243 ce=1.3243 guidance=0.0000 beta=0.00 train_acc=69.36% test_acc=19.80% best=20.16% lr=2.8555305e-05 time=13.7s est_300=1h 02m 24s
[VANILLA:PiT-Ti][260/300] loss=1.3215 ce=1.3215 guidance=0.0000 beta=0.00 train_acc=69.70% test_acc=19.71% best=20.16% lr=2.7464063e-05 time=14.0s est_300=1h 02m 26s
[VANILLA:PiT-Ti][261/300] loss=1.3235 ce=1.3235 guidance=0.0000 beta=0.00 train_acc=69.80% test_acc=19.80% best=20.16% lr=2.6397499e-05 time=13.9s est_300=1h 02m 27s
[VANILLA:PiT-Ti][262/300] loss=1.3223 ce=1.3223 guidance=0.0000 beta=0.00 train_acc=69.53% test_acc=19.61% best=20.16% lr=2.535573e-05 time=14.2s est_300=1h 02m 29s
[VANILLA:PiT-Ti][263/300] loss=1.3519 ce=1.3519 guidance=0.0000 beta=0.00 train_acc=69.34% test_acc=19.80% best=20.16% lr=2.433887e-05 time=13.1s est_300=1h 02m 30s
[VANILLA:PiT-Ti][264/300] loss=1.3370 ce=1.3370 guidance=0.0000 beta=0.00 train_acc=69.46% test_acc=19.50% best=20.16% lr=2.334703e-05 time=14.4s est_300=1h 02m 32s
[VANILLA:PiT-Ti][265/300] loss=1.2859 ce=1.2859 guidance=0.0000 beta=0.00 train_acc=70.96% test_acc=19.80% best=20.16% lr=2.238032e-05 time=12.8s est_300=1h 02m 32s
[VANILLA:PiT-Ti][266/300] loss=1.3536 ce=1.3536 guidance=0.0000 beta=0.00 train_acc=68.80% test_acc=19.76% best=20.16% lr=2.1438844e-05 time=13.7s est_300=1h 02m 34s
[VANILLA:PiT-Ti][267/300] loss=1.2704 ce=1.2704 guidance=0.0000 beta=0.00 train_acc=70.87% test_acc=19.78% best=20.16% lr=2.0522708e-05 time=12.9s est_300=1h 02m 34s
[VANILLA:PiT-Ti][268/300] loss=1.2727 ce=1.2727 guidance=0.0000 beta=0.00 train_acc=70.87% test_acc=19.68% best=20.16% lr=1.963201e-05 time=13.0s est_300=1h 02m 35s
[VANILLA:PiT-Ti][269/300] loss=1.3363 ce=1.3363 guidance=0.0000 beta=0.00 train_acc=69.70% test_acc=19.62% best=20.16% lr=1.8766848e-05 time=12.3s est_300=1h 02m 35s
[VANILLA:PiT-Ti][270/300] loss=1.3193 ce=1.3193 guidance=0.0000 beta=0.00 train_acc=70.21% test_acc=19.81% best=20.16% lr=1.7927319e-05 time=12.8s est_300=1h 02m 35s
[VANILLA:PiT-Ti][271/300] loss=1.3095 ce=1.3095 guidance=0.0000 beta=0.00 train_acc=70.31% test_acc=19.66% best=20.16% lr=1.7113512e-05 time=13.6s est_300=1h 02m 36s
[VANILLA:PiT-Ti][272/300] loss=1.3541 ce=1.3541 guidance=0.0000 beta=0.00 train_acc=69.17% test_acc=19.73% best=20.16% lr=1.6325519e-05 time=13.0s est_300=1h 02m 37s
[VANILLA:PiT-Ti][273/300] loss=1.3457 ce=1.3457 guidance=0.0000 beta=0.00 train_acc=69.48% test_acc=19.76% best=20.16% lr=1.5563424e-05 time=14.5s est_300=1h 02m 39s
[VANILLA:PiT-Ti][274/300] loss=1.3269 ce=1.3269 guidance=0.0000 beta=0.00 train_acc=69.90% test_acc=19.59% best=20.16% lr=1.4827313e-05 time=14.2s est_300=1h 02m 41s
[VANILLA:PiT-Ti][275/300] loss=1.3283 ce=1.3283 guidance=0.0000 beta=0.00 train_acc=69.53% test_acc=19.74% best=20.16% lr=1.4117265e-05 time=11.7s est_300=1h 02m 40s
[VANILLA:PiT-Ti][276/300] loss=1.3475 ce=1.3475 guidance=0.0000 beta=0.00 train_acc=69.17% test_acc=19.87% best=20.16% lr=1.3433358e-05 time=13.4s est_300=1h 02m 41s
[VANILLA:PiT-Ti][277/300] loss=1.2744 ce=1.2744 guidance=0.0000 beta=0.00 train_acc=70.43% test_acc=19.73% best=20.16% lr=1.2775668e-05 time=11.7s est_300=1h 02m 40s
[VANILLA:PiT-Ti][278/300] loss=1.3260 ce=1.3260 guidance=0.0000 beta=0.00 train_acc=69.90% test_acc=19.62% best=20.16% lr=1.2144266e-05 time=13.8s est_300=1h 02m 41s
[VANILLA:PiT-Ti][279/300] loss=1.3367 ce=1.3367 guidance=0.0000 beta=0.00 train_acc=69.63% test_acc=19.76% best=20.16% lr=1.1539222e-05 time=12.4s est_300=1h 02m 41s
[VANILLA:PiT-Ti][280/300] loss=1.3328 ce=1.3328 guidance=0.0000 beta=0.00 train_acc=69.57% test_acc=19.93% best=20.16% lr=1.0960601e-05 time=12.3s est_300=1h 02m 41s
[VANILLA:PiT-Ti][281/300] loss=1.2933 ce=1.2933 guidance=0.0000 beta=0.00 train_acc=70.53% test_acc=19.88% best=20.16% lr=1.0408469e-05 time=11.6s est_300=1h 02m 40s
[VANILLA:PiT-Ti][282/300] loss=1.3378 ce=1.3378 guidance=0.0000 beta=0.00 train_acc=70.09% test_acc=19.99% best=20.16% lr=9.8828843e-06 time=13.6s est_300=1h 02m 41s
[VANILLA:PiT-Ti][283/300] loss=1.3395 ce=1.3395 guidance=0.0000 beta=0.00 train_acc=69.77% test_acc=20.00% best=20.16% lr=9.3839054e-06 time=13.5s est_300=1h 02m 42s
[VANILLA:PiT-Ti][284/300] loss=1.3485 ce=1.3485 guidance=0.0000 beta=0.00 train_acc=69.19% test_acc=19.90% best=20.16% lr=8.911587e-06 time=12.2s est_300=1h 02m 42s
[VANILLA:PiT-Ti][285/300] loss=1.3260 ce=1.3260 guidance=0.0000 beta=0.00 train_acc=69.87% test_acc=19.97% best=20.16% lr=8.4659808e-06 time=12.8s est_300=1h 02m 42s
[VANILLA:PiT-Ti][286/300] loss=1.3271 ce=1.3271 guidance=0.0000 beta=0.00 train_acc=69.45% test_acc=19.80% best=20.16% lr=8.0471357e-06 time=11.8s est_300=1h 02m 41s
[VANILLA:PiT-Ti][287/300] loss=1.2928 ce=1.2928 guidance=0.0000 beta=0.00 train_acc=70.28% test_acc=19.78% best=20.16% lr=7.6550976e-06 time=13.0s est_300=1h 02m 42s
[VANILLA:PiT-Ti][288/300] loss=1.3032 ce=1.3032 guidance=0.0000 beta=0.00 train_acc=70.02% test_acc=19.81% best=20.16% lr=7.2899095e-06 time=13.8s est_300=1h 02m 43s
[VANILLA:PiT-Ti][289/300] loss=1.3203 ce=1.3203 guidance=0.0000 beta=0.00 train_acc=69.68% test_acc=19.97% best=20.16% lr=6.9516114e-06 time=12.7s est_300=1h 02m 43s
[VANILLA:PiT-Ti][290/300] loss=1.3080 ce=1.3080 guidance=0.0000 beta=0.00 train_acc=70.41% test_acc=19.78% best=20.16% lr=6.6402405e-06 time=13.0s est_300=1h 02m 44s
[VANILLA:PiT-Ti][291/300] loss=1.3507 ce=1.3507 guidance=0.0000 beta=0.00 train_acc=69.40% test_acc=19.93% best=20.16% lr=6.3558309e-06 time=13.5s est_300=1h 02m 45s
[VANILLA:PiT-Ti][292/300] loss=1.2958 ce=1.2958 guidance=0.0000 beta=0.00 train_acc=70.47% test_acc=19.93% best=20.16% lr=6.0984138e-06 time=12.6s est_300=1h 02m 45s
[VANILLA:PiT-Ti][293/300] loss=1.2882 ce=1.2882 guidance=0.0000 beta=0.00 train_acc=70.48% test_acc=19.80% best=20.16% lr=5.8680173e-06 time=11.8s est_300=1h 02m 44s
[VANILLA:PiT-Ti][294/300] loss=1.2889 ce=1.2889 guidance=0.0000 beta=0.00 train_acc=70.30% test_acc=19.69% best=20.16% lr=5.6646669e-06 time=11.8s est_300=1h 02m 43s
[VANILLA:PiT-Ti][295/300] loss=1.2740 ce=1.2740 guidance=0.0000 beta=0.00 train_acc=70.43% test_acc=19.95% best=20.16% lr=5.4883847e-06 time=12.9s est_300=1h 02m 43s
[VANILLA:PiT-Ti][296/300] loss=1.2980 ce=1.2980 guidance=0.0000 beta=0.00 train_acc=70.53% test_acc=19.88% best=20.16% lr=5.3391901e-06 time=12.2s est_300=1h 02m 43s
[VANILLA:PiT-Ti][297/300] loss=1.3022 ce=1.3022 guidance=0.0000 beta=0.00 train_acc=70.81% test_acc=19.97% best=20.16% lr=5.2170996e-06 time=11.1s est_300=1h 02m 42s
[VANILLA:PiT-Ti][298/300] loss=1.3415 ce=1.3415 guidance=0.0000 beta=0.00 train_acc=69.99% test_acc=19.97% best=20.16% lr=5.1221263e-06 time=13.5s est_300=1h 02m 43s
[VANILLA:PiT-Ti][299/300] loss=1.3249 ce=1.3249 guidance=0.0000 beta=0.00 train_acc=69.48% test_acc=20.04% best=20.16% lr=5.0542808e-06 time=11.7s est_300=1h 02m 42s
[VANILLA:PiT-Ti][300/300] loss=1.2787 ce=1.2787 guidance=0.0000 beta=0.00 train_acc=70.35% test_acc=20.06% best=20.16% lr=5.0135706e-06 time=11.9s est_300=1h 02m 41s
[TIMING_RESULT] student=PiT-Ti method=VANILLA batch=128 avg_epoch=12.54s estimated_300=1h 02m 41s
[FINAL_RESULT] summary=/app/output/table1_cub200_pit_all_full_seed1/students/table1_cub200_pit_ti_vanilla_b128_full_300ep_seed1/summary.json
[DONE] Table-1 CUB student task completed successfully.
[STUDENT_IDENTITY_CHECK_TABLE1_CUB200] status=PASS student=PiT-Ti method=Vanilla batch=128 teacher=none
[TASK_DONE] 1/5 PiT-Ti/Vanilla elapsed=1h 04m 18s
------------------------------------------------------------------------------------------------
[TASK_START] 2/5 PiT-Ti/LG
[COMMAND][LG] /usr/bin/python /app/scratch/input/bapedragon_553/methods/table1_cub200/train.py --full-run --student pit_ti --method lg --batch-size 128 --data-dir /app/output/table1_cub200_pit_all_full_seed1/data/cub200 --teacher-root /app/scratch/input/bapedragon_553/teachers/checkpoints/cub200_table1_resnet56_32 --output-dir /app/output/table1_cub200_pit_all_full_seed1/students --run-name table1_cub200_pit_ti_lg_b128_full_300ep_seed1 --num-workers 4
[BOOT] Python process started: /usr/bin/python
[BOOT] complete Table-1 runtime dependencies already available
/usr/local/lib/python3.10/dist-packages/timm/models/layers/__init__.py:49: FutureWarning: Importing from timm.models.layers is deprecated, please import via timm.layers
  warnings.warn(f"Importing from {__name__} is deprecated, please import via timm.layers", FutureWarning)
========================================================================================
CUB-200 TABLE-1 EXTENSION
========================================================================================
[TASK] student=PiT-Ti method=LG batch=128 mode=full_300ep
[MODE] actual_epochs=300 planned_epochs=300
[PROTOCOL_LOCK] dataset=CUB-200-2011 split=5994/5794 teacher=ResNet56-scratch-32 student=scratch-224 epochs=300 AdamW=5e-4->5e-6 wd=0.05 warmup=20 seed=1 fp32=True
[FIXED_TEACHER_TABLE1_CUB200] h200_build=543 root=/app/scratch/input/bapedragon_553/teachers/checkpoints/cub200_table1_resnet56_32 sha256=06f75192b1c108c89e480843cb4f72dfb28aa762d7b11e7ac327333dd54b51f5
[SOURCE] official_lg_repo=https://github.com/lkhl/tiny-transformers commit=d2165f74049c906b0afc9f957491960fb3c0cc8b
[MODEL] params=4,641,672 feature_dims=(64, 64, 128, 128, 128, 128, 128, 128, 256, 256, 256, 256) selected_lg=(0, 6, 11)
[FEATURE_CHECK] student=((2, 64, 27, 27), (2, 64, 27, 27), (2, 128, 14, 14), (2, 128, 14, 14), (2, 128, 14, 14), (2, 128, 14, 14), (2, 128, 14, 14), (2, 128, 14, 14), (2, 256, 7, 7), (2, 256, 7, 7), (2, 256, 7, 7), (2, 256, 7, 7)) teacher=((2, 16, 32, 32), (2, 32, 16, 16), (2, 64, 8, 8)) guidance_probe=11.556978
[OPTIMIZER] contract=official_lg_no_decay_exclusions
[LG:PiT-Ti][001/300] loss=99.9010 ce=5.4723 guidance=37.7715 beta=2.50 train_acc=0.48% test_acc=0.24% best=0.24% lr=5e-07 time=14.2s est_300=1h 10m 58s
[LG:PiT-Ti][002/300] loss=89.8828 ce=5.4399 guidance=33.7772 beta=2.50 train_acc=0.51% test_acc=0.31% best=0.31% lr=2.5475e-05 time=14.2s est_300=1h 11m 03s
[LG:PiT-Ti][003/300] loss=78.7958 ce=5.3640 guidance=29.3727 beta=2.50 train_acc=0.48% test_acc=0.40% best=0.40% lr=5.045e-05 time=13.6s est_300=1h 10m 03s
[LG:PiT-Ti][004/300] loss=71.7927 ce=5.3365 guidance=26.5825 beta=2.50 train_acc=0.32% test_acc=0.40% best=0.40% lr=7.5425e-05 time=12.9s est_300=1h 08m 38s
[LG:PiT-Ti][005/300] loss=64.3702 ce=5.3256 guidance=23.6178 beta=2.50 train_acc=0.46% test_acc=0.60% best=0.60% lr=0.0001004 time=13.8s est_300=1h 08m 43s
[LG:PiT-Ti][006/300] loss=61.3692 ce=5.3196 guidance=22.4198 beta=2.50 train_acc=0.61% test_acc=1.07% best=1.07% lr=0.000125375 time=13.0s est_300=1h 08m 08s
[LG:PiT-Ti][007/300] loss=59.0406 ce=5.3125 guidance=21.4912 beta=2.50 train_acc=0.59% test_acc=1.12% best=1.12% lr=0.00015035 time=12.8s est_300=1h 07m 31s
[LG:PiT-Ti][008/300] loss=57.0957 ce=5.2960 guidance=20.7199 beta=2.50 train_acc=0.68% test_acc=1.12% best=1.12% lr=0.000175325 time=13.6s est_300=1h 07m 33s
[LG:PiT-Ti][009/300] loss=56.3586 ce=5.2539 guidance=20.4419 beta=2.50 train_acc=0.90% test_acc=1.57% best=1.57% lr=0.0002003 time=13.5s est_300=1h 07m 32s
[LG:PiT-Ti][010/300] loss=54.4438 ce=5.1944 guidance=19.6998 beta=2.50 train_acc=1.36% test_acc=1.88% best=1.88% lr=0.000225275 time=13.1s est_300=1h 07m 21s
[LG:PiT-Ti][011/300] loss=52.4785 ce=5.1009 guidance=18.9510 beta=2.50 train_acc=1.78% test_acc=2.81% best=2.81% lr=0.00025025 time=13.3s est_300=1h 07m 17s
[LG:PiT-Ti][012/300] loss=50.9786 ce=4.9793 guidance=18.3997 beta=2.50 train_acc=2.46% test_acc=3.81% best=3.81% lr=0.000275225 time=11.9s est_300=1h 06m 38s
[LG:PiT-Ti][013/300] loss=49.3208 ce=4.8913 guidance=17.7718 beta=2.50 train_acc=3.48% test_acc=4.52% best=4.52% lr=0.0003002 time=12.6s est_300=1h 06m 22s
[LG:PiT-Ti][014/300] loss=48.1580 ce=4.7656 guidance=17.3570 beta=2.50 train_acc=3.91% test_acc=5.90% best=5.90% lr=0.000325175 time=13.4s est_300=1h 06m 25s
[LG:PiT-Ti][015/300] loss=46.7658 ce=4.6635 guidance=16.8409 beta=2.50 train_acc=4.55% test_acc=7.27% best=7.27% lr=0.00035015 time=12.8s est_300=1h 06m 16s
[LG:PiT-Ti][016/300] loss=45.3072 ce=4.5392 guidance=16.3072 beta=2.50 train_acc=6.05% test_acc=9.53% best=9.53% lr=0.000375125 time=13.1s est_300=1h 06m 12s
[LG:PiT-Ti][017/300] loss=44.4200 ce=4.4682 guidance=15.9807 beta=2.50 train_acc=6.52% test_acc=10.60% best=10.60% lr=0.0004001 time=12.7s est_300=1h 06m 02s
[LG:PiT-Ti][018/300] loss=43.0306 ce=4.3754 guidance=15.4621 beta=2.50 train_acc=7.47% test_acc=11.70% best=11.70% lr=0.000425075 time=12.3s est_300=1h 05m 47s
[LG:PiT-Ti][019/300] loss=42.5445 ce=4.3010 guidance=15.2974 beta=2.50 train_acc=8.75% test_acc=11.96% best=11.96% lr=0.00045005 time=11.7s est_300=1h 05m 24s
[LG:PiT-Ti][020/300] loss=41.6501 ce=4.2395 guidance=14.9642 beta=2.50 train_acc=9.48% test_acc=14.15% best=14.15% lr=0.000475025 time=11.4s est_300=1h 04m 59s
[LG:PiT-Ti][021/300] loss=41.2309 ce=4.1575 guidance=14.8294 beta=2.50 train_acc=10.80% test_acc=14.77% best=14.77% lr=0.00049459153 time=10.9s est_300=1h 04m 29s
[LG:PiT-Ti][022/300] loss=40.2245 ce=4.0719 guidance=14.4611 beta=2.50 train_acc=11.87% test_acc=15.79% best=15.79% lr=0.0004940394 time=11.6s est_300=1h 04m 12s
[LG:PiT-Ti][023/300] loss=39.7133 ce=3.9988 guidance=14.2858 beta=2.50 train_acc=13.11% test_acc=17.59% best=17.59% lr=0.00049346078 time=12.8s est_300=1h 04m 12s
[LG:PiT-Ti][024/300] loss=39.0703 ce=3.9170 guidance=14.0613 beta=2.50 train_acc=14.52% test_acc=18.24% best=18.24% lr=0.00049285573 time=11.6s est_300=1h 03m 56s
[LG:PiT-Ti][025/300] loss=38.1442 ce=3.8735 guidance=13.7083 beta=2.50 train_acc=15.06% test_acc=20.00% best=20.00% lr=0.00049222433 time=11.6s est_300=1h 03m 41s
[LG:PiT-Ti][026/300] loss=38.1574 ce=3.8190 guidance=13.7354 beta=2.50 train_acc=16.39% test_acc=21.11% best=21.11% lr=0.00049156664 time=11.6s est_300=1h 03m 28s
[LG:PiT-Ti][027/300] loss=37.4064 ce=3.7808 guidance=13.4502 beta=2.50 train_acc=16.88% test_acc=22.26% best=22.26% lr=0.00049088274 time=12.9s est_300=1h 03m 30s
[LG:PiT-Ti][028/300] loss=36.8493 ce=3.7020 guidance=13.2589 beta=2.50 train_acc=18.24% test_acc=22.87% best=22.87% lr=0.00049017269 time=13.3s est_300=1h 03m 36s
[LG:PiT-Ti][029/300] loss=36.4093 ce=3.6523 guidance=13.1028 beta=2.50 train_acc=19.00% test_acc=23.33% best=23.33% lr=0.00048943658 time=12.7s est_300=1h 03m 36s
[LG:PiT-Ti][030/300] loss=36.1210 ce=3.5989 guidance=13.0089 beta=2.50 train_acc=19.50% test_acc=25.42% best=25.42% lr=0.00048867448 time=13.0s est_300=1h 03m 38s
[LG:PiT-Ti][031/300] loss=35.5881 ce=3.5386 guidance=12.8198 beta=2.50 train_acc=21.13% test_acc=25.27% best=25.42% lr=0.00048788649 time=12.4s est_300=1h 03m 36s
[LG:PiT-Ti][032/300] loss=35.5640 ce=3.5454 guidance=12.8074 beta=2.50 train_acc=21.16% test_acc=25.04% best=25.42% lr=0.00048707268 time=14.2s est_300=1h 03m 49s
[LG:PiT-Ti][033/300] loss=35.0996 ce=3.4643 guidance=12.6541 beta=2.50 train_acc=22.61% test_acc=26.53% best=26.53% lr=0.00048623315 time=12.6s est_300=1h 03m 48s
[LG:PiT-Ti][034/300] loss=34.9261 ce=3.4346 guidance=12.5966 beta=2.50 train_acc=22.61% test_acc=28.01% best=28.01% lr=0.00048536799 time=12.7s est_300=1h 03m 47s
[LG:PiT-Ti][035/300] loss=34.6741 ce=3.3945 guidance=12.5119 beta=2.50 train_acc=23.03% test_acc=28.13% best=28.13% lr=0.00048447729 time=12.3s est_300=1h 03m 43s
[LG:PiT-Ti][036/300] loss=34.2336 ce=3.3583 guidance=12.3501 beta=2.50 train_acc=24.22% test_acc=28.96% best=28.96% lr=0.00048356116 time=11.9s est_300=1h 03m 36s
[LG:PiT-Ti][037/300] loss=34.0637 ce=3.3057 guidance=12.3032 beta=2.50 train_acc=25.83% test_acc=29.17% best=29.17% lr=0.00048261968 time=12.8s est_300=1h 03m 37s
[LG:PiT-Ti][038/300] loss=33.8067 ce=3.2523 guidance=12.2217 beta=2.50 train_acc=26.94% test_acc=31.24% best=31.24% lr=0.00048165297 time=13.1s est_300=1h 03m 40s
[LG:PiT-Ti][039/300] loss=33.4589 ce=3.2236 guidance=12.0941 beta=2.50 train_acc=26.80% test_acc=31.14% best=31.24% lr=0.00048066113 time=11.7s est_300=1h 03m 32s
[LG:PiT-Ti][040/300] loss=33.4824 ce=3.2230 guidance=12.1038 beta=2.50 train_acc=26.89% test_acc=31.79% best=31.79% lr=0.00047964427 time=11.9s est_300=1h 03m 26s
[LG:PiT-Ti][041/300] loss=33.0875 ce=3.1536 guidance=11.9735 beta=2.50 train_acc=28.45% test_acc=32.08% best=32.08% lr=0.0004786025 time=13.0s est_300=1h 03m 28s
[LG:PiT-Ti][042/300] loss=32.9268 ce=3.1688 guidance=11.9032 beta=2.50 train_acc=27.89% test_acc=32.69% best=32.69% lr=0.00047753594 time=13.5s est_300=1h 03m 34s
[LG:PiT-Ti][043/300] loss=32.9002 ce=3.1011 guidance=11.9196 beta=2.50 train_acc=28.46% test_acc=32.95% best=32.95% lr=0.0004764447 time=12.6s est_300=1h 03m 33s
[LG:PiT-Ti][044/300] loss=32.4954 ce=3.1196 guidance=11.7503 beta=2.50 train_acc=28.80% test_acc=33.62% best=33.62% lr=0.0004753289 time=11.7s est_300=1h 03m 26s
[LG:PiT-Ti][045/300] loss=32.4036 ce=3.0385 guidance=11.7460 beta=2.50 train_acc=29.77% test_acc=33.53% best=33.62% lr=0.00047418866 time=12.9s est_300=1h 03m 28s
[LG:PiT-Ti][046/300] loss=31.9805 ce=3.0168 guidance=11.5855 beta=2.50 train_acc=30.72% test_acc=35.14% best=35.14% lr=0.00047302411 time=13.4s est_300=1h 03m 32s
[LG:PiT-Ti][047/300] loss=32.0520 ce=2.9877 guidance=11.6257 beta=2.50 train_acc=30.47% test_acc=34.36% best=35.14% lr=0.00047183539 time=13.0s est_300=1h 03m 34s
[LG:PiT-Ti][048/300] loss=31.7853 ce=3.0070 guidance=11.5113 beta=2.50 train_acc=31.79% test_acc=33.36% best=35.14% lr=0.0004706226 time=12.2s est_300=1h 03m 31s
[LG:PiT-Ti][049/300] loss=31.4999 ce=2.9022 guidance=11.4391 beta=2.50 train_acc=33.85% test_acc=35.19% best=35.19% lr=0.0004693859 time=13.6s est_300=1h 03m 37s
[LG:PiT-Ti][050/300] loss=31.6093 ce=2.8909 guidance=11.4874 beta=2.50 train_acc=33.07% test_acc=36.05% best=36.05% lr=0.00046812542 time=13.9s est_300=1h 03m 44s
[LG:PiT-Ti][051/300] loss=31.1697 ce=2.8813 guidance=11.3154 beta=2.50 train_acc=33.22% test_acc=35.78% best=36.05% lr=0.00046684129 time=12.9s est_300=1h 03m 45s
[LG:PiT-Ti][052/300] loss=31.1588 ce=2.8409 guidance=11.3272 beta=2.50 train_acc=34.21% test_acc=35.69% best=36.05% lr=0.00046553365 time=11.2s est_300=1h 03m 36s
[LG:PiT-Ti][053/300] loss=31.0811 ce=2.8444 guidance=11.2947 beta=2.50 train_acc=33.97% test_acc=35.19% best=36.05% lr=0.00046420265 time=12.3s est_300=1h 03m 33s
[LG:PiT-Ti][054/300] loss=30.9603 ce=2.7647 guidance=11.2783 beta=2.50 train_acc=36.28% test_acc=36.85% best=36.85% lr=0.00046284844 time=11.7s est_300=1h 03m 28s
[LG:PiT-Ti][055/300] loss=30.6009 ce=2.7692 guidance=11.1327 beta=2.50 train_acc=35.55% test_acc=36.54% best=36.85% lr=0.00046147116 time=12.9s est_300=1h 03m 29s
[LG:PiT-Ti][056/300] loss=30.6129 ce=2.7830 guidance=11.1320 beta=2.50 train_acc=35.80% test_acc=36.66% best=36.85% lr=0.00046007097 time=12.5s est_300=1h 03m 28s
[LG:PiT-Ti][057/300] loss=30.4886 ce=2.7211 guidance=11.1070 beta=2.50 train_acc=37.06% test_acc=36.23% best=36.85% lr=0.00045864801 time=11.9s est_300=1h 03m 24s
[LG:PiT-Ti][058/300] loss=30.5050 ce=2.7376 guidance=11.1069 beta=2.50 train_acc=36.63% test_acc=37.35% best=37.35% lr=0.00045720244 time=13.2s est_300=1h 03m 27s
[LG:PiT-Ti][059/300] loss=30.1777 ce=2.6289 guidance=11.0195 beta=2.50 train_acc=38.84% test_acc=36.45% best=37.35% lr=0.00045573443 time=13.2s est_300=1h 03m 30s
[LG:PiT-Ti][060/300] loss=30.1521 ce=2.6844 guidance=10.9871 beta=2.50 train_acc=37.77% test_acc=37.57% best=37.57% lr=0.00045424413 time=13.0s est_300=1h 03m 31s
[LG:PiT-Ti][061/300] loss=30.2530 ce=2.6664 guidance=11.0346 beta=2.50 train_acc=37.91% test_acc=37.09% best=37.57% lr=0.00045273171 time=11.1s est_300=1h 03m 23s
[LG:PiT-Ti][062/300] loss=30.0901 ce=2.6710 guidance=10.9676 beta=2.50 train_acc=38.52% test_acc=37.81% best=37.81% lr=0.00045119733 time=12.2s est_300=1h 03m 21s
[LG:PiT-Ti][063/300] loss=29.8116 ce=2.6218 guidance=10.8759 beta=2.50 train_acc=38.20% test_acc=37.94% best=37.94% lr=0.00044964115 time=13.3s est_300=1h 03m 24s
[LG:PiT-Ti][064/300] loss=29.8204 ce=2.6202 guidance=10.8801 beta=2.50 train_acc=39.06% test_acc=38.19% best=38.19% lr=0.00044806337 time=12.8s est_300=1h 03m 24s
[LG:PiT-Ti][065/300] loss=29.5197 ce=2.5683 guidance=10.7805 beta=2.50 train_acc=40.56% test_acc=38.40% best=38.40% lr=0.00044646413 time=12.0s est_300=1h 03m 21s
[LG:PiT-Ti][066/300] loss=29.4700 ce=2.5167 guidance=10.7813 beta=2.50 train_acc=41.12% test_acc=38.63% best=38.63% lr=0.00044484363 time=13.1s est_300=1h 03m 23s
[LG:PiT-Ti][067/300] loss=29.4219 ce=2.4720 guidance=10.7799 beta=2.50 train_acc=41.90% test_acc=39.45% best=39.45% lr=0.00044320203 time=13.4s est_300=1h 03m 26s
[LG:PiT-Ti][068/300] loss=29.2823 ce=2.5240 guidance=10.7033 beta=2.50 train_acc=40.62% test_acc=38.56% best=39.45% lr=0.00044153952 time=13.2s est_300=1h 03m 28s
[LG:PiT-Ti][069/300] loss=29.1856 ce=2.5214 guidance=10.6657 beta=2.50 train_acc=41.03% test_acc=37.94% best=39.45% lr=0.00043985628 time=13.4s est_300=1h 03m 31s
[LG:PiT-Ti][070/300] loss=29.1284 ce=2.4953 guidance=10.6532 beta=2.50 train_acc=41.13% test_acc=38.95% best=39.45% lr=0.00043815249 time=10.9s est_300=1h 03m 24s
[LG:PiT-Ti][071/300] loss=29.0133 ce=2.4696 guidance=10.6175 beta=2.50 train_acc=42.10% test_acc=39.32% best=39.45% lr=0.00043642834 time=11.9s est_300=1h 03m 20s
[LG:PiT-Ti][072/300] loss=28.9467 ce=2.4457 guidance=10.6004 beta=2.50 train_acc=42.61% test_acc=40.35% best=40.35% lr=0.00043468403 time=11.0s est_300=1h 03m 13s
[LG:PiT-Ti][073/300] loss=28.8039 ce=2.3857 guidance=10.5673 beta=2.50 train_acc=43.10% test_acc=39.13% best=40.35% lr=0.00043291974 time=10.9s est_300=1h 03m 06s
[LG:PiT-Ti][074/300] loss=28.8287 ce=2.3987 guidance=10.5720 beta=2.50 train_acc=43.56% test_acc=39.89% best=40.35% lr=0.00043113566 time=10.9s est_300=1h 02m 59s
[LG:PiT-Ti][075/300] loss=28.8644 ce=2.3714 guidance=10.5972 beta=2.50 train_acc=44.09% test_acc=38.49% best=40.35% lr=0.00042933199 time=11.7s est_300=1h 02m 56s
[LG:PiT-Ti][076/300] loss=28.6876 ce=2.3410 guidance=10.5386 beta=2.50 train_acc=45.74% test_acc=39.32% best=40.35% lr=0.00042750893 time=11.7s est_300=1h 02m 52s
[LG:PiT-Ti][077/300] loss=28.5181 ce=2.3379 guidance=10.4720 beta=2.50 train_acc=44.92% test_acc=39.44% best=40.35% lr=0.00042566668 time=11.7s est_300=1h 02m 49s
[LG:PiT-Ti][078/300] loss=28.4982 ce=2.3700 guidance=10.4512 beta=2.50 train_acc=44.11% test_acc=39.71% best=40.35% lr=0.00042380544 time=12.3s est_300=1h 02m 48s
[LG:PiT-Ti][079/300] loss=28.3888 ce=2.3929 guidance=10.3983 beta=2.50 train_acc=43.50% test_acc=40.63% best=40.63% lr=0.00042192541 time=13.1s est_300=1h 02m 50s
[LG:PiT-Ti][080/300] loss=28.4779 ce=2.2917 guidance=10.4745 beta=2.50 train_acc=45.92% test_acc=40.33% best=40.63% lr=0.0004200268 time=12.5s est_300=1h 02m 50s
[LG:PiT-Ti][081/300] loss=28.3916 ce=2.3095 guidance=10.4329 beta=2.50 train_acc=46.57% test_acc=40.51% best=40.63% lr=0.00041810983 time=12.6s est_300=1h 02m 50s
[LG:PiT-Ti][082/300] loss=28.3115 ce=2.2816 guidance=10.4120 beta=2.50 train_acc=46.99% test_acc=40.51% best=40.63% lr=0.00041617469 time=12.4s est_300=1h 02m 49s
[LG:PiT-Ti][083/300] loss=28.0508 ce=2.2649 guidance=10.3144 beta=2.50 train_acc=46.82% test_acc=40.25% best=40.63% lr=0.0004142216 time=13.3s est_300=1h 02m 52s
[LG:PiT-Ti][084/300] loss=27.9678 ce=2.2540 guidance=10.2855 beta=2.50 train_acc=47.21% test_acc=40.01% best=40.63% lr=0.00041225078 time=13.6s est_300=1h 02m 56s
[LG:PiT-Ti][085/300] loss=27.9884 ce=2.2921 guidance=10.2785 beta=2.50 train_acc=45.65% test_acc=39.85% best=40.63% lr=0.00041026244 time=13.6s est_300=1h 02m 59s
[LG:PiT-Ti][086/300] loss=28.0502 ce=2.1975 guidance=10.3411 beta=2.50 train_acc=47.83% test_acc=39.68% best=40.63% lr=0.0004082568 time=12.8s est_300=1h 03m 00s
[LG:PiT-Ti][087/300] loss=27.8954 ce=2.1760 guidance=10.2877 beta=2.50 train_acc=49.05% test_acc=40.61% best=40.63% lr=0.00040623408 time=12.7s est_300=1h 03m 00s
[LG:PiT-Ti][088/300] loss=27.9066 ce=2.1484 guidance=10.3032 beta=2.50 train_acc=49.41% test_acc=40.49% best=40.63% lr=0.0004041945 time=12.2s est_300=1h 02m 59s
[LG:PiT-Ti][089/300] loss=27.9478 ce=2.1680 guidance=10.3119 beta=2.50 train_acc=48.32% test_acc=40.02% best=40.63% lr=0.00040213828 time=11.8s est_300=1h 02m 56s
[LG:PiT-Ti][090/300] loss=27.8302 ce=2.1875 guidance=10.2571 beta=2.50 train_acc=49.20% test_acc=41.30% best=41.30% lr=0.00040006566 time=10.9s est_300=1h 02m 50s
[LG:PiT-Ti][091/300] loss=27.6124 ce=2.1475 guidance=10.1860 beta=2.50 train_acc=49.78% test_acc=41.01% best=41.30% lr=0.00039797685 time=11.6s est_300=1h 02m 47s
[LG:PiT-Ti][092/300] loss=27.5117 ce=2.1138 guidance=10.1592 beta=2.50 train_acc=49.49% test_acc=40.39% best=41.30% lr=0.00039587209 time=12.9s est_300=1h 02m 48s
[LG:PiT-Ti][093/300] loss=27.6490 ce=2.0766 guidance=10.2290 beta=2.50 train_acc=50.78% test_acc=40.80% best=41.30% lr=0.00039375161 time=11.6s est_300=1h 02m 45s
[LG:PiT-Ti][094/300] loss=27.5269 ce=2.0853 guidance=10.1766 beta=2.50 train_acc=50.73% test_acc=41.16% best=41.30% lr=0.00039161564 time=12.3s est_300=1h 02m 45s
[LG:PiT-Ti][095/300] loss=27.4295 ce=2.0757 guidance=10.1415 beta=2.50 train_acc=50.76% test_acc=40.49% best=41.30% lr=0.00038946441 time=12.8s est_300=1h 02m 45s
[LG:PiT-Ti][096/300] loss=27.2982 ce=2.0629 guidance=10.0941 beta=2.50 train_acc=50.97% test_acc=40.82% best=41.30% lr=0.00038729816 time=12.0s est_300=1h 02m 44s
[LG:PiT-Ti][097/300] loss=27.3962 ce=2.0384 guidance=10.1431 beta=2.50 train_acc=51.56% test_acc=40.56% best=41.30% lr=0.00038511713 time=12.2s est_300=1h 02m 43s
[LG:PiT-Ti][098/300] loss=27.3836 ce=2.0264 guidance=10.1429 beta=2.50 train_acc=52.21% test_acc=40.94% best=41.30% lr=0.00038292156 time=11.7s est_300=1h 02m 40s
[LG:PiT-Ti][099/300] loss=27.2496 ce=2.0239 guidance=10.0903 beta=2.50 train_acc=52.84% test_acc=41.42% best=41.42% lr=0.00038071168 time=12.7s est_300=1h 02m 41s
[LG:PiT-Ti][100/300] loss=27.3695 ce=2.0395 guidance=10.1320 beta=2.50 train_acc=52.21% test_acc=40.68% best=41.42% lr=0.00037848775 time=11.5s est_300=1h 02m 38s
[LG:PiT-Ti][101/300] loss=27.1946 ce=1.9869 guidance=10.0831 beta=2.50 train_acc=53.02% test_acc=41.04% best=41.42% lr=0.00037625 time=10.9s est_300=1h 02m 33s
[LG:PiT-Ti][102/300] loss=27.0789 ce=2.0394 guidance=10.0158 beta=2.50 train_acc=52.45% test_acc=40.90% best=41.42% lr=0.00037399868 time=11.7s est_300=1h 02m 30s
[LG:PiT-Ti][103/300] loss=26.9612 ce=1.9985 guidance=9.9851 beta=2.50 train_acc=53.01% test_acc=41.22% best=41.42% lr=0.00037173403 time=13.4s est_300=1h 02m 33s
[LG:PiT-Ti][104/300] loss=27.0504 ce=1.9461 guidance=10.0417 beta=2.50 train_acc=53.16% test_acc=40.28% best=41.42% lr=0.00036945631 time=13.2s est_300=1h 02m 35s
[LG:PiT-Ti][105/300] loss=27.0324 ce=1.9617 guidance=10.0283 beta=2.50 train_acc=54.35% test_acc=40.63% best=41.42% lr=0.00036716577 time=12.2s est_300=1h 02m 34s
[LG:PiT-Ti][106/300] loss=26.9749 ce=1.9680 guidance=10.0028 beta=2.50 train_acc=54.16% test_acc=41.75% best=41.75% lr=0.00036486265 time=12.4s est_300=1h 02m 34s
[LG:PiT-Ti][107/300] loss=26.9051 ce=1.9485 guidance=9.9827 beta=2.50 train_acc=53.46% test_acc=41.92% best=41.92% lr=0.00036254721 time=12.0s est_300=1h 02m 33s
[LG:PiT-Ti][108/300] loss=26.9734 ce=1.9252 guidance=10.0193 beta=2.50 train_acc=55.54% test_acc=41.22% best=41.92% lr=0.0003602197 time=11.9s est_300=1h 02m 31s
[LG:PiT-Ti][109/300] loss=26.7966 ce=1.9376 guidance=9.9436 beta=2.50 train_acc=54.94% test_acc=41.03% best=41.92% lr=0.00035788037 time=11.2s est_300=1h 02m 27s
[LG:PiT-Ti][110/300] loss=26.7291 ce=1.8985 guidance=9.9322 beta=2.50 train_acc=55.08% test_acc=40.85% best=41.92% lr=0.0003555295 time=12.7s est_300=1h 02m 28s
[LG:PiT-Ti][111/300] loss=26.8091 ce=1.9022 guidance=9.9628 beta=2.50 train_acc=54.19% test_acc=42.37% best=42.37% lr=0.00035316732 time=13.2s est_300=1h 02m 30s
[LG:PiT-Ti][112/300] loss=26.7152 ce=1.9257 guidance=9.9158 beta=2.50 train_acc=54.48% test_acc=39.96% best=42.37% lr=0.0003507941 time=13.8s est_300=1h 02m 34s
[LG:PiT-Ti][113/300] loss=26.3791 ce=1.9101 guidance=9.7876 beta=2.50 train_acc=55.40% test_acc=41.28% best=42.37% lr=0.00034841011 time=14.0s est_300=1h 02m 38s
[LG:PiT-Ti][114/300] loss=26.5950 ce=1.8871 guidance=9.8832 beta=2.50 train_acc=55.88% test_acc=40.94% best=42.37% lr=0.00034601559 time=13.0s est_300=1h 02m 39s
[LG:PiT-Ti][115/300] loss=26.3697 ce=1.8312 guidance=9.8154 beta=2.50 train_acc=56.96% test_acc=41.27% best=42.37% lr=0.00034361083 time=12.9s est_300=1h 02m 40s
[LG:PiT-Ti][116/300] loss=26.4167 ce=1.8652 guidance=9.8206 beta=2.50 train_acc=55.77% test_acc=41.34% best=42.37% lr=0.00034119607 time=12.8s est_300=1h 02m 41s
[LG:PiT-Ti][117/300] loss=26.3759 ce=1.8933 guidance=9.7930 beta=2.50 train_acc=54.86% test_acc=41.53% best=42.37% lr=0.00033877158 time=12.6s est_300=1h 02m 41s
[LG:PiT-Ti][118/300] loss=26.3862 ce=1.8695 guidance=9.8066 beta=2.50 train_acc=55.76% test_acc=41.68% best=42.37% lr=0.00033633764 time=12.5s est_300=1h 02m 41s
[LG:PiT-Ti][119/300] loss=26.2944 ce=1.8374 guidance=9.7828 beta=2.50 train_acc=56.62% test_acc=41.22% best=42.37% lr=0.0003338945 time=12.9s est_300=1h 02m 42s
[LG:PiT-Ti][120/300] loss=26.4786 ce=1.8358 guidance=9.8571 beta=2.50 train_acc=56.62% test_acc=41.70% best=42.37% lr=0.00033144243 time=11.7s est_300=1h 02m 39s
[LG:PiT-Ti][121/300] loss=26.1353 ce=1.8045 guidance=9.7323 beta=2.50 train_acc=57.66% test_acc=41.28% best=42.37% lr=0.00032898171 time=13.0s est_300=1h 02m 41s
[LG:PiT-Ti][122/300] loss=26.3373 ce=1.8128 guidance=9.8098 beta=2.50 train_acc=57.13% test_acc=41.13% best=42.37% lr=0.0003265126 time=13.5s est_300=1h 02m 43s
[LG:PiT-Ti][123/300] loss=26.1352 ce=1.7746 guidance=9.7442 beta=2.50 train_acc=57.86% test_acc=40.65% best=42.37% lr=0.00032403537 time=14.5s est_300=1h 02m 48s
[LG:PiT-Ti][124/300] loss=26.1765 ce=1.7920 guidance=9.7538 beta=2.50 train_acc=58.49% test_acc=41.54% best=42.37% lr=0.0003215503 time=14.2s est_300=1h 02m 52s
[LG:PiT-Ti][125/300] loss=26.0928 ce=1.8354 guidance=9.7030 beta=2.50 train_acc=57.40% test_acc=39.44% best=42.37% lr=0.00031905766 time=13.8s est_300=1h 02m 55s
[LG:PiT-Ti][126/300] loss=26.0777 ce=1.7454 guidance=9.7329 beta=2.50 train_acc=58.64% test_acc=40.94% best=42.37% lr=0.00031655771 time=13.5s est_300=1h 02m 57s
[LG:PiT-Ti][127/300] loss=26.0378 ce=1.7233 guidance=9.7258 beta=2.50 train_acc=58.92% test_acc=40.73% best=42.37% lr=0.00031405075 time=13.8s est_300=1h 03m 00s
[LG:PiT-Ti][128/300] loss=25.9800 ce=1.7281 guidance=9.7008 beta=2.50 train_acc=58.87% test_acc=41.44% best=42.37% lr=0.00031153703 time=13.8s est_300=1h 03m 02s
[LG:PiT-Ti][129/300] loss=26.0782 ce=1.7103 guidance=9.7471 beta=2.50 train_acc=60.46% test_acc=41.25% best=42.37% lr=0.00030901684 time=13.0s est_300=1h 03m 03s
[LG:PiT-Ti][130/300] loss=26.0447 ce=1.7552 guidance=9.7158 beta=2.50 train_acc=58.71% test_acc=42.29% best=42.37% lr=0.00030649045 time=14.2s est_300=1h 03m 07s
[LG:PiT-Ti][131/300] loss=26.0842 ce=1.7275 guidance=9.7427 beta=2.50 train_acc=59.31% test_acc=40.44% best=42.37% lr=0.00030395814 time=13.6s est_300=1h 03m 09s
[LG:PiT-Ti][132/300] loss=25.9590 ce=1.7147 guidance=9.6977 beta=2.50 train_acc=59.43% test_acc=41.87% best=42.37% lr=0.00030142019 time=13.8s est_300=1h 03m 12s
[LG:PiT-Ti][133/300] loss=25.7963 ce=1.7144 guidance=9.6328 beta=2.50 train_acc=59.83% test_acc=41.46% best=42.37% lr=0.00029887688 time=13.8s est_300=1h 03m 14s
[LG:PiT-Ti][134/300] loss=25.7294 ce=1.6694 guidance=9.6240 beta=2.50 train_acc=60.12% test_acc=41.40% best=42.37% lr=0.00029632847 time=13.5s est_300=1h 03m 16s
[LG:PiT-Ti][135/300] loss=25.9003 ce=1.6748 guidance=9.6902 beta=2.50 train_acc=60.78% test_acc=41.40% best=42.37% lr=0.00029377526 time=14.1s est_300=1h 03m 19s
[LG:PiT-Ti][136/300] loss=25.7995 ce=1.6872 guidance=9.6449 beta=2.50 train_acc=60.85% test_acc=41.92% best=42.37% lr=0.00029121753 time=12.4s est_300=1h 03m 19s
[LG:PiT-Ti][137/300] loss=25.6255 ce=1.7054 guidance=9.5681 beta=2.50 train_acc=60.56% test_acc=41.22% best=42.37% lr=0.00028865555 time=13.4s est_300=1h 03m 21s
[LG:PiT-Ti][138/300] loss=25.6405 ce=1.6736 guidance=9.5867 beta=2.50 train_acc=60.12% test_acc=41.87% best=42.37% lr=0.0002860896 time=13.5s est_300=1h 03m 22s
[LG:PiT-Ti][139/300] loss=25.6066 ce=1.6254 guidance=9.5925 beta=2.50 train_acc=61.31% test_acc=41.73% best=42.37% lr=0.00028351998 time=13.3s est_300=1h 03m 24s
[LG:PiT-Ti][140/300] loss=25.4832 ce=1.6725 guidance=9.5243 beta=2.50 train_acc=60.95% test_acc=41.15% best=42.37% lr=0.00028094694 time=13.2s est_300=1h 03m 25s
[LG:PiT-Ti][141/300] loss=25.5505 ce=1.6061 guidance=9.5778 beta=2.50 train_acc=61.80% test_acc=41.51% best=42.37% lr=0.00027837079 time=13.0s est_300=1h 03m 25s
[LG:PiT-Ti][142/300] loss=25.5846 ce=1.6292 guidance=9.5822 beta=2.50 train_acc=61.75% test_acc=41.66% best=42.37% lr=0.00027579181 time=12.5s est_300=1h 03m 25s
[LG:PiT-Ti][143/300] loss=25.4663 ce=1.5705 guidance=9.5583 beta=2.50 train_acc=62.89% test_acc=41.99% best=42.37% lr=0.00027321027 time=13.1s est_300=1h 03m 26s
[LG:PiT-Ti][144/300] loss=25.4706 ce=1.5988 guidance=9.5487 beta=2.50 train_acc=62.60% test_acc=40.32% best=42.37% lr=0.00027062645 time=12.6s est_300=1h 03m 26s
[LG:PiT-Ti][145/300] loss=25.6062 ce=1.6279 guidance=9.5913 beta=2.50 train_acc=61.87% test_acc=41.25% best=42.37% lr=0.00026804065 time=12.8s est_300=1h 03m 26s
[LG:PiT-Ti][146/300] loss=25.2930 ce=1.5886 guidance=9.4818 beta=2.50 train_acc=62.74% test_acc=41.16% best=42.37% lr=0.00026545315 time=13.0s est_300=1h 03m 26s
[LG:PiT-Ti][147/300] loss=25.5428 ce=1.6084 guidance=9.5738 beta=2.50 train_acc=61.53% test_acc=40.54% best=42.37% lr=0.00026286422 time=13.8s est_300=1h 03m 29s
[LG:PiT-Ti][148/300] loss=25.2737 ce=1.5989 guidance=9.4700 beta=2.50 train_acc=62.02% test_acc=41.85% best=42.37% lr=0.00026027416 time=13.6s est_300=1h 03m 30s
[LG:PiT-Ti][149/300] loss=25.2917 ce=1.5457 guidance=9.4984 beta=2.50 train_acc=63.28% test_acc=41.37% best=42.37% lr=0.00025768325 time=11.7s est_300=1h 03m 28s
[LG:PiT-Ti][150/300] loss=25.3059 ce=1.5249 guidance=9.5124 beta=2.50 train_acc=64.08% test_acc=40.84% best=42.37% lr=0.00025509177 time=12.1s est_300=1h 03m 27s
[LG:PiT-Ti][151/300] loss=25.0722 ce=1.5686 guidance=9.4014 beta=2.50 train_acc=63.45% test_acc=41.40% best=42.37% lr=0.0002525 time=11.0s est_300=1h 03m 24s
[LG:PiT-Ti][152/300] loss=25.2162 ce=1.5153 guidance=9.4803 beta=2.50 train_acc=64.69% test_acc=41.66% best=42.37% lr=0.00024990823 time=11.5s est_300=1h 03m 21s
[LG:PiT-Ti][153/300] loss=25.0094 ce=1.5714 guidance=9.3752 beta=2.50 train_acc=62.75% test_acc=41.04% best=42.37% lr=0.00024731675 time=12.6s est_300=1h 03m 21s
[LG:PiT-Ti][154/300] loss=25.0515 ce=1.5102 guidance=9.4165 beta=2.50 train_acc=64.03% test_acc=41.01% best=42.37% lr=0.00024472584 time=12.8s est_300=1h 03m 22s
[LG:PiT-Ti][155/300] loss=25.3180 ce=1.5339 guidance=9.5136 beta=2.50 train_acc=63.40% test_acc=40.89% best=42.37% lr=0.00024213578 time=13.2s est_300=1h 03m 23s
[LG:PiT-Ti][156/300] loss=25.0592 ce=1.5478 guidance=9.4046 beta=2.50 train_acc=63.96% test_acc=41.16% best=42.37% lr=0.00023954685 time=11.5s est_300=1h 03m 21s
[LG:PiT-Ti][157/300] loss=25.0224 ce=1.5074 guidance=9.4060 beta=2.50 train_acc=64.49% test_acc=40.39% best=42.37% lr=0.00023695935 time=13.9s est_300=1h 03m 23s
[LG:PiT-Ti][158/300] loss=25.1888 ce=1.5566 guidance=9.4529 beta=2.50 train_acc=63.45% test_acc=41.34% best=42.37% lr=0.00023437355 time=12.6s est_300=1h 03m 23s
[LG:PiT-Ti][159/300] loss=25.0539 ce=1.5019 guidance=9.4208 beta=2.50 train_acc=64.27% test_acc=41.66% best=42.37% lr=0.00023178973 time=12.7s est_300=1h 03m 23s
[LG:PiT-Ti][160/300] loss=25.1091 ce=1.5189 guidance=9.4361 beta=2.50 train_acc=64.50% test_acc=39.89% best=42.37% lr=0.00022920819 time=13.7s est_300=1h 03m 25s
[LG:PiT-Ti][161/300] loss=25.0500 ce=1.4822 guidance=9.4271 beta=2.50 train_acc=65.39% test_acc=41.25% best=42.37% lr=0.00022662921 time=12.5s est_300=1h 03m 24s
[LG:PiT-Ti][162/300] loss=24.9797 ce=1.5517 guidance=9.3712 beta=2.50 train_acc=63.74% test_acc=40.73% best=42.37% lr=0.00022405306 time=13.6s est_300=1h 03m 26s
[LG:PiT-Ti][163/300] loss=24.9691 ce=1.4909 guidance=9.3913 beta=2.50 train_acc=64.91% test_acc=40.96% best=42.37% lr=0.00022148002 time=12.9s est_300=1h 03m 27s
[LG:PiT-Ti][164/300] loss=25.0894 ce=1.4724 guidance=9.4468 beta=2.50 train_acc=65.17% test_acc=40.77% best=42.37% lr=0.0002189104 time=13.7s est_300=1h 03m 28s
[LG:PiT-Ti][165/300] loss=24.9621 ce=1.4759 guidance=9.3945 beta=2.50 train_acc=65.40% test_acc=40.40% best=42.37% lr=0.00021634445 time=14.0s est_300=1h 03m 31s
[LG:PiT-Ti][166/300] loss=24.8289 ce=1.4761 guidance=9.3411 beta=2.50 train_acc=65.30% test_acc=41.11% best=42.37% lr=0.00021378247 time=13.6s est_300=1h 03m 32s
[LG:PiT-Ti][167/300] loss=24.8192 ce=1.4864 guidance=9.3331 beta=2.50 train_acc=65.51% test_acc=41.92% best=42.37% lr=0.00021122474 time=13.1s est_300=1h 03m 33s
[LG:PiT-Ti][168/300] loss=24.6404 ce=1.4839 guidance=9.2626 beta=2.50 train_acc=65.23% test_acc=40.59% best=42.37% lr=0.00020867153 time=12.8s est_300=1h 03m 33s
[LG:PiT-Ti][169/300] loss=24.8971 ce=1.4391 guidance=9.3832 beta=2.50 train_acc=66.13% test_acc=40.80% best=42.37% lr=0.00020612312 time=13.6s est_300=1h 03m 35s
[LG:PiT-Ti][170/300] loss=24.7991 ce=1.5047 guidance=9.3178 beta=2.50 train_acc=64.42% test_acc=40.77% best=42.37% lr=0.00020357981 time=14.1s est_300=1h 03m 37s
[LG:PiT-Ti][171/300] loss=24.7394 ce=1.4652 guidance=9.3097 beta=2.50 train_acc=65.46% test_acc=41.63% best=42.37% lr=0.00020104186 time=13.5s est_300=1h 03m 39s
[LG:PiT-Ti][172/300] loss=24.5806 ce=1.4300 guidance=9.2602 beta=2.50 train_acc=66.61% test_acc=41.03% best=42.37% lr=0.00019850955 time=13.7s est_300=1h 03m 40s
[LG:PiT-Ti][173/300] loss=24.6942 ce=1.4616 guidance=9.2930 beta=2.50 train_acc=65.15% test_acc=40.82% best=42.37% lr=0.00019598316 time=13.2s est_300=1h 03m 41s
[LG:PiT-Ti][174/300] loss=24.5600 ce=1.4528 guidance=9.2429 beta=2.50 train_acc=65.52% test_acc=40.39% best=42.37% lr=0.00019346297 time=13.3s est_300=1h 03m 42s
[LG:PiT-Ti][175/300] loss=24.7955 ce=1.3949 guidance=9.3602 beta=2.50 train_acc=66.66% test_acc=40.27% best=42.37% lr=0.00019094925 time=12.5s est_300=1h 03m 42s
[LG:PiT-Ti][176/300] loss=24.5418 ce=1.4158 guidance=9.2504 beta=2.50 train_acc=66.51% test_acc=40.89% best=42.37% lr=0.00018844229 time=12.9s est_300=1h 03m 42s
[LG:PiT-Ti][177/300] loss=24.4864 ce=1.3982 guidance=9.2353 beta=2.50 train_acc=67.39% test_acc=40.87% best=42.37% lr=0.00018594234 time=12.2s est_300=1h 03m 41s
[LG:PiT-Ti][178/300] loss=24.4477 ce=1.3971 guidance=9.2202 beta=2.50 train_acc=67.37% test_acc=41.03% best=42.37% lr=0.0001834497 time=13.6s est_300=1h 03m 42s
[LG:PiT-Ti][179/300] loss=24.5157 ce=1.4080 guidance=9.2431 beta=2.50 train_acc=66.61% test_acc=39.96% best=42.37% lr=0.00018096463 time=13.1s est_300=1h 03m 43s
[LG:PiT-Ti][180/300] loss=24.4551 ce=1.3756 guidance=9.2318 beta=2.50 train_acc=67.58% test_acc=40.87% best=42.37% lr=0.0001784874 time=12.8s est_300=1h 03m 43s
[LG:PiT-Ti][181/300] loss=24.5089 ce=1.4238 guidance=9.2340 beta=2.50 train_acc=66.25% test_acc=41.27% best=42.37% lr=0.00017601829 time=12.9s est_300=1h 03m 43s
[LG:PiT-Ti][182/300] loss=24.5221 ce=1.3998 guidance=9.2489 beta=2.50 train_acc=66.69% test_acc=40.61% best=42.37% lr=0.00017355757 time=12.4s est_300=1h 03m 43s
[LG:PiT-Ti][183/300] loss=24.3404 ce=1.3930 guidance=9.1790 beta=2.50 train_acc=67.60% test_acc=40.13% best=42.37% lr=0.0001711055 time=12.4s est_300=1h 03m 42s
[LG:PiT-Ti][184/300] loss=24.4738 ce=1.3886 guidance=9.2341 beta=2.50 train_acc=67.27% test_acc=40.96% best=42.37% lr=0.00016866236 time=12.3s est_300=1h 03m 42s
[LG:PiT-Ti][185/300] loss=24.3985 ce=1.3668 guidance=9.2127 beta=2.50 train_acc=67.53% test_acc=40.90% best=42.37% lr=0.00016622842 time=13.6s est_300=1h 03m 43s
[LG:PiT-Ti][186/300] loss=24.4432 ce=1.3881 guidance=9.2220 beta=2.50 train_acc=67.07% test_acc=41.39% best=42.37% lr=0.00016380393 time=13.6s est_300=1h 03m 44s
[LG:PiT-Ti][187/300] loss=24.2913 ce=1.3287 guidance=9.1850 beta=2.50 train_acc=68.99% test_acc=39.97% best=42.37% lr=0.00016138917 time=12.7s est_300=1h 03m 44s
[LG:PiT-Ti][188/300] loss=24.4260 ce=1.3884 guidance=9.2150 beta=2.50 train_acc=67.05% test_acc=40.66% best=42.37% lr=0.00015898441 time=12.1s est_300=1h 03m 43s
[LG:PiT-Ti][189/300] loss=24.3665 ce=1.3630 guidance=9.2014 beta=2.50 train_acc=68.14% test_acc=40.13% best=42.37% lr=0.00015658989 time=12.2s est_300=1h 03m 42s
[LG:PiT-Ti][190/300] loss=24.2591 ce=1.3326 guidance=9.1706 beta=2.50 train_acc=68.61% test_acc=40.06% best=42.37% lr=0.0001542059 time=12.1s est_300=1h 03m 41s
[LG:PiT-Ti][191/300] loss=24.0727 ce=1.3486 guidance=9.0897 beta=2.50 train_acc=68.67% test_acc=41.16% best=42.37% lr=0.00015183268 time=13.2s est_300=1h 03m 42s
[LG:PiT-Ti][192/300] loss=24.2356 ce=1.2974 guidance=9.1753 beta=2.50 train_acc=69.46% test_acc=40.85% best=42.37% lr=0.0001494705 time=13.5s est_300=1h 03m 43s
[LG:PiT-Ti][193/300] loss=24.1897 ce=1.3482 guidance=9.1366 beta=2.50 train_acc=68.21% test_acc=40.02% best=42.37% lr=0.00014711963 time=13.5s est_300=1h 03m 45s
[LG:PiT-Ti][194/300] loss=24.0835 ce=1.3159 guidance=9.1070 beta=2.50 train_acc=68.48% test_acc=41.16% best=42.37% lr=0.0001447803 time=11.2s est_300=1h 03m 42s
[LG:PiT-Ti][195/300] loss=24.0811 ce=1.3433 guidance=9.0951 beta=2.50 train_acc=68.60% test_acc=40.63% best=42.37% lr=0.00014245279 time=11.7s est_300=1h 03m 40s
[LG:PiT-Ti][196/300] loss=24.3601 ce=1.3255 guidance=9.2138 beta=2.50 train_acc=68.73% test_acc=41.56% best=42.37% lr=0.00014013735 time=11.9s est_300=1h 03m 39s
[LG:PiT-Ti][197/300] loss=24.0348 ce=1.2894 guidance=9.0981 beta=2.50 train_acc=69.33% test_acc=41.32% best=42.37% lr=0.00013783423 time=11.0s est_300=1h 03m 36s
[LG:PiT-Ti][198/300] loss=24.1180 ce=1.2822 guidance=9.1343 beta=2.50 train_acc=69.46% test_acc=40.52% best=42.37% lr=0.00013554369 time=12.4s est_300=1h 03m 36s
[LG:PiT-Ti][199/300] loss=24.2550 ce=1.3383 guidance=9.1667 beta=2.50 train_acc=68.70% test_acc=41.09% best=42.37% lr=0.00013326597 time=13.3s est_300=1h 03m 37s
[LG:PiT-Ti][200/300] loss=23.9988 ce=1.2928 guidance=9.0824 beta=2.50 train_acc=69.24% test_acc=40.85% best=42.37% lr=0.00013100132 time=12.3s est_300=1h 03m 36s
[LG:PiT-Ti][201/300] loss=24.0538 ce=1.3083 guidance=9.0982 beta=2.50 train_acc=69.19% test_acc=40.84% best=42.37% lr=0.00012875 time=12.8s est_300=1h 03m 36s
[LG:PiT-Ti][202/300] loss=23.9023 ce=1.3048 guidance=9.0390 beta=2.50 train_acc=68.75% test_acc=40.30% best=42.37% lr=0.00012651225 time=12.4s est_300=1h 03m 36s
[LG:PiT-Ti][203/300] loss=24.0903 ce=1.3038 guidance=9.1146 beta=2.50 train_acc=69.09% test_acc=40.66% best=42.37% lr=0.00012428832 time=12.6s est_300=1h 03m 36s
[LG:PiT-Ti][204/300] loss=23.9557 ce=1.2866 guidance=9.0677 beta=2.50 train_acc=69.11% test_acc=40.30% best=42.37% lr=0.00012207844 time=12.8s est_300=1h 03m 36s
[LG:PiT-Ti][205/300] loss=24.0105 ce=1.2665 guidance=9.0976 beta=2.50 train_acc=70.24% test_acc=40.09% best=42.37% lr=0.00011988287 time=12.8s est_300=1h 03m 36s
[LG:PiT-Ti][206/300] loss=23.9690 ce=1.2956 guidance=9.0694 beta=2.50 train_acc=69.19% test_acc=40.40% best=42.37% lr=0.00011770184 time=12.8s est_300=1h 03m 36s
[LG:PiT-Ti][207/300] loss=23.8956 ce=1.2763 guidance=9.0477 beta=2.50 train_acc=69.68% test_acc=40.02% best=42.37% lr=0.00011553559 time=12.8s est_300=1h 03m 36s
[LG:PiT-Ti][208/300] loss=23.8762 ce=1.3065 guidance=9.0279 beta=2.50 train_acc=69.00% test_acc=40.02% best=42.37% lr=0.00011338436 time=11.8s est_300=1h 03m 35s
[LG:PiT-Ti][209/300] loss=24.0407 ce=1.3197 guidance=9.0884 beta=2.50 train_acc=69.09% test_acc=39.99% best=42.37% lr=0.00011124839 time=10.9s est_300=1h 03m 32s
[LG:PiT-Ti][210/300] loss=23.9802 ce=1.2578 guidance=9.0890 beta=2.50 train_acc=69.90% test_acc=40.18% best=42.37% lr=0.00010912791 time=12.7s est_300=1h 03m 32s
[LG:PiT-Ti][211/300] loss=23.8338 ce=1.2704 guidance=9.0254 beta=2.50 train_acc=69.79% test_acc=39.45% best=42.37% lr=0.00010702315 time=13.3s est_300=1h 03m 33s
[LG:PiT-Ti][212/300] loss=23.9256 ce=1.1811 guidance=9.0978 beta=2.50 train_acc=72.55% test_acc=39.82% best=42.37% lr=0.00010493434 time=12.8s est_300=1h 03m 33s
[LG:PiT-Ti][213/300] loss=23.9769 ce=1.2820 guidance=9.0780 beta=2.50 train_acc=69.75% test_acc=40.54% best=42.37% lr=0.00010286172 time=13.2s est_300=1h 03m 34s
[LG:PiT-Ti][214/300] loss=23.8053 ce=1.2704 guidance=9.0140 beta=2.50 train_acc=70.30% test_acc=40.32% best=42.37% lr=0.0001008055 time=13.6s est_300=1h 03m 35s
[LG:PiT-Ti][215/300] loss=23.8351 ce=1.2705 guidance=9.0258 beta=2.50 train_acc=70.02% test_acc=39.92% best=42.37% lr=9.8765924e-05 time=14.0s est_300=1h 03m 37s
[LG:PiT-Ti][216/300] loss=23.7048 ce=1.2480 guidance=8.9827 beta=2.50 train_acc=70.84% test_acc=39.97% best=42.37% lr=9.6743203e-05 time=13.9s est_300=1h 03m 39s
[LG:PiT-Ti][217/300] loss=23.7981 ce=1.2431 guidance=9.0220 beta=2.50 train_acc=70.50% test_acc=40.14% best=42.37% lr=9.4737563e-05 time=14.0s est_300=1h 03m 40s
[LG:PiT-Ti][218/300] loss=23.8927 ce=1.2532 guidance=9.0558 beta=2.50 train_acc=70.62% test_acc=40.58% best=42.37% lr=9.2749222e-05 time=14.0s est_300=1h 03m 42s
[LG:PiT-Ti][219/300] loss=23.6843 ce=1.2387 guidance=8.9782 beta=2.50 train_acc=70.97% test_acc=39.87% best=42.37% lr=9.0778401e-05 time=13.1s est_300=1h 03m 42s
[LG:PiT-Ti][220/300] loss=23.6361 ce=1.2309 guidance=8.9621 beta=2.50 train_acc=71.11% test_acc=39.90% best=42.37% lr=8.8825313e-05 time=13.3s est_300=1h 03m 43s
[LG:PiT-Ti][221/300] loss=23.7793 ce=1.1969 guidance=9.0330 beta=2.50 train_acc=71.74% test_acc=40.87% best=42.37% lr=8.6890175e-05 time=13.2s est_300=1h 03m 44s
[LG:PiT-Ti][222/300] loss=23.8120 ce=1.2227 guidance=9.0357 beta=2.50 train_acc=70.86% test_acc=41.15% best=42.37% lr=8.4973198e-05 time=12.9s est_300=1h 03m 44s
[LG:PiT-Ti][223/300] loss=23.6852 ce=1.2235 guidance=8.9847 beta=2.50 train_acc=70.96% test_acc=40.78% best=42.37% lr=8.3074591e-05 time=12.5s est_300=1h 03m 44s
[LG:PiT-Ti][224/300] loss=23.6692 ce=1.2209 guidance=8.9793 beta=2.50 train_acc=71.81% test_acc=40.37% best=42.37% lr=8.1194564e-05 time=12.2s est_300=1h 03m 43s
[LG:PiT-Ti][225/300] loss=23.6970 ce=1.2345 guidance=8.9850 beta=2.50 train_acc=70.57% test_acc=39.83% best=42.37% lr=7.9333323e-05 time=12.9s est_300=1h 03m 43s
[LG:PiT-Ti][226/300] loss=23.6188 ce=1.2050 guidance=8.9655 beta=2.50 train_acc=71.84% test_acc=39.99% best=42.37% lr=7.7491072e-05 time=13.1s est_300=1h 03m 44s
[LG:PiT-Ti][227/300] loss=23.6883 ce=1.1943 guidance=8.9976 beta=2.50 train_acc=71.59% test_acc=40.52% best=42.37% lr=7.5668012e-05 time=11.6s est_300=1h 03m 42s
[LG:PiT-Ti][228/300] loss=23.5380 ce=1.1946 guidance=8.9374 beta=2.50 train_acc=71.81% test_acc=40.70% best=42.37% lr=7.3864344e-05 time=12.7s est_300=1h 03m 42s
[LG:PiT-Ti][229/300] loss=23.6815 ce=1.2386 guidance=8.9772 beta=2.50 train_acc=70.41% test_acc=40.13% best=42.37% lr=7.2080265e-05 time=13.3s est_300=1h 03m 43s
[LG:PiT-Ti][230/300] loss=23.5482 ce=1.2323 guidance=8.9264 beta=2.50 train_acc=71.16% test_acc=39.83% best=42.37% lr=7.0315971e-05 time=13.5s est_300=1h 03m 44s
[LG:PiT-Ti][231/300] loss=23.5148 ce=1.2338 guidance=8.9124 beta=2.50 train_acc=71.09% test_acc=40.44% best=42.37% lr=6.8571656e-05 time=14.2s est_300=1h 03m 46s
[LG:PiT-Ti][232/300] loss=23.6644 ce=1.2470 guidance=8.9669 beta=2.50 train_acc=70.94% test_acc=40.82% best=42.37% lr=6.684751e-05 time=14.3s est_300=1h 03m 48s
[LG:PiT-Ti][233/300] loss=23.5106 ce=1.2230 guidance=8.9151 beta=2.50 train_acc=71.06% test_acc=40.78% best=42.37% lr=6.5143724e-05 time=13.9s est_300=1h 03m 49s
[LG:PiT-Ti][234/300] loss=23.5851 ce=1.2148 guidance=8.9481 beta=2.50 train_acc=70.55% test_acc=40.35% best=42.37% lr=6.3460483e-05 time=13.5s est_300=1h 03m 50s
[LG:PiT-Ti][235/300] loss=23.5559 ce=1.2114 guidance=8.9378 beta=2.50 train_acc=71.84% test_acc=40.65% best=42.37% lr=6.1797972e-05 time=13.4s est_300=1h 03m 51s
[LG:PiT-Ti][236/300] loss=23.4655 ce=1.1661 guidance=8.9197 beta=2.50 train_acc=72.13% test_acc=40.40% best=42.37% lr=6.0156375e-05 time=12.7s est_300=1h 03m 51s
[LG:PiT-Ti][237/300] loss=23.3740 ce=1.1417 guidance=8.8929 beta=2.50 train_acc=72.96% test_acc=40.75% best=42.37% lr=5.8535869e-05 time=10.9s est_300=1h 03m 49s
[LG:PiT-Ti][238/300] loss=23.5592 ce=1.2117 guidance=8.9390 beta=2.50 train_acc=71.38% test_acc=40.32% best=42.37% lr=5.6936634e-05 time=11.4s est_300=1h 03m 47s
[LG:PiT-Ti][239/300] loss=23.4810 ce=1.2350 guidance=8.8984 beta=2.50 train_acc=71.48% test_acc=40.63% best=42.37% lr=5.5358845e-05 time=11.1s est_300=1h 03m 45s
[LG:PiT-Ti][240/300] loss=23.4927 ce=1.1785 guidance=8.9257 beta=2.50 train_acc=72.55% test_acc=40.25% best=42.37% lr=5.3802675e-05 time=13.3s est_300=1h 03m 45s
[LG:PiT-Ti][241/300] loss=23.4679 ce=1.1850 guidance=8.9131 beta=2.50 train_acc=72.01% test_acc=40.59% best=42.37% lr=5.2268294e-05 time=13.6s est_300=1h 03m 47s
[LG:PiT-Ti][242/300] loss=23.4901 ce=1.1692 guidance=8.9284 beta=2.50 train_acc=72.03% test_acc=39.90% best=42.37% lr=5.0755871e-05 time=14.0s est_300=1h 03m 48s
[LG:PiT-Ti][243/300] loss=23.4691 ce=1.1458 guidance=8.9293 beta=2.50 train_acc=72.76% test_acc=40.70% best=42.37% lr=4.9265571e-05 time=12.3s est_300=1h 03m 48s
[LG:PiT-Ti][244/300] loss=23.4659 ce=1.1562 guidance=8.9239 beta=2.50 train_acc=72.59% test_acc=40.01% best=42.37% lr=4.7797558e-05 time=12.5s est_300=1h 03m 47s
[LG:PiT-Ti][245/300] loss=23.5674 ce=1.1693 guidance=8.9593 beta=2.50 train_acc=72.49% test_acc=40.54% best=42.37% lr=4.6351993e-05 time=13.5s est_300=1h 03m 48s
[LG:PiT-Ti][246/300] loss=23.2865 ce=1.1464 guidance=8.8561 beta=2.50 train_acc=72.50% test_acc=40.89% best=42.37% lr=4.4929034e-05 time=14.2s est_300=1h 03m 50s
[LG:PiT-Ti][247/300] loss=23.3935 ce=1.1335 guidance=8.9040 beta=2.50 train_acc=73.59% test_acc=40.52% best=42.37% lr=4.3528838e-05 time=14.0s est_300=1h 03m 51s
[LG:PiT-Ti][248/300] loss=23.3534 ce=1.1553 guidance=8.8792 beta=2.50 train_acc=73.06% test_acc=39.94% best=42.37% lr=4.2151558e-05 time=13.2s est_300=1h 03m 52s
[LG:PiT-Ti][249/300] loss=23.3526 ce=1.1296 guidance=8.8892 beta=2.50 train_acc=72.55% test_acc=40.40% best=42.37% lr=4.0797346e-05 time=11.9s est_300=1h 03m 51s
[LG:PiT-Ti][250/300] loss=23.3356 ce=1.1508 guidance=8.8739 beta=2.50 train_acc=72.98% test_acc=40.21% best=42.37% lr=3.9466348e-05 time=13.8s est_300=1h 03m 52s
[LG:PiT-Ti][251/300] loss=23.2579 ce=1.1426 guidance=8.8461 beta=2.50 train_acc=72.98% test_acc=40.46% best=42.37% lr=3.8158713e-05 time=13.9s est_300=1h 03m 53s
[LG:PiT-Ti][252/300] loss=23.3484 ce=1.1327 guidance=8.8863 beta=2.50 train_acc=72.91% test_acc=40.40% best=42.37% lr=3.6874582e-05 time=13.4s est_300=1h 03m 54s
[LG:PiT-Ti][253/300] loss=23.1444 ce=1.1329 guidance=8.8046 beta=2.50 train_acc=73.35% test_acc=40.66% best=42.37% lr=3.5614097e-05 time=12.6s est_300=1h 03m 54s
[LG:PiT-Ti][254/300] loss=23.5448 ce=1.1853 guidance=8.9438 beta=2.50 train_acc=71.74% test_acc=40.58% best=42.37% lr=3.4377396e-05 time=12.8s est_300=1h 03m 54s
[LG:PiT-Ti][255/300] loss=23.3618 ce=1.1508 guidance=8.8844 beta=2.50 train_acc=72.83% test_acc=40.37% best=42.37% lr=3.3164614e-05 time=12.8s est_300=1h 03m 54s
[LG:PiT-Ti][256/300] loss=23.2726 ce=1.1058 guidance=8.8667 beta=2.50 train_acc=74.07% test_acc=40.35% best=42.37% lr=3.1975885e-05 time=12.9s est_300=1h 03m 54s
[LG:PiT-Ti][257/300] loss=23.3662 ce=1.1470 guidance=8.8877 beta=2.50 train_acc=72.79% test_acc=40.18% best=42.37% lr=3.0811339e-05 time=12.6s est_300=1h 03m 54s
[LG:PiT-Ti][258/300] loss=23.2348 ce=1.1295 guidance=8.8421 beta=2.50 train_acc=73.40% test_acc=40.14% best=42.37% lr=2.9671104e-05 time=11.9s est_300=1h 03m 53s
[LG:PiT-Ti][259/300] loss=23.3382 ce=1.0852 guidance=8.9012 beta=2.50 train_acc=73.96% test_acc=40.27% best=42.37% lr=2.8555305e-05 time=12.3s est_300=1h 03m 53s
[LG:PiT-Ti][260/300] loss=23.2959 ce=1.1411 guidance=8.8619 beta=2.50 train_acc=73.22% test_acc=40.21% best=42.37% lr=2.7464063e-05 time=13.4s est_300=1h 03m 53s
[LG:PiT-Ti][261/300] loss=23.2854 ce=1.1349 guidance=8.8602 beta=2.50 train_acc=72.74% test_acc=39.96% best=42.37% lr=2.6397499e-05 time=14.1s est_300=1h 03m 55s
[LG:PiT-Ti][262/300] loss=23.3394 ce=1.1165 guidance=8.8892 beta=2.50 train_acc=74.01% test_acc=40.30% best=42.37% lr=2.535573e-05 time=13.6s est_300=1h 03m 56s
[LG:PiT-Ti][263/300] loss=23.3585 ce=1.1444 guidance=8.8856 beta=2.50 train_acc=72.79% test_acc=40.06% best=42.37% lr=2.433887e-05 time=12.7s est_300=1h 03m 56s
[LG:PiT-Ti][264/300] loss=23.2955 ce=1.1362 guidance=8.8637 beta=2.50 train_acc=72.83% test_acc=40.23% best=42.37% lr=2.334703e-05 time=13.4s est_300=1h 03m 56s
[LG:PiT-Ti][265/300] loss=23.3820 ce=1.0963 guidance=8.9143 beta=2.50 train_acc=74.10% test_acc=40.54% best=42.37% lr=2.238032e-05 time=13.6s est_300=1h 03m 57s
[LG:PiT-Ti][266/300] loss=23.2538 ce=1.1507 guidance=8.8412 beta=2.50 train_acc=72.74% test_acc=40.23% best=42.37% lr=2.1438844e-05 time=13.5s est_300=1h 03m 58s
[LG:PiT-Ti][267/300] loss=23.1354 ce=1.1234 guidance=8.8048 beta=2.50 train_acc=73.52% test_acc=40.27% best=42.37% lr=2.0522708e-05 time=14.2s est_300=1h 04m 00s
[LG:PiT-Ti][268/300] loss=23.0935 ce=1.0962 guidance=8.7989 beta=2.50 train_acc=74.27% test_acc=40.56% best=42.37% lr=1.963201e-05 time=13.3s est_300=1h 04m 00s
[LG:PiT-Ti][269/300] loss=23.2261 ce=1.1363 guidance=8.8359 beta=2.50 train_acc=73.62% test_acc=40.25% best=42.37% lr=1.8766848e-05 time=12.7s est_300=1h 04m 00s
[LG:PiT-Ti][270/300] loss=23.2275 ce=1.1090 guidance=8.8474 beta=2.50 train_acc=73.56% test_acc=40.01% best=42.37% lr=1.7927319e-05 time=13.1s est_300=1h 04m 00s
[LG:PiT-Ti][271/300] loss=23.2464 ce=1.1172 guidance=8.8517 beta=2.50 train_acc=73.96% test_acc=40.52% best=42.37% lr=1.7113512e-05 time=13.0s est_300=1h 04m 01s
[LG:PiT-Ti][272/300] loss=23.1842 ce=1.1336 guidance=8.8202 beta=2.50 train_acc=73.44% test_acc=40.20% best=42.37% lr=1.6325519e-05 time=13.7s est_300=1h 04m 02s
[LG:PiT-Ti][273/300] loss=23.2708 ce=1.1480 guidance=8.8491 beta=2.50 train_acc=72.88% test_acc=40.23% best=42.37% lr=1.5563424e-05 time=13.3s est_300=1h 04m 02s
[LG:PiT-Ti][274/300] loss=23.3358 ce=1.1320 guidance=8.8815 beta=2.50 train_acc=73.93% test_acc=39.75% best=42.37% lr=1.4827313e-05 time=13.6s est_300=1h 04m 03s
[LG:PiT-Ti][275/300] loss=23.1087 ce=1.1298 guidance=8.7916 beta=2.50 train_acc=73.39% test_acc=39.96% best=42.37% lr=1.4117265e-05 time=13.1s est_300=1h 04m 03s
[LG:PiT-Ti][276/300] loss=23.1228 ce=1.1355 guidance=8.7949 beta=2.50 train_acc=73.03% test_acc=39.99% best=42.37% lr=1.3433358e-05 time=13.8s est_300=1h 04m 04s
[LG:PiT-Ti][277/300] loss=23.1347 ce=1.0891 guidance=8.8182 beta=2.50 train_acc=74.22% test_acc=40.02% best=42.37% lr=1.2775668e-05 time=13.4s est_300=1h 04m 05s
[LG:PiT-Ti][278/300] loss=23.3356 ce=1.1166 guidance=8.8876 beta=2.50 train_acc=73.79% test_acc=39.78% best=42.37% lr=1.2144266e-05 time=13.7s est_300=1h 04m 06s
[LG:PiT-Ti][279/300] loss=23.2860 ce=1.1206 guidance=8.8661 beta=2.50 train_acc=73.25% test_acc=39.90% best=42.37% lr=1.1539222e-05 time=13.2s est_300=1h 04m 06s
[LG:PiT-Ti][280/300] loss=23.1739 ce=1.1411 guidance=8.8131 beta=2.50 train_acc=73.66% test_acc=39.82% best=42.37% lr=1.0960601e-05 time=14.0s est_300=1h 04m 08s
[LG:PiT-Ti][281/300] loss=23.2943 ce=1.1116 guidance=8.8731 beta=2.50 train_acc=73.71% test_acc=40.09% best=42.37% lr=1.0408469e-05 time=13.6s est_300=1h 04m 08s
[LG:PiT-Ti][282/300] loss=23.1295 ce=1.1536 guidance=8.7903 beta=2.50 train_acc=73.06% test_acc=40.08% best=42.37% lr=9.8828843e-06 time=14.1s est_300=1h 04m 10s
[LG:PiT-Ti][283/300] loss=23.2454 ce=1.1202 guidance=8.8501 beta=2.50 train_acc=73.44% test_acc=40.13% best=42.37% lr=9.3839054e-06 time=13.7s est_300=1h 04m 11s
[LG:PiT-Ti][284/300] loss=23.1683 ce=1.1384 guidance=8.8119 beta=2.50 train_acc=73.37% test_acc=40.30% best=42.37% lr=8.911587e-06 time=13.2s est_300=1h 04m 11s
[LG:PiT-Ti][285/300] loss=23.1990 ce=1.1134 guidance=8.8342 beta=2.50 train_acc=73.83% test_acc=40.11% best=42.37% lr=8.4659808e-06 time=13.0s est_300=1h 04m 11s
[LG:PiT-Ti][286/300] loss=23.2350 ce=1.1378 guidance=8.8389 beta=2.50 train_acc=73.32% test_acc=40.32% best=42.37% lr=8.0471357e-06 time=12.9s est_300=1h 04m 11s
[LG:PiT-Ti][287/300] loss=23.1750 ce=1.1033 guidance=8.8287 beta=2.50 train_acc=73.98% test_acc=40.23% best=42.37% lr=7.6550976e-06 time=13.4s est_300=1h 04m 12s
[LG:PiT-Ti][288/300] loss=23.2070 ce=1.1179 guidance=8.8357 beta=2.50 train_acc=74.03% test_acc=40.21% best=42.37% lr=7.2899095e-06 time=12.5s est_300=1h 04m 12s
[LG:PiT-Ti][289/300] loss=23.2793 ce=1.1369 guidance=8.8569 beta=2.50 train_acc=73.17% test_acc=40.16% best=42.37% lr=6.9516114e-06 time=11.5s est_300=1h 04m 10s
[LG:PiT-Ti][290/300] loss=23.1405 ce=1.1092 guidance=8.8125 beta=2.50 train_acc=73.78% test_acc=40.16% best=42.37% lr=6.6402405e-06 time=11.5s est_300=1h 04m 09s
[LG:PiT-Ti][291/300] loss=23.1591 ce=1.1281 guidance=8.8124 beta=2.50 train_acc=73.64% test_acc=40.11% best=42.37% lr=6.3558309e-06 time=11.9s est_300=1h 04m 08s
[LG:PiT-Ti][292/300] loss=23.0359 ce=1.0776 guidance=8.7833 beta=2.50 train_acc=74.95% test_acc=40.23% best=42.37% lr=6.0984138e-06 time=12.8s est_300=1h 04m 08s
[LG:PiT-Ti][293/300] loss=23.1831 ce=1.0893 guidance=8.8375 beta=2.50 train_acc=73.93% test_acc=40.04% best=42.37% lr=5.8680173e-06 time=13.1s est_300=1h 04m 08s
[LG:PiT-Ti][294/300] loss=23.1342 ce=1.1075 guidance=8.8107 beta=2.50 train_acc=73.37% test_acc=40.14% best=42.37% lr=5.6646669e-06 time=12.8s est_300=1h 04m 08s
[LG:PiT-Ti][295/300] loss=23.0686 ce=1.1093 guidance=8.7837 beta=2.50 train_acc=73.98% test_acc=40.11% best=42.37% lr=5.4883847e-06 time=12.2s est_300=1h 04m 08s
[LG:PiT-Ti][296/300] loss=23.2770 ce=1.1190 guidance=8.8632 beta=2.50 train_acc=74.08% test_acc=40.23% best=42.37% lr=5.3391901e-06 time=12.1s est_300=1h 04m 07s
[LG:PiT-Ti][297/300] loss=23.0474 ce=1.0973 guidance=8.7800 beta=2.50 train_acc=73.95% test_acc=40.06% best=42.37% lr=5.2170996e-06 time=13.4s est_300=1h 04m 07s
[LG:PiT-Ti][298/300] loss=23.2644 ce=1.1351 guidance=8.8517 beta=2.50 train_acc=73.06% test_acc=40.21% best=42.37% lr=5.1221263e-06 time=12.9s est_300=1h 04m 07s
[LG:PiT-Ti][299/300] loss=23.2709 ce=1.1095 guidance=8.8645 beta=2.50 train_acc=73.61% test_acc=40.35% best=42.37% lr=5.0542808e-06 time=12.6s est_300=1h 04m 07s
[LG:PiT-Ti][300/300] loss=23.2455 ce=1.0858 guidance=8.8639 beta=2.50 train_acc=73.98% test_acc=40.30% best=42.37% lr=5.0135706e-06 time=13.4s est_300=1h 04m 08s
[TIMING_RESULT] student=PiT-Ti method=LG batch=128 avg_epoch=12.83s estimated_300=1h 04m 08s
[FINAL_RESULT] summary=/app/output/table1_cub200_pit_all_full_seed1/students/table1_cub200_pit_ti_lg_b128_full_300ep_seed1/summary.json
[DONE] Table-1 CUB student task completed successfully.
[STUDENT_IDENTITY_CHECK_TABLE1_CUB200] status=PASS student=PiT-Ti method=LG batch=128 teacher=06f75192b1c108c89e480843cb4f72dfb28aa762d7b11e7ac327333dd54b51f5
[TASK_DONE] 2/5 PiT-Ti/LG elapsed=1h 04m 30s
------------------------------------------------------------------------------------------------
[TASK_START] 3/5 PiT-Ti/ALG
[COMMAND][ALG] /usr/bin/python /app/scratch/input/bapedragon_553/methods/table1_cub200/train.py --full-run --student pit_ti --method alg --batch-size 128 --data-dir /app/output/table1_cub200_pit_all_full_seed1/data/cub200 --teacher-root /app/scratch/input/bapedragon_553/teachers/checkpoints/cub200_table1_resnet56_32 --output-dir /app/output/table1_cub200_pit_all_full_seed1/students --run-name table1_cub200_pit_ti_alg_b128_full_300ep_seed1 --num-workers 4
[BOOT] Python process started: /usr/bin/python
[BOOT] complete Table-1 runtime dependencies already available
/usr/local/lib/python3.10/dist-packages/timm/models/layers/__init__.py:49: FutureWarning: Importing from timm.models.layers is deprecated, please import via timm.layers
  warnings.warn(f"Importing from {__name__} is deprecated, please import via timm.layers", FutureWarning)
========================================================================================
CUB-200 TABLE-1 EXTENSION
========================================================================================
[TASK] student=PiT-Ti method=ALG batch=128 mode=full_300ep
[MODE] actual_epochs=300 planned_epochs=300
[PROTOCOL_LOCK] dataset=CUB-200-2011 split=5994/5794 teacher=ResNet56-scratch-32 student=scratch-224 epochs=300 AdamW=5e-4->5e-6 wd=0.05 warmup=20 seed=1 fp32=True
[FIXED_TEACHER_TABLE1_CUB200] h200_build=543 root=/app/scratch/input/bapedragon_553/teachers/checkpoints/cub200_table1_resnet56_32 sha256=06f75192b1c108c89e480843cb4f72dfb28aa762d7b11e7ac327333dd54b51f5
[SOURCE] official_lg_repo=https://github.com/lkhl/tiny-transformers commit=d2165f74049c906b0afc9f957491960fb3c0cc8b
[MODEL] params=4,641,672 feature_dims=(64, 64, 128, 128, 128, 128, 128, 128, 256, 256, 256, 256) selected_lg=(0, 6, 11)
[FEATURE_CHECK] student=((2, 64, 27, 27), (2, 64, 27, 27), (2, 128, 14, 14), (2, 128, 14, 14), (2, 128, 14, 14), (2, 128, 14, 14), (2, 128, 14, 14), (2, 128, 14, 14), (2, 256, 7, 7), (2, 256, 7, 7), (2, 256, 7, 7), (2, 256, 7, 7)) teacher=((2, 16, 32, 32), (2, 32, 16, 16), (2, 64, 8, 8)) guidance_probe=11.556978
[OPTIMIZER] contract=official_lg_no_decay_exclusions
[ALG:PiT-Ti][001/300] loss=99.9010 ce=5.4723 guidance=37.7715 beta=2.50 train_acc=0.48% test_acc=0.24% best=0.24% lr=5e-07 time=14.4s est_300=1h 11m 55s
[ALG:PiT-Ti][002/300] loss=89.8828 ce=5.4399 guidance=33.7772 beta=2.50 train_acc=0.51% test_acc=0.31% best=0.31% lr=2.5475e-05 time=13.0s est_300=1h 08m 32s
[ALG:PiT-Ti][003/300] loss=78.7958 ce=5.3640 guidance=29.3727 beta=2.50 train_acc=0.48% test_acc=0.40% best=0.40% lr=5.045e-05 time=12.9s est_300=1h 07m 07s
[ALG:PiT-Ti][004/300] loss=71.7927 ce=5.3365 guidance=26.5825 beta=2.50 train_acc=0.32% test_acc=0.40% best=0.40% lr=7.5425e-05 time=13.5s est_300=1h 07m 11s
[ALG:PiT-Ti][005/300] loss=64.3702 ce=5.3256 guidance=23.6178 beta=2.50 train_acc=0.46% test_acc=0.60% best=0.60% lr=0.0001004 time=12.2s est_300=1h 05m 59s
[ALG:PiT-Ti][006/300] loss=61.3692 ce=5.3196 guidance=22.4198 beta=2.50 train_acc=0.61% test_acc=1.07% best=1.07% lr=0.000125375 time=13.0s est_300=1h 05m 47s
[ALG:PiT-Ti][007/300] loss=59.0406 ce=5.3125 guidance=21.4912 beta=2.50 train_acc=0.59% test_acc=1.12% best=1.12% lr=0.00015035 time=13.0s est_300=1h 05m 40s
[ALG:PiT-Ti][008/300] loss=57.0957 ce=5.2960 guidance=20.7199 beta=2.50 train_acc=0.68% test_acc=1.12% best=1.12% lr=0.000175325 time=13.5s est_300=1h 05m 52s
[ALG:PiT-Ti][009/300] loss=56.3586 ce=5.2539 guidance=20.4419 beta=2.50 train_acc=0.90% test_acc=1.57% best=1.57% lr=0.0002003 time=12.1s est_300=1h 05m 17s
[ALG:PiT-Ti][010/300] loss=54.4438 ce=5.1944 guidance=19.6998 beta=2.50 train_acc=1.36% test_acc=1.88% best=1.88% lr=0.000225275 time=13.3s est_300=1h 05m 24s
[ALG:PiT-Ti][011/300] loss=52.4784 ce=5.1009 guidance=18.9510 beta=2.50 train_acc=1.78% test_acc=2.81% best=2.81% lr=0.00025025 time=12.8s est_300=1h 05m 17s
[ALG:PiT-Ti][012/300] loss=50.9787 ce=4.9793 guidance=18.3997 beta=2.50 train_acc=2.46% test_acc=3.81% best=3.81% lr=0.000275225 time=12.5s est_300=1h 05m 04s
[ALG:PiT-Ti][013/300] loss=49.3210 ce=4.8913 guidance=17.7719 beta=2.50 train_acc=3.48% test_acc=4.52% best=4.52% lr=0.0003002 time=11.4s est_300=1h 04m 26s
[ALG:PiT-Ti][014/300] loss=48.1581 ce=4.7656 guidance=17.3570 beta=2.50 train_acc=3.91% test_acc=5.90% best=5.90% lr=0.000325175 time=12.3s est_300=1h 04m 13s
[ALG:PiT-Ti][015/300] loss=46.7659 ce=4.6635 guidance=16.8410 beta=2.50 train_acc=4.57% test_acc=7.27% best=7.27% lr=0.00035015 time=13.3s est_300=1h 04m 22s
[ALG:PiT-Ti][016/300] loss=45.3073 ce=4.5392 guidance=16.3072 beta=2.50 train_acc=6.05% test_acc=9.53% best=9.53% lr=0.000375125 time=12.4s est_300=1h 04m 13s
[ALG:PiT-Ti][017/300] loss=44.4202 ce=4.4682 guidance=15.9808 beta=2.50 train_acc=6.54% test_acc=10.61% best=10.61% lr=0.0004001 time=11.7s est_300=1h 03m 52s
[ALG:PiT-Ti][018/300] loss=43.0308 ce=4.3754 guidance=15.4622 beta=2.50 train_acc=7.49% test_acc=11.68% best=11.68% lr=0.000425075 time=11.5s est_300=1h 03m 32s
[ALG:PiT-Ti][019/300] loss=42.5441 ce=4.3009 guidance=15.2973 beta=2.50 train_acc=8.75% test_acc=11.96% best=11.96% lr=0.00045005 time=13.7s est_300=1h 03m 48s
[ALG:PiT-Ti][020/300] loss=41.6503 ce=4.2396 guidance=14.9643 beta=2.50 train_acc=9.46% test_acc=14.17% best=14.17% lr=0.000475025 time=12.6s est_300=1h 03m 45s
[ALG:PiT-Ti][021/300] loss=41.2296 ce=4.1573 guidance=14.8289 beta=2.50 train_acc=10.78% test_acc=14.77% best=14.77% lr=0.00049459153 time=13.5s est_300=1h 03m 56s
[ALG:PiT-Ti][022/300] loss=40.2244 ce=4.0719 guidance=14.4610 beta=2.50 train_acc=11.85% test_acc=15.88% best=15.88% lr=0.0004940394 time=13.6s est_300=1h 04m 08s
[ALG:PiT-Ti][023/300] loss=39.7138 ce=3.9989 guidance=14.2860 beta=2.50 train_acc=13.11% test_acc=17.60% best=17.60% lr=0.00049346078 time=12.5s est_300=1h 04m 04s
[ALG:PiT-Ti][024/300] loss=39.0685 ce=3.9170 guidance=14.0606 beta=2.50 train_acc=14.44% test_acc=18.21% best=18.21% lr=0.00049285573 time=13.9s est_300=1h 04m 17s
[ALG:PiT-Ti][025/300] loss=38.1463 ce=3.8735 guidance=13.7091 beta=2.50 train_acc=15.10% test_acc=20.00% best=20.00% lr=0.00049222433 time=11.4s est_300=1h 03m 59s
[ALG:PiT-Ti][026/300] loss=38.1512 ce=3.8185 guidance=13.7331 beta=2.50 train_acc=16.37% test_acc=21.19% best=21.19% lr=0.00049156664 time=12.1s est_300=1h 03m 51s
[ALG:PiT-Ti][027/300] loss=37.4104 ce=3.7810 guidance=13.4517 beta=2.50 train_acc=16.92% test_acc=22.32% best=22.32% lr=0.00049088274 time=12.1s est_300=1h 03m 44s
[ALG:PiT-Ti][028/300] loss=36.8468 ce=3.7017 guidance=13.2580 beta=2.50 train_acc=18.38% test_acc=22.94% best=22.94% lr=0.00049017269 time=13.3s est_300=1h 03m 49s
[ALG:PiT-Ti][029/300] loss=36.4108 ce=3.6524 guidance=13.1033 beta=2.50 train_acc=19.00% test_acc=23.32% best=23.32% lr=0.00048943658 time=13.0s est_300=1h 03m 52s
[ALG:PiT-Ti][030/300] loss=36.1188 ce=3.5994 guidance=13.0078 beta=2.50 train_acc=19.53% test_acc=25.51% best=25.51% lr=0.00048867448 time=12.8s est_300=1h 03m 52s
[ALG:PiT-Ti][031/300] loss=35.5873 ce=3.5386 guidance=12.8195 beta=2.50 train_acc=21.11% test_acc=25.25% best=25.51% lr=0.00048788649 time=11.7s est_300=1h 03m 42s
[ALG:PiT-Ti][032/300] loss=35.5842 ce=3.5456 guidance=12.8155 beta=2.50 train_acc=21.01% test_acc=25.25% best=25.51% lr=0.00048707268 time=11.8s est_300=1h 03m 33s
[ALG:PiT-Ti][033/300] loss=35.0865 ce=3.4643 guidance=12.6489 beta=2.50 train_acc=22.38% test_acc=26.67% best=26.67% lr=0.00048623315 time=13.4s est_300=1h 03m 39s
[ALG:PiT-Ti][034/300] loss=34.9222 ce=3.4336 guidance=12.5954 beta=2.50 train_acc=22.37% test_acc=27.94% best=27.94% lr=0.00048536799 time=13.3s est_300=1h 03m 44s
[ALG:PiT-Ti][035/300] loss=34.6838 ce=3.3953 guidance=12.5154 beta=2.50 train_acc=23.00% test_acc=28.48% best=28.48% lr=0.00048447729 time=12.3s est_300=1h 03m 40s
[ALG:PiT-Ti][036/300] loss=34.2231 ce=3.3570 guidance=12.3464 beta=2.50 train_acc=24.29% test_acc=28.91% best=28.91% lr=0.00048356116 time=10.9s est_300=1h 03m 25s
[ALG:PiT-Ti][037/300] loss=34.1083 ce=3.3082 guidance=12.3200 beta=2.50 train_acc=25.63% test_acc=29.12% best=29.12% lr=0.00048261968 time=12.1s est_300=1h 03m 21s
[ALG:PiT-Ti][038/300] loss=33.8034 ce=3.2508 guidance=12.2211 beta=2.50 train_acc=26.85% test_acc=31.43% best=31.43% lr=0.00048165297 time=12.0s est_300=1h 03m 16s
[ALG:PiT-Ti][039/300] loss=33.4531 ce=3.2217 guidance=12.0926 beta=2.50 train_acc=26.58% test_acc=31.01% best=31.43% lr=0.00048066113 time=12.1s est_300=1h 03m 11s
[ALG:PiT-Ti][040/300] loss=33.5139 ce=3.2261 guidance=12.1151 beta=2.50 train_acc=26.53% test_acc=31.60% best=31.60% lr=0.00047964427 time=12.0s est_300=1h 03m 07s
[ALG:PiT-Ti][041/300] loss=33.1079 ce=3.1578 guidance=11.9800 beta=2.50 train_acc=28.23% test_acc=32.22% best=32.22% lr=0.0004786025 time=13.1s est_300=1h 03m 10s
[ALG:PiT-Ti][042/300] loss=32.9586 ce=3.1689 guidance=11.9159 beta=2.50 train_acc=27.72% test_acc=31.86% best=32.22% lr=0.00047753594 time=11.9s est_300=1h 03m 05s
[ALG:PiT-Ti][043/300] loss=32.8515 ce=3.0959 guidance=11.9023 beta=2.50 train_acc=28.57% test_acc=33.14% best=33.14% lr=0.0004764447 time=13.3s est_300=1h 03m 09s
[ALG:PiT-Ti][044/300] loss=32.4768 ce=3.1173 guidance=11.7438 beta=2.50 train_acc=29.08% test_acc=33.53% best=33.53% lr=0.0004753289 time=13.2s est_300=1h 03m 13s
[ALG:PiT-Ti][045/300] loss=32.3891 ce=3.0397 guidance=11.7398 beta=2.50 train_acc=29.67% test_acc=33.67% best=33.67% lr=0.00047418866 time=12.3s est_300=1h 03m 11s
[ALG:PiT-Ti][046/300] loss=31.9929 ce=3.0211 guidance=11.5887 beta=2.50 train_acc=30.35% test_acc=35.33% best=35.33% lr=0.00047302411 time=13.2s est_300=1h 03m 15s
[ALG:PiT-Ti][047/300] loss=32.0017 ce=2.9839 guidance=11.6071 beta=2.50 train_acc=30.62% test_acc=34.21% best=35.33% lr=0.00047183539 time=13.3s est_300=1h 03m 19s
[ALG:PiT-Ti][048/300] loss=31.7664 ce=3.0049 guidance=11.5046 beta=2.50 train_acc=31.95% test_acc=33.28% best=35.33% lr=0.0004706226 time=12.7s est_300=1h 03m 19s
[ALG:PiT-Ti][049/300] loss=31.5029 ce=2.9024 guidance=11.4402 beta=2.50 train_acc=33.85% test_acc=35.00% best=35.33% lr=0.0004693859 time=11.6s est_300=1h 03m 13s
[ALG:PiT-Ti][050/300] loss=31.7475 ce=2.9001 guidance=11.5390 beta=2.50 train_acc=32.52% test_acc=36.23% best=36.23% lr=0.00046812542 time=12.0s est_300=1h 03m 09s
[ALG:PiT-Ti][051/300] loss=31.2078 ce=2.8870 guidance=11.3283 beta=2.50 train_acc=33.44% test_acc=36.04% best=36.23% lr=0.00046684129 time=11.6s est_300=1h 03m 03s
[ALG:PiT-Ti][052/300] loss=31.1654 ce=2.8407 guidance=11.3299 beta=2.50 train_acc=34.24% test_acc=35.62% best=36.23% lr=0.00046553365 time=12.3s est_300=1h 03m 01s
[ALG:PiT-Ti][053/300] loss=31.0658 ce=2.8427 guidance=11.2892 beta=2.50 train_acc=33.92% test_acc=35.47% best=36.23% lr=0.00046420265 time=12.6s est_300=1h 03m 01s
[ALG:PiT-Ti][054/300] loss=30.9647 ce=2.7655 guidance=11.2797 beta=2.50 train_acc=36.11% test_acc=36.64% best=36.64% lr=0.00046284844 time=12.5s est_300=1h 03m 00s
[ALG:PiT-Ti][055/300] loss=30.6144 ce=2.7687 guidance=11.1383 beta=2.50 train_acc=35.67% test_acc=36.45% best=36.64% lr=0.00046147116 time=11.6s est_300=1h 02m 55s
[ALG:PiT-Ti][056/300] loss=30.6084 ce=2.7808 guidance=11.1310 beta=2.50 train_acc=35.89% test_acc=36.56% best=36.64% lr=0.00046007097 time=12.2s est_300=1h 02m 53s
[ALG:PiT-Ti][057/300] loss=30.5305 ce=2.7257 guidance=11.1219 beta=2.50 train_acc=36.84% test_acc=36.21% best=36.64% lr=0.00045864801 time=11.4s est_300=1h 02m 47s
[ALG:PiT-Ti][058/300] loss=30.4880 ce=2.7375 guidance=11.1002 beta=2.50 train_acc=36.40% test_acc=37.33% best=37.33% lr=0.00045720244 time=10.7s est_300=1h 02m 37s
[ALG:PiT-Ti][059/300] loss=30.1716 ce=2.6250 guidance=11.0186 beta=2.50 train_acc=38.81% test_acc=36.45% best=37.33% lr=0.00045573443 time=11.5s est_300=1h 02m 32s
[ALG:PiT-Ti][060/300] loss=30.1240 ce=2.6841 guidance=10.9760 beta=2.50 train_acc=37.75% test_acc=37.81% best=37.81% lr=0.00045424413 time=11.6s est_300=1h 02m 27s
[ALG:PiT-Ti][061/300] loss=30.0395 ce=2.6569 guidance=10.9530 beta=2.50 train_acc=38.01% test_acc=37.49% best=37.81% lr=0.00045273171 time=11.5s est_300=1h 02m 23s
[ALG:PiT-Ti][062/300] loss=29.8195 ce=2.6430 guidance=10.8706 beta=2.50 train_acc=38.50% test_acc=38.07% best=38.07% lr=0.00045119733 time=13.2s est_300=1h 02m 26s
[ALG:PiT-Ti][063/300] loss=29.8012 ce=2.6224 guidance=10.8716 beta=2.50 train_acc=38.62% test_acc=37.71% best=38.07% lr=0.00044964115 time=13.2s est_300=1h 02m 30s
[ALG:PiT-Ti][064/300] loss=29.8823 ce=2.6257 guidance=10.9026 beta=2.50 train_acc=38.89% test_acc=38.73% best=38.73% lr=0.00044806337 time=12.9s est_300=1h 02m 32s
[ALG:PiT-Ti][065/300] loss=29.6034 ce=2.5738 guidance=10.8118 beta=2.50 train_acc=40.25% test_acc=38.54% best=38.73% lr=0.00044646413 time=12.3s est_300=1h 02m 31s
[ALG:PiT-Ti][066/300] loss=29.4834 ce=2.5204 guidance=10.7852 beta=2.50 train_acc=41.30% test_acc=38.78% best=38.78% lr=0.00044484363 time=11.5s est_300=1h 02m 26s
[ALG:PiT-Ti][067/300] loss=29.4444 ce=2.4750 guidance=10.7878 beta=2.50 train_acc=42.24% test_acc=39.37% best=39.37% lr=0.00044320203 time=12.2s est_300=1h 02m 25s
[ALG:PiT-Ti][068/300] loss=29.2919 ce=2.5244 guidance=10.7070 beta=2.50 train_acc=41.05% test_acc=38.59% best=39.37% lr=0.00044153952 time=12.1s est_300=1h 02m 23s
[ALG:PiT-Ti][069/300] loss=29.1788 ce=2.5196 guidance=10.6637 beta=2.50 train_acc=40.76% test_acc=37.87% best=39.37% lr=0.00043985628 time=13.6s est_300=1h 02m 28s
[ALG:PiT-Ti][070/300] loss=29.1177 ce=2.4927 guidance=10.6500 beta=2.50 train_acc=41.36% test_acc=39.40% best=39.40% lr=0.00043815249 time=12.9s est_300=1h 02m 30s
[ALG:PiT-Ti][071/300] loss=29.0258 ce=2.4695 guidance=10.6225 beta=2.50 train_acc=42.07% test_acc=39.52% best=39.52% lr=0.00043642834 time=12.1s est_300=1h 02m 28s
[ALG:PiT-Ti][072/300] loss=28.9402 ce=2.4487 guidance=10.5966 beta=2.50 train_acc=42.39% test_acc=40.33% best=40.33% lr=0.00043468403 time=11.6s est_300=1h 02m 24s
[ALG:PiT-Ti][073/300] loss=28.7797 ce=2.3793 guidance=10.5601 beta=2.50 train_acc=43.51% test_acc=39.13% best=40.33% lr=0.00043291974 time=12.5s est_300=1h 02m 25s
[ALG:PiT-Ti][074/300] loss=28.8580 ce=2.3979 guidance=10.5840 beta=2.50 train_acc=43.72% test_acc=40.14% best=40.33% lr=0.00043113566 time=12.9s est_300=1h 02m 26s
[ALG:PiT-Ti][075/300] loss=28.8580 ce=2.3677 guidance=10.5961 beta=2.50 train_acc=44.45% test_acc=38.92% best=40.33% lr=0.00042933199 time=12.0s est_300=1h 02m 25s
[ALG:PiT-Ti][076/300] loss=28.6522 ce=2.3389 guidance=10.5253 beta=2.50 train_acc=45.28% test_acc=39.68% best=40.33% lr=0.00042750893 time=12.0s est_300=1h 02m 23s
[ALG:PiT-Ti][077/300] loss=28.5074 ce=2.3383 guidance=10.4677 beta=2.50 train_acc=45.40% test_acc=39.16% best=40.33% lr=0.00042566668 time=11.9s est_300=1h 02m 20s
[ALG:PiT-Ti][078/300] loss=28.4881 ce=2.3677 guidance=10.4481 beta=2.50 train_acc=44.21% test_acc=39.59% best=40.33% lr=0.00042380544 time=11.0s est_300=1h 02m 15s
[ALG:PiT-Ti][079/300] loss=28.3636 ce=2.3904 guidance=10.3893 beta=2.50 train_acc=43.72% test_acc=40.39% best=40.39% lr=0.00042192541 time=13.5s est_300=1h 02m 19s
[ALG:PiT-Ti][080/300] loss=28.5070 ce=2.2995 guidance=10.4830 beta=2.50 train_acc=45.91% test_acc=40.35% best=40.39% lr=0.0004200268 time=12.1s est_300=1h 02m 18s
[ALG:PiT-Ti][081/300] loss=28.3787 ce=2.3088 guidance=10.4280 beta=2.50 train_acc=46.25% test_acc=39.89% best=40.39% lr=0.00041810983 time=12.0s est_300=1h 02m 16s
[ALG:PiT-Ti][082/300] loss=28.2446 ce=2.2752 guidance=10.3877 beta=2.50 train_acc=46.69% test_acc=40.46% best=40.46% lr=0.00041617469 time=12.0s est_300=1h 02m 14s
[ALG:PiT-Ti][083/300] loss=28.0544 ce=2.2665 guidance=10.3152 beta=2.50 train_acc=46.81% test_acc=40.01% best=40.46% lr=0.0004142216 time=12.2s est_300=1h 02m 13s
[ALG:PiT-Ti][084/300] loss=27.9876 ce=2.2538 guidance=10.2935 beta=2.50 train_acc=46.77% test_acc=39.96% best=40.46% lr=0.00041225078 time=11.9s est_300=1h 02m 11s
[ALG:PiT-Ti][085/300] loss=27.9901 ce=2.2940 guidance=10.2784 beta=2.50 train_acc=45.50% test_acc=39.70% best=40.46% lr=0.00041026244 time=12.8s est_300=1h 02m 13s
[ALG:PiT-Ti][086/300] loss=28.0575 ce=2.1982 guidance=10.3437 beta=2.50 train_acc=48.15% test_acc=39.45% best=40.46% lr=0.0004082568 time=12.2s est_300=1h 02m 12s
[ALG:PiT-Ti][087/300] loss=27.8806 ce=2.1799 guidance=10.2803 beta=2.50 train_acc=49.07% test_acc=40.89% best=40.89% lr=0.00040623408 time=12.3s est_300=1h 02m 12s
[ALG:PiT-Ti][088/300] loss=27.8783 ce=2.1432 guidance=10.2940 beta=2.50 train_acc=49.47% test_acc=40.58% best=40.89% lr=0.0004041945 time=12.9s est_300=1h 02m 13s
[ALG:PiT-Ti][089/300] loss=27.9766 ce=2.1700 guidance=10.3226 beta=2.50 train_acc=48.37% test_acc=40.28% best=40.89% lr=0.00040213828 time=13.4s est_300=1h 02m 17s
[ALG:PiT-Ti][090/300] loss=27.8272 ce=2.1848 guidance=10.2569 beta=2.50 train_acc=48.85% test_acc=41.44% best=41.44% lr=0.00040006566 time=13.4s est_300=1h 02m 20s
[ALG:PiT-Ti][091/300] loss=27.6041 ce=2.1433 guidance=10.1843 beta=2.50 train_acc=50.07% test_acc=41.20% best=41.44% lr=0.00039797685 time=12.0s est_300=1h 02m 18s
[ALG:PiT-Ti][092/300] loss=27.5346 ce=2.1158 guidance=10.1675 beta=2.50 train_acc=49.61% test_acc=40.40% best=41.44% lr=0.00039587209 time=12.1s est_300=1h 02m 17s
[ALG:PiT-Ti][093/300] loss=27.6113 ce=2.0678 guidance=10.2174 beta=2.50 train_acc=50.83% test_acc=40.77% best=41.44% lr=0.00039375161 time=13.0s est_300=1h 02m 19s
[ALG:PiT-Ti][094/300] loss=27.4479 ce=2.0789 guidance=10.1476 beta=2.50 train_acc=50.71% test_acc=41.16% best=41.44% lr=0.00039161564 time=12.8s est_300=1h 02m 20s
[ALG:PiT-Ti][095/300] loss=27.4061 ce=2.0740 guidance=10.1329 beta=2.50 train_acc=50.90% test_acc=40.75% best=41.44% lr=0.00038946441 time=10.8s est_300=1h 02m 15s
[ALG:PiT-Ti][096/300] loss=27.3040 ce=2.0612 guidance=10.0971 beta=2.50 train_acc=50.82% test_acc=41.08% best=41.44% lr=0.00038729816 time=11.2s est_300=1h 02m 11s
[ALG:PiT-Ti][097/300] loss=27.4200 ce=2.0431 guidance=10.1508 beta=2.50 train_acc=51.44% test_acc=40.39% best=41.44% lr=0.00038511713 time=10.9s est_300=1h 02m 06s
[ALG:PiT-Ti][098/300] loss=27.3815 ce=2.0262 guidance=10.1421 beta=2.50 train_acc=52.46% test_acc=40.80% best=41.44% lr=0.00038292156 time=10.7s est_300=1h 02m 01s
[ALG:PiT-Ti][099/300] loss=27.2533 ce=2.0225 guidance=10.0923 beta=2.50 train_acc=52.65% test_acc=41.22% best=41.44% lr=0.00038071168 time=11.7s est_300=1h 01m 59s
[ALG:PiT-Ti][100/300] loss=27.3747 ce=2.0423 guidance=10.1330 beta=2.50 train_acc=52.53% test_acc=40.63% best=41.44% lr=0.00037848775 time=12.9s est_300=1h 02m 00s
[ALG:PiT-Ti][101/300] loss=27.2293 ce=1.9918 guidance=10.0950 beta=2.50 train_acc=53.12% test_acc=41.16% best=41.44% lr=0.00037625 time=11.5s est_300=1h 01m 58s
[ALG:PiT-Ti][102/300] loss=27.0254 ce=2.0335 guidance=9.9968 beta=2.50 train_acc=52.17% test_acc=40.92% best=41.44% lr=0.00037399868 time=11.4s est_300=1h 01m 55s
[ALG:PiT-Ti][103/300] loss=26.9527 ce=2.0009 guidance=9.9807 beta=2.50 train_acc=53.18% test_acc=40.71% best=41.44% lr=0.00037173403 time=12.5s est_300=1h 01m 55s
[ALG:PiT-Ti][104/300] loss=27.0349 ce=1.9501 guidance=10.0339 beta=2.50 train_acc=53.35% test_acc=40.44% best=41.44% lr=0.00036945631 time=12.4s est_300=1h 01m 55s
[ALG:PiT-Ti][105/300] loss=27.0196 ce=1.9567 guidance=10.0252 beta=2.50 train_acc=54.21% test_acc=40.47% best=41.44% lr=0.00036716577 time=11.5s est_300=1h 01m 52s
[ALG:PiT-Ti][106/300] loss=26.9794 ce=1.9656 guidance=10.0055 beta=2.50 train_acc=54.13% test_acc=41.99% best=41.99% lr=0.00036486265 time=10.9s est_300=1h 01m 48s
[ALG:PiT-Ti][107/300] loss=26.8811 ce=1.9456 guidance=9.9742 beta=2.50 train_acc=53.74% test_acc=41.97% best=41.99% lr=0.00036254721 time=11.6s est_300=1h 01m 46s
[ALG:PiT-Ti][108/300] loss=26.9692 ce=1.9266 guidance=10.0170 beta=2.50 train_acc=55.42% test_acc=41.40% best=41.99% lr=0.0003602197 time=13.0s est_300=1h 01m 48s
[ALG:PiT-Ti][109/300] loss=26.7975 ce=1.9406 guidance=9.9427 beta=2.50 train_acc=54.93% test_acc=40.97% best=41.99% lr=0.00035788037 time=12.7s est_300=1h 01m 49s
[ALG:PiT-Ti][110/300] loss=26.7327 ce=1.8993 guidance=9.9333 beta=2.50 train_acc=55.04% test_acc=40.99% best=41.99% lr=0.0003555295 time=13.5s est_300=1h 01m 52s
[ALG:PiT-Ti][111/300] loss=26.7929 ce=1.8983 guidance=9.9579 beta=2.50 train_acc=54.50% test_acc=42.46% best=42.46% lr=0.00035316732 time=12.4s est_300=1h 01m 52s
[ALG:PiT-Ti][112/300] loss=26.7053 ce=1.9251 guidance=9.9121 beta=2.50 train_acc=54.23% test_acc=39.83% best=42.46% lr=0.0003507941 time=11.8s est_300=1h 01m 50s
[ALG:PiT-Ti][113/300] loss=26.3792 ce=1.9110 guidance=9.7873 beta=2.50 train_acc=55.54% test_acc=41.28% best=42.46% lr=0.00034841011 time=12.0s est_300=1h 01m 49s
[ALG:PiT-Ti][114/300] loss=26.5941 ce=1.8902 guidance=9.8816 beta=2.50 train_acc=55.74% test_acc=41.04% best=42.46% lr=0.00034601559 time=11.6s est_300=1h 01m 48s
[ALG:PiT-Ti][115/300] loss=26.3733 ce=1.8340 guidance=9.8157 beta=2.50 train_acc=57.08% test_acc=41.09% best=42.46% lr=0.00034361083 time=11.2s est_300=1h 01m 44s
[ALG:PiT-Ti][116/300] loss=26.4169 ce=1.8669 guidance=9.8200 beta=2.50 train_acc=55.66% test_acc=41.37% best=42.46% lr=0.00034119607 time=11.0s est_300=1h 01m 41s
[ALG:PiT-Ti][117/300] loss=26.3747 ce=1.8952 guidance=9.7918 beta=2.50 train_acc=54.94% test_acc=41.51% best=42.46% lr=0.00033877158 time=11.8s est_300=1h 01m 40s
[ALG:PiT-Ti][118/300] loss=26.3804 ce=1.8676 guidance=9.8051 beta=2.50 train_acc=55.81% test_acc=41.73% best=42.46% lr=0.00033633764 time=10.7s est_300=1h 01m 35s
[ALG:PiT-Ti][119/300] loss=26.2979 ce=1.8359 guidance=9.7848 beta=2.50 train_acc=56.88% test_acc=41.23% best=42.46% lr=0.0003338945 time=11.2s est_300=1h 01m 32s
[ALG:PiT-Ti][120/300] loss=26.4664 ce=1.8352 guidance=9.8525 beta=2.50 train_acc=56.59% test_acc=41.39% best=42.46% lr=0.00033144243 time=12.9s est_300=1h 01m 34s
[ALG:PiT-Ti][121/300] loss=26.1304 ce=1.8058 guidance=9.7298 beta=2.50 train_acc=57.49% test_acc=41.03% best=42.46% lr=0.00032898171 time=13.0s est_300=1h 01m 36s
[ALG:PiT-Ti][122/300] loss=26.3313 ce=1.8119 guidance=9.8078 beta=2.50 train_acc=57.17% test_acc=41.32% best=42.46% lr=0.0003265126 time=11.9s est_300=1h 01m 35s
[ALG:PiT-Ti][123/300] loss=26.1380 ce=1.7739 guidance=9.7456 beta=2.50 train_acc=57.93% test_acc=40.46% best=42.46% lr=0.00032403537 time=12.5s est_300=1h 01m 35s
[ALG:PiT-Ti][124/300] loss=26.1871 ce=1.7945 guidance=9.7570 beta=2.50 train_acc=58.22% test_acc=41.30% best=42.46% lr=0.0003215503 time=11.5s est_300=1h 01m 33s
[ALG:PiT-Ti][125/300] loss=26.0927 ce=1.8361 guidance=9.7026 beta=2.50 train_acc=57.25% test_acc=39.75% best=42.46% lr=0.00031905766 time=10.7s est_300=1h 01m 29s
[ALG:PiT-Ti][126/300] loss=26.0752 ce=1.7424 guidance=9.7331 beta=2.50 train_acc=58.93% test_acc=40.90% best=42.46% lr=0.00031655771 time=11.5s est_300=1h 01m 27s
[ALG:PiT-Ti][127/300] loss=26.0328 ce=1.7238 guidance=9.7236 beta=2.50 train_acc=59.05% test_acc=40.87% best=42.46% lr=0.00031405075 time=13.0s est_300=1h 01m 29s
[ALG:PiT-Ti][128/300] loss=25.9698 ce=1.7275 guidance=9.6969 beta=2.50 train_acc=58.58% test_acc=41.59% best=42.46% lr=0.00031153703 time=13.6s est_300=1h 01m 32s
[ALG:PiT-Ti][129/300] loss=26.0887 ce=1.7130 guidance=9.7502 beta=2.50 train_acc=60.21% test_acc=41.16% best=42.46% lr=0.00030901684 time=12.5s est_300=1h 01m 33s
[ALG:PiT-Ti][130/300] loss=26.0218 ce=1.7519 guidance=9.7080 beta=2.50 train_acc=59.07% test_acc=41.85% best=42.46% lr=0.00030649045 time=12.3s est_300=1h 01m 32s
[ALG:PiT-Ti][131/300] loss=26.0740 ce=1.7269 guidance=9.7388 beta=2.50 train_acc=59.21% test_acc=40.52% best=42.46% lr=0.00030395814 time=13.1s est_300=1h 01m 34s
[ALG:PiT-Ti][132/300] loss=25.9573 ce=1.7183 guidance=9.6956 beta=2.50 train_acc=59.17% test_acc=41.63% best=42.46% lr=0.00030142019 time=13.3s est_300=1h 01m 37s
[ALG:PiT-Ti][133/300] loss=25.7828 ce=1.7128 guidance=9.6280 beta=2.50 train_acc=59.75% test_acc=41.23% best=42.46% lr=0.00029887688 time=13.0s est_300=1h 01m 38s
[ALG:PiT-Ti][134/300] loss=25.7257 ce=1.6702 guidance=9.6222 beta=2.50 train_acc=60.41% test_acc=41.47% best=42.46% lr=0.00029632847 time=12.4s est_300=1h 01m 38s
[ALG:PiT-Ti][135/300] loss=25.9101 ce=1.6751 guidance=9.6940 beta=2.50 train_acc=60.73% test_acc=41.82% best=42.46% lr=0.00029377526 time=12.8s est_300=1h 01m 39s
[ALG:PiT-Ti][136/300] loss=25.8043 ce=1.6897 guidance=9.6459 beta=2.50 train_acc=60.61% test_acc=41.87% best=42.46% lr=0.00029121753 time=13.6s est_300=1h 01m 42s
[ALG:PiT-Ti][137/300] loss=25.6133 ce=1.7041 guidance=9.5637 beta=2.50 train_acc=60.26% test_acc=41.39% best=42.46% lr=0.00028865555 time=13.3s est_300=1h 01m 44s
[ALG:PiT-Ti][138/300] loss=25.6224 ce=1.6720 guidance=9.5801 beta=2.50 train_acc=60.17% test_acc=42.06% best=42.46% lr=0.0002860896 time=12.8s est_300=1h 01m 45s
[ALG:PiT-Ti][139/300] loss=25.5809 ce=1.6239 guidance=9.5828 beta=2.50 train_acc=61.36% test_acc=41.65% best=42.46% lr=0.00028351998 time=11.9s est_300=1h 01m 44s
[ALG:PiT-Ti][140/300] loss=25.4861 ce=1.6753 guidance=9.5243 beta=2.50 train_acc=60.60% test_acc=40.99% best=42.46% lr=0.00028094694 time=12.8s est_300=1h 01m 45s
[ALG:PiT-Ti][141/300] loss=25.5518 ce=1.6060 guidance=9.5783 beta=2.50 train_acc=61.96% test_acc=41.27% best=42.46% lr=0.00027837079 time=11.8s est_300=1h 01m 44s
[ALG:PiT-Ti][142/300] loss=25.5771 ce=1.6269 guidance=9.5801 beta=2.50 train_acc=61.85% test_acc=41.28% best=42.46% lr=0.00027579181 time=13.2s est_300=1h 01m 46s
[ALG:PiT-Ti][143/300] loss=1.6230 ce=1.6230 guidance=0.0000 beta=0.00 train_acc=61.57% test_acc=41.99% best=42.46% lr=0.00027321027 time=12.8s est_300=1h 01m 47s
[ALG:PiT-Ti][144/300] loss=1.6194 ce=1.6194 guidance=0.0000 beta=0.00 train_acc=61.92% test_acc=40.96% best=42.46% lr=0.00027062645 time=10.7s est_300=1h 01m 43s
[ALG:PiT-Ti][145/300] loss=1.6265 ce=1.6265 guidance=0.0000 beta=0.00 train_acc=62.13% test_acc=41.08% best=42.46% lr=0.00026804065 time=10.7s est_300=1h 01m 40s
[ALG:PiT-Ti][146/300] loss=1.5736 ce=1.5736 guidance=0.0000 beta=0.00 train_acc=63.26% test_acc=41.73% best=42.46% lr=0.00026545315 time=11.6s est_300=1h 01m 38s
[ALG:PiT-Ti][147/300] loss=1.5794 ce=1.5794 guidance=0.0000 beta=0.00 train_acc=62.13% test_acc=40.80% best=42.46% lr=0.00026286422 time=13.1s est_300=1h 01m 40s
[ALG:PiT-Ti][148/300] loss=1.5818 ce=1.5818 guidance=0.0000 beta=0.00 train_acc=62.16% test_acc=42.16% best=42.46% lr=0.00026027416 time=12.4s est_300=1h 01m 40s
[ALG:PiT-Ti][149/300] loss=1.5155 ce=1.5155 guidance=0.0000 beta=0.00 train_acc=64.10% test_acc=41.16% best=42.46% lr=0.00025768325 time=13.4s est_300=1h 01m 42s
[ALG:PiT-Ti][150/300] loss=1.4917 ce=1.4917 guidance=0.0000 beta=0.00 train_acc=65.22% test_acc=41.72% best=42.46% lr=0.00025509177 time=13.1s est_300=1h 01m 44s
[ALG:PiT-Ti][151/300] loss=1.5231 ce=1.5231 guidance=0.0000 beta=0.00 train_acc=63.91% test_acc=41.89% best=42.46% lr=0.0002525 time=13.8s est_300=1h 01m 47s
[ALG:PiT-Ti][152/300] loss=1.4654 ce=1.4654 guidance=0.0000 beta=0.00 train_acc=65.08% test_acc=41.84% best=42.46% lr=0.00024990823 time=12.7s est_300=1h 01m 47s
[ALG:PiT-Ti][153/300] loss=1.5000 ce=1.5000 guidance=0.0000 beta=0.00 train_acc=64.25% test_acc=40.99% best=42.46% lr=0.00024731675 time=13.7s est_300=1h 01m 50s
[ALG:PiT-Ti][154/300] loss=1.4495 ce=1.4495 guidance=0.0000 beta=0.00 train_acc=65.10% test_acc=41.85% best=42.46% lr=0.00024472584 time=12.0s est_300=1h 01m 49s
[ALG:PiT-Ti][155/300] loss=1.4715 ce=1.4715 guidance=0.0000 beta=0.00 train_acc=64.98% test_acc=41.56% best=42.46% lr=0.00024213578 time=13.4s est_300=1h 01m 51s
[ALG:PiT-Ti][156/300] loss=1.4782 ce=1.4782 guidance=0.0000 beta=0.00 train_acc=64.84% test_acc=42.08% best=42.46% lr=0.00023954685 time=13.6s est_300=1h 01m 54s
[ALG:PiT-Ti][157/300] loss=1.4148 ce=1.4148 guidance=0.0000 beta=0.00 train_acc=66.17% test_acc=41.08% best=42.46% lr=0.00023695935 time=12.3s est_300=1h 01m 54s
[ALG:PiT-Ti][158/300] loss=1.4800 ce=1.4800 guidance=0.0000 beta=0.00 train_acc=64.61% test_acc=41.70% best=42.46% lr=0.00023437355 time=12.2s est_300=1h 01m 53s
[ALG:PiT-Ti][159/300] loss=1.4238 ce=1.4238 guidance=0.0000 beta=0.00 train_acc=65.85% test_acc=41.06% best=42.46% lr=0.00023178973 time=13.1s est_300=1h 01m 55s
[ALG:PiT-Ti][160/300] loss=1.4491 ce=1.4491 guidance=0.0000 beta=0.00 train_acc=65.95% test_acc=42.22% best=42.46% lr=0.00022920819 time=12.8s est_300=1h 01m 56s
[ALG:PiT-Ti][161/300] loss=1.3872 ce=1.3872 guidance=0.0000 beta=0.00 train_acc=67.48% test_acc=42.06% best=42.46% lr=0.00022662921 time=13.4s est_300=1h 01m 57s
[ALG:PiT-Ti][162/300] loss=1.4459 ce=1.4459 guidance=0.0000 beta=0.00 train_acc=65.78% test_acc=41.40% best=42.46% lr=0.00022405306 time=13.2s est_300=1h 01m 59s
[ALG:PiT-Ti][163/300] loss=1.4074 ce=1.4074 guidance=0.0000 beta=0.00 train_acc=66.86% test_acc=41.53% best=42.46% lr=0.00022148002 time=11.5s est_300=1h 01m 57s
[ALG:PiT-Ti][164/300] loss=1.3754 ce=1.3754 guidance=0.0000 beta=0.00 train_acc=66.98% test_acc=42.08% best=42.46% lr=0.0002189104 time=12.6s est_300=1h 01m 58s
[ALG:PiT-Ti][165/300] loss=1.3867 ce=1.3867 guidance=0.0000 beta=0.00 train_acc=67.66% test_acc=40.51% best=42.46% lr=0.00021634445 time=11.0s est_300=1h 01m 55s
[ALG:PiT-Ti][166/300] loss=1.3740 ce=1.3740 guidance=0.0000 beta=0.00 train_acc=67.66% test_acc=41.46% best=42.46% lr=0.00021378247 time=11.9s est_300=1h 01m 55s
[ALG:PiT-Ti][167/300] loss=1.3633 ce=1.3633 guidance=0.0000 beta=0.00 train_acc=68.16% test_acc=42.85% best=42.85% lr=0.00021122474 time=12.4s est_300=1h 01m 55s
[ALG:PiT-Ti][168/300] loss=1.3814 ce=1.3814 guidance=0.0000 beta=0.00 train_acc=67.29% test_acc=42.01% best=42.85% lr=0.00020867153 time=12.9s est_300=1h 01m 56s
[ALG:PiT-Ti][169/300] loss=1.3421 ce=1.3421 guidance=0.0000 beta=0.00 train_acc=68.24% test_acc=41.53% best=42.85% lr=0.00020612312 time=13.2s est_300=1h 01m 57s
[ALG:PiT-Ti][170/300] loss=1.4014 ce=1.4014 guidance=0.0000 beta=0.00 train_acc=66.73% test_acc=41.99% best=42.85% lr=0.00020357981 time=13.2s est_300=1h 01m 58s
[ALG:PiT-Ti][171/300] loss=1.3673 ce=1.3673 guidance=0.0000 beta=0.00 train_acc=67.03% test_acc=41.77% best=42.85% lr=0.00020104186 time=13.8s est_300=1h 02m 01s
[ALG:PiT-Ti][172/300] loss=1.3179 ce=1.3179 guidance=0.0000 beta=0.00 train_acc=68.70% test_acc=41.68% best=42.85% lr=0.00019850955 time=13.5s est_300=1h 02m 03s
[ALG:PiT-Ti][173/300] loss=1.3325 ce=1.3325 guidance=0.0000 beta=0.00 train_acc=68.12% test_acc=41.42% best=42.85% lr=0.00019598316 time=13.7s est_300=1h 02m 05s
[ALG:PiT-Ti][174/300] loss=1.3452 ce=1.3452 guidance=0.0000 beta=0.00 train_acc=68.05% test_acc=42.16% best=42.85% lr=0.00019346297 time=13.0s est_300=1h 02m 06s
[ALG:PiT-Ti][175/300] loss=1.2763 ce=1.2763 guidance=0.0000 beta=0.00 train_acc=69.79% test_acc=41.22% best=42.85% lr=0.00019094925 time=11.5s est_300=1h 02m 05s
[ALG:PiT-Ti][176/300] loss=1.3168 ce=1.3168 guidance=0.0000 beta=0.00 train_acc=68.50% test_acc=42.03% best=42.85% lr=0.00018844229 time=12.1s est_300=1h 02m 04s
[ALG:PiT-Ti][177/300] loss=1.2782 ce=1.2782 guidance=0.0000 beta=0.00 train_acc=70.24% test_acc=41.61% best=42.85% lr=0.00018594234 time=13.6s est_300=1h 02m 06s
[ALG:PiT-Ti][178/300] loss=1.2688 ce=1.2688 guidance=0.0000 beta=0.00 train_acc=70.01% test_acc=41.23% best=42.85% lr=0.0001834497 time=13.2s est_300=1h 02m 07s
[ALG:PiT-Ti][179/300] loss=1.2643 ce=1.2643 guidance=0.0000 beta=0.00 train_acc=70.01% test_acc=41.23% best=42.85% lr=0.00018096463 time=11.5s est_300=1h 02m 06s
[ALG:PiT-Ti][180/300] loss=1.2532 ce=1.2532 guidance=0.0000 beta=0.00 train_acc=70.02% test_acc=41.06% best=42.85% lr=0.0001784874 time=11.7s est_300=1h 02m 04s
[ALG:PiT-Ti][181/300] loss=1.2991 ce=1.2991 guidance=0.0000 beta=0.00 train_acc=69.48% test_acc=42.92% best=42.92% lr=0.00017601829 time=11.9s est_300=1h 02m 03s
[ALG:PiT-Ti][182/300] loss=1.2579 ce=1.2579 guidance=0.0000 beta=0.00 train_acc=70.31% test_acc=40.99% best=42.92% lr=0.00017355757 time=12.2s est_300=1h 02m 03s
[ALG:PiT-Ti][183/300] loss=1.2439 ce=1.2439 guidance=0.0000 beta=0.00 train_acc=70.82% test_acc=41.85% best=42.92% lr=0.0001711055 time=10.7s est_300=1h 02m 00s
[ALG:PiT-Ti][184/300] loss=1.2466 ce=1.2466 guidance=0.0000 beta=0.00 train_acc=70.81% test_acc=41.49% best=42.92% lr=0.00016866236 time=12.6s est_300=1h 02m 01s
[ALG:PiT-Ti][185/300] loss=1.2202 ce=1.2202 guidance=0.0000 beta=0.00 train_acc=71.38% test_acc=42.04% best=42.92% lr=0.00016622842 time=12.8s est_300=1h 02m 01s
[ALG:PiT-Ti][186/300] loss=1.2358 ce=1.2358 guidance=0.0000 beta=0.00 train_acc=70.92% test_acc=41.92% best=42.92% lr=0.00016380393 time=14.1s est_300=1h 02m 04s
[ALG:PiT-Ti][187/300] loss=1.1749 ce=1.1749 guidance=0.0000 beta=0.00 train_acc=72.16% test_acc=41.27% best=42.92% lr=0.00016138917 time=13.5s est_300=1h 02m 06s
[ALG:PiT-Ti][188/300] loss=1.2360 ce=1.2360 guidance=0.0000 beta=0.00 train_acc=70.79% test_acc=41.94% best=42.92% lr=0.00015898441 time=13.4s est_300=1h 02m 07s
[ALG:PiT-Ti][189/300] loss=1.2320 ce=1.2320 guidance=0.0000 beta=0.00 train_acc=71.14% test_acc=41.92% best=42.92% lr=0.00015658989 time=12.7s est_300=1h 02m 08s
[ALG:PiT-Ti][190/300] loss=1.1870 ce=1.1870 guidance=0.0000 beta=0.00 train_acc=71.76% test_acc=41.73% best=42.92% lr=0.0001542059 time=12.9s est_300=1h 02m 08s
[ALG:PiT-Ti][191/300] loss=1.1818 ce=1.1818 guidance=0.0000 beta=0.00 train_acc=72.40% test_acc=40.71% best=42.92% lr=0.00015183268 time=13.5s est_300=1h 02m 10s
[ALG:PiT-Ti][192/300] loss=1.1485 ce=1.1485 guidance=0.0000 beta=0.00 train_acc=72.44% test_acc=41.59% best=42.92% lr=0.0001494705 time=12.5s est_300=1h 02m 10s
[ALG:PiT-Ti][193/300] loss=1.1974 ce=1.1974 guidance=0.0000 beta=0.00 train_acc=71.25% test_acc=41.22% best=42.92% lr=0.00014711963 time=11.4s est_300=1h 02m 09s
[ALG:PiT-Ti][194/300] loss=1.1741 ce=1.1741 guidance=0.0000 beta=0.00 train_acc=72.40% test_acc=42.49% best=42.92% lr=0.0001447803 time=11.5s est_300=1h 02m 07s
[ALG:PiT-Ti][195/300] loss=1.1760 ce=1.1760 guidance=0.0000 beta=0.00 train_acc=71.64% test_acc=41.89% best=42.92% lr=0.00014245279 time=11.7s est_300=1h 02m 06s
[ALG:PiT-Ti][196/300] loss=1.1747 ce=1.1747 guidance=0.0000 beta=0.00 train_acc=71.91% test_acc=43.63% best=43.63% lr=0.00014013735 time=12.2s est_300=1h 02m 06s
[ALG:PiT-Ti][197/300] loss=1.1280 ce=1.1280 guidance=0.0000 beta=0.00 train_acc=72.96% test_acc=41.11% best=43.63% lr=0.00013783423 time=13.4s est_300=1h 02m 07s
[ALG:PiT-Ti][198/300] loss=1.1375 ce=1.1375 guidance=0.0000 beta=0.00 train_acc=72.69% test_acc=41.97% best=43.63% lr=0.00013554369 time=12.5s est_300=1h 02m 07s
[ALG:PiT-Ti][199/300] loss=1.1573 ce=1.1573 guidance=0.0000 beta=0.00 train_acc=72.47% test_acc=43.03% best=43.63% lr=0.00013326597 time=12.0s est_300=1h 02m 07s
[ALG:PiT-Ti][200/300] loss=1.1422 ce=1.1422 guidance=0.0000 beta=0.00 train_acc=73.37% test_acc=42.47% best=43.63% lr=0.00013100132 time=10.7s est_300=1h 02m 04s
[ALG:PiT-Ti][201/300] loss=1.1286 ce=1.1286 guidance=0.0000 beta=0.00 train_acc=73.45% test_acc=43.49% best=43.63% lr=0.00012875 time=11.7s est_300=1h 02m 03s
[ALG:PiT-Ti][202/300] loss=1.1365 ce=1.1365 guidance=0.0000 beta=0.00 train_acc=73.05% test_acc=41.44% best=43.63% lr=0.00012651225 time=12.8s est_300=1h 02m 04s
[ALG:PiT-Ti][203/300] loss=1.1101 ce=1.1101 guidance=0.0000 beta=0.00 train_acc=73.37% test_acc=42.35% best=43.63% lr=0.00012428832 time=12.5s est_300=1h 02m 04s
[ALG:PiT-Ti][204/300] loss=1.0972 ce=1.0972 guidance=0.0000 beta=0.00 train_acc=73.86% test_acc=42.16% best=43.63% lr=0.00012207844 time=11.4s est_300=1h 02m 02s
[ALG:PiT-Ti][205/300] loss=1.0950 ce=1.0950 guidance=0.0000 beta=0.00 train_acc=74.27% test_acc=41.66% best=43.63% lr=0.00011988287 time=11.6s est_300=1h 02m 01s
[ALG:PiT-Ti][206/300] loss=1.1172 ce=1.1172 guidance=0.0000 beta=0.00 train_acc=73.35% test_acc=42.06% best=43.63% lr=0.00011770184 time=10.8s est_300=1h 01m 59s
[ALG:PiT-Ti][207/300] loss=1.0890 ce=1.0890 guidance=0.0000 beta=0.00 train_acc=74.05% test_acc=41.04% best=43.63% lr=0.00011553559 time=10.8s est_300=1h 01m 57s
[ALG:PiT-Ti][208/300] loss=1.1160 ce=1.1160 guidance=0.0000 beta=0.00 train_acc=73.30% test_acc=41.37% best=43.63% lr=0.00011338436 time=10.8s est_300=1h 01m 54s
[ALG:PiT-Ti][209/300] loss=1.1599 ce=1.1599 guidance=0.0000 beta=0.00 train_acc=73.20% test_acc=41.59% best=43.63% lr=0.00011124839 time=12.7s est_300=1h 01m 55s
[ALG:PiT-Ti][210/300] loss=1.0759 ce=1.0759 guidance=0.0000 beta=0.00 train_acc=74.44% test_acc=41.11% best=43.63% lr=0.00010912791 time=12.2s est_300=1h 01m 54s
[ALG:PiT-Ti][211/300] loss=1.0825 ce=1.0825 guidance=0.0000 beta=0.00 train_acc=73.79% test_acc=41.63% best=43.63% lr=0.00010702315 time=13.0s est_300=1h 01m 55s
[ALG:PiT-Ti][212/300] loss=1.0173 ce=1.0173 guidance=0.0000 beta=0.00 train_acc=76.09% test_acc=42.63% best=43.63% lr=0.00010493434 time=12.5s est_300=1h 01m 55s
[ALG:PiT-Ti][213/300] loss=1.0946 ce=1.0946 guidance=0.0000 beta=0.00 train_acc=73.45% test_acc=42.47% best=43.63% lr=0.00010286172 time=13.2s est_300=1h 01m 57s
[ALG:PiT-Ti][214/300] loss=1.0771 ce=1.0771 guidance=0.0000 beta=0.00 train_acc=74.22% test_acc=41.49% best=43.63% lr=0.0001008055 time=13.3s est_300=1h 01m 58s
[ALG:PiT-Ti][215/300] loss=1.0630 ce=1.0630 guidance=0.0000 beta=0.00 train_acc=74.30% test_acc=42.13% best=43.63% lr=9.8765924e-05 time=11.6s est_300=1h 01m 57s
[ALG:PiT-Ti][216/300] loss=1.0530 ce=1.0530 guidance=0.0000 beta=0.00 train_acc=75.54% test_acc=41.96% best=43.63% lr=9.6743203e-05 time=12.7s est_300=1h 01m 57s
[ALG:PiT-Ti][217/300] loss=1.0541 ce=1.0541 guidance=0.0000 beta=0.00 train_acc=74.61% test_acc=42.04% best=43.63% lr=9.4737563e-05 time=10.8s est_300=1h 01m 55s
[ALG:PiT-Ti][218/300] loss=1.0266 ce=1.0266 guidance=0.0000 beta=0.00 train_acc=75.63% test_acc=41.39% best=43.63% lr=9.2749222e-05 time=12.8s est_300=1h 01m 56s
[ALG:PiT-Ti][219/300] loss=1.0401 ce=1.0401 guidance=0.0000 beta=0.00 train_acc=75.02% test_acc=42.80% best=43.63% lr=9.0778401e-05 time=11.9s est_300=1h 01m 55s
[ALG:PiT-Ti][220/300] loss=1.0234 ce=1.0234 guidance=0.0000 beta=0.00 train_acc=76.22% test_acc=41.78% best=43.63% lr=8.8825313e-05 time=13.1s est_300=1h 01m 56s
[ALG:PiT-Ti][221/300] loss=0.9862 ce=0.9862 guidance=0.0000 beta=0.00 train_acc=76.75% test_acc=43.11% best=43.63% lr=8.6890175e-05 time=13.1s est_300=1h 01m 57s
[ALG:PiT-Ti][222/300] loss=0.9984 ce=0.9984 guidance=0.0000 beta=0.00 train_acc=76.27% test_acc=42.35% best=43.63% lr=8.4973198e-05 time=12.5s est_300=1h 01m 57s
[ALG:PiT-Ti][223/300] loss=1.0240 ce=1.0240 guidance=0.0000 beta=0.00 train_acc=75.14% test_acc=42.99% best=43.63% lr=8.3074591e-05 time=11.7s est_300=1h 01m 56s
[ALG:PiT-Ti][224/300] loss=1.0079 ce=1.0079 guidance=0.0000 beta=0.00 train_acc=76.19% test_acc=42.56% best=43.63% lr=8.1194564e-05 time=13.5s est_300=1h 01m 58s
[ALG:PiT-Ti][225/300] loss=1.0101 ce=1.0101 guidance=0.0000 beta=0.00 train_acc=75.73% test_acc=41.97% best=43.63% lr=7.9333323e-05 time=11.9s est_300=1h 01m 57s
[ALG:PiT-Ti][226/300] loss=0.9960 ce=0.9960 guidance=0.0000 beta=0.00 train_acc=76.29% test_acc=41.92% best=43.63% lr=7.7491072e-05 time=13.0s est_300=1h 01m 58s
[ALG:PiT-Ti][227/300] loss=0.9859 ce=0.9859 guidance=0.0000 beta=0.00 train_acc=76.43% test_acc=42.23% best=43.63% lr=7.5668012e-05 time=11.2s est_300=1h 01m 56s
[ALG:PiT-Ti][228/300] loss=0.9687 ce=0.9687 guidance=0.0000 beta=0.00 train_acc=76.75% test_acc=42.44% best=43.63% lr=7.3864344e-05 time=11.5s est_300=1h 01m 55s
[ALG:PiT-Ti][229/300] loss=1.0137 ce=1.0137 guidance=0.0000 beta=0.00 train_acc=75.78% test_acc=41.56% best=43.63% lr=7.2080265e-05 time=11.7s est_300=1h 01m 54s
[ALG:PiT-Ti][230/300] loss=1.0073 ce=1.0073 guidance=0.0000 beta=0.00 train_acc=76.51% test_acc=41.92% best=43.63% lr=7.0315971e-05 time=11.9s est_300=1h 01m 54s
[ALG:PiT-Ti][231/300] loss=1.0029 ce=1.0029 guidance=0.0000 beta=0.00 train_acc=75.93% test_acc=41.53% best=43.63% lr=6.8571656e-05 time=13.4s est_300=1h 01m 55s
[ALG:PiT-Ti][232/300] loss=1.0065 ce=1.0065 guidance=0.0000 beta=0.00 train_acc=76.60% test_acc=42.84% best=43.63% lr=6.684751e-05 time=13.4s est_300=1h 01m 56s
[ALG:PiT-Ti][233/300] loss=0.9920 ce=0.9920 guidance=0.0000 beta=0.00 train_acc=76.65% test_acc=42.68% best=43.63% lr=6.5143724e-05 time=13.5s est_300=1h 01m 58s
[ALG:PiT-Ti][234/300] loss=0.9903 ce=0.9903 guidance=0.0000 beta=0.00 train_acc=76.15% test_acc=42.39% best=43.63% lr=6.3460483e-05 time=13.4s est_300=1h 01m 59s
[ALG:PiT-Ti][235/300] loss=0.9703 ce=0.9703 guidance=0.0000 beta=0.00 train_acc=77.14% test_acc=42.23% best=43.63% lr=6.1797972e-05 time=13.5s est_300=1h 02m 00s
[ALG:PiT-Ti][236/300] loss=0.9372 ce=0.9372 guidance=0.0000 beta=0.00 train_acc=77.46% test_acc=42.23% best=43.63% lr=6.0156375e-05 time=13.0s est_300=1h 02m 01s
[ALG:PiT-Ti][237/300] loss=0.9142 ce=0.9142 guidance=0.0000 beta=0.00 train_acc=78.14% test_acc=42.42% best=43.63% lr=5.8535869e-05 time=13.5s est_300=1h 02m 03s
[ALG:PiT-Ti][238/300] loss=0.9610 ce=0.9610 guidance=0.0000 beta=0.00 train_acc=77.21% test_acc=41.39% best=43.63% lr=5.6936634e-05 time=12.1s est_300=1h 02m 02s
[ALG:PiT-Ti][239/300] loss=0.9868 ce=0.9868 guidance=0.0000 beta=0.00 train_acc=76.53% test_acc=42.37% best=43.63% lr=5.5358845e-05 time=12.1s est_300=1h 02m 02s
[ALG:PiT-Ti][240/300] loss=0.9380 ce=0.9380 guidance=0.0000 beta=0.00 train_acc=77.97% test_acc=42.34% best=43.63% lr=5.3802675e-05 time=13.5s est_300=1h 02m 03s
[ALG:PiT-Ti][241/300] loss=0.9354 ce=0.9354 guidance=0.0000 beta=0.00 train_acc=77.65% test_acc=42.22% best=43.63% lr=5.2268294e-05 time=12.6s est_300=1h 02m 04s
[ALG:PiT-Ti][242/300] loss=0.9140 ce=0.9140 guidance=0.0000 beta=0.00 train_acc=78.29% test_acc=42.37% best=43.63% lr=5.0755871e-05 time=10.6s est_300=1h 02m 01s
[ALG:PiT-Ti][243/300] loss=0.9038 ce=0.9038 guidance=0.0000 beta=0.00 train_acc=78.45% test_acc=42.65% best=43.63% lr=4.9265571e-05 time=11.8s est_300=1h 02m 01s
[ALG:PiT-Ti][244/300] loss=0.9075 ce=0.9075 guidance=0.0000 beta=0.00 train_acc=78.53% test_acc=42.73% best=43.63% lr=4.7797558e-05 time=10.6s est_300=1h 01m 58s
[ALG:PiT-Ti][245/300] loss=0.9287 ce=0.9287 guidance=0.0000 beta=0.00 train_acc=78.21% test_acc=42.42% best=43.63% lr=4.6351993e-05 time=10.6s est_300=1h 01m 56s
[ALG:PiT-Ti][246/300] loss=0.8976 ce=0.8976 guidance=0.0000 beta=0.00 train_acc=78.91% test_acc=43.18% best=43.63% lr=4.4929034e-05 time=13.3s est_300=1h 01m 57s
[ALG:PiT-Ti][247/300] loss=0.8920 ce=0.8920 guidance=0.0000 beta=0.00 train_acc=78.89% test_acc=42.27% best=43.63% lr=4.3528838e-05 time=13.2s est_300=1h 01m 58s
[ALG:PiT-Ti][248/300] loss=0.9164 ce=0.9164 guidance=0.0000 beta=0.00 train_acc=78.53% test_acc=42.47% best=43.63% lr=4.2151558e-05 time=12.2s est_300=1h 01m 58s
[ALG:PiT-Ti][249/300] loss=0.8914 ce=0.8914 guidance=0.0000 beta=0.00 train_acc=78.48% test_acc=43.01% best=43.63% lr=4.0797346e-05 time=12.9s est_300=1h 01m 59s
[ALG:PiT-Ti][250/300] loss=0.8947 ce=0.8947 guidance=0.0000 beta=0.00 train_acc=78.60% test_acc=42.73% best=43.63% lr=3.9466348e-05 time=13.0s est_300=1h 01m 59s
[ALG:PiT-Ti][251/300] loss=0.8915 ce=0.8915 guidance=0.0000 beta=0.00 train_acc=78.96% test_acc=42.53% best=43.63% lr=3.8158713e-05 time=12.9s est_300=1h 02m 00s
[ALG:PiT-Ti][252/300] loss=0.8812 ce=0.8812 guidance=0.0000 beta=0.00 train_acc=78.82% test_acc=42.70% best=43.63% lr=3.6874582e-05 time=11.6s est_300=1h 01m 59s
[ALG:PiT-Ti][253/300] loss=0.8604 ce=0.8604 guidance=0.0000 beta=0.00 train_acc=79.77% test_acc=43.30% best=43.63% lr=3.5614097e-05 time=12.0s est_300=1h 01m 59s
[ALG:PiT-Ti][254/300] loss=0.9069 ce=0.9069 guidance=0.0000 beta=0.00 train_acc=78.40% test_acc=42.84% best=43.63% lr=3.4377396e-05 time=11.5s est_300=1h 01m 57s
[ALG:PiT-Ti][255/300] loss=0.9081 ce=0.9081 guidance=0.0000 beta=0.00 train_acc=78.82% test_acc=42.91% best=43.63% lr=3.3164614e-05 time=11.4s est_300=1h 01m 56s
[ALG:PiT-Ti][256/300] loss=0.8724 ce=0.8724 guidance=0.0000 beta=0.00 train_acc=78.96% test_acc=42.30% best=43.63% lr=3.1975885e-05 time=12.2s est_300=1h 01m 56s
[ALG:PiT-Ti][257/300] loss=0.8853 ce=0.8853 guidance=0.0000 beta=0.00 train_acc=79.48% test_acc=42.39% best=43.63% lr=3.0811339e-05 time=11.5s est_300=1h 01m 55s
[ALG:PiT-Ti][258/300] loss=0.8731 ce=0.8731 guidance=0.0000 beta=0.00 train_acc=79.35% test_acc=42.63% best=43.63% lr=2.9671104e-05 time=13.1s est_300=1h 01m 56s
[ALG:PiT-Ti][259/300] loss=0.8330 ce=0.8330 guidance=0.0000 beta=0.00 train_acc=80.20% test_acc=42.39% best=43.63% lr=2.8555305e-05 time=13.1s est_300=1h 01m 57s
[ALG:PiT-Ti][260/300] loss=0.8718 ce=0.8718 guidance=0.0000 beta=0.00 train_acc=79.18% test_acc=42.53% best=43.63% lr=2.7464063e-05 time=13.0s est_300=1h 01m 57s
[ALG:PiT-Ti][261/300] loss=0.8605 ce=0.8605 guidance=0.0000 beta=0.00 train_acc=79.91% test_acc=42.72% best=43.63% lr=2.6397499e-05 time=11.5s est_300=1h 01m 56s
[ALG:PiT-Ti][262/300] loss=0.8503 ce=0.8503 guidance=0.0000 beta=0.00 train_acc=79.79% test_acc=43.01% best=43.63% lr=2.535573e-05 time=11.8s est_300=1h 01m 56s
[ALG:PiT-Ti][263/300] loss=0.8795 ce=0.8795 guidance=0.0000 beta=0.00 train_acc=79.08% test_acc=43.30% best=43.63% lr=2.433887e-05 time=11.3s est_300=1h 01m 55s
[ALG:PiT-Ti][264/300] loss=0.8597 ce=0.8597 guidance=0.0000 beta=0.00 train_acc=79.87% test_acc=42.68% best=43.63% lr=2.334703e-05 time=11.2s est_300=1h 01m 53s
[ALG:PiT-Ti][265/300] loss=0.8344 ce=0.8344 guidance=0.0000 beta=0.00 train_acc=80.06% test_acc=43.23% best=43.63% lr=2.238032e-05 time=11.2s est_300=1h 01m 52s
[ALG:PiT-Ti][266/300] loss=0.8817 ce=0.8817 guidance=0.0000 beta=0.00 train_acc=78.52% test_acc=42.92% best=43.63% lr=2.1438844e-05 time=12.5s est_300=1h 01m 52s
[ALG:PiT-Ti][267/300] loss=0.8530 ce=0.8530 guidance=0.0000 beta=0.00 train_acc=79.96% test_acc=43.03% best=43.63% lr=2.0522708e-05 time=12.1s est_300=1h 01m 52s
[ALG:PiT-Ti][268/300] loss=0.8442 ce=0.8442 guidance=0.0000 beta=0.00 train_acc=80.16% test_acc=42.79% best=43.63% lr=1.963201e-05 time=13.9s est_300=1h 01m 53s
[ALG:PiT-Ti][269/300] loss=0.8537 ce=0.8537 guidance=0.0000 beta=0.00 train_acc=79.82% test_acc=42.63% best=43.63% lr=1.8766848e-05 time=13.6s est_300=1h 01m 55s
[ALG:PiT-Ti][270/300] loss=0.8283 ce=0.8283 guidance=0.0000 beta=0.00 train_acc=79.94% test_acc=42.65% best=43.63% lr=1.7927319e-05 time=12.8s est_300=1h 01m 55s
[ALG:PiT-Ti][271/300] loss=0.8421 ce=0.8421 guidance=0.0000 beta=0.00 train_acc=80.60% test_acc=42.79% best=43.63% lr=1.7113512e-05 time=12.1s est_300=1h 01m 55s
[ALG:PiT-Ti][272/300] loss=0.8457 ce=0.8457 guidance=0.0000 beta=0.00 train_acc=80.21% test_acc=42.68% best=43.63% lr=1.6325519e-05 time=12.4s est_300=1h 01m 55s
[ALG:PiT-Ti][273/300] loss=0.8730 ce=0.8730 guidance=0.0000 beta=0.00 train_acc=79.96% test_acc=42.49% best=43.63% lr=1.5563424e-05 time=12.9s est_300=1h 01m 55s
[ALG:PiT-Ti][274/300] loss=0.8754 ce=0.8754 guidance=0.0000 beta=0.00 train_acc=79.42% test_acc=41.89% best=43.63% lr=1.4827313e-05 time=13.0s est_300=1h 01m 56s
[ALG:PiT-Ti][275/300] loss=0.8662 ce=0.8662 guidance=0.0000 beta=0.00 train_acc=79.47% test_acc=41.72% best=43.63% lr=1.4117265e-05 time=12.8s est_300=1h 01m 57s
[ALG:PiT-Ti][276/300] loss=0.8567 ce=0.8567 guidance=0.0000 beta=0.00 train_acc=79.33% test_acc=42.25% best=43.63% lr=1.3433358e-05 time=12.7s est_300=1h 01m 57s
[ALG:PiT-Ti][277/300] loss=0.8104 ce=0.8104 guidance=0.0000 beta=0.00 train_acc=80.89% test_acc=42.29% best=43.63% lr=1.2775668e-05 time=12.7s est_300=1h 01m 57s
[ALG:PiT-Ti][278/300] loss=0.8408 ce=0.8408 guidance=0.0000 beta=0.00 train_acc=79.96% test_acc=41.87% best=43.63% lr=1.2144266e-05 time=12.2s est_300=1h 01m 57s
[ALG:PiT-Ti][279/300] loss=0.8378 ce=0.8378 guidance=0.0000 beta=0.00 train_acc=80.01% test_acc=42.77% best=43.63% lr=1.1539222e-05 time=13.3s est_300=1h 01m 58s
[ALG:PiT-Ti][280/300] loss=0.8667 ce=0.8667 guidance=0.0000 beta=0.00 train_acc=79.69% test_acc=42.47% best=43.63% lr=1.0960601e-05 time=13.2s est_300=1h 01m 59s
[ALG:PiT-Ti][281/300] loss=0.8412 ce=0.8412 guidance=0.0000 beta=0.00 train_acc=80.69% test_acc=42.49% best=43.63% lr=1.0408469e-05 time=13.9s est_300=1h 02m 01s
[ALG:PiT-Ti][282/300] loss=0.8812 ce=0.8812 guidance=0.0000 beta=0.00 train_acc=79.33% test_acc=42.41% best=43.63% lr=9.8828843e-06 time=13.3s est_300=1h 02m 02s
[ALG:PiT-Ti][283/300] loss=0.8532 ce=0.8532 guidance=0.0000 beta=0.00 train_acc=79.60% test_acc=42.68% best=43.63% lr=9.3839054e-06 time=11.7s est_300=1h 02m 01s
[ALG:PiT-Ti][284/300] loss=0.8668 ce=0.8668 guidance=0.0000 beta=0.00 train_acc=79.59% test_acc=42.49% best=43.63% lr=8.911587e-06 time=11.6s est_300=1h 02m 00s
[ALG:PiT-Ti][285/300] loss=0.8438 ce=0.8438 guidance=0.0000 beta=0.00 train_acc=80.30% test_acc=42.56% best=43.63% lr=8.4659808e-06 time=10.7s est_300=1h 01m 58s
[ALG:PiT-Ti][286/300] loss=0.8520 ce=0.8520 guidance=0.0000 beta=0.00 train_acc=79.52% test_acc=42.44% best=43.63% lr=8.0471357e-06 time=11.7s est_300=1h 01m 58s
[ALG:PiT-Ti][287/300] loss=0.8369 ce=0.8369 guidance=0.0000 beta=0.00 train_acc=80.69% test_acc=42.66% best=43.63% lr=7.6550976e-06 time=11.7s est_300=1h 01m 57s
[ALG:PiT-Ti][288/300] loss=0.8386 ce=0.8386 guidance=0.0000 beta=0.00 train_acc=80.01% test_acc=42.65% best=43.63% lr=7.2899095e-06 time=12.8s est_300=1h 01m 57s
[ALG:PiT-Ti][289/300] loss=0.8495 ce=0.8495 guidance=0.0000 beta=0.00 train_acc=80.30% test_acc=42.58% best=43.63% lr=6.9516114e-06 time=11.9s est_300=1h 01m 57s
[ALG:PiT-Ti][290/300] loss=0.8406 ce=0.8406 guidance=0.0000 beta=0.00 train_acc=79.82% test_acc=42.44% best=43.63% lr=6.6402405e-06 time=12.8s est_300=1h 01m 57s
[ALG:PiT-Ti][291/300] loss=0.8493 ce=0.8493 guidance=0.0000 beta=0.00 train_acc=79.87% test_acc=42.42% best=43.63% lr=6.3558309e-06 time=13.6s est_300=1h 01m 59s
[ALG:PiT-Ti][292/300] loss=0.8036 ce=0.8036 guidance=0.0000 beta=0.00 train_acc=81.27% test_acc=42.79% best=43.63% lr=6.0984138e-06 time=13.8s est_300=1h 02m 00s
[ALG:PiT-Ti][293/300] loss=0.8095 ce=0.8095 guidance=0.0000 beta=0.00 train_acc=80.37% test_acc=42.96% best=43.63% lr=5.8680173e-06 time=13.4s est_300=1h 02m 01s
[ALG:PiT-Ti][294/300] loss=0.8356 ce=0.8356 guidance=0.0000 beta=0.00 train_acc=80.32% test_acc=42.75% best=43.63% lr=5.6646669e-06 time=14.0s est_300=1h 02m 03s
[ALG:PiT-Ti][295/300] loss=0.8321 ce=0.8321 guidance=0.0000 beta=0.00 train_acc=79.69% test_acc=42.72% best=43.63% lr=5.4883847e-06 time=13.3s est_300=1h 02m 04s
[ALG:PiT-Ti][296/300] loss=0.8389 ce=0.8389 guidance=0.0000 beta=0.00 train_acc=80.49% test_acc=42.53% best=43.63% lr=5.3391901e-06 time=12.3s est_300=1h 02m 03s
[ALG:PiT-Ti][297/300] loss=0.8130 ce=0.8130 guidance=0.0000 beta=0.00 train_acc=81.22% test_acc=42.79% best=43.63% lr=5.2170996e-06 time=11.9s est_300=1h 02m 03s
[ALG:PiT-Ti][298/300] loss=0.8328 ce=0.8328 guidance=0.0000 beta=0.00 train_acc=80.06% test_acc=42.99% best=43.63% lr=5.1221263e-06 time=12.2s est_300=1h 02m 03s
[ALG:PiT-Ti][299/300] loss=0.8384 ce=0.8384 guidance=0.0000 beta=0.00 train_acc=79.81% test_acc=42.91% best=43.63% lr=5.0542808e-06 time=12.4s est_300=1h 02m 03s
[ALG:PiT-Ti][300/300] loss=0.8230 ce=0.8230 guidance=0.0000 beta=0.00 train_acc=80.49% test_acc=42.75% best=43.63% lr=5.0135706e-06 time=11.5s est_300=1h 02m 02s
[TIMING_RESULT] student=PiT-Ti method=ALG batch=128 avg_epoch=12.41s estimated_300=1h 02m 02s
[FINAL_RESULT] summary=/app/output/table1_cub200_pit_all_full_seed1/students/table1_cub200_pit_ti_alg_b128_full_300ep_seed1/summary.json
[DONE] Table-1 CUB student task completed successfully.
[STUDENT_IDENTITY_CHECK_TABLE1_CUB200] status=PASS student=PiT-Ti method=ALG batch=128 teacher=06f75192b1c108c89e480843cb4f72dfb28aa762d7b11e7ac327333dd54b51f5
[TASK_DONE] 3/5 PiT-Ti/ALG elapsed=1h 02m 25s
------------------------------------------------------------------------------------------------
[TASK_START] 4/5 PiT-Ti/OursB64
[COMMAND][OursB64] /usr/bin/python /app/scratch/input/bapedragon_553/methods/table1_cub200/train.py --full-run --student pit_ti --method ours --batch-size 64 --data-dir /app/output/table1_cub200_pit_all_full_seed1/data/cub200 --teacher-root /app/scratch/input/bapedragon_553/teachers/checkpoints/cub200_table1_resnet56_32 --output-dir /app/output/table1_cub200_pit_all_full_seed1/students --run-name table1_cub200_pit_ti_ours_b64_full_300ep_seed1 --num-workers 4
[BOOT] Python process started: /usr/bin/python
[BOOT] complete Table-1 runtime dependencies already available
/usr/local/lib/python3.10/dist-packages/timm/models/layers/__init__.py:49: FutureWarning: Importing from timm.models.layers is deprecated, please import via timm.layers
  warnings.warn(f"Importing from {__name__} is deprecated, please import via timm.layers", FutureWarning)
========================================================================================
CUB-200 TABLE-1 EXTENSION
========================================================================================
[TASK] student=PiT-Ti method=OURS batch=64 mode=full_300ep
[MODE] actual_epochs=300 planned_epochs=300
[PROTOCOL_LOCK] dataset=CUB-200-2011 split=5994/5794 teacher=ResNet56-scratch-32 student=scratch-224 epochs=300 AdamW=5e-4->5e-6 wd=0.05 warmup=20 seed=1 fp32=True
[FIXED_TEACHER_TABLE1_CUB200] h200_build=543 root=/app/scratch/input/bapedragon_553/teachers/checkpoints/cub200_table1_resnet56_32 sha256=06f75192b1c108c89e480843cb4f72dfb28aa762d7b11e7ac327333dd54b51f5
[SOURCE] official_lg_repo=https://github.com/lkhl/tiny-transformers commit=d2165f74049c906b0afc9f957491960fb3c0cc8b
[MODEL] params=4,641,672 feature_dims=(64, 64, 128, 128, 128, 128, 128, 128, 256, 256, 256, 256) selected_lg=(0, 6, 11)
[FEATURE_CHECK] student=((2, 64, 27, 27), (2, 64, 27, 27), (2, 128, 14, 14), (2, 128, 14, 14), (2, 128, 14, 14), (2, 128, 14, 14), (2, 128, 14, 14), (2, 128, 14, 14), (2, 256, 7, 7), (2, 256, 7, 7), (2, 256, 7, 7), (2, 256, 7, 7)) teacher=((2, 16, 32, 32), (2, 32, 16, 16), (2, 64, 8, 8)) guidance_probe=10.669232
[OURS_ADAPTER] all_blocks=True common_channels=192 common_grid=14 adapter_params=370,944 ours_params=55,901
[OPTIMIZER] contract=ours_single_group_all_parameters_decay_0.05
[OURS:PiT-Ti][001/300] loss=97.0373 ce=5.4676 guidance=36.6279 beta=2.50 train_acc=0.44% test_acc=0.17% best=0.17% lr=5e-07 time=16.7s est_300=1h 23m 38s
[OURS:PiT-Ti][002/300] loss=87.7552 ce=5.3914 guidance=32.9455 beta=2.50 train_acc=0.49% test_acc=0.38% best=0.38% lr=2.5475e-05 time=15.9s est_300=1h 21m 36s
[OURS:PiT-Ti][003/300] loss=75.4670 ce=5.3371 guidance=28.0520 beta=2.50 train_acc=0.35% test_acc=0.62% best=0.62% lr=5.045e-05 time=15.9s est_300=1h 20m 52s
[OURS:PiT-Ti][004/300] loss=70.0287 ce=5.3278 guidance=25.8804 beta=2.50 train_acc=0.49% test_acc=0.76% best=0.76% lr=7.5425e-05 time=15.6s est_300=1h 20m 12s
[OURS:PiT-Ti][005/300] loss=64.8027 ce=5.3272 guidance=23.7902 beta=2.50 train_acc=0.47% test_acc=0.81% best=0.81% lr=0.0001004 time=15.6s est_300=1h 19m 45s
[OURS:PiT-Ti][006/300] loss=59.6668 ce=5.3241 guidance=21.7371 beta=2.50 train_acc=0.50% test_acc=0.52% best=0.81% lr=0.000125375 time=15.8s est_300=1h 19m 36s
[OURS:PiT-Ti][007/300] loss=56.4051 ce=5.3012 guidance=20.4416 beta=2.50 train_acc=0.59% test_acc=1.23% best=1.23% lr=0.00015035 time=15.8s est_300=1h 19m 30s
[OURS:PiT-Ti][008/300] loss=53.6023 ce=5.2343 guidance=19.3472 beta=2.50 train_acc=0.89% test_acc=1.67% best=1.67% lr=0.000175325 time=15.5s est_300=1h 19m 16s
[OURS:PiT-Ti][009/300] loss=51.8085 ce=5.1608 guidance=18.6591 beta=2.50 train_acc=0.99% test_acc=1.64% best=1.67% lr=0.0002003 time=16.4s est_300=1h 19m 34s
[OURS:PiT-Ti][010/300] loss=50.2516 ce=5.0832 guidance=18.0674 beta=2.50 train_acc=1.60% test_acc=2.02% best=2.02% lr=0.000225275 time=15.0s est_300=1h 19m 08s
[OURS:PiT-Ti][011/300] loss=48.2743 ce=5.0031 guidance=17.3085 beta=2.50 train_acc=2.07% test_acc=3.14% best=3.14% lr=0.00025025 time=13.9s est_300=1h 18m 16s
[OURS:PiT-Ti][012/300] loss=46.7893 ce=4.8774 guidance=16.7647 beta=2.50 train_acc=3.16% test_acc=4.85% best=4.85% lr=0.000275225 time=15.6s est_300=1h 18m 15s
[OURS:PiT-Ti][013/300] loss=44.6999 ce=4.7520 guidance=15.9792 beta=2.50 train_acc=3.76% test_acc=6.16% best=6.16% lr=0.0003002 time=15.8s est_300=1h 18m 20s
[OURS:PiT-Ti][014/300] loss=43.1418 ce=4.6244 guidance=15.4069 beta=2.50 train_acc=5.09% test_acc=7.92% best=7.92% lr=0.000325175 time=14.9s est_300=1h 18m 03s
[OURS:PiT-Ti][015/300] loss=41.9871 ce=4.5118 guidance=14.9901 beta=2.50 train_acc=6.43% test_acc=8.75% best=8.75% lr=0.00035015 time=14.6s est_300=1h 17m 43s
[OURS:PiT-Ti][016/300] loss=40.7090 ce=4.4057 guidance=14.5213 beta=2.50 train_acc=7.41% test_acc=11.11% best=11.11% lr=0.000375125 time=14.5s est_300=1h 17m 24s
[OURS:PiT-Ti][017/300] loss=39.3722 ce=4.3216 guidance=14.0202 beta=2.50 train_acc=8.50% test_acc=11.13% best=11.13% lr=0.0004001 time=14.8s est_300=1h 17m 11s
[OURS:PiT-Ti][018/300] loss=38.4454 ce=4.2194 guidance=13.6904 beta=2.50 train_acc=9.38% test_acc=13.05% best=13.05% lr=0.000425075 time=15.3s est_300=1h 17m 09s
[OURS:PiT-Ti][019/300] loss=37.4996 ce=4.1358 guidance=13.3455 beta=2.50 train_acc=11.16% test_acc=14.81% best=14.81% lr=0.00045005 time=15.3s est_300=1h 17m 07s
[OURS:PiT-Ti][020/300] loss=36.5768 ce=4.0290 guidance=13.0191 beta=2.50 train_acc=12.57% test_acc=16.81% best=16.81% lr=0.000475025 time=15.5s est_300=1h 17m 08s
[OURS:PiT-Ti][021/300] loss=35.7447 ce=3.9645 guidance=12.7121 beta=2.50 train_acc=13.42% test_acc=17.64% best=17.64% lr=0.00049459153 time=15.3s est_300=1h 17m 06s
[OURS:PiT-Ti][022/300] loss=34.8983 ce=3.8573 guidance=12.4164 beta=2.50 train_acc=15.24% test_acc=19.26% best=19.26% lr=0.0004940394 time=15.4s est_300=1h 17m 05s
[OURS:PiT-Ti][023/300] loss=34.4142 ce=3.7871 guidance=12.2508 beta=2.50 train_acc=17.10% test_acc=23.21% best=23.21% lr=0.00049346078 time=15.8s est_300=1h 17m 09s
[OURS:PiT-Ti][024/300] loss=33.7572 ce=3.7287 guidance=12.0114 beta=2.50 train_acc=16.67% test_acc=22.51% best=23.21% lr=0.00049285573 time=15.5s est_300=1h 17m 11s
[OURS:PiT-Ti][025/300] loss=32.9838 ce=3.6400 guidance=11.7375 beta=2.50 train_acc=18.26% test_acc=23.49% best=23.49% lr=0.00049222433 time=15.8s est_300=1h 17m 15s
[OURS:PiT-Ti][026/300] loss=32.6532 ce=3.5852 guidance=11.6272 beta=2.50 train_acc=19.84% test_acc=25.79% best=25.79% lr=0.00049156664 time=15.8s est_300=1h 17m 20s
[OURS:PiT-Ti][027/300] loss=32.2081 ce=3.5503 guidance=11.4632 beta=2.50 train_acc=21.14% test_acc=25.65% best=25.79% lr=0.00049088274 time=15.7s est_300=1h 17m 22s
[OURS:PiT-Ti][028/300] loss=31.7592 ce=3.4966 guidance=11.3050 beta=2.50 train_acc=21.81% test_acc=27.44% best=27.44% lr=0.00049017269 time=14.2s est_300=1h 17m 08s
[OURS:PiT-Ti][029/300] loss=31.1894 ce=3.4435 guidance=11.0984 beta=2.50 train_acc=22.58% test_acc=27.91% best=27.91% lr=0.00048943658 time=15.9s est_300=1h 17m 13s
[OURS:PiT-Ti][030/300] loss=30.8624 ce=3.3588 guidance=11.0014 beta=2.50 train_acc=24.04% test_acc=29.03% best=29.03% lr=0.00048867448 time=15.5s est_300=1h 17m 14s
[OURS:PiT-Ti][031/300] loss=30.5397 ce=3.2930 guidance=10.8987 beta=2.50 train_acc=25.30% test_acc=28.43% best=29.03% lr=0.00048788649 time=14.7s est_300=1h 17m 07s
[OURS:PiT-Ti][032/300] loss=30.2481 ce=3.2157 guidance=10.8130 beta=2.50 train_acc=26.38% test_acc=29.17% best=29.17% lr=0.00048707268 time=15.0s est_300=1h 17m 03s
[OURS:PiT-Ti][033/300] loss=29.9370 ce=3.2266 guidance=10.6842 beta=2.50 train_acc=26.34% test_acc=30.26% best=30.26% lr=0.00048623315 time=15.3s est_300=1h 17m 02s
[OURS:PiT-Ti][034/300] loss=29.8314 ce=3.1619 guidance=10.6678 beta=2.50 train_acc=27.67% test_acc=31.39% best=31.39% lr=0.00048536799 time=14.7s est_300=1h 16m 55s
[OURS:PiT-Ti][035/300] loss=29.4624 ce=3.0902 guidance=10.5489 beta=2.50 train_acc=28.98% test_acc=32.33% best=32.33% lr=0.00048447729 time=15.6s est_300=1h 16m 57s
[OURS:PiT-Ti][036/300] loss=29.2137 ce=3.0806 guidance=10.4532 beta=2.50 train_acc=29.15% test_acc=32.59% best=32.59% lr=0.00048356116 time=15.2s est_300=1h 16m 55s
[OURS:PiT-Ti][037/300] loss=29.1407 ce=3.0440 guidance=10.4387 beta=2.50 train_acc=30.06% test_acc=34.93% best=34.93% lr=0.00048261968 time=13.6s est_300=1h 16m 41s
[OURS:PiT-Ti][038/300] loss=28.5736 ce=2.9555 guidance=10.2472 beta=2.50 train_acc=32.54% test_acc=33.57% best=34.93% lr=0.00048165297 time=15.9s est_300=1h 16m 45s
[OURS:PiT-Ti][039/300] loss=28.4422 ce=2.8962 guidance=10.2184 beta=2.50 train_acc=33.20% test_acc=34.38% best=34.93% lr=0.00048066113 time=15.5s est_300=1h 16m 46s
[OURS:PiT-Ti][040/300] loss=28.1595 ce=2.8912 guidance=10.1073 beta=2.50 train_acc=33.42% test_acc=34.57% best=34.93% lr=0.00047964427 time=15.3s est_300=1h 16m 46s
[OURS:PiT-Ti][041/300] loss=27.8847 ce=2.8485 guidance=10.0145 beta=2.50 train_acc=34.09% test_acc=33.85% best=34.93% lr=0.0004786025 time=15.2s est_300=1h 16m 44s
[OURS:PiT-Ti][042/300] loss=27.8711 ce=2.8087 guidance=10.0250 beta=2.50 train_acc=34.64% test_acc=34.23% best=34.93% lr=0.00047753594 time=13.7s est_300=1h 16m 33s
[OURS:PiT-Ti][043/300] loss=27.6726 ce=2.7999 guidance=9.9491 beta=2.50 train_acc=34.56% test_acc=36.05% best=36.05% lr=0.0004764447 time=16.2s est_300=1h 16m 39s
[OURS:PiT-Ti][044/300] loss=27.3866 ce=2.7068 guidance=9.8719 beta=2.50 train_acc=36.24% test_acc=37.92% best=37.92% lr=0.0004753289 time=16.1s est_300=1h 16m 44s
[OURS:PiT-Ti][045/300] loss=27.2703 ce=2.6843 guidance=9.8344 beta=2.50 train_acc=37.92% test_acc=36.18% best=37.92% lr=0.00047418866 time=15.6s est_300=1h 16m 46s
[OURS:PiT-Ti][046/300] loss=27.1657 ce=2.6764 guidance=9.7957 beta=2.50 train_acc=36.53% test_acc=37.63% best=37.92% lr=0.00047302411 time=16.2s est_300=1h 16m 52s
[OURS:PiT-Ti][047/300] loss=26.8878 ce=2.6440 guidance=9.6975 beta=2.50 train_acc=37.67% test_acc=36.80% best=37.92% lr=0.00047183539 time=15.7s est_300=1h 16m 54s
[OURS:PiT-Ti][048/300] loss=26.7701 ce=2.5987 guidance=9.6685 beta=2.50 train_acc=39.06% test_acc=36.90% best=37.92% lr=0.0004706226 time=16.5s est_300=1h 17m 01s
[OURS:PiT-Ti][049/300] loss=26.6113 ce=2.5877 guidance=9.6094 beta=2.50 train_acc=39.16% test_acc=38.33% best=38.33% lr=0.0004693859 time=16.2s est_300=1h 17m 06s
[OURS:PiT-Ti][050/300] loss=26.4225 ce=2.5248 guidance=9.5591 beta=2.50 train_acc=40.59% test_acc=38.76% best=38.76% lr=0.00046812542 time=15.6s est_300=1h 17m 07s
[OURS:PiT-Ti][051/300] loss=26.3187 ce=2.5192 guidance=9.5198 beta=2.50 train_acc=40.79% test_acc=37.40% best=38.76% lr=0.00046684129 time=15.2s est_300=1h 17m 05s
[OURS:PiT-Ti][052/300] loss=26.2439 ce=2.5057 guidance=9.4953 beta=2.50 train_acc=41.35% test_acc=38.42% best=38.76% lr=0.00046553365 time=15.0s est_300=1h 17m 03s
[OURS:PiT-Ti][053/300] loss=26.0451 ce=2.4495 guidance=9.4382 beta=2.50 train_acc=42.31% test_acc=37.81% best=38.76% lr=0.00046420265 time=14.1s est_300=1h 16m 55s
[OURS:PiT-Ti][054/300] loss=26.1021 ce=2.4519 guidance=9.4601 beta=2.50 train_acc=42.10% test_acc=39.77% best=39.77% lr=0.00046284844 time=13.6s est_300=1h 16m 45s
[OURS:PiT-Ti][055/300] loss=26.0046 ce=2.3654 guidance=9.4557 beta=2.50 train_acc=43.70% test_acc=39.39% best=39.77% lr=0.00046147116 time=15.3s est_300=1h 16m 45s
[OURS:PiT-Ti][056/300] loss=25.7576 ce=2.4000 guidance=9.3431 beta=2.50 train_acc=43.46% test_acc=38.61% best=39.77% lr=0.00046007097 time=14.3s est_300=1h 16m 39s
[OURS:PiT-Ti][057/300] loss=25.8127 ce=2.3464 guidance=9.3865 beta=2.50 train_acc=44.64% test_acc=38.82% best=39.77% lr=0.00045864801 time=13.9s est_300=1h 16m 32s
[OURS:PiT-Ti][058/300] loss=25.5622 ce=2.3359 guidance=9.2905 beta=2.50 train_acc=44.88% test_acc=38.42% best=39.77% lr=0.00045720244 time=15.8s est_300=1h 16m 34s
[OURS:PiT-Ti][059/300] loss=25.3590 ce=2.2742 guidance=9.2339 beta=2.50 train_acc=45.36% test_acc=40.35% best=40.35% lr=0.00045573443 time=13.6s est_300=1h 16m 26s
[OURS:PiT-Ti][060/300] loss=25.3554 ce=2.2657 guidance=9.2359 beta=2.50 train_acc=46.47% test_acc=39.77% best=40.35% lr=0.00045424413 time=14.6s est_300=1h 16m 22s
[OURS:PiT-Ti][061/300] loss=25.3741 ce=2.2794 guidance=9.2379 beta=2.50 train_acc=46.20% test_acc=40.20% best=40.35% lr=0.00045273171 time=15.8s est_300=1h 16m 25s
[OURS:PiT-Ti][062/300] loss=25.0522 ce=2.2301 guidance=9.1288 beta=2.50 train_acc=48.20% test_acc=40.28% best=40.35% lr=0.00045119733 time=15.6s est_300=1h 16m 27s
[OURS:PiT-Ti][063/300] loss=25.0439 ce=2.1911 guidance=9.1411 beta=2.50 train_acc=47.92% test_acc=41.75% best=41.75% lr=0.00044964115 time=15.6s est_300=1h 16m 28s
[OURS:PiT-Ti][064/300] loss=25.0563 ce=2.2235 guidance=9.1331 beta=2.50 train_acc=47.40% test_acc=40.08% best=41.75% lr=0.00044806337 time=15.2s est_300=1h 16m 28s
[OURS:PiT-Ti][065/300] loss=24.9454 ce=2.2063 guidance=9.0956 beta=2.50 train_acc=48.10% test_acc=40.99% best=41.75% lr=0.00044646413 time=15.4s est_300=1h 16m 28s
[OURS:PiT-Ti][066/300] loss=24.9539 ce=2.1216 guidance=9.1329 beta=2.50 train_acc=49.03% test_acc=40.63% best=41.75% lr=0.00044484363 time=16.3s est_300=1h 16m 33s
[OURS:PiT-Ti][067/300] loss=24.7401 ce=2.1287 guidance=9.0446 beta=2.50 train_acc=49.45% test_acc=41.30% best=41.75% lr=0.00044320203 time=15.4s est_300=1h 16m 33s
[OURS:PiT-Ti][068/300] loss=24.5833 ce=2.1251 guidance=8.9833 beta=2.50 train_acc=49.76% test_acc=41.13% best=41.75% lr=0.00044153952 time=14.0s est_300=1h 16m 28s
[OURS:PiT-Ti][069/300] loss=24.6697 ce=2.0987 guidance=9.0284 beta=2.50 train_acc=50.82% test_acc=40.89% best=41.75% lr=0.00043985628 time=16.5s est_300=1h 16m 33s
[OURS:PiT-Ti][070/300] loss=24.6239 ce=2.0458 guidance=9.0312 beta=2.50 train_acc=51.16% test_acc=41.91% best=41.91% lr=0.00043815249 time=15.9s est_300=1h 16m 36s
[OURS:PiT-Ti][071/300] loss=24.4479 ce=2.0314 guidance=8.9666 beta=2.50 train_acc=51.90% test_acc=40.51% best=41.91% lr=0.00043642834 time=15.1s est_300=1h 16m 35s
[OURS:PiT-Ti][072/300] loss=24.5419 ce=2.0257 guidance=9.0065 beta=2.50 train_acc=52.57% test_acc=41.25% best=41.91% lr=0.00043468403 time=16.1s est_300=1h 16m 38s
[OURS:PiT-Ti][073/300] loss=24.4030 ce=2.0071 guidance=8.9583 beta=2.50 train_acc=52.87% test_acc=41.35% best=41.91% lr=0.00043291974 time=15.5s est_300=1h 16m 39s
[OURS:PiT-Ti][074/300] loss=24.2844 ce=1.9873 guidance=8.9188 beta=2.50 train_acc=52.59% test_acc=41.75% best=41.91% lr=0.00043113566 time=15.5s est_300=1h 16m 40s
[OURS:PiT-Ti][075/300] loss=24.2281 ce=1.9389 guidance=8.9157 beta=2.50 train_acc=53.97% test_acc=41.61% best=41.91% lr=0.00042933199 time=15.4s est_300=1h 16m 40s
[OURS:PiT-Ti][076/300] loss=24.3636 ce=1.9629 guidance=8.9603 beta=2.50 train_acc=53.31% test_acc=42.54% best=42.54% lr=0.00042750893 time=15.3s est_300=1h 16m 40s
[OURS:PiT-Ti][077/300] loss=24.0222 ce=1.9383 guidance=8.8336 beta=2.50 train_acc=53.66% test_acc=41.66% best=42.54% lr=0.00042566668 time=14.3s est_300=1h 16m 35s
[OURS:PiT-Ti][078/300] loss=24.1433 ce=1.9427 guidance=8.8802 beta=2.50 train_acc=54.49% test_acc=41.06% best=42.54% lr=0.00042380544 time=14.6s est_300=1h 16m 33s
[OURS:PiT-Ti][079/300] loss=24.0887 ce=1.9100 guidance=8.8715 beta=2.50 train_acc=55.80% test_acc=41.16% best=42.54% lr=0.00042192541 time=14.3s est_300=1h 16m 29s
[OURS:PiT-Ti][080/300] loss=23.9437 ce=1.9097 guidance=8.8136 beta=2.50 train_acc=54.79% test_acc=42.01% best=42.54% lr=0.0004200268 time=14.6s est_300=1h 16m 26s
[OURS:PiT-Ti][081/300] loss=23.9408 ce=1.9406 guidance=8.8001 beta=2.50 train_acc=53.83% test_acc=40.80% best=42.54% lr=0.00041810983 time=15.3s est_300=1h 16m 26s
[OURS:PiT-Ti][082/300] loss=23.8714 ce=1.8781 guidance=8.7973 beta=2.50 train_acc=55.14% test_acc=41.15% best=42.54% lr=0.00041617469 time=15.0s est_300=1h 16m 25s
[OURS:PiT-Ti][083/300] loss=23.8542 ce=1.8816 guidance=8.7891 beta=2.50 train_acc=55.86% test_acc=42.80% best=42.80% lr=0.0004142216 time=16.1s est_300=1h 16m 28s
[OURS:PiT-Ti][084/300] loss=23.7666 ce=1.8317 guidance=8.7740 beta=2.50 train_acc=56.54% test_acc=42.27% best=42.80% lr=0.00041225078 time=16.2s est_300=1h 16m 31s
[OURS:PiT-Ti][085/300] loss=23.6840 ce=1.8050 guidance=8.7516 beta=2.50 train_acc=57.29% test_acc=42.04% best=42.80% lr=0.00041026244 time=16.2s est_300=1h 16m 35s
[OURS:PiT-Ti][086/300] loss=23.7133 ce=1.8048 guidance=8.7634 beta=2.50 train_acc=57.14% test_acc=40.97% best=42.80% lr=0.0004082568 time=15.9s est_300=1h 16m 37s
[OURS:PiT-Ti][087/300] loss=23.6155 ce=1.8116 guidance=8.7216 beta=2.50 train_acc=57.07% test_acc=41.54% best=42.80% lr=0.00040623408 time=15.7s est_300=1h 16m 38s
[OURS:PiT-Ti][088/300] loss=23.6815 ce=1.8033 guidance=8.7513 beta=2.50 train_acc=56.49% test_acc=40.99% best=42.80% lr=0.0004041945 time=15.2s est_300=1h 16m 38s
[OURS:PiT-Ti][089/300] loss=23.6520 ce=1.7781 guidance=8.7496 beta=2.50 train_acc=57.91% test_acc=41.06% best=42.80% lr=0.00040213828 time=16.2s est_300=1h 16m 40s
[OURS:PiT-Ti][090/300] loss=23.4841 ce=1.7113 guidance=8.7091 beta=2.50 train_acc=59.21% test_acc=41.73% best=42.80% lr=0.00040006566 time=15.8s est_300=1h 16m 42s
[OURS:PiT-Ti][091/300] loss=23.5560 ce=1.7580 guidance=8.7192 beta=2.50 train_acc=57.90% test_acc=42.49% best=42.80% lr=0.00039797685 time=15.6s est_300=1h 16m 43s
[OURS:PiT-Ti][092/300] loss=23.6059 ce=1.7821 guidance=8.7295 beta=2.50 train_acc=58.60% test_acc=42.30% best=42.80% lr=0.00039587209 time=15.5s est_300=1h 16m 43s
[OURS:PiT-Ti][093/300] loss=23.3446 ce=1.7224 guidance=8.6489 beta=2.50 train_acc=58.74% test_acc=42.06% best=42.80% lr=0.00039375161 time=16.1s est_300=1h 16m 46s
[OURS:PiT-Ti][094/300] loss=23.2833 ce=1.6984 guidance=8.6339 beta=2.50 train_acc=59.24% test_acc=41.92% best=42.80% lr=0.00039161564 time=16.4s est_300=1h 16m 49s
[OURS:PiT-Ti][095/300] loss=23.3016 ce=1.7016 guidance=8.6400 beta=2.50 train_acc=59.83% test_acc=42.85% best=42.85% lr=0.00038946441 time=15.7s est_300=1h 16m 50s
[OURS:PiT-Ti][096/300] loss=23.3887 ce=1.7587 guidance=8.6520 beta=2.50 train_acc=58.90% test_acc=41.99% best=42.85% lr=0.00038729816 time=16.2s est_300=1h 16m 53s
[OURS:PiT-Ti][097/300] loss=23.1564 ce=1.6582 guidance=8.5993 beta=2.50 train_acc=60.95% test_acc=42.22% best=42.85% lr=0.00038511713 time=15.9s est_300=1h 16m 54s
[OURS:PiT-Ti][098/300] loss=23.1888 ce=1.6569 guidance=8.6128 beta=2.50 train_acc=60.60% test_acc=42.06% best=42.85% lr=0.00038292156 time=16.2s est_300=1h 16m 57s
[OURS:PiT-Ti][099/300] loss=23.2446 ce=1.6566 guidance=8.6352 beta=2.50 train_acc=61.29% test_acc=40.59% best=42.85% lr=0.00038071168 time=15.7s est_300=1h 16m 58s
[OURS:PiT-Ti][100/300] loss=23.0897 ce=1.6353 guidance=8.5818 beta=2.50 train_acc=60.99% test_acc=42.72% best=42.85% lr=0.00037848775 time=14.9s est_300=1h 16m 56s
[OURS:PiT-Ti][101/300] loss=22.9920 ce=1.6631 guidance=8.5316 beta=2.50 train_acc=60.18% test_acc=42.75% best=42.85% lr=0.00037625 time=13.5s est_300=1h 16m 51s
[OURS:PiT-Ti][102/300] loss=23.0197 ce=1.6211 guidance=8.5594 beta=2.50 train_acc=61.42% test_acc=41.04% best=42.85% lr=0.00037399868 time=14.5s est_300=1h 16m 48s
[OURS:PiT-Ti][103/300] loss=22.9800 ce=1.5950 guidance=8.5540 beta=2.50 train_acc=62.60% test_acc=42.41% best=42.85% lr=0.00037173403 time=15.4s est_300=1h 16m 48s
[OURS:PiT-Ti][104/300] loss=23.0859 ce=1.6295 guidance=8.5826 beta=2.50 train_acc=61.51% test_acc=42.41% best=42.85% lr=0.00036945631 time=15.4s est_300=1h 16m 48s
[OURS:PiT-Ti][105/300] loss=22.9204 ce=1.5627 guidance=8.5431 beta=2.50 train_acc=62.53% test_acc=42.04% best=42.85% lr=0.00036716577 time=15.0s est_300=1h 16m 47s
[OURS:PiT-Ti][106/300] loss=23.0108 ce=1.6165 guidance=8.5577 beta=2.50 train_acc=61.49% test_acc=42.34% best=42.85% lr=0.00036486265 time=13.4s est_300=1h 16m 42s
[OURS:PiT-Ti][107/300] loss=22.9873 ce=1.5988 guidance=8.5554 beta=2.50 train_acc=61.29% test_acc=41.58% best=42.85% lr=0.00036254721 time=12.9s est_300=1h 16m 35s
[OURS:PiT-Ti][108/300] loss=22.9567 ce=1.6174 guidance=8.5357 beta=2.50 train_acc=62.21% test_acc=41.28% best=42.85% lr=0.0003602197 time=15.4s est_300=1h 16m 35s
[OURS:PiT-Ti][109/300] loss=22.8923 ce=1.5342 guidance=8.5432 beta=2.50 train_acc=63.76% test_acc=41.28% best=42.85% lr=0.00035788037 time=13.9s est_300=1h 16m 31s
[OURS:PiT-Ti][110/300] loss=22.6754 ce=1.5045 guidance=8.4684 beta=2.50 train_acc=64.36% test_acc=41.47% best=42.85% lr=0.0003555295 time=15.7s est_300=1h 16m 32s
[OURS:PiT-Ti][111/300] loss=22.7183 ce=1.4729 guidance=8.4981 beta=2.50 train_acc=65.04% test_acc=40.47% best=42.85% lr=0.00035316732 time=15.4s est_300=1h 16m 33s
[OURS:PiT-Ti][112/300] loss=22.6701 ce=1.5433 guidance=8.4507 beta=2.50 train_acc=63.19% test_acc=41.68% best=42.85% lr=0.0003507941 time=15.6s est_300=1h 16m 34s
[OURS:PiT-Ti][113/300] loss=22.6574 ce=1.5185 guidance=8.4556 beta=2.50 train_acc=63.89% test_acc=43.58% best=43.58% lr=0.00034841011 time=15.8s est_300=1h 16m 35s
[OURS:PiT-Ti][114/300] loss=22.5234 ce=1.5351 guidance=8.3953 beta=2.50 train_acc=63.58% test_acc=41.91% best=43.58% lr=0.00034601559 time=14.9s est_300=1h 16m 34s
[OURS:PiT-Ti][115/300] loss=22.6058 ce=1.4625 guidance=8.4573 beta=2.50 train_acc=66.48% test_acc=40.85% best=43.58% lr=0.00034361083 time=15.2s est_300=1h 16m 33s
[OURS:PiT-Ti][116/300] loss=22.6186 ce=1.5215 guidance=8.4389 beta=2.50 train_acc=63.78% test_acc=41.46% best=43.58% lr=0.00034119607 time=15.6s est_300=1h 16m 34s
[OURS:PiT-Ti][117/300] loss=22.5182 ce=1.4347 guidance=8.4334 beta=2.50 train_acc=65.32% test_acc=41.51% best=43.58% lr=0.00033877158 time=14.8s est_300=1h 16m 33s
[OURS:PiT-Ti][118/300] loss=22.5194 ce=1.4602 guidance=8.4237 beta=2.50 train_acc=65.24% test_acc=40.44% best=43.58% lr=0.00033633764 time=13.8s est_300=1h 16m 29s
[OURS:PiT-Ti][119/300] loss=22.5057 ce=1.4421 guidance=8.4254 beta=2.50 train_acc=65.66% test_acc=41.49% best=43.58% lr=0.0003338945 time=15.7s est_300=1h 16m 30s
[OURS:PiT-Ti][120/300] loss=22.5044 ce=1.4360 guidance=8.4274 beta=2.50 train_acc=66.15% test_acc=41.61% best=43.58% lr=0.00033144243 time=16.0s est_300=1h 16m 32s
[OURS:PiT-Ti][121/300] loss=22.4027 ce=1.4617 guidance=8.3764 beta=2.50 train_acc=65.86% test_acc=41.30% best=43.58% lr=0.00032898171 time=15.1s est_300=1h 16m 32s
[OURS:PiT-Ti][122/300] loss=22.4486 ce=1.4710 guidance=8.3911 beta=2.50 train_acc=64.87% test_acc=42.46% best=43.58% lr=0.0003265126 time=15.5s est_300=1h 16m 32s
[OURS:PiT-Ti][123/300] loss=22.4585 ce=1.4671 guidance=8.3966 beta=2.50 train_acc=64.77% test_acc=41.82% best=43.58% lr=0.00032403537 time=15.4s est_300=1h 16m 32s
[OURS:PiT-Ti][124/300] loss=22.3324 ce=1.4350 guidance=8.3590 beta=2.50 train_acc=65.89% test_acc=42.56% best=43.58% lr=0.0003215503 time=15.6s est_300=1h 16m 33s
[OURS:PiT-Ti][125/300] loss=22.2571 ce=1.4304 guidance=8.3307 beta=2.50 train_acc=65.93% test_acc=43.17% best=43.58% lr=0.00031905766 time=16.3s est_300=1h 16m 35s
[OURS:PiT-Ti][126/300] loss=22.4504 ce=1.4753 guidance=8.3901 beta=2.50 train_acc=64.90% test_acc=41.11% best=43.58% lr=0.00031655771 time=14.5s est_300=1h 16m 33s
[OURS:PiT-Ti][127/300] loss=22.3801 ce=1.4402 guidance=8.3759 beta=2.50 train_acc=66.21% test_acc=40.92% best=43.58% lr=0.00031405075 time=15.0s est_300=1h 16m 33s
[OURS:PiT-Ti][128/300] loss=22.1924 ce=1.3679 guidance=8.3298 beta=2.50 train_acc=67.09% test_acc=42.42% best=43.58% lr=0.00031153703 time=15.3s est_300=1h 16m 33s
[OURS:PiT-Ti][129/300] loss=22.2600 ce=1.3618 guidance=8.3593 beta=2.50 train_acc=67.46% test_acc=40.23% best=43.58% lr=0.00030901684 time=15.3s est_300=1h 16m 33s
[OURS:PiT-Ti][130/300] loss=22.2960 ce=1.3968 guidance=8.3597 beta=2.50 train_acc=67.04% test_acc=41.15% best=43.58% lr=0.00030649045 time=15.3s est_300=1h 16m 33s
[OURS:PiT-Ti][131/300] loss=1.4377 ce=1.4377 guidance=0.0000 beta=0.00 train_acc=66.11% test_acc=40.63% best=43.58% lr=0.00030395814 time=13.2s est_300=1h 16m 28s
[OURS:PiT-Ti][132/300] loss=1.4044 ce=1.4044 guidance=0.0000 beta=0.00 train_acc=66.80% test_acc=40.82% best=43.58% lr=0.00030142019 time=12.9s est_300=1h 16m 22s
[OURS:PiT-Ti][133/300] loss=1.4093 ce=1.4093 guidance=0.0000 beta=0.00 train_acc=66.20% test_acc=41.73% best=43.58% lr=0.00029887688 time=12.2s est_300=1h 16m 16s
[OURS:PiT-Ti][134/300] loss=1.3785 ce=1.3785 guidance=0.0000 beta=0.00 train_acc=66.97% test_acc=42.35% best=43.58% lr=0.00029632847 time=13.0s est_300=1h 16m 10s
[OURS:PiT-Ti][135/300] loss=1.3631 ce=1.3631 guidance=0.0000 beta=0.00 train_acc=67.61% test_acc=41.51% best=43.58% lr=0.00029377526 time=13.3s est_300=1h 16m 06s
[OURS:PiT-Ti][136/300] loss=1.3510 ce=1.3510 guidance=0.0000 beta=0.00 train_acc=67.81% test_acc=41.42% best=43.58% lr=0.00029121753 time=13.1s est_300=1h 16m 01s
[OURS:PiT-Ti][137/300] loss=1.2928 ce=1.2928 guidance=0.0000 beta=0.00 train_acc=68.63% test_acc=40.30% best=43.58% lr=0.00028865555 time=13.6s est_300=1h 15m 58s
[OURS:PiT-Ti][138/300] loss=1.3428 ce=1.3428 guidance=0.0000 beta=0.00 train_acc=68.04% test_acc=40.87% best=43.58% lr=0.0002860896 time=12.7s est_300=1h 15m 52s
[OURS:PiT-Ti][139/300] loss=1.3179 ce=1.3179 guidance=0.0000 beta=0.00 train_acc=68.50% test_acc=41.72% best=43.58% lr=0.00028351998 time=13.3s est_300=1h 15m 49s
[OURS:PiT-Ti][140/300] loss=1.3637 ce=1.3637 guidance=0.0000 beta=0.00 train_acc=67.71% test_acc=40.40% best=43.58% lr=0.00028094694 time=12.6s est_300=1h 15m 43s
[OURS:PiT-Ti][141/300] loss=1.2956 ce=1.2956 guidance=0.0000 beta=0.00 train_acc=69.14% test_acc=41.89% best=43.58% lr=0.00027837079 time=13.9s est_300=1h 15m 40s
[OURS:PiT-Ti][142/300] loss=1.3256 ce=1.3256 guidance=0.0000 beta=0.00 train_acc=68.78% test_acc=41.16% best=43.58% lr=0.00027579181 time=13.4s est_300=1h 15m 37s
[OURS:PiT-Ti][143/300] loss=1.2900 ce=1.2900 guidance=0.0000 beta=0.00 train_acc=69.25% test_acc=41.46% best=43.58% lr=0.00027321027 time=13.1s est_300=1h 15m 33s
[OURS:PiT-Ti][144/300] loss=1.2967 ce=1.2967 guidance=0.0000 beta=0.00 train_acc=70.25% test_acc=40.68% best=43.58% lr=0.00027062645 time=12.3s est_300=1h 15m 27s
[OURS:PiT-Ti][145/300] loss=1.2480 ce=1.2480 guidance=0.0000 beta=0.00 train_acc=70.19% test_acc=42.41% best=43.58% lr=0.00026804065 time=12.2s est_300=1h 15m 21s
[OURS:PiT-Ti][146/300] loss=1.2694 ce=1.2694 guidance=0.0000 beta=0.00 train_acc=69.98% test_acc=40.56% best=43.58% lr=0.00026545315 time=12.6s est_300=1h 15m 16s
[OURS:PiT-Ti][147/300] loss=1.2513 ce=1.2513 guidance=0.0000 beta=0.00 train_acc=70.61% test_acc=43.06% best=43.58% lr=0.00026286422 time=12.9s est_300=1h 15m 12s
[OURS:PiT-Ti][148/300] loss=1.2233 ce=1.2233 guidance=0.0000 beta=0.00 train_acc=71.10% test_acc=41.42% best=43.58% lr=0.00026027416 time=13.1s est_300=1h 15m 08s
[OURS:PiT-Ti][149/300] loss=1.2536 ce=1.2536 guidance=0.0000 beta=0.00 train_acc=70.72% test_acc=42.82% best=43.58% lr=0.00025768325 time=13.2s est_300=1h 15m 04s
[OURS:PiT-Ti][150/300] loss=1.2656 ce=1.2656 guidance=0.0000 beta=0.00 train_acc=69.94% test_acc=41.44% best=43.58% lr=0.00025509177 time=12.6s est_300=1h 14m 59s
[OURS:PiT-Ti][151/300] loss=1.1927 ce=1.1927 guidance=0.0000 beta=0.00 train_acc=70.97% test_acc=40.54% best=43.58% lr=0.0002525 time=13.6s est_300=1h 14m 56s
[OURS:PiT-Ti][152/300] loss=1.2355 ce=1.2355 guidance=0.0000 beta=0.00 train_acc=70.75% test_acc=40.56% best=43.58% lr=0.00024990823 time=12.7s est_300=1h 14m 52s
[OURS:PiT-Ti][153/300] loss=1.1879 ce=1.1879 guidance=0.0000 beta=0.00 train_acc=70.98% test_acc=41.87% best=43.58% lr=0.00024731675 time=12.7s est_300=1h 14m 47s
[OURS:PiT-Ti][154/300] loss=1.1660 ce=1.1660 guidance=0.0000 beta=0.00 train_acc=72.30% test_acc=42.39% best=43.58% lr=0.00024472584 time=13.5s est_300=1h 14m 45s
[OURS:PiT-Ti][155/300] loss=1.1826 ce=1.1826 guidance=0.0000 beta=0.00 train_acc=71.59% test_acc=41.22% best=43.58% lr=0.00024213578 time=12.8s est_300=1h 14m 40s
[OURS:PiT-Ti][156/300] loss=1.1793 ce=1.1793 guidance=0.0000 beta=0.00 train_acc=72.06% test_acc=40.82% best=43.58% lr=0.00023954685 time=13.3s est_300=1h 14m 37s
[OURS:PiT-Ti][157/300] loss=1.1447 ce=1.1447 guidance=0.0000 beta=0.00 train_acc=73.07% test_acc=41.89% best=43.58% lr=0.00023695935 time=12.5s est_300=1h 14m 32s
[OURS:PiT-Ti][158/300] loss=1.2087 ce=1.2087 guidance=0.0000 beta=0.00 train_acc=70.95% test_acc=42.23% best=43.58% lr=0.00023437355 time=13.1s est_300=1h 14m 29s
[OURS:PiT-Ti][159/300] loss=1.1660 ce=1.1660 guidance=0.0000 beta=0.00 train_acc=72.09% test_acc=41.27% best=43.58% lr=0.00023178973 time=13.2s est_300=1h 14m 26s
[OURS:PiT-Ti][160/300] loss=1.1683 ce=1.1683 guidance=0.0000 beta=0.00 train_acc=72.58% test_acc=41.20% best=43.58% lr=0.00022920819 time=12.9s est_300=1h 14m 22s
[OURS:PiT-Ti][161/300] loss=1.1143 ce=1.1143 guidance=0.0000 beta=0.00 train_acc=73.08% test_acc=41.66% best=43.58% lr=0.00022662921 time=12.9s est_300=1h 14m 18s
[OURS:PiT-Ti][162/300] loss=1.1452 ce=1.1452 guidance=0.0000 beta=0.00 train_acc=73.02% test_acc=42.29% best=43.58% lr=0.00022405306 time=12.4s est_300=1h 14m 14s
[OURS:PiT-Ti][163/300] loss=1.1523 ce=1.1523 guidance=0.0000 beta=0.00 train_acc=72.38% test_acc=42.63% best=43.58% lr=0.00022148002 time=12.6s est_300=1h 14m 10s
[OURS:PiT-Ti][164/300] loss=1.1200 ce=1.1200 guidance=0.0000 beta=0.00 train_acc=73.40% test_acc=41.37% best=43.58% lr=0.0002189104 time=14.0s est_300=1h 14m 08s
[OURS:PiT-Ti][165/300] loss=1.1177 ce=1.1177 guidance=0.0000 beta=0.00 train_acc=73.35% test_acc=42.84% best=43.58% lr=0.00021634445 time=13.1s est_300=1h 14m 05s
[OURS:PiT-Ti][166/300] loss=1.0870 ce=1.0870 guidance=0.0000 beta=0.00 train_acc=73.32% test_acc=43.55% best=43.58% lr=0.00021378247 time=13.7s est_300=1h 14m 03s
[OURS:PiT-Ti][167/300] loss=1.0970 ce=1.0970 guidance=0.0000 beta=0.00 train_acc=73.94% test_acc=41.99% best=43.58% lr=0.00021122474 time=13.2s est_300=1h 14m 00s
[OURS:PiT-Ti][168/300] loss=1.1015 ce=1.1015 guidance=0.0000 beta=0.00 train_acc=73.64% test_acc=40.85% best=43.58% lr=0.00020867153 time=12.9s est_300=1h 13m 57s
[OURS:PiT-Ti][169/300] loss=1.0698 ce=1.0698 guidance=0.0000 beta=0.00 train_acc=74.21% test_acc=42.13% best=43.58% lr=0.00020612312 time=13.4s est_300=1h 13m 54s
[OURS:PiT-Ti][170/300] loss=1.0898 ce=1.0898 guidance=0.0000 beta=0.00 train_acc=74.03% test_acc=42.65% best=43.58% lr=0.00020357981 time=13.0s est_300=1h 13m 51s
[OURS:PiT-Ti][171/300] loss=1.0388 ce=1.0388 guidance=0.0000 beta=0.00 train_acc=75.34% test_acc=41.72% best=43.58% lr=0.00020104186 time=13.2s est_300=1h 13m 48s
[OURS:PiT-Ti][172/300] loss=1.0911 ce=1.0911 guidance=0.0000 beta=0.00 train_acc=73.86% test_acc=42.27% best=43.58% lr=0.00019850955 time=13.9s est_300=1h 13m 47s
[OURS:PiT-Ti][173/300] loss=1.0446 ce=1.0446 guidance=0.0000 beta=0.00 train_acc=74.82% test_acc=42.53% best=43.58% lr=0.00019598316 time=13.5s est_300=1h 13m 45s
[OURS:PiT-Ti][174/300] loss=1.0578 ce=1.0578 guidance=0.0000 beta=0.00 train_acc=75.05% test_acc=41.63% best=43.58% lr=0.00019346297 time=13.8s est_300=1h 13m 43s
[OURS:PiT-Ti][175/300] loss=1.0573 ce=1.0573 guidance=0.0000 beta=0.00 train_acc=74.70% test_acc=42.75% best=43.58% lr=0.00019094925 time=14.2s est_300=1h 13m 42s
[OURS:PiT-Ti][176/300] loss=1.0198 ce=1.0198 guidance=0.0000 beta=0.00 train_acc=75.13% test_acc=41.59% best=43.58% lr=0.00018844229 time=13.5s est_300=1h 13m 40s
[OURS:PiT-Ti][177/300] loss=0.9917 ce=0.9917 guidance=0.0000 beta=0.00 train_acc=76.23% test_acc=42.34% best=43.58% lr=0.00018594234 time=12.7s est_300=1h 13m 36s
[OURS:PiT-Ti][178/300] loss=1.0203 ce=1.0203 guidance=0.0000 beta=0.00 train_acc=75.76% test_acc=43.10% best=43.58% lr=0.0001834497 time=11.8s est_300=1h 13m 32s
[OURS:PiT-Ti][179/300] loss=1.0422 ce=1.0422 guidance=0.0000 beta=0.00 train_acc=75.96% test_acc=43.03% best=43.58% lr=0.00018096463 time=12.9s est_300=1h 13m 29s
[OURS:PiT-Ti][180/300] loss=0.9987 ce=0.9987 guidance=0.0000 beta=0.00 train_acc=75.60% test_acc=42.29% best=43.58% lr=0.0001784874 time=11.5s est_300=1h 13m 23s
[OURS:PiT-Ti][181/300] loss=1.0082 ce=1.0082 guidance=0.0000 beta=0.00 train_acc=76.19% test_acc=43.48% best=43.58% lr=0.00017601829 time=12.4s est_300=1h 13m 19s
[OURS:PiT-Ti][182/300] loss=1.0015 ce=1.0015 guidance=0.0000 beta=0.00 train_acc=76.09% test_acc=41.78% best=43.58% lr=0.00017355757 time=12.1s est_300=1h 13m 15s
[OURS:PiT-Ti][183/300] loss=1.0103 ce=1.0103 guidance=0.0000 beta=0.00 train_acc=75.44% test_acc=42.49% best=43.58% lr=0.0001711055 time=12.4s est_300=1h 13m 12s
[OURS:PiT-Ti][184/300] loss=0.9202 ce=0.9202 guidance=0.0000 beta=0.00 train_acc=78.04% test_acc=41.66% best=43.58% lr=0.00016866236 time=13.4s est_300=1h 13m 09s
[OURS:PiT-Ti][185/300] loss=0.9705 ce=0.9705 guidance=0.0000 beta=0.00 train_acc=76.86% test_acc=42.32% best=43.58% lr=0.00016622842 time=13.1s est_300=1h 13m 07s
[OURS:PiT-Ti][186/300] loss=0.9782 ce=0.9782 guidance=0.0000 beta=0.00 train_acc=76.41% test_acc=42.99% best=43.58% lr=0.00016380393 time=14.0s est_300=1h 13m 06s
[OURS:PiT-Ti][187/300] loss=0.9455 ce=0.9455 guidance=0.0000 beta=0.00 train_acc=77.05% test_acc=41.84% best=43.58% lr=0.00016138917 time=12.5s est_300=1h 13m 03s
[OURS:PiT-Ti][188/300] loss=0.9362 ce=0.9362 guidance=0.0000 beta=0.00 train_acc=77.42% test_acc=42.72% best=43.58% lr=0.00015898441 time=12.9s est_300=1h 13m 00s
[OURS:PiT-Ti][189/300] loss=0.9319 ce=0.9319 guidance=0.0000 beta=0.00 train_acc=78.31% test_acc=43.84% best=43.84% lr=0.00015658989 time=13.1s est_300=1h 12m 57s
[OURS:PiT-Ti][190/300] loss=0.9291 ce=0.9291 guidance=0.0000 beta=0.00 train_acc=77.86% test_acc=42.37% best=43.84% lr=0.0001542059 time=12.4s est_300=1h 12m 54s
[OURS:PiT-Ti][191/300] loss=0.9090 ce=0.9090 guidance=0.0000 beta=0.00 train_acc=78.46% test_acc=43.06% best=43.84% lr=0.00015183268 time=11.7s est_300=1h 12m 49s
[OURS:PiT-Ti][192/300] loss=0.9165 ce=0.9165 guidance=0.0000 beta=0.00 train_acc=78.33% test_acc=43.36% best=43.84% lr=0.0001494705 time=13.4s est_300=1h 12m 48s
[OURS:PiT-Ti][193/300] loss=0.9163 ce=0.9163 guidance=0.0000 beta=0.00 train_acc=78.65% test_acc=41.37% best=43.84% lr=0.00014711963 time=12.5s est_300=1h 12m 44s
[OURS:PiT-Ti][194/300] loss=0.8932 ce=0.8932 guidance=0.0000 beta=0.00 train_acc=78.63% test_acc=42.96% best=43.84% lr=0.0001447803 time=11.9s est_300=1h 12m 40s
[OURS:PiT-Ti][195/300] loss=0.9019 ce=0.9019 guidance=0.0000 beta=0.00 train_acc=79.08% test_acc=41.96% best=43.84% lr=0.00014245279 time=12.6s est_300=1h 12m 37s
[OURS:PiT-Ti][196/300] loss=0.8941 ce=0.8941 guidance=0.0000 beta=0.00 train_acc=78.60% test_acc=43.58% best=43.84% lr=0.00014013735 time=14.1s est_300=1h 12m 37s
[OURS:PiT-Ti][197/300] loss=0.8902 ce=0.8902 guidance=0.0000 beta=0.00 train_acc=79.13% test_acc=41.99% best=43.84% lr=0.00013783423 time=13.7s est_300=1h 12m 35s
[OURS:PiT-Ti][198/300] loss=0.9064 ce=0.9064 guidance=0.0000 beta=0.00 train_acc=78.21% test_acc=42.25% best=43.84% lr=0.00013554369 time=12.4s est_300=1h 12m 32s
[OURS:PiT-Ti][199/300] loss=0.8987 ce=0.8987 guidance=0.0000 beta=0.00 train_acc=78.76% test_acc=42.75% best=43.84% lr=0.00013326597 time=11.8s est_300=1h 12m 28s
[OURS:PiT-Ti][200/300] loss=0.8488 ce=0.8488 guidance=0.0000 beta=0.00 train_acc=79.32% test_acc=43.79% best=43.84% lr=0.00013100132 time=13.1s est_300=1h 12m 26s
[OURS:PiT-Ti][201/300] loss=0.8441 ce=0.8441 guidance=0.0000 beta=0.00 train_acc=79.92% test_acc=42.84% best=43.84% lr=0.00012875 time=13.1s est_300=1h 12m 24s
[OURS:PiT-Ti][202/300] loss=0.8409 ce=0.8409 guidance=0.0000 beta=0.00 train_acc=80.06% test_acc=43.17% best=43.84% lr=0.00012651225 time=13.1s est_300=1h 12m 22s
[OURS:PiT-Ti][203/300] loss=0.8144 ce=0.8144 guidance=0.0000 beta=0.00 train_acc=80.33% test_acc=42.23% best=43.84% lr=0.00012428832 time=13.3s est_300=1h 12m 20s
[OURS:PiT-Ti][204/300] loss=0.9075 ce=0.9075 guidance=0.0000 beta=0.00 train_acc=78.49% test_acc=42.89% best=43.84% lr=0.00012207844 time=14.0s est_300=1h 12m 19s
[OURS:PiT-Ti][205/300] loss=0.8595 ce=0.8595 guidance=0.0000 beta=0.00 train_acc=79.64% test_acc=43.22% best=43.84% lr=0.00011988287 time=13.2s est_300=1h 12m 18s
[OURS:PiT-Ti][206/300] loss=0.8711 ce=0.8711 guidance=0.0000 beta=0.00 train_acc=79.18% test_acc=42.58% best=43.84% lr=0.00011770184 time=13.4s est_300=1h 12m 16s
[OURS:PiT-Ti][207/300] loss=0.8384 ce=0.8384 guidance=0.0000 beta=0.00 train_acc=80.53% test_acc=43.03% best=43.84% lr=0.00011553559 time=13.9s est_300=1h 12m 15s
[OURS:PiT-Ti][208/300] loss=0.8491 ce=0.8491 guidance=0.0000 beta=0.00 train_acc=79.40% test_acc=42.41% best=43.84% lr=0.00011338436 time=12.7s est_300=1h 12m 13s
[OURS:PiT-Ti][209/300] loss=0.7645 ce=0.7645 guidance=0.0000 beta=0.00 train_acc=82.04% test_acc=42.53% best=43.84% lr=0.00011124839 time=12.6s est_300=1h 12m 10s
[OURS:PiT-Ti][210/300] loss=0.8286 ce=0.8286 guidance=0.0000 beta=0.00 train_acc=80.68% test_acc=43.23% best=43.84% lr=0.00010912791 time=12.3s est_300=1h 12m 07s
[OURS:PiT-Ti][211/300] loss=0.7943 ce=0.7943 guidance=0.0000 beta=0.00 train_acc=80.61% test_acc=43.36% best=43.84% lr=0.00010702315 time=13.1s est_300=1h 12m 05s
[OURS:PiT-Ti][212/300] loss=0.7980 ce=0.7980 guidance=0.0000 beta=0.00 train_acc=81.28% test_acc=42.82% best=43.84% lr=0.00010493434 time=13.6s est_300=1h 12m 04s
[OURS:PiT-Ti][213/300] loss=0.8025 ce=0.8025 guidance=0.0000 beta=0.00 train_acc=80.56% test_acc=42.79% best=43.84% lr=0.00010286172 time=14.1s est_300=1h 12m 03s
[OURS:PiT-Ti][214/300] loss=0.7957 ce=0.7957 guidance=0.0000 beta=0.00 train_acc=80.65% test_acc=42.73% best=43.84% lr=0.0001008055 time=12.6s est_300=1h 12m 01s
[OURS:PiT-Ti][215/300] loss=0.8220 ce=0.8220 guidance=0.0000 beta=0.00 train_acc=80.66% test_acc=42.22% best=43.84% lr=9.8765924e-05 time=12.9s est_300=1h 11m 59s
[OURS:PiT-Ti][216/300] loss=0.8056 ce=0.8056 guidance=0.0000 beta=0.00 train_acc=80.61% test_acc=43.11% best=43.84% lr=9.6743203e-05 time=13.9s est_300=1h 11m 58s
[OURS:PiT-Ti][217/300] loss=0.7806 ce=0.7806 guidance=0.0000 beta=0.00 train_acc=81.27% test_acc=43.44% best=43.84% lr=9.4737563e-05 time=14.0s est_300=1h 11m 57s
[OURS:PiT-Ti][218/300] loss=0.8096 ce=0.8096 guidance=0.0000 beta=0.00 train_acc=80.90% test_acc=42.92% best=43.84% lr=9.2749222e-05 time=14.1s est_300=1h 11m 57s
[OURS:PiT-Ti][219/300] loss=0.7594 ce=0.7594 guidance=0.0000 beta=0.00 train_acc=82.27% test_acc=42.80% best=43.84% lr=9.0778401e-05 time=13.1s est_300=1h 11m 55s
[OURS:PiT-Ti][220/300] loss=0.7451 ce=0.7451 guidance=0.0000 beta=0.00 train_acc=82.24% test_acc=43.53% best=43.84% lr=8.8825313e-05 time=13.1s est_300=1h 11m 54s
[OURS:PiT-Ti][221/300] loss=0.7772 ce=0.7772 guidance=0.0000 beta=0.00 train_acc=81.70% test_acc=43.61% best=43.84% lr=8.6890175e-05 time=13.0s est_300=1h 11m 52s
[OURS:PiT-Ti][222/300] loss=0.7829 ce=0.7829 guidance=0.0000 beta=0.00 train_acc=81.10% test_acc=43.41% best=43.84% lr=8.4973198e-05 time=12.6s est_300=1h 11m 49s
[OURS:PiT-Ti][223/300] loss=0.7810 ce=0.7810 guidance=0.0000 beta=0.00 train_acc=81.89% test_acc=43.42% best=43.84% lr=8.3074591e-05 time=14.2s est_300=1h 11m 49s
[OURS:PiT-Ti][224/300] loss=0.7911 ce=0.7911 guidance=0.0000 beta=0.00 train_acc=80.98% test_acc=43.32% best=43.84% lr=8.1194564e-05 time=14.0s est_300=1h 11m 49s
[OURS:PiT-Ti][225/300] loss=0.7627 ce=0.7627 guidance=0.0000 beta=0.00 train_acc=81.47% test_acc=43.67% best=43.84% lr=7.9333323e-05 time=13.0s est_300=1h 11m 47s
[OURS:PiT-Ti][226/300] loss=0.7451 ce=0.7451 guidance=0.0000 beta=0.00 train_acc=82.38% test_acc=43.68% best=43.84% lr=7.7491072e-05 time=14.2s est_300=1h 11m 47s
[OURS:PiT-Ti][227/300] loss=0.7287 ce=0.7287 guidance=0.0000 beta=0.00 train_acc=82.63% test_acc=42.84% best=43.84% lr=7.5668012e-05 time=13.0s est_300=1h 11m 45s
[OURS:PiT-Ti][228/300] loss=0.7518 ce=0.7518 guidance=0.0000 beta=0.00 train_acc=81.94% test_acc=43.41% best=43.84% lr=7.3864344e-05 time=12.7s est_300=1h 11m 43s
[OURS:PiT-Ti][229/300] loss=0.7672 ce=0.7672 guidance=0.0000 beta=0.00 train_acc=81.74% test_acc=43.08% best=43.84% lr=7.2080265e-05 time=14.0s est_300=1h 11m 42s
[OURS:PiT-Ti][230/300] loss=0.7070 ce=0.7070 guidance=0.0000 beta=0.00 train_acc=83.48% test_acc=43.44% best=43.84% lr=7.0315971e-05 time=14.1s est_300=1h 11m 42s
[OURS:PiT-Ti][231/300] loss=0.7402 ce=0.7402 guidance=0.0000 beta=0.00 train_acc=82.61% test_acc=42.72% best=43.84% lr=6.8571656e-05 time=14.0s est_300=1h 11m 41s
[OURS:PiT-Ti][232/300] loss=0.7237 ce=0.7237 guidance=0.0000 beta=0.00 train_acc=82.51% test_acc=43.60% best=43.84% lr=6.684751e-05 time=13.9s est_300=1h 11m 41s
[OURS:PiT-Ti][233/300] loss=0.7105 ce=0.7105 guidance=0.0000 beta=0.00 train_acc=83.42% test_acc=43.48% best=43.84% lr=6.5143724e-05 time=13.9s est_300=1h 11m 40s
[OURS:PiT-Ti][234/300] loss=0.7302 ce=0.7302 guidance=0.0000 beta=0.00 train_acc=82.75% test_acc=42.42% best=43.84% lr=6.3460483e-05 time=14.1s est_300=1h 11m 40s
[OURS:PiT-Ti][235/300] loss=0.7092 ce=0.7092 guidance=0.0000 beta=0.00 train_acc=82.78% test_acc=43.87% best=43.87% lr=6.1797972e-05 time=13.0s est_300=1h 11m 38s
[OURS:PiT-Ti][236/300] loss=0.6671 ce=0.6671 guidance=0.0000 beta=0.00 train_acc=84.22% test_acc=43.11% best=43.87% lr=6.0156375e-05 time=12.3s est_300=1h 11m 36s
[OURS:PiT-Ti][237/300] loss=0.7123 ce=0.7123 guidance=0.0000 beta=0.00 train_acc=82.83% test_acc=43.51% best=43.87% lr=5.8535869e-05 time=12.6s est_300=1h 11m 33s
[OURS:PiT-Ti][238/300] loss=0.6969 ce=0.6969 guidance=0.0000 beta=0.00 train_acc=83.69% test_acc=43.44% best=43.87% lr=5.6936634e-05 time=13.0s est_300=1h 11m 32s
[OURS:PiT-Ti][239/300] loss=0.6750 ce=0.6750 guidance=0.0000 beta=0.00 train_acc=83.85% test_acc=42.96% best=43.87% lr=5.5358845e-05 time=12.5s est_300=1h 11m 30s
[OURS:PiT-Ti][240/300] loss=0.7008 ce=0.7008 guidance=0.0000 beta=0.00 train_acc=83.10% test_acc=44.10% best=44.10% lr=5.3802675e-05 time=12.9s est_300=1h 11m 28s
[OURS:PiT-Ti][241/300] loss=0.7166 ce=0.7166 guidance=0.0000 beta=0.00 train_acc=83.06% test_acc=43.30% best=44.10% lr=5.2268294e-05 time=12.4s est_300=1h 11m 25s
[OURS:PiT-Ti][242/300] loss=0.6775 ce=0.6775 guidance=0.0000 beta=0.00 train_acc=84.11% test_acc=43.08% best=44.10% lr=5.0755871e-05 time=12.5s est_300=1h 11m 23s
[OURS:PiT-Ti][243/300] loss=0.6906 ce=0.6906 guidance=0.0000 beta=0.00 train_acc=83.52% test_acc=43.51% best=44.10% lr=4.9265571e-05 time=12.9s est_300=1h 11m 22s
[OURS:PiT-Ti][244/300] loss=0.7086 ce=0.7086 guidance=0.0000 beta=0.00 train_acc=83.47% test_acc=43.30% best=44.10% lr=4.7797558e-05 time=13.4s est_300=1h 11m 20s
[OURS:PiT-Ti][245/300] loss=0.6980 ce=0.6980 guidance=0.0000 beta=0.00 train_acc=83.28% test_acc=43.39% best=44.10% lr=4.6351993e-05 time=13.5s est_300=1h 11m 20s
[OURS:PiT-Ti][246/300] loss=0.6812 ce=0.6812 guidance=0.0000 beta=0.00 train_acc=84.24% test_acc=43.34% best=44.10% lr=4.4929034e-05 time=12.4s est_300=1h 11m 17s
[OURS:PiT-Ti][247/300] loss=0.7043 ce=0.7043 guidance=0.0000 beta=0.00 train_acc=83.72% test_acc=43.29% best=44.10% lr=4.3528838e-05 time=14.1s est_300=1h 11m 17s
[OURS:PiT-Ti][248/300] loss=0.6655 ce=0.6655 guidance=0.0000 beta=0.00 train_acc=84.22% test_acc=44.13% best=44.13% lr=4.2151558e-05 time=13.2s est_300=1h 11m 16s
[OURS:PiT-Ti][249/300] loss=0.6575 ce=0.6575 guidance=0.0000 beta=0.00 train_acc=84.68% test_acc=43.67% best=44.13% lr=4.0797346e-05 time=13.5s est_300=1h 11m 15s
[OURS:PiT-Ti][250/300] loss=0.6639 ce=0.6639 guidance=0.0000 beta=0.00 train_acc=84.85% test_acc=42.68% best=44.13% lr=3.9466348e-05 time=13.0s est_300=1h 11m 13s
[OURS:PiT-Ti][251/300] loss=0.6438 ce=0.6438 guidance=0.0000 beta=0.00 train_acc=84.48% test_acc=43.13% best=44.13% lr=3.8158713e-05 time=12.5s est_300=1h 11m 11s
[OURS:PiT-Ti][252/300] loss=0.6685 ce=0.6685 guidance=0.0000 beta=0.00 train_acc=84.49% test_acc=43.86% best=44.13% lr=3.6874582e-05 time=13.4s est_300=1h 11m 10s
[OURS:PiT-Ti][253/300] loss=0.6459 ce=0.6459 guidance=0.0000 beta=0.00 train_acc=84.46% test_acc=43.73% best=44.13% lr=3.5614097e-05 time=14.3s est_300=1h 11m 10s
[OURS:PiT-Ti][254/300] loss=0.6871 ce=0.6871 guidance=0.0000 beta=0.00 train_acc=83.85% test_acc=43.67% best=44.13% lr=3.4377396e-05 time=13.1s est_300=1h 11m 09s
[OURS:PiT-Ti][255/300] loss=0.6304 ce=0.6304 guidance=0.0000 beta=0.00 train_acc=84.85% test_acc=44.15% best=44.15% lr=3.3164614e-05 time=13.4s est_300=1h 11m 08s
[OURS:PiT-Ti][256/300] loss=0.6663 ce=0.6663 guidance=0.0000 beta=0.00 train_acc=83.94% test_acc=43.96% best=44.15% lr=3.1975885e-05 time=13.2s est_300=1h 11m 07s
[OURS:PiT-Ti][257/300] loss=0.6670 ce=0.6670 guidance=0.0000 beta=0.00 train_acc=84.16% test_acc=44.25% best=44.25% lr=3.0811339e-05 time=13.5s est_300=1h 11m 06s
[OURS:PiT-Ti][258/300] loss=0.6627 ce=0.6627 guidance=0.0000 beta=0.00 train_acc=83.84% test_acc=43.72% best=44.25% lr=2.9671104e-05 time=13.7s est_300=1h 11m 05s
[OURS:PiT-Ti][259/300] loss=0.6506 ce=0.6506 guidance=0.0000 beta=0.00 train_acc=84.95% test_acc=44.01% best=44.25% lr=2.8555305e-05 time=13.4s est_300=1h 11m 05s
[OURS:PiT-Ti][260/300] loss=0.6310 ce=0.6310 guidance=0.0000 beta=0.00 train_acc=85.11% test_acc=44.06% best=44.25% lr=2.7464063e-05 time=12.4s est_300=1h 11m 02s
[OURS:PiT-Ti][261/300] loss=0.6598 ce=0.6598 guidance=0.0000 beta=0.00 train_acc=84.54% test_acc=44.10% best=44.25% lr=2.6397499e-05 time=12.5s est_300=1h 11m 00s
[OURS:PiT-Ti][262/300] loss=0.6305 ce=0.6305 guidance=0.0000 beta=0.00 train_acc=84.88% test_acc=44.32% best=44.32% lr=2.535573e-05 time=12.9s est_300=1h 10m 59s
[OURS:PiT-Ti][263/300] loss=0.6233 ce=0.6233 guidance=0.0000 beta=0.00 train_acc=85.42% test_acc=44.44% best=44.44% lr=2.433887e-05 time=12.7s est_300=1h 10m 57s
[OURS:PiT-Ti][264/300] loss=0.6632 ce=0.6632 guidance=0.0000 beta=0.00 train_acc=84.49% test_acc=43.87% best=44.44% lr=2.334703e-05 time=13.1s est_300=1h 10m 56s
[OURS:PiT-Ti][265/300] loss=0.6555 ce=0.6555 guidance=0.0000 beta=0.00 train_acc=84.34% test_acc=43.56% best=44.44% lr=2.238032e-05 time=12.4s est_300=1h 10m 54s
[OURS:PiT-Ti][266/300] loss=0.6412 ce=0.6412 guidance=0.0000 beta=0.00 train_acc=84.96% test_acc=43.77% best=44.44% lr=2.1438844e-05 time=12.6s est_300=1h 10m 52s
[OURS:PiT-Ti][267/300] loss=0.6107 ce=0.6107 guidance=0.0000 beta=0.00 train_acc=85.82% test_acc=44.44% best=44.44% lr=2.0522708e-05 time=12.6s est_300=1h 10m 50s
[OURS:PiT-Ti][268/300] loss=0.6329 ce=0.6329 guidance=0.0000 beta=0.00 train_acc=84.96% test_acc=43.72% best=44.44% lr=1.963201e-05 time=13.8s est_300=1h 10m 50s
[OURS:PiT-Ti][269/300] loss=0.6152 ce=0.6152 guidance=0.0000 beta=0.00 train_acc=85.70% test_acc=44.08% best=44.44% lr=1.8766848e-05 time=13.2s est_300=1h 10m 49s
[OURS:PiT-Ti][270/300] loss=0.6519 ce=0.6519 guidance=0.0000 beta=0.00 train_acc=84.44% test_acc=43.48% best=44.44% lr=1.7927319e-05 time=14.0s est_300=1h 10m 49s
[OURS:PiT-Ti][271/300] loss=0.6280 ce=0.6280 guidance=0.0000 beta=0.00 train_acc=85.27% test_acc=43.51% best=44.44% lr=1.7113512e-05 time=13.3s est_300=1h 10m 48s
[OURS:PiT-Ti][272/300] loss=0.6310 ce=0.6310 guidance=0.0000 beta=0.00 train_acc=84.98% test_acc=43.30% best=44.44% lr=1.6325519e-05 time=14.0s est_300=1h 10m 48s
[OURS:PiT-Ti][273/300] loss=0.6364 ce=0.6364 guidance=0.0000 beta=0.00 train_acc=84.81% test_acc=43.72% best=44.44% lr=1.5563424e-05 time=13.5s est_300=1h 10m 47s
[OURS:PiT-Ti][274/300] loss=0.6044 ce=0.6044 guidance=0.0000 beta=0.00 train_acc=85.43% test_acc=43.84% best=44.44% lr=1.4827313e-05 time=14.2s est_300=1h 10m 47s
[OURS:PiT-Ti][275/300] loss=0.6137 ce=0.6137 guidance=0.0000 beta=0.00 train_acc=85.03% test_acc=43.73% best=44.44% lr=1.4117265e-05 time=13.9s est_300=1h 10m 47s
[OURS:PiT-Ti][276/300] loss=0.5900 ce=0.5900 guidance=0.0000 beta=0.00 train_acc=85.77% test_acc=44.08% best=44.44% lr=1.3433358e-05 time=13.0s est_300=1h 10m 45s
[OURS:PiT-Ti][277/300] loss=0.6268 ce=0.6268 guidance=0.0000 beta=0.00 train_acc=85.28% test_acc=43.49% best=44.44% lr=1.2775668e-05 time=13.3s est_300=1h 10m 44s
[OURS:PiT-Ti][278/300] loss=0.6278 ce=0.6278 guidance=0.0000 beta=0.00 train_acc=85.15% test_acc=43.99% best=44.44% lr=1.2144266e-05 time=13.0s est_300=1h 10m 43s
[OURS:PiT-Ti][279/300] loss=0.5871 ce=0.5871 guidance=0.0000 beta=0.00 train_acc=86.41% test_acc=43.63% best=44.44% lr=1.1539222e-05 time=13.3s est_300=1h 10m 42s
[OURS:PiT-Ti][280/300] loss=0.6025 ce=0.6025 guidance=0.0000 beta=0.00 train_acc=85.57% test_acc=43.89% best=44.44% lr=1.0960601e-05 time=13.5s est_300=1h 10m 42s
[OURS:PiT-Ti][281/300] loss=0.5987 ce=0.5987 guidance=0.0000 beta=0.00 train_acc=86.29% test_acc=43.89% best=44.44% lr=1.0408469e-05 time=13.5s est_300=1h 10m 41s
[OURS:PiT-Ti][282/300] loss=0.6046 ce=0.6046 guidance=0.0000 beta=0.00 train_acc=85.27% test_acc=43.49% best=44.44% lr=9.8828843e-06 time=13.0s est_300=1h 10m 40s
[OURS:PiT-Ti][283/300] loss=0.5987 ce=0.5987 guidance=0.0000 beta=0.00 train_acc=85.75% test_acc=43.48% best=44.44% lr=9.3839054e-06 time=13.2s est_300=1h 10m 39s
[OURS:PiT-Ti][284/300] loss=0.6013 ce=0.6013 guidance=0.0000 beta=0.00 train_acc=86.14% test_acc=43.63% best=44.44% lr=8.911587e-06 time=13.3s est_300=1h 10m 38s
[OURS:PiT-Ti][285/300] loss=0.5992 ce=0.5992 guidance=0.0000 beta=0.00 train_acc=85.85% test_acc=43.65% best=44.44% lr=8.4659808e-06 time=13.7s est_300=1h 10m 37s
[OURS:PiT-Ti][286/300] loss=0.5978 ce=0.5978 guidance=0.0000 beta=0.00 train_acc=85.95% test_acc=43.80% best=44.44% lr=8.0471357e-06 time=13.9s est_300=1h 10m 37s
[OURS:PiT-Ti][287/300] loss=0.6079 ce=0.6079 guidance=0.0000 beta=0.00 train_acc=85.60% test_acc=43.79% best=44.44% lr=7.6550976e-06 time=13.6s est_300=1h 10m 37s
[OURS:PiT-Ti][288/300] loss=0.6034 ce=0.6034 guidance=0.0000 beta=0.00 train_acc=85.53% test_acc=43.37% best=44.44% lr=7.2899095e-06 time=13.1s est_300=1h 10m 36s
[OURS:PiT-Ti][289/300] loss=0.5972 ce=0.5972 guidance=0.0000 beta=0.00 train_acc=85.72% test_acc=43.58% best=44.44% lr=6.9516114e-06 time=13.2s est_300=1h 10m 35s
[OURS:PiT-Ti][290/300] loss=0.5810 ce=0.5810 guidance=0.0000 beta=0.00 train_acc=86.22% test_acc=43.61% best=44.44% lr=6.6402405e-06 time=13.4s est_300=1h 10m 34s
[OURS:PiT-Ti][291/300] loss=0.6101 ce=0.6101 guidance=0.0000 beta=0.00 train_acc=85.47% test_acc=43.23% best=44.44% lr=6.3558309e-06 time=13.0s est_300=1h 10m 33s
[OURS:PiT-Ti][292/300] loss=0.5977 ce=0.5977 guidance=0.0000 beta=0.00 train_acc=85.94% test_acc=43.63% best=44.44% lr=6.0984138e-06 time=13.4s est_300=1h 10m 32s
[OURS:PiT-Ti][293/300] loss=0.6095 ce=0.6095 guidance=0.0000 beta=0.00 train_acc=85.33% test_acc=43.48% best=44.44% lr=5.8680173e-06 time=12.4s est_300=1h 10m 30s
[OURS:PiT-Ti][294/300] loss=0.5864 ce=0.5864 guidance=0.0000 beta=0.00 train_acc=86.32% test_acc=43.55% best=44.44% lr=5.6646669e-06 time=12.2s est_300=1h 10m 28s
[OURS:PiT-Ti][295/300] loss=0.5631 ce=0.5631 guidance=0.0000 beta=0.00 train_acc=86.81% test_acc=43.49% best=44.44% lr=5.4883847e-06 time=13.7s est_300=1h 10m 28s
[OURS:PiT-Ti][296/300] loss=0.6120 ce=0.6120 guidance=0.0000 beta=0.00 train_acc=86.17% test_acc=43.60% best=44.44% lr=5.3391901e-06 time=14.0s est_300=1h 10m 28s
[OURS:PiT-Ti][297/300] loss=0.6032 ce=0.6032 guidance=0.0000 beta=0.00 train_acc=85.80% test_acc=43.72% best=44.44% lr=5.2170996e-06 time=13.7s est_300=1h 10m 27s
[OURS:PiT-Ti][298/300] loss=0.5732 ce=0.5732 guidance=0.0000 beta=0.00 train_acc=86.90% test_acc=44.01% best=44.44% lr=5.1221263e-06 time=12.6s est_300=1h 10m 26s
[OURS:PiT-Ti][299/300] loss=0.6265 ce=0.6265 guidance=0.0000 beta=0.00 train_acc=85.25% test_acc=43.98% best=44.44% lr=5.0542808e-06 time=12.6s est_300=1h 10m 24s
[OURS:PiT-Ti][300/300] loss=0.5981 ce=0.5981 guidance=0.0000 beta=0.00 train_acc=85.90% test_acc=43.70% best=44.44% lr=5.0135706e-06 time=12.9s est_300=1h 10m 23s
[TIMING_RESULT] student=PiT-Ti method=OURS batch=64 avg_epoch=14.08s estimated_300=1h 10m 23s
[FINAL_RESULT] summary=/app/output/table1_cub200_pit_all_full_seed1/students/table1_cub200_pit_ti_ours_b64_full_300ep_seed1/summary.json
[DONE] Table-1 CUB student task completed successfully.
[STUDENT_IDENTITY_CHECK_TABLE1_CUB200] status=PASS student=PiT-Ti method=OursB64 batch=64 teacher=06f75192b1c108c89e480843cb4f72dfb28aa762d7b11e7ac327333dd54b51f5
[TASK_DONE] 4/5 PiT-Ti/OursB64 elapsed=1h 10m 49s
------------------------------------------------------------------------------------------------
[TASK_START] 5/5 PiT-Ti/OursB128
[COMMAND][OursB128] /usr/bin/python /app/scratch/input/bapedragon_553/methods/table1_cub200/train.py --full-run --student pit_ti --method ours --batch-size 128 --data-dir /app/output/table1_cub200_pit_all_full_seed1/data/cub200 --teacher-root /app/scratch/input/bapedragon_553/teachers/checkpoints/cub200_table1_resnet56_32 --output-dir /app/output/table1_cub200_pit_all_full_seed1/students --run-name table1_cub200_pit_ti_ours_b128_full_300ep_seed1 --num-workers 4
[BOOT] Python process started: /usr/bin/python
[BOOT] complete Table-1 runtime dependencies already available
/usr/local/lib/python3.10/dist-packages/timm/models/layers/__init__.py:49: FutureWarning: Importing from timm.models.layers is deprecated, please import via timm.layers
  warnings.warn(f"Importing from {__name__} is deprecated, please import via timm.layers", FutureWarning)
========================================================================================
CUB-200 TABLE-1 EXTENSION
========================================================================================
[TASK] student=PiT-Ti method=OURS batch=128 mode=full_300ep
[MODE] actual_epochs=300 planned_epochs=300
[PROTOCOL_LOCK] dataset=CUB-200-2011 split=5994/5794 teacher=ResNet56-scratch-32 student=scratch-224 epochs=300 AdamW=5e-4->5e-6 wd=0.05 warmup=20 seed=1 fp32=True
[FIXED_TEACHER_TABLE1_CUB200] h200_build=543 root=/app/scratch/input/bapedragon_553/teachers/checkpoints/cub200_table1_resnet56_32 sha256=06f75192b1c108c89e480843cb4f72dfb28aa762d7b11e7ac327333dd54b51f5
[SOURCE] official_lg_repo=https://github.com/lkhl/tiny-transformers commit=d2165f74049c906b0afc9f957491960fb3c0cc8b
[MODEL] params=4,641,672 feature_dims=(64, 64, 128, 128, 128, 128, 128, 128, 256, 256, 256, 256) selected_lg=(0, 6, 11)
[FEATURE_CHECK] student=((2, 64, 27, 27), (2, 64, 27, 27), (2, 128, 14, 14), (2, 128, 14, 14), (2, 128, 14, 14), (2, 128, 14, 14), (2, 128, 14, 14), (2, 128, 14, 14), (2, 256, 7, 7), (2, 256, 7, 7), (2, 256, 7, 7), (2, 256, 7, 7)) teacher=((2, 16, 32, 32), (2, 32, 16, 16), (2, 64, 8, 8)) guidance_probe=10.669232
[OURS_ADAPTER] all_blocks=True common_channels=192 common_grid=14 adapter_params=370,944 ours_params=55,901
[OPTIMIZER] contract=ours_single_group_all_parameters_decay_0.05
[OURS:PiT-Ti][001/300] loss=96.5609 ce=5.4699 guidance=36.4364 beta=2.50 train_acc=0.48% test_acc=0.19% best=0.19% lr=5e-07 time=14.4s est_300=1h 12m 02s
[OURS:PiT-Ti][002/300] loss=93.2008 ce=5.4084 guidance=35.1170 beta=2.50 train_acc=0.32% test_acc=0.47% best=0.47% lr=2.5475e-05 time=13.5s est_300=1h 09m 53s
[OURS:PiT-Ti][003/300] loss=80.5792 ce=5.3541 guidance=30.0900 beta=2.50 train_acc=0.46% test_acc=0.55% best=0.55% lr=5.045e-05 time=12.7s est_300=1h 07m 47s
[OURS:PiT-Ti][004/300] loss=74.6070 ce=5.3275 guidance=27.7118 beta=2.50 train_acc=0.51% test_acc=0.50% best=0.55% lr=7.5425e-05 time=12.5s est_300=1h 06m 31s
[OURS:PiT-Ti][005/300] loss=70.4384 ce=5.3201 guidance=26.0473 beta=2.50 train_acc=0.36% test_acc=0.67% best=0.67% lr=0.0001004 time=11.1s est_300=1h 04m 20s
[OURS:PiT-Ti][006/300] loss=67.0831 ce=5.3208 guidance=24.7049 beta=2.50 train_acc=0.39% test_acc=0.71% best=0.71% lr=0.000125375 time=11.9s est_300=1h 03m 32s
[OURS:PiT-Ti][007/300] loss=63.0533 ce=5.3185 guidance=23.0939 beta=2.50 train_acc=0.44% test_acc=1.00% best=1.00% lr=0.00015035 time=12.8s est_300=1h 03m 35s
[OURS:PiT-Ti][008/300] loss=59.4218 ce=5.3152 guidance=21.6426 beta=2.50 train_acc=0.42% test_acc=0.74% best=1.00% lr=0.000175325 time=10.8s est_300=1h 02m 24s
[OURS:PiT-Ti][009/300] loss=57.3103 ce=5.2897 guidance=20.8083 beta=2.50 train_acc=0.49% test_acc=1.19% best=1.19% lr=0.0002003 time=14.0s est_300=1h 03m 16s
[OURS:PiT-Ti][010/300] loss=54.8078 ce=5.2277 guidance=19.8321 beta=2.50 train_acc=0.95% test_acc=1.55% best=1.55% lr=0.000225275 time=14.1s est_300=1h 04m 00s
[OURS:PiT-Ti][011/300] loss=52.7395 ce=5.1535 guidance=19.0344 beta=2.50 train_acc=1.27% test_acc=1.73% best=1.73% lr=0.00025025 time=14.1s est_300=1h 04m 35s
[OURS:PiT-Ti][012/300] loss=51.5766 ce=5.1041 guidance=18.5890 beta=2.50 train_acc=1.46% test_acc=2.07% best=2.07% lr=0.000275225 time=14.2s est_300=1h 05m 08s
[OURS:PiT-Ti][013/300] loss=50.1171 ce=5.0563 guidance=18.0243 beta=2.50 train_acc=1.83% test_acc=2.38% best=2.38% lr=0.0003002 time=13.5s est_300=1h 05m 19s
[OURS:PiT-Ti][014/300] loss=49.0175 ce=4.9668 guidance=17.6203 beta=2.50 train_acc=2.34% test_acc=3.69% best=3.69% lr=0.000325175 time=13.4s est_300=1h 05m 26s
[OURS:PiT-Ti][015/300] loss=47.5413 ce=4.8558 guidance=17.0742 beta=2.50 train_acc=2.51% test_acc=3.78% best=3.78% lr=0.00035015 time=12.7s est_300=1h 05m 19s
[OURS:PiT-Ti][016/300] loss=45.9114 ce=4.7595 guidance=16.4608 beta=2.50 train_acc=3.38% test_acc=5.35% best=5.35% lr=0.000375125 time=12.5s est_300=1h 05m 08s
[OURS:PiT-Ti][017/300] loss=44.7274 ce=4.6649 guidance=16.0250 beta=2.50 train_acc=4.57% test_acc=6.90% best=6.90% lr=0.0004001 time=12.8s est_300=1h 05m 05s
[OURS:PiT-Ti][018/300] loss=43.2076 ce=4.5659 guidance=15.4567 beta=2.50 train_acc=5.47% test_acc=7.61% best=7.61% lr=0.000425075 time=12.3s est_300=1h 04m 53s
[OURS:PiT-Ti][019/300] loss=42.4478 ce=4.4876 guidance=15.1841 beta=2.50 train_acc=6.49% test_acc=9.72% best=9.72% lr=0.00045005 time=12.8s est_300=1h 04m 50s
[OURS:PiT-Ti][020/300] loss=41.2211 ce=4.4246 guidance=14.7186 beta=2.50 train_acc=7.24% test_acc=10.84% best=10.84% lr=0.000475025 time=13.0s est_300=1h 04m 50s
[OURS:PiT-Ti][021/300] loss=40.7552 ce=4.3329 guidance=14.5689 beta=2.50 train_acc=7.97% test_acc=11.30% best=11.30% lr=0.00049459153 time=12.4s est_300=1h 04m 43s
[OURS:PiT-Ti][022/300] loss=39.5168 ce=4.2318 guidance=14.1140 beta=2.50 train_acc=9.54% test_acc=12.88% best=12.88% lr=0.0004940394 time=11.3s est_300=1h 04m 20s
[OURS:PiT-Ti][023/300] loss=38.8907 ce=4.1758 guidance=13.8859 beta=2.50 train_acc=10.60% test_acc=14.15% best=14.15% lr=0.00049346078 time=13.6s est_300=1h 04m 30s
[OURS:PiT-Ti][024/300] loss=38.1253 ce=4.0843 guidance=13.6164 beta=2.50 train_acc=11.79% test_acc=15.60% best=15.60% lr=0.00049285573 time=13.4s est_300=1h 04m 36s
[OURS:PiT-Ti][025/300] loss=37.1552 ce=4.0095 guidance=13.2583 beta=2.50 train_acc=12.77% test_acc=17.54% best=17.54% lr=0.00049222433 time=12.4s est_300=1h 04m 31s
[OURS:PiT-Ti][026/300] loss=36.8998 ce=3.9281 guidance=13.1887 beta=2.50 train_acc=14.13% test_acc=19.93% best=19.93% lr=0.00049156664 time=12.5s est_300=1h 04m 26s
[OURS:PiT-Ti][027/300] loss=36.1837 ce=3.8766 guidance=12.9229 beta=2.50 train_acc=15.12% test_acc=20.23% best=20.23% lr=0.00049088274 time=13.0s est_300=1h 04m 28s
[OURS:PiT-Ti][028/300] loss=35.7129 ce=3.8093 guidance=12.7615 beta=2.50 train_acc=17.02% test_acc=20.64% best=20.64% lr=0.00049017269 time=13.1s est_300=1h 04m 29s
[OURS:PiT-Ti][029/300] loss=35.1724 ce=3.7335 guidance=12.5755 beta=2.50 train_acc=17.83% test_acc=21.25% best=21.25% lr=0.00048943658 time=13.5s est_300=1h 04m 35s
[OURS:PiT-Ti][030/300] loss=34.6852 ce=3.6842 guidance=12.4004 beta=2.50 train_acc=18.55% test_acc=23.71% best=23.71% lr=0.00048867448 time=12.6s est_300=1h 04m 32s
[OURS:PiT-Ti][031/300] loss=34.0912 ce=3.6154 guidance=12.1903 beta=2.50 train_acc=19.46% test_acc=22.66% best=23.71% lr=0.00048788649 time=11.7s est_300=1h 04m 21s
[OURS:PiT-Ti][032/300] loss=33.9803 ce=3.6075 guidance=12.1491 beta=2.50 train_acc=19.46% test_acc=23.01% best=23.71% lr=0.00048707268 time=11.1s est_300=1h 04m 04s
[OURS:PiT-Ti][033/300] loss=33.4410 ce=3.5168 guidance=11.9697 beta=2.50 train_acc=21.84% test_acc=24.16% best=24.16% lr=0.00048623315 time=12.0s est_300=1h 03m 57s
[OURS:PiT-Ti][034/300] loss=33.1895 ce=3.4760 guidance=11.8854 beta=2.50 train_acc=22.01% test_acc=26.77% best=26.77% lr=0.00048536799 time=12.9s est_300=1h 03m 58s
[OURS:PiT-Ti][035/300] loss=32.8926 ce=3.4288 guidance=11.7855 beta=2.50 train_acc=22.71% test_acc=25.63% best=26.77% lr=0.00048447729 time=12.4s est_300=1h 03m 54s
[OURS:PiT-Ti][036/300] loss=32.3366 ce=3.3775 guidance=11.5836 beta=2.50 train_acc=24.25% test_acc=26.79% best=26.79% lr=0.00048356116 time=11.5s est_300=1h 03m 44s
[OURS:PiT-Ti][037/300] loss=32.1917 ce=3.3272 guidance=11.5458 beta=2.50 train_acc=25.59% test_acc=27.17% best=27.17% lr=0.00048261968 time=11.8s est_300=1h 03m 36s
[OURS:PiT-Ti][038/300] loss=31.9738 ce=3.2866 guidance=11.4749 beta=2.50 train_acc=26.19% test_acc=27.58% best=27.58% lr=0.00048165297 time=12.8s est_300=1h 03m 37s
[OURS:PiT-Ti][039/300] loss=31.7305 ce=3.2514 guidance=11.3916 beta=2.50 train_acc=26.46% test_acc=27.65% best=27.65% lr=0.00048066113 time=12.9s est_300=1h 03m 38s
[OURS:PiT-Ti][040/300] loss=31.3980 ce=3.2201 guidance=11.2712 beta=2.50 train_acc=26.65% test_acc=30.55% best=30.55% lr=0.00047964427 time=13.4s est_300=1h 03m 43s
[OURS:PiT-Ti][041/300] loss=31.0986 ce=3.1538 guidance=11.1779 beta=2.50 train_acc=28.33% test_acc=30.38% best=30.55% lr=0.0004786025 time=11.9s est_300=1h 03m 37s
[OURS:PiT-Ti][042/300] loss=30.7666 ce=3.1563 guidance=11.0441 beta=2.50 train_acc=28.29% test_acc=31.46% best=31.46% lr=0.00047753594 time=13.0s est_300=1h 03m 39s
[OURS:PiT-Ti][043/300] loss=30.5926 ce=3.0807 guidance=11.0047 beta=2.50 train_acc=29.08% test_acc=31.41% best=31.46% lr=0.0004764447 time=13.0s est_300=1h 03m 41s
[OURS:PiT-Ti][044/300] loss=30.3705 ce=3.0986 guidance=10.9088 beta=2.50 train_acc=29.30% test_acc=31.86% best=31.86% lr=0.0004753289 time=11.5s est_300=1h 03m 33s
[OURS:PiT-Ti][045/300] loss=30.1202 ce=3.0045 guidance=10.8463 beta=2.50 train_acc=30.94% test_acc=31.41% best=31.86% lr=0.00047418866 time=11.2s est_300=1h 03m 23s
[OURS:PiT-Ti][046/300] loss=29.7623 ce=2.9928 guidance=10.7078 beta=2.50 train_acc=31.64% test_acc=32.81% best=32.81% lr=0.00047302411 time=12.4s est_300=1h 03m 21s
[OURS:PiT-Ti][047/300] loss=29.6960 ce=2.9332 guidance=10.7051 beta=2.50 train_acc=32.42% test_acc=31.98% best=32.81% lr=0.00047183539 time=11.1s est_300=1h 03m 11s
[OURS:PiT-Ti][048/300] loss=29.4145 ce=2.9554 guidance=10.5836 beta=2.50 train_acc=32.40% test_acc=31.29% best=32.81% lr=0.0004706226 time=11.5s est_300=1h 03m 04s
[OURS:PiT-Ti][049/300] loss=29.2155 ce=2.8659 guidance=10.5398 beta=2.50 train_acc=34.44% test_acc=34.00% best=34.00% lr=0.0004693859 time=11.5s est_300=1h 02m 57s
[OURS:PiT-Ti][050/300] loss=29.1756 ce=2.8427 guidance=10.5332 beta=2.50 train_acc=34.27% test_acc=35.24% best=35.24% lr=0.00046812542 time=12.9s est_300=1h 02m 59s
[OURS:PiT-Ti][051/300] loss=28.7874 ce=2.8371 guidance=10.3801 beta=2.50 train_acc=34.75% test_acc=33.47% best=35.24% lr=0.00046684129 time=13.4s est_300=1h 03m 04s
[OURS:PiT-Ti][052/300] loss=28.7567 ce=2.7821 guidance=10.3898 beta=2.50 train_acc=35.92% test_acc=35.24% best=35.24% lr=0.00046553365 time=13.0s est_300=1h 03m 07s
[OURS:PiT-Ti][053/300] loss=28.5822 ce=2.7704 guidance=10.3247 beta=2.50 train_acc=35.94% test_acc=35.47% best=35.47% lr=0.00046420265 time=11.5s est_300=1h 03m 00s
[OURS:PiT-Ti][054/300] loss=28.3565 ce=2.6655 guidance=10.2764 beta=2.50 train_acc=37.98% test_acc=36.04% best=36.04% lr=0.00046284844 time=13.5s est_300=1h 03m 06s
[OURS:PiT-Ti][055/300] loss=28.1333 ce=2.6827 guidance=10.1802 beta=2.50 train_acc=38.16% test_acc=36.02% best=36.04% lr=0.00046147116 time=12.1s est_300=1h 03m 03s
[OURS:PiT-Ti][056/300] loss=28.0365 ce=2.6743 guidance=10.1449 beta=2.50 train_acc=38.67% test_acc=35.50% best=36.04% lr=0.00046007097 time=12.0s est_300=1h 03m 00s
[OURS:PiT-Ti][057/300] loss=27.9192 ce=2.6403 guidance=10.1116 beta=2.50 train_acc=38.54% test_acc=35.61% best=36.04% lr=0.00045864801 time=11.8s est_300=1h 02m 55s
[OURS:PiT-Ti][058/300] loss=27.9239 ce=2.5905 guidance=10.1334 beta=2.50 train_acc=38.79% test_acc=36.18% best=36.18% lr=0.00045720244 time=13.1s est_300=1h 02m 58s
[OURS:PiT-Ti][059/300] loss=27.5992 ce=2.5319 guidance=10.0269 beta=2.50 train_acc=41.15% test_acc=37.12% best=37.12% lr=0.00045573443 time=13.2s est_300=1h 03m 01s
[OURS:PiT-Ti][060/300] loss=27.5698 ce=2.5803 guidance=9.9958 beta=2.50 train_acc=40.44% test_acc=36.23% best=37.12% lr=0.00045424413 time=13.2s est_300=1h 03m 04s
[OURS:PiT-Ti][061/300] loss=27.3225 ce=2.5072 guidance=9.9261 beta=2.50 train_acc=41.30% test_acc=37.26% best=37.26% lr=0.00045273171 time=12.1s est_300=1h 03m 02s
[OURS:PiT-Ti][062/300] loss=27.1574 ce=2.4921 guidance=9.8661 beta=2.50 train_acc=41.78% test_acc=38.04% best=38.04% lr=0.00045119733 time=12.2s est_300=1h 03m 00s
[OURS:PiT-Ti][063/300] loss=27.1905 ce=2.4810 guidance=9.8838 beta=2.50 train_acc=41.80% test_acc=37.35% best=38.04% lr=0.00044964115 time=13.7s est_300=1h 03m 05s
[OURS:PiT-Ti][064/300] loss=27.1642 ce=2.4877 guidance=9.8706 beta=2.50 train_acc=42.26% test_acc=38.49% best=38.49% lr=0.00044806337 time=12.6s est_300=1h 03m 05s
[OURS:PiT-Ti][065/300] loss=26.8582 ce=2.4216 guidance=9.7747 beta=2.50 train_acc=43.72% test_acc=38.07% best=38.49% lr=0.00044646413 time=11.6s est_300=1h 03m 01s
[OURS:PiT-Ti][066/300] loss=26.8277 ce=2.3830 guidance=9.7779 beta=2.50 train_acc=44.24% test_acc=38.21% best=38.49% lr=0.00044484363 time=12.9s est_300=1h 03m 02s
[OURS:PiT-Ti][067/300] loss=26.8579 ce=2.3542 guidance=9.8015 beta=2.50 train_acc=44.85% test_acc=37.75% best=38.49% lr=0.00044320203 time=12.4s est_300=1h 03m 01s
[OURS:PiT-Ti][068/300] loss=26.5675 ce=2.3458 guidance=9.6887 beta=2.50 train_acc=44.67% test_acc=38.76% best=38.76% lr=0.00044153952 time=13.9s est_300=1h 03m 07s
[OURS:PiT-Ti][069/300] loss=26.4853 ce=2.3550 guidance=9.6521 beta=2.50 train_acc=44.89% test_acc=37.83% best=38.76% lr=0.00043985628 time=13.1s est_300=1h 03m 09s
[OURS:PiT-Ti][070/300] loss=26.4069 ce=2.3102 guidance=9.6387 beta=2.50 train_acc=45.67% test_acc=38.83% best=38.83% lr=0.00043815249 time=12.7s est_300=1h 03m 09s
[OURS:PiT-Ti][071/300] loss=26.2024 ce=2.2951 guidance=9.5629 beta=2.50 train_acc=45.41% test_acc=38.35% best=38.83% lr=0.00043642834 time=13.7s est_300=1h 03m 13s
[OURS:PiT-Ti][072/300] loss=26.2739 ce=2.2603 guidance=9.6055 beta=2.50 train_acc=47.04% test_acc=39.54% best=39.54% lr=0.00043468403 time=12.8s est_300=1h 03m 14s
[OURS:PiT-Ti][073/300] loss=26.0851 ce=2.2187 guidance=9.5466 beta=2.50 train_acc=47.54% test_acc=38.54% best=39.54% lr=0.00043291974 time=13.1s est_300=1h 03m 16s
[OURS:PiT-Ti][074/300] loss=26.0376 ce=2.2180 guidance=9.5279 beta=2.50 train_acc=47.69% test_acc=38.66% best=39.54% lr=0.00043113566 time=13.1s est_300=1h 03m 18s
[OURS:PiT-Ti][075/300] loss=26.0909 ce=2.1978 guidance=9.5572 beta=2.50 train_acc=48.52% test_acc=39.04% best=39.54% lr=0.00042933199 time=12.1s est_300=1h 03m 15s
[OURS:PiT-Ti][076/300] loss=25.9047 ce=2.1516 guidance=9.5012 beta=2.50 train_acc=49.10% test_acc=39.40% best=39.54% lr=0.00042750893 time=13.0s est_300=1h 03m 17s
[OURS:PiT-Ti][077/300] loss=25.7958 ce=2.1536 guidance=9.4569 beta=2.50 train_acc=49.52% test_acc=38.92% best=39.54% lr=0.00042566668 time=11.8s est_300=1h 03m 13s
[OURS:PiT-Ti][078/300] loss=25.6905 ce=2.1664 guidance=9.4096 beta=2.50 train_acc=49.18% test_acc=38.59% best=39.54% lr=0.00042380544 time=13.6s est_300=1h 03m 17s
[OURS:PiT-Ti][079/300] loss=25.5604 ce=2.1801 guidance=9.3521 beta=2.50 train_acc=49.10% test_acc=39.04% best=39.54% lr=0.00042192541 time=12.9s est_300=1h 03m 18s
[OURS:PiT-Ti][080/300] loss=25.7289 ce=2.1337 guidance=9.4381 beta=2.50 train_acc=49.42% test_acc=39.75% best=39.75% lr=0.0004200268 time=14.1s est_300=1h 03m 23s
[OURS:PiT-Ti][081/300] loss=25.6290 ce=2.0825 guidance=9.4186 beta=2.50 train_acc=50.59% test_acc=40.82% best=40.82% lr=0.00041810983 time=13.4s est_300=1h 03m 26s
[OURS:PiT-Ti][082/300] loss=25.4841 ce=2.0636 guidance=9.3682 beta=2.50 train_acc=51.04% test_acc=40.13% best=40.82% lr=0.00041617469 time=14.0s est_300=1h 03m 31s
[OURS:PiT-Ti][083/300] loss=25.2919 ce=2.0598 guidance=9.2928 beta=2.50 train_acc=51.61% test_acc=38.95% best=40.82% lr=0.0004142216 time=13.1s est_300=1h 03m 32s
[OURS:PiT-Ti][084/300] loss=25.1751 ce=2.0526 guidance=9.2490 beta=2.50 train_acc=52.00% test_acc=39.07% best=40.82% lr=0.00041225078 time=12.2s est_300=1h 03m 30s
[OURS:PiT-Ti][085/300] loss=25.2644 ce=2.0860 guidance=9.2713 beta=2.50 train_acc=50.61% test_acc=38.30% best=40.82% lr=0.00041026244 time=12.2s est_300=1h 03m 29s
[OURS:PiT-Ti][086/300] loss=25.2194 ce=1.9840 guidance=9.2942 beta=2.50 train_acc=53.97% test_acc=39.13% best=40.82% lr=0.0004082568 time=12.6s est_300=1h 03m 28s
[OURS:PiT-Ti][087/300] loss=25.1213 ce=1.9827 guidance=9.2555 beta=2.50 train_acc=52.97% test_acc=38.94% best=40.82% lr=0.00040623408 time=12.2s est_300=1h 03m 27s
[OURS:PiT-Ti][088/300] loss=25.1012 ce=1.9287 guidance=9.2690 beta=2.50 train_acc=54.81% test_acc=38.99% best=40.82% lr=0.0004041945 time=11.5s est_300=1h 03m 23s
[OURS:PiT-Ti][089/300] loss=25.0327 ce=1.9587 guidance=9.2296 beta=2.50 train_acc=53.87% test_acc=39.09% best=40.82% lr=0.00040213828 time=12.2s est_300=1h 03m 21s
[OURS:PiT-Ti][090/300] loss=24.9031 ce=1.9284 guidance=9.1899 beta=2.50 train_acc=54.64% test_acc=39.52% best=40.82% lr=0.00040006566 time=11.7s est_300=1h 03m 17s
[OURS:PiT-Ti][091/300] loss=24.8537 ce=1.9507 guidance=9.1612 beta=2.50 train_acc=54.30% test_acc=39.42% best=40.82% lr=0.00039797685 time=12.9s est_300=1h 03m 18s
[OURS:PiT-Ti][092/300] loss=24.7128 ce=1.8823 guidance=9.1322 beta=2.50 train_acc=55.45% test_acc=39.23% best=40.82% lr=0.00039587209 time=11.5s est_300=1h 03m 15s
[OURS:PiT-Ti][093/300] loss=24.8379 ce=1.8741 guidance=9.1855 beta=2.50 train_acc=55.93% test_acc=39.54% best=40.82% lr=0.00039375161 time=10.8s est_300=1h 03m 09s
[OURS:PiT-Ti][094/300] loss=24.6656 ce=1.8758 guidance=9.1159 beta=2.50 train_acc=55.86% test_acc=40.04% best=40.82% lr=0.00039161564 time=12.7s est_300=1h 03m 09s
[OURS:PiT-Ti][095/300] loss=24.5901 ce=1.8552 guidance=9.0939 beta=2.50 train_acc=56.47% test_acc=40.04% best=40.82% lr=0.00038946441 time=12.5s est_300=1h 03m 08s
[OURS:PiT-Ti][096/300] loss=24.5315 ce=1.8415 guidance=9.0760 beta=2.50 train_acc=57.22% test_acc=40.06% best=40.82% lr=0.00038729816 time=12.7s est_300=1h 03m 09s
[OURS:PiT-Ti][097/300] loss=24.5255 ce=1.7943 guidance=9.0925 beta=2.50 train_acc=57.90% test_acc=40.44% best=40.82% lr=0.00038511713 time=12.4s est_300=1h 03m 08s
[OURS:PiT-Ti][098/300] loss=24.5687 ce=1.8211 guidance=9.0990 beta=2.50 train_acc=57.56% test_acc=39.82% best=40.82% lr=0.00038292156 time=13.1s est_300=1h 03m 09s
[OURS:PiT-Ti][099/300] loss=24.4775 ce=1.8085 guidance=9.0676 beta=2.50 train_acc=57.54% test_acc=39.83% best=40.82% lr=0.00038071168 time=13.0s est_300=1h 03m 11s
[OURS:PiT-Ti][100/300] loss=24.4665 ce=1.8135 guidance=9.0612 beta=2.50 train_acc=57.32% test_acc=39.71% best=40.82% lr=0.00037848775 time=12.7s est_300=1h 03m 11s
[OURS:PiT-Ti][101/300] loss=24.3567 ce=1.7770 guidance=9.0319 beta=2.50 train_acc=57.59% test_acc=40.35% best=40.82% lr=0.00037625 time=13.4s est_300=1h 03m 13s
[OURS:PiT-Ti][102/300] loss=24.1914 ce=1.8023 guidance=8.9556 beta=2.50 train_acc=57.64% test_acc=39.26% best=40.82% lr=0.00037399868 time=13.2s est_300=1h 03m 15s
[OURS:PiT-Ti][103/300] loss=24.1654 ce=1.7894 guidance=8.9504 beta=2.50 train_acc=58.80% test_acc=39.70% best=40.82% lr=0.00037173403 time=11.9s est_300=1h 03m 12s
[OURS:PiT-Ti][104/300] loss=24.2277 ce=1.7326 guidance=8.9980 beta=2.50 train_acc=58.98% test_acc=39.82% best=40.82% lr=0.00036945631 time=13.0s est_300=1h 03m 13s
[OURS:PiT-Ti][105/300] loss=24.1739 ce=1.7173 guidance=8.9827 beta=2.50 train_acc=60.22% test_acc=40.11% best=40.82% lr=0.00036716577 time=12.4s est_300=1h 03m 13s
[OURS:PiT-Ti][106/300] loss=24.2118 ce=1.7476 guidance=8.9857 beta=2.50 train_acc=58.93% test_acc=40.44% best=40.82% lr=0.00036486265 time=13.1s est_300=1h 03m 14s
[OURS:PiT-Ti][107/300] loss=23.9957 ce=1.6963 guidance=8.9197 beta=2.50 train_acc=59.94% test_acc=39.63% best=40.82% lr=0.00036254721 time=12.9s est_300=1h 03m 15s
[OURS:PiT-Ti][108/300] loss=24.1499 ce=1.7157 guidance=8.9737 beta=2.50 train_acc=59.46% test_acc=39.06% best=40.82% lr=0.0003602197 time=13.8s est_300=1h 03m 18s
[OURS:PiT-Ti][109/300] loss=23.9743 ce=1.7205 guidance=8.9015 beta=2.50 train_acc=59.73% test_acc=39.45% best=40.82% lr=0.00035788037 time=13.5s est_300=1h 03m 20s
[OURS:PiT-Ti][110/300] loss=23.9255 ce=1.6856 guidance=8.8960 beta=2.50 train_acc=60.48% test_acc=39.85% best=40.82% lr=0.0003555295 time=14.1s est_300=1h 03m 24s
[OURS:PiT-Ti][111/300] loss=23.9519 ce=1.6705 guidance=8.9126 beta=2.50 train_acc=59.73% test_acc=39.80% best=40.82% lr=0.00035316732 time=14.0s est_300=1h 03m 28s
[OURS:PiT-Ti][112/300] loss=23.9101 ce=1.6907 guidance=8.8878 beta=2.50 train_acc=60.26% test_acc=39.11% best=40.82% lr=0.0003507941 time=13.4s est_300=1h 03m 30s
[OURS:PiT-Ti][113/300] loss=23.6565 ce=1.6987 guidance=8.7831 beta=2.50 train_acc=60.39% test_acc=39.52% best=40.82% lr=0.00034841011 time=12.4s est_300=1h 03m 29s
[OURS:PiT-Ti][114/300] loss=23.7799 ce=1.6636 guidance=8.8465 beta=2.50 train_acc=60.39% test_acc=40.49% best=40.82% lr=0.00034601559 time=13.6s est_300=1h 03m 31s
[OURS:PiT-Ti][115/300] loss=23.6640 ce=1.6363 guidance=8.8111 beta=2.50 train_acc=61.63% test_acc=39.90% best=40.82% lr=0.00034361083 time=13.5s est_300=1h 03m 33s
[OURS:PiT-Ti][116/300] loss=23.6558 ce=1.6454 guidance=8.8042 beta=2.50 train_acc=61.48% test_acc=40.06% best=40.82% lr=0.00034119607 time=12.3s est_300=1h 03m 32s
[OURS:PiT-Ti][117/300] loss=23.5861 ce=1.6720 guidance=8.7656 beta=2.50 train_acc=60.60% test_acc=39.99% best=40.82% lr=0.00033877158 time=12.5s est_300=1h 03m 32s
[OURS:PiT-Ti][118/300] loss=23.5946 ce=1.6582 guidance=8.7746 beta=2.50 train_acc=61.50% test_acc=41.16% best=41.16% lr=0.00033633764 time=13.6s est_300=1h 03m 34s
[OURS:PiT-Ti][119/300] loss=23.5376 ce=1.5956 guidance=8.7768 beta=2.50 train_acc=61.89% test_acc=39.47% best=41.16% lr=0.0003338945 time=13.4s est_300=1h 03m 36s
[OURS:PiT-Ti][120/300] loss=23.6869 ce=1.6057 guidance=8.8325 beta=2.50 train_acc=62.38% test_acc=40.70% best=41.16% lr=0.00033144243 time=11.9s est_300=1h 03m 34s
[OURS:PiT-Ti][121/300] loss=23.4275 ce=1.5660 guidance=8.7446 beta=2.50 train_acc=63.50% test_acc=39.47% best=41.16% lr=0.00032898171 time=12.5s est_300=1h 03m 33s
[OURS:PiT-Ti][122/300] loss=23.5752 ce=1.5822 guidance=8.7972 beta=2.50 train_acc=62.55% test_acc=39.59% best=41.16% lr=0.0003265126 time=12.6s est_300=1h 03m 33s
[OURS:PiT-Ti][123/300] loss=23.4374 ce=1.5760 guidance=8.7445 beta=2.50 train_acc=63.16% test_acc=40.33% best=41.16% lr=0.00032403537 time=12.9s est_300=1h 03m 33s
[OURS:PiT-Ti][124/300] loss=23.3972 ce=1.5812 guidance=8.7264 beta=2.50 train_acc=63.21% test_acc=40.39% best=41.16% lr=0.0003215503 time=12.8s est_300=1h 03m 34s
[OURS:PiT-Ti][125/300] loss=23.3760 ce=1.6004 guidance=8.7103 beta=2.50 train_acc=62.60% test_acc=39.54% best=41.16% lr=0.00031905766 time=13.6s est_300=1h 03m 36s
[OURS:PiT-Ti][126/300] loss=23.3561 ce=1.5201 guidance=8.7344 beta=2.50 train_acc=64.20% test_acc=38.30% best=41.16% lr=0.00031655771 time=12.9s est_300=1h 03m 36s
[OURS:PiT-Ti][127/300] loss=23.3481 ce=1.4942 guidance=8.7416 beta=2.50 train_acc=64.96% test_acc=39.58% best=41.16% lr=0.00031405075 time=12.1s est_300=1h 03m 35s
[OURS:PiT-Ti][128/300] loss=23.2505 ce=1.4928 guidance=8.7031 beta=2.50 train_acc=64.62% test_acc=39.89% best=41.16% lr=0.00031153703 time=11.6s est_300=1h 03m 32s
[OURS:PiT-Ti][129/300] loss=23.3588 ce=1.4874 guidance=8.7485 beta=2.50 train_acc=65.59% test_acc=40.01% best=41.16% lr=0.00030901684 time=12.8s est_300=1h 03m 32s
[OURS:PiT-Ti][130/300] loss=23.2606 ce=1.5209 guidance=8.6959 beta=2.50 train_acc=64.81% test_acc=40.06% best=41.16% lr=0.00030649045 time=13.4s est_300=1h 03m 34s
[OURS:PiT-Ti][131/300] loss=23.3756 ce=1.5107 guidance=8.7460 beta=2.50 train_acc=64.01% test_acc=39.77% best=41.16% lr=0.00030395814 time=14.2s est_300=1h 03m 37s
[OURS:PiT-Ti][132/300] loss=23.2549 ce=1.5139 guidance=8.6964 beta=2.50 train_acc=64.91% test_acc=39.77% best=41.16% lr=0.00030142019 time=13.3s est_300=1h 03m 38s
[OURS:PiT-Ti][133/300] loss=23.1807 ce=1.4954 guidance=8.6741 beta=2.50 train_acc=65.13% test_acc=39.87% best=41.16% lr=0.00029887688 time=13.1s est_300=1h 03m 39s
[OURS:PiT-Ti][134/300] loss=23.0796 ce=1.4389 guidance=8.6563 beta=2.50 train_acc=65.85% test_acc=39.89% best=41.16% lr=0.00029632847 time=13.4s est_300=1h 03m 41s
[OURS:PiT-Ti][135/300] loss=23.2450 ce=1.4568 guidance=8.7153 beta=2.50 train_acc=66.13% test_acc=40.27% best=41.16% lr=0.00029377526 time=12.8s est_300=1h 03m 41s
[OURS:PiT-Ti][136/300] loss=23.1000 ce=1.4593 guidance=8.6563 beta=2.50 train_acc=66.10% test_acc=40.61% best=41.16% lr=0.00029121753 time=11.3s est_300=1h 03m 38s
[OURS:PiT-Ti][137/300] loss=23.0278 ce=1.4913 guidance=8.6146 beta=2.50 train_acc=64.33% test_acc=40.35% best=41.16% lr=0.00028865555 time=12.2s est_300=1h 03m 37s
[OURS:PiT-Ti][138/300] loss=23.0145 ce=1.4641 guidance=8.6202 beta=2.50 train_acc=65.54% test_acc=40.47% best=41.16% lr=0.0002860896 time=12.4s est_300=1h 03m 36s
[OURS:PiT-Ti][139/300] loss=22.9011 ce=1.3795 guidance=8.6086 beta=2.50 train_acc=67.12% test_acc=40.82% best=41.16% lr=0.00028351998 time=12.2s est_300=1h 03m 35s
[OURS:PiT-Ti][140/300] loss=22.9051 ce=1.4755 guidance=8.5718 beta=2.50 train_acc=65.46% test_acc=39.54% best=41.16% lr=0.00028094694 time=11.6s est_300=1h 03m 32s
[OURS:PiT-Ti][141/300] loss=22.9272 ce=1.4036 guidance=8.6094 beta=2.50 train_acc=66.90% test_acc=39.97% best=41.16% lr=0.00027837079 time=12.2s est_300=1h 03m 31s
[OURS:PiT-Ti][142/300] loss=22.9229 ce=1.3984 guidance=8.6098 beta=2.50 train_acc=67.37% test_acc=39.77% best=41.16% lr=0.00027579181 time=11.8s est_300=1h 03m 29s
[OURS:PiT-Ti][143/300] loss=22.7987 ce=1.3614 guidance=8.5749 beta=2.50 train_acc=67.66% test_acc=40.51% best=41.16% lr=0.00027321027 time=12.8s est_300=1h 03m 30s
[OURS:PiT-Ti][144/300] loss=1.4478 ce=1.4478 guidance=0.0000 beta=0.00 train_acc=66.07% test_acc=40.39% best=41.16% lr=0.00027062645 time=12.6s est_300=1h 03m 30s
[OURS:PiT-Ti][145/300] loss=1.4442 ce=1.4442 guidance=0.0000 beta=0.00 train_acc=66.29% test_acc=39.59% best=41.16% lr=0.00026804065 time=11.4s est_300=1h 03m 27s
[OURS:PiT-Ti][146/300] loss=1.4151 ce=1.4151 guidance=0.0000 beta=0.00 train_acc=66.54% test_acc=40.25% best=41.16% lr=0.00026545315 time=11.2s est_300=1h 03m 24s
[OURS:PiT-Ti][147/300] loss=1.3851 ce=1.3851 guidance=0.0000 beta=0.00 train_acc=66.86% test_acc=40.42% best=41.16% lr=0.00026286422 time=10.8s est_300=1h 03m 20s
[OURS:PiT-Ti][148/300] loss=1.4000 ce=1.4000 guidance=0.0000 beta=0.00 train_acc=67.03% test_acc=41.06% best=41.16% lr=0.00026027416 time=12.7s est_300=1h 03m 20s
[OURS:PiT-Ti][149/300] loss=1.3599 ce=1.3599 guidance=0.0000 beta=0.00 train_acc=67.61% test_acc=40.80% best=41.16% lr=0.00025768325 time=12.5s est_300=1h 03m 19s
[OURS:PiT-Ti][150/300] loss=1.3315 ce=1.3315 guidance=0.0000 beta=0.00 train_acc=68.48% test_acc=40.71% best=41.16% lr=0.00025509177 time=12.5s est_300=1h 03m 19s
[OURS:PiT-Ti][151/300] loss=1.3643 ce=1.3643 guidance=0.0000 beta=0.00 train_acc=68.09% test_acc=40.39% best=41.16% lr=0.0002525 time=13.5s est_300=1h 03m 21s
[OURS:PiT-Ti][152/300] loss=1.2891 ce=1.2891 guidance=0.0000 beta=0.00 train_acc=69.12% test_acc=40.44% best=41.16% lr=0.00024990823 time=13.5s est_300=1h 03m 22s
[OURS:PiT-Ti][153/300] loss=1.3626 ce=1.3626 guidance=0.0000 beta=0.00 train_acc=67.19% test_acc=39.99% best=41.16% lr=0.00024731675 time=12.7s est_300=1h 03m 22s
[OURS:PiT-Ti][154/300] loss=1.2953 ce=1.2953 guidance=0.0000 beta=0.00 train_acc=69.31% test_acc=40.25% best=41.16% lr=0.00024472584 time=11.7s est_300=1h 03m 21s
[OURS:PiT-Ti][155/300] loss=1.2977 ce=1.2977 guidance=0.0000 beta=0.00 train_acc=69.46% test_acc=40.08% best=41.16% lr=0.00024213578 time=12.6s est_300=1h 03m 20s
[OURS:PiT-Ti][156/300] loss=1.3284 ce=1.3284 guidance=0.0000 beta=0.00 train_acc=68.65% test_acc=40.87% best=41.16% lr=0.00023954685 time=12.7s est_300=1h 03m 20s
[OURS:PiT-Ti][157/300] loss=1.2920 ce=1.2920 guidance=0.0000 beta=0.00 train_acc=69.26% test_acc=39.89% best=41.16% lr=0.00023695935 time=12.5s est_300=1h 03m 20s
[OURS:PiT-Ti][158/300] loss=1.3050 ce=1.3050 guidance=0.0000 beta=0.00 train_acc=69.26% test_acc=40.47% best=41.16% lr=0.00023437355 time=11.9s est_300=1h 03m 19s
[OURS:PiT-Ti][159/300] loss=1.2816 ce=1.2816 guidance=0.0000 beta=0.00 train_acc=69.87% test_acc=40.80% best=41.16% lr=0.00023178973 time=13.8s est_300=1h 03m 21s
[OURS:PiT-Ti][160/300] loss=1.2906 ce=1.2906 guidance=0.0000 beta=0.00 train_acc=69.92% test_acc=41.30% best=41.30% lr=0.00022920819 time=14.3s est_300=1h 03m 24s
[OURS:PiT-Ti][161/300] loss=1.2482 ce=1.2482 guidance=0.0000 beta=0.00 train_acc=69.96% test_acc=41.91% best=41.91% lr=0.00022662921 time=14.1s est_300=1h 03m 27s
[OURS:PiT-Ti][162/300] loss=1.2868 ce=1.2868 guidance=0.0000 beta=0.00 train_acc=69.17% test_acc=40.56% best=41.91% lr=0.00022405306 time=11.4s est_300=1h 03m 24s
[OURS:PiT-Ti][163/300] loss=1.2478 ce=1.2478 guidance=0.0000 beta=0.00 train_acc=70.53% test_acc=41.35% best=41.91% lr=0.00022148002 time=12.7s est_300=1h 03m 24s
[OURS:PiT-Ti][164/300] loss=1.2548 ce=1.2548 guidance=0.0000 beta=0.00 train_acc=70.47% test_acc=40.33% best=41.91% lr=0.0002189104 time=12.7s est_300=1h 03m 24s
[OURS:PiT-Ti][165/300] loss=1.2256 ce=1.2256 guidance=0.0000 beta=0.00 train_acc=71.06% test_acc=40.16% best=41.91% lr=0.00021634445 time=12.8s est_300=1h 03m 24s
[OURS:PiT-Ti][166/300] loss=1.2363 ce=1.2363 guidance=0.0000 beta=0.00 train_acc=69.94% test_acc=41.70% best=41.91% lr=0.00021378247 time=13.0s est_300=1h 03m 25s
[OURS:PiT-Ti][167/300] loss=1.2281 ce=1.2281 guidance=0.0000 beta=0.00 train_acc=71.09% test_acc=40.37% best=41.91% lr=0.00021122474 time=11.9s est_300=1h 03m 23s
[OURS:PiT-Ti][168/300] loss=1.2377 ce=1.2377 guidance=0.0000 beta=0.00 train_acc=70.94% test_acc=41.15% best=41.91% lr=0.00020867153 time=13.9s est_300=1h 03m 26s
[OURS:PiT-Ti][169/300] loss=1.1963 ce=1.1963 guidance=0.0000 beta=0.00 train_acc=72.06% test_acc=40.52% best=41.91% lr=0.00020612312 time=13.6s est_300=1h 03m 27s
[OURS:PiT-Ti][170/300] loss=1.2422 ce=1.2422 guidance=0.0000 beta=0.00 train_acc=70.69% test_acc=41.01% best=41.91% lr=0.00020357981 time=12.7s est_300=1h 03m 27s
[OURS:PiT-Ti][171/300] loss=1.2027 ce=1.2027 guidance=0.0000 beta=0.00 train_acc=71.76% test_acc=40.94% best=41.91% lr=0.00020104186 time=12.6s est_300=1h 03m 27s
[OURS:PiT-Ti][172/300] loss=1.1610 ce=1.1610 guidance=0.0000 beta=0.00 train_acc=73.03% test_acc=41.25% best=41.91% lr=0.00019850955 time=12.1s est_300=1h 03m 26s
[OURS:PiT-Ti][173/300] loss=1.1970 ce=1.1970 guidance=0.0000 beta=0.00 train_acc=71.89% test_acc=40.92% best=41.91% lr=0.00019598316 time=11.8s est_300=1h 03m 25s
[OURS:PiT-Ti][174/300] loss=1.2101 ce=1.2101 guidance=0.0000 beta=0.00 train_acc=71.65% test_acc=41.06% best=41.91% lr=0.00019346297 time=12.5s est_300=1h 03m 24s
[OURS:PiT-Ti][175/300] loss=1.1404 ce=1.1404 guidance=0.0000 beta=0.00 train_acc=72.74% test_acc=41.11% best=41.91% lr=0.00019094925 time=12.3s est_300=1h 03m 24s
[OURS:PiT-Ti][176/300] loss=1.1830 ce=1.1830 guidance=0.0000 beta=0.00 train_acc=73.00% test_acc=40.87% best=41.91% lr=0.00018844229 time=12.1s est_300=1h 03m 23s
[OURS:PiT-Ti][177/300] loss=1.1519 ce=1.1519 guidance=0.0000 beta=0.00 train_acc=72.76% test_acc=40.99% best=41.91% lr=0.00018594234 time=12.7s est_300=1h 03m 23s
[OURS:PiT-Ti][178/300] loss=1.1314 ce=1.1314 guidance=0.0000 beta=0.00 train_acc=73.28% test_acc=41.51% best=41.91% lr=0.0001834497 time=13.3s est_300=1h 03m 24s
[OURS:PiT-Ti][179/300] loss=1.1465 ce=1.1465 guidance=0.0000 beta=0.00 train_acc=72.84% test_acc=40.13% best=41.91% lr=0.00018096463 time=11.6s est_300=1h 03m 22s
[OURS:PiT-Ti][180/300] loss=1.1078 ce=1.1078 guidance=0.0000 beta=0.00 train_acc=74.24% test_acc=40.89% best=41.91% lr=0.0001784874 time=12.1s est_300=1h 03m 21s
[OURS:PiT-Ti][181/300] loss=1.1463 ce=1.1463 guidance=0.0000 beta=0.00 train_acc=72.55% test_acc=40.39% best=41.91% lr=0.00017601829 time=12.7s est_300=1h 03m 21s
[OURS:PiT-Ti][182/300] loss=1.1058 ce=1.1058 guidance=0.0000 beta=0.00 train_acc=74.39% test_acc=40.51% best=41.91% lr=0.00017355757 time=12.8s est_300=1h 03m 21s
[OURS:PiT-Ti][183/300] loss=1.1250 ce=1.1250 guidance=0.0000 beta=0.00 train_acc=73.28% test_acc=40.33% best=41.91% lr=0.0001711055 time=12.0s est_300=1h 03m 20s
[OURS:PiT-Ti][184/300] loss=1.1016 ce=1.1016 guidance=0.0000 beta=0.00 train_acc=74.35% test_acc=41.63% best=41.91% lr=0.00016866236 time=13.2s est_300=1h 03m 21s
[OURS:PiT-Ti][185/300] loss=1.0982 ce=1.0982 guidance=0.0000 beta=0.00 train_acc=73.42% test_acc=41.08% best=41.91% lr=0.00016622842 time=13.1s est_300=1h 03m 22s
[OURS:PiT-Ti][186/300] loss=1.1385 ce=1.1385 guidance=0.0000 beta=0.00 train_acc=73.61% test_acc=41.15% best=41.91% lr=0.00016380393 time=13.1s est_300=1h 03m 22s
[OURS:PiT-Ti][187/300] loss=1.0483 ce=1.0483 guidance=0.0000 beta=0.00 train_acc=75.14% test_acc=41.11% best=41.91% lr=0.00016138917 time=14.2s est_300=1h 03m 25s
[OURS:PiT-Ti][188/300] loss=1.1117 ce=1.1117 guidance=0.0000 beta=0.00 train_acc=73.44% test_acc=40.75% best=41.91% lr=0.00015898441 time=13.7s est_300=1h 03m 27s
[OURS:PiT-Ti][189/300] loss=1.0871 ce=1.0871 guidance=0.0000 beta=0.00 train_acc=74.30% test_acc=41.85% best=41.91% lr=0.00015658989 time=12.4s est_300=1h 03m 26s
[OURS:PiT-Ti][190/300] loss=1.0797 ce=1.0797 guidance=0.0000 beta=0.00 train_acc=74.32% test_acc=41.92% best=41.92% lr=0.0001542059 time=12.6s est_300=1h 03m 26s
[OURS:PiT-Ti][191/300] loss=1.0758 ce=1.0758 guidance=0.0000 beta=0.00 train_acc=75.19% test_acc=40.56% best=41.92% lr=0.00015183268 time=12.8s est_300=1h 03m 26s
[OURS:PiT-Ti][192/300] loss=1.0078 ce=1.0078 guidance=0.0000 beta=0.00 train_acc=76.36% test_acc=41.03% best=41.92% lr=0.0001494705 time=13.7s est_300=1h 03m 28s
[OURS:PiT-Ti][193/300] loss=1.0585 ce=1.0585 guidance=0.0000 beta=0.00 train_acc=75.49% test_acc=40.99% best=41.92% lr=0.00014711963 time=12.9s est_300=1h 03m 28s
[OURS:PiT-Ti][194/300] loss=1.0701 ce=1.0701 guidance=0.0000 beta=0.00 train_acc=75.27% test_acc=40.54% best=41.92% lr=0.0001447803 time=12.1s est_300=1h 03m 27s
[OURS:PiT-Ti][195/300] loss=1.0676 ce=1.0676 guidance=0.0000 beta=0.00 train_acc=74.75% test_acc=41.09% best=41.92% lr=0.00014245279 time=12.6s est_300=1h 03m 27s
[OURS:PiT-Ti][196/300] loss=1.0185 ce=1.0185 guidance=0.0000 beta=0.00 train_acc=75.63% test_acc=41.27% best=41.92% lr=0.00014013735 time=11.6s est_300=1h 03m 25s
[OURS:PiT-Ti][197/300] loss=0.9704 ce=0.9704 guidance=0.0000 beta=0.00 train_acc=77.22% test_acc=39.49% best=41.92% lr=0.00013783423 time=12.3s est_300=1h 03m 25s
[OURS:PiT-Ti][198/300] loss=1.0073 ce=1.0073 guidance=0.0000 beta=0.00 train_acc=75.70% test_acc=40.09% best=41.92% lr=0.00013554369 time=13.8s est_300=1h 03m 26s
[OURS:PiT-Ti][199/300] loss=1.0440 ce=1.0440 guidance=0.0000 beta=0.00 train_acc=74.76% test_acc=41.49% best=41.92% lr=0.00013326597 time=14.2s est_300=1h 03m 29s
[OURS:PiT-Ti][200/300] loss=1.0299 ce=1.0299 guidance=0.0000 beta=0.00 train_acc=75.99% test_acc=40.84% best=41.92% lr=0.00013100132 time=12.6s est_300=1h 03m 28s
[OURS:PiT-Ti][201/300] loss=1.0010 ce=1.0010 guidance=0.0000 beta=0.00 train_acc=76.51% test_acc=41.68% best=41.92% lr=0.00012875 time=11.2s est_300=1h 03m 26s
[OURS:PiT-Ti][202/300] loss=1.0259 ce=1.0259 guidance=0.0000 beta=0.00 train_acc=75.51% test_acc=41.40% best=41.92% lr=0.00012651225 time=12.8s est_300=1h 03m 26s
[OURS:PiT-Ti][203/300] loss=1.0068 ce=1.0068 guidance=0.0000 beta=0.00 train_acc=75.78% test_acc=40.94% best=41.92% lr=0.00012428832 time=11.6s est_300=1h 03m 25s
[OURS:PiT-Ti][204/300] loss=0.9894 ce=0.9894 guidance=0.0000 beta=0.00 train_acc=76.34% test_acc=40.96% best=41.92% lr=0.00012207844 time=12.7s est_300=1h 03m 25s
[OURS:PiT-Ti][205/300] loss=0.9807 ce=0.9807 guidance=0.0000 beta=0.00 train_acc=76.31% test_acc=40.61% best=41.92% lr=0.00011988287 time=13.2s est_300=1h 03m 26s
[OURS:PiT-Ti][206/300] loss=0.9989 ce=0.9989 guidance=0.0000 beta=0.00 train_acc=76.31% test_acc=41.06% best=41.92% lr=0.00011770184 time=12.1s est_300=1h 03m 25s
[OURS:PiT-Ti][207/300] loss=0.9786 ce=0.9786 guidance=0.0000 beta=0.00 train_acc=76.55% test_acc=40.89% best=41.92% lr=0.00011553559 time=11.9s est_300=1h 03m 24s
[OURS:PiT-Ti][208/300] loss=1.0022 ce=1.0022 guidance=0.0000 beta=0.00 train_acc=76.49% test_acc=40.49% best=41.92% lr=0.00011338436 time=11.6s est_300=1h 03m 22s
[OURS:PiT-Ti][209/300] loss=0.9973 ce=0.9973 guidance=0.0000 beta=0.00 train_acc=76.36% test_acc=40.42% best=41.92% lr=0.00011124839 time=12.5s est_300=1h 03m 22s
[OURS:PiT-Ti][210/300] loss=0.9609 ce=0.9609 guidance=0.0000 beta=0.00 train_acc=77.16% test_acc=40.35% best=41.92% lr=0.00010912791 time=14.0s est_300=1h 03m 24s
[OURS:PiT-Ti][211/300] loss=0.9557 ce=0.9557 guidance=0.0000 beta=0.00 train_acc=77.34% test_acc=41.18% best=41.92% lr=0.00010702315 time=12.6s est_300=1h 03m 24s
[OURS:PiT-Ti][212/300] loss=0.9325 ce=0.9325 guidance=0.0000 beta=0.00 train_acc=78.07% test_acc=40.49% best=41.92% lr=0.00010493434 time=13.3s est_300=1h 03m 25s
[OURS:PiT-Ti][213/300] loss=0.9889 ce=0.9889 guidance=0.0000 beta=0.00 train_acc=76.61% test_acc=40.75% best=41.92% lr=0.00010286172 time=12.8s est_300=1h 03m 25s
[OURS:PiT-Ti][214/300] loss=0.9839 ce=0.9839 guidance=0.0000 beta=0.00 train_acc=76.70% test_acc=40.59% best=41.92% lr=0.0001008055 time=13.2s est_300=1h 03m 25s
[OURS:PiT-Ti][215/300] loss=0.9755 ce=0.9755 guidance=0.0000 beta=0.00 train_acc=76.85% test_acc=41.40% best=41.92% lr=9.8765924e-05 time=12.9s est_300=1h 03m 26s
[OURS:PiT-Ti][216/300] loss=0.9424 ce=0.9424 guidance=0.0000 beta=0.00 train_acc=77.87% test_acc=41.54% best=41.92% lr=9.6743203e-05 time=13.7s est_300=1h 03m 27s
[OURS:PiT-Ti][217/300] loss=0.9356 ce=0.9356 guidance=0.0000 beta=0.00 train_acc=77.94% test_acc=40.71% best=41.92% lr=9.4737563e-05 time=13.4s est_300=1h 03m 28s
[OURS:PiT-Ti][218/300] loss=0.9273 ce=0.9273 guidance=0.0000 beta=0.00 train_acc=77.99% test_acc=41.66% best=41.92% lr=9.2749222e-05 time=12.1s est_300=1h 03m 27s
[OURS:PiT-Ti][219/300] loss=0.9248 ce=0.9248 guidance=0.0000 beta=0.00 train_acc=78.14% test_acc=40.96% best=41.92% lr=9.0778401e-05 time=13.2s est_300=1h 03m 28s
[OURS:PiT-Ti][220/300] loss=0.9179 ce=0.9179 guidance=0.0000 beta=0.00 train_acc=79.21% test_acc=40.42% best=41.92% lr=8.8825313e-05 time=12.7s est_300=1h 03m 28s
[OURS:PiT-Ti][221/300] loss=0.8939 ce=0.8939 guidance=0.0000 beta=0.00 train_acc=79.40% test_acc=42.72% best=42.72% lr=8.6890175e-05 time=12.5s est_300=1h 03m 28s
[OURS:PiT-Ti][222/300] loss=0.9097 ce=0.9097 guidance=0.0000 beta=0.00 train_acc=78.45% test_acc=41.80% best=42.72% lr=8.4973198e-05 time=13.3s est_300=1h 03m 29s
[OURS:PiT-Ti][223/300] loss=0.9246 ce=0.9246 guidance=0.0000 beta=0.00 train_acc=78.23% test_acc=41.56% best=42.72% lr=8.3074591e-05 time=12.3s est_300=1h 03m 28s
[OURS:PiT-Ti][224/300] loss=0.9077 ce=0.9077 guidance=0.0000 beta=0.00 train_acc=78.53% test_acc=42.29% best=42.72% lr=8.1194564e-05 time=11.6s est_300=1h 03m 27s
[OURS:PiT-Ti][225/300] loss=0.9050 ce=0.9050 guidance=0.0000 beta=0.00 train_acc=77.77% test_acc=41.82% best=42.72% lr=7.9333323e-05 time=13.4s est_300=1h 03m 28s
[OURS:PiT-Ti][226/300] loss=0.9044 ce=0.9044 guidance=0.0000 beta=0.00 train_acc=78.63% test_acc=41.08% best=42.72% lr=7.7491072e-05 time=12.5s est_300=1h 03m 27s
[OURS:PiT-Ti][227/300] loss=0.8861 ce=0.8861 guidance=0.0000 beta=0.00 train_acc=79.30% test_acc=41.65% best=42.72% lr=7.5668012e-05 time=12.6s est_300=1h 03m 27s
[OURS:PiT-Ti][228/300] loss=0.8634 ce=0.8634 guidance=0.0000 beta=0.00 train_acc=79.62% test_acc=41.22% best=42.72% lr=7.3864344e-05 time=12.1s est_300=1h 03m 27s
[OURS:PiT-Ti][229/300] loss=0.9357 ce=0.9357 guidance=0.0000 beta=0.00 train_acc=77.82% test_acc=40.46% best=42.72% lr=7.2080265e-05 time=12.4s est_300=1h 03m 26s
[OURS:PiT-Ti][230/300] loss=0.9158 ce=0.9158 guidance=0.0000 beta=0.00 train_acc=78.55% test_acc=40.87% best=42.72% lr=7.0315971e-05 time=12.8s est_300=1h 03m 26s
[OURS:PiT-Ti][231/300] loss=0.9024 ce=0.9024 guidance=0.0000 beta=0.00 train_acc=79.11% test_acc=41.16% best=42.72% lr=6.8571656e-05 time=12.9s est_300=1h 03m 26s
[OURS:PiT-Ti][232/300] loss=0.9158 ce=0.9158 guidance=0.0000 beta=0.00 train_acc=78.82% test_acc=41.35% best=42.72% lr=6.684751e-05 time=13.9s est_300=1h 03m 28s
[OURS:PiT-Ti][233/300] loss=0.8974 ce=0.8974 guidance=0.0000 beta=0.00 train_acc=78.46% test_acc=41.27% best=42.72% lr=6.5143724e-05 time=12.2s est_300=1h 03m 27s
[OURS:PiT-Ti][234/300] loss=0.8885 ce=0.8885 guidance=0.0000 beta=0.00 train_acc=79.36% test_acc=40.85% best=42.72% lr=6.3460483e-05 time=14.2s est_300=1h 03m 29s
[OURS:PiT-Ti][235/300] loss=0.8712 ce=0.8712 guidance=0.0000 beta=0.00 train_acc=79.48% test_acc=40.92% best=42.72% lr=6.1797972e-05 time=14.1s est_300=1h 03m 31s
[OURS:PiT-Ti][236/300] loss=0.8482 ce=0.8482 guidance=0.0000 beta=0.00 train_acc=80.06% test_acc=41.39% best=42.72% lr=6.0156375e-05 time=13.2s est_300=1h 03m 32s
[OURS:PiT-Ti][237/300] loss=0.8252 ce=0.8252 guidance=0.0000 beta=0.00 train_acc=80.72% test_acc=41.39% best=42.72% lr=5.8535869e-05 time=13.0s est_300=1h 03m 32s
[OURS:PiT-Ti][238/300] loss=0.8623 ce=0.8623 guidance=0.0000 beta=0.00 train_acc=79.21% test_acc=40.85% best=42.72% lr=5.6936634e-05 time=13.1s est_300=1h 03m 33s
[OURS:PiT-Ti][239/300] loss=0.8888 ce=0.8888 guidance=0.0000 beta=0.00 train_acc=78.72% test_acc=41.13% best=42.72% lr=5.5358845e-05 time=12.3s est_300=1h 03m 32s
[OURS:PiT-Ti][240/300] loss=0.8436 ce=0.8436 guidance=0.0000 beta=0.00 train_acc=80.52% test_acc=41.47% best=42.72% lr=5.3802675e-05 time=13.8s est_300=1h 03m 34s
[OURS:PiT-Ti][241/300] loss=0.8440 ce=0.8440 guidance=0.0000 beta=0.00 train_acc=79.79% test_acc=41.56% best=42.72% lr=5.2268294e-05 time=13.3s est_300=1h 03m 34s
[OURS:PiT-Ti][242/300] loss=0.8336 ce=0.8336 guidance=0.0000 beta=0.00 train_acc=80.11% test_acc=40.58% best=42.72% lr=5.0755871e-05 time=12.8s est_300=1h 03m 34s
[OURS:PiT-Ti][243/300] loss=0.8146 ce=0.8146 guidance=0.0000 beta=0.00 train_acc=80.47% test_acc=40.78% best=42.72% lr=4.9265571e-05 time=13.2s est_300=1h 03m 35s
[OURS:PiT-Ti][244/300] loss=0.8323 ce=0.8323 guidance=0.0000 beta=0.00 train_acc=80.55% test_acc=41.37% best=42.72% lr=4.7797558e-05 time=12.7s est_300=1h 03m 35s
[OURS:PiT-Ti][245/300] loss=0.8372 ce=0.8372 guidance=0.0000 beta=0.00 train_acc=80.01% test_acc=41.34% best=42.72% lr=4.6351993e-05 time=11.3s est_300=1h 03m 33s
[OURS:PiT-Ti][246/300] loss=0.8155 ce=0.8155 guidance=0.0000 beta=0.00 train_acc=80.86% test_acc=41.89% best=42.72% lr=4.4929034e-05 time=13.3s est_300=1h 03m 34s
[OURS:PiT-Ti][247/300] loss=0.7995 ce=0.7995 guidance=0.0000 beta=0.00 train_acc=81.78% test_acc=41.34% best=42.72% lr=4.3528838e-05 time=12.6s est_300=1h 03m 34s
[OURS:PiT-Ti][248/300] loss=0.8314 ce=0.8314 guidance=0.0000 beta=0.00 train_acc=80.88% test_acc=41.51% best=42.72% lr=4.2151558e-05 time=13.7s est_300=1h 03m 35s
[OURS:PiT-Ti][249/300] loss=0.7990 ce=0.7990 guidance=0.0000 beta=0.00 train_acc=80.77% test_acc=41.35% best=42.72% lr=4.0797346e-05 time=12.5s est_300=1h 03m 35s
[OURS:PiT-Ti][250/300] loss=0.8165 ce=0.8165 guidance=0.0000 beta=0.00 train_acc=80.77% test_acc=41.58% best=42.72% lr=3.9466348e-05 time=11.5s est_300=1h 03m 33s
[OURS:PiT-Ti][251/300] loss=0.8040 ce=0.8040 guidance=0.0000 beta=0.00 train_acc=81.20% test_acc=41.59% best=42.72% lr=3.8158713e-05 time=11.5s est_300=1h 03m 32s
[OURS:PiT-Ti][252/300] loss=0.8019 ce=0.8019 guidance=0.0000 beta=0.00 train_acc=81.35% test_acc=41.78% best=42.72% lr=3.6874582e-05 time=13.9s est_300=1h 03m 33s
[OURS:PiT-Ti][253/300] loss=0.8171 ce=0.8171 guidance=0.0000 beta=0.00 train_acc=80.79% test_acc=41.66% best=42.72% lr=3.5614097e-05 time=13.1s est_300=1h 03m 34s
[OURS:PiT-Ti][254/300] loss=0.8522 ce=0.8522 guidance=0.0000 beta=0.00 train_acc=79.70% test_acc=42.03% best=42.72% lr=3.4377396e-05 time=12.2s est_300=1h 03m 33s
[OURS:PiT-Ti][255/300] loss=0.8212 ce=0.8212 guidance=0.0000 beta=0.00 train_acc=80.20% test_acc=41.61% best=42.72% lr=3.3164614e-05 time=12.5s est_300=1h 03m 33s
[OURS:PiT-Ti][256/300] loss=0.7901 ce=0.7901 guidance=0.0000 beta=0.00 train_acc=81.84% test_acc=41.72% best=42.72% lr=3.1975885e-05 time=11.4s est_300=1h 03m 31s
[OURS:PiT-Ti][257/300] loss=0.8048 ce=0.8048 guidance=0.0000 beta=0.00 train_acc=81.08% test_acc=41.94% best=42.72% lr=3.0811339e-05 time=12.3s est_300=1h 03m 31s
[OURS:PiT-Ti][258/300] loss=0.8107 ce=0.8107 guidance=0.0000 beta=0.00 train_acc=80.84% test_acc=41.35% best=42.72% lr=2.9671104e-05 time=13.5s est_300=1h 03m 31s
[OURS:PiT-Ti][259/300] loss=0.7734 ce=0.7734 guidance=0.0000 beta=0.00 train_acc=81.44% test_acc=41.49% best=42.72% lr=2.8555305e-05 time=14.0s est_300=1h 03m 33s
[OURS:PiT-Ti][260/300] loss=0.7949 ce=0.7949 guidance=0.0000 beta=0.00 train_acc=81.78% test_acc=41.78% best=42.72% lr=2.7464063e-05 time=13.3s est_300=1h 03m 34s
[OURS:PiT-Ti][261/300] loss=0.8058 ce=0.8058 guidance=0.0000 beta=0.00 train_acc=81.17% test_acc=41.56% best=42.72% lr=2.6397499e-05 time=12.3s est_300=1h 03m 33s
[OURS:PiT-Ti][262/300] loss=0.7908 ce=0.7908 guidance=0.0000 beta=0.00 train_acc=81.62% test_acc=41.56% best=42.72% lr=2.535573e-05 time=12.3s est_300=1h 03m 33s
[OURS:PiT-Ti][263/300] loss=0.7846 ce=0.7846 guidance=0.0000 beta=0.00 train_acc=81.37% test_acc=41.32% best=42.72% lr=2.433887e-05 time=11.8s est_300=1h 03m 32s
[OURS:PiT-Ti][264/300] loss=0.7900 ce=0.7900 guidance=0.0000 beta=0.00 train_acc=81.81% test_acc=41.13% best=42.72% lr=2.334703e-05 time=11.6s est_300=1h 03m 30s
[OURS:PiT-Ti][265/300] loss=0.7746 ce=0.7746 guidance=0.0000 beta=0.00 train_acc=81.54% test_acc=41.72% best=42.72% lr=2.238032e-05 time=13.5s est_300=1h 03m 31s
[OURS:PiT-Ti][266/300] loss=0.7893 ce=0.7893 guidance=0.0000 beta=0.00 train_acc=80.88% test_acc=41.47% best=42.72% lr=2.1438844e-05 time=12.9s est_300=1h 03m 32s
[OURS:PiT-Ti][267/300] loss=0.7900 ce=0.7900 guidance=0.0000 beta=0.00 train_acc=81.39% test_acc=41.28% best=42.72% lr=2.0522708e-05 time=13.6s est_300=1h 03m 33s
[OURS:PiT-Ti][268/300] loss=0.7804 ce=0.7804 guidance=0.0000 beta=0.00 train_acc=81.42% test_acc=41.28% best=42.72% lr=1.963201e-05 time=12.3s est_300=1h 03m 32s
[OURS:PiT-Ti][269/300] loss=0.7597 ce=0.7597 guidance=0.0000 beta=0.00 train_acc=82.35% test_acc=41.16% best=42.72% lr=1.8766848e-05 time=10.8s est_300=1h 03m 30s
[OURS:PiT-Ti][270/300] loss=0.7800 ce=0.7800 guidance=0.0000 beta=0.00 train_acc=81.52% test_acc=41.06% best=42.72% lr=1.7927319e-05 time=12.2s est_300=1h 03m 29s
[OURS:PiT-Ti][271/300] loss=0.7716 ce=0.7716 guidance=0.0000 beta=0.00 train_acc=81.27% test_acc=41.49% best=42.72% lr=1.7113512e-05 time=13.6s est_300=1h 03m 30s
[OURS:PiT-Ti][272/300] loss=0.7763 ce=0.7763 guidance=0.0000 beta=0.00 train_acc=81.57% test_acc=41.22% best=42.72% lr=1.6325519e-05 time=13.8s est_300=1h 03m 32s
[OURS:PiT-Ti][273/300] loss=0.8055 ce=0.8055 guidance=0.0000 beta=0.00 train_acc=80.96% test_acc=41.16% best=42.72% lr=1.5563424e-05 time=13.3s est_300=1h 03m 32s
[OURS:PiT-Ti][274/300] loss=0.7743 ce=0.7743 guidance=0.0000 beta=0.00 train_acc=81.73% test_acc=41.06% best=42.72% lr=1.4827313e-05 time=13.3s est_300=1h 03m 33s
[OURS:PiT-Ti][275/300] loss=0.8017 ce=0.8017 guidance=0.0000 beta=0.00 train_acc=81.00% test_acc=40.89% best=42.72% lr=1.4117265e-05 time=13.2s est_300=1h 03m 33s
[OURS:PiT-Ti][276/300] loss=0.7933 ce=0.7933 guidance=0.0000 beta=0.00 train_acc=81.23% test_acc=40.99% best=42.72% lr=1.3433358e-05 time=12.9s est_300=1h 03m 34s
[OURS:PiT-Ti][277/300] loss=0.7443 ce=0.7443 guidance=0.0000 beta=0.00 train_acc=82.44% test_acc=40.47% best=42.72% lr=1.2775668e-05 time=12.1s est_300=1h 03m 33s
[OURS:PiT-Ti][278/300] loss=0.7551 ce=0.7551 guidance=0.0000 beta=0.00 train_acc=81.61% test_acc=40.90% best=42.72% lr=1.2144266e-05 time=13.6s est_300=1h 03m 34s
[OURS:PiT-Ti][279/300] loss=0.7903 ce=0.7903 guidance=0.0000 beta=0.00 train_acc=81.28% test_acc=40.82% best=42.72% lr=1.1539222e-05 time=14.2s est_300=1h 03m 35s
[OURS:PiT-Ti][280/300] loss=0.8089 ce=0.8089 guidance=0.0000 beta=0.00 train_acc=81.00% test_acc=40.99% best=42.72% lr=1.0960601e-05 time=13.6s est_300=1h 03m 36s
[OURS:PiT-Ti][281/300] loss=0.7739 ce=0.7739 guidance=0.0000 beta=0.00 train_acc=82.30% test_acc=41.01% best=42.72% lr=1.0408469e-05 time=13.1s est_300=1h 03m 37s
[OURS:PiT-Ti][282/300] loss=0.8193 ce=0.8193 guidance=0.0000 beta=0.00 train_acc=80.72% test_acc=41.23% best=42.72% lr=9.8828843e-06 time=13.5s est_300=1h 03m 38s
[OURS:PiT-Ti][283/300] loss=0.7975 ce=0.7975 guidance=0.0000 beta=0.00 train_acc=80.88% test_acc=41.16% best=42.72% lr=9.3839054e-06 time=12.6s est_300=1h 03m 38s
[OURS:PiT-Ti][284/300] loss=0.7783 ce=0.7783 guidance=0.0000 beta=0.00 train_acc=81.35% test_acc=41.25% best=42.72% lr=8.911587e-06 time=14.0s est_300=1h 03m 39s
[OURS:PiT-Ti][285/300] loss=0.7702 ce=0.7702 guidance=0.0000 beta=0.00 train_acc=81.79% test_acc=41.09% best=42.72% lr=8.4659808e-06 time=11.9s est_300=1h 03m 38s
[OURS:PiT-Ti][286/300] loss=0.7674 ce=0.7674 guidance=0.0000 beta=0.00 train_acc=81.95% test_acc=41.46% best=42.72% lr=8.0471357e-06 time=11.6s est_300=1h 03m 37s
[OURS:PiT-Ti][287/300] loss=0.7836 ce=0.7836 guidance=0.0000 beta=0.00 train_acc=81.30% test_acc=41.42% best=42.72% lr=7.6550976e-06 time=11.5s est_300=1h 03m 36s
[OURS:PiT-Ti][288/300] loss=0.7615 ce=0.7615 guidance=0.0000 beta=0.00 train_acc=81.69% test_acc=41.40% best=42.72% lr=7.2899095e-06 time=11.5s est_300=1h 03m 34s
[OURS:PiT-Ti][289/300] loss=0.7786 ce=0.7786 guidance=0.0000 beta=0.00 train_acc=81.74% test_acc=41.13% best=42.72% lr=6.9516114e-06 time=12.3s est_300=1h 03m 34s
[OURS:PiT-Ti][290/300] loss=0.7801 ce=0.7801 guidance=0.0000 beta=0.00 train_acc=81.59% test_acc=41.03% best=42.72% lr=6.6402405e-06 time=11.6s est_300=1h 03m 33s
[OURS:PiT-Ti][291/300] loss=0.7703 ce=0.7703 guidance=0.0000 beta=0.00 train_acc=82.03% test_acc=41.42% best=42.72% lr=6.3558309e-06 time=12.0s est_300=1h 03m 32s
[OURS:PiT-Ti][292/300] loss=0.7469 ce=0.7469 guidance=0.0000 beta=0.00 train_acc=82.37% test_acc=41.11% best=42.72% lr=6.0984138e-06 time=12.1s est_300=1h 03m 31s
[OURS:PiT-Ti][293/300] loss=0.7522 ce=0.7522 guidance=0.0000 beta=0.00 train_acc=82.52% test_acc=41.39% best=42.72% lr=5.8680173e-06 time=11.4s est_300=1h 03m 30s
[OURS:PiT-Ti][294/300] loss=0.7725 ce=0.7725 guidance=0.0000 beta=0.00 train_acc=81.71% test_acc=41.15% best=42.72% lr=5.6646669e-06 time=11.5s est_300=1h 03m 29s
[OURS:PiT-Ti][295/300] loss=0.7662 ce=0.7662 guidance=0.0000 beta=0.00 train_acc=81.25% test_acc=41.15% best=42.72% lr=5.4883847e-06 time=13.5s est_300=1h 03m 30s
[OURS:PiT-Ti][296/300] loss=0.7683 ce=0.7683 guidance=0.0000 beta=0.00 train_acc=81.88% test_acc=41.34% best=42.72% lr=5.3391901e-06 time=12.9s est_300=1h 03m 30s
[OURS:PiT-Ti][297/300] loss=0.7592 ce=0.7592 guidance=0.0000 beta=0.00 train_acc=82.52% test_acc=41.58% best=42.72% lr=5.2170996e-06 time=12.2s est_300=1h 03m 29s
[OURS:PiT-Ti][298/300] loss=0.8003 ce=0.8003 guidance=0.0000 beta=0.00 train_acc=80.30% test_acc=41.22% best=42.72% lr=5.1221263e-06 time=11.8s est_300=1h 03m 28s
[OURS:PiT-Ti][299/300] loss=0.7929 ce=0.7929 guidance=0.0000 beta=0.00 train_acc=81.08% test_acc=41.25% best=42.72% lr=5.0542808e-06 time=11.6s est_300=1h 03m 27s
[OURS:PiT-Ti][300/300] loss=0.7376 ce=0.7376 guidance=0.0000 beta=0.00 train_acc=82.47% test_acc=41.11% best=42.72% lr=5.0135706e-06 time=11.9s est_300=1h 03m 26s
[TIMING_RESULT] student=PiT-Ti method=OURS batch=128 avg_epoch=12.69s estimated_300=1h 03m 26s
[FINAL_RESULT] summary=/app/output/table1_cub200_pit_all_full_seed1/students/table1_cub200_pit_ti_ours_b128_full_300ep_seed1/summary.json
[DONE] Table-1 CUB student task completed successfully.
[STUDENT_IDENTITY_CHECK_TABLE1_CUB200] status=PASS student=PiT-Ti method=OursB128 batch=128 teacher=06f75192b1c108c89e480843cb4f72dfb28aa762d7b11e7ac327333dd54b51f5
[TASK_DONE] 5/5 PiT-Ti/OursB128 elapsed=1h 03m 51s
================================================================================================
[FINAL_TOP1_SUMMARY_TABLE1_CUB200_BACKBONE_ALL] student=PiT-Ti Teacher=36.40% Vanilla=20.16% LG=42.37% ALG=43.63% OursB64=44.44% OursB128=42.72%
[SEQUENCE_DONE_TABLE1_CUB200_BACKBONE_ALL] student=PiT-Ti completed_tasks=5/5
[FINAL_RESULT] summary=/app/output/table1_cub200_pit_all_full_seed1/final_summary.json
