[BOOT] installing complete pinned Table-1 requirements; missing_or_mismatched=['timm', 'fvcore', 'iopath', 'yacs']
WARNING: Running pip as the 'root' user can result in broken permissions and conflicting behaviour with the system package manager, possibly rendering your system unusable. It is recommended to use a virtual environment instead: https://pip.pypa.io/warnings/venv. Use the --root-user-action option if you know what you are doing and want to suppress this warning.
[BOOT] complete pinned Table-1 requirements installed successfully
================================================================================================
TABLE-1 CUB-200: CONVIT-TI ALL FIVE SETTINGS
================================================================================================
[PROTOCOL_LOCK_TABLE1_CUB200_BACKBONE_ALL] student=ConViT-Ti scratch input=224 epochs=300 order=VanillaB128,LG,ALG,OursB64,OursB128 teacher=Build543-ResNet56-scratch-32 guided_only=True seed=1 fp32=True
[FIXED_TEACHER_CHECK_TABLE1_CUB200] status=PASS build=543 epoch=275 top1=36.40% input=32 sha256=06f75192b1c108c89e480843cb4f72dfb28aa762d7b11e7ac327333dd54b51f5
[POD_LIMIT_CHECK_TABLE1_CUB200_BACKBONE_ALL] student=ConViT-Ti limit=600m estimated=6h 07m 30s status=PASS
------------------------------------------------------------------------------------------------
[TASK_START] 1/5 ConViT-Ti/Vanilla
[COMMAND][Vanilla] /usr/bin/python /app/scratch/input/kau-aimslab_551/methods/table1_cub200/train.py --full-run --student convit_ti --method vanilla --batch-size 128 --data-dir /app/output/table1_cub200_convit_all_full_seed1/data/cub200 --teacher-root /app/scratch/input/kau-aimslab_551/teachers/checkpoints/cub200_table1_resnet56_32 --output-dir /app/output/table1_cub200_convit_all_full_seed1/students --run-name table1_cub200_convit_ti_vanilla_b128_full_300ep_seed1 --num-workers 4
[BOOT] Python process started: /usr/bin/python
[BOOT] complete Table-1 runtime dependencies already available
/usr/local/lib/python3.10/dist-packages/timm/models/layers/__init__.py:49: FutureWarning: Importing from timm.models.layers is deprecated, please import via timm.layers
  warnings.warn(f"Importing from {__name__} is deprecated, please import via timm.layers", FutureWarning)
========================================================================================
CUB-200 TABLE-1 EXTENSION
========================================================================================
[TASK] student=ConViT-Ti method=VANILLA batch=128 mode=full_300ep
[MODE] actual_epochs=300 planned_epochs=300
[PROTOCOL_LOCK] dataset=CUB-200-2011 split=5994/5794 teacher=ResNet56-scratch-32 student=scratch-224 epochs=300 AdamW=5e-4->5e-6 wd=0.05 warmup=20 seed=1 fp32=True
[SOURCE] official_lg_repo=https://github.com/lkhl/tiny-transformers commit=d2165f74049c906b0afc9f957491960fb3c0cc8b
[MODEL] params=5,556,112 feature_dims=(192, 192, 192, 192, 192, 192, 192, 192, 192, 192, 192, 192) selected_lg=(0, 6, 11)
[FEATURE_CHECK] student=((2, 192, 14, 14), (2, 192, 14, 14), (2, 192, 14, 14), (2, 192, 14, 14), (2, 192, 14, 14), (2, 192, 14, 14), (2, 192, 14, 14), (2, 192, 14, 14), (2, 192, 14, 14), (2, 192, 14, 14), (2, 192, 14, 14), (2, 192, 14, 14)) teacher=None guidance_probe=0.000000
[OPTIMIZER] contract=official_lg_no_decay_exclusions
[VANILLA:ConViT-Ti][001/300] loss=5.3324 ce=5.3324 guidance=0.0000 beta=0.00 train_acc=0.56% test_acc=0.57% best=0.57% lr=5e-07 time=14.6s est_300=1h 12m 50s
[VANILLA:ConViT-Ti][002/300] loss=5.3093 ce=5.3093 guidance=0.0000 beta=0.00 train_acc=0.65% test_acc=0.81% best=0.81% lr=2.5475e-05 time=14.0s est_300=1h 11m 22s
[VANILLA:ConViT-Ti][003/300] loss=5.2727 ce=5.2727 guidance=0.0000 beta=0.00 train_acc=1.02% test_acc=1.05% best=1.05% lr=5.045e-05 time=13.1s est_300=1h 09m 20s
[VANILLA:ConViT-Ti][004/300] loss=5.2588 ce=5.2588 guidance=0.0000 beta=0.00 train_acc=0.83% test_acc=1.02% best=1.05% lr=7.5425e-05 time=12.6s est_300=1h 07m 46s
[VANILLA:ConViT-Ti][005/300] loss=5.2300 ce=5.2300 guidance=0.0000 beta=0.00 train_acc=0.83% test_acc=1.26% best=1.26% lr=0.0001004 time=12.8s est_300=1h 07m 03s
[VANILLA:ConViT-Ti][006/300] loss=5.1952 ce=5.1952 guidance=0.0000 beta=0.00 train_acc=0.93% test_acc=1.28% best=1.28% lr=0.000125375 time=13.8s est_300=1h 07m 22s
[VANILLA:ConViT-Ti][007/300] loss=5.1805 ce=5.1805 guidance=0.0000 beta=0.00 train_acc=0.93% test_acc=1.47% best=1.47% lr=0.00015035 time=13.9s est_300=1h 07m 41s
[VANILLA:ConViT-Ti][008/300] loss=5.1709 ce=5.1709 guidance=0.0000 beta=0.00 train_acc=1.17% test_acc=1.55% best=1.55% lr=0.000175325 time=13.4s est_300=1h 07m 36s
[VANILLA:ConViT-Ti][009/300] loss=5.1312 ce=5.1312 guidance=0.0000 beta=0.00 train_acc=1.51% test_acc=2.16% best=2.16% lr=0.0002003 time=13.8s est_300=1h 07m 44s
[VANILLA:ConViT-Ti][010/300] loss=5.1040 ce=5.1040 guidance=0.0000 beta=0.00 train_acc=1.66% test_acc=2.68% best=2.68% lr=0.000225275 time=12.5s est_300=1h 07m 12s
[VANILLA:ConViT-Ti][011/300] loss=5.0705 ce=5.0705 guidance=0.0000 beta=0.00 train_acc=2.06% test_acc=3.12% best=3.12% lr=0.00025025 time=13.5s est_300=1h 07m 12s
[VANILLA:ConViT-Ti][012/300] loss=5.0343 ce=5.0343 guidance=0.0000 beta=0.00 train_acc=2.38% test_acc=3.49% best=3.49% lr=0.000275225 time=13.8s est_300=1h 07m 20s
[VANILLA:ConViT-Ti][013/300] loss=5.0136 ce=5.0136 guidance=0.0000 beta=0.00 train_acc=2.43% test_acc=3.66% best=3.66% lr=0.0003002 time=11.8s est_300=1h 06m 42s
[VANILLA:ConViT-Ti][014/300] loss=4.9698 ce=4.9698 guidance=0.0000 beta=0.00 train_acc=2.63% test_acc=3.83% best=3.83% lr=0.000325175 time=11.9s est_300=1h 06m 11s
[VANILLA:ConViT-Ti][015/300] loss=4.9274 ce=4.9274 guidance=0.0000 beta=0.00 train_acc=3.07% test_acc=4.02% best=4.02% lr=0.00035015 time=13.0s est_300=1h 06m 05s
[VANILLA:ConViT-Ti][016/300] loss=4.8980 ce=4.8980 guidance=0.0000 beta=0.00 train_acc=3.11% test_acc=4.78% best=4.78% lr=0.000375125 time=13.8s est_300=1h 06m 17s
[VANILLA:ConViT-Ti][017/300] loss=4.8830 ce=4.8830 guidance=0.0000 beta=0.00 train_acc=3.19% test_acc=4.47% best=4.78% lr=0.0004001 time=13.7s est_300=1h 06m 25s
[VANILLA:ConViT-Ti][018/300] loss=4.8661 ce=4.8661 guidance=0.0000 beta=0.00 train_acc=2.99% test_acc=5.37% best=5.37% lr=0.000425075 time=13.8s est_300=1h 06m 33s
[VANILLA:ConViT-Ti][019/300] loss=4.8314 ce=4.8314 guidance=0.0000 beta=0.00 train_acc=3.60% test_acc=5.92% best=5.92% lr=0.00045005 time=13.8s est_300=1h 06m 41s
[VANILLA:ConViT-Ti][020/300] loss=4.8365 ce=4.8365 guidance=0.0000 beta=0.00 train_acc=3.84% test_acc=5.49% best=5.92% lr=0.000475025 time=13.2s est_300=1h 06m 39s
[VANILLA:ConViT-Ti][021/300] loss=4.8226 ce=4.8226 guidance=0.0000 beta=0.00 train_acc=4.11% test_acc=6.39% best=6.39% lr=0.00049459153 time=11.9s est_300=1h 06m 19s
[VANILLA:ConViT-Ti][022/300] loss=4.7821 ce=4.7821 guidance=0.0000 beta=0.00 train_acc=4.72% test_acc=6.23% best=6.39% lr=0.0004940394 time=12.3s est_300=1h 06m 06s
[VANILLA:ConViT-Ti][023/300] loss=4.7708 ce=4.7708 guidance=0.0000 beta=0.00 train_acc=4.98% test_acc=6.16% best=6.39% lr=0.00049346078 time=13.9s est_300=1h 06m 16s
[VANILLA:ConViT-Ti][024/300] loss=4.7386 ce=4.7386 guidance=0.0000 beta=0.00 train_acc=4.76% test_acc=6.92% best=6.92% lr=0.00049285573 time=13.9s est_300=1h 06m 24s
[VANILLA:ConViT-Ti][025/300] loss=4.7438 ce=4.7438 guidance=0.0000 beta=0.00 train_acc=5.23% test_acc=7.42% best=7.42% lr=0.00049222433 time=14.7s est_300=1h 06m 40s
[VANILLA:ConViT-Ti][026/300] loss=4.7084 ce=4.7084 guidance=0.0000 beta=0.00 train_acc=5.35% test_acc=8.01% best=8.01% lr=0.00049156664 time=13.8s est_300=1h 06m 45s
[VANILLA:ConViT-Ti][027/300] loss=4.6659 ce=4.6659 guidance=0.0000 beta=0.00 train_acc=5.47% test_acc=7.68% best=8.01% lr=0.00049088274 time=14.1s est_300=1h 06m 53s
[VANILLA:ConViT-Ti][028/300] loss=4.6706 ce=4.6706 guidance=0.0000 beta=0.00 train_acc=5.79% test_acc=8.13% best=8.13% lr=0.00049017269 time=13.7s est_300=1h 06m 57s
[VANILLA:ConViT-Ti][029/300] loss=4.6314 ce=4.6314 guidance=0.0000 beta=0.00 train_acc=5.96% test_acc=8.32% best=8.32% lr=0.00048943658 time=13.6s est_300=1h 06m 59s
[VANILLA:ConViT-Ti][030/300] loss=4.6286 ce=4.6286 guidance=0.0000 beta=0.00 train_acc=5.74% test_acc=8.44% best=8.44% lr=0.00048867448 time=13.0s est_300=1h 06m 55s
[VANILLA:ConViT-Ti][031/300] loss=4.6248 ce=4.6248 guidance=0.0000 beta=0.00 train_acc=5.91% test_acc=9.61% best=9.61% lr=0.00048788649 time=13.6s est_300=1h 06m 58s
[VANILLA:ConViT-Ti][032/300] loss=4.5975 ce=4.5975 guidance=0.0000 beta=0.00 train_acc=7.08% test_acc=8.30% best=9.61% lr=0.00048707268 time=12.4s est_300=1h 06m 49s
[VANILLA:ConViT-Ti][033/300] loss=4.5929 ce=4.5929 guidance=0.0000 beta=0.00 train_acc=6.74% test_acc=8.96% best=9.61% lr=0.00048623315 time=12.6s est_300=1h 06m 42s
[VANILLA:ConViT-Ti][034/300] loss=4.5812 ce=4.5812 guidance=0.0000 beta=0.00 train_acc=6.39% test_acc=9.75% best=9.75% lr=0.00048536799 time=13.6s est_300=1h 06m 44s
[VANILLA:ConViT-Ti][035/300] loss=4.5618 ce=4.5618 guidance=0.0000 beta=0.00 train_acc=7.27% test_acc=8.54% best=9.75% lr=0.00048447729 time=14.2s est_300=1h 06m 52s
[VANILLA:ConViT-Ti][036/300] loss=4.5561 ce=4.5561 guidance=0.0000 beta=0.00 train_acc=7.13% test_acc=10.34% best=10.34% lr=0.00048356116 time=13.2s est_300=1h 06m 50s
[VANILLA:ConViT-Ti][037/300] loss=4.5261 ce=4.5261 guidance=0.0000 beta=0.00 train_acc=7.74% test_acc=10.17% best=10.34% lr=0.00048261968 time=13.2s est_300=1h 06m 49s
[VANILLA:ConViT-Ti][038/300] loss=4.5142 ce=4.5142 guidance=0.0000 beta=0.00 train_acc=7.71% test_acc=10.18% best=10.34% lr=0.00048165297 time=13.1s est_300=1h 06m 47s
[VANILLA:ConViT-Ti][039/300] loss=4.5245 ce=4.5245 guidance=0.0000 beta=0.00 train_acc=7.64% test_acc=10.58% best=10.58% lr=0.00048066113 time=13.7s est_300=1h 06m 50s
[VANILLA:ConViT-Ti][040/300] loss=4.4690 ce=4.4690 guidance=0.0000 beta=0.00 train_acc=8.64% test_acc=10.65% best=10.65% lr=0.00047964427 time=13.1s est_300=1h 06m 48s
[VANILLA:ConViT-Ti][041/300] loss=4.4719 ce=4.4719 guidance=0.0000 beta=0.00 train_acc=8.41% test_acc=10.44% best=10.65% lr=0.0004786025 time=13.0s est_300=1h 06m 45s
[VANILLA:ConViT-Ti][042/300] loss=4.4892 ce=4.4892 guidance=0.0000 beta=0.00 train_acc=8.24% test_acc=10.84% best=10.84% lr=0.00047753594 time=14.4s est_300=1h 06m 53s
[VANILLA:ConViT-Ti][043/300] loss=4.4237 ce=4.4237 guidance=0.0000 beta=0.00 train_acc=8.54% test_acc=10.79% best=10.84% lr=0.0004764447 time=13.5s est_300=1h 06m 54s
[VANILLA:ConViT-Ti][044/300] loss=4.4386 ce=4.4386 guidance=0.0000 beta=0.00 train_acc=8.97% test_acc=11.27% best=11.27% lr=0.0004753289 time=13.7s est_300=1h 06m 56s
[VANILLA:ConViT-Ti][045/300] loss=4.3960 ce=4.3960 guidance=0.0000 beta=0.00 train_acc=8.95% test_acc=11.18% best=11.27% lr=0.00047418866 time=13.5s est_300=1h 06m 56s
[VANILLA:ConViT-Ti][046/300] loss=4.4107 ce=4.4107 guidance=0.0000 beta=0.00 train_acc=9.58% test_acc=11.81% best=11.81% lr=0.00047302411 time=13.0s est_300=1h 06m 53s
[VANILLA:ConViT-Ti][047/300] loss=4.3699 ce=4.3699 guidance=0.0000 beta=0.00 train_acc=10.14% test_acc=11.65% best=11.81% lr=0.00047183539 time=11.9s est_300=1h 06m 44s
[VANILLA:ConViT-Ti][048/300] loss=4.3893 ce=4.3893 guidance=0.0000 beta=0.00 train_acc=10.38% test_acc=12.25% best=12.25% lr=0.0004706226 time=13.0s est_300=1h 06m 41s
[VANILLA:ConViT-Ti][049/300] loss=4.3094 ce=4.3094 guidance=0.0000 beta=0.00 train_acc=10.78% test_acc=12.06% best=12.25% lr=0.0004693859 time=13.6s est_300=1h 06m 43s
[VANILLA:ConViT-Ti][050/300] loss=4.3210 ce=4.3210 guidance=0.0000 beta=0.00 train_acc=10.41% test_acc=13.07% best=13.07% lr=0.00046812542 time=14.2s est_300=1h 06m 48s
[VANILLA:ConViT-Ti][051/300] loss=4.3320 ce=4.3320 guidance=0.0000 beta=0.00 train_acc=10.19% test_acc=11.91% best=13.07% lr=0.00046684129 time=12.8s est_300=1h 06m 45s
[VANILLA:ConViT-Ti][052/300] loss=4.3125 ce=4.3125 guidance=0.0000 beta=0.00 train_acc=9.99% test_acc=13.15% best=13.15% lr=0.00046553365 time=13.6s est_300=1h 06m 46s
[VANILLA:ConViT-Ti][053/300] loss=4.3067 ce=4.3067 guidance=0.0000 beta=0.00 train_acc=10.97% test_acc=13.26% best=13.26% lr=0.00046420265 time=11.9s est_300=1h 06m 38s
[VANILLA:ConViT-Ti][054/300] loss=4.2148 ce=4.2148 guidance=0.0000 beta=0.00 train_acc=11.74% test_acc=13.31% best=13.31% lr=0.00046284844 time=12.9s est_300=1h 06m 36s
[VANILLA:ConViT-Ti][055/300] loss=4.2677 ce=4.2677 guidance=0.0000 beta=0.00 train_acc=11.36% test_acc=13.15% best=13.31% lr=0.00046147116 time=14.0s est_300=1h 06m 39s
[VANILLA:ConViT-Ti][056/300] loss=4.2595 ce=4.2595 guidance=0.0000 beta=0.00 train_acc=11.19% test_acc=12.63% best=13.31% lr=0.00046007097 time=13.1s est_300=1h 06m 38s
[VANILLA:ConViT-Ti][057/300] loss=4.2327 ce=4.2327 guidance=0.0000 beta=0.00 train_acc=12.06% test_acc=13.31% best=13.31% lr=0.00045864801 time=13.7s est_300=1h 06m 40s
[VANILLA:ConViT-Ti][058/300] loss=4.2241 ce=4.2241 guidance=0.0000 beta=0.00 train_acc=11.31% test_acc=13.44% best=13.44% lr=0.00045720244 time=12.4s est_300=1h 06m 35s
[VANILLA:ConViT-Ti][059/300] loss=4.1626 ce=4.1626 guidance=0.0000 beta=0.00 train_acc=11.96% test_acc=14.48% best=14.48% lr=0.00045573443 time=13.1s est_300=1h 06m 34s
[VANILLA:ConViT-Ti][060/300] loss=4.1580 ce=4.1580 guidance=0.0000 beta=0.00 train_acc=12.75% test_acc=13.34% best=14.48% lr=0.00045424413 time=12.7s est_300=1h 06m 31s
[VANILLA:ConViT-Ti][061/300] loss=4.1540 ce=4.1540 guidance=0.0000 beta=0.00 train_acc=12.43% test_acc=13.98% best=14.48% lr=0.00045273171 time=12.9s est_300=1h 06m 29s
[VANILLA:ConViT-Ti][062/300] loss=4.1704 ce=4.1704 guidance=0.0000 beta=0.00 train_acc=12.64% test_acc=14.24% best=14.48% lr=0.00045119733 time=13.5s est_300=1h 06m 30s
[VANILLA:ConViT-Ti][063/300] loss=4.1179 ce=4.1179 guidance=0.0000 beta=0.00 train_acc=13.47% test_acc=14.69% best=14.69% lr=0.00044964115 time=12.7s est_300=1h 06m 28s
[VANILLA:ConViT-Ti][064/300] loss=4.1117 ce=4.1117 guidance=0.0000 beta=0.00 train_acc=13.43% test_acc=14.69% best=14.69% lr=0.00044806337 time=13.6s est_300=1h 06m 29s
[VANILLA:ConViT-Ti][065/300] loss=4.1149 ce=4.1149 guidance=0.0000 beta=0.00 train_acc=13.67% test_acc=15.81% best=15.81% lr=0.00044646413 time=13.0s est_300=1h 06m 28s
[VANILLA:ConViT-Ti][066/300] loss=4.0843 ce=4.0843 guidance=0.0000 beta=0.00 train_acc=13.74% test_acc=13.98% best=15.81% lr=0.00044484363 time=13.8s est_300=1h 06m 30s
[VANILLA:ConViT-Ti][067/300] loss=4.0333 ce=4.0333 guidance=0.0000 beta=0.00 train_acc=14.54% test_acc=15.95% best=15.95% lr=0.00044320203 time=13.9s est_300=1h 06m 33s
[VANILLA:ConViT-Ti][068/300] loss=4.0602 ce=4.0602 guidance=0.0000 beta=0.00 train_acc=14.30% test_acc=15.93% best=15.95% lr=0.00044153952 time=14.0s est_300=1h 06m 36s
[VANILLA:ConViT-Ti][069/300] loss=4.0624 ce=4.0624 guidance=0.0000 beta=0.00 train_acc=14.57% test_acc=15.72% best=15.95% lr=0.00043985628 time=14.2s est_300=1h 06m 40s
[VANILLA:ConViT-Ti][070/300] loss=3.9970 ce=3.9970 guidance=0.0000 beta=0.00 train_acc=14.61% test_acc=15.65% best=15.95% lr=0.00043815249 time=12.0s est_300=1h 06m 34s
[VANILLA:ConViT-Ti][071/300] loss=4.0641 ce=4.0641 guidance=0.0000 beta=0.00 train_acc=14.23% test_acc=15.07% best=15.95% lr=0.00043642834 time=12.7s est_300=1h 06m 31s
[VANILLA:ConViT-Ti][072/300] loss=3.9737 ce=3.9737 guidance=0.0000 beta=0.00 train_acc=15.13% test_acc=16.33% best=16.33% lr=0.00043468403 time=13.0s est_300=1h 06m 30s
[VANILLA:ConViT-Ti][073/300] loss=3.9174 ce=3.9174 guidance=0.0000 beta=0.00 train_acc=16.49% test_acc=15.03% best=16.33% lr=0.00043291974 time=13.4s est_300=1h 06m 31s
[VANILLA:ConViT-Ti][074/300] loss=3.9492 ce=3.9492 guidance=0.0000 beta=0.00 train_acc=15.30% test_acc=16.15% best=16.33% lr=0.00043113566 time=13.9s est_300=1h 06m 33s
[VANILLA:ConViT-Ti][075/300] loss=3.9494 ce=3.9494 guidance=0.0000 beta=0.00 train_acc=16.19% test_acc=15.65% best=16.33% lr=0.00042933199 time=13.9s est_300=1h 06m 35s
[VANILLA:ConViT-Ti][076/300] loss=3.9086 ce=3.9086 guidance=0.0000 beta=0.00 train_acc=16.46% test_acc=16.69% best=16.69% lr=0.00042750893 time=13.3s est_300=1h 06m 36s
[VANILLA:ConViT-Ti][077/300] loss=3.8972 ce=3.8972 guidance=0.0000 beta=0.00 train_acc=16.25% test_acc=16.17% best=16.69% lr=0.00042566668 time=13.9s est_300=1h 06m 38s
[VANILLA:ConViT-Ti][078/300] loss=3.8962 ce=3.8962 guidance=0.0000 beta=0.00 train_acc=16.98% test_acc=16.71% best=16.71% lr=0.00042380544 time=13.4s est_300=1h 06m 38s
[VANILLA:ConViT-Ti][079/300] loss=3.9238 ce=3.9238 guidance=0.0000 beta=0.00 train_acc=16.03% test_acc=15.67% best=16.71% lr=0.00042192541 time=11.8s est_300=1h 06m 32s
[VANILLA:ConViT-Ti][080/300] loss=3.8718 ce=3.8718 guidance=0.0000 beta=0.00 train_acc=16.90% test_acc=15.86% best=16.71% lr=0.0004200268 time=12.4s est_300=1h 06m 29s
[VANILLA:ConViT-Ti][081/300] loss=3.8540 ce=3.8540 guidance=0.0000 beta=0.00 train_acc=16.76% test_acc=16.88% best=16.88% lr=0.00041810983 time=14.2s est_300=1h 06m 32s
[VANILLA:ConViT-Ti][082/300] loss=3.8394 ce=3.8394 guidance=0.0000 beta=0.00 train_acc=17.31% test_acc=17.16% best=17.16% lr=0.00041617469 time=12.1s est_300=1h 06m 27s
[VANILLA:ConViT-Ti][083/300] loss=3.8371 ce=3.8371 guidance=0.0000 beta=0.00 train_acc=17.58% test_acc=16.97% best=17.16% lr=0.0004142216 time=13.7s est_300=1h 06m 29s
[VANILLA:ConViT-Ti][084/300] loss=3.7877 ce=3.7877 guidance=0.0000 beta=0.00 train_acc=18.34% test_acc=17.50% best=17.50% lr=0.00041225078 time=12.5s est_300=1h 06m 26s
[VANILLA:ConViT-Ti][085/300] loss=3.8136 ce=3.8136 guidance=0.0000 beta=0.00 train_acc=18.09% test_acc=17.16% best=17.50% lr=0.00041026244 time=13.0s est_300=1h 06m 25s
[VANILLA:ConViT-Ti][086/300] loss=3.7513 ce=3.7513 guidance=0.0000 beta=0.00 train_acc=18.60% test_acc=17.50% best=17.50% lr=0.0004082568 time=14.5s est_300=1h 06m 29s
[VANILLA:ConViT-Ti][087/300] loss=3.7367 ce=3.7367 guidance=0.0000 beta=0.00 train_acc=18.27% test_acc=18.09% best=18.09% lr=0.00040623408 time=14.3s est_300=1h 06m 32s
[VANILLA:ConViT-Ti][088/300] loss=3.7165 ce=3.7165 guidance=0.0000 beta=0.00 train_acc=19.26% test_acc=17.95% best=18.09% lr=0.0004041945 time=13.3s est_300=1h 06m 33s
[VANILLA:ConViT-Ti][089/300] loss=3.7334 ce=3.7334 guidance=0.0000 beta=0.00 train_acc=18.22% test_acc=18.40% best=18.40% lr=0.00040213828 time=13.0s est_300=1h 06m 31s
[VANILLA:ConViT-Ti][090/300] loss=3.7170 ce=3.7170 guidance=0.0000 beta=0.00 train_acc=19.36% test_acc=17.45% best=18.40% lr=0.00040006566 time=13.1s est_300=1h 06m 31s
[VANILLA:ConViT-Ti][091/300] loss=3.6953 ce=3.6953 guidance=0.0000 beta=0.00 train_acc=19.97% test_acc=18.45% best=18.45% lr=0.00039797685 time=14.0s est_300=1h 06m 33s
[VANILLA:ConViT-Ti][092/300] loss=3.6433 ce=3.6433 guidance=0.0000 beta=0.00 train_acc=20.58% test_acc=18.59% best=18.59% lr=0.00039587209 time=13.7s est_300=1h 06m 34s
[VANILLA:ConViT-Ti][093/300] loss=3.6250 ce=3.6250 guidance=0.0000 beta=0.00 train_acc=21.20% test_acc=18.38% best=18.59% lr=0.00039375161 time=12.5s est_300=1h 06m 31s
[VANILLA:ConViT-Ti][094/300] loss=3.6320 ce=3.6320 guidance=0.0000 beta=0.00 train_acc=20.02% test_acc=18.00% best=18.59% lr=0.00039161564 time=13.6s est_300=1h 06m 32s
[VANILLA:ConViT-Ti][095/300] loss=3.6111 ce=3.6111 guidance=0.0000 beta=0.00 train_acc=20.36% test_acc=17.64% best=18.59% lr=0.00038946441 time=13.6s est_300=1h 06m 33s
[VANILLA:ConViT-Ti][096/300] loss=3.5878 ce=3.5878 guidance=0.0000 beta=0.00 train_acc=21.62% test_acc=18.55% best=18.59% lr=0.00038729816 time=13.8s est_300=1h 06m 35s
[VANILLA:ConViT-Ti][097/300] loss=3.5816 ce=3.5816 guidance=0.0000 beta=0.00 train_acc=21.20% test_acc=17.67% best=18.59% lr=0.00038511713 time=14.0s est_300=1h 06m 37s
[VANILLA:ConViT-Ti][098/300] loss=3.5467 ce=3.5467 guidance=0.0000 beta=0.00 train_acc=21.82% test_acc=18.67% best=18.67% lr=0.00038292156 time=14.0s est_300=1h 06m 39s
[VANILLA:ConViT-Ti][099/300] loss=3.5223 ce=3.5223 guidance=0.0000 beta=0.00 train_acc=23.11% test_acc=18.73% best=18.73% lr=0.00038071168 time=13.7s est_300=1h 06m 40s
[VANILLA:ConViT-Ti][100/300] loss=3.5371 ce=3.5371 guidance=0.0000 beta=0.00 train_acc=22.61% test_acc=18.23% best=18.73% lr=0.00037848775 time=13.7s est_300=1h 06m 41s
[VANILLA:ConViT-Ti][101/300] loss=3.5230 ce=3.5230 guidance=0.0000 beta=0.00 train_acc=22.62% test_acc=18.55% best=18.73% lr=0.00037625 time=12.2s est_300=1h 06m 37s
[VANILLA:ConViT-Ti][102/300] loss=3.5304 ce=3.5304 guidance=0.0000 beta=0.00 train_acc=22.64% test_acc=18.59% best=18.73% lr=0.00037399868 time=13.4s est_300=1h 06m 38s
[VANILLA:ConViT-Ti][103/300] loss=3.5249 ce=3.5249 guidance=0.0000 beta=0.00 train_acc=23.08% test_acc=17.97% best=18.73% lr=0.00037173403 time=13.8s est_300=1h 06m 39s
[VANILLA:ConViT-Ti][104/300] loss=3.4711 ce=3.4711 guidance=0.0000 beta=0.00 train_acc=23.79% test_acc=18.48% best=18.73% lr=0.00036945631 time=13.7s est_300=1h 06m 40s
[VANILLA:ConViT-Ti][105/300] loss=3.4495 ce=3.4495 guidance=0.0000 beta=0.00 train_acc=24.54% test_acc=18.55% best=18.73% lr=0.00036716577 time=13.0s est_300=1h 06m 39s
[VANILLA:ConViT-Ti][106/300] loss=3.4355 ce=3.4355 guidance=0.0000 beta=0.00 train_acc=24.75% test_acc=19.02% best=19.02% lr=0.00036486265 time=12.3s est_300=1h 06m 36s
[VANILLA:ConViT-Ti][107/300] loss=3.4141 ce=3.4141 guidance=0.0000 beta=0.00 train_acc=24.17% test_acc=19.09% best=19.09% lr=0.00036254721 time=12.0s est_300=1h 06m 32s
[VANILLA:ConViT-Ti][108/300] loss=3.4215 ce=3.4215 guidance=0.0000 beta=0.00 train_acc=24.98% test_acc=19.16% best=19.16% lr=0.0003602197 time=12.7s est_300=1h 06m 31s
[VANILLA:ConViT-Ti][109/300] loss=3.4280 ce=3.4280 guidance=0.0000 beta=0.00 train_acc=24.64% test_acc=19.73% best=19.73% lr=0.00035788037 time=14.4s est_300=1h 06m 33s
[VANILLA:ConViT-Ti][110/300] loss=3.3967 ce=3.3967 guidance=0.0000 beta=0.00 train_acc=25.48% test_acc=19.76% best=19.76% lr=0.0003555295 time=14.4s est_300=1h 06m 36s
[VANILLA:ConViT-Ti][111/300] loss=3.3519 ce=3.3519 guidance=0.0000 beta=0.00 train_acc=25.65% test_acc=19.16% best=19.76% lr=0.00035316732 time=13.4s est_300=1h 06m 36s
[VANILLA:ConViT-Ti][112/300] loss=3.3459 ce=3.3459 guidance=0.0000 beta=0.00 train_acc=26.66% test_acc=19.83% best=19.83% lr=0.0003507941 time=14.0s est_300=1h 06m 38s
[VANILLA:ConViT-Ti][113/300] loss=3.3603 ce=3.3603 guidance=0.0000 beta=0.00 train_acc=25.95% test_acc=19.04% best=19.83% lr=0.00034841011 time=13.4s est_300=1h 06m 39s
[VANILLA:ConViT-Ti][114/300] loss=3.3362 ce=3.3362 guidance=0.0000 beta=0.00 train_acc=26.31% test_acc=20.33% best=20.33% lr=0.00034601559 time=14.0s est_300=1h 06m 41s
[VANILLA:ConViT-Ti][115/300] loss=3.3154 ce=3.3154 guidance=0.0000 beta=0.00 train_acc=26.83% test_acc=20.00% best=20.33% lr=0.00034361083 time=13.6s est_300=1h 06m 41s
[VANILLA:ConViT-Ti][116/300] loss=3.2966 ce=3.2966 guidance=0.0000 beta=0.00 train_acc=27.94% test_acc=20.33% best=20.33% lr=0.00034119607 time=13.4s est_300=1h 06m 41s
[VANILLA:ConViT-Ti][117/300] loss=3.2902 ce=3.2902 guidance=0.0000 beta=0.00 train_acc=28.26% test_acc=20.33% best=20.33% lr=0.00033877158 time=13.8s est_300=1h 06m 43s
[VANILLA:ConViT-Ti][118/300] loss=3.2571 ce=3.2571 guidance=0.0000 beta=0.00 train_acc=28.43% test_acc=19.09% best=20.33% lr=0.00033633764 time=13.0s est_300=1h 06m 42s
[VANILLA:ConViT-Ti][119/300] loss=3.2664 ce=3.2664 guidance=0.0000 beta=0.00 train_acc=27.77% test_acc=19.83% best=20.33% lr=0.0003338945 time=13.2s est_300=1h 06m 41s
[VANILLA:ConViT-Ti][120/300] loss=3.2247 ce=3.2247 guidance=0.0000 beta=0.00 train_acc=29.30% test_acc=19.90% best=20.33% lr=0.00033144243 time=12.1s est_300=1h 06m 38s
[VANILLA:ConViT-Ti][121/300] loss=3.2053 ce=3.2053 guidance=0.0000 beta=0.00 train_acc=29.06% test_acc=20.04% best=20.33% lr=0.00032898171 time=11.9s est_300=1h 06m 35s
[VANILLA:ConViT-Ti][122/300] loss=3.2260 ce=3.2260 guidance=0.0000 beta=0.00 train_acc=29.30% test_acc=19.55% best=20.33% lr=0.0003265126 time=12.2s est_300=1h 06m 32s
[VANILLA:ConViT-Ti][123/300] loss=3.1825 ce=3.1825 guidance=0.0000 beta=0.00 train_acc=29.28% test_acc=19.83% best=20.33% lr=0.00032403537 time=12.3s est_300=1h 06m 29s
[VANILLA:ConViT-Ti][124/300] loss=3.1510 ce=3.1510 guidance=0.0000 beta=0.00 train_acc=31.13% test_acc=19.55% best=20.33% lr=0.0003215503 time=12.5s est_300=1h 06m 28s
[VANILLA:ConViT-Ti][125/300] loss=3.2057 ce=3.2057 guidance=0.0000 beta=0.00 train_acc=30.30% test_acc=19.74% best=20.33% lr=0.00031905766 time=14.3s est_300=1h 06m 30s
[VANILLA:ConViT-Ti][126/300] loss=3.1239 ce=3.1239 guidance=0.0000 beta=0.00 train_acc=31.39% test_acc=19.80% best=20.33% lr=0.00031655771 time=13.8s est_300=1h 06m 31s
[VANILLA:ConViT-Ti][127/300] loss=3.1247 ce=3.1247 guidance=0.0000 beta=0.00 train_acc=30.72% test_acc=20.80% best=20.80% lr=0.00031405075 time=11.8s est_300=1h 06m 27s
[VANILLA:ConViT-Ti][128/300] loss=3.0790 ce=3.0790 guidance=0.0000 beta=0.00 train_acc=31.62% test_acc=19.74% best=20.80% lr=0.00031153703 time=12.6s est_300=1h 06m 26s
[VANILLA:ConViT-Ti][129/300] loss=3.0744 ce=3.0744 guidance=0.0000 beta=0.00 train_acc=32.18% test_acc=20.00% best=20.80% lr=0.00030901684 time=12.9s est_300=1h 06m 25s
[VANILLA:ConViT-Ti][130/300] loss=3.1303 ce=3.1303 guidance=0.0000 beta=0.00 train_acc=31.86% test_acc=20.31% best=20.80% lr=0.00030649045 time=13.9s est_300=1h 06m 26s
[VANILLA:ConViT-Ti][131/300] loss=3.0652 ce=3.0652 guidance=0.0000 beta=0.00 train_acc=32.12% test_acc=19.80% best=20.80% lr=0.00030395814 time=14.4s est_300=1h 06m 29s
[VANILLA:ConViT-Ti][132/300] loss=3.0774 ce=3.0774 guidance=0.0000 beta=0.00 train_acc=31.64% test_acc=20.33% best=20.80% lr=0.00030142019 time=14.1s est_300=1h 06m 31s
[VANILLA:ConViT-Ti][133/300] loss=3.0405 ce=3.0405 guidance=0.0000 beta=0.00 train_acc=32.56% test_acc=19.92% best=20.80% lr=0.00029887688 time=14.4s est_300=1h 06m 33s
[VANILLA:ConViT-Ti][134/300] loss=2.9967 ce=2.9967 guidance=0.0000 beta=0.00 train_acc=34.04% test_acc=20.28% best=20.80% lr=0.00029632847 time=14.1s est_300=1h 06m 35s
[VANILLA:ConViT-Ti][135/300] loss=3.0254 ce=3.0254 guidance=0.0000 beta=0.00 train_acc=33.54% test_acc=20.04% best=20.80% lr=0.00029377526 time=13.5s est_300=1h 06m 35s
[VANILLA:ConViT-Ti][136/300] loss=2.9821 ce=2.9821 guidance=0.0000 beta=0.00 train_acc=34.78% test_acc=20.83% best=20.83% lr=0.00029121753 time=13.9s est_300=1h 06m 37s
[VANILLA:ConViT-Ti][137/300] loss=2.9784 ce=2.9784 guidance=0.0000 beta=0.00 train_acc=34.68% test_acc=20.66% best=20.83% lr=0.00028865555 time=13.3s est_300=1h 06m 37s
[VANILLA:ConViT-Ti][138/300] loss=2.9584 ce=2.9584 guidance=0.0000 beta=0.00 train_acc=35.05% test_acc=20.59% best=20.83% lr=0.0002860896 time=13.3s est_300=1h 06m 37s
[VANILLA:ConViT-Ti][139/300] loss=2.8936 ce=2.8936 guidance=0.0000 beta=0.00 train_acc=36.23% test_acc=20.43% best=20.83% lr=0.00028351998 time=13.1s est_300=1h 06m 36s
[VANILLA:ConViT-Ti][140/300] loss=2.9899 ce=2.9899 guidance=0.0000 beta=0.00 train_acc=34.82% test_acc=21.04% best=21.04% lr=0.00028094694 time=11.8s est_300=1h 06m 33s
[VANILLA:ConViT-Ti][141/300] loss=2.8836 ce=2.8836 guidance=0.0000 beta=0.00 train_acc=35.80% test_acc=20.69% best=21.04% lr=0.00027837079 time=12.6s est_300=1h 06m 31s
[VANILLA:ConViT-Ti][142/300] loss=2.9530 ce=2.9530 guidance=0.0000 beta=0.00 train_acc=34.53% test_acc=21.26% best=21.26% lr=0.00027579181 time=11.7s est_300=1h 06m 28s
[VANILLA:ConViT-Ti][143/300] loss=2.8541 ce=2.8541 guidance=0.0000 beta=0.00 train_acc=37.36% test_acc=21.00% best=21.26% lr=0.00027321027 time=11.8s est_300=1h 06m 25s
[VANILLA:ConViT-Ti][144/300] loss=2.8822 ce=2.8822 guidance=0.0000 beta=0.00 train_acc=36.85% test_acc=20.06% best=21.26% lr=0.00027062645 time=11.1s est_300=1h 06m 20s
[VANILLA:ConViT-Ti][145/300] loss=2.8742 ce=2.8742 guidance=0.0000 beta=0.00 train_acc=37.38% test_acc=20.31% best=21.26% lr=0.00026804065 time=11.9s est_300=1h 06m 18s
[VANILLA:ConViT-Ti][146/300] loss=2.8594 ce=2.8594 guidance=0.0000 beta=0.00 train_acc=36.63% test_acc=20.16% best=21.26% lr=0.00026545315 time=13.3s est_300=1h 06m 18s
[VANILLA:ConViT-Ti][147/300] loss=2.8631 ce=2.8631 guidance=0.0000 beta=0.00 train_acc=37.23% test_acc=20.57% best=21.26% lr=0.00026286422 time=13.8s est_300=1h 06m 19s
[VANILLA:ConViT-Ti][148/300] loss=2.8714 ce=2.8714 guidance=0.0000 beta=0.00 train_acc=36.84% test_acc=20.37% best=21.26% lr=0.00026027416 time=13.9s est_300=1h 06m 20s
[VANILLA:ConViT-Ti][149/300] loss=2.7896 ce=2.7896 guidance=0.0000 beta=0.00 train_acc=38.71% test_acc=20.40% best=21.26% lr=0.00025768325 time=12.7s est_300=1h 06m 19s
[VANILLA:ConViT-Ti][150/300] loss=2.7812 ce=2.7812 guidance=0.0000 beta=0.00 train_acc=38.18% test_acc=20.81% best=21.26% lr=0.00025509177 time=13.7s est_300=1h 06m 20s
[VANILLA:ConViT-Ti][151/300] loss=2.8021 ce=2.8021 guidance=0.0000 beta=0.00 train_acc=38.52% test_acc=20.97% best=21.26% lr=0.0002525 time=13.6s est_300=1h 06m 21s
[VANILLA:ConViT-Ti][152/300] loss=2.7367 ce=2.7367 guidance=0.0000 beta=0.00 train_acc=39.35% test_acc=21.09% best=21.26% lr=0.00024990823 time=13.0s est_300=1h 06m 20s
[VANILLA:ConViT-Ti][153/300] loss=2.8061 ce=2.8061 guidance=0.0000 beta=0.00 train_acc=37.96% test_acc=20.33% best=21.26% lr=0.00024731675 time=13.6s est_300=1h 06m 21s
[VANILLA:ConViT-Ti][154/300] loss=2.7278 ce=2.7278 guidance=0.0000 beta=0.00 train_acc=39.13% test_acc=20.83% best=21.26% lr=0.00024472584 time=11.2s est_300=1h 06m 17s
[VANILLA:ConViT-Ti][155/300] loss=2.7738 ce=2.7738 guidance=0.0000 beta=0.00 train_acc=38.84% test_acc=21.49% best=21.49% lr=0.00024213578 time=12.4s est_300=1h 06m 15s
[VANILLA:ConViT-Ti][156/300] loss=2.7470 ce=2.7470 guidance=0.0000 beta=0.00 train_acc=39.88% test_acc=20.76% best=21.49% lr=0.00023954685 time=13.6s est_300=1h 06m 16s
[VANILLA:ConViT-Ti][157/300] loss=2.7083 ce=2.7083 guidance=0.0000 beta=0.00 train_acc=39.64% test_acc=20.56% best=21.49% lr=0.00023695935 time=14.2s est_300=1h 06m 18s
[VANILLA:ConViT-Ti][158/300] loss=2.7060 ce=2.7060 guidance=0.0000 beta=0.00 train_acc=40.57% test_acc=21.14% best=21.49% lr=0.00023437355 time=13.1s est_300=1h 06m 18s
[VANILLA:ConViT-Ti][159/300] loss=2.6842 ce=2.6842 guidance=0.0000 beta=0.00 train_acc=41.41% test_acc=20.56% best=21.49% lr=0.00023178973 time=13.4s est_300=1h 06m 18s
[VANILLA:ConViT-Ti][160/300] loss=2.7119 ce=2.7119 guidance=0.0000 beta=0.00 train_acc=40.96% test_acc=20.94% best=21.49% lr=0.00022920819 time=13.3s est_300=1h 06m 18s
[VANILLA:ConViT-Ti][161/300] loss=2.6864 ce=2.6864 guidance=0.0000 beta=0.00 train_acc=40.71% test_acc=20.75% best=21.49% lr=0.00022662921 time=11.8s est_300=1h 06m 15s
[VANILLA:ConViT-Ti][162/300] loss=2.7159 ce=2.7159 guidance=0.0000 beta=0.00 train_acc=40.47% test_acc=20.37% best=21.49% lr=0.00022405306 time=13.4s est_300=1h 06m 15s
[VANILLA:ConViT-Ti][163/300] loss=2.6700 ce=2.6700 guidance=0.0000 beta=0.00 train_acc=40.95% test_acc=21.18% best=21.49% lr=0.00022148002 time=13.2s est_300=1h 06m 15s
[VANILLA:ConViT-Ti][164/300] loss=2.6326 ce=2.6326 guidance=0.0000 beta=0.00 train_acc=41.76% test_acc=20.69% best=21.49% lr=0.0002189104 time=14.1s est_300=1h 06m 17s
[VANILLA:ConViT-Ti][165/300] loss=2.6157 ce=2.6157 guidance=0.0000 beta=0.00 train_acc=42.34% test_acc=21.00% best=21.49% lr=0.00021634445 time=14.3s est_300=1h 06m 19s
[VANILLA:ConViT-Ti][166/300] loss=2.5968 ce=2.5968 guidance=0.0000 beta=0.00 train_acc=41.98% test_acc=21.30% best=21.49% lr=0.00021378247 time=12.9s est_300=1h 06m 18s
[VANILLA:ConViT-Ti][167/300] loss=2.6041 ce=2.6041 guidance=0.0000 beta=0.00 train_acc=43.00% test_acc=21.49% best=21.49% lr=0.00021122474 time=12.6s est_300=1h 06m 17s
[VANILLA:ConViT-Ti][168/300] loss=2.5911 ce=2.5911 guidance=0.0000 beta=0.00 train_acc=42.51% test_acc=20.40% best=21.49% lr=0.00020867153 time=13.3s est_300=1h 06m 17s
[VANILLA:ConViT-Ti][169/300] loss=2.5827 ce=2.5827 guidance=0.0000 beta=0.00 train_acc=43.67% test_acc=21.16% best=21.49% lr=0.00020612312 time=12.7s est_300=1h 06m 16s
[VANILLA:ConViT-Ti][170/300] loss=2.6242 ce=2.6242 guidance=0.0000 beta=0.00 train_acc=42.44% test_acc=21.63% best=21.63% lr=0.00020357981 time=11.2s est_300=1h 06m 13s
[VANILLA:ConViT-Ti][171/300] loss=2.5939 ce=2.5939 guidance=0.0000 beta=0.00 train_acc=42.43% test_acc=21.32% best=21.63% lr=0.00020104186 time=12.0s est_300=1h 06m 10s
[VANILLA:ConViT-Ti][172/300] loss=2.5427 ce=2.5427 guidance=0.0000 beta=0.00 train_acc=44.12% test_acc=21.45% best=21.63% lr=0.00019850955 time=13.4s est_300=1h 06m 11s
[VANILLA:ConViT-Ti][173/300] loss=2.5100 ce=2.5100 guidance=0.0000 beta=0.00 train_acc=44.84% test_acc=21.35% best=21.63% lr=0.00019598316 time=12.8s est_300=1h 06m 10s
[VANILLA:ConViT-Ti][174/300] loss=2.5653 ce=2.5653 guidance=0.0000 beta=0.00 train_acc=43.34% test_acc=21.40% best=21.63% lr=0.00019346297 time=12.5s est_300=1h 06m 09s
[VANILLA:ConViT-Ti][175/300] loss=2.4876 ce=2.4876 guidance=0.0000 beta=0.00 train_acc=45.38% test_acc=20.30% best=21.63% lr=0.00019094925 time=13.7s est_300=1h 06m 09s
[VANILLA:ConViT-Ti][176/300] loss=2.5167 ce=2.5167 guidance=0.0000 beta=0.00 train_acc=44.45% test_acc=21.09% best=21.63% lr=0.00018844229 time=13.0s est_300=1h 06m 09s
[VANILLA:ConViT-Ti][177/300] loss=2.4942 ce=2.4942 guidance=0.0000 beta=0.00 train_acc=45.67% test_acc=20.97% best=21.63% lr=0.00018594234 time=13.1s est_300=1h 06m 09s
[VANILLA:ConViT-Ti][178/300] loss=2.4774 ce=2.4774 guidance=0.0000 beta=0.00 train_acc=46.01% test_acc=20.54% best=21.63% lr=0.0001834497 time=13.2s est_300=1h 06m 09s
[VANILLA:ConViT-Ti][179/300] loss=2.4920 ce=2.4920 guidance=0.0000 beta=0.00 train_acc=45.53% test_acc=20.92% best=21.63% lr=0.00018096463 time=11.4s est_300=1h 06m 06s
[VANILLA:ConViT-Ti][180/300] loss=2.4525 ce=2.4525 guidance=0.0000 beta=0.00 train_acc=45.84% test_acc=20.90% best=21.63% lr=0.0001784874 time=11.0s est_300=1h 06m 02s
[VANILLA:ConViT-Ti][181/300] loss=2.5066 ce=2.5066 guidance=0.0000 beta=0.00 train_acc=45.31% test_acc=21.25% best=21.63% lr=0.00017601829 time=12.9s est_300=1h 06m 02s
[VANILLA:ConViT-Ti][182/300] loss=2.4314 ce=2.4314 guidance=0.0000 beta=0.00 train_acc=46.82% test_acc=20.81% best=21.63% lr=0.00017355757 time=12.6s est_300=1h 06m 01s
[VANILLA:ConViT-Ti][183/300] loss=2.4544 ce=2.4544 guidance=0.0000 beta=0.00 train_acc=45.21% test_acc=20.92% best=21.63% lr=0.0001711055 time=12.4s est_300=1h 05m 59s
[VANILLA:ConViT-Ti][184/300] loss=2.4399 ce=2.4399 guidance=0.0000 beta=0.00 train_acc=46.77% test_acc=21.23% best=21.63% lr=0.00016866236 time=13.6s est_300=1h 06m 00s
[VANILLA:ConViT-Ti][185/300] loss=2.4421 ce=2.4421 guidance=0.0000 beta=0.00 train_acc=46.67% test_acc=21.07% best=21.63% lr=0.00016622842 time=13.4s est_300=1h 06m 00s
[VANILLA:ConViT-Ti][186/300] loss=2.4594 ce=2.4594 guidance=0.0000 beta=0.00 train_acc=46.76% test_acc=21.04% best=21.63% lr=0.00016380393 time=13.9s est_300=1h 06m 02s
[VANILLA:ConViT-Ti][187/300] loss=2.3883 ce=2.3883 guidance=0.0000 beta=0.00 train_acc=47.08% test_acc=21.09% best=21.63% lr=0.00016138917 time=13.8s est_300=1h 06m 03s
[VANILLA:ConViT-Ti][188/300] loss=2.4727 ce=2.4727 guidance=0.0000 beta=0.00 train_acc=46.18% test_acc=21.26% best=21.63% lr=0.00015898441 time=13.2s est_300=1h 06m 03s
[VANILLA:ConViT-Ti][189/300] loss=2.3997 ce=2.3997 guidance=0.0000 beta=0.00 train_acc=46.96% test_acc=21.69% best=21.69% lr=0.00015658989 time=13.6s est_300=1h 06m 03s
[VANILLA:ConViT-Ti][190/300] loss=2.3951 ce=2.3951 guidance=0.0000 beta=0.00 train_acc=47.13% test_acc=21.95% best=21.95% lr=0.0001542059 time=14.3s est_300=1h 06m 05s
[VANILLA:ConViT-Ti][191/300] loss=2.4134 ce=2.4134 guidance=0.0000 beta=0.00 train_acc=47.45% test_acc=21.78% best=21.95% lr=0.00015183268 time=14.2s est_300=1h 06m 06s
[VANILLA:ConViT-Ti][192/300] loss=2.3651 ce=2.3651 guidance=0.0000 beta=0.00 train_acc=48.49% test_acc=21.82% best=21.95% lr=0.0001494705 time=13.4s est_300=1h 06m 07s
[VANILLA:ConViT-Ti][193/300] loss=2.3923 ce=2.3923 guidance=0.0000 beta=0.00 train_acc=46.65% test_acc=21.42% best=21.95% lr=0.00014711963 time=13.3s est_300=1h 06m 07s
[VANILLA:ConViT-Ti][194/300] loss=2.4006 ce=2.4006 guidance=0.0000 beta=0.00 train_acc=47.13% test_acc=21.30% best=21.95% lr=0.0001447803 time=13.3s est_300=1h 06m 07s
[VANILLA:ConViT-Ti][195/300] loss=2.3665 ce=2.3665 guidance=0.0000 beta=0.00 train_acc=48.18% test_acc=21.85% best=21.95% lr=0.00014245279 time=13.3s est_300=1h 06m 07s
[VANILLA:ConViT-Ti][196/300] loss=2.3667 ce=2.3667 guidance=0.0000 beta=0.00 train_acc=48.39% test_acc=21.95% best=21.95% lr=0.00014013735 time=11.8s est_300=1h 06m 05s
[VANILLA:ConViT-Ti][197/300] loss=2.3117 ce=2.3117 guidance=0.0000 beta=0.00 train_acc=48.68% test_acc=21.95% best=21.95% lr=0.00013783423 time=11.0s est_300=1h 06m 01s
[VANILLA:ConViT-Ti][198/300] loss=2.3079 ce=2.3079 guidance=0.0000 beta=0.00 train_acc=49.18% test_acc=21.94% best=21.95% lr=0.00013554369 time=12.0s est_300=1h 05m 59s
[VANILLA:ConViT-Ti][199/300] loss=2.3557 ce=2.3557 guidance=0.0000 beta=0.00 train_acc=48.54% test_acc=21.97% best=21.97% lr=0.00013326597 time=12.8s est_300=1h 05m 59s
[VANILLA:ConViT-Ti][200/300] loss=2.2885 ce=2.2885 guidance=0.0000 beta=0.00 train_acc=49.92% test_acc=22.02% best=22.02% lr=0.00013100132 time=12.4s est_300=1h 05m 58s
[VANILLA:ConViT-Ti][201/300] loss=2.3382 ce=2.3382 guidance=0.0000 beta=0.00 train_acc=47.78% test_acc=22.04% best=22.04% lr=0.00012875 time=13.0s est_300=1h 05m 57s
[VANILLA:ConViT-Ti][202/300] loss=2.3238 ce=2.3238 guidance=0.0000 beta=0.00 train_acc=48.49% test_acc=21.94% best=22.04% lr=0.00012651225 time=13.3s est_300=1h 05m 57s
[VANILLA:ConViT-Ti][203/300] loss=2.3009 ce=2.3009 guidance=0.0000 beta=0.00 train_acc=49.68% test_acc=21.42% best=22.04% lr=0.00012428832 time=13.2s est_300=1h 05m 58s
[VANILLA:ConViT-Ti][204/300] loss=2.2686 ce=2.2686 guidance=0.0000 beta=0.00 train_acc=49.56% test_acc=21.56% best=22.04% lr=0.00012207844 time=12.9s est_300=1h 05m 57s
[VANILLA:ConViT-Ti][205/300] loss=2.2450 ce=2.2450 guidance=0.0000 beta=0.00 train_acc=50.83% test_acc=21.75% best=22.04% lr=0.00011988287 time=11.8s est_300=1h 05m 55s
[VANILLA:ConViT-Ti][206/300] loss=2.3264 ce=2.3264 guidance=0.0000 beta=0.00 train_acc=49.01% test_acc=21.87% best=22.04% lr=0.00011770184 time=11.9s est_300=1h 05m 53s
[VANILLA:ConViT-Ti][207/300] loss=2.2837 ce=2.2837 guidance=0.0000 beta=0.00 train_acc=49.49% test_acc=20.92% best=22.04% lr=0.00011553559 time=12.5s est_300=1h 05m 52s
[VANILLA:ConViT-Ti][208/300] loss=2.2907 ce=2.2907 guidance=0.0000 beta=0.00 train_acc=49.35% test_acc=22.11% best=22.11% lr=0.00011338436 time=13.9s est_300=1h 05m 53s
[VANILLA:ConViT-Ti][209/300] loss=2.3318 ce=2.3318 guidance=0.0000 beta=0.00 train_acc=48.85% test_acc=21.88% best=22.11% lr=0.00011124839 time=14.3s est_300=1h 05m 55s
[VANILLA:ConViT-Ti][210/300] loss=2.2465 ce=2.2465 guidance=0.0000 beta=0.00 train_acc=50.29% test_acc=22.23% best=22.23% lr=0.00010912791 time=13.1s est_300=1h 05m 55s
[VANILLA:ConViT-Ti][211/300] loss=2.2247 ce=2.2247 guidance=0.0000 beta=0.00 train_acc=51.21% test_acc=21.56% best=22.23% lr=0.00010702315 time=12.4s est_300=1h 05m 53s
[VANILLA:ConViT-Ti][212/300] loss=2.2100 ce=2.2100 guidance=0.0000 beta=0.00 train_acc=51.78% test_acc=22.06% best=22.23% lr=0.00010493434 time=14.2s est_300=1h 05m 55s
[VANILLA:ConViT-Ti][213/300] loss=2.3026 ce=2.3026 guidance=0.0000 beta=0.00 train_acc=49.25% test_acc=21.85% best=22.23% lr=0.00010286172 time=13.6s est_300=1h 05m 55s
[VANILLA:ConViT-Ti][214/300] loss=2.2702 ce=2.2702 guidance=0.0000 beta=0.00 train_acc=49.32% test_acc=21.99% best=22.23% lr=0.0001008055 time=13.5s est_300=1h 05m 56s
[VANILLA:ConViT-Ti][215/300] loss=2.2594 ce=2.2594 guidance=0.0000 beta=0.00 train_acc=50.56% test_acc=22.33% best=22.33% lr=9.8765924e-05 time=13.9s est_300=1h 05m 57s
[VANILLA:ConViT-Ti][216/300] loss=2.2228 ce=2.2228 guidance=0.0000 beta=0.00 train_acc=50.54% test_acc=22.35% best=22.35% lr=9.6743203e-05 time=12.8s est_300=1h 05m 56s
[VANILLA:ConViT-Ti][217/300] loss=2.2037 ce=2.2037 guidance=0.0000 beta=0.00 train_acc=51.77% test_acc=21.63% best=22.35% lr=9.4737563e-05 time=11.9s est_300=1h 05m 55s
[VANILLA:ConViT-Ti][218/300] loss=2.2337 ce=2.2337 guidance=0.0000 beta=0.00 train_acc=51.09% test_acc=22.51% best=22.51% lr=9.2749222e-05 time=12.6s est_300=1h 05m 54s
[VANILLA:ConViT-Ti][219/300] loss=2.2141 ce=2.2141 guidance=0.0000 beta=0.00 train_acc=51.44% test_acc=22.59% best=22.59% lr=9.0778401e-05 time=13.7s est_300=1h 05m 55s
[VANILLA:ConViT-Ti][220/300] loss=2.1924 ce=2.1924 guidance=0.0000 beta=0.00 train_acc=51.12% test_acc=22.56% best=22.59% lr=8.8825313e-05 time=13.3s est_300=1h 05m 55s
[VANILLA:ConViT-Ti][221/300] loss=2.2179 ce=2.2179 guidance=0.0000 beta=0.00 train_acc=51.31% test_acc=22.39% best=22.59% lr=8.6890175e-05 time=12.8s est_300=1h 05m 54s
[VANILLA:ConViT-Ti][222/300] loss=2.1812 ce=2.1812 guidance=0.0000 beta=0.00 train_acc=52.04% test_acc=22.61% best=22.61% lr=8.4973198e-05 time=13.4s est_300=1h 05m 55s
[VANILLA:ConViT-Ti][223/300] loss=2.1957 ce=2.1957 guidance=0.0000 beta=0.00 train_acc=50.85% test_acc=22.16% best=22.61% lr=8.3074591e-05 time=14.3s est_300=1h 05m 56s
[VANILLA:ConViT-Ti][224/300] loss=2.1681 ce=2.1681 guidance=0.0000 beta=0.00 train_acc=52.34% test_acc=22.45% best=22.61% lr=8.1194564e-05 time=14.1s est_300=1h 05m 57s
[VANILLA:ConViT-Ti][225/300] loss=2.2072 ce=2.2072 guidance=0.0000 beta=0.00 train_acc=51.34% test_acc=22.18% best=22.61% lr=7.9333323e-05 time=12.2s est_300=1h 05m 56s
[VANILLA:ConViT-Ti][226/300] loss=2.2030 ce=2.2030 guidance=0.0000 beta=0.00 train_acc=51.99% test_acc=21.85% best=22.61% lr=7.7491072e-05 time=13.5s est_300=1h 05m 56s
[VANILLA:ConViT-Ti][227/300] loss=2.1658 ce=2.1658 guidance=0.0000 beta=0.00 train_acc=52.34% test_acc=22.26% best=22.61% lr=7.5668012e-05 time=13.5s est_300=1h 05m 57s
[VANILLA:ConViT-Ti][228/300] loss=2.1803 ce=2.1803 guidance=0.0000 beta=0.00 train_acc=52.56% test_acc=22.52% best=22.61% lr=7.3864344e-05 time=12.0s est_300=1h 05m 55s
[VANILLA:ConViT-Ti][229/300] loss=2.1992 ce=2.1992 guidance=0.0000 beta=0.00 train_acc=51.02% test_acc=22.02% best=22.61% lr=7.2080265e-05 time=12.9s est_300=1h 05m 55s
[VANILLA:ConViT-Ti][230/300] loss=2.1785 ce=2.1785 guidance=0.0000 beta=0.00 train_acc=51.89% test_acc=21.59% best=22.61% lr=7.0315971e-05 time=12.6s est_300=1h 05m 54s
[VANILLA:ConViT-Ti][231/300] loss=2.1735 ce=2.1735 guidance=0.0000 beta=0.00 train_acc=52.65% test_acc=21.88% best=22.61% lr=6.8571656e-05 time=12.5s est_300=1h 05m 53s
[VANILLA:ConViT-Ti][232/300] loss=2.1391 ce=2.1391 guidance=0.0000 beta=0.00 train_acc=53.23% test_acc=21.38% best=22.61% lr=6.684751e-05 time=13.4s est_300=1h 05m 54s
[VANILLA:ConViT-Ti][233/300] loss=2.1718 ce=2.1718 guidance=0.0000 beta=0.00 train_acc=51.65% test_acc=22.23% best=22.61% lr=6.5143724e-05 time=12.4s est_300=1h 05m 53s
[VANILLA:ConViT-Ti][234/300] loss=2.1775 ce=2.1775 guidance=0.0000 beta=0.00 train_acc=51.49% test_acc=22.14% best=22.61% lr=6.3460483e-05 time=12.7s est_300=1h 05m 52s
[VANILLA:ConViT-Ti][235/300] loss=2.1666 ce=2.1666 guidance=0.0000 beta=0.00 train_acc=52.29% test_acc=22.39% best=22.61% lr=6.1797972e-05 time=14.0s est_300=1h 05m 53s
[VANILLA:ConViT-Ti][236/300] loss=2.1575 ce=2.1575 guidance=0.0000 beta=0.00 train_acc=52.43% test_acc=22.30% best=22.61% lr=6.0156375e-05 time=13.4s est_300=1h 05m 53s
[VANILLA:ConViT-Ti][237/300] loss=2.1235 ce=2.1235 guidance=0.0000 beta=0.00 train_acc=53.55% test_acc=21.90% best=22.61% lr=5.8535869e-05 time=12.4s est_300=1h 05m 52s
[VANILLA:ConViT-Ti][238/300] loss=2.1707 ce=2.1707 guidance=0.0000 beta=0.00 train_acc=52.39% test_acc=22.02% best=22.61% lr=5.6936634e-05 time=12.9s est_300=1h 05m 52s
[VANILLA:ConViT-Ti][239/300] loss=2.1500 ce=2.1500 guidance=0.0000 beta=0.00 train_acc=52.77% test_acc=22.32% best=22.61% lr=5.5358845e-05 time=12.6s est_300=1h 05m 51s
[VANILLA:ConViT-Ti][240/300] loss=2.1098 ce=2.1098 guidance=0.0000 beta=0.00 train_acc=53.40% test_acc=22.11% best=22.61% lr=5.3802675e-05 time=12.6s est_300=1h 05m 51s
[VANILLA:ConViT-Ti][241/300] loss=2.1032 ce=2.1032 guidance=0.0000 beta=0.00 train_acc=53.45% test_acc=22.07% best=22.61% lr=5.2268294e-05 time=11.8s est_300=1h 05m 49s
[VANILLA:ConViT-Ti][242/300] loss=2.1495 ce=2.1495 guidance=0.0000 beta=0.00 train_acc=52.80% test_acc=22.02% best=22.61% lr=5.0755871e-05 time=13.8s est_300=1h 05m 50s
[VANILLA:ConViT-Ti][243/300] loss=2.1287 ce=2.1287 guidance=0.0000 beta=0.00 train_acc=53.02% test_acc=22.28% best=22.61% lr=4.9265571e-05 time=14.1s est_300=1h 05m 51s
[VANILLA:ConViT-Ti][244/300] loss=2.0842 ce=2.0842 guidance=0.0000 beta=0.00 train_acc=55.08% test_acc=22.20% best=22.61% lr=4.7797558e-05 time=13.9s est_300=1h 05m 52s
[VANILLA:ConViT-Ti][245/300] loss=2.1114 ce=2.1114 guidance=0.0000 beta=0.00 train_acc=52.87% test_acc=22.11% best=22.61% lr=4.6351993e-05 time=12.8s est_300=1h 05m 51s
[VANILLA:ConViT-Ti][246/300] loss=2.0812 ce=2.0812 guidance=0.0000 beta=0.00 train_acc=54.43% test_acc=22.39% best=22.61% lr=4.4929034e-05 time=13.1s est_300=1h 05m 51s
[VANILLA:ConViT-Ti][247/300] loss=2.0434 ce=2.0434 guidance=0.0000 beta=0.00 train_acc=55.16% test_acc=22.01% best=22.61% lr=4.3528838e-05 time=13.3s est_300=1h 05m 51s
[VANILLA:ConViT-Ti][248/300] loss=2.0446 ce=2.0446 guidance=0.0000 beta=0.00 train_acc=55.30% test_acc=22.09% best=22.61% lr=4.2151558e-05 time=13.4s est_300=1h 05m 52s
[VANILLA:ConViT-Ti][249/300] loss=2.0608 ce=2.0608 guidance=0.0000 beta=0.00 train_acc=54.53% test_acc=22.18% best=22.61% lr=4.0797346e-05 time=12.7s est_300=1h 05m 51s
[VANILLA:ConViT-Ti][250/300] loss=2.0835 ce=2.0835 guidance=0.0000 beta=0.00 train_acc=54.21% test_acc=22.70% best=22.70% lr=3.9466348e-05 time=13.3s est_300=1h 05m 51s
[VANILLA:ConViT-Ti][251/300] loss=2.0968 ce=2.0968 guidance=0.0000 beta=0.00 train_acc=54.47% test_acc=22.44% best=22.70% lr=3.8158713e-05 time=13.2s est_300=1h 05m 51s
[VANILLA:ConViT-Ti][252/300] loss=2.0396 ce=2.0396 guidance=0.0000 beta=0.00 train_acc=55.13% test_acc=22.32% best=22.70% lr=3.6874582e-05 time=13.8s est_300=1h 05m 52s
[VANILLA:ConViT-Ti][253/300] loss=2.0744 ce=2.0744 guidance=0.0000 beta=0.00 train_acc=54.23% test_acc=22.49% best=22.70% lr=3.5614097e-05 time=14.0s est_300=1h 05m 53s
[VANILLA:ConViT-Ti][254/300] loss=2.1283 ce=2.1283 guidance=0.0000 beta=0.00 train_acc=53.31% test_acc=22.51% best=22.70% lr=3.4377396e-05 time=14.3s est_300=1h 05m 54s
[VANILLA:ConViT-Ti][255/300] loss=2.0810 ce=2.0810 guidance=0.0000 beta=0.00 train_acc=54.23% test_acc=22.09% best=22.70% lr=3.3164614e-05 time=13.3s est_300=1h 05m 54s
[VANILLA:ConViT-Ti][256/300] loss=2.0187 ce=2.0187 guidance=0.0000 beta=0.00 train_acc=55.89% test_acc=22.56% best=22.70% lr=3.1975885e-05 time=11.4s est_300=1h 05m 52s
[VANILLA:ConViT-Ti][257/300] loss=2.0684 ce=2.0684 guidance=0.0000 beta=0.00 train_acc=55.06% test_acc=22.92% best=22.92% lr=3.0811339e-05 time=12.1s est_300=1h 05m 51s
[VANILLA:ConViT-Ti][258/300] loss=2.0914 ce=2.0914 guidance=0.0000 beta=0.00 train_acc=54.43% test_acc=22.45% best=22.92% lr=2.9671104e-05 time=14.1s est_300=1h 05m 52s
[VANILLA:ConViT-Ti][259/300] loss=2.0519 ce=2.0519 guidance=0.0000 beta=0.00 train_acc=54.87% test_acc=22.63% best=22.92% lr=2.8555305e-05 time=13.7s est_300=1h 05m 53s
[VANILLA:ConViT-Ti][260/300] loss=2.0432 ce=2.0432 guidance=0.0000 beta=0.00 train_acc=54.79% test_acc=22.37% best=22.92% lr=2.7464063e-05 time=13.6s est_300=1h 05m 53s
[VANILLA:ConViT-Ti][261/300] loss=2.0604 ce=2.0604 guidance=0.0000 beta=0.00 train_acc=54.87% test_acc=22.94% best=22.94% lr=2.6397499e-05 time=13.1s est_300=1h 05m 53s
[VANILLA:ConViT-Ti][262/300] loss=2.0630 ce=2.0630 guidance=0.0000 beta=0.00 train_acc=54.52% test_acc=22.70% best=22.94% lr=2.535573e-05 time=12.7s est_300=1h 05m 53s
[VANILLA:ConViT-Ti][263/300] loss=2.0624 ce=2.0624 guidance=0.0000 beta=0.00 train_acc=54.18% test_acc=22.61% best=22.94% lr=2.433887e-05 time=12.0s est_300=1h 05m 51s
[VANILLA:ConViT-Ti][264/300] loss=2.0714 ce=2.0714 guidance=0.0000 beta=0.00 train_acc=54.06% test_acc=22.63% best=22.94% lr=2.334703e-05 time=12.7s est_300=1h 05m 51s
[VANILLA:ConViT-Ti][265/300] loss=2.0138 ce=2.0138 guidance=0.0000 beta=0.00 train_acc=55.83% test_acc=22.37% best=22.94% lr=2.238032e-05 time=14.1s est_300=1h 05m 52s
[VANILLA:ConViT-Ti][266/300] loss=2.0799 ce=2.0799 guidance=0.0000 beta=0.00 train_acc=54.94% test_acc=22.51% best=22.94% lr=2.1438844e-05 time=13.2s est_300=1h 05m 52s
[VANILLA:ConViT-Ti][267/300] loss=2.0202 ce=2.0202 guidance=0.0000 beta=0.00 train_acc=54.96% test_acc=22.23% best=22.94% lr=2.0522708e-05 time=12.7s est_300=1h 05m 51s
[VANILLA:ConViT-Ti][268/300] loss=2.0069 ce=2.0069 guidance=0.0000 beta=0.00 train_acc=55.33% test_acc=22.45% best=22.94% lr=1.963201e-05 time=12.2s est_300=1h 05m 50s
[VANILLA:ConViT-Ti][269/300] loss=2.0548 ce=2.0548 guidance=0.0000 beta=0.00 train_acc=55.11% test_acc=22.73% best=22.94% lr=1.8766848e-05 time=13.2s est_300=1h 05m 50s
[VANILLA:ConViT-Ti][270/300] loss=2.0402 ce=2.0402 guidance=0.0000 beta=0.00 train_acc=54.94% test_acc=22.75% best=22.94% lr=1.7927319e-05 time=13.8s est_300=1h 05m 51s
[VANILLA:ConViT-Ti][271/300] loss=2.0702 ce=2.0702 guidance=0.0000 beta=0.00 train_acc=54.11% test_acc=22.52% best=22.94% lr=1.7113512e-05 time=13.3s est_300=1h 05m 51s
[VANILLA:ConViT-Ti][272/300] loss=2.0660 ce=2.0660 guidance=0.0000 beta=0.00 train_acc=54.28% test_acc=22.23% best=22.94% lr=1.6325519e-05 time=11.9s est_300=1h 05m 50s
[VANILLA:ConViT-Ti][273/300] loss=2.0408 ce=2.0408 guidance=0.0000 beta=0.00 train_acc=54.18% test_acc=22.44% best=22.94% lr=1.5563424e-05 time=12.8s est_300=1h 05m 50s
[VANILLA:ConViT-Ti][274/300] loss=2.0480 ce=2.0480 guidance=0.0000 beta=0.00 train_acc=54.82% test_acc=22.25% best=22.94% lr=1.4827313e-05 time=13.1s est_300=1h 05m 49s
[VANILLA:ConViT-Ti][275/300] loss=2.0665 ce=2.0665 guidance=0.0000 beta=0.00 train_acc=54.76% test_acc=22.56% best=22.94% lr=1.4117265e-05 time=13.9s est_300=1h 05m 50s
[VANILLA:ConViT-Ti][276/300] loss=2.0865 ce=2.0865 guidance=0.0000 beta=0.00 train_acc=53.57% test_acc=22.40% best=22.94% lr=1.3433358e-05 time=13.0s est_300=1h 05m 50s
[VANILLA:ConViT-Ti][277/300] loss=1.9945 ce=1.9945 guidance=0.0000 beta=0.00 train_acc=55.96% test_acc=22.61% best=22.94% lr=1.2775668e-05 time=12.0s est_300=1h 05m 49s
[VANILLA:ConViT-Ti][278/300] loss=2.0364 ce=2.0364 guidance=0.0000 beta=0.00 train_acc=54.65% test_acc=22.54% best=22.94% lr=1.2144266e-05 time=14.4s est_300=1h 05m 50s
[VANILLA:ConViT-Ti][279/300] loss=2.0518 ce=2.0518 guidance=0.0000 beta=0.00 train_acc=54.86% test_acc=22.45% best=22.94% lr=1.1539222e-05 time=13.6s est_300=1h 05m 51s
[VANILLA:ConViT-Ti][280/300] loss=2.0764 ce=2.0764 guidance=0.0000 beta=0.00 train_acc=54.09% test_acc=22.28% best=22.94% lr=1.0960601e-05 time=13.5s est_300=1h 05m 51s
[VANILLA:ConViT-Ti][281/300] loss=2.0161 ce=2.0161 guidance=0.0000 beta=0.00 train_acc=56.03% test_acc=22.64% best=22.94% lr=1.0408469e-05 time=13.2s est_300=1h 05m 51s
[VANILLA:ConViT-Ti][282/300] loss=2.0505 ce=2.0505 guidance=0.0000 beta=0.00 train_acc=55.33% test_acc=22.52% best=22.94% lr=9.8828843e-06 time=13.1s est_300=1h 05m 51s
[VANILLA:ConViT-Ti][283/300] loss=2.0508 ce=2.0508 guidance=0.0000 beta=0.00 train_acc=54.47% test_acc=22.49% best=22.94% lr=9.3839054e-06 time=11.9s est_300=1h 05m 50s
[VANILLA:ConViT-Ti][284/300] loss=2.0697 ce=2.0697 guidance=0.0000 beta=0.00 train_acc=54.62% test_acc=22.66% best=22.94% lr=8.911587e-06 time=11.9s est_300=1h 05m 48s
[VANILLA:ConViT-Ti][285/300] loss=2.0665 ce=2.0665 guidance=0.0000 beta=0.00 train_acc=54.82% test_acc=22.59% best=22.94% lr=8.4659808e-06 time=13.5s est_300=1h 05m 49s
[VANILLA:ConViT-Ti][286/300] loss=2.0555 ce=2.0555 guidance=0.0000 beta=0.00 train_acc=54.89% test_acc=22.40% best=22.94% lr=8.0471357e-06 time=13.3s est_300=1h 05m 49s
[VANILLA:ConViT-Ti][287/300] loss=2.0340 ce=2.0340 guidance=0.0000 beta=0.00 train_acc=55.49% test_acc=22.59% best=22.94% lr=7.6550976e-06 time=12.7s est_300=1h 05m 48s
[VANILLA:ConViT-Ti][288/300] loss=2.0320 ce=2.0320 guidance=0.0000 beta=0.00 train_acc=54.79% test_acc=22.54% best=22.94% lr=7.2899095e-06 time=12.2s est_300=1h 05m 47s
[VANILLA:ConViT-Ti][289/300] loss=2.0408 ce=2.0408 guidance=0.0000 beta=0.00 train_acc=55.01% test_acc=22.73% best=22.94% lr=6.9516114e-06 time=13.2s est_300=1h 05m 47s
[VANILLA:ConViT-Ti][290/300] loss=2.0062 ce=2.0062 guidance=0.0000 beta=0.00 train_acc=56.05% test_acc=22.58% best=22.94% lr=6.6402405e-06 time=13.8s est_300=1h 05m 48s
[VANILLA:ConViT-Ti][291/300] loss=2.0711 ce=2.0711 guidance=0.0000 beta=0.00 train_acc=54.16% test_acc=22.75% best=22.94% lr=6.3558309e-06 time=13.2s est_300=1h 05m 48s
[VANILLA:ConViT-Ti][292/300] loss=2.0303 ce=2.0303 guidance=0.0000 beta=0.00 train_acc=55.25% test_acc=22.70% best=22.94% lr=6.0984138e-06 time=13.1s est_300=1h 05m 48s
[VANILLA:ConViT-Ti][293/300] loss=2.0353 ce=2.0353 guidance=0.0000 beta=0.00 train_acc=55.35% test_acc=22.68% best=22.94% lr=5.8680173e-06 time=13.3s est_300=1h 05m 48s
[VANILLA:ConViT-Ti][294/300] loss=2.0240 ce=2.0240 guidance=0.0000 beta=0.00 train_acc=55.16% test_acc=22.59% best=22.94% lr=5.6646669e-06 time=13.2s est_300=1h 05m 48s
[VANILLA:ConViT-Ti][295/300] loss=2.0078 ce=2.0078 guidance=0.0000 beta=0.00 train_acc=55.35% test_acc=22.61% best=22.94% lr=5.4883847e-06 time=13.3s est_300=1h 05m 48s
[VANILLA:ConViT-Ti][296/300] loss=2.0066 ce=2.0066 guidance=0.0000 beta=0.00 train_acc=55.74% test_acc=22.52% best=22.94% lr=5.3391901e-06 time=13.1s est_300=1h 05m 48s
[VANILLA:ConViT-Ti][297/300] loss=1.9962 ce=1.9962 guidance=0.0000 beta=0.00 train_acc=56.10% test_acc=22.64% best=22.94% lr=5.2170996e-06 time=13.0s est_300=1h 05m 48s
[VANILLA:ConViT-Ti][298/300] loss=2.0801 ce=2.0801 guidance=0.0000 beta=0.00 train_acc=54.19% test_acc=22.71% best=22.94% lr=5.1221263e-06 time=13.7s est_300=1h 05m 49s
[VANILLA:ConViT-Ti][299/300] loss=2.0456 ce=2.0456 guidance=0.0000 beta=0.00 train_acc=54.74% test_acc=22.73% best=22.94% lr=5.0542808e-06 time=13.6s est_300=1h 05m 49s
[VANILLA:ConViT-Ti][300/300] loss=2.0237 ce=2.0237 guidance=0.0000 beta=0.00 train_acc=54.91% test_acc=22.73% best=22.94% lr=5.0135706e-06 time=12.6s est_300=1h 05m 49s
[TIMING_RESULT] student=ConViT-Ti method=VANILLA batch=128 avg_epoch=13.16s estimated_300=1h 05m 49s
[FINAL_RESULT] summary=/app/output/table1_cub200_convit_all_full_seed1/students/table1_cub200_convit_ti_vanilla_b128_full_300ep_seed1/summary.json
[DONE] Table-1 CUB student task completed successfully.
[STUDENT_IDENTITY_CHECK_TABLE1_CUB200] status=PASS student=ConViT-Ti method=Vanilla batch=128 teacher=none
[TASK_DONE] 1/5 ConViT-Ti/Vanilla elapsed=1h 07m 01s
------------------------------------------------------------------------------------------------
[TASK_START] 2/5 ConViT-Ti/LG
[COMMAND][LG] /usr/bin/python /app/scratch/input/kau-aimslab_551/methods/table1_cub200/train.py --full-run --student convit_ti --method lg --batch-size 128 --data-dir /app/output/table1_cub200_convit_all_full_seed1/data/cub200 --teacher-root /app/scratch/input/kau-aimslab_551/teachers/checkpoints/cub200_table1_resnet56_32 --output-dir /app/output/table1_cub200_convit_all_full_seed1/students --run-name table1_cub200_convit_ti_lg_b128_full_300ep_seed1 --num-workers 4
[BOOT] Python process started: /usr/bin/python
[BOOT] complete Table-1 runtime dependencies already available
/usr/local/lib/python3.10/dist-packages/timm/models/layers/__init__.py:49: FutureWarning: Importing from timm.models.layers is deprecated, please import via timm.layers
  warnings.warn(f"Importing from {__name__} is deprecated, please import via timm.layers", FutureWarning)
========================================================================================
CUB-200 TABLE-1 EXTENSION
========================================================================================
[TASK] student=ConViT-Ti method=LG batch=128 mode=full_300ep
[MODE] actual_epochs=300 planned_epochs=300
[PROTOCOL_LOCK] dataset=CUB-200-2011 split=5994/5794 teacher=ResNet56-scratch-32 student=scratch-224 epochs=300 AdamW=5e-4->5e-6 wd=0.05 warmup=20 seed=1 fp32=True
[FIXED_TEACHER_TABLE1_CUB200] h200_build=543 root=/app/scratch/input/kau-aimslab_551/teachers/checkpoints/cub200_table1_resnet56_32 sha256=06f75192b1c108c89e480843cb4f72dfb28aa762d7b11e7ac327333dd54b51f5
[SOURCE] official_lg_repo=https://github.com/lkhl/tiny-transformers commit=d2165f74049c906b0afc9f957491960fb3c0cc8b
[MODEL] params=5,556,112 feature_dims=(192, 192, 192, 192, 192, 192, 192, 192, 192, 192, 192, 192) selected_lg=(0, 6, 11)
[FEATURE_CHECK] student=((2, 192, 14, 14), (2, 192, 14, 14), (2, 192, 14, 14), (2, 192, 14, 14), (2, 192, 14, 14), (2, 192, 14, 14), (2, 192, 14, 14), (2, 192, 14, 14), (2, 192, 14, 14), (2, 192, 14, 14), (2, 192, 14, 14), (2, 192, 14, 14)) teacher=((2, 16, 32, 32), (2, 32, 16, 16), (2, 64, 8, 8)) guidance_probe=11.162799
[OPTIMIZER] contract=official_lg_no_decay_exclusions
[LG:ConViT-Ti][001/300] loss=95.4901 ce=5.3327 guidance=36.0630 beta=2.50 train_acc=0.54% test_acc=0.48% best=0.48% lr=5e-07 time=14.4s est_300=1h 12m 13s
[LG:ConViT-Ti][002/300] loss=85.0301 ce=5.3331 guidance=31.8788 beta=2.50 train_acc=0.49% test_acc=0.48% best=0.48% lr=2.5475e-05 time=14.1s est_300=1h 11m 26s
[LG:ConViT-Ti][003/300] loss=70.6919 ce=5.3244 guidance=26.1470 beta=2.50 train_acc=0.29% test_acc=0.43% best=0.48% lr=5.045e-05 time=14.0s est_300=1h 10m 55s
[LG:ConViT-Ti][004/300] loss=59.9965 ce=5.3178 guidance=21.8715 beta=2.50 train_acc=0.37% test_acc=0.66% best=0.66% lr=7.5425e-05 time=12.6s est_300=1h 08m 53s
[LG:ConViT-Ti][005/300] loss=57.5280 ce=5.3082 guidance=20.8879 beta=2.50 train_acc=0.58% test_acc=0.78% best=0.78% lr=0.0001004 time=12.3s est_300=1h 07m 25s
[LG:ConViT-Ti][006/300] loss=56.8201 ce=5.2938 guidance=20.6105 beta=2.50 train_acc=0.49% test_acc=0.98% best=0.98% lr=0.000125375 time=12.3s est_300=1h 06m 25s
[LG:ConViT-Ti][007/300] loss=55.6707 ce=5.2481 guidance=20.1690 beta=2.50 train_acc=0.70% test_acc=1.12% best=1.12% lr=0.00015035 time=11.8s est_300=1h 05m 21s
[LG:ConViT-Ti][008/300] loss=54.4874 ce=5.2033 guidance=19.7136 beta=2.50 train_acc=0.95% test_acc=1.35% best=1.35% lr=0.000175325 time=12.5s est_300=1h 04m 58s
[LG:ConViT-Ti][009/300] loss=54.2431 ce=5.1580 guidance=19.6340 beta=2.50 train_acc=1.07% test_acc=1.90% best=1.90% lr=0.0002003 time=12.4s est_300=1h 04m 38s
[LG:ConViT-Ti][010/300] loss=52.8945 ce=5.1431 guidance=19.1006 beta=2.50 train_acc=1.51% test_acc=2.19% best=2.19% lr=0.000225275 time=13.8s est_300=1h 05m 04s
[LG:ConViT-Ti][011/300] loss=51.5556 ce=5.0885 guidance=18.5868 beta=2.50 train_acc=1.68% test_acc=3.04% best=3.04% lr=0.00025025 time=13.6s est_300=1h 05m 20s
[LG:ConViT-Ti][012/300] loss=50.4599 ce=5.0292 guidance=18.1723 beta=2.50 train_acc=2.31% test_acc=3.47% best=3.47% lr=0.000275225 time=14.1s est_300=1h 05m 45s
[LG:ConViT-Ti][013/300] loss=48.8605 ce=4.9783 guidance=17.5529 beta=2.50 train_acc=2.45% test_acc=3.62% best=3.62% lr=0.0003002 time=13.3s est_300=1h 05m 50s
[LG:ConViT-Ti][014/300] loss=47.7699 ce=4.9142 guidance=17.1423 beta=2.50 train_acc=2.75% test_acc=4.30% best=4.30% lr=0.000325175 time=14.2s est_300=1h 06m 11s
[LG:ConViT-Ti][015/300] loss=46.4129 ce=4.8518 guidance=16.6245 beta=2.50 train_acc=3.41% test_acc=4.94% best=4.94% lr=0.00035015 time=14.1s est_300=1h 06m 29s
[LG:ConViT-Ti][016/300] loss=44.9026 ce=4.7814 guidance=16.0485 beta=2.50 train_acc=3.72% test_acc=5.61% best=5.61% lr=0.000375125 time=13.5s est_300=1h 06m 33s
[LG:ConViT-Ti][017/300] loss=43.8640 ce=4.7141 guidance=15.6600 beta=2.50 train_acc=4.03% test_acc=6.02% best=6.02% lr=0.0004001 time=13.0s est_300=1h 06m 28s
[LG:ConViT-Ti][018/300] loss=42.2658 ce=4.6490 guidance=15.0467 beta=2.50 train_acc=4.82% test_acc=7.42% best=7.42% lr=0.000425075 time=12.3s est_300=1h 06m 11s
[LG:ConViT-Ti][019/300] loss=41.5343 ce=4.5771 guidance=14.7829 beta=2.50 train_acc=5.38% test_acc=9.37% best=9.37% lr=0.00045005 time=12.9s est_300=1h 06m 06s
[LG:ConViT-Ti][020/300] loss=40.5572 ce=4.5519 guidance=14.4021 beta=2.50 train_acc=5.83% test_acc=9.63% best=9.63% lr=0.000475025 time=12.3s est_300=1h 05m 53s
[LG:ConViT-Ti][021/300] loss=39.5260 ce=4.4467 guidance=14.0317 beta=2.50 train_acc=6.00% test_acc=10.51% best=10.51% lr=0.00049459153 time=13.3s est_300=1h 05m 55s
[LG:ConViT-Ti][022/300] loss=38.3763 ce=4.3665 guidance=13.6039 beta=2.50 train_acc=7.90% test_acc=12.25% best=12.25% lr=0.0004940394 time=12.2s est_300=1h 05m 41s
[LG:ConViT-Ti][023/300] loss=37.7629 ce=4.3069 guidance=13.3824 beta=2.50 train_acc=8.97% test_acc=12.41% best=12.41% lr=0.00049346078 time=13.3s est_300=1h 05m 44s
[LG:ConViT-Ti][024/300] loss=37.0798 ce=4.2318 guidance=13.1392 beta=2.50 train_acc=9.65% test_acc=12.96% best=12.96% lr=0.00049285573 time=13.6s est_300=1h 05m 49s
[LG:ConViT-Ti][025/300] loss=36.0831 ce=4.1567 guidance=12.7706 beta=2.50 train_acc=10.58% test_acc=14.52% best=14.52% lr=0.00049222433 time=13.3s est_300=1h 05m 51s
[LG:ConViT-Ti][026/300] loss=35.7697 ce=4.1150 guidance=12.6619 beta=2.50 train_acc=11.16% test_acc=16.34% best=16.34% lr=0.00049156664 time=13.1s est_300=1h 05m 50s
[LG:ConViT-Ti][027/300] loss=35.1298 ce=4.0646 guidance=12.4260 beta=2.50 train_acc=12.09% test_acc=16.34% best=16.34% lr=0.00049088274 time=12.0s est_300=1h 05m 37s
[LG:ConViT-Ti][028/300] loss=34.5500 ce=4.0080 guidance=12.2168 beta=2.50 train_acc=13.37% test_acc=17.24% best=17.24% lr=0.00049017269 time=12.6s est_300=1h 05m 31s
[LG:ConViT-Ti][029/300] loss=34.0133 ce=3.9598 guidance=12.0214 beta=2.50 train_acc=13.81% test_acc=19.57% best=19.57% lr=0.00048943658 time=12.3s est_300=1h 05m 23s
[LG:ConViT-Ti][030/300] loss=33.7768 ce=3.9179 guidance=11.9435 beta=2.50 train_acc=14.54% test_acc=20.54% best=20.54% lr=0.00048867448 time=13.2s est_300=1h 05m 24s
[LG:ConViT-Ti][031/300] loss=32.9920 ce=3.8522 guidance=11.6559 beta=2.50 train_acc=15.12% test_acc=20.87% best=20.87% lr=0.00048788649 time=13.0s est_300=1h 05m 24s
[LG:ConViT-Ti][032/300] loss=32.8696 ce=3.8339 guidance=11.6143 beta=2.50 train_acc=16.10% test_acc=20.04% best=20.87% lr=0.00048707268 time=13.1s est_300=1h 05m 23s
[LG:ConViT-Ti][033/300] loss=32.4934 ce=3.7980 guidance=11.4782 beta=2.50 train_acc=16.13% test_acc=22.66% best=22.66% lr=0.00048623315 time=12.1s est_300=1h 05m 15s
[LG:ConViT-Ti][034/300] loss=32.1017 ce=3.7376 guidance=11.3456 beta=2.50 train_acc=17.39% test_acc=23.70% best=23.70% lr=0.00048536799 time=12.5s est_300=1h 05m 10s
[LG:ConViT-Ti][035/300] loss=31.8288 ce=3.7009 guidance=11.2511 beta=2.50 train_acc=17.80% test_acc=24.02% best=24.02% lr=0.00048447729 time=13.2s est_300=1h 05m 11s
[LG:ConViT-Ti][036/300] loss=31.3145 ce=3.6419 guidance=11.0690 beta=2.50 train_acc=18.65% test_acc=24.11% best=24.11% lr=0.00048356116 time=12.2s est_300=1h 05m 04s
[LG:ConViT-Ti][037/300] loss=31.3052 ce=3.6246 guidance=11.0722 beta=2.50 train_acc=19.28% test_acc=24.28% best=24.28% lr=0.00048261968 time=13.3s est_300=1h 05m 06s
[LG:ConViT-Ti][038/300] loss=31.0446 ce=3.5804 guidance=10.9857 beta=2.50 train_acc=20.16% test_acc=26.22% best=26.22% lr=0.00048165297 time=12.0s est_300=1h 04m 58s
[LG:ConViT-Ti][039/300] loss=30.6863 ce=3.5444 guidance=10.8567 beta=2.50 train_acc=19.99% test_acc=27.70% best=27.70% lr=0.00048066113 time=12.1s est_300=1h 04m 51s
[LG:ConViT-Ti][040/300] loss=30.5478 ce=3.5302 guidance=10.8070 beta=2.50 train_acc=21.03% test_acc=27.94% best=27.94% lr=0.00047964427 time=11.7s est_300=1h 04m 42s
[LG:ConViT-Ti][041/300] loss=30.2207 ce=3.4709 guidance=10.6999 beta=2.50 train_acc=21.54% test_acc=28.77% best=28.77% lr=0.0004786025 time=10.9s est_300=1h 04m 26s
[LG:ConViT-Ti][042/300] loss=29.9331 ce=3.4651 guidance=10.5872 beta=2.50 train_acc=22.01% test_acc=27.29% best=28.77% lr=0.00047753594 time=11.8s est_300=1h 04m 19s
[LG:ConViT-Ti][043/300] loss=30.3747 ce=3.4489 guidance=10.7703 beta=2.50 train_acc=22.89% test_acc=29.17% best=29.17% lr=0.0004764447 time=13.6s est_300=1h 04m 24s
[LG:ConViT-Ti][044/300] loss=29.7021 ce=3.4287 guidance=10.5094 beta=2.50 train_acc=22.49% test_acc=29.94% best=29.94% lr=0.0004753289 time=14.3s est_300=1h 04m 33s
[LG:ConViT-Ti][045/300] loss=29.5556 ce=3.3722 guidance=10.4733 beta=2.50 train_acc=23.73% test_acc=31.41% best=31.41% lr=0.00047418866 time=14.2s est_300=1h 04m 42s
[LG:ConViT-Ti][046/300] loss=29.1635 ce=3.3566 guidance=10.3227 beta=2.50 train_acc=23.66% test_acc=31.46% best=31.46% lr=0.00047302411 time=13.5s est_300=1h 04m 46s
[LG:ConViT-Ti][047/300] loss=29.0768 ce=3.2841 guidance=10.3171 beta=2.50 train_acc=24.58% test_acc=31.05% best=31.46% lr=0.00047183539 time=14.1s est_300=1h 04m 53s
[LG:ConViT-Ti][048/300] loss=28.8596 ce=3.3289 guidance=10.2123 beta=2.50 train_acc=24.71% test_acc=30.70% best=31.46% lr=0.0004706226 time=14.1s est_300=1h 05m 00s
[LG:ConViT-Ti][049/300] loss=28.5309 ce=3.2038 guidance=10.1308 beta=2.50 train_acc=27.34% test_acc=31.83% best=31.83% lr=0.0004693859 time=13.8s est_300=1h 05m 05s
[LG:ConViT-Ti][050/300] loss=28.6834 ce=3.2102 guidance=10.1893 beta=2.50 train_acc=26.43% test_acc=32.71% best=32.71% lr=0.00046812542 time=13.4s est_300=1h 05m 07s
[LG:ConViT-Ti][051/300] loss=28.2494 ce=3.1839 guidance=10.0262 beta=2.50 train_acc=26.97% test_acc=32.41% best=32.71% lr=0.00046684129 time=12.2s est_300=1h 05m 03s
[LG:ConViT-Ti][052/300] loss=28.3616 ce=3.1735 guidance=10.0752 beta=2.50 train_acc=26.75% test_acc=33.76% best=33.76% lr=0.00046553365 time=13.3s est_300=1h 05m 05s
[LG:ConViT-Ti][053/300] loss=28.1359 ce=3.1392 guidance=9.9987 beta=2.50 train_acc=28.53% test_acc=33.28% best=33.76% lr=0.00046420265 time=12.3s est_300=1h 05m 01s
[LG:ConViT-Ti][054/300] loss=28.0267 ce=3.0917 guidance=9.9740 beta=2.50 train_acc=29.67% test_acc=34.02% best=34.02% lr=0.00046284844 time=12.2s est_300=1h 04m 56s
[LG:ConViT-Ti][055/300] loss=27.7623 ce=3.1090 guidance=9.8613 beta=2.50 train_acc=29.06% test_acc=35.42% best=35.42% lr=0.00046147116 time=12.3s est_300=1h 04m 52s
[LG:ConViT-Ti][056/300] loss=27.6864 ce=3.0866 guidance=9.8399 beta=2.50 train_acc=29.72% test_acc=35.00% best=35.42% lr=0.00046007097 time=12.1s est_300=1h 04m 48s
[LG:ConViT-Ti][057/300] loss=27.6721 ce=3.0641 guidance=9.8432 beta=2.50 train_acc=29.67% test_acc=34.98% best=35.42% lr=0.00045864801 time=13.0s est_300=1h 04m 48s
[LG:ConViT-Ti][058/300] loss=27.6865 ce=3.0281 guidance=9.8634 beta=2.50 train_acc=30.64% test_acc=35.36% best=35.42% lr=0.00045720244 time=13.7s est_300=1h 04m 52s
[LG:ConViT-Ti][059/300] loss=27.3066 ce=2.9530 guidance=9.7414 beta=2.50 train_acc=31.98% test_acc=34.97% best=35.42% lr=0.00045573443 time=13.5s est_300=1h 04m 54s
[LG:ConViT-Ti][060/300] loss=27.2327 ce=2.9878 guidance=9.6979 beta=2.50 train_acc=31.15% test_acc=36.05% best=36.05% lr=0.00045424413 time=13.3s est_300=1h 04m 56s
[LG:ConViT-Ti][061/300] loss=27.1781 ce=2.9549 guidance=9.6893 beta=2.50 train_acc=32.08% test_acc=36.47% best=36.47% lr=0.00045273171 time=12.3s est_300=1h 04m 53s
[LG:ConViT-Ti][062/300] loss=27.0497 ce=2.9461 guidance=9.6414 beta=2.50 train_acc=31.86% test_acc=37.37% best=37.37% lr=0.00045119733 time=12.5s est_300=1h 04m 50s
[LG:ConViT-Ti][063/300] loss=26.9550 ce=2.9217 guidance=9.6133 beta=2.50 train_acc=31.22% test_acc=36.88% best=37.37% lr=0.00044964115 time=12.8s est_300=1h 04m 50s
[LG:ConViT-Ti][064/300] loss=27.0138 ce=2.9396 guidance=9.6297 beta=2.50 train_acc=32.39% test_acc=37.56% best=37.56% lr=0.00044806337 time=12.4s est_300=1h 04m 47s
[LG:ConViT-Ti][065/300] loss=26.8246 ce=2.9151 guidance=9.5638 beta=2.50 train_acc=32.37% test_acc=38.32% best=38.32% lr=0.00044646413 time=11.7s est_300=1h 04m 41s
[LG:ConViT-Ti][066/300] loss=26.6841 ce=2.8396 guidance=9.5378 beta=2.50 train_acc=34.10% test_acc=38.07% best=38.32% lr=0.00044484363 time=12.4s est_300=1h 04m 38s
[LG:ConViT-Ti][067/300] loss=26.6946 ce=2.8038 guidance=9.5563 beta=2.50 train_acc=34.60% test_acc=38.37% best=38.37% lr=0.00044320203 time=13.2s est_300=1h 04m 39s
[LG:ConViT-Ti][068/300] loss=26.4611 ce=2.8383 guidance=9.4491 beta=2.50 train_acc=34.21% test_acc=38.68% best=38.68% lr=0.00044153952 time=13.7s est_300=1h 04m 43s
[LG:ConViT-Ti][069/300] loss=26.6652 ce=2.8606 guidance=9.5218 beta=2.50 train_acc=33.71% test_acc=38.32% best=38.68% lr=0.00043985628 time=13.3s est_300=1h 04m 44s
[LG:ConViT-Ti][070/300] loss=26.4089 ce=2.8035 guidance=9.4422 beta=2.50 train_acc=34.83% test_acc=40.25% best=40.25% lr=0.00043815249 time=12.1s est_300=1h 04m 41s
[LG:ConViT-Ti][071/300] loss=26.2712 ce=2.8167 guidance=9.3818 beta=2.50 train_acc=34.73% test_acc=39.30% best=40.25% lr=0.00043642834 time=12.0s est_300=1h 04m 37s
[LG:ConViT-Ti][072/300] loss=26.1827 ce=2.7562 guidance=9.3706 beta=2.50 train_acc=36.01% test_acc=40.06% best=40.25% lr=0.00043468403 time=11.6s est_300=1h 04m 32s
[LG:ConViT-Ti][073/300] loss=26.2260 ce=2.7380 guidance=9.3952 beta=2.50 train_acc=35.04% test_acc=38.66% best=40.25% lr=0.00043291974 time=10.9s est_300=1h 04m 23s
[LG:ConViT-Ti][074/300] loss=26.1072 ce=2.7184 guidance=9.3555 beta=2.50 train_acc=36.16% test_acc=39.66% best=40.25% lr=0.00043113566 time=11.1s est_300=1h 04m 16s
[LG:ConViT-Ti][075/300] loss=26.0738 ce=2.7094 guidance=9.3458 beta=2.50 train_acc=37.62% test_acc=39.11% best=40.25% lr=0.00042933199 time=11.2s est_300=1h 04m 09s
[LG:ConViT-Ti][076/300] loss=25.9848 ce=2.6717 guidance=9.3252 beta=2.50 train_acc=37.09% test_acc=39.83% best=40.25% lr=0.00042750893 time=11.9s est_300=1h 04m 06s
[LG:ConViT-Ti][077/300] loss=25.8087 ce=2.6718 guidance=9.2548 beta=2.50 train_acc=37.11% test_acc=38.99% best=40.25% lr=0.00042566668 time=11.0s est_300=1h 03m 58s
[LG:ConViT-Ti][078/300] loss=25.7332 ce=2.6832 guidance=9.2200 beta=2.50 train_acc=37.31% test_acc=38.92% best=40.25% lr=0.00042380544 time=12.4s est_300=1h 03m 57s
[LG:ConViT-Ti][079/300] loss=25.6799 ce=2.7197 guidance=9.1841 beta=2.50 train_acc=36.26% test_acc=39.96% best=40.25% lr=0.00042192541 time=12.8s est_300=1h 03m 57s
[LG:ConViT-Ti][080/300] loss=25.7597 ce=2.6394 guidance=9.2481 beta=2.50 train_acc=38.03% test_acc=40.96% best=40.96% lr=0.0004200268 time=14.2s est_300=1h 04m 02s
[LG:ConViT-Ti][081/300] loss=25.6288 ce=2.6189 guidance=9.2039 beta=2.50 train_acc=38.52% test_acc=40.92% best=40.96% lr=0.00041810983 time=14.3s est_300=1h 04m 08s
[LG:ConViT-Ti][082/300] loss=25.5108 ce=2.5942 guidance=9.1666 beta=2.50 train_acc=38.76% test_acc=41.49% best=41.49% lr=0.00041617469 time=14.0s est_300=1h 04m 12s
[LG:ConViT-Ti][083/300] loss=25.4224 ce=2.6078 guidance=9.1258 beta=2.50 train_acc=38.43% test_acc=40.47% best=41.49% lr=0.0004142216 time=11.5s est_300=1h 04m 07s
[LG:ConViT-Ti][084/300] loss=25.2956 ce=2.5711 guidance=9.0898 beta=2.50 train_acc=39.67% test_acc=40.51% best=41.49% lr=0.00041225078 time=12.2s est_300=1h 04m 05s
[LG:ConViT-Ti][085/300] loss=25.4029 ce=2.6056 guidance=9.1189 beta=2.50 train_acc=38.82% test_acc=40.59% best=41.49% lr=0.00041026244 time=11.5s est_300=1h 04m 00s
[LG:ConViT-Ti][086/300] loss=25.3630 ce=2.5532 guidance=9.1239 beta=2.50 train_acc=40.12% test_acc=40.94% best=41.49% lr=0.0004082568 time=13.7s est_300=1h 04m 04s
[LG:ConViT-Ti][087/300] loss=25.2106 ce=2.4957 guidance=9.0860 beta=2.50 train_acc=40.42% test_acc=39.44% best=41.49% lr=0.00040623408 time=11.6s est_300=1h 03m 59s
[LG:ConViT-Ti][088/300] loss=25.2693 ce=2.4956 guidance=9.1095 beta=2.50 train_acc=40.93% test_acc=40.73% best=41.49% lr=0.0004041945 time=11.7s est_300=1h 03m 56s
[LG:ConViT-Ti][089/300] loss=25.4066 ce=2.5343 guidance=9.1489 beta=2.50 train_acc=39.59% test_acc=41.03% best=41.49% lr=0.00040213828 time=11.7s est_300=1h 03m 52s
[LG:ConViT-Ti][090/300] loss=25.1584 ce=2.5095 guidance=9.0596 beta=2.50 train_acc=40.59% test_acc=41.89% best=41.89% lr=0.00040006566 time=14.4s est_300=1h 03m 57s
[LG:ConViT-Ti][091/300] loss=25.0803 ce=2.4949 guidance=9.0342 beta=2.50 train_acc=40.96% test_acc=40.99% best=41.89% lr=0.00039797685 time=13.3s est_300=1h 03m 59s
[LG:ConViT-Ti][092/300] loss=24.9621 ce=2.4463 guidance=9.0063 beta=2.50 train_acc=42.00% test_acc=40.68% best=41.89% lr=0.00039587209 time=12.2s est_300=1h 03m 57s
[LG:ConViT-Ti][093/300] loss=25.0911 ce=2.4224 guidance=9.0675 beta=2.50 train_acc=43.07% test_acc=41.77% best=41.89% lr=0.00039375161 time=12.3s est_300=1h 03m 56s
[LG:ConViT-Ti][094/300] loss=24.8847 ce=2.4152 guidance=8.9878 beta=2.50 train_acc=42.22% test_acc=42.25% best=42.25% lr=0.00039161564 time=13.2s est_300=1h 03m 57s
[LG:ConViT-Ti][095/300] loss=24.8273 ce=2.4212 guidance=8.9624 beta=2.50 train_acc=42.99% test_acc=41.97% best=42.25% lr=0.00038946441 time=13.4s est_300=1h 03m 59s
[LG:ConViT-Ti][096/300] loss=24.7395 ce=2.4032 guidance=8.9345 beta=2.50 train_acc=43.19% test_acc=42.08% best=42.25% lr=0.00038729816 time=12.1s est_300=1h 03m 57s
[LG:ConViT-Ti][097/300] loss=24.8102 ce=2.3768 guidance=8.9734 beta=2.50 train_acc=44.17% test_acc=42.32% best=42.32% lr=0.00038511713 time=11.3s est_300=1h 03m 52s
[LG:ConViT-Ti][098/300] loss=24.8364 ce=2.3648 guidance=8.9886 beta=2.50 train_acc=43.92% test_acc=41.56% best=42.32% lr=0.00038292156 time=12.2s est_300=1h 03m 50s
[LG:ConViT-Ti][099/300] loss=24.7115 ce=2.3752 guidance=8.9345 beta=2.50 train_acc=43.36% test_acc=41.87% best=42.32% lr=0.00038071168 time=12.4s est_300=1h 03m 49s
[LG:ConViT-Ti][100/300] loss=24.7742 ce=2.3663 guidance=8.9631 beta=2.50 train_acc=44.38% test_acc=41.75% best=42.32% lr=0.00037848775 time=13.3s est_300=1h 03m 51s
[LG:ConViT-Ti][101/300] loss=24.9673 ce=2.3764 guidance=9.0364 beta=2.50 train_acc=43.31% test_acc=41.59% best=42.32% lr=0.00037625 time=14.0s est_300=1h 03m 54s
[LG:ConViT-Ti][102/300] loss=24.5657 ce=2.3811 guidance=8.8738 beta=2.50 train_acc=43.44% test_acc=42.10% best=42.32% lr=0.00037399868 time=13.0s est_300=1h 03m 55s
[LG:ConViT-Ti][103/300] loss=24.4341 ce=2.3592 guidance=8.8300 beta=2.50 train_acc=44.36% test_acc=42.58% best=42.58% lr=0.00037173403 time=14.3s est_300=1h 04m 00s
[LG:ConViT-Ti][104/300] loss=24.5170 ce=2.3052 guidance=8.8847 beta=2.50 train_acc=45.31% test_acc=41.53% best=42.58% lr=0.00036945631 time=13.8s est_300=1h 04m 02s
[LG:ConViT-Ti][105/300] loss=24.5192 ce=2.3217 guidance=8.8790 beta=2.50 train_acc=45.87% test_acc=42.84% best=42.84% lr=0.00036716577 time=12.2s est_300=1h 04m 00s
[LG:ConViT-Ti][106/300] loss=24.5310 ce=2.3252 guidance=8.8823 beta=2.50 train_acc=45.21% test_acc=41.28% best=42.84% lr=0.00036486265 time=12.5s est_300=1h 04m 00s
[LG:ConViT-Ti][107/300] loss=24.3722 ce=2.3003 guidance=8.8288 beta=2.50 train_acc=44.55% test_acc=42.03% best=42.84% lr=0.00036254721 time=11.8s est_300=1h 03m 57s
[LG:ConViT-Ti][108/300] loss=24.5224 ce=2.2895 guidance=8.8932 beta=2.50 train_acc=46.45% test_acc=42.41% best=42.84% lr=0.0003602197 time=11.8s est_300=1h 03m 54s
[LG:ConViT-Ti][109/300] loss=24.2683 ce=2.3136 guidance=8.7819 beta=2.50 train_acc=45.04% test_acc=42.96% best=42.96% lr=0.00035788037 time=11.5s est_300=1h 03m 50s
[LG:ConViT-Ti][110/300] loss=24.2585 ce=2.2741 guidance=8.7938 beta=2.50 train_acc=46.65% test_acc=41.92% best=42.96% lr=0.0003555295 time=12.9s est_300=1h 03m 51s
[LG:ConViT-Ti][111/300] loss=24.3033 ce=2.2606 guidance=8.8171 beta=2.50 train_acc=45.52% test_acc=42.99% best=42.99% lr=0.00035316732 time=13.6s est_300=1h 03m 53s
[LG:ConViT-Ti][112/300] loss=24.1693 ce=2.2651 guidance=8.7617 beta=2.50 train_acc=46.65% test_acc=42.23% best=42.99% lr=0.0003507941 time=13.6s est_300=1h 03m 55s
[LG:ConViT-Ti][113/300] loss=23.9773 ce=2.2739 guidance=8.6814 beta=2.50 train_acc=46.13% test_acc=42.79% best=42.99% lr=0.00034841011 time=13.6s est_300=1h 03m 57s
[LG:ConViT-Ti][114/300] loss=24.1323 ce=2.2555 guidance=8.7507 beta=2.50 train_acc=46.09% test_acc=42.99% best=42.99% lr=0.00034601559 time=12.7s est_300=1h 03m 57s
[LG:ConViT-Ti][115/300] loss=24.0754 ce=2.2304 guidance=8.7380 beta=2.50 train_acc=47.57% test_acc=42.58% best=42.99% lr=0.00034361083 time=11.8s est_300=1h 03m 54s
[LG:ConViT-Ti][116/300] loss=23.9776 ce=2.2043 guidance=8.7093 beta=2.50 train_acc=47.35% test_acc=42.63% best=42.99% lr=0.00034119607 time=13.4s est_300=1h 03m 56s
[LG:ConViT-Ti][117/300] loss=23.8879 ce=2.2421 guidance=8.6583 beta=2.50 train_acc=46.65% test_acc=43.48% best=43.48% lr=0.00033877158 time=13.0s est_300=1h 03m 56s
[LG:ConViT-Ti][118/300] loss=23.8327 ce=2.2097 guidance=8.6492 beta=2.50 train_acc=47.71% test_acc=43.46% best=43.48% lr=0.00033633764 time=12.1s est_300=1h 03m 55s
[LG:ConViT-Ti][119/300] loss=23.8477 ce=2.1629 guidance=8.6739 beta=2.50 train_acc=48.61% test_acc=42.84% best=43.48% lr=0.0003338945 time=13.2s est_300=1h 03m 56s
[LG:ConViT-Ti][120/300] loss=23.9297 ce=2.1811 guidance=8.6994 beta=2.50 train_acc=47.86% test_acc=42.35% best=43.48% lr=0.00033144243 time=12.0s est_300=1h 03m 54s
[LG:ConViT-Ti][121/300] loss=23.7919 ce=2.1769 guidance=8.6460 beta=2.50 train_acc=47.93% test_acc=41.91% best=43.48% lr=0.00032898171 time=13.1s est_300=1h 03m 54s
[LG:ConViT-Ti][122/300] loss=23.8881 ce=2.1567 guidance=8.6926 beta=2.50 train_acc=48.86% test_acc=43.36% best=43.48% lr=0.0003265126 time=13.8s est_300=1h 03m 57s
[LG:ConViT-Ti][123/300] loss=23.7089 ce=2.1404 guidance=8.6274 beta=2.50 train_acc=49.61% test_acc=43.89% best=43.89% lr=0.00032403537 time=13.5s est_300=1h 03m 59s
[LG:ConViT-Ti][124/300] loss=23.8391 ce=2.1325 guidance=8.6827 beta=2.50 train_acc=49.73% test_acc=42.22% best=43.89% lr=0.0003215503 time=14.1s est_300=1h 04m 02s
[LG:ConViT-Ti][125/300] loss=23.6934 ce=2.1644 guidance=8.6116 beta=2.50 train_acc=49.75% test_acc=43.15% best=43.89% lr=0.00031905766 time=11.2s est_300=1h 03m 58s
[LG:ConViT-Ti][126/300] loss=23.6888 ce=2.1284 guidance=8.6242 beta=2.50 train_acc=49.71% test_acc=42.42% best=43.89% lr=0.00031655771 time=11.8s est_300=1h 03m 56s
[LG:ConViT-Ti][127/300] loss=23.5880 ce=2.0843 guidance=8.6015 beta=2.50 train_acc=50.54% test_acc=43.61% best=43.89% lr=0.00031405075 time=12.8s est_300=1h 03m 56s
[LG:ConViT-Ti][128/300] loss=23.5287 ce=2.0834 guidance=8.5781 beta=2.50 train_acc=50.44% test_acc=44.34% best=44.34% lr=0.00031153703 time=12.8s est_300=1h 03m 56s
[LG:ConViT-Ti][129/300] loss=23.6795 ce=2.0467 guidance=8.6531 beta=2.50 train_acc=52.33% test_acc=42.98% best=44.34% lr=0.00030901684 time=11.2s est_300=1h 03m 52s
[LG:ConViT-Ti][130/300] loss=23.5243 ce=2.0868 guidance=8.5750 beta=2.50 train_acc=50.39% test_acc=43.03% best=44.34% lr=0.00030649045 time=12.2s est_300=1h 03m 51s
[LG:ConViT-Ti][131/300] loss=23.6739 ce=2.0829 guidance=8.6364 beta=2.50 train_acc=50.82% test_acc=42.94% best=44.34% lr=0.00030395814 time=10.9s est_300=1h 03m 47s
[LG:ConViT-Ti][132/300] loss=23.5174 ce=2.0712 guidance=8.5785 beta=2.50 train_acc=50.66% test_acc=44.03% best=44.34% lr=0.00030142019 time=11.8s est_300=1h 03m 44s
[LG:ConViT-Ti][133/300] loss=23.4755 ce=2.0602 guidance=8.5661 beta=2.50 train_acc=51.12% test_acc=43.91% best=44.34% lr=0.00029887688 time=11.8s est_300=1h 03m 42s
[LG:ConViT-Ti][134/300] loss=23.3794 ce=2.0385 guidance=8.5364 beta=2.50 train_acc=52.04% test_acc=42.18% best=44.34% lr=0.00029632847 time=11.7s est_300=1h 03m 40s
[LG:ConViT-Ti][135/300] loss=23.5402 ce=2.0431 guidance=8.5988 beta=2.50 train_acc=51.97% test_acc=43.86% best=44.34% lr=0.00029377526 time=12.7s est_300=1h 03m 40s
[LG:ConViT-Ti][136/300] loss=23.4171 ce=2.0422 guidance=8.5500 beta=2.50 train_acc=52.04% test_acc=43.65% best=44.34% lr=0.00029121753 time=11.7s est_300=1h 03m 38s
[LG:ConViT-Ti][137/300] loss=23.3091 ce=2.0679 guidance=8.4965 beta=2.50 train_acc=50.95% test_acc=42.68% best=44.34% lr=0.00028865555 time=11.6s est_300=1h 03m 35s
[LG:ConViT-Ti][138/300] loss=23.2966 ce=2.0416 guidance=8.5020 beta=2.50 train_acc=51.94% test_acc=43.67% best=44.34% lr=0.0002860896 time=11.2s est_300=1h 03m 32s
[LG:ConViT-Ti][139/300] loss=23.1842 ce=1.9644 guidance=8.4879 beta=2.50 train_acc=53.02% test_acc=43.30% best=44.34% lr=0.00028351998 time=10.9s est_300=1h 03m 28s
[LG:ConViT-Ti][140/300] loss=23.1545 ce=2.0063 guidance=8.4593 beta=2.50 train_acc=52.65% test_acc=43.42% best=44.34% lr=0.00028094694 time=10.9s est_300=1h 03m 24s
[LG:ConViT-Ti][141/300] loss=23.2130 ce=1.9806 guidance=8.4930 beta=2.50 train_acc=53.43% test_acc=44.10% best=44.34% lr=0.00027837079 time=11.4s est_300=1h 03m 21s
[LG:ConViT-Ti][142/300] loss=23.2176 ce=1.9807 guidance=8.4948 beta=2.50 train_acc=53.14% test_acc=44.10% best=44.34% lr=0.00027579181 time=13.5s est_300=1h 03m 23s
[LG:ConViT-Ti][143/300] loss=23.1014 ce=1.9515 guidance=8.4600 beta=2.50 train_acc=53.80% test_acc=44.44% best=44.44% lr=0.00027321027 time=12.8s est_300=1h 03m 23s
[LG:ConViT-Ti][144/300] loss=23.1351 ce=1.9604 guidance=8.4699 beta=2.50 train_acc=53.74% test_acc=42.87% best=44.44% lr=0.00027062645 time=12.3s est_300=1h 03m 23s
[LG:ConViT-Ti][145/300] loss=23.2755 ce=1.9759 guidance=8.5199 beta=2.50 train_acc=53.74% test_acc=43.56% best=44.44% lr=0.00026804065 time=12.4s est_300=1h 03m 22s
[LG:ConViT-Ti][146/300] loss=23.0035 ce=1.9651 guidance=8.4153 beta=2.50 train_acc=53.36% test_acc=43.29% best=44.44% lr=0.00026545315 time=13.1s est_300=1h 03m 23s
[LG:ConViT-Ti][147/300] loss=23.1779 ce=1.9369 guidance=8.4964 beta=2.50 train_acc=54.42% test_acc=42.72% best=44.44% lr=0.00026286422 time=13.6s est_300=1h 03m 25s
[LG:ConViT-Ti][148/300] loss=22.9946 ce=1.9710 guidance=8.4094 beta=2.50 train_acc=53.62% test_acc=44.08% best=44.44% lr=0.00026027416 time=12.7s est_300=1h 03m 25s
[LG:ConViT-Ti][149/300] loss=22.9729 ce=1.9016 guidance=8.4285 beta=2.50 train_acc=54.93% test_acc=43.60% best=44.44% lr=0.00025768325 time=12.3s est_300=1h 03m 24s
[LG:ConViT-Ti][150/300] loss=23.1068 ce=1.9145 guidance=8.4769 beta=2.50 train_acc=55.15% test_acc=44.20% best=44.44% lr=0.00025509177 time=12.3s est_300=1h 03m 23s
[LG:ConViT-Ti][151/300] loss=22.8850 ce=1.9389 guidance=8.3784 beta=2.50 train_acc=54.18% test_acc=44.24% best=44.44% lr=0.0002525 time=14.2s est_300=1h 03m 26s
[LG:ConViT-Ti][152/300] loss=23.0014 ce=1.8952 guidance=8.4425 beta=2.50 train_acc=55.38% test_acc=44.37% best=44.44% lr=0.00024990823 time=13.7s est_300=1h 03m 28s
[LG:ConViT-Ti][153/300] loss=22.8057 ce=1.9562 guidance=8.3398 beta=2.50 train_acc=53.70% test_acc=43.56% best=44.44% lr=0.00024731675 time=13.3s est_300=1h 03m 29s
[LG:ConViT-Ti][154/300] loss=22.8376 ce=1.8893 guidance=8.3793 beta=2.50 train_acc=54.89% test_acc=43.34% best=44.44% lr=0.00024472584 time=14.1s est_300=1h 03m 32s
[LG:ConViT-Ti][155/300] loss=23.1680 ce=1.8898 guidance=8.5113 beta=2.50 train_acc=55.10% test_acc=43.68% best=44.44% lr=0.00024213578 time=12.0s est_300=1h 03m 31s
[LG:ConViT-Ti][156/300] loss=22.8734 ce=1.9109 guidance=8.3850 beta=2.50 train_acc=54.99% test_acc=43.55% best=44.44% lr=0.00023954685 time=12.2s est_300=1h 03m 30s
[LG:ConViT-Ti][157/300] loss=22.7610 ce=1.8633 guidance=8.3591 beta=2.50 train_acc=55.77% test_acc=43.51% best=44.44% lr=0.00023695935 time=12.7s est_300=1h 03m 30s
[LG:ConViT-Ti][158/300] loss=22.9177 ce=1.8789 guidance=8.4155 beta=2.50 train_acc=55.77% test_acc=43.91% best=44.44% lr=0.00023437355 time=11.8s est_300=1h 03m 28s
[LG:ConViT-Ti][159/300] loss=22.8529 ce=1.8616 guidance=8.3965 beta=2.50 train_acc=56.52% test_acc=44.08% best=44.44% lr=0.00023178973 time=12.7s est_300=1h 03m 28s
[LG:ConViT-Ti][160/300] loss=22.8418 ce=1.8550 guidance=8.3947 beta=2.50 train_acc=56.42% test_acc=43.55% best=44.44% lr=0.00022920819 time=11.9s est_300=1h 03m 27s
[LG:ConViT-Ti][161/300] loss=22.8873 ce=1.8580 guidance=8.4117 beta=2.50 train_acc=56.61% test_acc=43.20% best=44.44% lr=0.00022662921 time=13.7s est_300=1h 03m 28s
[LG:ConViT-Ti][162/300] loss=22.7855 ce=1.8862 guidance=8.3597 beta=2.50 train_acc=55.50% test_acc=42.63% best=44.44% lr=0.00022405306 time=14.3s est_300=1h 03m 31s
[LG:ConViT-Ti][163/300] loss=22.7385 ce=1.8497 guidance=8.3555 beta=2.50 train_acc=56.86% test_acc=43.37% best=44.44% lr=0.00022148002 time=13.3s est_300=1h 03m 33s
[LG:ConViT-Ti][164/300] loss=22.8992 ce=1.8581 guidance=8.4165 beta=2.50 train_acc=56.40% test_acc=44.05% best=44.44% lr=0.0002189104 time=12.5s est_300=1h 03m 32s
[LG:ConViT-Ti][165/300] loss=22.7229 ce=1.8021 guidance=8.3684 beta=2.50 train_acc=57.56% test_acc=43.75% best=44.44% lr=0.00021634445 time=12.5s est_300=1h 03m 32s
[LG:ConViT-Ti][166/300] loss=22.5975 ce=1.8167 guidance=8.3123 beta=2.50 train_acc=57.15% test_acc=43.63% best=44.44% lr=0.00021378247 time=14.0s est_300=1h 03m 34s
[LG:ConViT-Ti][167/300] loss=22.5701 ce=1.8173 guidance=8.3011 beta=2.50 train_acc=56.84% test_acc=44.34% best=44.44% lr=0.00021122474 time=13.0s est_300=1h 03m 35s
[LG:ConViT-Ti][168/300] loss=22.4674 ce=1.8451 guidance=8.2489 beta=2.50 train_acc=57.30% test_acc=43.92% best=44.44% lr=0.00020867153 time=11.7s est_300=1h 03m 33s
[LG:ConViT-Ti][169/300] loss=22.7211 ce=1.8010 guidance=8.3680 beta=2.50 train_acc=57.27% test_acc=44.79% best=44.79% lr=0.00020612312 time=11.7s est_300=1h 03m 31s
[LG:ConViT-Ti][170/300] loss=22.6356 ce=1.8604 guidance=8.3101 beta=2.50 train_acc=56.05% test_acc=44.06% best=44.79% lr=0.00020357981 time=12.5s est_300=1h 03m 31s
[LG:ConViT-Ti][171/300] loss=22.5622 ce=1.8162 guidance=8.2984 beta=2.50 train_acc=57.30% test_acc=43.92% best=44.79% lr=0.00020104186 time=12.7s est_300=1h 03m 31s
[LG:ConViT-Ti][172/300] loss=22.3995 ce=1.7818 guidance=8.2471 beta=2.50 train_acc=58.31% test_acc=44.87% best=44.87% lr=0.00019850955 time=11.9s est_300=1h 03m 29s
[LG:ConViT-Ti][173/300] loss=22.5066 ce=1.8046 guidance=8.2808 beta=2.50 train_acc=57.03% test_acc=44.86% best=44.87% lr=0.00019598316 time=11.8s est_300=1h 03m 28s
[LG:ConViT-Ti][174/300] loss=22.5416 ce=1.8171 guidance=8.2898 beta=2.50 train_acc=56.83% test_acc=43.65% best=44.87% lr=0.00019346297 time=13.5s est_300=1h 03m 29s
[LG:ConViT-Ti][175/300] loss=22.5742 ce=1.7270 guidance=8.3389 beta=2.50 train_acc=58.85% test_acc=44.51% best=44.87% lr=0.00019094925 time=13.5s est_300=1h 03m 30s
[LG:ConViT-Ti][176/300] loss=22.4585 ce=1.7656 guidance=8.2772 beta=2.50 train_acc=58.63% test_acc=44.75% best=44.87% lr=0.00018844229 time=12.0s est_300=1h 03m 29s
[LG:ConViT-Ti][177/300] loss=22.3495 ce=1.7617 guidance=8.2351 beta=2.50 train_acc=58.87% test_acc=44.60% best=44.87% lr=0.00018594234 time=12.7s est_300=1h 03m 29s
[LG:ConViT-Ti][178/300] loss=22.4018 ce=1.7677 guidance=8.2536 beta=2.50 train_acc=58.22% test_acc=43.92% best=44.87% lr=0.0001834497 time=13.0s est_300=1h 03m 30s
[LG:ConViT-Ti][179/300] loss=22.3744 ce=1.7770 guidance=8.2390 beta=2.50 train_acc=57.98% test_acc=44.27% best=44.87% lr=0.00018096463 time=12.1s est_300=1h 03m 29s
[LG:ConViT-Ti][180/300] loss=22.3165 ce=1.7304 guidance=8.2344 beta=2.50 train_acc=59.09% test_acc=45.13% best=45.13% lr=0.0001784874 time=11.6s est_300=1h 03m 27s
[LG:ConViT-Ti][181/300] loss=22.4243 ce=1.7664 guidance=8.2631 beta=2.50 train_acc=58.53% test_acc=44.27% best=45.13% lr=0.00017601829 time=12.9s est_300=1h 03m 27s
[LG:ConViT-Ti][182/300] loss=22.3559 ce=1.7501 guidance=8.2423 beta=2.50 train_acc=58.68% test_acc=44.34% best=45.13% lr=0.00017355757 time=13.8s est_300=1h 03m 29s
[LG:ConViT-Ti][183/300] loss=22.1995 ce=1.7439 guidance=8.1822 beta=2.50 train_acc=59.38% test_acc=44.06% best=45.13% lr=0.0001711055 time=12.5s est_300=1h 03m 29s
[LG:ConViT-Ti][184/300] loss=22.3352 ce=1.7161 guidance=8.2476 beta=2.50 train_acc=59.54% test_acc=44.91% best=45.13% lr=0.00016866236 time=11.8s est_300=1h 03m 27s
[LG:ConViT-Ti][185/300] loss=22.3110 ce=1.7285 guidance=8.2330 beta=2.50 train_acc=59.02% test_acc=44.62% best=45.13% lr=0.00016622842 time=11.7s est_300=1h 03m 26s
[LG:ConViT-Ti][186/300] loss=22.3209 ce=1.7550 guidance=8.2264 beta=2.50 train_acc=58.68% test_acc=44.49% best=45.13% lr=0.00016380393 time=13.2s est_300=1h 03m 27s
[LG:ConViT-Ti][187/300] loss=22.2117 ce=1.6939 guidance=8.2071 beta=2.50 train_acc=60.65% test_acc=43.99% best=45.13% lr=0.00016138917 time=12.3s est_300=1h 03m 26s
[LG:ConViT-Ti][188/300] loss=22.3208 ce=1.7503 guidance=8.2282 beta=2.50 train_acc=58.54% test_acc=44.51% best=45.13% lr=0.00015898441 time=13.2s est_300=1h 03m 27s
[LG:ConViT-Ti][189/300] loss=22.2314 ce=1.6925 guidance=8.2156 beta=2.50 train_acc=60.12% test_acc=43.79% best=45.13% lr=0.00015658989 time=12.4s est_300=1h 03m 27s
[LG:ConViT-Ti][190/300] loss=22.1392 ce=1.6806 guidance=8.1835 beta=2.50 train_acc=60.34% test_acc=44.94% best=45.13% lr=0.0001542059 time=12.9s est_300=1h 03m 27s
[LG:ConViT-Ti][191/300] loss=22.0418 ce=1.7203 guidance=8.1286 beta=2.50 train_acc=60.07% test_acc=44.58% best=45.13% lr=0.00015183268 time=12.1s est_300=1h 03m 26s
[LG:ConViT-Ti][192/300] loss=22.1628 ce=1.6564 guidance=8.2025 beta=2.50 train_acc=60.84% test_acc=44.67% best=45.13% lr=0.0001494705 time=12.7s est_300=1h 03m 26s
[LG:ConViT-Ti][193/300] loss=22.1257 ce=1.6985 guidance=8.1709 beta=2.50 train_acc=59.77% test_acc=44.11% best=45.13% lr=0.00014711963 time=12.8s est_300=1h 03m 26s
[LG:ConViT-Ti][194/300] loss=22.0282 ce=1.6763 guidance=8.1408 beta=2.50 train_acc=60.39% test_acc=44.13% best=45.13% lr=0.0001447803 time=11.8s est_300=1h 03m 25s
[LG:ConViT-Ti][195/300] loss=22.0533 ce=1.6982 guidance=8.1420 beta=2.50 train_acc=60.26% test_acc=44.37% best=45.13% lr=0.00014245279 time=13.4s est_300=1h 03m 26s
[LG:ConViT-Ti][196/300] loss=22.2479 ce=1.6582 guidance=8.2359 beta=2.50 train_acc=60.99% test_acc=44.93% best=45.13% lr=0.00014013735 time=12.2s est_300=1h 03m 25s
[LG:ConViT-Ti][197/300] loss=21.9642 ce=1.6369 guidance=8.1309 beta=2.50 train_acc=61.57% test_acc=44.70% best=45.13% lr=0.00013783423 time=12.4s est_300=1h 03m 25s
[LG:ConViT-Ti][198/300] loss=22.0925 ce=1.6277 guidance=8.1859 beta=2.50 train_acc=62.06% test_acc=44.36% best=45.13% lr=0.00013554369 time=12.9s est_300=1h 03m 25s
[LG:ConViT-Ti][199/300] loss=22.2285 ce=1.6745 guidance=8.2216 beta=2.50 train_acc=60.21% test_acc=44.22% best=45.13% lr=0.00013326597 time=13.5s est_300=1h 03m 26s
[LG:ConViT-Ti][200/300] loss=21.9651 ce=1.6369 guidance=8.1313 beta=2.50 train_acc=62.18% test_acc=44.89% best=45.13% lr=0.00013100132 time=12.8s est_300=1h 03m 27s
[LG:ConViT-Ti][201/300] loss=22.0089 ce=1.6679 guidance=8.1364 beta=2.50 train_acc=61.38% test_acc=44.48% best=45.13% lr=0.00012875 time=12.4s est_300=1h 03m 26s
[LG:ConViT-Ti][202/300] loss=21.8593 ce=1.6562 guidance=8.0812 beta=2.50 train_acc=61.29% test_acc=44.89% best=45.13% lr=0.00012651225 time=13.2s est_300=1h 03m 27s
[LG:ConViT-Ti][203/300] loss=22.0440 ce=1.6407 guidance=8.1613 beta=2.50 train_acc=61.02% test_acc=45.15% best=45.15% lr=0.00012428832 time=14.1s est_300=1h 03m 29s
[LG:ConViT-Ti][204/300] loss=21.8987 ce=1.6141 guidance=8.1139 beta=2.50 train_acc=61.12% test_acc=44.56% best=45.15% lr=0.00012207844 time=13.4s est_300=1h 03m 30s
[LG:ConViT-Ti][205/300] loss=21.9441 ce=1.6043 guidance=8.1359 beta=2.50 train_acc=61.85% test_acc=44.58% best=45.15% lr=0.00011988287 time=13.4s est_300=1h 03m 31s
[LG:ConViT-Ti][206/300] loss=21.9635 ce=1.6520 guidance=8.1246 beta=2.50 train_acc=61.04% test_acc=45.17% best=45.17% lr=0.00011770184 time=13.7s est_300=1h 03m 33s
[LG:ConViT-Ti][207/300] loss=21.8668 ce=1.6310 guidance=8.0943 beta=2.50 train_acc=62.02% test_acc=44.44% best=45.17% lr=0.00011553559 time=12.6s est_300=1h 03m 32s
[LG:ConViT-Ti][208/300] loss=21.8558 ce=1.6521 guidance=8.0815 beta=2.50 train_acc=61.72% test_acc=44.94% best=45.17% lr=0.00011338436 time=11.8s est_300=1h 03m 31s
[LG:ConViT-Ti][209/300] loss=22.0456 ce=1.6848 guidance=8.1443 beta=2.50 train_acc=60.84% test_acc=44.39% best=45.17% lr=0.00011124839 time=11.0s est_300=1h 03m 29s
[LG:ConViT-Ti][210/300] loss=21.9297 ce=1.5984 guidance=8.1325 beta=2.50 train_acc=62.92% test_acc=44.67% best=45.17% lr=0.00010912791 time=11.2s est_300=1h 03m 26s
[LG:ConViT-Ti][211/300] loss=21.8118 ce=1.6264 guidance=8.0741 beta=2.50 train_acc=61.85% test_acc=44.34% best=45.17% lr=0.00010702315 time=10.9s est_300=1h 03m 24s
[LG:ConViT-Ti][212/300] loss=21.9455 ce=1.5599 guidance=8.1542 beta=2.50 train_acc=62.79% test_acc=44.84% best=45.17% lr=0.00010493434 time=12.4s est_300=1h 03m 24s
[LG:ConViT-Ti][213/300] loss=21.9767 ce=1.6559 guidance=8.1283 beta=2.50 train_acc=60.87% test_acc=45.18% best=45.18% lr=0.00010286172 time=11.1s est_300=1h 03m 21s
[LG:ConViT-Ti][214/300] loss=21.8007 ce=1.6090 guidance=8.0767 beta=2.50 train_acc=62.16% test_acc=44.77% best=45.18% lr=0.0001008055 time=11.7s est_300=1h 03m 20s
[LG:ConViT-Ti][215/300] loss=21.8220 ce=1.6215 guidance=8.0802 beta=2.50 train_acc=62.28% test_acc=44.89% best=45.18% lr=9.8765924e-05 time=11.8s est_300=1h 03m 19s
[LG:ConViT-Ti][216/300] loss=21.7254 ce=1.6104 guidance=8.0460 beta=2.50 train_acc=62.64% test_acc=44.77% best=45.18% lr=9.6743203e-05 time=11.7s est_300=1h 03m 18s
[LG:ConViT-Ti][217/300] loss=21.8434 ce=1.6074 guidance=8.0944 beta=2.50 train_acc=62.94% test_acc=43.89% best=45.18% lr=9.4737563e-05 time=12.7s est_300=1h 03m 18s
[LG:ConViT-Ti][218/300] loss=21.8504 ce=1.5926 guidance=8.1031 beta=2.50 train_acc=62.53% test_acc=44.15% best=45.18% lr=9.2749222e-05 time=12.7s est_300=1h 03m 18s
[LG:ConViT-Ti][219/300] loss=21.7163 ce=1.5886 guidance=8.0511 beta=2.50 train_acc=62.65% test_acc=44.72% best=45.18% lr=9.0778401e-05 time=12.8s est_300=1h 03m 18s
[LG:ConViT-Ti][220/300] loss=21.6603 ce=1.5843 guidance=8.0304 beta=2.50 train_acc=62.94% test_acc=45.05% best=45.18% lr=8.8825313e-05 time=12.5s est_300=1h 03m 18s
[LG:ConViT-Ti][221/300] loss=21.7517 ce=1.5367 guidance=8.0860 beta=2.50 train_acc=64.22% test_acc=44.89% best=45.18% lr=8.6890175e-05 time=13.0s est_300=1h 03m 18s
[LG:ConViT-Ti][222/300] loss=21.7815 ce=1.5735 guidance=8.0832 beta=2.50 train_acc=63.79% test_acc=45.50% best=45.50% lr=8.4973198e-05 time=11.0s est_300=1h 03m 16s
[LG:ConViT-Ti][223/300] loss=21.7315 ce=1.5830 guidance=8.0594 beta=2.50 train_acc=62.55% test_acc=45.20% best=45.50% lr=8.3074591e-05 time=11.5s est_300=1h 03m 14s
[LG:ConViT-Ti][224/300] loss=21.6488 ce=1.5460 guidance=8.0411 beta=2.50 train_acc=63.59% test_acc=44.48% best=45.50% lr=8.1194564e-05 time=11.6s est_300=1h 03m 13s
[LG:ConViT-Ti][225/300] loss=21.7233 ce=1.5623 guidance=8.0644 beta=2.50 train_acc=63.26% test_acc=44.51% best=45.50% lr=7.9333323e-05 time=11.7s est_300=1h 03m 12s
[LG:ConViT-Ti][226/300] loss=21.6835 ce=1.6001 guidance=8.0334 beta=2.50 train_acc=62.31% test_acc=44.48% best=45.50% lr=7.7491072e-05 time=12.9s est_300=1h 03m 12s
[LG:ConViT-Ti][227/300] loss=21.7112 ce=1.5358 guidance=8.0701 beta=2.50 train_acc=64.06% test_acc=45.08% best=45.50% lr=7.5668012e-05 time=12.9s est_300=1h 03m 12s
[LG:ConViT-Ti][228/300] loss=21.5986 ce=1.5724 guidance=8.0105 beta=2.50 train_acc=62.94% test_acc=44.29% best=45.50% lr=7.3864344e-05 time=12.3s est_300=1h 03m 12s
[LG:ConViT-Ti][229/300] loss=21.7037 ce=1.5813 guidance=8.0490 beta=2.50 train_acc=62.89% test_acc=44.58% best=45.50% lr=7.2080265e-05 time=13.6s est_300=1h 03m 13s
[LG:ConViT-Ti][230/300] loss=21.5511 ce=1.5710 guidance=7.9920 beta=2.50 train_acc=63.30% test_acc=44.98% best=45.50% lr=7.0315971e-05 time=12.9s est_300=1h 03m 14s
[LG:ConViT-Ti][231/300] loss=21.5417 ce=1.5783 guidance=7.9854 beta=2.50 train_acc=63.25% test_acc=44.87% best=45.50% lr=6.8571656e-05 time=13.4s est_300=1h 03m 15s
[LG:ConViT-Ti][232/300] loss=21.6594 ce=1.5769 guidance=8.0330 beta=2.50 train_acc=63.37% test_acc=44.51% best=45.50% lr=6.684751e-05 time=13.7s est_300=1h 03m 16s
[LG:ConViT-Ti][233/300] loss=21.5412 ce=1.5779 guidance=7.9853 beta=2.50 train_acc=63.01% test_acc=45.36% best=45.50% lr=6.5143724e-05 time=12.1s est_300=1h 03m 15s
[LG:ConViT-Ti][234/300] loss=21.6152 ce=1.5539 guidance=8.0245 beta=2.50 train_acc=63.33% test_acc=44.51% best=45.50% lr=6.3460483e-05 time=12.7s est_300=1h 03m 15s
[LG:ConViT-Ti][235/300] loss=21.5587 ce=1.5446 guidance=8.0056 beta=2.50 train_acc=64.11% test_acc=44.91% best=45.50% lr=6.1797972e-05 time=12.8s est_300=1h 03m 16s
[LG:ConViT-Ti][236/300] loss=21.4975 ce=1.5091 guidance=7.9953 beta=2.50 train_acc=64.37% test_acc=45.41% best=45.50% lr=6.0156375e-05 time=13.1s est_300=1h 03m 16s
[LG:ConViT-Ti][237/300] loss=21.4196 ce=1.5033 guidance=7.9665 beta=2.50 train_acc=64.71% test_acc=44.56% best=45.50% lr=5.8535869e-05 time=12.2s est_300=1h 03m 15s
[LG:ConViT-Ti][238/300] loss=21.5648 ce=1.5375 guidance=8.0109 beta=2.50 train_acc=63.86% test_acc=44.56% best=45.50% lr=5.6936634e-05 time=12.8s est_300=1h 03m 16s
[LG:ConViT-Ti][239/300] loss=21.4884 ce=1.5478 guidance=7.9762 beta=2.50 train_acc=63.91% test_acc=44.72% best=45.50% lr=5.5358845e-05 time=12.9s est_300=1h 03m 16s
[LG:ConViT-Ti][240/300] loss=21.5246 ce=1.5138 guidance=8.0043 beta=2.50 train_acc=64.76% test_acc=44.77% best=45.50% lr=5.3802675e-05 time=12.1s est_300=1h 03m 15s
[LG:ConViT-Ti][241/300] loss=21.4519 ce=1.5277 guidance=7.9697 beta=2.50 train_acc=64.16% test_acc=45.18% best=45.50% lr=5.2268294e-05 time=12.6s est_300=1h 03m 15s
[LG:ConViT-Ti][242/300] loss=21.5193 ce=1.5303 guidance=7.9956 beta=2.50 train_acc=64.22% test_acc=44.77% best=45.50% lr=5.0755871e-05 time=12.7s est_300=1h 03m 15s
[LG:ConViT-Ti][243/300] loss=21.4943 ce=1.4969 guidance=7.9989 beta=2.50 train_acc=65.39% test_acc=45.34% best=45.50% lr=4.9265571e-05 time=13.4s est_300=1h 03m 16s
[LG:ConViT-Ti][244/300] loss=21.4712 ce=1.5039 guidance=7.9869 beta=2.50 train_acc=65.95% test_acc=44.56% best=45.50% lr=4.7797558e-05 time=13.0s est_300=1h 03m 17s
[LG:ConViT-Ti][245/300] loss=21.5681 ce=1.5167 guidance=8.0205 beta=2.50 train_acc=64.81% test_acc=45.03% best=45.50% lr=4.6351993e-05 time=11.1s est_300=1h 03m 15s
[LG:ConViT-Ti][246/300] loss=21.2948 ce=1.4941 guidance=7.9203 beta=2.50 train_acc=64.76% test_acc=45.13% best=45.50% lr=4.4929034e-05 time=12.3s est_300=1h 03m 14s
[LG:ConViT-Ti][247/300] loss=21.4275 ce=1.4716 guidance=7.9824 beta=2.50 train_acc=64.88% test_acc=45.32% best=45.50% lr=4.3528838e-05 time=13.1s est_300=1h 03m 15s
[LG:ConViT-Ti][248/300] loss=21.3488 ce=1.4906 guidance=7.9433 beta=2.50 train_acc=65.32% test_acc=45.13% best=45.50% lr=4.2151558e-05 time=11.8s est_300=1h 03m 14s
[LG:ConViT-Ti][249/300] loss=21.3897 ce=1.4912 guidance=7.9594 beta=2.50 train_acc=64.96% test_acc=44.99% best=45.50% lr=4.0797346e-05 time=13.6s est_300=1h 03m 15s
[LG:ConViT-Ti][250/300] loss=21.3480 ce=1.4840 guidance=7.9456 beta=2.50 train_acc=65.64% test_acc=45.44% best=45.50% lr=3.9466348e-05 time=13.8s est_300=1h 03m 16s
[LG:ConViT-Ti][251/300] loss=21.3117 ce=1.4863 guidance=7.9302 beta=2.50 train_acc=65.27% test_acc=45.32% best=45.50% lr=3.8158713e-05 time=13.3s est_300=1h 03m 17s
[LG:ConViT-Ti][252/300] loss=21.4225 ce=1.4974 guidance=7.9700 beta=2.50 train_acc=65.29% test_acc=44.72% best=45.50% lr=3.6874582e-05 time=13.3s est_300=1h 03m 18s
[LG:ConViT-Ti][253/300] loss=21.2019 ce=1.4800 guidance=7.8888 beta=2.50 train_acc=65.25% test_acc=44.84% best=45.50% lr=3.5614097e-05 time=11.6s est_300=1h 03m 17s
[LG:ConViT-Ti][254/300] loss=21.5888 ce=1.5445 guidance=8.0177 beta=2.50 train_acc=63.64% test_acc=44.63% best=45.50% lr=3.4377396e-05 time=11.6s est_300=1h 03m 15s
[LG:ConViT-Ti][255/300] loss=21.4159 ce=1.5061 guidance=7.9639 beta=2.50 train_acc=64.45% test_acc=44.79% best=45.50% lr=3.3164614e-05 time=12.9s est_300=1h 03m 16s
[LG:ConViT-Ti][256/300] loss=21.3144 ce=1.4624 guidance=7.9408 beta=2.50 train_acc=65.66% test_acc=45.18% best=45.50% lr=3.1975885e-05 time=12.3s est_300=1h 03m 15s
[LG:ConViT-Ti][257/300] loss=21.4135 ce=1.5050 guidance=7.9634 beta=2.50 train_acc=64.96% test_acc=44.94% best=45.50% lr=3.0811339e-05 time=13.2s est_300=1h 03m 16s
[LG:ConViT-Ti][258/300] loss=21.2974 ce=1.5028 guidance=7.9178 beta=2.50 train_acc=64.54% test_acc=44.98% best=45.50% lr=2.9671104e-05 time=13.1s est_300=1h 03m 17s
[LG:ConViT-Ti][259/300] loss=21.3430 ce=1.4341 guidance=7.9636 beta=2.50 train_acc=66.00% test_acc=44.93% best=45.50% lr=2.8555305e-05 time=11.8s est_300=1h 03m 16s
[LG:ConViT-Ti][260/300] loss=21.3688 ce=1.4949 guidance=7.9496 beta=2.50 train_acc=65.34% test_acc=45.03% best=45.50% lr=2.7464063e-05 time=13.6s est_300=1h 03m 17s
[LG:ConViT-Ti][261/300] loss=21.3237 ce=1.4958 guidance=7.9311 beta=2.50 train_acc=65.10% test_acc=44.98% best=45.50% lr=2.6397499e-05 time=13.7s est_300=1h 03m 18s
[LG:ConViT-Ti][262/300] loss=21.3304 ce=1.4482 guidance=7.9529 beta=2.50 train_acc=65.83% test_acc=44.94% best=45.50% lr=2.535573e-05 time=13.4s est_300=1h 03m 19s
[LG:ConViT-Ti][263/300] loss=21.3845 ce=1.4814 guidance=7.9612 beta=2.50 train_acc=65.37% test_acc=45.55% best=45.55% lr=2.433887e-05 time=12.6s est_300=1h 03m 19s
[LG:ConViT-Ti][264/300] loss=21.3614 ce=1.4922 guidance=7.9477 beta=2.50 train_acc=64.84% test_acc=45.01% best=45.55% lr=2.334703e-05 time=13.5s est_300=1h 03m 20s
[LG:ConViT-Ti][265/300] loss=21.3858 ce=1.4178 guidance=7.9872 beta=2.50 train_acc=66.81% test_acc=45.08% best=45.55% lr=2.238032e-05 time=13.5s est_300=1h 03m 21s
[LG:ConViT-Ti][266/300] loss=21.2756 ce=1.4813 guidance=7.9177 beta=2.50 train_acc=64.91% test_acc=45.25% best=45.55% lr=2.1438844e-05 time=12.8s est_300=1h 03m 21s
[LG:ConViT-Ti][267/300] loss=21.1511 ce=1.4483 guidance=7.8811 beta=2.50 train_acc=66.00% test_acc=45.17% best=45.55% lr=2.0522708e-05 time=12.0s est_300=1h 03m 20s
[LG:ConViT-Ti][268/300] loss=21.1394 ce=1.4362 guidance=7.8813 beta=2.50 train_acc=66.37% test_acc=45.31% best=45.55% lr=1.963201e-05 time=13.2s est_300=1h 03m 21s
[LG:ConViT-Ti][269/300] loss=21.2441 ce=1.4688 guidance=7.9101 beta=2.50 train_acc=66.13% test_acc=45.32% best=45.55% lr=1.8766848e-05 time=13.0s est_300=1h 03m 21s
[LG:ConViT-Ti][270/300] loss=21.3208 ce=1.4871 guidance=7.9335 beta=2.50 train_acc=64.56% test_acc=45.25% best=45.55% lr=1.7927319e-05 time=13.6s est_300=1h 03m 22s
[LG:ConViT-Ti][271/300] loss=21.2846 ce=1.4689 guidance=7.9263 beta=2.50 train_acc=65.30% test_acc=45.29% best=45.55% lr=1.7113512e-05 time=13.4s est_300=1h 03m 23s
[LG:ConViT-Ti][272/300] loss=21.2331 ce=1.4887 guidance=7.8978 beta=2.50 train_acc=64.59% test_acc=45.36% best=45.55% lr=1.6325519e-05 time=13.3s est_300=1h 03m 24s
[LG:ConViT-Ti][273/300] loss=21.2742 ce=1.4725 guidance=7.9207 beta=2.50 train_acc=66.34% test_acc=44.98% best=45.55% lr=1.5563424e-05 time=12.6s est_300=1h 03m 23s
[LG:ConViT-Ti][274/300] loss=21.3231 ce=1.4447 guidance=7.9514 beta=2.50 train_acc=66.46% test_acc=45.34% best=45.55% lr=1.4827313e-05 time=13.2s est_300=1h 03m 24s
[LG:ConViT-Ti][275/300] loss=21.1492 ce=1.4665 guidance=7.8731 beta=2.50 train_acc=65.78% test_acc=45.27% best=45.55% lr=1.4117265e-05 time=12.6s est_300=1h 03m 24s
[LG:ConViT-Ti][276/300] loss=21.1579 ce=1.4754 guidance=7.8730 beta=2.50 train_acc=65.85% test_acc=45.15% best=45.55% lr=1.3433358e-05 time=12.3s est_300=1h 03m 24s
[LG:ConViT-Ti][277/300] loss=21.1671 ce=1.4446 guidance=7.8890 beta=2.50 train_acc=65.96% test_acc=45.18% best=45.55% lr=1.2775668e-05 time=12.7s est_300=1h 03m 24s
[LG:ConViT-Ti][278/300] loss=21.3891 ce=1.4758 guidance=7.9653 beta=2.50 train_acc=65.22% test_acc=45.20% best=45.55% lr=1.2144266e-05 time=13.4s est_300=1h 03m 24s
[LG:ConViT-Ti][279/300] loss=21.3305 ce=1.4630 guidance=7.9470 beta=2.50 train_acc=65.35% test_acc=45.03% best=45.55% lr=1.1539222e-05 time=12.1s est_300=1h 03m 24s
[LG:ConViT-Ti][280/300] loss=21.2217 ce=1.4944 guidance=7.8909 beta=2.50 train_acc=65.61% test_acc=45.12% best=45.55% lr=1.0960601e-05 time=11.9s est_300=1h 03m 23s
[LG:ConViT-Ti][281/300] loss=21.3328 ce=1.4603 guidance=7.9490 beta=2.50 train_acc=65.74% test_acc=45.01% best=45.55% lr=1.0408469e-05 time=13.0s est_300=1h 03m 23s
[LG:ConViT-Ti][282/300] loss=21.1748 ce=1.5027 guidance=7.8688 beta=2.50 train_acc=65.25% test_acc=45.12% best=45.55% lr=9.8828843e-06 time=13.3s est_300=1h 03m 24s
[LG:ConViT-Ti][283/300] loss=21.3143 ce=1.4706 guidance=7.9375 beta=2.50 train_acc=66.12% test_acc=45.10% best=45.55% lr=9.3839054e-06 time=11.9s est_300=1h 03m 23s
[LG:ConViT-Ti][284/300] loss=21.2137 ce=1.4842 guidance=7.8918 beta=2.50 train_acc=65.22% test_acc=45.27% best=45.55% lr=8.911587e-06 time=13.2s est_300=1h 03m 24s
[LG:ConViT-Ti][285/300] loss=21.2743 ce=1.4693 guidance=7.9220 beta=2.50 train_acc=65.00% test_acc=45.37% best=45.55% lr=8.4659808e-06 time=12.0s est_300=1h 03m 23s
[LG:ConViT-Ti][286/300] loss=21.2476 ce=1.4872 guidance=7.9041 beta=2.50 train_acc=65.56% test_acc=45.05% best=45.55% lr=8.0471357e-06 time=12.2s est_300=1h 03m 22s
[LG:ConViT-Ti][287/300] loss=21.2174 ce=1.4599 guidance=7.9030 beta=2.50 train_acc=65.32% test_acc=45.31% best=45.55% lr=7.6550976e-06 time=10.9s est_300=1h 03m 21s
[LG:ConViT-Ti][288/300] loss=21.2075 ce=1.4276 guidance=7.9120 beta=2.50 train_acc=66.69% test_acc=45.29% best=45.55% lr=7.2899095e-06 time=11.0s est_300=1h 03m 19s
[LG:ConViT-Ti][289/300] loss=21.2962 ce=1.4660 guidance=7.9321 beta=2.50 train_acc=65.86% test_acc=45.22% best=45.55% lr=6.9516114e-06 time=12.2s est_300=1h 03m 18s
[LG:ConViT-Ti][290/300] loss=21.1899 ce=1.4443 guidance=7.8983 beta=2.50 train_acc=66.27% test_acc=45.29% best=45.55% lr=6.6402405e-06 time=10.9s est_300=1h 03m 17s
[LG:ConViT-Ti][291/300] loss=21.1944 ce=1.4867 guidance=7.8831 beta=2.50 train_acc=65.00% test_acc=45.08% best=45.55% lr=6.3558309e-06 time=14.0s est_300=1h 03m 18s
[LG:ConViT-Ti][292/300] loss=21.0839 ce=1.4140 guidance=7.8679 beta=2.50 train_acc=66.27% test_acc=45.06% best=45.55% lr=6.0984138e-06 time=14.0s est_300=1h 03m 19s
[LG:ConViT-Ti][293/300] loss=21.2395 ce=1.4294 guidance=7.9241 beta=2.50 train_acc=65.64% test_acc=45.27% best=45.55% lr=5.8680173e-06 time=13.5s est_300=1h 03m 20s
[LG:ConViT-Ti][294/300] loss=21.1992 ce=1.4649 guidance=7.8937 beta=2.50 train_acc=65.66% test_acc=45.37% best=45.55% lr=5.6646669e-06 time=11.9s est_300=1h 03m 19s
[LG:ConViT-Ti][295/300] loss=21.1054 ce=1.4573 guidance=7.8592 beta=2.50 train_acc=65.85% test_acc=45.32% best=45.55% lr=5.4883847e-06 time=12.8s est_300=1h 03m 20s
[LG:ConViT-Ti][296/300] loss=21.2655 ce=1.4516 guidance=7.9255 beta=2.50 train_acc=66.19% test_acc=45.44% best=45.55% lr=5.3391901e-06 time=12.4s est_300=1h 03m 19s
[LG:ConViT-Ti][297/300] loss=21.0975 ce=1.4361 guidance=7.8645 beta=2.50 train_acc=66.47% test_acc=45.41% best=45.55% lr=5.2170996e-06 time=11.8s est_300=1h 03m 18s
[LG:ConViT-Ti][298/300] loss=21.2980 ce=1.4768 guidance=7.9285 beta=2.50 train_acc=65.05% test_acc=45.03% best=45.55% lr=5.1221263e-06 time=11.8s est_300=1h 03m 18s
[LG:ConViT-Ti][299/300] loss=21.3206 ce=1.4640 guidance=7.9427 beta=2.50 train_acc=65.62% test_acc=45.48% best=45.55% lr=5.0542808e-06 time=12.3s est_300=1h 03m 17s
[LG:ConViT-Ti][300/300] loss=21.2876 ce=1.4393 guidance=7.9393 beta=2.50 train_acc=65.78% test_acc=45.15% best=45.55% lr=5.0135706e-06 time=12.7s est_300=1h 03m 17s
[TIMING_RESULT] student=ConViT-Ti method=LG batch=128 avg_epoch=12.66s estimated_300=1h 03m 17s
[FINAL_RESULT] summary=/app/output/table1_cub200_convit_all_full_seed1/students/table1_cub200_convit_ti_lg_b128_full_300ep_seed1/summary.json
[DONE] Table-1 CUB student task completed successfully.
[STUDENT_IDENTITY_CHECK_TABLE1_CUB200] status=PASS student=ConViT-Ti method=LG batch=128 teacher=06f75192b1c108c89e480843cb4f72dfb28aa762d7b11e7ac327333dd54b51f5
[TASK_DONE] 2/5 ConViT-Ti/LG elapsed=1h 03m 40s
------------------------------------------------------------------------------------------------
[TASK_START] 3/5 ConViT-Ti/ALG
[COMMAND][ALG] /usr/bin/python /app/scratch/input/kau-aimslab_551/methods/table1_cub200/train.py --full-run --student convit_ti --method alg --batch-size 128 --data-dir /app/output/table1_cub200_convit_all_full_seed1/data/cub200 --teacher-root /app/scratch/input/kau-aimslab_551/teachers/checkpoints/cub200_table1_resnet56_32 --output-dir /app/output/table1_cub200_convit_all_full_seed1/students --run-name table1_cub200_convit_ti_alg_b128_full_300ep_seed1 --num-workers 4
[BOOT] Python process started: /usr/bin/python
[BOOT] complete Table-1 runtime dependencies already available
/usr/local/lib/python3.10/dist-packages/timm/models/layers/__init__.py:49: FutureWarning: Importing from timm.models.layers is deprecated, please import via timm.layers
  warnings.warn(f"Importing from {__name__} is deprecated, please import via timm.layers", FutureWarning)
========================================================================================
CUB-200 TABLE-1 EXTENSION
========================================================================================
[TASK] student=ConViT-Ti method=ALG batch=128 mode=full_300ep
[MODE] actual_epochs=300 planned_epochs=300
[PROTOCOL_LOCK] dataset=CUB-200-2011 split=5994/5794 teacher=ResNet56-scratch-32 student=scratch-224 epochs=300 AdamW=5e-4->5e-6 wd=0.05 warmup=20 seed=1 fp32=True
[FIXED_TEACHER_TABLE1_CUB200] h200_build=543 root=/app/scratch/input/kau-aimslab_551/teachers/checkpoints/cub200_table1_resnet56_32 sha256=06f75192b1c108c89e480843cb4f72dfb28aa762d7b11e7ac327333dd54b51f5
[SOURCE] official_lg_repo=https://github.com/lkhl/tiny-transformers commit=d2165f74049c906b0afc9f957491960fb3c0cc8b
[MODEL] params=5,556,112 feature_dims=(192, 192, 192, 192, 192, 192, 192, 192, 192, 192, 192, 192) selected_lg=(0, 6, 11)
[FEATURE_CHECK] student=((2, 192, 14, 14), (2, 192, 14, 14), (2, 192, 14, 14), (2, 192, 14, 14), (2, 192, 14, 14), (2, 192, 14, 14), (2, 192, 14, 14), (2, 192, 14, 14), (2, 192, 14, 14), (2, 192, 14, 14), (2, 192, 14, 14), (2, 192, 14, 14)) teacher=((2, 16, 32, 32), (2, 32, 16, 16), (2, 64, 8, 8)) guidance_probe=11.162799
[OPTIMIZER] contract=official_lg_no_decay_exclusions
[ALG:ConViT-Ti][001/300] loss=95.4901 ce=5.3327 guidance=36.0630 beta=2.50 train_acc=0.54% test_acc=0.48% best=0.48% lr=5e-07 time=14.4s est_300=1h 12m 03s
[ALG:ConViT-Ti][002/300] loss=85.0301 ce=5.3331 guidance=31.8788 beta=2.50 train_acc=0.49% test_acc=0.48% best=0.48% lr=2.5475e-05 time=13.8s est_300=1h 10m 35s
[ALG:ConViT-Ti][003/300] loss=70.6919 ce=5.3244 guidance=26.1470 beta=2.50 train_acc=0.29% test_acc=0.43% best=0.48% lr=5.045e-05 time=11.8s est_300=1h 06m 42s
[ALG:ConViT-Ti][004/300] loss=59.9965 ce=5.3178 guidance=21.8715 beta=2.50 train_acc=0.37% test_acc=0.66% best=0.66% lr=7.5425e-05 time=11.8s est_300=1h 04m 45s
[ALG:ConViT-Ti][005/300] loss=57.5280 ce=5.3082 guidance=20.8879 beta=2.50 train_acc=0.58% test_acc=0.78% best=0.78% lr=0.0001004 time=13.0s est_300=1h 04m 45s
[ALG:ConViT-Ti][006/300] loss=56.8201 ce=5.2938 guidance=20.6105 beta=2.50 train_acc=0.49% test_acc=0.98% best=0.98% lr=0.000125375 time=13.0s est_300=1h 04m 46s
[ALG:ConViT-Ti][007/300] loss=55.6707 ce=5.2481 guidance=20.1690 beta=2.50 train_acc=0.70% test_acc=1.12% best=1.12% lr=0.00015035 time=12.9s est_300=1h 04m 45s
[ALG:ConViT-Ti][008/300] loss=54.4874 ce=5.2033 guidance=19.7136 beta=2.50 train_acc=0.95% test_acc=1.35% best=1.35% lr=0.000175325 time=13.7s est_300=1h 05m 11s
[ALG:ConViT-Ti][009/300] loss=54.2431 ce=5.1580 guidance=19.6340 beta=2.50 train_acc=1.07% test_acc=1.90% best=1.90% lr=0.0002003 time=13.8s est_300=1h 05m 38s
[ALG:ConViT-Ti][010/300] loss=52.8944 ce=5.1431 guidance=19.1005 beta=2.50 train_acc=1.49% test_acc=2.19% best=2.19% lr=0.000225275 time=13.8s est_300=1h 05m 57s
[ALG:ConViT-Ti][011/300] loss=51.5560 ce=5.0885 guidance=18.5870 beta=2.50 train_acc=1.68% test_acc=3.05% best=3.05% lr=0.00025025 time=13.3s est_300=1h 05m 58s
[ALG:ConViT-Ti][012/300] loss=50.4593 ce=5.0291 guidance=18.1721 beta=2.50 train_acc=2.33% test_acc=3.47% best=3.47% lr=0.000275225 time=13.5s est_300=1h 06m 07s
[ALG:ConViT-Ti][013/300] loss=48.8662 ce=4.9783 guidance=17.5552 beta=2.50 train_acc=2.41% test_acc=3.64% best=3.64% lr=0.0003002 time=13.3s est_300=1h 06m 09s
[ALG:ConViT-Ti][014/300] loss=47.7890 ce=4.9152 guidance=17.1495 beta=2.50 train_acc=2.96% test_acc=4.44% best=4.44% lr=0.000325175 time=12.4s est_300=1h 05m 52s
[ALG:ConViT-Ti][015/300] loss=46.2646 ce=4.8483 guidance=16.5665 beta=2.50 train_acc=3.38% test_acc=4.95% best=4.95% lr=0.00035015 time=12.8s est_300=1h 05m 43s
[ALG:ConViT-Ti][016/300] loss=44.9404 ce=4.7800 guidance=16.0642 beta=2.50 train_acc=3.58% test_acc=5.99% best=5.99% lr=0.000375125 time=13.6s est_300=1h 05m 52s
[ALG:ConViT-Ti][017/300] loss=43.7006 ce=4.7051 guidance=15.5982 beta=2.50 train_acc=4.28% test_acc=6.28% best=6.28% lr=0.0004001 time=12.3s est_300=1h 05m 37s
[ALG:ConViT-Ti][018/300] loss=42.1245 ce=4.6446 guidance=14.9920 beta=2.50 train_acc=4.91% test_acc=8.01% best=8.01% lr=0.000425075 time=11.7s est_300=1h 05m 13s
[ALG:ConViT-Ti][019/300] loss=41.4039 ce=4.5687 guidance=14.7341 beta=2.50 train_acc=5.47% test_acc=9.32% best=9.32% lr=0.00045005 time=12.7s est_300=1h 05m 08s
[ALG:ConViT-Ti][020/300] loss=40.4293 ce=4.5393 guidance=14.3560 beta=2.50 train_acc=5.79% test_acc=9.22% best=9.32% lr=0.000475025 time=11.6s est_300=1h 04m 46s
[ALG:ConViT-Ti][021/300] loss=39.5805 ce=4.4485 guidance=14.0528 beta=2.50 train_acc=5.91% test_acc=9.99% best=9.99% lr=0.00049459153 time=12.2s est_300=1h 04m 36s
[ALG:ConViT-Ti][022/300] loss=38.3107 ce=4.3666 guidance=13.5776 beta=2.50 train_acc=8.12% test_acc=12.60% best=12.60% lr=0.0004940394 time=12.0s est_300=1h 04m 23s
[ALG:ConViT-Ti][023/300] loss=37.7481 ce=4.3041 guidance=13.3776 beta=2.50 train_acc=9.07% test_acc=12.44% best=12.60% lr=0.00049346078 time=12.3s est_300=1h 04m 16s
[ALG:ConViT-Ti][024/300] loss=36.9329 ce=4.2202 guidance=13.0851 beta=2.50 train_acc=9.70% test_acc=12.74% best=12.74% lr=0.00049285573 time=12.9s est_300=1h 04m 16s
[ALG:ConViT-Ti][025/300] loss=36.1666 ce=4.1616 guidance=12.8020 beta=2.50 train_acc=10.75% test_acc=14.65% best=14.65% lr=0.00049222433 time=14.4s est_300=1h 04m 34s
[ALG:ConViT-Ti][026/300] loss=35.8461 ce=4.1190 guidance=12.6908 beta=2.50 train_acc=10.94% test_acc=16.62% best=16.62% lr=0.00049156664 time=13.0s est_300=1h 04m 35s
[ALG:ConViT-Ti][027/300] loss=35.0697 ce=4.0597 guidance=12.4040 beta=2.50 train_acc=12.33% test_acc=16.62% best=16.62% lr=0.00049088274 time=11.7s est_300=1h 04m 22s
[ALG:ConViT-Ti][028/300] loss=34.6954 ce=4.0159 guidance=12.2718 beta=2.50 train_acc=12.79% test_acc=17.26% best=17.26% lr=0.00049017269 time=14.0s est_300=1h 04m 34s
[ALG:ConViT-Ti][029/300] loss=33.9734 ce=3.9617 guidance=12.0047 beta=2.50 train_acc=13.65% test_acc=19.47% best=19.47% lr=0.00048943658 time=13.0s est_300=1h 04m 35s
[ALG:ConViT-Ti][030/300] loss=33.5948 ce=3.9042 guidance=11.8762 beta=2.50 train_acc=14.95% test_acc=20.56% best=20.56% lr=0.00048867448 time=13.6s est_300=1h 04m 42s
[ALG:ConViT-Ti][031/300] loss=32.9853 ce=3.8483 guidance=11.6548 beta=2.50 train_acc=15.79% test_acc=20.95% best=20.95% lr=0.00048788649 time=13.4s est_300=1h 04m 46s
[ALG:ConViT-Ti][032/300] loss=32.9023 ce=3.8337 guidance=11.6275 beta=2.50 train_acc=15.81% test_acc=21.06% best=21.06% lr=0.00048707268 time=13.7s est_300=1h 04m 54s
[ALG:ConViT-Ti][033/300] loss=32.3642 ce=3.7878 guidance=11.4306 beta=2.50 train_acc=15.62% test_acc=22.42% best=22.42% lr=0.00048623315 time=12.3s est_300=1h 04m 47s
[ALG:ConViT-Ti][034/300] loss=32.0833 ce=3.7388 guidance=11.3378 beta=2.50 train_acc=17.15% test_acc=23.44% best=23.44% lr=0.00048536799 time=14.1s est_300=1h 04m 57s
[ALG:ConViT-Ti][035/300] loss=31.8301 ce=3.7027 guidance=11.2509 beta=2.50 train_acc=17.61% test_acc=24.27% best=24.27% lr=0.00048447729 time=12.3s est_300=1h 04m 51s
[ALG:ConViT-Ti][036/300] loss=31.2470 ce=3.6446 guidance=11.0410 beta=2.50 train_acc=18.53% test_acc=24.56% best=24.56% lr=0.00048356116 time=12.0s est_300=1h 04m 43s
[ALG:ConViT-Ti][037/300] loss=31.3149 ce=3.6306 guidance=11.0737 beta=2.50 train_acc=19.36% test_acc=24.11% best=24.56% lr=0.00048261968 time=12.2s est_300=1h 04m 37s
[ALG:ConViT-Ti][038/300] loss=31.1197 ce=3.5860 guidance=11.0135 beta=2.50 train_acc=20.01% test_acc=26.48% best=26.48% lr=0.00048165297 time=14.1s est_300=1h 04m 46s
[ALG:ConViT-Ti][039/300] loss=30.6748 ce=3.5523 guidance=10.8490 beta=2.50 train_acc=20.40% test_acc=27.86% best=27.86% lr=0.00048066113 time=14.2s est_300=1h 04m 56s
[ALG:ConViT-Ti][040/300] loss=30.5766 ce=3.5365 guidance=10.8160 beta=2.50 train_acc=20.86% test_acc=27.94% best=27.94% lr=0.00047964427 time=13.8s est_300=1h 05m 02s
[ALG:ConViT-Ti][041/300] loss=30.2548 ce=3.4812 guidance=10.7094 beta=2.50 train_acc=21.69% test_acc=28.41% best=28.41% lr=0.0004786025 time=13.7s est_300=1h 05m 08s
[ALG:ConViT-Ti][042/300] loss=29.9570 ce=3.4732 guidance=10.5935 beta=2.50 train_acc=22.13% test_acc=27.91% best=28.41% lr=0.00047753594 time=13.7s est_300=1h 05m 13s
[ALG:ConViT-Ti][043/300] loss=29.8968 ce=3.4221 guidance=10.5899 beta=2.50 train_acc=22.72% test_acc=28.89% best=28.89% lr=0.0004764447 time=12.8s est_300=1h 05m 11s
[ALG:ConViT-Ti][044/300] loss=29.6321 ce=3.4296 guidance=10.4810 beta=2.50 train_acc=22.71% test_acc=29.96% best=29.96% lr=0.0004753289 time=11.8s est_300=1h 05m 02s
[ALG:ConViT-Ti][045/300] loss=29.6056 ce=3.3818 guidance=10.4895 beta=2.50 train_acc=23.49% test_acc=30.24% best=30.24% lr=0.00047418866 time=12.7s est_300=1h 05m 00s
[ALG:ConViT-Ti][046/300] loss=29.6103 ce=3.3950 guidance=10.4861 beta=2.50 train_acc=23.25% test_acc=31.27% best=31.27% lr=0.00047302411 time=12.3s est_300=1h 04m 56s
[ALG:ConViT-Ti][047/300] loss=29.1333 ce=3.2940 guidance=10.3357 beta=2.50 train_acc=24.51% test_acc=31.34% best=31.34% lr=0.00047183539 time=12.4s est_300=1h 04m 52s
[ALG:ConViT-Ti][048/300] loss=28.8684 ce=3.3334 guidance=10.2140 beta=2.50 train_acc=24.81% test_acc=30.51% best=31.34% lr=0.0004706226 time=13.5s est_300=1h 04m 55s
[ALG:ConViT-Ti][049/300] loss=28.5085 ce=3.2024 guidance=10.1224 beta=2.50 train_acc=26.97% test_acc=31.19% best=31.34% lr=0.0004693859 time=13.2s est_300=1h 04m 56s
[ALG:ConViT-Ti][050/300] loss=28.7207 ce=3.2121 guidance=10.2034 beta=2.50 train_acc=26.89% test_acc=33.28% best=33.28% lr=0.00046812542 time=12.5s est_300=1h 04m 53s
[ALG:ConViT-Ti][051/300] loss=28.2106 ce=3.1810 guidance=10.0118 beta=2.50 train_acc=27.24% test_acc=32.05% best=33.28% lr=0.00046684129 time=11.7s est_300=1h 04m 46s
[ALG:ConViT-Ti][052/300] loss=28.3059 ce=3.1843 guidance=10.0486 beta=2.50 train_acc=27.16% test_acc=33.69% best=33.69% lr=0.00046553365 time=12.8s est_300=1h 04m 45s
[ALG:ConViT-Ti][053/300] loss=28.2891 ce=3.1533 guidance=10.0543 beta=2.50 train_acc=28.69% test_acc=33.19% best=33.69% lr=0.00046420265 time=13.0s est_300=1h 04m 45s
[ALG:ConViT-Ti][054/300] loss=27.9405 ce=3.0858 guidance=9.9419 beta=2.50 train_acc=29.98% test_acc=34.64% best=34.64% lr=0.00046284844 time=11.8s est_300=1h 04m 39s
[ALG:ConViT-Ti][055/300] loss=27.7708 ce=3.1078 guidance=9.8652 beta=2.50 train_acc=28.55% test_acc=35.52% best=35.52% lr=0.00046147116 time=12.2s est_300=1h 04m 35s
[ALG:ConViT-Ti][056/300] loss=27.6736 ce=3.0820 guidance=9.8366 beta=2.50 train_acc=29.48% test_acc=34.86% best=35.52% lr=0.00046007097 time=13.4s est_300=1h 04m 37s
[ALG:ConViT-Ti][057/300] loss=27.6634 ce=3.0641 guidance=9.8397 beta=2.50 train_acc=29.70% test_acc=34.43% best=35.52% lr=0.00045864801 time=12.0s est_300=1h 04m 32s
[ALG:ConViT-Ti][058/300] loss=27.6379 ce=3.0299 guidance=9.8432 beta=2.50 train_acc=30.03% test_acc=35.26% best=35.52% lr=0.00045720244 time=12.6s est_300=1h 04m 31s
[ALG:ConViT-Ti][059/300] loss=27.3209 ce=2.9595 guidance=9.7446 beta=2.50 train_acc=31.83% test_acc=35.23% best=35.52% lr=0.00045573443 time=13.0s est_300=1h 04m 31s
[ALG:ConViT-Ti][060/300] loss=27.3063 ce=2.9923 guidance=9.7256 beta=2.50 train_acc=31.01% test_acc=36.21% best=36.21% lr=0.00045424413 time=12.1s est_300=1h 04m 27s
[ALG:ConViT-Ti][061/300] loss=27.1051 ce=2.9434 guidance=9.6647 beta=2.50 train_acc=32.46% test_acc=36.69% best=36.69% lr=0.00045273171 time=13.0s est_300=1h 04m 28s
[ALG:ConViT-Ti][062/300] loss=27.7432 ce=3.0059 guidance=9.8949 beta=2.50 train_acc=30.71% test_acc=36.76% best=36.76% lr=0.00045119733 time=12.5s est_300=1h 04m 26s
[ALG:ConViT-Ti][063/300] loss=27.1144 ce=2.9347 guidance=9.6719 beta=2.50 train_acc=31.23% test_acc=37.04% best=37.04% lr=0.00044964115 time=12.5s est_300=1h 04m 24s
[ALG:ConViT-Ti][064/300] loss=27.0729 ce=2.9433 guidance=9.6519 beta=2.50 train_acc=32.27% test_acc=37.19% best=37.19% lr=0.00044806337 time=12.0s est_300=1h 04m 20s
[ALG:ConViT-Ti][065/300] loss=26.7698 ce=2.9103 guidance=9.5438 beta=2.50 train_acc=32.69% test_acc=38.35% best=38.35% lr=0.00044646413 time=12.9s est_300=1h 04m 21s
[ALG:ConViT-Ti][066/300] loss=26.6695 ce=2.8402 guidance=9.5317 beta=2.50 train_acc=33.56% test_acc=37.73% best=38.35% lr=0.00044484363 time=14.0s est_300=1h 04m 26s
[ALG:ConViT-Ti][067/300] loss=26.6205 ce=2.7948 guidance=9.5303 beta=2.50 train_acc=34.41% test_acc=38.56% best=38.56% lr=0.00044320203 time=13.8s est_300=1h 04m 30s
[ALG:ConViT-Ti][068/300] loss=26.4652 ce=2.8423 guidance=9.4492 beta=2.50 train_acc=34.19% test_acc=38.89% best=38.89% lr=0.00044153952 time=11.2s est_300=1h 04m 23s
[ALG:ConViT-Ti][069/300] loss=27.2945 ce=2.9119 guidance=9.7531 beta=2.50 train_acc=32.68% test_acc=36.95% best=38.89% lr=0.00043985628 time=11.9s est_300=1h 04m 18s
[ALG:ConViT-Ti][070/300] loss=26.7143 ce=2.8291 guidance=9.5541 beta=2.50 train_acc=33.80% test_acc=39.56% best=39.56% lr=0.00043815249 time=12.5s est_300=1h 04m 17s
[ALG:ConViT-Ti][071/300] loss=26.2894 ce=2.8177 guidance=9.3887 beta=2.50 train_acc=34.65% test_acc=39.35% best=39.56% lr=0.00043642834 time=13.4s est_300=1h 04m 19s
[ALG:ConViT-Ti][072/300] loss=26.2397 ce=2.7610 guidance=9.3915 beta=2.50 train_acc=35.95% test_acc=39.73% best=39.73% lr=0.00043468403 time=11.9s est_300=1h 04m 15s
[ALG:ConViT-Ti][073/300] loss=26.1883 ce=2.7315 guidance=9.3827 beta=2.50 train_acc=35.46% test_acc=39.21% best=39.73% lr=0.00043291974 time=11.1s est_300=1h 04m 08s
[ALG:ConViT-Ti][074/300] loss=26.0592 ce=2.7187 guidance=9.3362 beta=2.50 train_acc=36.06% test_acc=39.52% best=39.73% lr=0.00043113566 time=11.4s est_300=1h 04m 02s
[ALG:ConViT-Ti][075/300] loss=26.0663 ce=2.7070 guidance=9.3437 beta=2.50 train_acc=37.65% test_acc=39.20% best=39.73% lr=0.00042933199 time=13.0s est_300=1h 04m 03s
[ALG:ConViT-Ti][076/300] loss=25.9010 ce=2.6635 guidance=9.2950 beta=2.50 train_acc=37.57% test_acc=40.46% best=40.46% lr=0.00042750893 time=12.6s est_300=1h 04m 02s
[ALG:ConViT-Ti][077/300] loss=25.8106 ce=2.6690 guidance=9.2566 beta=2.50 train_acc=37.47% test_acc=39.66% best=40.46% lr=0.00042566668 time=13.7s est_300=1h 04m 05s
[ALG:ConViT-Ti][078/300] loss=25.7356 ce=2.6923 guidance=9.2173 beta=2.50 train_acc=37.30% test_acc=39.32% best=40.46% lr=0.00042380544 time=12.4s est_300=1h 04m 04s
[ALG:ConViT-Ti][079/300] loss=25.6642 ce=2.7164 guidance=9.1792 beta=2.50 train_acc=36.87% test_acc=39.54% best=40.46% lr=0.00042192541 time=13.1s est_300=1h 04m 05s
[ALG:ConViT-Ti][080/300] loss=25.7821 ce=2.6321 guidance=9.2600 beta=2.50 train_acc=38.15% test_acc=41.13% best=41.13% lr=0.0004200268 time=13.6s est_300=1h 04m 08s
[ALG:ConViT-Ti][081/300] loss=25.6482 ce=2.6190 guidance=9.2117 beta=2.50 train_acc=37.99% test_acc=40.89% best=41.13% lr=0.00041810983 time=13.4s est_300=1h 04m 10s
[ALG:ConViT-Ti][082/300] loss=25.5393 ce=2.6005 guidance=9.1755 beta=2.50 train_acc=38.62% test_acc=41.15% best=41.15% lr=0.00041617469 time=13.0s est_300=1h 04m 11s
[ALG:ConViT-Ti][083/300] loss=25.3804 ce=2.6029 guidance=9.1110 beta=2.50 train_acc=38.88% test_acc=41.09% best=41.15% lr=0.0004142216 time=13.2s est_300=1h 04m 12s
[ALG:ConViT-Ti][084/300] loss=25.2741 ce=2.5678 guidance=9.0825 beta=2.50 train_acc=39.74% test_acc=40.49% best=41.15% lr=0.00041225078 time=11.4s est_300=1h 04m 07s
[ALG:ConViT-Ti][085/300] loss=25.4074 ce=2.6081 guidance=9.1197 beta=2.50 train_acc=38.99% test_acc=40.18% best=41.15% lr=0.00041026244 time=11.0s est_300=1h 04m 00s
[ALG:ConViT-Ti][086/300] loss=25.3521 ce=2.5477 guidance=9.1218 beta=2.50 train_acc=39.81% test_acc=41.34% best=41.34% lr=0.0004082568 time=11.7s est_300=1h 03m 56s
[ALG:ConViT-Ti][087/300] loss=25.3012 ce=2.4993 guidance=9.1208 beta=2.50 train_acc=40.71% test_acc=39.78% best=41.34% lr=0.00040623408 time=11.8s est_300=1h 03m 53s
[ALG:ConViT-Ti][088/300] loss=25.2984 ce=2.4900 guidance=9.1234 beta=2.50 train_acc=41.69% test_acc=40.63% best=41.34% lr=0.0004041945 time=11.7s est_300=1h 03m 49s
[ALG:ConViT-Ti][089/300] loss=25.3357 ce=2.5311 guidance=9.1219 beta=2.50 train_acc=39.59% test_acc=40.65% best=41.34% lr=0.00040213828 time=12.6s est_300=1h 03m 49s
[ALG:ConViT-Ti][090/300] loss=25.1263 ce=2.5000 guidance=9.0505 beta=2.50 train_acc=40.85% test_acc=41.92% best=41.92% lr=0.00040006566 time=12.1s est_300=1h 03m 47s
[ALG:ConViT-Ti][091/300] loss=25.0726 ce=2.4984 guidance=9.0297 beta=2.50 train_acc=41.15% test_acc=41.92% best=41.92% lr=0.00039797685 time=11.8s est_300=1h 03m 43s
[ALG:ConViT-Ti][092/300] loss=24.8734 ce=2.4348 guidance=8.9754 beta=2.50 train_acc=42.19% test_acc=40.89% best=41.92% lr=0.00039587209 time=13.0s est_300=1h 03m 44s
[ALG:ConViT-Ti][093/300] loss=25.1680 ce=2.4310 guidance=9.0948 beta=2.50 train_acc=42.71% test_acc=41.84% best=41.92% lr=0.00039375161 time=13.1s est_300=1h 03m 45s
[ALG:ConViT-Ti][094/300] loss=24.9046 ce=2.4221 guidance=8.9930 beta=2.50 train_acc=42.39% test_acc=41.99% best=41.99% lr=0.00039161564 time=11.5s est_300=1h 03m 42s
[ALG:ConViT-Ti][095/300] loss=24.8142 ce=2.4160 guidance=8.9593 beta=2.50 train_acc=42.80% test_acc=41.89% best=41.99% lr=0.00038946441 time=11.0s est_300=1h 03m 36s
[ALG:ConViT-Ti][096/300] loss=24.7269 ce=2.4048 guidance=8.9289 beta=2.50 train_acc=43.26% test_acc=41.54% best=41.99% lr=0.00038729816 time=11.9s est_300=1h 03m 33s
[ALG:ConViT-Ti][097/300] loss=24.7924 ce=2.3697 guidance=8.9691 beta=2.50 train_acc=44.36% test_acc=41.96% best=41.99% lr=0.00038511713 time=13.2s est_300=1h 03m 35s
[ALG:ConViT-Ti][098/300] loss=24.7803 ce=2.3732 guidance=8.9629 beta=2.50 train_acc=43.83% test_acc=41.65% best=41.99% lr=0.00038292156 time=13.4s est_300=1h 03m 37s
[ALG:ConViT-Ti][099/300] loss=24.6982 ce=2.3767 guidance=8.9286 beta=2.50 train_acc=43.55% test_acc=42.49% best=42.49% lr=0.00038071168 time=11.6s est_300=1h 03m 34s
[ALG:ConViT-Ti][100/300] loss=24.7658 ce=2.3706 guidance=8.9581 beta=2.50 train_acc=44.21% test_acc=41.59% best=42.49% lr=0.00037848775 time=11.8s est_300=1h 03m 31s
[ALG:ConViT-Ti][101/300] loss=24.6658 ce=2.3526 guidance=8.9253 beta=2.50 train_acc=43.58% test_acc=41.96% best=42.49% lr=0.00037625 time=14.2s est_300=1h 03m 35s
[ALG:ConViT-Ti][102/300] loss=24.5784 ce=2.3789 guidance=8.8798 beta=2.50 train_acc=43.72% test_acc=42.60% best=42.60% lr=0.00037399868 time=14.2s est_300=1h 03m 39s
[ALG:ConViT-Ti][103/300] loss=24.4349 ce=2.3551 guidance=8.8319 beta=2.50 train_acc=44.38% test_acc=42.27% best=42.60% lr=0.00037173403 time=13.5s est_300=1h 03m 42s
[ALG:ConViT-Ti][104/300] loss=24.5151 ce=2.3134 guidance=8.8807 beta=2.50 train_acc=45.30% test_acc=41.89% best=42.60% lr=0.00036945631 time=13.5s est_300=1h 03m 44s
[ALG:ConViT-Ti][105/300] loss=24.5088 ce=2.3257 guidance=8.8732 beta=2.50 train_acc=45.06% test_acc=43.46% best=43.46% lr=0.00036716577 time=13.5s est_300=1h 03m 46s
[ALG:ConViT-Ti][106/300] loss=24.5256 ce=2.3254 guidance=8.8801 beta=2.50 train_acc=45.16% test_acc=41.75% best=43.46% lr=0.00036486265 time=13.7s est_300=1h 03m 48s
[ALG:ConViT-Ti][107/300] loss=24.3860 ce=2.2964 guidance=8.8359 beta=2.50 train_acc=44.68% test_acc=42.15% best=43.46% lr=0.00036254721 time=13.1s est_300=1h 03m 49s
[ALG:ConViT-Ti][108/300] loss=24.5286 ce=2.2916 guidance=8.8948 beta=2.50 train_acc=46.23% test_acc=41.77% best=43.46% lr=0.0003602197 time=13.1s est_300=1h 03m 50s
[ALG:ConViT-Ti][109/300] loss=24.4109 ce=2.3342 guidance=8.8307 beta=2.50 train_acc=44.70% test_acc=42.66% best=43.46% lr=0.00035788037 time=14.2s est_300=1h 03m 54s
[ALG:ConViT-Ti][110/300] loss=24.2478 ce=2.2703 guidance=8.7910 beta=2.50 train_acc=46.25% test_acc=41.80% best=43.46% lr=0.0003555295 time=13.7s est_300=1h 03m 56s
[ALG:ConViT-Ti][111/300] loss=24.3127 ce=2.2643 guidance=8.8193 beta=2.50 train_acc=46.25% test_acc=43.29% best=43.46% lr=0.00035316732 time=13.1s est_300=1h 03m 57s
[ALG:ConViT-Ti][112/300] loss=24.1852 ce=2.2691 guidance=8.7665 beta=2.50 train_acc=46.60% test_acc=42.60% best=43.46% lr=0.0003507941 time=14.2s est_300=1h 04m 01s
[ALG:ConViT-Ti][113/300] loss=23.9789 ce=2.2736 guidance=8.6821 beta=2.50 train_acc=45.96% test_acc=42.80% best=43.46% lr=0.00034841011 time=14.2s est_300=1h 04m 05s
[ALG:ConViT-Ti][114/300] loss=24.1777 ce=2.2564 guidance=8.7685 beta=2.50 train_acc=46.23% test_acc=43.41% best=43.46% lr=0.00034601559 time=13.0s est_300=1h 04m 05s
[ALG:ConViT-Ti][115/300] loss=24.0608 ce=2.2275 guidance=8.7333 beta=2.50 train_acc=47.44% test_acc=42.82% best=43.46% lr=0.00034361083 time=11.1s est_300=1h 04m 01s
[ALG:ConViT-Ti][116/300] loss=23.9726 ce=2.2067 guidance=8.7064 beta=2.50 train_acc=47.72% test_acc=43.06% best=43.46% lr=0.00034119607 time=12.3s est_300=1h 03m 59s
[ALG:ConViT-Ti][117/300] loss=23.9108 ce=2.2496 guidance=8.6645 beta=2.50 train_acc=46.33% test_acc=43.27% best=43.46% lr=0.00033877158 time=13.0s est_300=1h 04m 00s
[ALG:ConViT-Ti][118/300] loss=23.8778 ce=2.2197 guidance=8.6632 beta=2.50 train_acc=47.89% test_acc=43.32% best=43.46% lr=0.00033633764 time=12.8s est_300=1h 04m 00s
[ALG:ConViT-Ti][119/300] loss=23.8351 ce=2.1701 guidance=8.6660 beta=2.50 train_acc=47.96% test_acc=42.91% best=43.46% lr=0.0003338945 time=12.3s est_300=1h 03m 59s
[ALG:ConViT-Ti][120/300] loss=23.9254 ce=2.1814 guidance=8.6976 beta=2.50 train_acc=47.78% test_acc=42.34% best=43.46% lr=0.00033144243 time=13.8s est_300=1h 04m 01s
[ALG:ConViT-Ti][121/300] loss=23.7989 ce=2.1792 guidance=8.6479 beta=2.50 train_acc=48.10% test_acc=42.46% best=43.46% lr=0.00032898171 time=13.6s est_300=1h 04m 03s
[ALG:ConViT-Ti][122/300] loss=23.8830 ce=2.1578 guidance=8.6900 beta=2.50 train_acc=49.18% test_acc=43.08% best=43.46% lr=0.0003265126 time=12.8s est_300=1h 04m 03s
[ALG:ConViT-Ti][123/300] loss=23.7106 ce=2.1403 guidance=8.6281 beta=2.50 train_acc=49.69% test_acc=43.96% best=43.96% lr=0.00032403537 time=13.0s est_300=1h 04m 03s
[ALG:ConViT-Ti][124/300] loss=23.8126 ce=2.1295 guidance=8.6732 beta=2.50 train_acc=49.85% test_acc=42.56% best=43.96% lr=0.0003215503 time=13.0s est_300=1h 04m 04s
[ALG:ConViT-Ti][125/300] loss=23.6645 ce=2.1618 guidance=8.6011 beta=2.50 train_acc=50.03% test_acc=43.32% best=43.96% lr=0.00031905766 time=11.6s est_300=1h 04m 01s
[ALG:ConViT-Ti][126/300] loss=23.6922 ce=2.1266 guidance=8.6262 beta=2.50 train_acc=49.81% test_acc=42.84% best=43.96% lr=0.00031655771 time=12.9s est_300=1h 04m 01s
[ALG:ConViT-Ti][127/300] loss=23.5841 ce=2.0794 guidance=8.6019 beta=2.50 train_acc=50.76% test_acc=44.11% best=44.11% lr=0.00031405075 time=11.6s est_300=1h 03m 58s
[ALG:ConViT-Ti][128/300] loss=23.5270 ce=2.0908 guidance=8.5745 beta=2.50 train_acc=50.42% test_acc=43.96% best=44.11% lr=0.00031153703 time=10.9s est_300=1h 03m 54s
[ALG:ConViT-Ti][129/300] loss=23.6422 ce=2.0391 guidance=8.6412 beta=2.50 train_acc=53.11% test_acc=42.84% best=44.11% lr=0.00030901684 time=12.4s est_300=1h 03m 53s
[ALG:ConViT-Ti][130/300] loss=23.5613 ce=2.0918 guidance=8.5878 beta=2.50 train_acc=50.42% test_acc=43.13% best=44.11% lr=0.00030649045 time=12.5s est_300=1h 03m 52s
[ALG:ConViT-Ti][131/300] loss=23.6846 ce=2.0809 guidance=8.6415 beta=2.50 train_acc=50.88% test_acc=42.98% best=44.11% lr=0.00030395814 time=13.1s est_300=1h 03m 53s
[ALG:ConViT-Ti][132/300] loss=23.5623 ce=2.0829 guidance=8.5918 beta=2.50 train_acc=50.54% test_acc=43.73% best=44.11% lr=0.00030142019 time=13.6s est_300=1h 03m 55s
[ALG:ConViT-Ti][133/300] loss=23.4632 ce=2.0582 guidance=8.5620 beta=2.50 train_acc=51.29% test_acc=43.46% best=44.11% lr=0.00029887688 time=12.1s est_300=1h 03m 53s
[ALG:ConViT-Ti][134/300] loss=23.3888 ce=2.0412 guidance=8.5390 beta=2.50 train_acc=52.17% test_acc=42.99% best=44.11% lr=0.00029632847 time=14.1s est_300=1h 03m 56s
[ALG:ConViT-Ti][135/300] loss=23.5185 ce=2.0359 guidance=8.5930 beta=2.50 train_acc=51.60% test_acc=44.05% best=44.11% lr=0.00029377526 time=13.3s est_300=1h 03m 57s
[ALG:ConViT-Ti][136/300] loss=23.4581 ce=2.0504 guidance=8.5631 beta=2.50 train_acc=52.07% test_acc=43.91% best=44.11% lr=0.00029121753 time=11.9s est_300=1h 03m 55s
[ALG:ConViT-Ti][137/300] loss=23.3425 ce=2.0745 guidance=8.5072 beta=2.50 train_acc=51.21% test_acc=43.06% best=44.11% lr=0.00028865555 time=11.9s est_300=1h 03m 53s
[ALG:ConViT-Ti][138/300] loss=2.1186 ce=2.1186 guidance=0.0000 beta=0.00 train_acc=50.39% test_acc=43.42% best=44.11% lr=0.0002860896 time=13.6s est_300=1h 03m 55s
[ALG:ConViT-Ti][139/300] loss=1.9903 ce=1.9903 guidance=0.0000 beta=0.00 train_acc=52.53% test_acc=43.89% best=44.11% lr=0.00028351998 time=12.6s est_300=1h 03m 55s
[ALG:ConViT-Ti][140/300] loss=2.0308 ce=2.0308 guidance=0.0000 beta=0.00 train_acc=52.34% test_acc=42.91% best=44.11% lr=0.00028094694 time=11.4s est_300=1h 03m 52s
[ALG:ConViT-Ti][141/300] loss=1.9924 ce=1.9924 guidance=0.0000 beta=0.00 train_acc=52.89% test_acc=43.70% best=44.11% lr=0.00027837079 time=10.9s est_300=1h 03m 48s
[ALG:ConViT-Ti][142/300] loss=1.9746 ce=1.9746 guidance=0.0000 beta=0.00 train_acc=53.06% test_acc=43.91% best=44.11% lr=0.00027579181 time=12.3s est_300=1h 03m 47s
[ALG:ConViT-Ti][143/300] loss=1.9362 ce=1.9362 guidance=0.0000 beta=0.00 train_acc=53.75% test_acc=44.75% best=44.75% lr=0.00027321027 time=13.4s est_300=1h 03m 48s
[ALG:ConViT-Ti][144/300] loss=1.9389 ce=1.9389 guidance=0.0000 beta=0.00 train_acc=54.19% test_acc=43.72% best=44.75% lr=0.00027062645 time=13.1s est_300=1h 03m 49s
[ALG:ConViT-Ti][145/300] loss=1.9361 ce=1.9361 guidance=0.0000 beta=0.00 train_acc=54.23% test_acc=45.34% best=45.34% lr=0.00026804065 time=10.9s est_300=1h 03m 45s
[ALG:ConViT-Ti][146/300] loss=1.9096 ce=1.9096 guidance=0.0000 beta=0.00 train_acc=54.84% test_acc=44.65% best=45.34% lr=0.00026545315 time=11.6s est_300=1h 03m 43s
[ALG:ConViT-Ti][147/300] loss=1.9145 ce=1.9145 guidance=0.0000 beta=0.00 train_acc=54.91% test_acc=44.80% best=45.34% lr=0.00026286422 time=14.2s est_300=1h 03m 46s
[ALG:ConViT-Ti][148/300] loss=1.9196 ce=1.9196 guidance=0.0000 beta=0.00 train_acc=54.11% test_acc=45.22% best=45.34% lr=0.00026027416 time=13.3s est_300=1h 03m 47s
[ALG:ConViT-Ti][149/300] loss=1.8724 ce=1.8724 guidance=0.0000 beta=0.00 train_acc=54.64% test_acc=44.56% best=45.34% lr=0.00025768325 time=12.5s est_300=1h 03m 46s
[ALG:ConViT-Ti][150/300] loss=1.8537 ce=1.8537 guidance=0.0000 beta=0.00 train_acc=55.38% test_acc=45.77% best=45.77% lr=0.00025509177 time=13.7s est_300=1h 03m 48s
[ALG:ConViT-Ti][151/300] loss=1.8577 ce=1.8577 guidance=0.0000 beta=0.00 train_acc=56.25% test_acc=45.53% best=45.77% lr=0.0002525 time=12.3s est_300=1h 03m 47s
[ALG:ConViT-Ti][152/300] loss=1.8299 ce=1.8299 guidance=0.0000 beta=0.00 train_acc=55.74% test_acc=45.20% best=45.77% lr=0.00024990823 time=13.6s est_300=1h 03m 49s
[ALG:ConViT-Ti][153/300] loss=1.8553 ce=1.8553 guidance=0.0000 beta=0.00 train_acc=55.62% test_acc=46.39% best=46.39% lr=0.00024731675 time=12.3s est_300=1h 03m 48s
[ALG:ConViT-Ti][154/300] loss=1.8009 ce=1.8009 guidance=0.0000 beta=0.00 train_acc=57.63% test_acc=44.77% best=46.39% lr=0.00024472584 time=14.2s est_300=1h 03m 51s
[ALG:ConViT-Ti][155/300] loss=1.7890 ce=1.7890 guidance=0.0000 beta=0.00 train_acc=57.17% test_acc=45.15% best=46.39% lr=0.00024213578 time=13.4s est_300=1h 03m 52s
[ALG:ConViT-Ti][156/300] loss=1.8272 ce=1.8272 guidance=0.0000 beta=0.00 train_acc=57.00% test_acc=44.77% best=46.39% lr=0.00023954685 time=11.8s est_300=1h 03m 50s
[ALG:ConViT-Ti][157/300] loss=1.7601 ce=1.7601 guidance=0.0000 beta=0.00 train_acc=58.07% test_acc=45.44% best=46.39% lr=0.00023695935 time=12.5s est_300=1h 03m 50s
[ALG:ConViT-Ti][158/300] loss=1.7981 ce=1.7981 guidance=0.0000 beta=0.00 train_acc=56.71% test_acc=45.70% best=46.39% lr=0.00023437355 time=11.8s est_300=1h 03m 48s
[ALG:ConViT-Ti][159/300] loss=1.7545 ce=1.7545 guidance=0.0000 beta=0.00 train_acc=58.54% test_acc=45.05% best=46.39% lr=0.00023178973 time=12.0s est_300=1h 03m 46s
[ALG:ConViT-Ti][160/300] loss=1.7712 ce=1.7712 guidance=0.0000 beta=0.00 train_acc=57.85% test_acc=45.06% best=46.39% lr=0.00022920819 time=11.7s est_300=1h 03m 44s
[ALG:ConViT-Ti][161/300] loss=1.7416 ce=1.7416 guidance=0.0000 beta=0.00 train_acc=58.78% test_acc=45.88% best=46.39% lr=0.00022662921 time=13.4s est_300=1h 03m 46s
[ALG:ConViT-Ti][162/300] loss=1.7944 ce=1.7944 guidance=0.0000 beta=0.00 train_acc=57.40% test_acc=44.60% best=46.39% lr=0.00022405306 time=13.2s est_300=1h 03m 47s
[ALG:ConViT-Ti][163/300] loss=1.7362 ce=1.7362 guidance=0.0000 beta=0.00 train_acc=59.00% test_acc=46.01% best=46.39% lr=0.00022148002 time=12.7s est_300=1h 03m 46s
[ALG:ConViT-Ti][164/300] loss=1.7347 ce=1.7347 guidance=0.0000 beta=0.00 train_acc=59.60% test_acc=45.03% best=46.39% lr=0.0002189104 time=11.6s est_300=1h 03m 44s
[ALG:ConViT-Ti][165/300] loss=1.6922 ce=1.6922 guidance=0.0000 beta=0.00 train_acc=59.65% test_acc=45.27% best=46.39% lr=0.00021634445 time=13.6s est_300=1h 03m 46s
[ALG:ConViT-Ti][166/300] loss=1.7055 ce=1.7055 guidance=0.0000 beta=0.00 train_acc=59.07% test_acc=45.74% best=46.39% lr=0.00021378247 time=13.3s est_300=1h 03m 47s
[ALG:ConViT-Ti][167/300] loss=1.7035 ce=1.7035 guidance=0.0000 beta=0.00 train_acc=59.27% test_acc=46.00% best=46.39% lr=0.00021122474 time=12.1s est_300=1h 03m 46s
[ALG:ConViT-Ti][168/300] loss=1.7298 ce=1.7298 guidance=0.0000 beta=0.00 train_acc=59.36% test_acc=45.72% best=46.39% lr=0.00020867153 time=11.5s est_300=1h 03m 43s
[ALG:ConViT-Ti][169/300] loss=1.6728 ce=1.6728 guidance=0.0000 beta=0.00 train_acc=60.53% test_acc=45.91% best=46.39% lr=0.00020612312 time=11.6s est_300=1h 03m 41s
[ALG:ConViT-Ti][170/300] loss=1.7503 ce=1.7503 guidance=0.0000 beta=0.00 train_acc=58.66% test_acc=45.94% best=46.39% lr=0.00020357981 time=11.1s est_300=1h 03m 39s
[ALG:ConViT-Ti][171/300] loss=1.6683 ce=1.6683 guidance=0.0000 beta=0.00 train_acc=60.14% test_acc=46.76% best=46.76% lr=0.00020104186 time=10.9s est_300=1h 03m 36s
[ALG:ConViT-Ti][172/300] loss=1.6530 ce=1.6530 guidance=0.0000 beta=0.00 train_acc=60.94% test_acc=45.86% best=46.76% lr=0.00019850955 time=11.7s est_300=1h 03m 34s
[ALG:ConViT-Ti][173/300] loss=1.6715 ce=1.6715 guidance=0.0000 beta=0.00 train_acc=60.11% test_acc=46.41% best=46.76% lr=0.00019598316 time=11.0s est_300=1h 03m 31s
[ALG:ConViT-Ti][174/300] loss=1.6577 ce=1.6577 guidance=0.0000 beta=0.00 train_acc=60.26% test_acc=45.82% best=46.76% lr=0.00019346297 time=12.3s est_300=1h 03m 30s
[ALG:ConViT-Ti][175/300] loss=1.5860 ce=1.5860 guidance=0.0000 beta=0.00 train_acc=62.45% test_acc=47.01% best=47.01% lr=0.00019094925 time=12.6s est_300=1h 03m 30s
[ALG:ConViT-Ti][176/300] loss=1.6159 ce=1.6159 guidance=0.0000 beta=0.00 train_acc=62.26% test_acc=46.46% best=47.01% lr=0.00018844229 time=13.6s est_300=1h 03m 31s
[ALG:ConViT-Ti][177/300] loss=1.6224 ce=1.6224 guidance=0.0000 beta=0.00 train_acc=61.99% test_acc=46.79% best=47.01% lr=0.00018594234 time=13.3s est_300=1h 03m 32s
[ALG:ConViT-Ti][178/300] loss=1.5887 ce=1.5887 guidance=0.0000 beta=0.00 train_acc=62.81% test_acc=45.10% best=47.01% lr=0.0001834497 time=13.5s est_300=1h 03m 34s
[ALG:ConViT-Ti][179/300] loss=1.6245 ce=1.6245 guidance=0.0000 beta=0.00 train_acc=61.18% test_acc=47.55% best=47.55% lr=0.00018096463 time=13.5s est_300=1h 03m 35s
[ALG:ConViT-Ti][180/300] loss=1.5671 ce=1.5671 guidance=0.0000 beta=0.00 train_acc=62.09% test_acc=46.60% best=47.55% lr=0.0001784874 time=12.3s est_300=1h 03m 34s
[ALG:ConViT-Ti][181/300] loss=1.6098 ce=1.6098 guidance=0.0000 beta=0.00 train_acc=61.48% test_acc=46.60% best=47.55% lr=0.00017601829 time=12.7s est_300=1h 03m 35s
[ALG:ConViT-Ti][182/300] loss=1.5946 ce=1.5946 guidance=0.0000 beta=0.00 train_acc=61.87% test_acc=46.10% best=47.55% lr=0.00017355757 time=13.4s est_300=1h 03m 36s
[ALG:ConViT-Ti][183/300] loss=1.5700 ce=1.5700 guidance=0.0000 beta=0.00 train_acc=62.89% test_acc=47.81% best=47.81% lr=0.0001711055 time=12.3s est_300=1h 03m 35s
[ALG:ConViT-Ti][184/300] loss=1.5447 ce=1.5447 guidance=0.0000 beta=0.00 train_acc=63.54% test_acc=47.31% best=47.81% lr=0.00016866236 time=12.3s est_300=1h 03m 34s
[ALG:ConViT-Ti][185/300] loss=1.5302 ce=1.5302 guidance=0.0000 beta=0.00 train_acc=63.96% test_acc=46.72% best=47.81% lr=0.00016622842 time=12.4s est_300=1h 03m 34s
[ALG:ConViT-Ti][186/300] loss=1.5831 ce=1.5831 guidance=0.0000 beta=0.00 train_acc=62.92% test_acc=46.96% best=47.81% lr=0.00016380393 time=14.6s est_300=1h 03m 37s
[ALG:ConViT-Ti][187/300] loss=1.4934 ce=1.4934 guidance=0.0000 beta=0.00 train_acc=64.10% test_acc=46.41% best=47.81% lr=0.00016138917 time=12.6s est_300=1h 03m 37s
[ALG:ConViT-Ti][188/300] loss=1.5757 ce=1.5757 guidance=0.0000 beta=0.00 train_acc=62.48% test_acc=46.63% best=47.81% lr=0.00015898441 time=13.7s est_300=1h 03m 38s
[ALG:ConViT-Ti][189/300] loss=1.5206 ce=1.5206 guidance=0.0000 beta=0.00 train_acc=63.79% test_acc=47.55% best=47.81% lr=0.00015658989 time=12.9s est_300=1h 03m 38s
[ALG:ConViT-Ti][190/300] loss=1.5402 ce=1.5402 guidance=0.0000 beta=0.00 train_acc=63.16% test_acc=48.00% best=48.00% lr=0.0001542059 time=13.6s est_300=1h 03m 40s
[ALG:ConViT-Ti][191/300] loss=1.4992 ce=1.4992 guidance=0.0000 beta=0.00 train_acc=65.40% test_acc=46.93% best=48.00% lr=0.00015183268 time=13.3s est_300=1h 03m 41s
[ALG:ConViT-Ti][192/300] loss=1.4641 ce=1.4641 guidance=0.0000 beta=0.00 train_acc=65.32% test_acc=47.00% best=48.00% lr=0.0001494705 time=12.8s est_300=1h 03m 41s
[ALG:ConViT-Ti][193/300] loss=1.5073 ce=1.5073 guidance=0.0000 beta=0.00 train_acc=64.56% test_acc=45.91% best=48.00% lr=0.00014711963 time=11.3s est_300=1h 03m 39s
[ALG:ConViT-Ti][194/300] loss=1.4748 ce=1.4748 guidance=0.0000 beta=0.00 train_acc=65.13% test_acc=47.64% best=48.00% lr=0.0001447803 time=12.0s est_300=1h 03m 37s
[ALG:ConViT-Ti][195/300] loss=1.4870 ce=1.4870 guidance=0.0000 beta=0.00 train_acc=64.59% test_acc=47.60% best=48.00% lr=0.00014245279 time=13.0s est_300=1h 03m 38s
[ALG:ConViT-Ti][196/300] loss=1.4559 ce=1.4559 guidance=0.0000 beta=0.00 train_acc=65.32% test_acc=47.57% best=48.00% lr=0.00014013735 time=11.8s est_300=1h 03m 36s
[ALG:ConViT-Ti][197/300] loss=1.4386 ce=1.4386 guidance=0.0000 beta=0.00 train_acc=65.35% test_acc=46.91% best=48.00% lr=0.00013783423 time=10.9s est_300=1h 03m 34s
[ALG:ConViT-Ti][198/300] loss=1.4537 ce=1.4537 guidance=0.0000 beta=0.00 train_acc=65.30% test_acc=47.00% best=48.00% lr=0.00013554369 time=12.9s est_300=1h 03m 34s
[ALG:ConViT-Ti][199/300] loss=1.4579 ce=1.4579 guidance=0.0000 beta=0.00 train_acc=65.81% test_acc=48.10% best=48.10% lr=0.00013326597 time=10.9s est_300=1h 03m 31s
[ALG:ConViT-Ti][200/300] loss=1.4386 ce=1.4386 guidance=0.0000 beta=0.00 train_acc=66.08% test_acc=48.02% best=48.10% lr=0.00013100132 time=11.0s est_300=1h 03m 29s
[ALG:ConViT-Ti][201/300] loss=1.4647 ce=1.4647 guidance=0.0000 beta=0.00 train_acc=66.00% test_acc=48.31% best=48.31% lr=0.00012875 time=12.6s est_300=1h 03m 28s
[ALG:ConViT-Ti][202/300] loss=1.4273 ce=1.4273 guidance=0.0000 beta=0.00 train_acc=66.07% test_acc=47.43% best=48.31% lr=0.00012651225 time=13.5s est_300=1h 03m 30s
[ALG:ConViT-Ti][203/300] loss=1.4091 ce=1.4091 guidance=0.0000 beta=0.00 train_acc=66.78% test_acc=49.22% best=49.22% lr=0.00012428832 time=11.2s est_300=1h 03m 27s
[ALG:ConViT-Ti][204/300] loss=1.4177 ce=1.4177 guidance=0.0000 beta=0.00 train_acc=66.37% test_acc=48.02% best=49.22% lr=0.00012207844 time=11.8s est_300=1h 03m 26s
[ALG:ConViT-Ti][205/300] loss=1.3822 ce=1.3822 guidance=0.0000 beta=0.00 train_acc=67.15% test_acc=48.33% best=49.22% lr=0.00011988287 time=12.1s est_300=1h 03m 25s
[ALG:ConViT-Ti][206/300] loss=1.4258 ce=1.4258 guidance=0.0000 beta=0.00 train_acc=66.39% test_acc=49.17% best=49.22% lr=0.00011770184 time=13.3s est_300=1h 03m 26s
[ALG:ConViT-Ti][207/300] loss=1.4045 ce=1.4045 guidance=0.0000 beta=0.00 train_acc=66.49% test_acc=47.86% best=49.22% lr=0.00011553559 time=14.1s est_300=1h 03m 28s
[ALG:ConViT-Ti][208/300] loss=1.4065 ce=1.4065 guidance=0.0000 beta=0.00 train_acc=66.63% test_acc=48.10% best=49.22% lr=0.00011338436 time=12.5s est_300=1h 03m 28s
[ALG:ConViT-Ti][209/300] loss=1.4450 ce=1.4450 guidance=0.0000 beta=0.00 train_acc=66.39% test_acc=48.58% best=49.22% lr=0.00011124839 time=10.9s est_300=1h 03m 25s
[ALG:ConViT-Ti][210/300] loss=1.3553 ce=1.3553 guidance=0.0000 beta=0.00 train_acc=68.50% test_acc=47.76% best=49.22% lr=0.00010912791 time=11.7s est_300=1h 03m 24s
[ALG:ConViT-Ti][211/300] loss=1.3649 ce=1.3649 guidance=0.0000 beta=0.00 train_acc=67.26% test_acc=48.17% best=49.22% lr=0.00010702315 time=13.0s est_300=1h 03m 25s
[ALG:ConViT-Ti][212/300] loss=1.3046 ce=1.3046 guidance=0.0000 beta=0.00 train_acc=68.75% test_acc=48.05% best=49.22% lr=0.00010493434 time=13.1s est_300=1h 03m 25s
[ALG:ConViT-Ti][213/300] loss=1.4090 ce=1.4090 guidance=0.0000 beta=0.00 train_acc=66.80% test_acc=48.45% best=49.22% lr=0.00010286172 time=12.9s est_300=1h 03m 25s
[ALG:ConViT-Ti][214/300] loss=1.3640 ce=1.3640 guidance=0.0000 beta=0.00 train_acc=67.70% test_acc=48.05% best=49.22% lr=0.0001008055 time=11.7s est_300=1h 03m 24s
[ALG:ConViT-Ti][215/300] loss=1.3624 ce=1.3624 guidance=0.0000 beta=0.00 train_acc=67.92% test_acc=48.55% best=49.22% lr=9.8765924e-05 time=11.2s est_300=1h 03m 22s
[ALG:ConViT-Ti][216/300] loss=1.3434 ce=1.3434 guidance=0.0000 beta=0.00 train_acc=69.11% test_acc=48.45% best=49.22% lr=9.6743203e-05 time=11.7s est_300=1h 03m 21s
[ALG:ConViT-Ti][217/300] loss=1.3441 ce=1.3441 guidance=0.0000 beta=0.00 train_acc=68.82% test_acc=48.77% best=49.22% lr=9.4737563e-05 time=13.5s est_300=1h 03m 22s
[ALG:ConViT-Ti][218/300] loss=1.3090 ce=1.3090 guidance=0.0000 beta=0.00 train_acc=68.73% test_acc=48.36% best=49.22% lr=9.2749222e-05 time=13.3s est_300=1h 03m 23s
[ALG:ConViT-Ti][219/300] loss=1.3150 ce=1.3150 guidance=0.0000 beta=0.00 train_acc=68.80% test_acc=48.26% best=49.22% lr=9.0778401e-05 time=12.9s est_300=1h 03m 23s
[ALG:ConViT-Ti][220/300] loss=1.3095 ce=1.3095 guidance=0.0000 beta=0.00 train_acc=69.23% test_acc=49.17% best=49.22% lr=8.8825313e-05 time=11.7s est_300=1h 03m 22s
[ALG:ConViT-Ti][221/300] loss=1.2766 ce=1.2766 guidance=0.0000 beta=0.00 train_acc=69.70% test_acc=49.28% best=49.28% lr=8.6890175e-05 time=13.0s est_300=1h 03m 22s
[ALG:ConViT-Ti][222/300] loss=1.2958 ce=1.2958 guidance=0.0000 beta=0.00 train_acc=69.43% test_acc=49.91% best=49.91% lr=8.4973198e-05 time=14.1s est_300=1h 03m 24s
[ALG:ConViT-Ti][223/300] loss=1.2923 ce=1.2923 guidance=0.0000 beta=0.00 train_acc=69.36% test_acc=49.00% best=49.91% lr=8.3074591e-05 time=13.2s est_300=1h 03m 25s
[ALG:ConViT-Ti][224/300] loss=1.2918 ce=1.2918 guidance=0.0000 beta=0.00 train_acc=70.13% test_acc=48.67% best=49.91% lr=8.1194564e-05 time=12.3s est_300=1h 03m 24s
[ALG:ConViT-Ti][225/300] loss=1.2615 ce=1.2615 guidance=0.0000 beta=0.00 train_acc=70.21% test_acc=49.43% best=49.91% lr=7.9333323e-05 time=12.3s est_300=1h 03m 24s
[ALG:ConViT-Ti][226/300] loss=1.2863 ce=1.2863 guidance=0.0000 beta=0.00 train_acc=69.63% test_acc=49.55% best=49.91% lr=7.7491072e-05 time=12.5s est_300=1h 03m 24s
[ALG:ConViT-Ti][227/300] loss=1.2483 ce=1.2483 guidance=0.0000 beta=0.00 train_acc=70.24% test_acc=49.83% best=49.91% lr=7.5668012e-05 time=13.8s est_300=1h 03m 25s
[ALG:ConViT-Ti][228/300] loss=1.2634 ce=1.2634 guidance=0.0000 beta=0.00 train_acc=70.45% test_acc=48.67% best=49.91% lr=7.3864344e-05 time=13.5s est_300=1h 03m 26s
[ALG:ConViT-Ti][229/300] loss=1.2772 ce=1.2772 guidance=0.0000 beta=0.00 train_acc=69.58% test_acc=49.15% best=49.91% lr=7.2080265e-05 time=11.8s est_300=1h 03m 25s
[ALG:ConViT-Ti][230/300] loss=1.2923 ce=1.2923 guidance=0.0000 beta=0.00 train_acc=69.74% test_acc=49.14% best=49.91% lr=7.0315971e-05 time=12.8s est_300=1h 03m 25s
[ALG:ConViT-Ti][231/300] loss=1.2716 ce=1.2716 guidance=0.0000 beta=0.00 train_acc=70.14% test_acc=49.07% best=49.91% lr=6.8571656e-05 time=11.7s est_300=1h 03m 24s
[ALG:ConViT-Ti][232/300] loss=1.2704 ce=1.2704 guidance=0.0000 beta=0.00 train_acc=70.28% test_acc=50.02% best=50.02% lr=6.684751e-05 time=12.4s est_300=1h 03m 23s
[ALG:ConViT-Ti][233/300] loss=1.2715 ce=1.2715 guidance=0.0000 beta=0.00 train_acc=70.13% test_acc=49.02% best=50.02% lr=6.5143724e-05 time=13.7s est_300=1h 03m 25s
[ALG:ConViT-Ti][234/300] loss=1.2476 ce=1.2476 guidance=0.0000 beta=0.00 train_acc=70.87% test_acc=49.67% best=50.02% lr=6.3460483e-05 time=11.7s est_300=1h 03m 24s
[ALG:ConViT-Ti][235/300] loss=1.2512 ce=1.2512 guidance=0.0000 beta=0.00 train_acc=70.64% test_acc=49.98% best=50.02% lr=6.1797972e-05 time=11.5s est_300=1h 03m 22s
[ALG:ConViT-Ti][236/300] loss=1.2007 ce=1.2007 guidance=0.0000 beta=0.00 train_acc=71.42% test_acc=49.55% best=50.02% lr=6.0156375e-05 time=11.8s est_300=1h 03m 21s
[ALG:ConViT-Ti][237/300] loss=1.1883 ce=1.1883 guidance=0.0000 beta=0.00 train_acc=72.13% test_acc=50.05% best=50.05% lr=5.8535869e-05 time=11.8s est_300=1h 03m 20s
[ALG:ConViT-Ti][238/300] loss=1.2052 ce=1.2052 guidance=0.0000 beta=0.00 train_acc=71.74% test_acc=49.84% best=50.05% lr=5.6936634e-05 time=13.6s est_300=1h 03m 21s
[ALG:ConViT-Ti][239/300] loss=1.2320 ce=1.2320 guidance=0.0000 beta=0.00 train_acc=70.69% test_acc=49.38% best=50.05% lr=5.5358845e-05 time=12.8s est_300=1h 03m 21s
[ALG:ConViT-Ti][240/300] loss=1.1997 ce=1.1997 guidance=0.0000 beta=0.00 train_acc=72.10% test_acc=49.65% best=50.05% lr=5.3802675e-05 time=11.3s est_300=1h 03m 19s
[ALG:ConViT-Ti][241/300] loss=1.2340 ce=1.2340 guidance=0.0000 beta=0.00 train_acc=70.75% test_acc=50.17% best=50.17% lr=5.2268294e-05 time=11.8s est_300=1h 03m 18s
[ALG:ConViT-Ti][242/300] loss=1.1974 ce=1.1974 guidance=0.0000 beta=0.00 train_acc=72.10% test_acc=50.00% best=50.17% lr=5.0755871e-05 time=14.1s est_300=1h 03m 20s
[ALG:ConViT-Ti][243/300] loss=1.1746 ce=1.1746 guidance=0.0000 beta=0.00 train_acc=72.61% test_acc=49.65% best=50.17% lr=4.9265571e-05 time=13.5s est_300=1h 03m 21s
[ALG:ConViT-Ti][244/300] loss=1.1877 ce=1.1877 guidance=0.0000 beta=0.00 train_acc=72.27% test_acc=49.17% best=50.17% lr=4.7797558e-05 time=13.5s est_300=1h 03m 22s
[ALG:ConViT-Ti][245/300] loss=1.1917 ce=1.1917 guidance=0.0000 beta=0.00 train_acc=71.93% test_acc=49.62% best=50.17% lr=4.6351993e-05 time=12.6s est_300=1h 03m 22s
[ALG:ConViT-Ti][246/300] loss=1.1547 ce=1.1547 guidance=0.0000 beta=0.00 train_acc=72.15% test_acc=50.16% best=50.17% lr=4.4929034e-05 time=12.4s est_300=1h 03m 22s
[ALG:ConViT-Ti][247/300] loss=1.1418 ce=1.1418 guidance=0.0000 beta=0.00 train_acc=72.71% test_acc=50.33% best=50.33% lr=4.3528838e-05 time=11.8s est_300=1h 03m 21s
[ALG:ConViT-Ti][248/300] loss=1.1684 ce=1.1684 guidance=0.0000 beta=0.00 train_acc=72.81% test_acc=50.00% best=50.33% lr=4.2151558e-05 time=13.0s est_300=1h 03m 21s
[ALG:ConViT-Ti][249/300] loss=1.1484 ce=1.1484 guidance=0.0000 beta=0.00 train_acc=72.66% test_acc=49.12% best=50.33% lr=4.0797346e-05 time=11.7s est_300=1h 03m 20s
[ALG:ConViT-Ti][250/300] loss=1.1366 ce=1.1366 guidance=0.0000 beta=0.00 train_acc=73.22% test_acc=50.38% best=50.38% lr=3.9466348e-05 time=13.2s est_300=1h 03m 21s
[ALG:ConViT-Ti][251/300] loss=1.1538 ce=1.1538 guidance=0.0000 beta=0.00 train_acc=72.62% test_acc=49.67% best=50.38% lr=3.8158713e-05 time=13.1s est_300=1h 03m 21s
[ALG:ConViT-Ti][252/300] loss=1.1534 ce=1.1534 guidance=0.0000 beta=0.00 train_acc=73.22% test_acc=48.95% best=50.38% lr=3.6874582e-05 time=12.4s est_300=1h 03m 21s
[ALG:ConViT-Ti][253/300] loss=1.1311 ce=1.1311 guidance=0.0000 beta=0.00 train_acc=73.64% test_acc=49.62% best=50.38% lr=3.5614097e-05 time=13.1s est_300=1h 03m 21s
[ALG:ConViT-Ti][254/300] loss=1.1809 ce=1.1809 guidance=0.0000 beta=0.00 train_acc=71.99% test_acc=49.69% best=50.38% lr=3.4377396e-05 time=12.5s est_300=1h 03m 21s
[ALG:ConViT-Ti][255/300] loss=1.1591 ce=1.1591 guidance=0.0000 beta=0.00 train_acc=72.40% test_acc=49.64% best=50.38% lr=3.3164614e-05 time=12.1s est_300=1h 03m 20s
[ALG:ConViT-Ti][256/300] loss=1.1170 ce=1.1170 guidance=0.0000 beta=0.00 train_acc=73.74% test_acc=50.12% best=50.38% lr=3.1975885e-05 time=13.1s est_300=1h 03m 21s
[ALG:ConViT-Ti][257/300] loss=1.1427 ce=1.1427 guidance=0.0000 beta=0.00 train_acc=73.49% test_acc=49.91% best=50.38% lr=3.0811339e-05 time=13.6s est_300=1h 03m 22s
[ALG:ConViT-Ti][258/300] loss=1.1272 ce=1.1272 guidance=0.0000 beta=0.00 train_acc=72.96% test_acc=50.35% best=50.38% lr=2.9671104e-05 time=13.0s est_300=1h 03m 22s
[ALG:ConViT-Ti][259/300] loss=1.1031 ce=1.1031 guidance=0.0000 beta=0.00 train_acc=73.59% test_acc=50.64% best=50.64% lr=2.8555305e-05 time=13.8s est_300=1h 03m 24s
[ALG:ConViT-Ti][260/300] loss=1.1464 ce=1.1464 guidance=0.0000 beta=0.00 train_acc=73.37% test_acc=49.91% best=50.64% lr=2.7464063e-05 time=13.6s est_300=1h 03m 25s
[ALG:ConViT-Ti][261/300] loss=1.1233 ce=1.1233 guidance=0.0000 beta=0.00 train_acc=73.28% test_acc=50.05% best=50.64% lr=2.6397499e-05 time=14.1s est_300=1h 03m 26s
[ALG:ConViT-Ti][262/300] loss=1.0999 ce=1.0999 guidance=0.0000 beta=0.00 train_acc=73.79% test_acc=50.09% best=50.64% lr=2.535573e-05 time=13.0s est_300=1h 03m 27s
[ALG:ConViT-Ti][263/300] loss=1.1194 ce=1.1194 guidance=0.0000 beta=0.00 train_acc=73.18% test_acc=50.40% best=50.64% lr=2.433887e-05 time=11.7s est_300=1h 03m 26s
[ALG:ConViT-Ti][264/300] loss=1.1151 ce=1.1151 guidance=0.0000 beta=0.00 train_acc=73.20% test_acc=50.12% best=50.64% lr=2.334703e-05 time=11.6s est_300=1h 03m 24s
[ALG:ConViT-Ti][265/300] loss=1.0672 ce=1.0672 guidance=0.0000 beta=0.00 train_acc=74.69% test_acc=50.12% best=50.64% lr=2.238032e-05 time=12.2s est_300=1h 03m 24s
[ALG:ConViT-Ti][266/300] loss=1.1264 ce=1.1264 guidance=0.0000 beta=0.00 train_acc=73.08% test_acc=50.24% best=50.64% lr=2.1438844e-05 time=13.5s est_300=1h 03m 25s
[ALG:ConViT-Ti][267/300] loss=1.0717 ce=1.0717 guidance=0.0000 beta=0.00 train_acc=74.76% test_acc=49.95% best=50.64% lr=2.0522708e-05 time=13.8s est_300=1h 03m 26s
[ALG:ConViT-Ti][268/300] loss=1.0815 ce=1.0815 guidance=0.0000 beta=0.00 train_acc=74.51% test_acc=49.98% best=50.64% lr=1.963201e-05 time=13.0s est_300=1h 03m 26s
[ALG:ConViT-Ti][269/300] loss=1.1091 ce=1.1091 guidance=0.0000 beta=0.00 train_acc=73.76% test_acc=50.35% best=50.64% lr=1.8766848e-05 time=12.9s est_300=1h 03m 26s
[ALG:ConViT-Ti][270/300] loss=1.1026 ce=1.1026 guidance=0.0000 beta=0.00 train_acc=73.64% test_acc=50.02% best=50.64% lr=1.7927319e-05 time=13.8s est_300=1h 03m 28s
[ALG:ConViT-Ti][271/300] loss=1.0865 ce=1.0865 guidance=0.0000 beta=0.00 train_acc=74.27% test_acc=50.45% best=50.64% lr=1.7113512e-05 time=13.8s est_300=1h 03m 29s
[ALG:ConViT-Ti][272/300] loss=1.1081 ce=1.1081 guidance=0.0000 beta=0.00 train_acc=74.27% test_acc=50.45% best=50.64% lr=1.6325519e-05 time=13.5s est_300=1h 03m 30s
[ALG:ConViT-Ti][273/300] loss=1.1135 ce=1.1135 guidance=0.0000 beta=0.00 train_acc=74.32% test_acc=50.29% best=50.64% lr=1.5563424e-05 time=13.0s est_300=1h 03m 30s
[ALG:ConViT-Ti][274/300] loss=1.1036 ce=1.1036 guidance=0.0000 beta=0.00 train_acc=74.13% test_acc=50.33% best=50.64% lr=1.4827313e-05 time=13.8s est_300=1h 03m 31s
[ALG:ConViT-Ti][275/300] loss=1.1081 ce=1.1081 guidance=0.0000 beta=0.00 train_acc=74.64% test_acc=50.31% best=50.64% lr=1.4117265e-05 time=13.3s est_300=1h 03m 32s
[ALG:ConViT-Ti][276/300] loss=1.1138 ce=1.1138 guidance=0.0000 beta=0.00 train_acc=73.18% test_acc=50.40% best=50.64% lr=1.3433358e-05 time=13.8s est_300=1h 03m 33s
[ALG:ConViT-Ti][277/300] loss=1.0788 ce=1.0788 guidance=0.0000 beta=0.00 train_acc=74.85% test_acc=50.38% best=50.64% lr=1.2775668e-05 time=13.7s est_300=1h 03m 34s
[ALG:ConViT-Ti][278/300] loss=1.1044 ce=1.1044 guidance=0.0000 beta=0.00 train_acc=73.88% test_acc=50.38% best=50.64% lr=1.2144266e-05 time=13.6s est_300=1h 03m 35s
[ALG:ConViT-Ti][279/300] loss=1.1024 ce=1.1024 guidance=0.0000 beta=0.00 train_acc=74.32% test_acc=50.88% best=50.88% lr=1.1539222e-05 time=13.3s est_300=1h 03m 36s
[ALG:ConViT-Ti][280/300] loss=1.1163 ce=1.1163 guidance=0.0000 beta=0.00 train_acc=74.58% test_acc=50.41% best=50.88% lr=1.0960601e-05 time=10.9s est_300=1h 03m 34s
[ALG:ConViT-Ti][281/300] loss=1.0844 ce=1.0844 guidance=0.0000 beta=0.00 train_acc=74.64% test_acc=50.43% best=50.88% lr=1.0408469e-05 time=11.6s est_300=1h 03m 33s
[ALG:ConViT-Ti][282/300] loss=1.1304 ce=1.1304 guidance=0.0000 beta=0.00 train_acc=73.79% test_acc=50.43% best=50.88% lr=9.8828843e-06 time=11.3s est_300=1h 03m 31s
[ALG:ConViT-Ti][283/300] loss=1.0974 ce=1.0974 guidance=0.0000 beta=0.00 train_acc=74.08% test_acc=50.62% best=50.88% lr=9.3839054e-06 time=11.6s est_300=1h 03m 30s
[ALG:ConViT-Ti][284/300] loss=1.0995 ce=1.0995 guidance=0.0000 beta=0.00 train_acc=74.78% test_acc=50.79% best=50.88% lr=8.911587e-06 time=11.8s est_300=1h 03m 29s
[ALG:ConViT-Ti][285/300] loss=1.0820 ce=1.0820 guidance=0.0000 beta=0.00 train_acc=74.10% test_acc=50.07% best=50.88% lr=8.4659808e-06 time=12.3s est_300=1h 03m 29s
[ALG:ConViT-Ti][286/300] loss=1.1006 ce=1.1006 guidance=0.0000 beta=0.00 train_acc=74.30% test_acc=50.72% best=50.88% lr=8.0471357e-06 time=11.7s est_300=1h 03m 28s
[ALG:ConViT-Ti][287/300] loss=1.0846 ce=1.0846 guidance=0.0000 beta=0.00 train_acc=73.85% test_acc=50.76% best=50.88% lr=7.6550976e-06 time=12.5s est_300=1h 03m 27s
[ALG:ConViT-Ti][288/300] loss=1.0405 ce=1.0405 guidance=0.0000 beta=0.00 train_acc=75.31% test_acc=50.79% best=50.88% lr=7.2899095e-06 time=12.6s est_300=1h 03m 27s
[ALG:ConViT-Ti][289/300] loss=1.0887 ce=1.0887 guidance=0.0000 beta=0.00 train_acc=74.54% test_acc=50.91% best=50.91% lr=6.9516114e-06 time=13.0s est_300=1h 03m 28s
[ALG:ConViT-Ti][290/300] loss=1.0608 ce=1.0608 guidance=0.0000 beta=0.00 train_acc=74.97% test_acc=50.71% best=50.91% lr=6.6402405e-06 time=12.3s est_300=1h 03m 27s
[ALG:ConViT-Ti][291/300] loss=1.1080 ce=1.1080 guidance=0.0000 beta=0.00 train_acc=73.57% test_acc=50.71% best=50.91% lr=6.3558309e-06 time=12.1s est_300=1h 03m 27s
[ALG:ConViT-Ti][292/300] loss=1.0400 ce=1.0400 guidance=0.0000 beta=0.00 train_acc=75.65% test_acc=51.05% best=51.05% lr=6.0984138e-06 time=13.3s est_300=1h 03m 27s
[ALG:ConViT-Ti][293/300] loss=1.0426 ce=1.0426 guidance=0.0000 beta=0.00 train_acc=75.14% test_acc=50.88% best=51.05% lr=5.8680173e-06 time=11.5s est_300=1h 03m 26s
[ALG:ConViT-Ti][294/300] loss=1.0688 ce=1.0688 guidance=0.0000 beta=0.00 train_acc=74.35% test_acc=50.90% best=51.05% lr=5.6646669e-06 time=12.3s est_300=1h 03m 26s
[ALG:ConViT-Ti][295/300] loss=1.0710 ce=1.0710 guidance=0.0000 beta=0.00 train_acc=75.10% test_acc=50.83% best=51.05% lr=5.4883847e-06 time=11.9s est_300=1h 03m 25s
[ALG:ConViT-Ti][296/300] loss=1.0681 ce=1.0681 guidance=0.0000 beta=0.00 train_acc=74.68% test_acc=50.86% best=51.05% lr=5.3391901e-06 time=13.7s est_300=1h 03m 26s
[ALG:ConViT-Ti][297/300] loss=1.0564 ce=1.0564 guidance=0.0000 beta=0.00 train_acc=75.54% test_acc=50.79% best=51.05% lr=5.2170996e-06 time=13.1s est_300=1h 03m 27s
[ALG:ConViT-Ti][298/300] loss=1.0850 ce=1.0850 guidance=0.0000 beta=0.00 train_acc=74.73% test_acc=50.59% best=51.05% lr=5.1221263e-06 time=13.3s est_300=1h 03m 27s
[ALG:ConViT-Ti][299/300] loss=1.0772 ce=1.0772 guidance=0.0000 beta=0.00 train_acc=74.44% test_acc=50.67% best=51.05% lr=5.0542808e-06 time=12.2s est_300=1h 03m 27s
[ALG:ConViT-Ti][300/300] loss=1.0614 ce=1.0614 guidance=0.0000 beta=0.00 train_acc=74.47% test_acc=51.05% best=51.05% lr=5.0135706e-06 time=13.0s est_300=1h 03m 27s
[TIMING_RESULT] student=ConViT-Ti method=ALG batch=128 avg_epoch=12.69s estimated_300=1h 03m 27s
[FINAL_RESULT] summary=/app/output/table1_cub200_convit_all_full_seed1/students/table1_cub200_convit_ti_alg_b128_full_300ep_seed1/summary.json
[DONE] Table-1 CUB student task completed successfully.
[STUDENT_IDENTITY_CHECK_TABLE1_CUB200] status=PASS student=ConViT-Ti method=ALG batch=128 teacher=06f75192b1c108c89e480843cb4f72dfb28aa762d7b11e7ac327333dd54b51f5
[TASK_DONE] 3/5 ConViT-Ti/ALG elapsed=1h 03m 51s
------------------------------------------------------------------------------------------------
[TASK_START] 4/5 ConViT-Ti/OursB64
[COMMAND][OursB64] /usr/bin/python /app/scratch/input/kau-aimslab_551/methods/table1_cub200/train.py --full-run --student convit_ti --method ours --batch-size 64 --data-dir /app/output/table1_cub200_convit_all_full_seed1/data/cub200 --teacher-root /app/scratch/input/kau-aimslab_551/teachers/checkpoints/cub200_table1_resnet56_32 --output-dir /app/output/table1_cub200_convit_all_full_seed1/students --run-name table1_cub200_convit_ti_ours_b64_full_300ep_seed1 --num-workers 4
[BOOT] Python process started: /usr/bin/python
[BOOT] complete Table-1 runtime dependencies already available
/usr/local/lib/python3.10/dist-packages/timm/models/layers/__init__.py:49: FutureWarning: Importing from timm.models.layers is deprecated, please import via timm.layers
  warnings.warn(f"Importing from {__name__} is deprecated, please import via timm.layers", FutureWarning)
========================================================================================
CUB-200 TABLE-1 EXTENSION
========================================================================================
[TASK] student=ConViT-Ti method=OURS batch=64 mode=full_300ep
[MODE] actual_epochs=300 planned_epochs=300
[PROTOCOL_LOCK] dataset=CUB-200-2011 split=5994/5794 teacher=ResNet56-scratch-32 student=scratch-224 epochs=300 AdamW=5e-4->5e-6 wd=0.05 warmup=20 seed=1 fp32=True
[FIXED_TEACHER_TABLE1_CUB200] h200_build=543 root=/app/scratch/input/kau-aimslab_551/teachers/checkpoints/cub200_table1_resnet56_32 sha256=06f75192b1c108c89e480843cb4f72dfb28aa762d7b11e7ac327333dd54b51f5
[SOURCE] official_lg_repo=https://github.com/lkhl/tiny-transformers commit=d2165f74049c906b0afc9f957491960fb3c0cc8b
[MODEL] params=5,556,112 feature_dims=(192, 192, 192, 192, 192, 192, 192, 192, 192, 192, 192, 192) selected_lg=(0, 6, 11)
[FEATURE_CHECK] student=((2, 192, 14, 14), (2, 192, 14, 14), (2, 192, 14, 14), (2, 192, 14, 14), (2, 192, 14, 14), (2, 192, 14, 14), (2, 192, 14, 14), (2, 192, 14, 14), (2, 192, 14, 14), (2, 192, 14, 14), (2, 192, 14, 14), (2, 192, 14, 14)) teacher=((2, 16, 32, 32), (2, 32, 16, 16), (2, 64, 8, 8)) guidance_probe=12.263703
[OURS_ADAPTER] all_blocks=True common_channels=192 common_grid=14 adapter_params=0 ours_params=55,901
[OPTIMIZER] contract=ours_single_group_all_parameters_decay_0.05
[OURS:ConViT-Ti][001/300] loss=96.8778 ce=5.3378 guidance=36.6160 beta=2.50 train_acc=0.55% test_acc=0.50% best=0.50% lr=5e-07 time=16.8s est_300=1h 24m 11s
[OURS:ConViT-Ti][002/300] loss=83.4511 ce=5.3390 guidance=31.2448 beta=2.50 train_acc=0.44% test_acc=0.52% best=0.52% lr=2.5475e-05 time=16.3s est_300=1h 22m 57s
[OURS:ConViT-Ti][003/300] loss=73.7407 ce=5.3220 guidance=27.3675 beta=2.50 train_acc=0.44% test_acc=0.48% best=0.52% lr=5.045e-05 time=16.2s est_300=1h 22m 14s
[OURS:ConViT-Ti][004/300] loss=67.8573 ce=5.3190 guidance=25.0153 beta=2.50 train_acc=0.40% test_acc=0.48% best=0.52% lr=7.5425e-05 time=16.1s est_300=1h 21m 50s
[OURS:ConViT-Ti][005/300] loss=61.8633 ce=5.3177 guidance=22.6183 beta=2.50 train_acc=0.32% test_acc=0.83% best=0.83% lr=0.0001004 time=16.2s est_300=1h 21m 40s
[OURS:ConViT-Ti][006/300] loss=56.8871 ce=5.3038 guidance=20.6333 beta=2.50 train_acc=0.54% test_acc=0.79% best=0.83% lr=0.000125375 time=16.5s est_300=1h 21m 46s
[OURS:ConViT-Ti][007/300] loss=54.2137 ce=5.2146 guidance=19.5997 beta=2.50 train_acc=0.89% test_acc=1.19% best=1.19% lr=0.00015035 time=15.7s est_300=1h 21m 19s
[OURS:ConViT-Ti][008/300] loss=51.6332 ce=5.1290 guidance=18.6017 beta=2.50 train_acc=1.19% test_acc=1.98% best=1.98% lr=0.000175325 time=16.1s est_300=1h 21m 11s
[OURS:ConViT-Ti][009/300] loss=49.8767 ce=5.0587 guidance=17.9272 beta=2.50 train_acc=1.63% test_acc=3.30% best=3.30% lr=0.0002003 time=15.0s est_300=1h 20m 30s
[OURS:ConViT-Ti][010/300] loss=48.3398 ce=4.9397 guidance=17.3600 beta=2.50 train_acc=2.55% test_acc=4.09% best=4.09% lr=0.000225275 time=16.2s est_300=1h 20m 32s
[OURS:ConViT-Ti][011/300] loss=46.2886 ce=4.8470 guidance=16.5766 beta=2.50 train_acc=2.92% test_acc=5.45% best=5.45% lr=0.00025025 time=16.7s est_300=1h 20m 49s
[OURS:ConViT-Ti][012/300] loss=45.0102 ce=4.7493 guidance=16.1044 beta=2.50 train_acc=4.15% test_acc=5.94% best=5.94% lr=0.000275225 time=15.7s est_300=1h 20m 38s
[OURS:ConViT-Ti][013/300] loss=43.0439 ce=4.6569 guidance=15.3548 beta=2.50 train_acc=5.31% test_acc=6.96% best=6.96% lr=0.0003002 time=16.8s est_300=1h 20m 53s
[OURS:ConViT-Ti][014/300] loss=41.6231 ce=4.5703 guidance=14.8211 beta=2.50 train_acc=5.33% test_acc=9.37% best=9.37% lr=0.000325175 time=16.8s est_300=1h 21m 06s
[OURS:ConViT-Ti][015/300] loss=40.7572 ce=4.5177 guidance=14.4958 beta=2.50 train_acc=6.28% test_acc=8.73% best=9.37% lr=0.00035015 time=16.2s est_300=1h 21m 05s
[OURS:ConViT-Ti][016/300] loss=39.2894 ce=4.4108 guidance=13.9514 beta=2.50 train_acc=7.41% test_acc=11.01% best=11.01% lr=0.000375125 time=16.2s est_300=1h 21m 05s
[OURS:ConViT-Ti][017/300] loss=38.1573 ce=4.3742 guidance=13.5132 beta=2.50 train_acc=7.90% test_acc=10.01% best=11.01% lr=0.0004001 time=15.9s est_300=1h 21m 00s
[OURS:ConViT-Ti][018/300] loss=37.1304 ce=4.2872 guidance=13.1372 beta=2.50 train_acc=8.47% test_acc=12.93% best=12.93% lr=0.000425075 time=15.8s est_300=1h 20m 53s
[OURS:ConViT-Ti][019/300] loss=36.3317 ce=4.2429 guidance=12.8355 beta=2.50 train_acc=9.27% test_acc=14.00% best=14.00% lr=0.00045005 time=16.8s est_300=1h 21m 03s
[OURS:ConViT-Ti][020/300] loss=35.3632 ce=4.1647 guidance=12.4794 beta=2.50 train_acc=10.13% test_acc=15.26% best=15.26% lr=0.000475025 time=15.6s est_300=1h 20m 54s
[OURS:ConViT-Ti][021/300] loss=34.7298 ce=4.0989 guidance=12.2524 beta=2.50 train_acc=11.39% test_acc=15.00% best=15.26% lr=0.00049459153 time=15.7s est_300=1h 20m 47s
[OURS:ConViT-Ti][022/300] loss=34.0768 ce=4.0494 guidance=12.0109 beta=2.50 train_acc=12.38% test_acc=17.79% best=17.79% lr=0.0004940394 time=16.1s est_300=1h 20m 46s
[OURS:ConViT-Ti][023/300] loss=33.4561 ce=3.9805 guidance=11.7903 beta=2.50 train_acc=13.41% test_acc=20.43% best=20.43% lr=0.00049346078 time=16.5s est_300=1h 20m 51s
[OURS:ConViT-Ti][024/300] loss=32.7239 ce=3.9156 guidance=11.5233 beta=2.50 train_acc=14.23% test_acc=19.76% best=20.43% lr=0.00049285573 time=16.7s est_300=1h 20m 57s
[OURS:ConViT-Ti][025/300] loss=32.0110 ce=3.8471 guidance=11.2656 beta=2.50 train_acc=14.43% test_acc=22.63% best=22.63% lr=0.00049222433 time=15.8s est_300=1h 20m 52s
[OURS:ConViT-Ti][026/300] loss=31.7535 ce=3.8026 guidance=11.1804 beta=2.50 train_acc=15.78% test_acc=20.69% best=22.63% lr=0.00049156664 time=16.1s est_300=1h 20m 52s
[OURS:ConViT-Ti][027/300] loss=31.2355 ce=3.7728 guidance=10.9851 beta=2.50 train_acc=16.53% test_acc=22.52% best=22.63% lr=0.00049088274 time=16.7s est_300=1h 20m 57s
[OURS:ConViT-Ti][028/300] loss=30.5986 ce=3.6883 guidance=10.7641 beta=2.50 train_acc=17.31% test_acc=24.35% best=24.35% lr=0.00049017269 time=16.7s est_300=1h 21m 02s
[OURS:ConViT-Ti][029/300] loss=30.3593 ce=3.7210 guidance=10.6553 beta=2.50 train_acc=17.41% test_acc=24.42% best=24.42% lr=0.00048943658 time=15.9s est_300=1h 20m 59s
[OURS:ConViT-Ti][030/300] loss=30.0602 ce=3.6461 guidance=10.5656 beta=2.50 train_acc=18.60% test_acc=24.37% best=24.42% lr=0.00048867448 time=16.0s est_300=1h 20m 57s
[OURS:ConViT-Ti][031/300] loss=29.6704 ce=3.5994 guidance=10.4284 beta=2.50 train_acc=19.22% test_acc=24.80% best=24.80% lr=0.00048788649 time=15.9s est_300=1h 20m 54s
[OURS:ConViT-Ti][032/300] loss=29.2600 ce=3.5143 guidance=10.2983 beta=2.50 train_acc=20.98% test_acc=25.77% best=25.77% lr=0.00048707268 time=16.0s est_300=1h 20m 52s
[OURS:ConViT-Ti][033/300] loss=29.0237 ce=3.5359 guidance=10.1951 beta=2.50 train_acc=21.12% test_acc=27.67% best=27.67% lr=0.00048623315 time=15.1s est_300=1h 20m 42s
[OURS:ConViT-Ti][034/300] loss=28.8742 ce=3.4658 guidance=10.1634 beta=2.50 train_acc=20.95% test_acc=27.39% best=27.67% lr=0.00048536799 time=14.8s est_300=1h 20m 30s
[OURS:ConViT-Ti][035/300] loss=28.5619 ce=3.4230 guidance=10.0555 beta=2.50 train_acc=22.70% test_acc=28.56% best=28.56% lr=0.00048447729 time=13.6s est_300=1h 20m 09s
[OURS:ConViT-Ti][036/300] loss=28.2873 ce=3.4089 guidance=9.9513 beta=2.50 train_acc=22.36% test_acc=29.34% best=29.34% lr=0.00048356116 time=16.1s est_300=1h 20m 09s
[OURS:ConViT-Ti][037/300] loss=28.3974 ce=3.3981 guidance=9.9997 beta=2.50 train_acc=22.51% test_acc=28.86% best=29.34% lr=0.00048261968 time=16.0s est_300=1h 20m 09s
[OURS:ConViT-Ti][038/300] loss=27.7938 ce=3.3015 guidance=9.7969 beta=2.50 train_acc=24.50% test_acc=30.34% best=30.34% lr=0.00048165297 time=16.4s est_300=1h 20m 12s
[OURS:ConViT-Ti][039/300] loss=27.7613 ce=3.2745 guidance=9.7947 beta=2.50 train_acc=25.13% test_acc=31.12% best=31.12% lr=0.00048066113 time=16.5s est_300=1h 20m 15s
[OURS:ConViT-Ti][040/300] loss=27.2719 ce=3.2273 guidance=9.6178 beta=2.50 train_acc=25.79% test_acc=31.83% best=31.83% lr=0.00047964427 time=16.9s est_300=1h 20m 22s
[OURS:ConViT-Ti][041/300] loss=27.0763 ce=3.2430 guidance=9.5333 beta=2.50 train_acc=26.21% test_acc=31.46% best=31.83% lr=0.0004786025 time=16.6s est_300=1h 20m 25s
[OURS:ConViT-Ti][042/300] loss=26.9773 ce=3.1581 guidance=9.5277 beta=2.50 train_acc=27.13% test_acc=32.57% best=32.57% lr=0.00047753594 time=15.6s est_300=1h 20m 22s
[OURS:ConViT-Ti][043/300] loss=26.7689 ce=3.1628 guidance=9.4424 beta=2.50 train_acc=27.39% test_acc=34.38% best=34.38% lr=0.0004764447 time=16.3s est_300=1h 20m 24s
[OURS:ConViT-Ti][044/300] loss=26.6306 ce=3.1164 guidance=9.4057 beta=2.50 train_acc=28.09% test_acc=34.04% best=34.38% lr=0.0004753289 time=16.6s est_300=1h 20m 27s
[OURS:ConViT-Ti][045/300] loss=26.5138 ce=3.0871 guidance=9.3707 beta=2.50 train_acc=29.05% test_acc=35.26% best=35.26% lr=0.00047418866 time=16.1s est_300=1h 20m 27s
[OURS:ConViT-Ti][046/300] loss=26.3140 ce=3.0565 guidance=9.3030 beta=2.50 train_acc=29.30% test_acc=34.83% best=35.26% lr=0.00047302411 time=16.1s est_300=1h 20m 27s
[OURS:ConViT-Ti][047/300] loss=26.1908 ce=3.0618 guidance=9.2516 beta=2.50 train_acc=29.45% test_acc=34.98% best=35.26% lr=0.00047183539 time=15.9s est_300=1h 20m 26s
[OURS:ConViT-Ti][048/300] loss=26.0981 ce=3.0209 guidance=9.2309 beta=2.50 train_acc=30.38% test_acc=36.00% best=36.00% lr=0.0004706226 time=14.0s est_300=1h 20m 13s
[OURS:ConViT-Ti][049/300] loss=25.9497 ce=3.0282 guidance=9.1686 beta=2.50 train_acc=29.81% test_acc=37.35% best=37.35% lr=0.0004693859 time=16.0s est_300=1h 20m 12s
[OURS:ConViT-Ti][050/300] loss=25.7327 ce=2.9648 guidance=9.1071 beta=2.50 train_acc=30.86% test_acc=35.88% best=37.35% lr=0.00046812542 time=16.4s est_300=1h 20m 14s
[OURS:ConViT-Ti][051/300] loss=25.6582 ce=2.9583 guidance=9.0800 beta=2.50 train_acc=31.27% test_acc=36.95% best=37.35% lr=0.00046684129 time=16.2s est_300=1h 20m 15s
[OURS:ConViT-Ti][052/300] loss=25.5556 ce=2.9472 guidance=9.0434 beta=2.50 train_acc=32.14% test_acc=37.23% best=37.35% lr=0.00046553365 time=17.0s est_300=1h 20m 21s
[OURS:ConViT-Ti][053/300] loss=25.5058 ce=2.9113 guidance=9.0378 beta=2.50 train_acc=32.54% test_acc=36.54% best=37.35% lr=0.00046420265 time=16.8s est_300=1h 20m 25s
[OURS:ConViT-Ti][054/300] loss=25.3974 ce=2.8934 guidance=9.0016 beta=2.50 train_acc=33.03% test_acc=38.63% best=38.63% lr=0.00046284844 time=16.4s est_300=1h 20m 26s
[OURS:ConViT-Ti][055/300] loss=25.3892 ce=2.8219 guidance=9.0269 beta=2.50 train_acc=34.11% test_acc=39.21% best=39.21% lr=0.00046147116 time=16.6s est_300=1h 20m 29s
[OURS:ConViT-Ti][056/300] loss=25.1821 ce=2.8667 guidance=8.9262 beta=2.50 train_acc=33.23% test_acc=38.89% best=39.21% lr=0.00046007097 time=16.1s est_300=1h 20m 29s
[OURS:ConViT-Ti][057/300] loss=25.1778 ce=2.8261 guidance=8.9407 beta=2.50 train_acc=33.95% test_acc=38.83% best=39.21% lr=0.00045864801 time=16.7s est_300=1h 20m 33s
[OURS:ConViT-Ti][058/300] loss=24.9955 ce=2.8237 guidance=8.8687 beta=2.50 train_acc=34.27% test_acc=38.19% best=39.21% lr=0.00045720244 time=16.2s est_300=1h 20m 33s
[OURS:ConViT-Ti][059/300] loss=24.7717 ce=2.7669 guidance=8.8019 beta=2.50 train_acc=34.98% test_acc=39.40% best=39.40% lr=0.00045573443 time=15.6s est_300=1h 20m 30s
[OURS:ConViT-Ti][060/300] loss=24.7536 ce=2.7424 guidance=8.8045 beta=2.50 train_acc=35.23% test_acc=40.30% best=40.30% lr=0.00045424413 time=15.7s est_300=1h 20m 28s
[OURS:ConViT-Ti][061/300] loss=24.7866 ce=2.7803 guidance=8.8025 beta=2.50 train_acc=35.90% test_acc=38.99% best=40.30% lr=0.00045273171 time=14.1s est_300=1h 20m 18s
[OURS:ConViT-Ti][062/300] loss=24.4675 ce=2.7313 guidance=8.6945 beta=2.50 train_acc=36.17% test_acc=39.51% best=40.30% lr=0.00045119733 time=15.3s est_300=1h 20m 15s
[OURS:ConViT-Ti][063/300] loss=24.4472 ce=2.6770 guidance=8.7081 beta=2.50 train_acc=36.44% test_acc=40.78% best=40.78% lr=0.00044964115 time=15.2s est_300=1h 20m 11s
[OURS:ConViT-Ti][064/300] loss=24.4565 ce=2.7003 guidance=8.7025 beta=2.50 train_acc=36.71% test_acc=39.85% best=40.78% lr=0.00044806337 time=15.5s est_300=1h 20m 08s
[OURS:ConViT-Ti][065/300] loss=24.3109 ce=2.6830 guidance=8.6512 beta=2.50 train_acc=37.15% test_acc=40.59% best=40.78% lr=0.00044646413 time=16.3s est_300=1h 20m 10s
[OURS:ConViT-Ti][066/300] loss=24.4032 ce=2.6266 guidance=8.7106 beta=2.50 train_acc=37.65% test_acc=40.20% best=40.78% lr=0.00044484363 time=16.3s est_300=1h 20m 11s
[OURS:ConViT-Ti][067/300] loss=24.2503 ce=2.6404 guidance=8.6440 beta=2.50 train_acc=37.52% test_acc=40.84% best=40.84% lr=0.00044320203 time=16.5s est_300=1h 20m 13s
[OURS:ConViT-Ti][068/300] loss=24.0260 ce=2.6178 guidance=8.5633 beta=2.50 train_acc=37.85% test_acc=40.94% best=40.94% lr=0.00044153952 time=15.9s est_300=1h 20m 13s
[OURS:ConViT-Ti][069/300] loss=24.2204 ce=2.6245 guidance=8.6384 beta=2.50 train_acc=38.36% test_acc=41.39% best=41.39% lr=0.00043985628 time=15.6s est_300=1h 20m 11s
[OURS:ConViT-Ti][070/300] loss=24.1529 ce=2.5919 guidance=8.6244 beta=2.50 train_acc=38.69% test_acc=42.58% best=42.58% lr=0.00043815249 time=15.8s est_300=1h 20m 09s
[OURS:ConViT-Ti][071/300] loss=23.8244 ce=2.5340 guidance=8.5162 beta=2.50 train_acc=40.04% test_acc=40.89% best=42.58% lr=0.00043642834 time=16.6s est_300=1h 20m 12s
[OURS:ConViT-Ti][072/300] loss=24.0110 ce=2.5658 guidance=8.5781 beta=2.50 train_acc=39.78% test_acc=42.44% best=42.58% lr=0.00043468403 time=15.4s est_300=1h 20m 09s
[OURS:ConViT-Ti][073/300] loss=23.8807 ce=2.5301 guidance=8.5403 beta=2.50 train_acc=40.31% test_acc=42.27% best=42.58% lr=0.00043291974 time=15.8s est_300=1h 20m 08s
[OURS:ConViT-Ti][074/300] loss=23.7267 ce=2.5200 guidance=8.4827 beta=2.50 train_acc=40.44% test_acc=43.04% best=43.04% lr=0.00043113566 time=15.5s est_300=1h 20m 06s
[OURS:ConViT-Ti][075/300] loss=23.7894 ce=2.4941 guidance=8.5181 beta=2.50 train_acc=40.69% test_acc=42.58% best=43.04% lr=0.00042933199 time=15.6s est_300=1h 20m 04s
[OURS:ConViT-Ti][076/300] loss=23.8649 ce=2.5015 guidance=8.5454 beta=2.50 train_acc=41.03% test_acc=41.84% best=43.04% lr=0.00042750893 time=15.7s est_300=1h 20m 03s
[OURS:ConViT-Ti][077/300] loss=23.5477 ce=2.4856 guidance=8.4249 beta=2.50 train_acc=40.46% test_acc=42.77% best=43.04% lr=0.00042566668 time=16.0s est_300=1h 20m 03s
[OURS:ConViT-Ti][078/300] loss=23.7025 ce=2.5091 guidance=8.4774 beta=2.50 train_acc=39.85% test_acc=42.99% best=43.04% lr=0.00042380544 time=16.6s est_300=1h 20m 05s
[OURS:ConViT-Ti][079/300] loss=23.5164 ce=2.4482 guidance=8.4273 beta=2.50 train_acc=42.57% test_acc=42.56% best=43.04% lr=0.00042192541 time=16.5s est_300=1h 20m 06s
[OURS:ConViT-Ti][080/300] loss=23.4480 ce=2.4480 guidance=8.4000 beta=2.50 train_acc=42.44% test_acc=42.94% best=43.04% lr=0.0004200268 time=15.7s est_300=1h 20m 05s
[OURS:ConViT-Ti][081/300] loss=23.3991 ce=2.4693 guidance=8.3719 beta=2.50 train_acc=41.21% test_acc=42.65% best=43.04% lr=0.00041810983 time=16.4s est_300=1h 20m 07s
[OURS:ConViT-Ti][082/300] loss=23.3468 ce=2.4203 guidance=8.3706 beta=2.50 train_acc=42.44% test_acc=43.13% best=43.13% lr=0.00041617469 time=15.7s est_300=1h 20m 05s
[OURS:ConViT-Ti][083/300] loss=23.3623 ce=2.4289 guidance=8.3734 beta=2.50 train_acc=42.49% test_acc=43.15% best=43.15% lr=0.0004142216 time=16.5s est_300=1h 20m 07s
[OURS:ConViT-Ti][084/300] loss=23.2283 ce=2.3739 guidance=8.3418 beta=2.50 train_acc=43.65% test_acc=44.22% best=44.22% lr=0.00041225078 time=15.9s est_300=1h 20m 07s
[OURS:ConViT-Ti][085/300] loss=23.2165 ce=2.3787 guidance=8.3351 beta=2.50 train_acc=44.29% test_acc=43.79% best=44.22% lr=0.00041026244 time=15.4s est_300=1h 20m 05s
[OURS:ConViT-Ti][086/300] loss=23.1841 ce=2.3267 guidance=8.3430 beta=2.50 train_acc=44.57% test_acc=42.53% best=44.22% lr=0.0004082568 time=16.0s est_300=1h 20m 04s
[OURS:ConViT-Ti][087/300] loss=23.1089 ce=2.3590 guidance=8.3000 beta=2.50 train_acc=44.10% test_acc=43.18% best=44.22% lr=0.00040623408 time=15.7s est_300=1h 20m 03s
[OURS:ConViT-Ti][088/300] loss=23.1889 ce=2.3578 guidance=8.3324 beta=2.50 train_acc=43.92% test_acc=42.94% best=44.22% lr=0.0004041945 time=16.3s est_300=1h 20m 04s
[OURS:ConViT-Ti][089/300] loss=23.1577 ce=2.3211 guidance=8.3347 beta=2.50 train_acc=45.31% test_acc=43.55% best=44.22% lr=0.00040213828 time=16.2s est_300=1h 20m 05s
[OURS:ConViT-Ti][090/300] loss=23.0404 ce=2.2876 guidance=8.3011 beta=2.50 train_acc=45.01% test_acc=42.94% best=44.22% lr=0.00040006566 time=16.1s est_300=1h 20m 05s
[OURS:ConViT-Ti][091/300] loss=23.0887 ce=2.3155 guidance=8.3093 beta=2.50 train_acc=44.67% test_acc=44.60% best=44.60% lr=0.00039797685 time=16.5s est_300=1h 20m 07s
[OURS:ConViT-Ti][092/300] loss=22.9796 ce=2.2935 guidance=8.2744 beta=2.50 train_acc=45.92% test_acc=44.32% best=44.60% lr=0.00039587209 time=15.4s est_300=1h 20m 05s
[OURS:ConViT-Ti][093/300] loss=22.8225 ce=2.2724 guidance=8.2200 beta=2.50 train_acc=45.60% test_acc=44.32% best=44.60% lr=0.00039375161 time=15.3s est_300=1h 20m 03s
[OURS:ConViT-Ti][094/300] loss=22.7609 ce=2.2137 guidance=8.2189 beta=2.50 train_acc=47.06% test_acc=43.99% best=44.60% lr=0.00039161564 time=16.3s est_300=1h 20m 03s
[OURS:ConViT-Ti][095/300] loss=22.7985 ce=2.2400 guidance=8.2234 beta=2.50 train_acc=46.76% test_acc=43.87% best=44.60% lr=0.00038946441 time=16.7s est_300=1h 20m 06s
[OURS:ConViT-Ti][096/300] loss=22.8479 ce=2.2625 guidance=8.2342 beta=2.50 train_acc=47.03% test_acc=43.67% best=44.60% lr=0.00038729816 time=15.8s est_300=1h 20m 05s
[OURS:ConViT-Ti][097/300] loss=22.7590 ce=2.2032 guidance=8.2223 beta=2.50 train_acc=47.85% test_acc=43.72% best=44.60% lr=0.00038511713 time=16.0s est_300=1h 20m 05s
[OURS:ConViT-Ti][098/300] loss=22.6296 ce=2.1990 guidance=8.1722 beta=2.50 train_acc=47.03% test_acc=44.60% best=44.60% lr=0.00038292156 time=16.3s est_300=1h 20m 06s
[OURS:ConViT-Ti][099/300] loss=22.6775 ce=2.1883 guidance=8.1957 beta=2.50 train_acc=47.85% test_acc=43.41% best=44.60% lr=0.00038071168 time=16.4s est_300=1h 20m 07s
[OURS:ConViT-Ti][100/300] loss=22.5555 ce=2.1864 guidance=8.1477 beta=2.50 train_acc=48.45% test_acc=43.60% best=44.60% lr=0.00037848775 time=16.3s est_300=1h 20m 08s
[OURS:ConViT-Ti][101/300] loss=22.4557 ce=2.1965 guidance=8.1037 beta=2.50 train_acc=47.73% test_acc=44.34% best=44.60% lr=0.00037625 time=16.3s est_300=1h 20m 09s
[OURS:ConViT-Ti][102/300] loss=22.4861 ce=2.1383 guidance=8.1391 beta=2.50 train_acc=49.04% test_acc=44.17% best=44.60% lr=0.00037399868 time=15.4s est_300=1h 20m 07s
[OURS:ConViT-Ti][103/300] loss=22.4559 ce=2.1502 guidance=8.1223 beta=2.50 train_acc=48.44% test_acc=44.49% best=44.60% lr=0.00037173403 time=14.0s est_300=1h 20m 01s
[OURS:ConViT-Ti][104/300] loss=22.5407 ce=2.1540 guidance=8.1547 beta=2.50 train_acc=48.64% test_acc=44.51% best=44.60% lr=0.00036945631 time=16.3s est_300=1h 20m 02s
[OURS:ConViT-Ti][105/300] loss=22.4362 ce=2.1301 guidance=8.1224 beta=2.50 train_acc=49.83% test_acc=44.18% best=44.60% lr=0.00036716577 time=16.6s est_300=1h 20m 03s
[OURS:ConViT-Ti][106/300] loss=22.4797 ce=2.1586 guidance=8.1284 beta=2.50 train_acc=48.64% test_acc=43.25% best=44.60% lr=0.00036486265 time=16.1s est_300=1h 20m 04s
[OURS:ConViT-Ti][107/300] loss=22.4346 ce=2.1160 guidance=8.1275 beta=2.50 train_acc=49.95% test_acc=43.48% best=44.60% lr=0.00036254721 time=16.5s est_300=1h 20m 05s
[OURS:ConViT-Ti][108/300] loss=22.4058 ce=2.1310 guidance=8.1099 beta=2.50 train_acc=49.80% test_acc=43.41% best=44.60% lr=0.0003602197 time=15.9s est_300=1h 20m 05s
[OURS:ConViT-Ti][109/300] loss=22.3516 ce=2.0785 guidance=8.1092 beta=2.50 train_acc=50.40% test_acc=44.91% best=44.91% lr=0.00035788037 time=16.4s est_300=1h 20m 06s
[OURS:ConViT-Ti][110/300] loss=22.1005 ce=2.0356 guidance=8.0260 beta=2.50 train_acc=51.51% test_acc=43.60% best=44.91% lr=0.0003555295 time=15.2s est_300=1h 20m 03s
[OURS:ConViT-Ti][111/300] loss=22.2111 ce=2.0157 guidance=8.0782 beta=2.50 train_acc=51.16% test_acc=44.13% best=44.91% lr=0.00035316732 time=16.1s est_300=1h 20m 04s
[OURS:ConViT-Ti][112/300] loss=22.0635 ce=2.0399 guidance=8.0094 beta=2.50 train_acc=51.53% test_acc=44.94% best=44.94% lr=0.0003507941 time=16.2s est_300=1h 20m 04s
[OURS:ConViT-Ti][113/300] loss=22.1040 ce=2.0565 guidance=8.0190 beta=2.50 train_acc=51.92% test_acc=45.31% best=45.31% lr=0.00034841011 time=15.7s est_300=1h 20m 03s
[OURS:ConViT-Ti][114/300] loss=21.9649 ce=2.0415 guidance=7.9694 beta=2.50 train_acc=51.70% test_acc=45.84% best=45.84% lr=0.00034601559 time=16.8s est_300=1h 20m 05s
[OURS:ConViT-Ti][115/300] loss=22.0243 ce=1.9766 guidance=8.0191 beta=2.50 train_acc=52.76% test_acc=45.69% best=45.84% lr=0.00034361083 time=16.6s est_300=1h 20m 07s
[OURS:ConViT-Ti][116/300] loss=22.0566 ce=2.0657 guidance=7.9964 beta=2.50 train_acc=50.91% test_acc=44.94% best=45.84% lr=0.00034119607 time=16.1s est_300=1h 20m 07s
[OURS:ConViT-Ti][117/300] loss=21.9950 ce=1.9635 guidance=8.0126 beta=2.50 train_acc=52.55% test_acc=44.24% best=45.84% lr=0.00033877158 time=15.9s est_300=1h 20m 07s
[OURS:ConViT-Ti][118/300] loss=21.9845 ce=1.9879 guidance=7.9986 beta=2.50 train_acc=52.89% test_acc=44.32% best=45.84% lr=0.00033633764 time=15.6s est_300=1h 20m 06s
[OURS:ConViT-Ti][119/300] loss=21.9088 ce=1.9533 guidance=7.9822 beta=2.50 train_acc=53.01% test_acc=46.25% best=46.25% lr=0.0003338945 time=16.0s est_300=1h 20m 06s
[OURS:ConViT-Ti][120/300] loss=21.9968 ce=1.9628 guidance=8.0136 beta=2.50 train_acc=53.98% test_acc=44.58% best=46.25% lr=0.00033144243 time=15.3s est_300=1h 20m 04s
[OURS:ConViT-Ti][121/300] loss=21.8514 ce=1.9777 guidance=7.9495 beta=2.50 train_acc=52.69% test_acc=46.36% best=46.36% lr=0.00032898171 time=16.0s est_300=1h 20m 04s
[OURS:ConViT-Ti][122/300] loss=21.8567 ce=1.9731 guidance=7.9535 beta=2.50 train_acc=53.06% test_acc=44.37% best=46.36% lr=0.0003265126 time=15.9s est_300=1h 20m 03s
[OURS:ConViT-Ti][123/300] loss=21.8513 ce=1.9550 guidance=7.9585 beta=2.50 train_acc=53.49% test_acc=45.48% best=46.36% lr=0.00032403537 time=15.5s est_300=1h 20m 02s
[OURS:ConViT-Ti][124/300] loss=21.7357 ce=1.9496 guidance=7.9144 beta=2.50 train_acc=53.85% test_acc=45.48% best=46.36% lr=0.0003215503 time=15.9s est_300=1h 20m 02s
[OURS:ConViT-Ti][125/300] loss=21.6731 ce=1.9149 guidance=7.9033 beta=2.50 train_acc=53.93% test_acc=45.29% best=46.36% lr=0.00031905766 time=16.4s est_300=1h 20m 03s
[OURS:ConViT-Ti][126/300] loss=21.8544 ce=1.9780 guidance=7.9505 beta=2.50 train_acc=53.31% test_acc=44.24% best=46.36% lr=0.00031655771 time=15.4s est_300=1h 20m 01s
[OURS:ConViT-Ti][127/300] loss=21.7770 ce=1.9392 guidance=7.9351 beta=2.50 train_acc=54.92% test_acc=44.84% best=46.36% lr=0.00031405075 time=15.9s est_300=1h 20m 01s
[OURS:ConViT-Ti][128/300] loss=21.6265 ce=1.8993 guidance=7.8909 beta=2.50 train_acc=54.52% test_acc=46.31% best=46.36% lr=0.00031153703 time=16.0s est_300=1h 20m 01s
[OURS:ConViT-Ti][129/300] loss=21.6646 ce=1.8600 guidance=7.9219 beta=2.50 train_acc=55.43% test_acc=45.08% best=46.36% lr=0.00030901684 time=15.5s est_300=1h 20m 00s
[OURS:ConViT-Ti][130/300] loss=21.6896 ce=1.8831 guidance=7.9226 beta=2.50 train_acc=55.95% test_acc=45.29% best=46.36% lr=0.00030649045 time=15.1s est_300=1h 19m 58s
[OURS:ConViT-Ti][131/300] loss=1.9902 ce=1.9902 guidance=0.0000 beta=0.00 train_acc=53.19% test_acc=43.58% best=46.36% lr=0.00030395814 time=12.7s est_300=1h 19m 50s
[OURS:ConViT-Ti][132/300] loss=1.9675 ce=1.9675 guidance=0.0000 beta=0.00 train_acc=54.32% test_acc=44.24% best=46.36% lr=0.00030142019 time=12.5s est_300=1h 19m 43s
[OURS:ConViT-Ti][133/300] loss=1.9490 ce=1.9490 guidance=0.0000 beta=0.00 train_acc=53.55% test_acc=45.48% best=46.36% lr=0.00029887688 time=13.3s est_300=1h 19m 37s
[OURS:ConViT-Ti][134/300] loss=1.9506 ce=1.9506 guidance=0.0000 beta=0.00 train_acc=53.95% test_acc=46.27% best=46.36% lr=0.00029632847 time=13.5s est_300=1h 19m 31s
[OURS:ConViT-Ti][135/300] loss=1.8832 ce=1.8832 guidance=0.0000 beta=0.00 train_acc=55.80% test_acc=45.29% best=46.36% lr=0.00029377526 time=13.7s est_300=1h 19m 26s
[OURS:ConViT-Ti][136/300] loss=1.8677 ce=1.8677 guidance=0.0000 beta=0.00 train_acc=55.85% test_acc=46.15% best=46.36% lr=0.00029121753 time=13.6s est_300=1h 19m 21s
[OURS:ConViT-Ti][137/300] loss=1.8267 ce=1.8267 guidance=0.0000 beta=0.00 train_acc=56.42% test_acc=46.22% best=46.36% lr=0.00028865555 time=14.0s est_300=1h 19m 17s
[OURS:ConViT-Ti][138/300] loss=1.8709 ce=1.8709 guidance=0.0000 beta=0.00 train_acc=55.73% test_acc=45.60% best=46.36% lr=0.0002860896 time=12.9s est_300=1h 19m 11s
[OURS:ConViT-Ti][139/300] loss=1.8386 ce=1.8386 guidance=0.0000 beta=0.00 train_acc=56.05% test_acc=45.48% best=46.36% lr=0.00028351998 time=13.8s est_300=1h 19m 06s
[OURS:ConViT-Ti][140/300] loss=1.8725 ce=1.8725 guidance=0.0000 beta=0.00 train_acc=55.66% test_acc=44.84% best=46.36% lr=0.00028094694 time=13.6s est_300=1h 19m 02s
[OURS:ConViT-Ti][141/300] loss=1.8306 ce=1.8306 guidance=0.0000 beta=0.00 train_acc=56.75% test_acc=44.98% best=46.36% lr=0.00027837079 time=13.6s est_300=1h 18m 57s
[OURS:ConViT-Ti][142/300] loss=1.8364 ce=1.8364 guidance=0.0000 beta=0.00 train_acc=56.47% test_acc=46.79% best=46.79% lr=0.00027579181 time=13.4s est_300=1h 18m 52s
[OURS:ConViT-Ti][143/300] loss=1.8033 ce=1.8033 guidance=0.0000 beta=0.00 train_acc=56.69% test_acc=46.46% best=46.79% lr=0.00027321027 time=13.8s est_300=1h 18m 48s
[OURS:ConViT-Ti][144/300] loss=1.7697 ce=1.7697 guidance=0.0000 beta=0.00 train_acc=58.33% test_acc=44.96% best=46.79% lr=0.00027062645 time=13.7s est_300=1h 18m 43s
[OURS:ConViT-Ti][145/300] loss=1.7292 ce=1.7292 guidance=0.0000 beta=0.00 train_acc=58.60% test_acc=46.17% best=46.79% lr=0.00026804065 time=13.9s est_300=1h 18m 40s
[OURS:ConViT-Ti][146/300] loss=1.7221 ce=1.7221 guidance=0.0000 beta=0.00 train_acc=58.35% test_acc=46.44% best=46.79% lr=0.00026545315 time=14.2s est_300=1h 18m 37s
[OURS:ConViT-Ti][147/300] loss=1.7470 ce=1.7470 guidance=0.0000 beta=0.00 train_acc=59.34% test_acc=46.43% best=46.79% lr=0.00026286422 time=14.0s est_300=1h 18m 33s
[OURS:ConViT-Ti][148/300] loss=1.7315 ce=1.7315 guidance=0.0000 beta=0.00 train_acc=58.94% test_acc=47.12% best=47.12% lr=0.00026027416 time=13.8s est_300=1h 18m 29s
[OURS:ConViT-Ti][149/300] loss=1.7439 ce=1.7439 guidance=0.0000 beta=0.00 train_acc=58.94% test_acc=45.56% best=47.12% lr=0.00025768325 time=13.7s est_300=1h 18m 25s
[OURS:ConViT-Ti][150/300] loss=1.7714 ce=1.7714 guidance=0.0000 beta=0.00 train_acc=57.83% test_acc=46.69% best=47.12% lr=0.00025509177 time=13.7s est_300=1h 18m 21s
[OURS:ConViT-Ti][151/300] loss=1.6878 ce=1.6878 guidance=0.0000 beta=0.00 train_acc=60.52% test_acc=45.12% best=47.12% lr=0.0002525 time=13.6s est_300=1h 18m 17s
[OURS:ConViT-Ti][152/300] loss=1.7142 ce=1.7142 guidance=0.0000 beta=0.00 train_acc=59.93% test_acc=46.96% best=47.12% lr=0.00024990823 time=14.4s est_300=1h 18m 14s
[OURS:ConViT-Ti][153/300] loss=1.6867 ce=1.6867 guidance=0.0000 beta=0.00 train_acc=59.66% test_acc=46.34% best=47.12% lr=0.00024731675 time=14.4s est_300=1h 18m 12s
[OURS:ConViT-Ti][154/300] loss=1.6344 ce=1.6344 guidance=0.0000 beta=0.00 train_acc=61.58% test_acc=46.15% best=47.12% lr=0.00024472584 time=13.4s est_300=1h 18m 07s
[OURS:ConViT-Ti][155/300] loss=1.6698 ce=1.6698 guidance=0.0000 beta=0.00 train_acc=60.65% test_acc=46.74% best=47.12% lr=0.00024213578 time=13.0s est_300=1h 18m 02s
[OURS:ConViT-Ti][156/300] loss=1.6715 ce=1.6715 guidance=0.0000 beta=0.00 train_acc=60.38% test_acc=47.36% best=47.36% lr=0.00023954685 time=12.9s est_300=1h 17m 57s
[OURS:ConViT-Ti][157/300] loss=1.6448 ce=1.6448 guidance=0.0000 beta=0.00 train_acc=60.15% test_acc=46.62% best=47.36% lr=0.00023695935 time=13.8s est_300=1h 17m 54s
[OURS:ConViT-Ti][158/300] loss=1.7068 ce=1.7068 guidance=0.0000 beta=0.00 train_acc=59.32% test_acc=47.27% best=47.36% lr=0.00023437355 time=14.4s est_300=1h 17m 51s
[OURS:ConViT-Ti][159/300] loss=1.6169 ce=1.6169 guidance=0.0000 beta=0.00 train_acc=61.63% test_acc=47.76% best=47.76% lr=0.00023178973 time=14.3s est_300=1h 17m 49s
[OURS:ConViT-Ti][160/300] loss=1.6278 ce=1.6278 guidance=0.0000 beta=0.00 train_acc=61.21% test_acc=48.08% best=48.08% lr=0.00022920819 time=13.3s est_300=1h 17m 45s
[OURS:ConViT-Ti][161/300] loss=1.5660 ce=1.5660 guidance=0.0000 beta=0.00 train_acc=62.65% test_acc=47.17% best=48.08% lr=0.00022662921 time=13.7s est_300=1h 17m 41s
[OURS:ConViT-Ti][162/300] loss=1.6452 ce=1.6452 guidance=0.0000 beta=0.00 train_acc=61.53% test_acc=48.08% best=48.08% lr=0.00022405306 time=14.1s est_300=1h 17m 39s
[OURS:ConViT-Ti][163/300] loss=1.6162 ce=1.6162 guidance=0.0000 beta=0.00 train_acc=62.00% test_acc=47.48% best=48.08% lr=0.00022148002 time=14.3s est_300=1h 17m 36s
[OURS:ConViT-Ti][164/300] loss=1.5719 ce=1.5719 guidance=0.0000 beta=0.00 train_acc=63.09% test_acc=47.57% best=48.08% lr=0.0002189104 time=14.0s est_300=1h 17m 34s
[OURS:ConViT-Ti][165/300] loss=1.5380 ce=1.5380 guidance=0.0000 beta=0.00 train_acc=64.01% test_acc=48.21% best=48.21% lr=0.00021634445 time=12.8s est_300=1h 17m 29s
[OURS:ConViT-Ti][166/300] loss=1.5243 ce=1.5243 guidance=0.0000 beta=0.00 train_acc=63.73% test_acc=48.39% best=48.39% lr=0.00021378247 time=13.0s est_300=1h 17m 24s
[OURS:ConViT-Ti][167/300] loss=1.4988 ce=1.4988 guidance=0.0000 beta=0.00 train_acc=64.21% test_acc=47.91% best=48.39% lr=0.00021122474 time=12.9s est_300=1h 17m 20s
[OURS:ConViT-Ti][168/300] loss=1.5465 ce=1.5465 guidance=0.0000 beta=0.00 train_acc=62.40% test_acc=47.20% best=48.39% lr=0.00020867153 time=13.5s est_300=1h 17m 16s
[OURS:ConViT-Ti][169/300] loss=1.5519 ce=1.5519 guidance=0.0000 beta=0.00 train_acc=62.90% test_acc=47.70% best=48.39% lr=0.00020612312 time=13.8s est_300=1h 17m 13s
[OURS:ConViT-Ti][170/300] loss=1.5534 ce=1.5534 guidance=0.0000 beta=0.00 train_acc=63.56% test_acc=47.36% best=48.39% lr=0.00020357981 time=13.8s est_300=1h 17m 10s
[OURS:ConViT-Ti][171/300] loss=1.4977 ce=1.4977 guidance=0.0000 beta=0.00 train_acc=64.40% test_acc=48.03% best=48.39% lr=0.00020104186 time=13.6s est_300=1h 17m 07s
[OURS:ConViT-Ti][172/300] loss=1.5261 ce=1.5261 guidance=0.0000 beta=0.00 train_acc=63.69% test_acc=47.05% best=48.39% lr=0.00019850955 time=13.3s est_300=1h 17m 03s
[OURS:ConViT-Ti][173/300] loss=1.4976 ce=1.4976 guidance=0.0000 beta=0.00 train_acc=64.57% test_acc=47.79% best=48.39% lr=0.00019598316 time=13.9s est_300=1h 17m 01s
[OURS:ConViT-Ti][174/300] loss=1.4721 ce=1.4721 guidance=0.0000 beta=0.00 train_acc=65.19% test_acc=47.58% best=48.39% lr=0.00019346297 time=13.9s est_300=1h 16m 58s
[OURS:ConViT-Ti][175/300] loss=1.4720 ce=1.4720 guidance=0.0000 beta=0.00 train_acc=65.19% test_acc=49.09% best=49.09% lr=0.00019094925 time=14.0s est_300=1h 16m 56s
[OURS:ConViT-Ti][176/300] loss=1.4407 ce=1.4407 guidance=0.0000 beta=0.00 train_acc=65.37% test_acc=48.08% best=49.09% lr=0.00018844229 time=14.2s est_300=1h 16m 54s
[OURS:ConViT-Ti][177/300] loss=1.4482 ce=1.4482 guidance=0.0000 beta=0.00 train_acc=64.90% test_acc=49.31% best=49.31% lr=0.00018594234 time=13.9s est_300=1h 16m 51s
[OURS:ConViT-Ti][178/300] loss=1.4463 ce=1.4463 guidance=0.0000 beta=0.00 train_acc=65.66% test_acc=48.05% best=49.31% lr=0.0001834497 time=13.7s est_300=1h 16m 49s
[OURS:ConViT-Ti][179/300] loss=1.4667 ce=1.4667 guidance=0.0000 beta=0.00 train_acc=65.12% test_acc=49.22% best=49.31% lr=0.00018096463 time=12.9s est_300=1h 16m 45s
[OURS:ConViT-Ti][180/300] loss=1.4235 ce=1.4235 guidance=0.0000 beta=0.00 train_acc=66.25% test_acc=48.15% best=49.31% lr=0.0001784874 time=13.7s est_300=1h 16m 42s
[OURS:ConViT-Ti][181/300] loss=1.3820 ce=1.3820 guidance=0.0000 beta=0.00 train_acc=67.39% test_acc=49.65% best=49.65% lr=0.00017601829 time=13.7s est_300=1h 16m 39s
[OURS:ConViT-Ti][182/300] loss=1.4193 ce=1.4193 guidance=0.0000 beta=0.00 train_acc=66.55% test_acc=47.55% best=49.65% lr=0.00017355757 time=14.0s est_300=1h 16m 37s
[OURS:ConViT-Ti][183/300] loss=1.4090 ce=1.4090 guidance=0.0000 beta=0.00 train_acc=67.12% test_acc=48.96% best=49.65% lr=0.0001711055 time=14.3s est_300=1h 16m 35s
[OURS:ConViT-Ti][184/300] loss=1.3397 ce=1.3397 guidance=0.0000 beta=0.00 train_acc=68.43% test_acc=49.24% best=49.65% lr=0.00016866236 time=13.8s est_300=1h 16m 33s
[OURS:ConViT-Ti][185/300] loss=1.4025 ce=1.4025 guidance=0.0000 beta=0.00 train_acc=66.18% test_acc=48.07% best=49.65% lr=0.00016622842 time=13.7s est_300=1h 16m 30s
[OURS:ConViT-Ti][186/300] loss=1.3806 ce=1.3806 guidance=0.0000 beta=0.00 train_acc=66.78% test_acc=48.76% best=49.65% lr=0.00016380393 time=13.9s est_300=1h 16m 28s
[OURS:ConViT-Ti][187/300] loss=1.3367 ce=1.3367 guidance=0.0000 beta=0.00 train_acc=68.48% test_acc=48.91% best=49.65% lr=0.00016138917 time=13.7s est_300=1h 16m 25s
[OURS:ConViT-Ti][188/300] loss=1.3304 ce=1.3304 guidance=0.0000 beta=0.00 train_acc=68.70% test_acc=49.90% best=49.90% lr=0.00015898441 time=13.8s est_300=1h 16m 23s
[OURS:ConViT-Ti][189/300] loss=1.3307 ce=1.3307 guidance=0.0000 beta=0.00 train_acc=68.75% test_acc=50.28% best=50.28% lr=0.00015658989 time=14.4s est_300=1h 16m 21s
[OURS:ConViT-Ti][190/300] loss=1.3330 ce=1.3330 guidance=0.0000 beta=0.00 train_acc=67.39% test_acc=49.55% best=50.28% lr=0.0001542059 time=14.2s est_300=1h 16m 20s
[OURS:ConViT-Ti][191/300] loss=1.3009 ce=1.3009 guidance=0.0000 beta=0.00 train_acc=68.92% test_acc=49.15% best=50.28% lr=0.00015183268 time=13.5s est_300=1h 16m 17s
[OURS:ConViT-Ti][192/300] loss=1.3129 ce=1.3129 guidance=0.0000 beta=0.00 train_acc=68.65% test_acc=49.24% best=50.28% lr=0.0001494705 time=13.6s est_300=1h 16m 14s
[OURS:ConViT-Ti][193/300] loss=1.2927 ce=1.2927 guidance=0.0000 beta=0.00 train_acc=69.96% test_acc=50.22% best=50.28% lr=0.00014711963 time=13.9s est_300=1h 16m 12s
[OURS:ConViT-Ti][194/300] loss=1.2797 ce=1.2797 guidance=0.0000 beta=0.00 train_acc=69.19% test_acc=49.53% best=50.28% lr=0.0001447803 time=13.7s est_300=1h 16m 10s
[OURS:ConViT-Ti][195/300] loss=1.2804 ce=1.2804 guidance=0.0000 beta=0.00 train_acc=69.56% test_acc=50.21% best=50.28% lr=0.00014245279 time=13.7s est_300=1h 16m 07s
[OURS:ConViT-Ti][196/300] loss=1.2820 ce=1.2820 guidance=0.0000 beta=0.00 train_acc=69.71% test_acc=49.15% best=50.28% lr=0.00014013735 time=13.7s est_300=1h 16m 05s
[OURS:ConViT-Ti][197/300] loss=1.2704 ce=1.2704 guidance=0.0000 beta=0.00 train_acc=70.08% test_acc=48.90% best=50.28% lr=0.00013783423 time=13.6s est_300=1h 16m 03s
[OURS:ConViT-Ti][198/300] loss=1.2751 ce=1.2751 guidance=0.0000 beta=0.00 train_acc=69.42% test_acc=49.62% best=50.28% lr=0.00013554369 time=13.7s est_300=1h 16m 00s
[OURS:ConViT-Ti][199/300] loss=1.2821 ce=1.2821 guidance=0.0000 beta=0.00 train_acc=69.61% test_acc=50.00% best=50.28% lr=0.00013326597 time=14.3s est_300=1h 15m 59s
[OURS:ConViT-Ti][200/300] loss=1.2200 ce=1.2200 guidance=0.0000 beta=0.00 train_acc=71.37% test_acc=50.90% best=50.90% lr=0.00013100132 time=14.3s est_300=1h 15m 58s
[OURS:ConViT-Ti][201/300] loss=1.2085 ce=1.2085 guidance=0.0000 beta=0.00 train_acc=71.52% test_acc=49.10% best=50.90% lr=0.00012875 time=13.8s est_300=1h 15m 56s
[OURS:ConViT-Ti][202/300] loss=1.2014 ce=1.2014 guidance=0.0000 beta=0.00 train_acc=71.81% test_acc=50.85% best=50.90% lr=0.00012651225 time=13.7s est_300=1h 15m 53s
[OURS:ConViT-Ti][203/300] loss=1.1969 ce=1.1969 guidance=0.0000 beta=0.00 train_acc=71.57% test_acc=50.29% best=50.90% lr=0.00012428832 time=13.8s est_300=1h 15m 51s
[OURS:ConViT-Ti][204/300] loss=1.2602 ce=1.2602 guidance=0.0000 beta=0.00 train_acc=70.30% test_acc=51.78% best=51.78% lr=0.00012207844 time=14.2s est_300=1h 15m 50s
[OURS:ConViT-Ti][205/300] loss=1.2038 ce=1.2038 guidance=0.0000 beta=0.00 train_acc=71.40% test_acc=49.72% best=51.78% lr=0.00011988287 time=14.3s est_300=1h 15m 49s
[OURS:ConViT-Ti][206/300] loss=1.2299 ce=1.2299 guidance=0.0000 beta=0.00 train_acc=70.93% test_acc=50.59% best=51.78% lr=0.00011770184 time=14.3s est_300=1h 15m 47s
[OURS:ConViT-Ti][207/300] loss=1.2152 ce=1.2152 guidance=0.0000 beta=0.00 train_acc=70.97% test_acc=50.45% best=51.78% lr=0.00011553559 time=14.3s est_300=1h 15m 46s
[OURS:ConViT-Ti][208/300] loss=1.2194 ce=1.2194 guidance=0.0000 beta=0.00 train_acc=70.92% test_acc=50.26% best=51.78% lr=0.00011338436 time=14.2s est_300=1h 15m 45s
[OURS:ConViT-Ti][209/300] loss=1.1224 ce=1.1224 guidance=0.0000 beta=0.00 train_acc=73.05% test_acc=50.50% best=51.78% lr=0.00011124839 time=13.5s est_300=1h 15m 42s
[OURS:ConViT-Ti][210/300] loss=1.1980 ce=1.1980 guidance=0.0000 beta=0.00 train_acc=71.94% test_acc=50.52% best=51.78% lr=0.00010912791 time=12.9s est_300=1h 15m 39s
[OURS:ConViT-Ti][211/300] loss=1.1590 ce=1.1590 guidance=0.0000 beta=0.00 train_acc=72.46% test_acc=50.59% best=51.78% lr=0.00010702315 time=13.8s est_300=1h 15m 37s
[OURS:ConViT-Ti][212/300] loss=1.1436 ce=1.1436 guidance=0.0000 beta=0.00 train_acc=73.05% test_acc=50.95% best=51.78% lr=0.00010493434 time=14.4s est_300=1h 15m 36s
[OURS:ConViT-Ti][213/300] loss=1.1403 ce=1.1403 guidance=0.0000 beta=0.00 train_acc=72.92% test_acc=50.29% best=51.78% lr=0.00010286172 time=14.3s est_300=1h 15m 35s
[OURS:ConViT-Ti][214/300] loss=1.1466 ce=1.1466 guidance=0.0000 beta=0.00 train_acc=72.72% test_acc=51.00% best=51.78% lr=0.0001008055 time=13.6s est_300=1h 15m 33s
[OURS:ConViT-Ti][215/300] loss=1.1462 ce=1.1462 guidance=0.0000 beta=0.00 train_acc=72.93% test_acc=50.60% best=51.78% lr=9.8765924e-05 time=13.4s est_300=1h 15m 31s
[OURS:ConViT-Ti][216/300] loss=1.1511 ce=1.1511 guidance=0.0000 beta=0.00 train_acc=73.10% test_acc=51.64% best=51.78% lr=9.6743203e-05 time=13.7s est_300=1h 15m 29s
[OURS:ConViT-Ti][217/300] loss=1.1403 ce=1.1403 guidance=0.0000 beta=0.00 train_acc=72.66% test_acc=51.50% best=51.78% lr=9.4737563e-05 time=13.8s est_300=1h 15m 27s
[OURS:ConViT-Ti][218/300] loss=1.1782 ce=1.1782 guidance=0.0000 beta=0.00 train_acc=72.90% test_acc=50.24% best=51.78% lr=9.2749222e-05 time=13.7s est_300=1h 15m 25s
[OURS:ConViT-Ti][219/300] loss=1.1282 ce=1.1282 guidance=0.0000 beta=0.00 train_acc=73.47% test_acc=50.76% best=51.78% lr=9.0778401e-05 time=13.5s est_300=1h 15m 23s
[OURS:ConViT-Ti][220/300] loss=1.0845 ce=1.0845 guidance=0.0000 beta=0.00 train_acc=74.06% test_acc=51.97% best=51.97% lr=8.8825313e-05 time=12.9s est_300=1h 15m 20s
[OURS:ConViT-Ti][221/300] loss=1.0852 ce=1.0852 guidance=0.0000 beta=0.00 train_acc=74.31% test_acc=50.90% best=51.97% lr=8.6890175e-05 time=12.5s est_300=1h 15m 16s
[OURS:ConViT-Ti][222/300] loss=1.1397 ce=1.1397 guidance=0.0000 beta=0.00 train_acc=73.34% test_acc=51.59% best=51.97% lr=8.4973198e-05 time=12.7s est_300=1h 15m 13s
[OURS:ConViT-Ti][223/300] loss=1.1470 ce=1.1470 guidance=0.0000 beta=0.00 train_acc=73.03% test_acc=52.02% best=52.02% lr=8.3074591e-05 time=12.6s est_300=1h 15m 10s
[OURS:ConViT-Ti][224/300] loss=1.1259 ce=1.1259 guidance=0.0000 beta=0.00 train_acc=73.79% test_acc=51.43% best=52.02% lr=8.1194564e-05 time=13.4s est_300=1h 15m 08s
[OURS:ConViT-Ti][225/300] loss=1.1011 ce=1.1011 guidance=0.0000 beta=0.00 train_acc=73.52% test_acc=50.79% best=52.02% lr=7.9333323e-05 time=13.7s est_300=1h 15m 06s
[OURS:ConViT-Ti][226/300] loss=1.0801 ce=1.0801 guidance=0.0000 beta=0.00 train_acc=74.83% test_acc=51.21% best=52.02% lr=7.7491072e-05 time=13.8s est_300=1h 15m 04s
[OURS:ConViT-Ti][227/300] loss=1.0537 ce=1.0537 guidance=0.0000 beta=0.00 train_acc=75.24% test_acc=50.69% best=52.02% lr=7.5668012e-05 time=13.5s est_300=1h 15m 02s
[OURS:ConViT-Ti][228/300] loss=1.0902 ce=1.0902 guidance=0.0000 beta=0.00 train_acc=74.26% test_acc=51.61% best=52.02% lr=7.3864344e-05 time=13.9s est_300=1h 15m 01s
[OURS:ConViT-Ti][229/300] loss=1.0670 ce=1.0670 guidance=0.0000 beta=0.00 train_acc=74.46% test_acc=51.78% best=52.02% lr=7.2080265e-05 time=14.4s est_300=1h 15m 00s
[OURS:ConViT-Ti][230/300] loss=1.0295 ce=1.0295 guidance=0.0000 beta=0.00 train_acc=75.42% test_acc=51.05% best=52.02% lr=7.0315971e-05 time=14.3s est_300=1h 14m 59s
[OURS:ConViT-Ti][231/300] loss=1.0605 ce=1.0605 guidance=0.0000 beta=0.00 train_acc=75.05% test_acc=51.04% best=52.02% lr=6.8571656e-05 time=14.3s est_300=1h 14m 58s
[OURS:ConViT-Ti][232/300] loss=1.0815 ce=1.0815 guidance=0.0000 beta=0.00 train_acc=74.21% test_acc=51.66% best=52.02% lr=6.684751e-05 time=13.8s est_300=1h 14m 57s
[OURS:ConViT-Ti][233/300] loss=1.0162 ce=1.0162 guidance=0.0000 beta=0.00 train_acc=75.49% test_acc=52.54% best=52.54% lr=6.5143724e-05 time=13.9s est_300=1h 14m 55s
[OURS:ConViT-Ti][234/300] loss=1.0844 ce=1.0844 guidance=0.0000 beta=0.00 train_acc=74.58% test_acc=51.52% best=52.54% lr=6.3460483e-05 time=14.5s est_300=1h 14m 55s
[OURS:ConViT-Ti][235/300] loss=1.0112 ce=1.0112 guidance=0.0000 beta=0.00 train_acc=76.21% test_acc=52.00% best=52.54% lr=6.1797972e-05 time=14.4s est_300=1h 14m 54s
[OURS:ConViT-Ti][236/300] loss=0.9910 ce=0.9910 guidance=0.0000 beta=0.00 train_acc=76.85% test_acc=51.83% best=52.54% lr=6.0156375e-05 time=13.7s est_300=1h 14m 53s
[OURS:ConViT-Ti][237/300] loss=1.0062 ce=1.0062 guidance=0.0000 beta=0.00 train_acc=76.66% test_acc=51.12% best=52.54% lr=5.8535869e-05 time=13.7s est_300=1h 14m 51s
[OURS:ConViT-Ti][238/300] loss=1.0144 ce=1.0144 guidance=0.0000 beta=0.00 train_acc=75.94% test_acc=51.62% best=52.54% lr=5.6936634e-05 time=14.4s est_300=1h 14m 50s
[OURS:ConViT-Ti][239/300] loss=0.9921 ce=0.9921 guidance=0.0000 beta=0.00 train_acc=76.39% test_acc=51.10% best=52.54% lr=5.5358845e-05 time=13.4s est_300=1h 14m 48s
[OURS:ConViT-Ti][240/300] loss=1.0251 ce=1.0251 guidance=0.0000 beta=0.00 train_acc=75.92% test_acc=52.23% best=52.54% lr=5.3802675e-05 time=13.8s est_300=1h 14m 47s
[OURS:ConViT-Ti][241/300] loss=1.0398 ce=1.0398 guidance=0.0000 beta=0.00 train_acc=75.77% test_acc=51.81% best=52.54% lr=5.2268294e-05 time=13.9s est_300=1h 14m 46s
[OURS:ConViT-Ti][242/300] loss=1.0179 ce=1.0179 guidance=0.0000 beta=0.00 train_acc=75.00% test_acc=52.24% best=52.54% lr=5.0755871e-05 time=13.8s est_300=1h 14m 44s
[OURS:ConViT-Ti][243/300] loss=1.0078 ce=1.0078 guidance=0.0000 beta=0.00 train_acc=75.99% test_acc=51.66% best=52.54% lr=4.9265571e-05 time=13.7s est_300=1h 14m 43s
[OURS:ConViT-Ti][244/300] loss=1.0016 ce=1.0016 guidance=0.0000 beta=0.00 train_acc=75.99% test_acc=52.12% best=52.54% lr=4.7797558e-05 time=13.2s est_300=1h 14m 41s
[OURS:ConViT-Ti][245/300] loss=0.9893 ce=0.9893 guidance=0.0000 beta=0.00 train_acc=76.44% test_acc=51.42% best=52.54% lr=4.6351993e-05 time=13.6s est_300=1h 14m 39s
[OURS:ConViT-Ti][246/300] loss=0.9997 ce=0.9997 guidance=0.0000 beta=0.00 train_acc=76.41% test_acc=52.31% best=52.54% lr=4.4929034e-05 time=12.8s est_300=1h 14m 36s
[OURS:ConViT-Ti][247/300] loss=1.0024 ce=1.0024 guidance=0.0000 beta=0.00 train_acc=76.26% test_acc=51.73% best=52.54% lr=4.3528838e-05 time=14.3s est_300=1h 14m 36s
[OURS:ConViT-Ti][248/300] loss=0.9401 ce=0.9401 guidance=0.0000 beta=0.00 train_acc=77.50% test_acc=52.42% best=52.54% lr=4.2151558e-05 time=13.3s est_300=1h 14m 34s
[OURS:ConViT-Ti][249/300] loss=0.9638 ce=0.9638 guidance=0.0000 beta=0.00 train_acc=77.18% test_acc=52.35% best=52.54% lr=4.0797346e-05 time=12.8s est_300=1h 14m 31s
[OURS:ConViT-Ti][250/300] loss=0.9482 ce=0.9482 guidance=0.0000 beta=0.00 train_acc=77.94% test_acc=51.86% best=52.54% lr=3.9466348e-05 time=13.6s est_300=1h 14m 30s
[OURS:ConViT-Ti][251/300] loss=0.9448 ce=0.9448 guidance=0.0000 beta=0.00 train_acc=77.47% test_acc=52.28% best=52.54% lr=3.8158713e-05 time=13.7s est_300=1h 14m 28s
[OURS:ConViT-Ti][252/300] loss=0.9717 ce=0.9717 guidance=0.0000 beta=0.00 train_acc=76.81% test_acc=52.61% best=52.61% lr=3.6874582e-05 time=13.8s est_300=1h 14m 27s
[OURS:ConViT-Ti][253/300] loss=0.9486 ce=0.9486 guidance=0.0000 beta=0.00 train_acc=77.60% test_acc=52.26% best=52.61% lr=3.5614097e-05 time=14.2s est_300=1h 14m 26s
[OURS:ConViT-Ti][254/300] loss=0.9781 ce=0.9781 guidance=0.0000 beta=0.00 train_acc=76.56% test_acc=52.90% best=52.90% lr=3.4377396e-05 time=13.6s est_300=1h 14m 25s
[OURS:ConViT-Ti][255/300] loss=0.9193 ce=0.9193 guidance=0.0000 beta=0.00 train_acc=78.44% test_acc=53.16% best=53.16% lr=3.3164614e-05 time=13.7s est_300=1h 14m 23s
[OURS:ConViT-Ti][256/300] loss=0.9734 ce=0.9734 guidance=0.0000 beta=0.00 train_acc=77.20% test_acc=52.45% best=53.16% lr=3.1975885e-05 time=14.4s est_300=1h 14m 23s
[OURS:ConViT-Ti][257/300] loss=0.9533 ce=0.9533 guidance=0.0000 beta=0.00 train_acc=78.04% test_acc=52.35% best=53.16% lr=3.0811339e-05 time=13.8s est_300=1h 14m 21s
[OURS:ConViT-Ti][258/300] loss=0.9406 ce=0.9406 guidance=0.0000 beta=0.00 train_acc=78.61% test_acc=52.71% best=53.16% lr=2.9671104e-05 time=13.9s est_300=1h 14m 20s
[OURS:ConViT-Ti][259/300] loss=0.9227 ce=0.9227 guidance=0.0000 beta=0.00 train_acc=77.59% test_acc=52.40% best=53.16% lr=2.8555305e-05 time=14.3s est_300=1h 14m 20s
[OURS:ConViT-Ti][260/300] loss=0.9059 ce=0.9059 guidance=0.0000 beta=0.00 train_acc=78.43% test_acc=52.68% best=53.16% lr=2.7464063e-05 time=14.3s est_300=1h 14m 19s
[OURS:ConViT-Ti][261/300] loss=0.9377 ce=0.9377 guidance=0.0000 beta=0.00 train_acc=78.02% test_acc=52.38% best=53.16% lr=2.6397499e-05 time=13.6s est_300=1h 14m 18s
[OURS:ConViT-Ti][262/300] loss=0.9231 ce=0.9231 guidance=0.0000 beta=0.00 train_acc=77.97% test_acc=52.71% best=53.16% lr=2.535573e-05 time=14.4s est_300=1h 14m 17s
[OURS:ConViT-Ti][263/300] loss=0.9336 ce=0.9336 guidance=0.0000 beta=0.00 train_acc=77.62% test_acc=52.45% best=53.16% lr=2.433887e-05 time=13.8s est_300=1h 14m 16s
[OURS:ConViT-Ti][264/300] loss=0.9150 ce=0.9150 guidance=0.0000 beta=0.00 train_acc=78.39% test_acc=52.54% best=53.16% lr=2.334703e-05 time=13.7s est_300=1h 14m 14s
[OURS:ConViT-Ti][265/300] loss=0.9755 ce=0.9755 guidance=0.0000 beta=0.00 train_acc=76.98% test_acc=52.35% best=53.16% lr=2.238032e-05 time=13.7s est_300=1h 14m 13s
[OURS:ConViT-Ti][266/300] loss=0.9402 ce=0.9402 guidance=0.0000 beta=0.00 train_acc=78.09% test_acc=52.35% best=53.16% lr=2.1438844e-05 time=13.7s est_300=1h 14m 12s
[OURS:ConViT-Ti][267/300] loss=0.9301 ce=0.9301 guidance=0.0000 beta=0.00 train_acc=77.86% test_acc=52.33% best=53.16% lr=2.0522708e-05 time=13.7s est_300=1h 14m 11s
[OURS:ConViT-Ti][268/300] loss=0.9064 ce=0.9064 guidance=0.0000 beta=0.00 train_acc=78.48% test_acc=52.38% best=53.16% lr=1.963201e-05 time=13.7s est_300=1h 14m 09s
[OURS:ConViT-Ti][269/300] loss=0.9294 ce=0.9294 guidance=0.0000 beta=0.00 train_acc=77.87% test_acc=52.50% best=53.16% lr=1.8766848e-05 time=13.7s est_300=1h 14m 08s
[OURS:ConViT-Ti][270/300] loss=0.9304 ce=0.9304 guidance=0.0000 beta=0.00 train_acc=77.97% test_acc=52.28% best=53.16% lr=1.7927319e-05 time=13.4s est_300=1h 14m 06s
[OURS:ConViT-Ti][271/300] loss=0.8984 ce=0.8984 guidance=0.0000 beta=0.00 train_acc=79.33% test_acc=52.45% best=53.16% lr=1.7113512e-05 time=13.6s est_300=1h 14m 05s
[OURS:ConViT-Ti][272/300] loss=0.9064 ce=0.9064 guidance=0.0000 beta=0.00 train_acc=79.03% test_acc=52.71% best=53.16% lr=1.6325519e-05 time=13.4s est_300=1h 14m 03s
[OURS:ConViT-Ti][273/300] loss=0.9295 ce=0.9295 guidance=0.0000 beta=0.00 train_acc=78.16% test_acc=52.69% best=53.16% lr=1.5563424e-05 time=13.7s est_300=1h 14m 02s
[OURS:ConViT-Ti][274/300] loss=0.8981 ce=0.8981 guidance=0.0000 beta=0.00 train_acc=78.91% test_acc=52.62% best=53.16% lr=1.4827313e-05 time=13.7s est_300=1h 14m 01s
[OURS:ConViT-Ti][275/300] loss=0.8952 ce=0.8952 guidance=0.0000 beta=0.00 train_acc=78.91% test_acc=52.40% best=53.16% lr=1.4117265e-05 time=13.7s est_300=1h 14m 00s
[OURS:ConViT-Ti][276/300] loss=0.8849 ce=0.8849 guidance=0.0000 beta=0.00 train_acc=79.20% test_acc=52.81% best=53.16% lr=1.3433358e-05 time=13.6s est_300=1h 13m 59s
[OURS:ConViT-Ti][277/300] loss=0.8960 ce=0.8960 guidance=0.0000 beta=0.00 train_acc=78.61% test_acc=52.74% best=53.16% lr=1.2775668e-05 time=13.5s est_300=1h 13m 57s
[OURS:ConViT-Ti][278/300] loss=0.9049 ce=0.9049 guidance=0.0000 beta=0.00 train_acc=78.83% test_acc=53.18% best=53.18% lr=1.2144266e-05 time=13.7s est_300=1h 13m 56s
[OURS:ConViT-Ti][279/300] loss=0.8595 ce=0.8595 guidance=0.0000 beta=0.00 train_acc=79.54% test_acc=52.73% best=53.18% lr=1.1539222e-05 time=14.3s est_300=1h 13m 56s
[OURS:ConViT-Ti][280/300] loss=0.8953 ce=0.8953 guidance=0.0000 beta=0.00 train_acc=79.33% test_acc=52.83% best=53.18% lr=1.0960601e-05 time=14.4s est_300=1h 13m 55s
[OURS:ConViT-Ti][281/300] loss=0.8910 ce=0.8910 guidance=0.0000 beta=0.00 train_acc=78.98% test_acc=52.83% best=53.18% lr=1.0408469e-05 time=14.4s est_300=1h 13m 55s
[OURS:ConViT-Ti][282/300] loss=0.8741 ce=0.8741 guidance=0.0000 beta=0.00 train_acc=79.07% test_acc=52.64% best=53.18% lr=9.8828843e-06 time=14.3s est_300=1h 13m 54s
[OURS:ConViT-Ti][283/300] loss=0.8587 ce=0.8587 guidance=0.0000 beta=0.00 train_acc=79.37% test_acc=52.59% best=53.18% lr=9.3839054e-06 time=12.7s est_300=1h 13m 52s
[OURS:ConViT-Ti][284/300] loss=0.9041 ce=0.9041 guidance=0.0000 beta=0.00 train_acc=79.18% test_acc=52.74% best=53.18% lr=8.911587e-06 time=12.8s est_300=1h 13m 50s
[OURS:ConViT-Ti][285/300] loss=0.8951 ce=0.8951 guidance=0.0000 beta=0.00 train_acc=79.17% test_acc=52.81% best=53.18% lr=8.4659808e-06 time=13.5s est_300=1h 13m 49s
[OURS:ConViT-Ti][286/300] loss=0.8779 ce=0.8779 guidance=0.0000 beta=0.00 train_acc=79.13% test_acc=53.05% best=53.18% lr=8.0471357e-06 time=13.7s est_300=1h 13m 48s
[OURS:ConViT-Ti][287/300] loss=0.8759 ce=0.8759 guidance=0.0000 beta=0.00 train_acc=79.60% test_acc=52.61% best=53.18% lr=7.6550976e-06 time=13.5s est_300=1h 13m 46s
[OURS:ConViT-Ti][288/300] loss=0.9014 ce=0.9014 guidance=0.0000 beta=0.00 train_acc=78.55% test_acc=52.92% best=53.18% lr=7.2899095e-06 time=13.7s est_300=1h 13m 45s
[OURS:ConViT-Ti][289/300] loss=0.8802 ce=0.8802 guidance=0.0000 beta=0.00 train_acc=79.25% test_acc=52.95% best=53.18% lr=6.9516114e-06 time=13.8s est_300=1h 13m 44s
[OURS:ConViT-Ti][290/300] loss=0.8717 ce=0.8717 guidance=0.0000 beta=0.00 train_acc=79.37% test_acc=52.76% best=53.18% lr=6.6402405e-06 time=14.1s est_300=1h 13m 43s
[OURS:ConViT-Ti][291/300] loss=0.8740 ce=0.8740 guidance=0.0000 beta=0.00 train_acc=79.47% test_acc=52.80% best=53.18% lr=6.3558309e-06 time=14.4s est_300=1h 13m 43s
[OURS:ConViT-Ti][292/300] loss=0.8863 ce=0.8863 guidance=0.0000 beta=0.00 train_acc=78.88% test_acc=52.74% best=53.18% lr=6.0984138e-06 time=13.6s est_300=1h 13m 42s
[OURS:ConViT-Ti][293/300] loss=0.8816 ce=0.8816 guidance=0.0000 beta=0.00 train_acc=79.10% test_acc=53.04% best=53.18% lr=5.8680173e-06 time=13.3s est_300=1h 13m 40s
[OURS:ConViT-Ti][294/300] loss=0.8918 ce=0.8918 guidance=0.0000 beta=0.00 train_acc=79.22% test_acc=52.88% best=53.18% lr=5.6646669e-06 time=14.2s est_300=1h 13m 40s
[OURS:ConViT-Ti][295/300] loss=0.8494 ce=0.8494 guidance=0.0000 beta=0.00 train_acc=80.12% test_acc=52.95% best=53.18% lr=5.4883847e-06 time=14.2s est_300=1h 13m 39s
[OURS:ConViT-Ti][296/300] loss=0.9029 ce=0.9029 guidance=0.0000 beta=0.00 train_acc=78.95% test_acc=52.76% best=53.18% lr=5.3391901e-06 time=14.0s est_300=1h 13m 39s
[OURS:ConViT-Ti][297/300] loss=0.8881 ce=0.8881 guidance=0.0000 beta=0.00 train_acc=79.62% test_acc=52.68% best=53.18% lr=5.2170996e-06 time=14.1s est_300=1h 13m 38s
[OURS:ConViT-Ti][298/300] loss=0.8482 ce=0.8482 guidance=0.0000 beta=0.00 train_acc=80.43% test_acc=52.73% best=53.18% lr=5.1221263e-06 time=13.7s est_300=1h 13m 37s
[OURS:ConViT-Ti][299/300] loss=0.9050 ce=0.9050 guidance=0.0000 beta=0.00 train_acc=78.93% test_acc=52.97% best=53.18% lr=5.0542808e-06 time=13.8s est_300=1h 13m 36s
[OURS:ConViT-Ti][300/300] loss=0.8871 ce=0.8871 guidance=0.0000 beta=0.00 train_acc=79.17% test_acc=52.90% best=53.18% lr=5.0135706e-06 time=14.3s est_300=1h 13m 36s
[TIMING_RESULT] student=ConViT-Ti method=OURS batch=64 avg_epoch=14.72s estimated_300=1h 13m 36s
[FINAL_RESULT] summary=/app/output/table1_cub200_convit_all_full_seed1/students/table1_cub200_convit_ti_ours_b64_full_300ep_seed1/summary.json
[DONE] Table-1 CUB student task completed successfully.
[STUDENT_IDENTITY_CHECK_TABLE1_CUB200] status=PASS student=ConViT-Ti method=OursB64 batch=64 teacher=06f75192b1c108c89e480843cb4f72dfb28aa762d7b11e7ac327333dd54b51f5
[TASK_DONE] 4/5 ConViT-Ti/OursB64 elapsed=1h 13m 59s
------------------------------------------------------------------------------------------------
[TASK_START] 5/5 ConViT-Ti/OursB128
[COMMAND][OursB128] /usr/bin/python /app/scratch/input/kau-aimslab_551/methods/table1_cub200/train.py --full-run --student convit_ti --method ours --batch-size 128 --data-dir /app/output/table1_cub200_convit_all_full_seed1/data/cub200 --teacher-root /app/scratch/input/kau-aimslab_551/teachers/checkpoints/cub200_table1_resnet56_32 --output-dir /app/output/table1_cub200_convit_all_full_seed1/students --run-name table1_cub200_convit_ti_ours_b128_full_300ep_seed1 --num-workers 4
[BOOT] Python process started: /usr/bin/python
[BOOT] complete Table-1 runtime dependencies already available
/usr/local/lib/python3.10/dist-packages/timm/models/layers/__init__.py:49: FutureWarning: Importing from timm.models.layers is deprecated, please import via timm.layers
  warnings.warn(f"Importing from {__name__} is deprecated, please import via timm.layers", FutureWarning)
========================================================================================
CUB-200 TABLE-1 EXTENSION
========================================================================================
[TASK] student=ConViT-Ti method=OURS batch=128 mode=full_300ep
[MODE] actual_epochs=300 planned_epochs=300
[PROTOCOL_LOCK] dataset=CUB-200-2011 split=5994/5794 teacher=ResNet56-scratch-32 student=scratch-224 epochs=300 AdamW=5e-4->5e-6 wd=0.05 warmup=20 seed=1 fp32=True
[FIXED_TEACHER_TABLE1_CUB200] h200_build=543 root=/app/scratch/input/kau-aimslab_551/teachers/checkpoints/cub200_table1_resnet56_32 sha256=06f75192b1c108c89e480843cb4f72dfb28aa762d7b11e7ac327333dd54b51f5
[SOURCE] official_lg_repo=https://github.com/lkhl/tiny-transformers commit=d2165f74049c906b0afc9f957491960fb3c0cc8b
[MODEL] params=5,556,112 feature_dims=(192, 192, 192, 192, 192, 192, 192, 192, 192, 192, 192, 192) selected_lg=(0, 6, 11)
[FEATURE_CHECK] student=((2, 192, 14, 14), (2, 192, 14, 14), (2, 192, 14, 14), (2, 192, 14, 14), (2, 192, 14, 14), (2, 192, 14, 14), (2, 192, 14, 14), (2, 192, 14, 14), (2, 192, 14, 14), (2, 192, 14, 14), (2, 192, 14, 14), (2, 192, 14, 14)) teacher=((2, 16, 32, 32), (2, 32, 16, 16), (2, 64, 8, 8)) guidance_probe=12.263703
[OURS_ADAPTER] all_blocks=True common_channels=192 common_grid=14 adapter_params=0 ours_params=55,901
[OPTIMIZER] contract=ours_single_group_all_parameters_decay_0.05
[OURS:ConViT-Ti][001/300] loss=96.4547 ce=5.3328 guidance=36.4487 beta=2.50 train_acc=0.56% test_acc=0.50% best=0.50% lr=5e-07 time=14.6s est_300=1h 13m 11s
[OURS:ConViT-Ti][002/300] loss=89.0130 ce=5.3326 guidance=33.4721 beta=2.50 train_acc=0.42% test_acc=0.52% best=0.52% lr=2.5475e-05 time=14.6s est_300=1h 13m 09s
[OURS:ConViT-Ti][003/300] loss=77.4202 ce=5.3249 guidance=28.8381 beta=2.50 train_acc=0.39% test_acc=0.47% best=0.52% lr=5.045e-05 time=12.4s est_300=1h 09m 29s
[OURS:ConViT-Ti][004/300] loss=72.7623 ce=5.3196 guidance=26.9771 beta=2.50 train_acc=0.34% test_acc=0.57% best=0.57% lr=7.5425e-05 time=13.5s est_300=1h 09m 02s
[OURS:ConViT-Ti][005/300] loss=68.3811 ce=5.3141 guidance=25.2268 beta=2.50 train_acc=0.29% test_acc=0.64% best=0.64% lr=0.0001004 time=13.5s est_300=1h 08m 46s
[OURS:ConViT-Ti][006/300] loss=64.5682 ce=5.3111 guidance=23.7028 beta=2.50 train_acc=0.46% test_acc=0.67% best=0.67% lr=0.000125375 time=13.9s est_300=1h 08m 54s
[OURS:ConViT-Ti][007/300] loss=60.4849 ce=5.3039 guidance=22.0724 beta=2.50 train_acc=0.41% test_acc=0.83% best=0.83% lr=0.00015035 time=13.9s est_300=1h 09m 01s
[OURS:ConViT-Ti][008/300] loss=56.6126 ce=5.2588 guidance=20.5415 beta=2.50 train_acc=0.68% test_acc=1.07% best=1.07% lr=0.000175325 time=12.1s est_300=1h 07m 58s
[OURS:ConViT-Ti][009/300] loss=55.1070 ce=5.1803 guidance=19.9707 beta=2.50 train_acc=0.85% test_acc=1.45% best=1.45% lr=0.0002003 time=13.6s est_300=1h 07m 59s
[OURS:ConViT-Ti][010/300] loss=52.8938 ce=5.1341 guidance=19.1039 beta=2.50 train_acc=1.10% test_acc=1.71% best=1.71% lr=0.000225275 time=13.4s est_300=1h 07m 54s
[OURS:ConViT-Ti][011/300] loss=51.2924 ce=5.0675 guidance=18.4900 beta=2.50 train_acc=1.72% test_acc=2.28% best=2.28% lr=0.00025025 time=12.3s est_300=1h 07m 20s
[OURS:ConViT-Ti][012/300] loss=49.9841 ce=4.9962 guidance=17.9952 beta=2.50 train_acc=1.97% test_acc=3.09% best=3.09% lr=0.000275225 time=14.3s est_300=1h 07m 40s
[OURS:ConViT-Ti][013/300] loss=48.4097 ce=4.9280 guidance=17.3927 beta=2.50 train_acc=2.72% test_acc=4.04% best=4.04% lr=0.0003002 time=13.6s est_300=1h 07m 42s
[OURS:ConViT-Ti][014/300] loss=47.2398 ce=4.8256 guidance=16.9657 beta=2.50 train_acc=3.67% test_acc=5.26% best=5.26% lr=0.000325175 time=13.3s est_300=1h 07m 38s
[OURS:ConViT-Ti][015/300] loss=46.0805 ce=4.7452 guidance=16.5341 beta=2.50 train_acc=3.82% test_acc=6.40% best=6.40% lr=0.00035015 time=12.4s est_300=1h 07m 15s
[OURS:ConViT-Ti][016/300] loss=44.8111 ce=4.6817 guidance=16.0518 beta=2.50 train_acc=4.60% test_acc=7.65% best=7.65% lr=0.000375125 time=12.9s est_300=1h 07m 04s
[OURS:ConViT-Ti][017/300] loss=43.4359 ce=4.6008 guidance=15.5340 beta=2.50 train_acc=5.25% test_acc=7.97% best=7.97% lr=0.0004001 time=14.0s est_300=1h 07m 15s
[OURS:ConViT-Ti][018/300] loss=42.0213 ce=4.5573 guidance=14.9856 beta=2.50 train_acc=5.72% test_acc=9.60% best=9.60% lr=0.000425075 time=12.8s est_300=1h 07m 04s
[OURS:ConViT-Ti][019/300] loss=41.4198 ce=4.4829 guidance=14.7748 beta=2.50 train_acc=6.52% test_acc=9.70% best=9.70% lr=0.00045005 time=13.6s est_300=1h 07m 08s
[OURS:ConViT-Ti][020/300] loss=40.1482 ce=4.4265 guidance=14.2886 beta=2.50 train_acc=7.34% test_acc=11.03% best=11.03% lr=0.000475025 time=12.8s est_300=1h 06m 58s
[OURS:ConViT-Ti][021/300] loss=39.6830 ce=4.3652 guidance=14.1271 beta=2.50 train_acc=7.29% test_acc=11.48% best=11.48% lr=0.00049459153 time=13.4s est_300=1h 06m 59s
[OURS:ConViT-Ti][022/300] loss=38.4941 ce=4.2822 guidance=13.6848 beta=2.50 train_acc=9.41% test_acc=12.63% best=12.63% lr=0.0004940394 time=14.3s est_300=1h 07m 12s
[OURS:ConViT-Ti][023/300] loss=37.8456 ce=4.2339 guidance=13.4447 beta=2.50 train_acc=9.75% test_acc=13.15% best=13.15% lr=0.00049346078 time=13.3s est_300=1h 07m 09s
[OURS:ConViT-Ti][024/300] loss=37.2495 ce=4.1750 guidance=13.2298 beta=2.50 train_acc=10.63% test_acc=13.65% best=13.65% lr=0.00049285573 time=12.2s est_300=1h 06m 54s
[OURS:ConViT-Ti][025/300] loss=36.1327 ce=4.1111 guidance=12.8087 beta=2.50 train_acc=11.33% test_acc=16.17% best=16.17% lr=0.00049222433 time=11.8s est_300=1h 06m 35s
[OURS:ConViT-Ti][026/300] loss=35.7744 ce=4.0608 guidance=12.6854 beta=2.50 train_acc=12.14% test_acc=16.29% best=16.29% lr=0.00049156664 time=12.4s est_300=1h 06m 25s
[OURS:ConViT-Ti][027/300] loss=35.1485 ce=4.0173 guidance=12.4525 beta=2.50 train_acc=12.84% test_acc=18.12% best=18.12% lr=0.00049088274 time=12.0s est_300=1h 06m 11s
[OURS:ConViT-Ti][028/300] loss=34.6237 ce=3.9679 guidance=12.2623 beta=2.50 train_acc=13.28% test_acc=17.43% best=18.12% lr=0.00049017269 time=11.1s est_300=1h 05m 48s
[OURS:ConViT-Ti][029/300] loss=34.1973 ce=3.9210 guidance=12.1105 beta=2.50 train_acc=14.20% test_acc=19.87% best=19.87% lr=0.00048943658 time=11.5s est_300=1h 05m 30s
[OURS:ConViT-Ti][030/300] loss=33.6674 ce=3.8784 guidance=11.9156 beta=2.50 train_acc=15.13% test_acc=19.62% best=19.87% lr=0.00048867448 time=11.6s est_300=1h 05m 16s
[OURS:ConViT-Ti][031/300] loss=33.3511 ce=3.8350 guidance=11.8064 beta=2.50 train_acc=15.90% test_acc=21.25% best=21.25% lr=0.00048788649 time=12.7s est_300=1h 05m 12s
[OURS:ConViT-Ti][032/300] loss=32.9672 ce=3.8055 guidance=11.6647 beta=2.50 train_acc=16.20% test_acc=21.35% best=21.35% lr=0.00048707268 time=12.7s est_300=1h 05m 09s
[OURS:ConViT-Ti][033/300] loss=32.4963 ce=3.7531 guidance=11.4973 beta=2.50 train_acc=16.78% test_acc=22.04% best=22.04% lr=0.00048623315 time=11.8s est_300=1h 04m 58s
[OURS:ConViT-Ti][034/300] loss=32.1554 ce=3.7182 guidance=11.3749 beta=2.50 train_acc=17.10% test_acc=23.94% best=23.94% lr=0.00048536799 time=12.5s est_300=1h 04m 54s
[OURS:ConViT-Ti][035/300] loss=31.9317 ce=3.6773 guidance=11.3017 beta=2.50 train_acc=18.67% test_acc=23.21% best=23.94% lr=0.00048447729 time=13.8s est_300=1h 05m 00s
[OURS:ConViT-Ti][036/300] loss=31.3655 ce=3.6122 guidance=11.1013 beta=2.50 train_acc=19.00% test_acc=24.27% best=24.27% lr=0.00048356116 time=13.7s est_300=1h 05m 06s
[OURS:ConViT-Ti][037/300] loss=31.7029 ce=3.6567 guidance=11.2185 beta=2.50 train_acc=19.33% test_acc=24.18% best=24.27% lr=0.00048261968 time=13.7s est_300=1h 05m 11s
[OURS:ConViT-Ti][038/300] loss=31.2028 ce=3.5890 guidance=11.0455 beta=2.50 train_acc=20.53% test_acc=25.92% best=25.92% lr=0.00048165297 time=12.2s est_300=1h 05m 04s
[OURS:ConViT-Ti][039/300] loss=30.6699 ce=3.5226 guidance=10.8589 beta=2.50 train_acc=20.74% test_acc=26.84% best=26.84% lr=0.00048066113 time=12.4s est_300=1h 05m 00s
[OURS:ConViT-Ti][040/300] loss=30.4916 ce=3.5157 guidance=10.7904 beta=2.50 train_acc=21.13% test_acc=26.37% best=26.84% lr=0.00047964427 time=13.8s est_300=1h 05m 06s
[OURS:ConViT-Ti][041/300] loss=30.1601 ce=3.4438 guidance=10.6865 beta=2.50 train_acc=22.04% test_acc=27.74% best=27.74% lr=0.0004786025 time=13.4s est_300=1h 05m 08s
[OURS:ConViT-Ti][042/300] loss=29.8888 ce=3.4463 guidance=10.5770 beta=2.50 train_acc=22.47% test_acc=28.46% best=28.46% lr=0.00047753594 time=11.8s est_300=1h 05m 00s
[OURS:ConViT-Ti][043/300] loss=29.7197 ce=3.4052 guidance=10.5258 beta=2.50 train_acc=22.86% test_acc=28.13% best=28.46% lr=0.0004764447 time=13.2s est_300=1h 05m 01s
[OURS:ConViT-Ti][044/300] loss=29.4632 ce=3.4231 guidance=10.4160 beta=2.50 train_acc=22.74% test_acc=28.75% best=28.75% lr=0.0004753289 time=12.9s est_300=1h 05m 01s
[OURS:ConViT-Ti][045/300] loss=29.3759 ce=3.3503 guidance=10.4103 beta=2.50 train_acc=23.86% test_acc=29.75% best=29.75% lr=0.00047418866 time=11.8s est_300=1h 04m 53s
[OURS:ConViT-Ti][046/300] loss=28.9637 ce=3.3337 guidance=10.2520 beta=2.50 train_acc=24.49% test_acc=31.15% best=31.15% lr=0.00047302411 time=13.0s est_300=1h 04m 53s
[OURS:ConViT-Ti][047/300] loss=28.8185 ce=3.2797 guidance=10.2156 beta=2.50 train_acc=25.65% test_acc=30.58% best=31.15% lr=0.00047183539 time=13.2s est_300=1h 04m 55s
[OURS:ConViT-Ti][048/300] loss=28.6388 ce=3.3258 guidance=10.1252 beta=2.50 train_acc=25.19% test_acc=29.58% best=31.15% lr=0.0004706226 time=13.3s est_300=1h 04m 57s
[OURS:ConViT-Ti][049/300] loss=28.2920 ce=3.1924 guidance=10.0398 beta=2.50 train_acc=27.56% test_acc=32.15% best=32.15% lr=0.0004693859 time=12.6s est_300=1h 04m 54s
[OURS:ConViT-Ti][050/300] loss=28.3641 ce=3.1913 guidance=10.0692 beta=2.50 train_acc=26.73% test_acc=32.31% best=32.31% lr=0.00046812542 time=12.8s est_300=1h 04m 53s
[OURS:ConViT-Ti][051/300] loss=28.3061 ce=3.2016 guidance=10.0418 beta=2.50 train_acc=25.95% test_acc=32.46% best=32.46% lr=0.00046684129 time=14.3s est_300=1h 05m 01s
[OURS:ConViT-Ti][052/300] loss=28.0374 ce=3.1823 guidance=9.9421 beta=2.50 train_acc=27.77% test_acc=31.62% best=32.46% lr=0.00046553365 time=14.0s est_300=1h 05m 07s
[OURS:ConViT-Ti][053/300] loss=27.9941 ce=3.1523 guidance=9.9367 beta=2.50 train_acc=28.35% test_acc=32.64% best=32.64% lr=0.00046420265 time=13.8s est_300=1h 05m 11s
[OURS:ConViT-Ti][054/300] loss=27.6810 ce=3.0919 guidance=9.8356 beta=2.50 train_acc=29.45% test_acc=34.17% best=34.17% lr=0.00046284844 time=12.6s est_300=1h 05m 09s
[OURS:ConViT-Ti][055/300] loss=27.4463 ce=3.0904 guidance=9.7424 beta=2.50 train_acc=28.89% test_acc=33.78% best=34.17% lr=0.00046147116 time=13.3s est_300=1h 05m 11s
[OURS:ConViT-Ti][056/300] loss=27.2714 ce=3.0688 guidance=9.6811 beta=2.50 train_acc=29.60% test_acc=34.31% best=34.31% lr=0.00046007097 time=14.2s est_300=1h 05m 17s
[OURS:ConViT-Ti][057/300] loss=27.1776 ce=3.0367 guidance=9.6564 beta=2.50 train_acc=30.66% test_acc=34.90% best=34.90% lr=0.00045864801 time=13.9s est_300=1h 05m 21s
[OURS:ConViT-Ti][058/300] loss=27.1567 ce=3.0084 guidance=9.6593 beta=2.50 train_acc=30.88% test_acc=33.88% best=34.90% lr=0.00045720244 time=11.7s est_300=1h 05m 14s
[OURS:ConViT-Ti][059/300] loss=26.8836 ce=2.9479 guidance=9.5743 beta=2.50 train_acc=31.20% test_acc=36.18% best=36.18% lr=0.00045573443 time=12.5s est_300=1h 05m 12s
[OURS:ConViT-Ti][060/300] loss=26.7858 ce=2.9849 guidance=9.5203 beta=2.50 train_acc=31.59% test_acc=36.00% best=36.18% lr=0.00045424413 time=13.2s est_300=1h 05m 13s
[OURS:ConViT-Ti][061/300] loss=26.6866 ce=2.9291 guidance=9.5030 beta=2.50 train_acc=32.56% test_acc=36.62% best=36.62% lr=0.00045273171 time=12.7s est_300=1h 05m 11s
[OURS:ConViT-Ti][062/300] loss=26.5490 ce=2.9490 guidance=9.4400 beta=2.50 train_acc=32.00% test_acc=37.07% best=37.07% lr=0.00045119733 time=13.2s est_300=1h 05m 12s
[OURS:ConViT-Ti][063/300] loss=26.4843 ce=2.9215 guidance=9.4251 beta=2.50 train_acc=32.93% test_acc=37.54% best=37.54% lr=0.00044964115 time=13.4s est_300=1h 05m 13s
[OURS:ConViT-Ti][064/300] loss=26.4788 ce=2.9214 guidance=9.4230 beta=2.50 train_acc=32.47% test_acc=37.83% best=37.83% lr=0.00044806337 time=12.9s est_300=1h 05m 13s
[OURS:ConViT-Ti][065/300] loss=26.1848 ce=2.8804 guidance=9.3217 beta=2.50 train_acc=33.37% test_acc=37.38% best=37.83% lr=0.00044646413 time=12.3s est_300=1h 05m 10s
[OURS:ConViT-Ti][066/300] loss=26.1776 ce=2.8406 guidance=9.3348 beta=2.50 train_acc=33.88% test_acc=37.97% best=37.97% lr=0.00044484363 time=11.8s est_300=1h 05m 04s
[OURS:ConViT-Ti][067/300] loss=26.0949 ce=2.7895 guidance=9.3222 beta=2.50 train_acc=35.46% test_acc=37.90% best=37.97% lr=0.00044320203 time=11.1s est_300=1h 04m 55s
[OURS:ConViT-Ti][068/300] loss=25.8920 ce=2.8144 guidance=9.2310 beta=2.50 train_acc=34.75% test_acc=38.49% best=38.49% lr=0.00044153952 time=13.2s est_300=1h 04m 56s
[OURS:ConViT-Ti][069/300] loss=25.7951 ce=2.8287 guidance=9.1866 beta=2.50 train_acc=33.68% test_acc=39.04% best=39.04% lr=0.00043985628 time=12.8s est_300=1h 04m 55s
[OURS:ConViT-Ti][070/300] loss=25.8698 ce=2.7983 guidance=9.2286 beta=2.50 train_acc=35.04% test_acc=39.02% best=39.04% lr=0.00043815249 time=12.6s est_300=1h 04m 54s
[OURS:ConViT-Ti][071/300] loss=25.9173 ce=2.8480 guidance=9.2277 beta=2.50 train_acc=33.85% test_acc=39.04% best=39.04% lr=0.00043642834 time=11.2s est_300=1h 04m 46s
[OURS:ConViT-Ti][072/300] loss=25.5815 ce=2.7395 guidance=9.1368 beta=2.50 train_acc=36.07% test_acc=40.04% best=40.04% lr=0.00043468403 time=12.4s est_300=1h 04m 44s
[OURS:ConViT-Ti][073/300] loss=25.4377 ce=2.6937 guidance=9.0976 beta=2.50 train_acc=36.89% test_acc=39.01% best=40.04% lr=0.00043291974 time=11.8s est_300=1h 04m 39s
[OURS:ConViT-Ti][074/300] loss=25.3463 ce=2.7122 guidance=9.0537 beta=2.50 train_acc=36.38% test_acc=39.47% best=40.04% lr=0.00043113566 time=11.8s est_300=1h 04m 35s
[OURS:ConViT-Ti][075/300] loss=25.4323 ce=2.6855 guidance=9.0987 beta=2.50 train_acc=37.60% test_acc=39.33% best=40.04% lr=0.00042933199 time=12.8s est_300=1h 04m 35s
[OURS:ConViT-Ti][076/300] loss=25.3191 ce=2.6501 guidance=9.0676 beta=2.50 train_acc=37.89% test_acc=39.54% best=40.04% lr=0.00042750893 time=12.0s est_300=1h 04m 31s
[OURS:ConViT-Ti][077/300] loss=25.1958 ce=2.6703 guidance=9.0102 beta=2.50 train_acc=37.65% test_acc=40.02% best=40.04% lr=0.00042566668 time=13.2s est_300=1h 04m 32s
[OURS:ConViT-Ti][078/300] loss=24.9966 ce=2.6503 guidance=8.9385 beta=2.50 train_acc=38.47% test_acc=39.87% best=40.04% lr=0.00042380544 time=14.2s est_300=1h 04m 37s
[OURS:ConViT-Ti][079/300] loss=24.9220 ce=2.7050 guidance=8.8868 beta=2.50 train_acc=36.79% test_acc=41.04% best=41.04% lr=0.00042192541 time=13.9s est_300=1h 04m 40s
[OURS:ConViT-Ti][080/300] loss=24.9871 ce=2.6045 guidance=8.9531 beta=2.50 train_acc=38.79% test_acc=41.75% best=41.75% lr=0.0004200268 time=11.6s est_300=1h 04m 35s
[OURS:ConViT-Ti][081/300] loss=24.9625 ce=2.5938 guidance=8.9475 beta=2.50 train_acc=38.55% test_acc=41.54% best=41.75% lr=0.00041810983 time=12.8s est_300=1h 04m 35s
[OURS:ConViT-Ti][082/300] loss=24.9374 ce=2.5971 guidance=8.9361 beta=2.50 train_acc=38.94% test_acc=41.97% best=41.97% lr=0.00041617469 time=11.1s est_300=1h 04m 28s
[OURS:ConViT-Ti][083/300] loss=24.7303 ce=2.5807 guidance=8.8599 beta=2.50 train_acc=38.74% test_acc=40.13% best=41.97% lr=0.0004142216 time=11.8s est_300=1h 04m 24s
[OURS:ConViT-Ti][084/300] loss=24.6236 ce=2.5740 guidance=8.8198 beta=2.50 train_acc=39.50% test_acc=40.11% best=41.97% lr=0.00041225078 time=12.5s est_300=1h 04m 23s
[OURS:ConViT-Ti][085/300] loss=24.5855 ce=2.5710 guidance=8.8058 beta=2.50 train_acc=40.17% test_acc=40.06% best=41.97% lr=0.00041026244 time=11.9s est_300=1h 04m 20s
[OURS:ConViT-Ti][086/300] loss=24.6179 ce=2.5269 guidance=8.8364 beta=2.50 train_acc=40.83% test_acc=40.61% best=41.97% lr=0.0004082568 time=13.8s est_300=1h 04m 23s
[OURS:ConViT-Ti][087/300] loss=24.4512 ce=2.4826 guidance=8.7874 beta=2.50 train_acc=40.95% test_acc=40.73% best=41.97% lr=0.00040623408 time=12.5s est_300=1h 04m 21s
[OURS:ConViT-Ti][088/300] loss=24.4290 ce=2.4488 guidance=8.7920 beta=2.50 train_acc=42.09% test_acc=42.06% best=42.06% lr=0.0004041945 time=12.7s est_300=1h 04m 21s
[OURS:ConViT-Ti][089/300] loss=24.3972 ce=2.4815 guidance=8.7663 beta=2.50 train_acc=40.51% test_acc=41.82% best=42.06% lr=0.00040213828 time=13.2s est_300=1h 04m 22s
[OURS:ConViT-Ti][090/300] loss=24.3075 ce=2.4849 guidance=8.7290 beta=2.50 train_acc=41.42% test_acc=41.87% best=42.06% lr=0.00040006566 time=11.4s est_300=1h 04m 17s
[OURS:ConViT-Ti][091/300] loss=24.1800 ce=2.4406 guidance=8.6958 beta=2.50 train_acc=41.75% test_acc=41.89% best=42.06% lr=0.00039797685 time=11.0s est_300=1h 04m 11s
[OURS:ConViT-Ti][092/300] loss=24.2252 ce=2.4419 guidance=8.7133 beta=2.50 train_acc=41.59% test_acc=41.63% best=42.06% lr=0.00039587209 time=11.1s est_300=1h 04m 05s
[OURS:ConViT-Ti][093/300] loss=24.1915 ce=2.3841 guidance=8.7229 beta=2.50 train_acc=43.44% test_acc=42.42% best=42.42% lr=0.00039375161 time=13.0s est_300=1h 04m 06s
[OURS:ConViT-Ti][094/300] loss=24.0381 ce=2.3949 guidance=8.6573 beta=2.50 train_acc=42.90% test_acc=42.35% best=42.42% lr=0.00039161564 time=11.0s est_300=1h 04m 00s
[OURS:ConViT-Ti][095/300] loss=24.2558 ce=2.4337 guidance=8.7288 beta=2.50 train_acc=42.70% test_acc=42.27% best=42.42% lr=0.00038946441 time=10.9s est_300=1h 03m 54s
[OURS:ConViT-Ti][096/300] loss=23.8754 ce=2.3466 guidance=8.6115 beta=2.50 train_acc=44.23% test_acc=42.73% best=42.73% lr=0.00038729816 time=13.1s est_300=1h 03m 55s
[OURS:ConViT-Ti][097/300] loss=23.9617 ce=2.3431 guidance=8.6474 beta=2.50 train_acc=45.48% test_acc=42.04% best=42.73% lr=0.00038511713 time=13.4s est_300=1h 03m 57s
[OURS:ConViT-Ti][098/300] loss=23.9301 ce=2.3351 guidance=8.6380 beta=2.50 train_acc=44.62% test_acc=41.94% best=42.73% lr=0.00038292156 time=13.4s est_300=1h 03m 59s
[OURS:ConViT-Ti][099/300] loss=23.8213 ce=2.3344 guidance=8.5947 beta=2.50 train_acc=45.01% test_acc=42.30% best=42.73% lr=0.00038071168 time=13.9s est_300=1h 04m 02s
[OURS:ConViT-Ti][100/300] loss=24.0457 ce=2.3699 guidance=8.6703 beta=2.50 train_acc=44.38% test_acc=41.66% best=42.73% lr=0.00037848775 time=13.1s est_300=1h 04m 03s
[OURS:ConViT-Ti][101/300] loss=23.8445 ce=2.3270 guidance=8.6070 beta=2.50 train_acc=44.89% test_acc=42.60% best=42.73% lr=0.00037625 time=11.8s est_300=1h 04m 00s
[OURS:ConViT-Ti][102/300] loss=23.6245 ce=2.3405 guidance=8.5136 beta=2.50 train_acc=45.14% test_acc=42.99% best=42.99% lr=0.00037399868 time=13.5s est_300=1h 04m 02s
[OURS:ConViT-Ti][103/300] loss=23.5342 ce=2.3130 guidance=8.4885 beta=2.50 train_acc=46.30% test_acc=42.51% best=42.99% lr=0.00037173403 time=13.6s est_300=1h 04m 04s
[OURS:ConViT-Ti][104/300] loss=23.5406 ce=2.2629 guidance=8.5111 beta=2.50 train_acc=46.21% test_acc=43.13% best=43.13% lr=0.00036945631 time=12.5s est_300=1h 04m 04s
[OURS:ConViT-Ti][105/300] loss=23.5521 ce=2.2675 guidance=8.5138 beta=2.50 train_acc=47.04% test_acc=42.75% best=43.13% lr=0.00036716577 time=12.9s est_300=1h 04m 04s
[OURS:ConViT-Ti][106/300] loss=23.5642 ce=2.2902 guidance=8.5096 beta=2.50 train_acc=45.97% test_acc=42.68% best=43.13% lr=0.00036486265 time=12.6s est_300=1h 04m 03s
[OURS:ConViT-Ti][107/300] loss=23.3881 ce=2.2533 guidance=8.4539 beta=2.50 train_acc=45.92% test_acc=42.37% best=43.13% lr=0.00036254721 time=11.9s est_300=1h 04m 01s
[OURS:ConViT-Ti][108/300] loss=23.4993 ce=2.2312 guidance=8.5072 beta=2.50 train_acc=48.18% test_acc=43.34% best=43.34% lr=0.0003602197 time=12.0s est_300=1h 03m 58s
[OURS:ConViT-Ti][109/300] loss=23.3674 ce=2.2676 guidance=8.4399 beta=2.50 train_acc=46.47% test_acc=43.11% best=43.34% lr=0.00035788037 time=11.1s est_300=1h 03m 54s
[OURS:ConViT-Ti][110/300] loss=23.3465 ce=2.2217 guidance=8.4499 beta=2.50 train_acc=47.47% test_acc=42.44% best=43.34% lr=0.0003555295 time=12.1s est_300=1h 03m 52s
[OURS:ConViT-Ti][111/300] loss=23.3504 ce=2.2073 guidance=8.4572 beta=2.50 train_acc=47.28% test_acc=43.11% best=43.34% lr=0.00035316732 time=12.0s est_300=1h 03m 50s
[OURS:ConViT-Ti][112/300] loss=23.2719 ce=2.2090 guidance=8.4252 beta=2.50 train_acc=48.30% test_acc=42.37% best=43.34% lr=0.0003507941 time=11.9s est_300=1h 03m 48s
[OURS:ConViT-Ti][113/300] loss=22.9819 ce=2.2132 guidance=8.3075 beta=2.50 train_acc=47.37% test_acc=44.03% best=44.03% lr=0.00034841011 time=13.9s est_300=1h 03m 51s
[OURS:ConViT-Ti][114/300] loss=23.1633 ce=2.2043 guidance=8.3836 beta=2.50 train_acc=48.32% test_acc=43.23% best=44.03% lr=0.00034601559 time=12.5s est_300=1h 03m 50s
[OURS:ConViT-Ti][115/300] loss=23.0514 ce=2.1664 guidance=8.3540 beta=2.50 train_acc=48.71% test_acc=43.25% best=44.03% lr=0.00034361083 time=11.2s est_300=1h 03m 46s
[OURS:ConViT-Ti][116/300] loss=23.1901 ce=2.1747 guidance=8.4061 beta=2.50 train_acc=48.11% test_acc=43.30% best=44.03% lr=0.00034119607 time=11.4s est_300=1h 03m 42s
[OURS:ConViT-Ti][117/300] loss=23.1188 ce=2.2154 guidance=8.3614 beta=2.50 train_acc=47.47% test_acc=44.18% best=44.18% lr=0.00033877158 time=12.6s est_300=1h 03m 42s
[OURS:ConViT-Ti][118/300] loss=22.9538 ce=2.1708 guidance=8.3132 beta=2.50 train_acc=48.81% test_acc=44.24% best=44.24% lr=0.00033633764 time=11.2s est_300=1h 03m 38s
[OURS:ConViT-Ti][119/300] loss=22.9198 ce=2.1270 guidance=8.3171 beta=2.50 train_acc=48.95% test_acc=43.86% best=44.24% lr=0.0003338945 time=11.6s est_300=1h 03m 35s
[OURS:ConViT-Ti][120/300] loss=23.0278 ce=2.1398 guidance=8.3552 beta=2.50 train_acc=49.80% test_acc=42.96% best=44.24% lr=0.00033144243 time=12.4s est_300=1h 03m 34s
[OURS:ConViT-Ti][121/300] loss=22.7795 ce=2.0936 guidance=8.2744 beta=2.50 train_acc=49.86% test_acc=43.37% best=44.24% lr=0.00032898171 time=13.6s est_300=1h 03m 36s
[OURS:ConViT-Ti][122/300] loss=22.9298 ce=2.1127 guidance=8.3268 beta=2.50 train_acc=49.69% test_acc=44.65% best=44.65% lr=0.0003265126 time=11.5s est_300=1h 03m 33s
[OURS:ConViT-Ti][123/300] loss=22.7823 ce=2.0879 guidance=8.2778 beta=2.50 train_acc=50.46% test_acc=43.65% best=44.65% lr=0.00032403537 time=11.4s est_300=1h 03m 30s
[OURS:ConViT-Ti][124/300] loss=22.7801 ce=2.1016 guidance=8.2714 beta=2.50 train_acc=50.29% test_acc=44.36% best=44.65% lr=0.0003215503 time=11.2s est_300=1h 03m 27s
[OURS:ConViT-Ti][125/300] loss=22.6887 ce=2.1126 guidance=8.2304 beta=2.50 train_acc=50.82% test_acc=43.36% best=44.65% lr=0.00031905766 time=11.2s est_300=1h 03m 23s
[OURS:ConViT-Ti][126/300] loss=22.8714 ce=2.0916 guidance=8.3119 beta=2.50 train_acc=50.83% test_acc=44.29% best=44.65% lr=0.00031655771 time=12.0s est_300=1h 03m 21s
[OURS:ConViT-Ti][127/300] loss=22.6978 ce=2.0137 guidance=8.2736 beta=2.50 train_acc=52.29% test_acc=44.44% best=44.65% lr=0.00031405075 time=12.2s est_300=1h 03m 20s
[OURS:ConViT-Ti][128/300] loss=22.5929 ce=2.0098 guidance=8.2332 beta=2.50 train_acc=51.78% test_acc=44.49% best=44.65% lr=0.00031153703 time=12.9s est_300=1h 03m 21s
[OURS:ConViT-Ti][129/300] loss=22.7053 ce=1.9838 guidance=8.2886 beta=2.50 train_acc=53.41% test_acc=44.32% best=44.65% lr=0.00030901684 time=13.3s est_300=1h 03m 22s
[OURS:ConViT-Ti][130/300] loss=22.6709 ce=2.0591 guidance=8.2447 beta=2.50 train_acc=50.92% test_acc=44.05% best=44.65% lr=0.00030649045 time=12.8s est_300=1h 03m 23s
[OURS:ConViT-Ti][131/300] loss=22.7237 ce=2.0089 guidance=8.2859 beta=2.50 train_acc=52.09% test_acc=43.65% best=44.65% lr=0.00030395814 time=12.0s est_300=1h 03m 21s
[OURS:ConViT-Ti][132/300] loss=22.6057 ce=2.0336 guidance=8.2288 beta=2.50 train_acc=51.56% test_acc=44.46% best=44.65% lr=0.00030142019 time=12.2s est_300=1h 03m 20s
[OURS:ConViT-Ti][133/300] loss=22.4820 ce=2.0005 guidance=8.1926 beta=2.50 train_acc=52.53% test_acc=44.49% best=44.65% lr=0.00029887688 time=11.9s est_300=1h 03m 18s
[OURS:ConViT-Ti][134/300] loss=22.4090 ce=1.9608 guidance=8.1793 beta=2.50 train_acc=53.87% test_acc=45.43% best=45.43% lr=0.00029632847 time=12.1s est_300=1h 03m 17s
[OURS:ConViT-Ti][135/300] loss=22.5872 ce=1.9875 guidance=8.2399 beta=2.50 train_acc=53.58% test_acc=44.72% best=45.43% lr=0.00029377526 time=12.3s est_300=1h 03m 16s
[OURS:ConViT-Ti][136/300] loss=22.4347 ce=1.9693 guidance=8.1862 beta=2.50 train_acc=53.40% test_acc=44.29% best=45.43% lr=0.00029121753 time=12.2s est_300=1h 03m 15s
[OURS:ConViT-Ti][137/300] loss=22.3455 ce=2.0025 guidance=8.1372 beta=2.50 train_acc=53.40% test_acc=44.01% best=45.43% lr=0.00028865555 time=11.4s est_300=1h 03m 13s
[OURS:ConViT-Ti][138/300] loss=22.3119 ce=1.9607 guidance=8.1405 beta=2.50 train_acc=54.30% test_acc=44.53% best=45.43% lr=0.0002860896 time=13.2s est_300=1h 03m 14s
[OURS:ConViT-Ti][139/300] loss=22.2090 ce=1.9130 guidance=8.1184 beta=2.50 train_acc=54.82% test_acc=44.65% best=45.43% lr=0.00028351998 time=13.0s est_300=1h 03m 15s
[OURS:ConViT-Ti][140/300] loss=22.1959 ce=1.9508 guidance=8.0980 beta=2.50 train_acc=54.30% test_acc=44.48% best=45.43% lr=0.00028094694 time=11.9s est_300=1h 03m 13s
[OURS:ConViT-Ti][141/300] loss=22.2393 ce=1.9132 guidance=8.1304 beta=2.50 train_acc=54.93% test_acc=44.94% best=45.43% lr=0.00027837079 time=13.1s est_300=1h 03m 14s
[OURS:ConViT-Ti][142/300] loss=22.2404 ce=1.9016 guidance=8.1355 beta=2.50 train_acc=55.37% test_acc=45.88% best=45.88% lr=0.00027579181 time=13.6s est_300=1h 03m 16s
[OURS:ConViT-Ti][143/300] loss=22.1507 ce=1.8780 guidance=8.1091 beta=2.50 train_acc=55.47% test_acc=45.46% best=45.88% lr=0.00027321027 time=13.2s est_300=1h 03m 17s
[OURS:ConViT-Ti][144/300] loss=1.9716 ce=1.9716 guidance=0.0000 beta=0.00 train_acc=53.82% test_acc=43.61% best=45.88% lr=0.00027062645 time=10.9s est_300=1h 03m 13s
[OURS:ConViT-Ti][145/300] loss=1.9658 ce=1.9658 guidance=0.0000 beta=0.00 train_acc=53.72% test_acc=44.96% best=45.88% lr=0.00026804065 time=11.0s est_300=1h 03m 10s
[OURS:ConViT-Ti][146/300] loss=1.9417 ce=1.9417 guidance=0.0000 beta=0.00 train_acc=53.45% test_acc=44.22% best=45.88% lr=0.00026545315 time=11.1s est_300=1h 03m 07s
[OURS:ConViT-Ti][147/300] loss=1.9520 ce=1.9520 guidance=0.0000 beta=0.00 train_acc=54.03% test_acc=43.70% best=45.88% lr=0.00026286422 time=11.6s est_300=1h 03m 05s
[OURS:ConViT-Ti][148/300] loss=1.9229 ce=1.9229 guidance=0.0000 beta=0.00 train_acc=54.16% test_acc=44.77% best=45.88% lr=0.00026027416 time=11.1s est_300=1h 03m 02s
[OURS:ConViT-Ti][149/300] loss=1.8878 ce=1.8878 guidance=0.0000 beta=0.00 train_acc=54.77% test_acc=44.70% best=45.88% lr=0.00025768325 time=12.9s est_300=1h 03m 02s
[OURS:ConViT-Ti][150/300] loss=1.8765 ce=1.8765 guidance=0.0000 beta=0.00 train_acc=55.76% test_acc=44.46% best=45.88% lr=0.00025509177 time=12.4s est_300=1h 03m 02s
[OURS:ConViT-Ti][151/300] loss=1.8535 ce=1.8535 guidance=0.0000 beta=0.00 train_acc=56.44% test_acc=46.15% best=46.15% lr=0.0002525 time=11.0s est_300=1h 02m 59s
[OURS:ConViT-Ti][152/300] loss=1.8231 ce=1.8231 guidance=0.0000 beta=0.00 train_acc=56.49% test_acc=45.08% best=46.15% lr=0.00024990823 time=12.6s est_300=1h 02m 59s
[OURS:ConViT-Ti][153/300] loss=1.8418 ce=1.8418 guidance=0.0000 beta=0.00 train_acc=56.52% test_acc=45.37% best=46.15% lr=0.00024731675 time=12.6s est_300=1h 02m 59s
[OURS:ConViT-Ti][154/300] loss=1.7940 ce=1.7940 guidance=0.0000 beta=0.00 train_acc=57.98% test_acc=44.80% best=46.15% lr=0.00024472584 time=13.2s est_300=1h 03m 00s
[OURS:ConViT-Ti][155/300] loss=1.8034 ce=1.8034 guidance=0.0000 beta=0.00 train_acc=56.49% test_acc=45.39% best=46.15% lr=0.00024213578 time=11.8s est_300=1h 02m 58s
[OURS:ConViT-Ti][156/300] loss=1.8300 ce=1.8300 guidance=0.0000 beta=0.00 train_acc=56.66% test_acc=45.53% best=46.15% lr=0.00023954685 time=11.1s est_300=1h 02m 55s
[OURS:ConViT-Ti][157/300] loss=1.8052 ce=1.8052 guidance=0.0000 beta=0.00 train_acc=57.01% test_acc=46.34% best=46.34% lr=0.00023695935 time=11.2s est_300=1h 02m 53s
[OURS:ConViT-Ti][158/300] loss=1.7916 ce=1.7916 guidance=0.0000 beta=0.00 train_acc=57.61% test_acc=46.34% best=46.34% lr=0.00023437355 time=11.1s est_300=1h 02m 50s
[OURS:ConViT-Ti][159/300] loss=1.7392 ce=1.7392 guidance=0.0000 beta=0.00 train_acc=58.81% test_acc=45.34% best=46.34% lr=0.00023178973 time=11.0s est_300=1h 02m 47s
[OURS:ConViT-Ti][160/300] loss=1.7837 ce=1.7837 guidance=0.0000 beta=0.00 train_acc=58.10% test_acc=46.05% best=46.34% lr=0.00022920819 time=11.8s est_300=1h 02m 45s
[OURS:ConViT-Ti][161/300] loss=1.7419 ce=1.7419 guidance=0.0000 beta=0.00 train_acc=58.47% test_acc=46.01% best=46.34% lr=0.00022662921 time=13.1s est_300=1h 02m 46s
[OURS:ConViT-Ti][162/300] loss=1.7779 ce=1.7779 guidance=0.0000 beta=0.00 train_acc=58.39% test_acc=44.91% best=46.34% lr=0.00022405306 time=11.6s est_300=1h 02m 45s
[OURS:ConViT-Ti][163/300] loss=1.7448 ce=1.7448 guidance=0.0000 beta=0.00 train_acc=58.56% test_acc=46.76% best=46.76% lr=0.00022148002 time=12.5s est_300=1h 02m 45s
[OURS:ConViT-Ti][164/300] loss=1.7191 ce=1.7191 guidance=0.0000 beta=0.00 train_acc=59.07% test_acc=46.13% best=46.76% lr=0.0002189104 time=12.6s est_300=1h 02m 45s
[OURS:ConViT-Ti][165/300] loss=1.7024 ce=1.7024 guidance=0.0000 beta=0.00 train_acc=59.36% test_acc=45.88% best=46.76% lr=0.00021634445 time=12.5s est_300=1h 02m 45s
[OURS:ConViT-Ti][166/300] loss=1.6824 ce=1.6824 guidance=0.0000 beta=0.00 train_acc=60.36% test_acc=46.24% best=46.76% lr=0.00021378247 time=12.1s est_300=1h 02m 44s
[OURS:ConViT-Ti][167/300] loss=1.6838 ce=1.6838 guidance=0.0000 beta=0.00 train_acc=60.50% test_acc=46.95% best=46.95% lr=0.00021122474 time=12.2s est_300=1h 02m 43s
[OURS:ConViT-Ti][168/300] loss=1.7133 ce=1.7133 guidance=0.0000 beta=0.00 train_acc=59.66% test_acc=47.60% best=47.60% lr=0.00020867153 time=11.7s est_300=1h 02m 42s
[OURS:ConViT-Ti][169/300] loss=1.6620 ce=1.6620 guidance=0.0000 beta=0.00 train_acc=60.95% test_acc=46.32% best=47.60% lr=0.00020612312 time=11.6s est_300=1h 02m 40s
[OURS:ConViT-Ti][170/300] loss=1.7201 ce=1.7201 guidance=0.0000 beta=0.00 train_acc=59.63% test_acc=46.91% best=47.60% lr=0.00020357981 time=12.8s est_300=1h 02m 41s
[OURS:ConViT-Ti][171/300] loss=1.6714 ce=1.6714 guidance=0.0000 beta=0.00 train_acc=60.33% test_acc=46.27% best=47.60% lr=0.00020104186 time=12.0s est_300=1h 02m 40s
[OURS:ConViT-Ti][172/300] loss=1.6465 ce=1.6465 guidance=0.0000 beta=0.00 train_acc=61.68% test_acc=46.34% best=47.60% lr=0.00019850955 time=11.9s est_300=1h 02m 38s
[OURS:ConViT-Ti][173/300] loss=1.6483 ce=1.6483 guidance=0.0000 beta=0.00 train_acc=61.67% test_acc=47.31% best=47.60% lr=0.00019598316 time=11.5s est_300=1h 02m 37s
[OURS:ConViT-Ti][174/300] loss=1.6366 ce=1.6366 guidance=0.0000 beta=0.00 train_acc=61.33% test_acc=47.12% best=47.60% lr=0.00019346297 time=11.2s est_300=1h 02m 34s
[OURS:ConViT-Ti][175/300] loss=1.5725 ce=1.5725 guidance=0.0000 beta=0.00 train_acc=62.64% test_acc=47.12% best=47.60% lr=0.00019094925 time=13.4s est_300=1h 02m 36s
[OURS:ConViT-Ti][176/300] loss=1.6019 ce=1.6019 guidance=0.0000 beta=0.00 train_acc=62.28% test_acc=47.48% best=47.60% lr=0.00018844229 time=10.9s est_300=1h 02m 33s
[OURS:ConViT-Ti][177/300] loss=1.6195 ce=1.6195 guidance=0.0000 beta=0.00 train_acc=62.13% test_acc=47.64% best=47.64% lr=0.00018594234 time=11.0s est_300=1h 02m 31s
[OURS:ConViT-Ti][178/300] loss=1.5969 ce=1.5969 guidance=0.0000 beta=0.00 train_acc=62.35% test_acc=46.15% best=47.64% lr=0.0001834497 time=11.8s est_300=1h 02m 29s
[OURS:ConViT-Ti][179/300] loss=1.5894 ce=1.5894 guidance=0.0000 beta=0.00 train_acc=62.40% test_acc=47.19% best=47.64% lr=0.00018096463 time=12.9s est_300=1h 02m 30s
[OURS:ConViT-Ti][180/300] loss=1.5470 ce=1.5470 guidance=0.0000 beta=0.00 train_acc=63.23% test_acc=48.19% best=48.19% lr=0.0001784874 time=11.5s est_300=1h 02m 28s
[OURS:ConViT-Ti][181/300] loss=1.5990 ce=1.5990 guidance=0.0000 beta=0.00 train_acc=61.87% test_acc=47.88% best=48.19% lr=0.00017601829 time=11.0s est_300=1h 02m 26s
[OURS:ConViT-Ti][182/300] loss=1.5500 ce=1.5500 guidance=0.0000 beta=0.00 train_acc=63.65% test_acc=45.60% best=48.19% lr=0.00017355757 time=11.7s est_300=1h 02m 25s
[OURS:ConViT-Ti][183/300] loss=1.5823 ce=1.5823 guidance=0.0000 beta=0.00 train_acc=61.85% test_acc=46.76% best=48.19% lr=0.0001711055 time=11.8s est_300=1h 02m 23s
[OURS:ConViT-Ti][184/300] loss=1.5451 ce=1.5451 guidance=0.0000 beta=0.00 train_acc=63.79% test_acc=47.67% best=48.19% lr=0.00016866236 time=11.5s est_300=1h 02m 22s
[OURS:ConViT-Ti][185/300] loss=1.5422 ce=1.5422 guidance=0.0000 beta=0.00 train_acc=63.06% test_acc=46.53% best=48.19% lr=0.00016622842 time=11.7s est_300=1h 02m 21s
[OURS:ConViT-Ti][186/300] loss=1.5552 ce=1.5552 guidance=0.0000 beta=0.00 train_acc=63.23% test_acc=48.81% best=48.81% lr=0.00016380393 time=11.7s est_300=1h 02m 19s
[OURS:ConViT-Ti][187/300] loss=1.4911 ce=1.4911 guidance=0.0000 beta=0.00 train_acc=64.69% test_acc=47.34% best=48.81% lr=0.00016138917 time=11.8s est_300=1h 02m 18s
[OURS:ConViT-Ti][188/300] loss=1.5362 ce=1.5362 guidance=0.0000 beta=0.00 train_acc=63.50% test_acc=48.33% best=48.81% lr=0.00015898441 time=12.7s est_300=1h 02m 19s
[OURS:ConViT-Ti][189/300] loss=1.5113 ce=1.5113 guidance=0.0000 beta=0.00 train_acc=64.40% test_acc=48.84% best=48.84% lr=0.00015658989 time=13.0s est_300=1h 02m 20s
[OURS:ConViT-Ti][190/300] loss=1.4911 ce=1.4911 guidance=0.0000 beta=0.00 train_acc=64.57% test_acc=48.71% best=48.84% lr=0.0001542059 time=12.2s est_300=1h 02m 19s
[OURS:ConViT-Ti][191/300] loss=1.4945 ce=1.4945 guidance=0.0000 beta=0.00 train_acc=65.12% test_acc=47.60% best=48.84% lr=0.00015183268 time=11.6s est_300=1h 02m 18s
[OURS:ConViT-Ti][192/300] loss=1.4484 ce=1.4484 guidance=0.0000 beta=0.00 train_acc=65.61% test_acc=47.74% best=48.84% lr=0.0001494705 time=12.1s est_300=1h 02m 17s
[OURS:ConViT-Ti][193/300] loss=1.4944 ce=1.4944 guidance=0.0000 beta=0.00 train_acc=64.13% test_acc=47.01% best=48.84% lr=0.00014711963 time=11.1s est_300=1h 02m 15s
[OURS:ConViT-Ti][194/300] loss=1.4564 ce=1.4564 guidance=0.0000 beta=0.00 train_acc=65.29% test_acc=48.84% best=48.84% lr=0.0001447803 time=11.1s est_300=1h 02m 13s
[OURS:ConViT-Ti][195/300] loss=1.4971 ce=1.4971 guidance=0.0000 beta=0.00 train_acc=64.45% test_acc=49.19% best=49.19% lr=0.00014245279 time=12.6s est_300=1h 02m 13s
[OURS:ConViT-Ti][196/300] loss=1.4310 ce=1.4310 guidance=0.0000 beta=0.00 train_acc=66.03% test_acc=48.71% best=49.19% lr=0.00014013735 time=11.5s est_300=1h 02m 12s
[OURS:ConViT-Ti][197/300] loss=1.4266 ce=1.4266 guidance=0.0000 beta=0.00 train_acc=66.19% test_acc=47.60% best=49.19% lr=0.00013783423 time=11.0s est_300=1h 02m 10s
[OURS:ConViT-Ti][198/300] loss=1.4420 ce=1.4420 guidance=0.0000 beta=0.00 train_acc=65.34% test_acc=48.45% best=49.19% lr=0.00013554369 time=13.4s est_300=1h 02m 11s
[OURS:ConViT-Ti][199/300] loss=1.4380 ce=1.4380 guidance=0.0000 beta=0.00 train_acc=66.32% test_acc=48.60% best=49.19% lr=0.00013326597 time=12.6s est_300=1h 02m 12s
[OURS:ConViT-Ti][200/300] loss=1.4117 ce=1.4117 guidance=0.0000 beta=0.00 train_acc=66.92% test_acc=49.28% best=49.28% lr=0.00013100132 time=11.1s est_300=1h 02m 09s
[OURS:ConViT-Ti][201/300] loss=1.4259 ce=1.4259 guidance=0.0000 beta=0.00 train_acc=66.49% test_acc=49.34% best=49.34% lr=0.00012875 time=13.5s est_300=1h 02m 11s
[OURS:ConViT-Ti][202/300] loss=1.4277 ce=1.4277 guidance=0.0000 beta=0.00 train_acc=65.64% test_acc=48.88% best=49.34% lr=0.00012651225 time=13.2s est_300=1h 02m 12s
[OURS:ConViT-Ti][203/300] loss=1.4186 ce=1.4186 guidance=0.0000 beta=0.00 train_acc=66.10% test_acc=48.72% best=49.34% lr=0.00012428832 time=11.6s est_300=1h 02m 11s
[OURS:ConViT-Ti][204/300] loss=1.4091 ce=1.4091 guidance=0.0000 beta=0.00 train_acc=66.15% test_acc=48.96% best=49.34% lr=0.00012207844 time=10.9s est_300=1h 02m 09s
[OURS:ConViT-Ti][205/300] loss=1.3635 ce=1.3635 guidance=0.0000 beta=0.00 train_acc=68.05% test_acc=48.84% best=49.34% lr=0.00011988287 time=12.2s est_300=1h 02m 08s
[OURS:ConViT-Ti][206/300] loss=1.3972 ce=1.3972 guidance=0.0000 beta=0.00 train_acc=67.54% test_acc=49.19% best=49.34% lr=0.00011770184 time=11.9s est_300=1h 02m 07s
[OURS:ConViT-Ti][207/300] loss=1.3655 ce=1.3655 guidance=0.0000 beta=0.00 train_acc=67.53% test_acc=49.00% best=49.34% lr=0.00011553559 time=13.6s est_300=1h 02m 09s
[OURS:ConViT-Ti][208/300] loss=1.4079 ce=1.4079 guidance=0.0000 beta=0.00 train_acc=66.42% test_acc=49.07% best=49.34% lr=0.00011338436 time=11.9s est_300=1h 02m 08s
[OURS:ConViT-Ti][209/300] loss=1.4189 ce=1.4189 guidance=0.0000 beta=0.00 train_acc=66.51% test_acc=49.36% best=49.36% lr=0.00011124839 time=12.4s est_300=1h 02m 08s
[OURS:ConViT-Ti][210/300] loss=1.3376 ce=1.3376 guidance=0.0000 beta=0.00 train_acc=69.07% test_acc=49.67% best=49.67% lr=0.00010912791 time=12.0s est_300=1h 02m 08s
[OURS:ConViT-Ti][211/300] loss=1.3531 ce=1.3531 guidance=0.0000 beta=0.00 train_acc=67.37% test_acc=48.39% best=49.67% lr=0.00010702315 time=12.3s est_300=1h 02m 08s
[OURS:ConViT-Ti][212/300] loss=1.3068 ce=1.3068 guidance=0.0000 beta=0.00 train_acc=69.14% test_acc=47.76% best=49.67% lr=0.00010493434 time=13.8s est_300=1h 02m 10s
[OURS:ConViT-Ti][213/300] loss=1.4120 ce=1.4120 guidance=0.0000 beta=0.00 train_acc=66.92% test_acc=49.26% best=49.67% lr=0.00010286172 time=13.2s est_300=1h 02m 11s
[OURS:ConViT-Ti][214/300] loss=1.3614 ce=1.3614 guidance=0.0000 beta=0.00 train_acc=67.92% test_acc=47.50% best=49.67% lr=0.0001008055 time=12.0s est_300=1h 02m 10s
[OURS:ConViT-Ti][215/300] loss=1.3466 ce=1.3466 guidance=0.0000 beta=0.00 train_acc=68.44% test_acc=49.33% best=49.67% lr=9.8765924e-05 time=12.8s est_300=1h 02m 11s
[OURS:ConViT-Ti][216/300] loss=1.3103 ce=1.3103 guidance=0.0000 beta=0.00 train_acc=69.23% test_acc=48.53% best=49.67% lr=9.6743203e-05 time=12.3s est_300=1h 02m 10s
[OURS:ConViT-Ti][217/300] loss=1.3096 ce=1.3096 guidance=0.0000 beta=0.00 train_acc=69.84% test_acc=49.81% best=49.81% lr=9.4737563e-05 time=12.9s est_300=1h 02m 11s
[OURS:ConViT-Ti][218/300] loss=1.2988 ce=1.2988 guidance=0.0000 beta=0.00 train_acc=69.87% test_acc=49.64% best=49.81% lr=9.2749222e-05 time=12.6s est_300=1h 02m 11s
[OURS:ConViT-Ti][219/300] loss=1.3057 ce=1.3057 guidance=0.0000 beta=0.00 train_acc=69.33% test_acc=49.21% best=49.81% lr=9.0778401e-05 time=11.0s est_300=1h 02m 09s
[OURS:ConViT-Ti][220/300] loss=1.2905 ce=1.2905 guidance=0.0000 beta=0.00 train_acc=69.74% test_acc=48.76% best=49.81% lr=8.8825313e-05 time=12.8s est_300=1h 02m 10s
[OURS:ConViT-Ti][221/300] loss=1.2678 ce=1.2678 guidance=0.0000 beta=0.00 train_acc=70.69% test_acc=49.83% best=49.83% lr=8.6890175e-05 time=11.4s est_300=1h 02m 08s
[OURS:ConViT-Ti][222/300] loss=1.2823 ce=1.2823 guidance=0.0000 beta=0.00 train_acc=69.82% test_acc=50.24% best=50.24% lr=8.4973198e-05 time=12.7s est_300=1h 02m 09s
[OURS:ConViT-Ti][223/300] loss=1.2789 ce=1.2789 guidance=0.0000 beta=0.00 train_acc=69.62% test_acc=48.88% best=50.24% lr=8.3074591e-05 time=14.7s est_300=1h 02m 12s
[OURS:ConViT-Ti][224/300] loss=1.2734 ce=1.2734 guidance=0.0000 beta=0.00 train_acc=70.33% test_acc=50.48% best=50.48% lr=8.1194564e-05 time=13.2s est_300=1h 02m 13s
[OURS:ConViT-Ti][225/300] loss=1.2646 ce=1.2646 guidance=0.0000 beta=0.00 train_acc=70.11% test_acc=49.90% best=50.48% lr=7.9333323e-05 time=13.1s est_300=1h 02m 14s
[OURS:ConViT-Ti][226/300] loss=1.2758 ce=1.2758 guidance=0.0000 beta=0.00 train_acc=70.36% test_acc=49.38% best=50.48% lr=7.7491072e-05 time=13.5s est_300=1h 02m 15s
[OURS:ConViT-Ti][227/300] loss=1.2320 ce=1.2320 guidance=0.0000 beta=0.00 train_acc=70.91% test_acc=49.40% best=50.48% lr=7.5668012e-05 time=13.5s est_300=1h 02m 16s
[OURS:ConViT-Ti][228/300] loss=1.2378 ce=1.2378 guidance=0.0000 beta=0.00 train_acc=70.11% test_acc=49.71% best=50.48% lr=7.3864344e-05 time=12.7s est_300=1h 02m 17s
[OURS:ConViT-Ti][229/300] loss=1.2690 ce=1.2690 guidance=0.0000 beta=0.00 train_acc=69.80% test_acc=50.19% best=50.48% lr=7.2080265e-05 time=11.8s est_300=1h 02m 16s
[OURS:ConViT-Ti][230/300] loss=1.2642 ce=1.2642 guidance=0.0000 beta=0.00 train_acc=70.45% test_acc=49.83% best=50.48% lr=7.0315971e-05 time=12.2s est_300=1h 02m 16s
[OURS:ConViT-Ti][231/300] loss=1.2701 ce=1.2701 guidance=0.0000 beta=0.00 train_acc=70.36% test_acc=49.81% best=50.48% lr=6.8571656e-05 time=11.7s est_300=1h 02m 15s
[OURS:ConViT-Ti][232/300] loss=1.2598 ce=1.2598 guidance=0.0000 beta=0.00 train_acc=70.21% test_acc=49.52% best=50.48% lr=6.684751e-05 time=11.0s est_300=1h 02m 13s
[OURS:ConViT-Ti][233/300] loss=1.2701 ce=1.2701 guidance=0.0000 beta=0.00 train_acc=69.62% test_acc=50.54% best=50.54% lr=6.5143724e-05 time=11.1s est_300=1h 02m 11s
[OURS:ConViT-Ti][234/300] loss=1.2252 ce=1.2252 guidance=0.0000 beta=0.00 train_acc=71.13% test_acc=49.59% best=50.54% lr=6.3460483e-05 time=11.7s est_300=1h 02m 10s
[OURS:ConViT-Ti][235/300] loss=1.2193 ce=1.2193 guidance=0.0000 beta=0.00 train_acc=71.74% test_acc=49.93% best=50.54% lr=6.1797972e-05 time=11.9s est_300=1h 02m 09s
[OURS:ConViT-Ti][236/300] loss=1.1943 ce=1.1943 guidance=0.0000 beta=0.00 train_acc=71.37% test_acc=50.38% best=50.54% lr=6.0156375e-05 time=11.8s est_300=1h 02m 09s
[OURS:ConViT-Ti][237/300] loss=1.1894 ce=1.1894 guidance=0.0000 beta=0.00 train_acc=71.65% test_acc=50.43% best=50.54% lr=5.8535869e-05 time=11.8s est_300=1h 02m 08s
[OURS:ConViT-Ti][238/300] loss=1.2066 ce=1.2066 guidance=0.0000 beta=0.00 train_acc=71.16% test_acc=49.97% best=50.54% lr=5.6936634e-05 time=11.7s est_300=1h 02m 07s
[OURS:ConViT-Ti][239/300] loss=1.2209 ce=1.2209 guidance=0.0000 beta=0.00 train_acc=71.40% test_acc=49.60% best=50.54% lr=5.5358845e-05 time=11.7s est_300=1h 02m 06s
[OURS:ConViT-Ti][240/300] loss=1.1949 ce=1.1949 guidance=0.0000 beta=0.00 train_acc=71.50% test_acc=50.38% best=50.54% lr=5.3802675e-05 time=11.7s est_300=1h 02m 05s
[OURS:ConViT-Ti][241/300] loss=1.1983 ce=1.1983 guidance=0.0000 beta=0.00 train_acc=71.98% test_acc=50.00% best=50.54% lr=5.2268294e-05 time=13.5s est_300=1h 02m 07s
[OURS:ConViT-Ti][242/300] loss=1.1725 ce=1.1725 guidance=0.0000 beta=0.00 train_acc=72.69% test_acc=49.98% best=50.54% lr=5.0755871e-05 time=13.6s est_300=1h 02m 08s
[OURS:ConViT-Ti][243/300] loss=1.1780 ce=1.1780 guidance=0.0000 beta=0.00 train_acc=71.99% test_acc=49.78% best=50.54% lr=4.9265571e-05 time=12.3s est_300=1h 02m 08s
[OURS:ConViT-Ti][244/300] loss=1.1494 ce=1.1494 guidance=0.0000 beta=0.00 train_acc=73.32% test_acc=50.50% best=50.54% lr=4.7797558e-05 time=12.7s est_300=1h 02m 08s
[OURS:ConViT-Ti][245/300] loss=1.1828 ce=1.1828 guidance=0.0000 beta=0.00 train_acc=72.81% test_acc=50.26% best=50.54% lr=4.6351993e-05 time=13.3s est_300=1h 02m 09s
[OURS:ConViT-Ti][246/300] loss=1.1463 ce=1.1463 guidance=0.0000 beta=0.00 train_acc=72.71% test_acc=50.78% best=50.78% lr=4.4929034e-05 time=13.7s est_300=1h 02m 11s
[OURS:ConViT-Ti][247/300] loss=1.1245 ce=1.1245 guidance=0.0000 beta=0.00 train_acc=73.05% test_acc=50.38% best=50.78% lr=4.3528838e-05 time=13.5s est_300=1h 02m 12s
[OURS:ConViT-Ti][248/300] loss=1.1497 ce=1.1497 guidance=0.0000 beta=0.00 train_acc=73.37% test_acc=50.88% best=50.88% lr=4.2151558e-05 time=13.6s est_300=1h 02m 13s
[OURS:ConViT-Ti][249/300] loss=1.1407 ce=1.1407 guidance=0.0000 beta=0.00 train_acc=72.72% test_acc=50.26% best=50.88% lr=4.0797346e-05 time=13.5s est_300=1h 02m 15s
[OURS:ConViT-Ti][250/300] loss=1.1253 ce=1.1253 guidance=0.0000 beta=0.00 train_acc=73.27% test_acc=51.19% best=51.19% lr=3.9466348e-05 time=13.0s est_300=1h 02m 15s
[OURS:ConViT-Ti][251/300] loss=1.1510 ce=1.1510 guidance=0.0000 beta=0.00 train_acc=72.96% test_acc=51.31% best=51.31% lr=3.8158713e-05 time=14.2s est_300=1h 02m 17s
[OURS:ConViT-Ti][252/300] loss=1.1521 ce=1.1521 guidance=0.0000 beta=0.00 train_acc=73.25% test_acc=50.19% best=51.31% lr=3.6874582e-05 time=13.2s est_300=1h 02m 18s
[OURS:ConViT-Ti][253/300] loss=1.1178 ce=1.1178 guidance=0.0000 beta=0.00 train_acc=74.01% test_acc=50.98% best=51.31% lr=3.5614097e-05 time=12.8s est_300=1h 02m 19s
[OURS:ConViT-Ti][254/300] loss=1.1467 ce=1.1467 guidance=0.0000 beta=0.00 train_acc=73.01% test_acc=50.69% best=51.31% lr=3.4377396e-05 time=12.4s est_300=1h 02m 18s
[OURS:ConViT-Ti][255/300] loss=1.1405 ce=1.1405 guidance=0.0000 beta=0.00 train_acc=73.01% test_acc=51.02% best=51.31% lr=3.3164614e-05 time=11.9s est_300=1h 02m 18s
[OURS:ConViT-Ti][256/300] loss=1.1058 ce=1.1058 guidance=0.0000 beta=0.00 train_acc=74.05% test_acc=50.90% best=51.31% lr=3.1975885e-05 time=11.4s est_300=1h 02m 17s
[OURS:ConViT-Ti][257/300] loss=1.1275 ce=1.1275 guidance=0.0000 beta=0.00 train_acc=74.18% test_acc=51.47% best=51.47% lr=3.0811339e-05 time=11.9s est_300=1h 02m 16s
[OURS:ConViT-Ti][258/300] loss=1.1388 ce=1.1388 guidance=0.0000 beta=0.00 train_acc=73.05% test_acc=51.28% best=51.47% lr=2.9671104e-05 time=12.1s est_300=1h 02m 16s
[OURS:ConViT-Ti][259/300] loss=1.0823 ce=1.0823 guidance=0.0000 beta=0.00 train_acc=74.20% test_acc=50.67% best=51.47% lr=2.8555305e-05 time=13.6s est_300=1h 02m 17s
[OURS:ConViT-Ti][260/300] loss=1.1293 ce=1.1293 guidance=0.0000 beta=0.00 train_acc=73.27% test_acc=50.97% best=51.47% lr=2.7464063e-05 time=13.0s est_300=1h 02m 17s
[OURS:ConViT-Ti][261/300] loss=1.0954 ce=1.0954 guidance=0.0000 beta=0.00 train_acc=73.56% test_acc=50.59% best=51.47% lr=2.6397499e-05 time=11.8s est_300=1h 02m 17s
[OURS:ConViT-Ti][262/300] loss=1.0911 ce=1.0911 guidance=0.0000 beta=0.00 train_acc=74.46% test_acc=50.71% best=51.47% lr=2.535573e-05 time=11.1s est_300=1h 02m 15s
[OURS:ConViT-Ti][263/300] loss=1.0974 ce=1.0974 guidance=0.0000 beta=0.00 train_acc=73.91% test_acc=50.97% best=51.47% lr=2.433887e-05 time=11.6s est_300=1h 02m 14s
[OURS:ConViT-Ti][264/300] loss=1.0993 ce=1.0993 guidance=0.0000 beta=0.00 train_acc=73.85% test_acc=50.85% best=51.47% lr=2.334703e-05 time=13.3s est_300=1h 02m 15s
[OURS:ConViT-Ti][265/300] loss=1.0615 ce=1.0615 guidance=0.0000 beta=0.00 train_acc=74.93% test_acc=50.71% best=51.47% lr=2.238032e-05 time=13.5s est_300=1h 02m 16s
[OURS:ConViT-Ti][266/300] loss=1.1204 ce=1.1204 guidance=0.0000 beta=0.00 train_acc=72.88% test_acc=50.97% best=51.47% lr=2.1438844e-05 time=13.8s est_300=1h 02m 18s
[OURS:ConViT-Ti][267/300] loss=1.0870 ce=1.0870 guidance=0.0000 beta=0.00 train_acc=74.46% test_acc=50.78% best=51.47% lr=2.0522708e-05 time=13.2s est_300=1h 02m 19s
[OURS:ConViT-Ti][268/300] loss=1.0669 ce=1.0669 guidance=0.0000 beta=0.00 train_acc=74.97% test_acc=51.02% best=51.47% lr=1.963201e-05 time=12.7s est_300=1h 02m 19s
[OURS:ConViT-Ti][269/300] loss=1.0983 ce=1.0983 guidance=0.0000 beta=0.00 train_acc=74.47% test_acc=51.09% best=51.47% lr=1.8766848e-05 time=13.8s est_300=1h 02m 20s
[OURS:ConViT-Ti][270/300] loss=1.1073 ce=1.1073 guidance=0.0000 beta=0.00 train_acc=73.95% test_acc=50.72% best=51.47% lr=1.7927319e-05 time=14.3s est_300=1h 02m 22s
[OURS:ConViT-Ti][271/300] loss=1.0905 ce=1.0905 guidance=0.0000 beta=0.00 train_acc=74.80% test_acc=51.05% best=51.47% lr=1.7113512e-05 time=14.2s est_300=1h 02m 24s
[OURS:ConViT-Ti][272/300] loss=1.0792 ce=1.0792 guidance=0.0000 beta=0.00 train_acc=74.20% test_acc=50.90% best=51.47% lr=1.6325519e-05 time=13.1s est_300=1h 02m 25s
[OURS:ConViT-Ti][273/300] loss=1.1022 ce=1.1022 guidance=0.0000 beta=0.00 train_acc=74.37% test_acc=50.97% best=51.47% lr=1.5563424e-05 time=11.8s est_300=1h 02m 24s
[OURS:ConViT-Ti][274/300] loss=1.0676 ce=1.0676 guidance=0.0000 beta=0.00 train_acc=74.73% test_acc=51.04% best=51.47% lr=1.4827313e-05 time=13.5s est_300=1h 02m 25s
[OURS:ConViT-Ti][275/300] loss=1.1106 ce=1.1106 guidance=0.0000 beta=0.00 train_acc=74.35% test_acc=50.83% best=51.47% lr=1.4117265e-05 time=13.5s est_300=1h 02m 26s
[OURS:ConViT-Ti][276/300] loss=1.1081 ce=1.1081 guidance=0.0000 beta=0.00 train_acc=74.56% test_acc=51.16% best=51.47% lr=1.3433358e-05 time=13.4s est_300=1h 02m 27s
[OURS:ConViT-Ti][277/300] loss=1.0587 ce=1.0587 guidance=0.0000 beta=0.00 train_acc=74.88% test_acc=51.26% best=51.47% lr=1.2775668e-05 time=12.9s est_300=1h 02m 28s
[OURS:ConViT-Ti][278/300] loss=1.0914 ce=1.0914 guidance=0.0000 beta=0.00 train_acc=73.95% test_acc=51.05% best=51.47% lr=1.2144266e-05 time=12.6s est_300=1h 02m 28s
[OURS:ConViT-Ti][279/300] loss=1.1031 ce=1.1031 guidance=0.0000 beta=0.00 train_acc=73.90% test_acc=51.05% best=51.47% lr=1.1539222e-05 time=12.4s est_300=1h 02m 28s
[OURS:ConViT-Ti][280/300] loss=1.1164 ce=1.1164 guidance=0.0000 beta=0.00 train_acc=74.25% test_acc=50.91% best=51.47% lr=1.0960601e-05 time=11.5s est_300=1h 02m 27s
[OURS:ConViT-Ti][281/300] loss=1.0663 ce=1.0663 guidance=0.0000 beta=0.00 train_acc=74.78% test_acc=51.28% best=51.47% lr=1.0408469e-05 time=11.8s est_300=1h 02m 26s
[OURS:ConViT-Ti][282/300] loss=1.1327 ce=1.1327 guidance=0.0000 beta=0.00 train_acc=73.49% test_acc=51.16% best=51.47% lr=9.8828843e-06 time=11.7s est_300=1h 02m 25s
[OURS:ConViT-Ti][283/300] loss=1.0720 ce=1.0720 guidance=0.0000 beta=0.00 train_acc=74.98% test_acc=51.07% best=51.47% lr=9.3839054e-06 time=12.4s est_300=1h 02m 25s
[OURS:ConViT-Ti][284/300] loss=1.0912 ce=1.0912 guidance=0.0000 beta=0.00 train_acc=74.39% test_acc=51.38% best=51.47% lr=8.911587e-06 time=12.7s est_300=1h 02m 25s
[OURS:ConViT-Ti][285/300] loss=1.0677 ce=1.0677 guidance=0.0000 beta=0.00 train_acc=74.81% test_acc=51.09% best=51.47% lr=8.4659808e-06 time=12.4s est_300=1h 02m 25s
[OURS:ConViT-Ti][286/300] loss=1.0958 ce=1.0958 guidance=0.0000 beta=0.00 train_acc=74.24% test_acc=51.47% best=51.47% lr=8.0471357e-06 time=12.8s est_300=1h 02m 25s
[OURS:ConViT-Ti][287/300] loss=1.0703 ce=1.0703 guidance=0.0000 beta=0.00 train_acc=74.42% test_acc=51.28% best=51.47% lr=7.6550976e-06 time=11.8s est_300=1h 02m 25s
[OURS:ConViT-Ti][288/300] loss=1.0495 ce=1.0495 guidance=0.0000 beta=0.00 train_acc=75.25% test_acc=51.24% best=51.47% lr=7.2899095e-06 time=12.3s est_300=1h 02m 25s
[OURS:ConViT-Ti][289/300] loss=1.0778 ce=1.0778 guidance=0.0000 beta=0.00 train_acc=74.66% test_acc=51.67% best=51.67% lr=6.9516114e-06 time=12.4s est_300=1h 02m 25s
[OURS:ConViT-Ti][290/300] loss=1.0782 ce=1.0782 guidance=0.0000 beta=0.00 train_acc=74.76% test_acc=51.48% best=51.67% lr=6.6402405e-06 time=12.3s est_300=1h 02m 24s
[OURS:ConViT-Ti][291/300] loss=1.1085 ce=1.1085 guidance=0.0000 beta=0.00 train_acc=74.39% test_acc=51.35% best=51.67% lr=6.3558309e-06 time=12.4s est_300=1h 02m 24s
[OURS:ConViT-Ti][292/300] loss=1.0166 ce=1.0166 guidance=0.0000 beta=0.00 train_acc=75.90% test_acc=51.43% best=51.67% lr=6.0984138e-06 time=13.0s est_300=1h 02m 25s
[OURS:ConViT-Ti][293/300] loss=1.0317 ce=1.0317 guidance=0.0000 beta=0.00 train_acc=75.39% test_acc=51.47% best=51.67% lr=5.8680173e-06 time=12.0s est_300=1h 02m 24s
[OURS:ConViT-Ti][294/300] loss=1.0709 ce=1.0709 guidance=0.0000 beta=0.00 train_acc=74.08% test_acc=51.43% best=51.67% lr=5.6646669e-06 time=11.7s est_300=1h 02m 24s
[OURS:ConViT-Ti][295/300] loss=1.0662 ce=1.0662 guidance=0.0000 beta=0.00 train_acc=75.29% test_acc=51.73% best=51.73% lr=5.4883847e-06 time=14.2s est_300=1h 02m 25s
[OURS:ConViT-Ti][296/300] loss=1.0592 ce=1.0592 guidance=0.0000 beta=0.00 train_acc=74.92% test_acc=51.43% best=51.73% lr=5.3391901e-06 time=13.7s est_300=1h 02m 27s
[OURS:ConViT-Ti][297/300] loss=1.0517 ce=1.0517 guidance=0.0000 beta=0.00 train_acc=75.20% test_acc=51.61% best=51.73% lr=5.2170996e-06 time=13.0s est_300=1h 02m 27s
[OURS:ConViT-Ti][298/300] loss=1.0894 ce=1.0894 guidance=0.0000 beta=0.00 train_acc=74.54% test_acc=51.42% best=51.73% lr=5.1221263e-06 time=13.3s est_300=1h 02m 28s
[OURS:ConViT-Ti][299/300] loss=1.0680 ce=1.0680 guidance=0.0000 beta=0.00 train_acc=74.88% test_acc=51.19% best=51.73% lr=5.0542808e-06 time=12.7s est_300=1h 02m 28s
[OURS:ConViT-Ti][300/300] loss=1.0511 ce=1.0511 guidance=0.0000 beta=0.00 train_acc=75.07% test_acc=51.35% best=51.73% lr=5.0135706e-06 time=13.3s est_300=1h 02m 29s
[TIMING_RESULT] student=ConViT-Ti method=OURS batch=128 avg_epoch=12.50s estimated_300=1h 02m 29s
[FINAL_RESULT] summary=/app/output/table1_cub200_convit_all_full_seed1/students/table1_cub200_convit_ti_ours_b128_full_300ep_seed1/summary.json
[DONE] Table-1 CUB student task completed successfully.
[STUDENT_IDENTITY_CHECK_TABLE1_CUB200] status=PASS student=ConViT-Ti method=OursB128 batch=128 teacher=06f75192b1c108c89e480843cb4f72dfb28aa762d7b11e7ac327333dd54b51f5
[TASK_DONE] 5/5 ConViT-Ti/OursB128 elapsed=1h 02m 54s
================================================================================================
[FINAL_TOP1_SUMMARY_TABLE1_CUB200_BACKBONE_ALL] student=ConViT-Ti Teacher=36.40% Vanilla=22.94% LG=45.55% ALG=51.05% OursB64=53.18% OursB128=51.73%
[SEQUENCE_DONE_TABLE1_CUB200_BACKBONE_ALL] student=ConViT-Ti completed_tasks=5/5
[FINAL_RESULT] summary=/app/output/table1_cub200_convit_all_full_seed1/final_summary.json
