================================================================================================
CUB-200 224 SCRATCH FAMILY: TEACHER -> VANILLA128 -> LG -> ALG -> VANILLA64 -> OURS
================================================================================================
[MODE] full
[PROTOCOL_FAMILY] cub200_resnet50_224_scratch separate_from=cub200_resnet56_32_scratch,cub200_common_transfer_resnet50_224
[RESOLUTION_LOCK] teacher_input=224 student_input=224 no_32px_teacher=True
[PRETRAINING_LOCK] teacher_pretrained=False all_students_pretrained=False
[CONTROLLED_ABLATION] relative_to_resnet50_224_transfer_family=teacher_initialization_only
[VANILLA_BASELINES] LG/ALG_compare_to=VanillaB128 Ours_compare_to=VanillaB64 teacher_used=False
[FEATURE_CONTRACT] teacher=ResNet50 stages=(layer2,layer3,layer4) channels=(512,1024,2048) grids=(28,14,7)
[PATH] data_dir=/app/scratch/input/bapedragon_519/data/cub200
[PATH] output_root=/app/output/cub200_resnet50_224_scratch_all_full_seed1
[COMMAND][teacher] /usr/bin/python teachers/train_teacher_cub200_resnet50_224.py --data-dir data/cub200 --output-dir /app/output/cub200_resnet50_224_scratch_all_full_seed1/teacher_resnet50_224_scratch --run-name teacher_cub200_resnet50_224_scratch_200ep_seed1 --initialization scratch --num-workers 4
[BOOT] Python process started: /usr/bin/python
[BOOT] timm not found; installing timm==1.0.27
Collecting timm==1.0.27
  Downloading timm-1.0.27-py3-none-any.whl.metadata (40 kB)
Requirement already satisfied: torch in /usr/local/lib/python3.10/dist-packages (from timm==1.0.27) (2.11.0)
Requirement already satisfied: torchvision in /usr/local/lib/python3.10/dist-packages (from timm==1.0.27) (0.26.0)
Requirement already satisfied: pyyaml in /usr/local/lib/python3.10/dist-packages (from timm==1.0.27) (6.0.3)
Requirement already satisfied: huggingface_hub in /usr/local/lib/python3.10/dist-packages (from timm==1.0.27) (1.17.0)
Requirement already satisfied: safetensors in /usr/local/lib/python3.10/dist-packages (from timm==1.0.27) (0.7.0)
Requirement already satisfied: click>=8.4.0 in /usr/local/lib/python3.10/dist-packages (from huggingface_hub->timm==1.0.27) (8.4.1)
Requirement already satisfied: filelock>=3.10.0 in /usr/local/lib/python3.10/dist-packages (from huggingface_hub->timm==1.0.27) (3.29.0)
Requirement already satisfied: fsspec>=2023.5.0 in /usr/local/lib/python3.10/dist-packages (from huggingface_hub->timm==1.0.27) (2026.2.0)
Requirement already satisfied: hf-xet<2.0.0,>=1.4.3 in /usr/local/lib/python3.10/dist-packages (from huggingface_hub->timm==1.0.27) (1.5.0)
Requirement already satisfied: httpx<1,>=0.23.0 in /usr/local/lib/python3.10/dist-packages (from huggingface_hub->timm==1.0.27) (0.28.1)
Requirement already satisfied: packaging>=20.9 in /usr/local/lib/python3.10/dist-packages (from huggingface_hub->timm==1.0.27) (26.2)
Requirement already satisfied: tqdm>=4.42.1 in /usr/local/lib/python3.10/dist-packages (from huggingface_hub->timm==1.0.27) (4.67.3)
Requirement already satisfied: typer<0.26.0,>=0.20.0 in /usr/local/lib/python3.10/dist-packages (from huggingface_hub->timm==1.0.27) (0.25.1)
Requirement already satisfied: typing-extensions>=4.1.0 in /usr/local/lib/python3.10/dist-packages (from huggingface_hub->timm==1.0.27) (4.15.0)
Requirement already satisfied: anyio in /usr/local/lib/python3.10/dist-packages (from httpx<1,>=0.23.0->huggingface_hub->timm==1.0.27) (4.13.0)
Requirement already satisfied: certifi in /usr/local/lib/python3.10/dist-packages (from httpx<1,>=0.23.0->huggingface_hub->timm==1.0.27) (2026.5.20)
Requirement already satisfied: httpcore==1.* in /usr/local/lib/python3.10/dist-packages (from httpx<1,>=0.23.0->huggingface_hub->timm==1.0.27) (1.0.9)
Requirement already satisfied: idna in /usr/local/lib/python3.10/dist-packages (from httpx<1,>=0.23.0->huggingface_hub->timm==1.0.27) (3.18)
Requirement already satisfied: h11>=0.16 in /usr/local/lib/python3.10/dist-packages (from httpcore==1.*->httpx<1,>=0.23.0->huggingface_hub->timm==1.0.27) (0.16.0)
Requirement already satisfied: shellingham>=1.3.0 in /usr/local/lib/python3.10/dist-packages (from typer<0.26.0,>=0.20.0->huggingface_hub->timm==1.0.27) (1.5.4)
Requirement already satisfied: rich>=13.8.0 in /usr/local/lib/python3.10/dist-packages (from typer<0.26.0,>=0.20.0->huggingface_hub->timm==1.0.27) (15.0.0)
Requirement already satisfied: annotated-doc>=0.0.2 in /usr/local/lib/python3.10/dist-packages (from typer<0.26.0,>=0.20.0->huggingface_hub->timm==1.0.27) (0.0.4)
Requirement already satisfied: markdown-it-py>=2.2.0 in /usr/local/lib/python3.10/dist-packages (from rich>=13.8.0->typer<0.26.0,>=0.20.0->huggingface_hub->timm==1.0.27) (4.2.0)
Requirement already satisfied: pygments<3.0.0,>=2.13.0 in /usr/local/lib/python3.10/dist-packages (from rich>=13.8.0->typer<0.26.0,>=0.20.0->huggingface_hub->timm==1.0.27) (2.20.0)
Requirement already satisfied: mdurl~=0.1 in /usr/local/lib/python3.10/dist-packages (from markdown-it-py>=2.2.0->rich>=13.8.0->typer<0.26.0,>=0.20.0->huggingface_hub->timm==1.0.27) (0.1.2)
Requirement already satisfied: exceptiongroup>=1.0.2 in /usr/local/lib/python3.10/dist-packages (from anyio->httpx<1,>=0.23.0->huggingface_hub->timm==1.0.27) (1.3.1)
Requirement already satisfied: setuptools<82 in /usr/local/lib/python3.10/dist-packages (from torch->timm==1.0.27) (70.2.0)
Requirement already satisfied: sympy>=1.13.3 in /usr/local/lib/python3.10/dist-packages (from torch->timm==1.0.27) (1.14.0)
Requirement already satisfied: networkx>=2.5.1 in /usr/local/lib/python3.10/dist-packages (from torch->timm==1.0.27) (3.4.2)
Requirement already satisfied: jinja2 in /usr/local/lib/python3.10/dist-packages (from torch->timm==1.0.27) (3.1.6)
Requirement already satisfied: cuda-toolkit==13.0.2 in /usr/local/lib/python3.10/dist-packages (from cuda-toolkit[cublas,cudart,cufft,cufile,cupti,curand,cusolver,cusparse,nvjitlink,nvrtc,nvtx]==13.0.2; platform_system == "Linux"->torch->timm==1.0.27) (13.0.2)
Requirement already satisfied: cuda-bindings<14,>=13.0.3 in /usr/local/lib/python3.10/dist-packages (from torch->timm==1.0.27) (13.3.1)
Requirement already satisfied: nvidia-cudnn-cu13==9.19.0.56 in /usr/local/lib/python3.10/dist-packages (from torch->timm==1.0.27) (9.19.0.56)
Requirement already satisfied: nvidia-cusparselt-cu13==0.8.0 in /usr/local/lib/python3.10/dist-packages (from torch->timm==1.0.27) (0.8.0)
Requirement already satisfied: nvidia-nccl-cu13==2.28.9 in /usr/local/lib/python3.10/dist-packages (from torch->timm==1.0.27) (2.28.9)
Requirement already satisfied: nvidia-nvshmem-cu13==3.4.5 in /usr/local/lib/python3.10/dist-packages (from torch->timm==1.0.27) (3.4.5)
Requirement already satisfied: triton==3.6.0 in /usr/local/lib/python3.10/dist-packages (from torch->timm==1.0.27) (3.6.0)
Requirement already satisfied: nvidia-cuda-runtime==13.0.96.* in /usr/local/lib/python3.10/dist-packages (from cuda-toolkit[cublas,cudart,cufft,cufile,cupti,curand,cusolver,cusparse,nvjitlink,nvrtc,nvtx]==13.0.2; platform_system == "Linux"->torch->timm==1.0.27) (13.0.96)
Requirement already satisfied: nvidia-cufile==1.15.1.6.* in /usr/local/lib/python3.10/dist-packages (from cuda-toolkit[cublas,cudart,cufft,cufile,cupti,curand,cusolver,cusparse,nvjitlink,nvrtc,nvtx]==13.0.2; platform_system == "Linux"->torch->timm==1.0.27) (1.15.1.6)
Requirement already satisfied: nvidia-cublas==13.1.0.3.* in /usr/local/lib/python3.10/dist-packages (from cuda-toolkit[cublas,cudart,cufft,cufile,cupti,curand,cusolver,cusparse,nvjitlink,nvrtc,nvtx]==13.0.2; platform_system == "Linux"->torch->timm==1.0.27) (13.1.0.3)
Requirement already satisfied: nvidia-curand==10.4.0.35.* in /usr/local/lib/python3.10/dist-packages (from cuda-toolkit[cublas,cudart,cufft,cufile,cupti,curand,cusolver,cusparse,nvjitlink,nvrtc,nvtx]==13.0.2; platform_system == "Linux"->torch->timm==1.0.27) (10.4.0.35)
Requirement already satisfied: nvidia-nvtx==13.0.85.* in /usr/local/lib/python3.10/dist-packages (from cuda-toolkit[cublas,cudart,cufft,cufile,cupti,curand,cusolver,cusparse,nvjitlink,nvrtc,nvtx]==13.0.2; platform_system == "Linux"->torch->timm==1.0.27) (13.0.85)
Requirement already satisfied: nvidia-cusparse==12.6.3.3.* in /usr/local/lib/python3.10/dist-packages (from cuda-toolkit[cublas,cudart,cufft,cufile,cupti,curand,cusolver,cusparse,nvjitlink,nvrtc,nvtx]==13.0.2; platform_system == "Linux"->torch->timm==1.0.27) (12.6.3.3)
Requirement already satisfied: nvidia-cusolver==12.0.4.66.* in /usr/local/lib/python3.10/dist-packages (from cuda-toolkit[cublas,cudart,cufft,cufile,cupti,curand,cusolver,cusparse,nvjitlink,nvrtc,nvtx]==13.0.2; platform_system == "Linux"->torch->timm==1.0.27) (12.0.4.66)
Requirement already satisfied: nvidia-cufft==12.0.0.61.* in /usr/local/lib/python3.10/dist-packages (from cuda-toolkit[cublas,cudart,cufft,cufile,cupti,curand,cusolver,cusparse,nvjitlink,nvrtc,nvtx]==13.0.2; platform_system == "Linux"->torch->timm==1.0.27) (12.0.0.61)
Requirement already satisfied: nvidia-cuda-nvrtc==13.0.88.* in /usr/local/lib/python3.10/dist-packages (from cuda-toolkit[cublas,cudart,cufft,cufile,cupti,curand,cusolver,cusparse,nvjitlink,nvrtc,nvtx]==13.0.2; platform_system == "Linux"->torch->timm==1.0.27) (13.0.88)
Requirement already satisfied: nvidia-cuda-cupti==13.0.85.* in /usr/local/lib/python3.10/dist-packages (from cuda-toolkit[cublas,cudart,cufft,cufile,cupti,curand,cusolver,cusparse,nvjitlink,nvrtc,nvtx]==13.0.2; platform_system == "Linux"->torch->timm==1.0.27) (13.0.85)
Requirement already satisfied: nvidia-nvjitlink==13.0.88.* in /usr/local/lib/python3.10/dist-packages (from cuda-toolkit[cublas,cudart,cufft,cufile,cupti,curand,cusolver,cusparse,nvjitlink,nvrtc,nvtx]==13.0.2; platform_system == "Linux"->torch->timm==1.0.27) (13.0.88)
Requirement already satisfied: cuda-pathfinder>=1.4.2 in /usr/local/lib/python3.10/dist-packages (from cuda-bindings<14,>=13.0.3->torch->timm==1.0.27) (1.5.5)
Requirement already satisfied: mpmath<1.4,>=1.1.0 in /usr/local/lib/python3.10/dist-packages (from sympy>=1.13.3->torch->timm==1.0.27) (1.3.0)
Requirement already satisfied: MarkupSafe>=2.0 in /usr/local/lib/python3.10/dist-packages (from jinja2->torch->timm==1.0.27) (3.0.3)
Requirement already satisfied: numpy in /usr/local/lib/python3.10/dist-packages (from torchvision->timm==1.0.27) (2.2.6)
Requirement already satisfied: pillow!=8.3.*,>=5.3.0 in /usr/local/lib/python3.10/dist-packages (from torchvision->timm==1.0.27) (12.2.0)
Downloading timm-1.0.27-py3-none-any.whl (2.6 MB)
   ━━━━━━━━━━━━━━━━━━━━━━━━━━━━━━━━━━━━━━━━ 2.6/2.6 MB 51.5 MB/s  0:00:00
Installing collected packages: timm
Successfully installed timm-1.0.27
WARNING: Running pip as the 'root' user can result in broken permissions and conflicting behaviour with the system package manager, possibly rendering your system unusable. It is recommended to use a virtual environment instead: https://pip.pypa.io/warnings/venv. Use the --root-user-action option if you know what you are doing and want to suppress this warning.
[BOOT] timm installation completed
================================================================================
TRAIN CUB-200 RESNET50 TEACHER (SCRATCH, 224 x 224)
================================================================================
[MODE] mode=full actual_epochs=200 planned_epochs=200
[PATH] run_dir=/app/output/cub200_resnet50_224_scratch_all_full_seed1/teacher_resnet50_224_scratch/teacher_cub200_resnet50_224_scratch_200ep_seed1
[PROTOCOL_FAMILY] cub200_resnet50_224_scratch separate_from=cub200_resnet56_32_scratch
[PROTOCOL] official_split train=5994 test=5794 architecture=ResNet50 input=224 pretrained=False full_finetune=True optimizer=SGD lr=0.01 momentum=0.9 nesterov=True weight_decay=0.0005 cosine=200ep batch=64 seed=1 fp32=True
[CONTROLLED_ABLATION] teacher_initialization=random; architecture=ResNet50 input=224 data/split/optimizer/schedule match the pretrained-teacher family
[PROTOCOL_CHECK] status=PASS features=((1, 512, 28, 28), (1, 1024, 14, 14), (1, 2048, 7, 7)) logits=(1, 200)
[DATA] root=/app/scratch/input/bapedragon_519/data/cub200/CUB_200_2011 train_samples=5994 test_samples=5794 split=official_train/test
[TEACHER224][001/200] loss=5.7222 train_acc=0.49% test_acc=1.04% best=1.04% lr=0.01000000 time=14.4s est_200=47m 59s saved_best
[TEACHER224][002/200] loss=5.2962 train_acc=1.26% test_acc=1.50% best=1.50% lr=0.00999938 time=13.7s est_200=46m 52s saved_best
[TEACHER224][003/200] loss=5.1027 train_acc=1.73% test_acc=1.50% best=1.50% lr=0.00999753 time=13.6s est_200=46m 20s
[TEACHER224][004/200] loss=4.9832 train_acc=1.93% test_acc=2.02% best=2.02% lr=0.00999445 time=14.0s est_200=46m 26s saved_best
[TEACHER224][005/200] loss=4.8704 train_acc=2.87% test_acc=2.62% best=2.62% lr=0.00999013 time=12.8s est_200=45m 43s saved_best
[TEACHER224][006/200] loss=4.7484 train_acc=3.68% test_acc=4.16% best=4.16% lr=0.00998459 time=12.6s est_200=45m 07s saved_best
[TEACHER224][007/200] loss=4.6346 train_acc=4.52% test_acc=4.63% best=4.63% lr=0.00997781 time=13.2s est_200=44m 56s saved_best
[TEACHER224][008/200] loss=4.5235 train_acc=5.39% test_acc=5.83% best=5.83% lr=0.00996980 time=11.7s est_200=44m 13s saved_best
[TEACHER224][009/200] loss=4.4250 train_acc=6.59% test_acc=6.70% best=6.70% lr=0.00996057 time=13.2s est_200=44m 12s saved_best
[TEACHER224][010/200] loss=4.3562 train_acc=6.45% test_acc=6.89% best=6.89% lr=0.00995012 time=11.8s est_200=43m 42s saved_best
[TEACHER224][011/200] loss=4.2878 train_acc=7.07% test_acc=8.44% best=8.44% lr=0.00993844 time=13.6s est_200=43m 50s saved_best
[TEACHER224][012/200] loss=4.1970 train_acc=8.42% test_acc=8.97% best=8.97% lr=0.00992555 time=13.6s est_200=43m 57s saved_best
[TEACHER224][013/200] loss=4.1501 train_acc=9.19% test_acc=9.11% best=9.11% lr=0.00991144 time=13.9s est_200=44m 08s saved_best
[TEACHER224][014/200] loss=4.0675 train_acc=9.86% test_acc=9.98% best=9.98% lr=0.00989611 time=13.8s est_200=44m 15s saved_best
[TEACHER224][015/200] loss=4.0051 train_acc=10.55% test_acc=12.27% best=12.27% lr=0.00987958 time=13.2s est_200=44m 14s saved_best
[TEACHER224][016/200] loss=3.9075 train_acc=11.81% test_acc=12.67% best=12.67% lr=0.00986185 time=13.5s est_200=44m 17s saved_best
[TEACHER224][017/200] loss=3.8404 train_acc=12.99% test_acc=12.93% best=12.93% lr=0.00984292 time=14.0s est_200=44m 25s saved_best
[TEACHER224][018/200] loss=3.7806 train_acc=14.60% test_acc=13.39% best=13.39% lr=0.00982279 time=13.2s est_200=44m 24s saved_best
[TEACHER224][019/200] loss=3.7041 train_acc=15.29% test_acc=14.50% best=14.50% lr=0.00980147 time=12.1s est_200=44m 11s saved_best
[TEACHER224][020/200] loss=3.6688 train_acc=16.13% test_acc=15.12% best=15.12% lr=0.00977897 time=12.1s est_200=43m 59s saved_best
[TEACHER224][021/200] loss=3.5664 train_acc=17.05% test_acc=16.41% best=16.41% lr=0.00975528 time=13.5s est_200=44m 02s saved_best
[TEACHER224][022/200] loss=3.5012 train_acc=18.46% test_acc=16.41% best=16.41% lr=0.00973043 time=13.7s est_200=44m 06s
[TEACHER224][023/200] loss=3.4392 train_acc=19.51% test_acc=14.86% best=16.41% lr=0.00970440 time=13.4s est_200=44m 08s
[TEACHER224][024/200] loss=3.3585 train_acc=21.12% test_acc=18.05% best=18.05% lr=0.00967722 time=11.6s est_200=43m 54s saved_best
[TEACHER224][025/200] loss=3.3303 train_acc=21.00% test_acc=20.85% best=20.85% lr=0.00964888 time=13.4s est_200=43m 56s saved_best
[TEACHER224][026/200] loss=3.2971 train_acc=22.56% test_acc=19.73% best=20.85% lr=0.00961940 time=12.6s est_200=43m 52s
[TEACHER224][027/200] loss=3.2146 train_acc=23.39% test_acc=23.40% best=23.40% lr=0.00958877 time=13.5s est_200=43m 54s saved_best
[TEACHER224][028/200] loss=3.1536 train_acc=24.45% test_acc=21.44% best=23.40% lr=0.00955702 time=12.7s est_200=43m 50s
[TEACHER224][029/200] loss=3.0717 train_acc=26.65% test_acc=22.71% best=23.40% lr=0.00952414 time=12.8s est_200=43m 48s
[TEACHER224][030/200] loss=3.0070 train_acc=27.72% test_acc=23.70% best=23.70% lr=0.00949014 time=12.9s est_200=43m 46s saved_best
[TEACHER224][031/200] loss=2.9571 train_acc=28.34% test_acc=22.18% best=23.70% lr=0.00945503 time=13.2s est_200=43m 46s
[TEACHER224][032/200] loss=2.8757 train_acc=29.79% test_acc=26.77% best=26.77% lr=0.00941883 time=12.0s est_200=43m 39s saved_best
[TEACHER224][033/200] loss=2.8495 train_acc=31.01% test_acc=21.75% best=26.77% lr=0.00938153 time=13.7s est_200=43m 43s
[TEACHER224][034/200] loss=2.7829 train_acc=31.23% test_acc=27.98% best=27.98% lr=0.00934316 time=13.8s est_200=43m 47s saved_best
[TEACHER224][035/200] loss=2.6947 train_acc=33.06% test_acc=27.98% best=27.98% lr=0.00930371 time=13.4s est_200=43m 49s
[TEACHER224][036/200] loss=2.6260 train_acc=35.45% test_acc=29.20% best=29.20% lr=0.00926320 time=13.1s est_200=43m 48s saved_best
[TEACHER224][037/200] loss=2.5806 train_acc=35.84% test_acc=29.36% best=29.36% lr=0.00922164 time=13.0s est_200=43m 48s saved_best
[TEACHER224][038/200] loss=2.5480 train_acc=36.46% test_acc=30.67% best=30.67% lr=0.00917904 time=12.7s est_200=43m 45s saved_best
[TEACHER224][039/200] loss=2.4551 train_acc=38.41% test_acc=31.03% best=31.03% lr=0.00913540 time=11.8s est_200=43m 39s saved_best
[TEACHER224][040/200] loss=2.3748 train_acc=40.39% test_acc=29.43% best=31.03% lr=0.00909075 time=11.5s est_200=43m 31s
[TEACHER224][041/200] loss=2.3901 train_acc=39.68% test_acc=31.81% best=31.81% lr=0.00904508 time=11.3s est_200=43m 22s saved_best
[TEACHER224][042/200] loss=2.3324 train_acc=41.55% test_acc=32.50% best=32.50% lr=0.00899842 time=11.7s est_200=43m 16s saved_best
[TEACHER224][043/200] loss=2.2605 train_acc=42.34% test_acc=30.34% best=32.50% lr=0.00895078 time=11.0s est_200=43m 07s
[TEACHER224][044/200] loss=2.2357 train_acc=43.63% test_acc=31.39% best=32.50% lr=0.00890215 time=11.7s est_200=43m 01s
[TEACHER224][045/200] loss=2.1522 train_acc=44.99% test_acc=33.03% best=33.03% lr=0.00885257 time=12.2s est_200=42m 58s saved_best
[TEACHER224][046/200] loss=2.1041 train_acc=46.61% test_acc=34.50% best=34.50% lr=0.00880203 time=12.7s est_200=42m 58s saved_best
[TEACHER224][047/200] loss=2.0614 train_acc=47.58% test_acc=32.95% best=34.50% lr=0.00875056 time=13.1s est_200=42m 58s
[TEACHER224][048/200] loss=1.9863 train_acc=48.24% test_acc=33.67% best=34.50% lr=0.00869816 time=12.8s est_200=42m 58s
[TEACHER224][049/200] loss=2.0163 train_acc=48.45% test_acc=30.57% best=34.50% lr=0.00864484 time=13.2s est_200=42m 59s
[TEACHER224][050/200] loss=1.9415 train_acc=50.12% test_acc=34.24% best=34.50% lr=0.00859063 time=12.3s est_200=42m 57s
[TEACHER224][051/200] loss=1.9068 train_acc=50.45% test_acc=35.24% best=35.24% lr=0.00853553 time=11.5s est_200=42m 51s saved_best
[TEACHER224][052/200] loss=1.8590 train_acc=52.55% test_acc=34.76% best=35.24% lr=0.00847956 time=11.9s est_200=42m 47s
[TEACHER224][053/200] loss=1.7876 train_acc=54.27% test_acc=37.19% best=37.19% lr=0.00842274 time=12.5s est_200=42m 46s saved_best
[TEACHER224][054/200] loss=1.7774 train_acc=53.56% test_acc=36.05% best=37.19% lr=0.00836506 time=13.1s est_200=42m 47s
[TEACHER224][055/200] loss=1.7399 train_acc=54.65% test_acc=34.67% best=37.19% lr=0.00830656 time=11.3s est_200=42m 41s
[TEACHER224][056/200] loss=1.6776 train_acc=56.52% test_acc=35.80% best=37.19% lr=0.00824724 time=11.8s est_200=42m 38s
[TEACHER224][057/200] loss=1.6000 train_acc=57.71% test_acc=34.79% best=37.19% lr=0.00818712 time=12.0s est_200=42m 35s
[TEACHER224][058/200] loss=1.5988 train_acc=58.84% test_acc=38.23% best=38.23% lr=0.00812621 time=13.0s est_200=42m 36s saved_best
[TEACHER224][059/200] loss=1.5609 train_acc=58.85% test_acc=36.66% best=38.23% lr=0.00806454 time=12.5s est_200=42m 35s
[TEACHER224][060/200] loss=1.5115 train_acc=60.50% test_acc=40.44% best=40.44% lr=0.00800210 time=11.8s est_200=42m 31s saved_best
[TEACHER224][061/200] loss=1.4875 train_acc=62.00% test_acc=35.31% best=40.44% lr=0.00793893 time=13.3s est_200=42m 33s
[TEACHER224][062/200] loss=1.4791 train_acc=62.68% test_acc=36.81% best=40.44% lr=0.00787503 time=13.7s est_200=42m 36s
[TEACHER224][063/200] loss=1.4656 train_acc=62.57% test_acc=36.40% best=40.44% lr=0.00781042 time=13.0s est_200=42m 37s
[TEACHER224][064/200] loss=1.4069 train_acc=63.74% test_acc=38.61% best=40.44% lr=0.00774511 time=11.9s est_200=42m 34s
[TEACHER224][065/200] loss=1.3681 train_acc=64.05% test_acc=38.66% best=40.44% lr=0.00767913 time=11.9s est_200=42m 31s
[TEACHER224][066/200] loss=1.3430 train_acc=65.27% test_acc=38.32% best=40.44% lr=0.00761249 time=12.0s est_200=42m 29s
[TEACHER224][067/200] loss=1.3198 train_acc=65.44% test_acc=40.30% best=40.44% lr=0.00754521 time=12.2s est_200=42m 27s
[TEACHER224][068/200] loss=1.2614 train_acc=67.57% test_acc=39.40% best=40.44% lr=0.00747729 time=13.3s est_200=42m 29s
[TEACHER224][069/200] loss=1.2273 train_acc=68.25% test_acc=41.56% best=41.56% lr=0.00740877 time=13.3s est_200=42m 31s saved_best
[TEACHER224][070/200] loss=1.2407 train_acc=67.79% test_acc=40.21% best=41.56% lr=0.00733965 time=12.6s est_200=42m 30s
[TEACHER224][071/200] loss=1.2046 train_acc=68.99% test_acc=40.52% best=41.56% lr=0.00726995 time=13.5s est_200=42m 32s
[TEACHER224][072/200] loss=1.2168 train_acc=68.43% test_acc=41.08% best=41.56% lr=0.00719970 time=13.3s est_200=42m 34s
[TEACHER224][073/200] loss=1.1185 train_acc=70.67% test_acc=42.66% best=42.66% lr=0.00712890 time=12.5s est_200=42m 33s saved_best
[TEACHER224][074/200] loss=1.0898 train_acc=72.14% test_acc=39.82% best=42.66% lr=0.00705757 time=13.1s est_200=42m 34s
[TEACHER224][075/200] loss=1.1038 train_acc=72.30% test_acc=41.25% best=42.66% lr=0.00698574 time=12.3s est_200=42m 32s
[TEACHER224][076/200] loss=1.1046 train_acc=71.84% test_acc=38.89% best=42.66% lr=0.00691342 time=12.2s est_200=42m 31s
[TEACHER224][077/200] loss=1.0667 train_acc=72.80% test_acc=39.85% best=42.66% lr=0.00684062 time=12.1s est_200=42m 29s
[TEACHER224][078/200] loss=1.0763 train_acc=72.46% test_acc=39.56% best=42.66% lr=0.00676737 time=11.7s est_200=42m 27s
[TEACHER224][079/200] loss=1.0387 train_acc=74.08% test_acc=43.56% best=43.56% lr=0.00669369 time=13.6s est_200=42m 29s saved_best
[TEACHER224][080/200] loss=0.9802 train_acc=75.32% test_acc=41.22% best=43.56% lr=0.00661959 time=13.2s est_200=42m 30s
[TEACHER224][081/200] loss=0.9923 train_acc=74.60% test_acc=43.36% best=43.56% lr=0.00654508 time=12.7s est_200=42m 30s
[TEACHER224][082/200] loss=0.9649 train_acc=76.19% test_acc=41.97% best=43.56% lr=0.00647020 time=11.7s est_200=42m 27s
[TEACHER224][083/200] loss=0.9603 train_acc=76.73% test_acc=42.99% best=43.56% lr=0.00639496 time=11.8s est_200=42m 25s
[TEACHER224][084/200] loss=0.8800 train_acc=78.18% test_acc=43.70% best=43.70% lr=0.00631937 time=12.2s est_200=42m 24s saved_best
[TEACHER224][085/200] loss=0.8964 train_acc=77.44% test_acc=42.13% best=43.70% lr=0.00624345 time=13.1s est_200=42m 25s
[TEACHER224][086/200] loss=0.8616 train_acc=78.61% test_acc=44.63% best=44.63% lr=0.00616723 time=11.9s est_200=42m 23s saved_best
[TEACHER224][087/200] loss=0.8538 train_acc=78.93% test_acc=44.74% best=44.74% lr=0.00609072 time=11.8s est_200=42m 21s saved_best
[TEACHER224][088/200] loss=0.7893 train_acc=80.36% test_acc=43.49% best=44.74% lr=0.00601394 time=11.8s est_200=42m 19s
[TEACHER224][089/200] loss=0.8190 train_acc=79.27% test_acc=44.63% best=44.74% lr=0.00593691 time=12.4s est_200=42m 18s
[TEACHER224][090/200] loss=0.7583 train_acc=81.15% test_acc=43.63% best=44.74% lr=0.00585965 time=11.9s est_200=42m 16s
[TEACHER224][091/200] loss=0.7863 train_acc=80.04% test_acc=43.77% best=44.74% lr=0.00578217 time=12.2s est_200=42m 15s
[TEACHER224][092/200] loss=0.7764 train_acc=81.05% test_acc=43.58% best=44.74% lr=0.00570451 time=11.8s est_200=42m 13s
[TEACHER224][093/200] loss=0.7669 train_acc=81.13% test_acc=43.53% best=44.74% lr=0.00562667 time=11.7s est_200=42m 11s
[TEACHER224][094/200] loss=0.7409 train_acc=81.70% test_acc=45.10% best=45.10% lr=0.00554867 time=11.2s est_200=42m 08s saved_best
[TEACHER224][095/200] loss=0.7014 train_acc=82.36% test_acc=43.94% best=45.10% lr=0.00547054 time=11.8s est_200=42m 06s
[TEACHER224][096/200] loss=0.7591 train_acc=82.04% test_acc=44.65% best=45.10% lr=0.00539230 time=11.6s est_200=42m 04s
[TEACHER224][097/200] loss=0.7031 train_acc=82.81% test_acc=44.25% best=45.10% lr=0.00531395 time=12.7s est_200=42m 04s
[TEACHER224][098/200] loss=0.6861 train_acc=83.01% test_acc=43.48% best=45.10% lr=0.00523553 time=13.0s est_200=42m 05s
[TEACHER224][099/200] loss=0.6798 train_acc=83.43% test_acc=44.65% best=45.10% lr=0.00515705 time=12.4s est_200=42m 05s
[TEACHER224][100/200] loss=0.6758 train_acc=83.99% test_acc=44.68% best=45.10% lr=0.00507854 time=11.5s est_200=42m 02s
[TEACHER224][101/200] loss=0.6468 train_acc=84.49% test_acc=45.72% best=45.72% lr=0.00500000 time=12.2s est_200=42m 01s saved_best
[TEACHER224][102/200] loss=0.6801 train_acc=83.60% test_acc=44.06% best=45.72% lr=0.00492146 time=13.5s est_200=42m 03s
[TEACHER224][103/200] loss=0.6427 train_acc=84.74% test_acc=45.94% best=45.94% lr=0.00484295 time=12.3s est_200=42m 03s saved_best
[TEACHER224][104/200] loss=0.6475 train_acc=84.41% test_acc=44.03% best=45.94% lr=0.00476447 time=13.1s est_200=42m 03s
[TEACHER224][105/200] loss=0.6109 train_acc=85.25% test_acc=44.30% best=45.94% lr=0.00468605 time=13.0s est_200=42m 04s
[TEACHER224][106/200] loss=0.5794 train_acc=86.22% test_acc=44.58% best=45.94% lr=0.00460770 time=13.8s est_200=42m 06s
[TEACHER224][107/200] loss=0.5885 train_acc=85.80% test_acc=44.93% best=45.94% lr=0.00452946 time=13.5s est_200=42m 08s
[TEACHER224][108/200] loss=0.6104 train_acc=85.18% test_acc=45.65% best=45.94% lr=0.00445133 time=13.3s est_200=42m 09s
[TEACHER224][109/200] loss=0.5675 train_acc=86.11% test_acc=45.22% best=45.94% lr=0.00437333 time=13.1s est_200=42m 10s
[TEACHER224][110/200] loss=0.5488 train_acc=86.46% test_acc=47.58% best=47.58% lr=0.00429549 time=13.4s est_200=42m 12s saved_best
[TEACHER224][111/200] loss=0.5550 train_acc=86.09% test_acc=46.20% best=47.58% lr=0.00421783 time=14.0s est_200=42m 14s
[TEACHER224][112/200] loss=0.5563 train_acc=86.53% test_acc=44.96% best=47.58% lr=0.00414035 time=13.6s est_200=42m 16s
[TEACHER224][113/200] loss=0.5185 train_acc=87.45% test_acc=45.88% best=47.58% lr=0.00406309 time=13.3s est_200=42m 17s
[TEACHER224][114/200] loss=0.5156 train_acc=87.30% test_acc=46.98% best=47.58% lr=0.00398606 time=13.8s est_200=42m 19s
[TEACHER224][115/200] loss=0.5500 train_acc=87.01% test_acc=45.55% best=47.58% lr=0.00390928 time=13.8s est_200=42m 21s
[TEACHER224][116/200] loss=0.4974 train_acc=88.29% test_acc=46.41% best=47.58% lr=0.00383277 time=13.8s est_200=42m 23s
[TEACHER224][117/200] loss=0.5254 train_acc=87.30% test_acc=45.67% best=47.58% lr=0.00375655 time=13.4s est_200=42m 24s
[TEACHER224][118/200] loss=0.5301 train_acc=87.55% test_acc=46.58% best=47.58% lr=0.00368063 time=11.4s est_200=42m 21s
[TEACHER224][119/200] loss=0.4686 train_acc=88.71% test_acc=45.74% best=47.58% lr=0.00360504 time=12.8s est_200=42m 22s
[TEACHER224][120/200] loss=0.4960 train_acc=88.63% test_acc=45.27% best=47.58% lr=0.00352980 time=11.7s est_200=42m 20s
[TEACHER224][121/200] loss=0.4696 train_acc=88.74% test_acc=47.29% best=47.58% lr=0.00345492 time=13.7s est_200=42m 22s
[TEACHER224][122/200] loss=0.4923 train_acc=88.73% test_acc=46.96% best=47.58% lr=0.00338041 time=13.6s est_200=42m 23s
[TEACHER224][123/200] loss=0.4637 train_acc=88.47% test_acc=46.88% best=47.58% lr=0.00330631 time=11.5s est_200=42m 21s
[TEACHER224][124/200] loss=0.4681 train_acc=88.94% test_acc=47.27% best=47.58% lr=0.00323263 time=12.5s est_200=42m 21s
[TEACHER224][125/200] loss=0.4294 train_acc=90.19% test_acc=46.55% best=47.58% lr=0.00315938 time=12.6s est_200=42m 21s
[TEACHER224][126/200] loss=0.4101 train_acc=90.10% test_acc=47.50% best=47.58% lr=0.00308658 time=12.4s est_200=42m 20s
[TEACHER224][127/200] loss=0.4255 train_acc=89.89% test_acc=45.79% best=47.58% lr=0.00301426 time=11.9s est_200=42m 19s
[TEACHER224][128/200] loss=0.4523 train_acc=89.05% test_acc=46.31% best=47.58% lr=0.00294243 time=12.0s est_200=42m 18s
[TEACHER224][129/200] loss=0.4210 train_acc=90.17% test_acc=46.34% best=47.58% lr=0.00287110 time=13.9s est_200=42m 20s
[TEACHER224][130/200] loss=0.4148 train_acc=89.94% test_acc=47.24% best=47.58% lr=0.00280030 time=13.4s est_200=42m 21s
[TEACHER224][131/200] loss=0.4373 train_acc=89.42% test_acc=47.70% best=47.70% lr=0.00273005 time=13.5s est_200=42m 22s saved_best
[TEACHER224][132/200] loss=0.4023 train_acc=90.46% test_acc=46.51% best=47.70% lr=0.00266035 time=13.0s est_200=42m 23s
[TEACHER224][133/200] loss=0.3960 train_acc=90.49% test_acc=46.91% best=47.70% lr=0.00259123 time=12.1s est_200=42m 22s
[TEACHER224][134/200] loss=0.3929 train_acc=90.54% test_acc=47.79% best=47.79% lr=0.00252271 time=11.7s est_200=42m 20s saved_best
[TEACHER224][135/200] loss=0.3946 train_acc=91.15% test_acc=47.81% best=47.81% lr=0.00245479 time=12.7s est_200=42m 20s saved_best
[TEACHER224][136/200] loss=0.4058 train_acc=90.64% test_acc=47.76% best=47.81% lr=0.00238751 time=12.5s est_200=42m 20s
[TEACHER224][137/200] loss=0.3627 train_acc=91.36% test_acc=47.20% best=47.81% lr=0.00232087 time=13.5s est_200=42m 21s
[TEACHER224][138/200] loss=0.3672 train_acc=91.53% test_acc=47.08% best=47.81% lr=0.00225489 time=13.3s est_200=42m 22s
[TEACHER224][139/200] loss=0.3887 train_acc=90.98% test_acc=48.31% best=48.31% lr=0.00218958 time=13.3s est_200=42m 23s saved_best
[TEACHER224][140/200] loss=0.3853 train_acc=90.89% test_acc=46.79% best=48.31% lr=0.00212497 time=13.3s est_200=42m 23s
[TEACHER224][141/200] loss=0.3555 train_acc=91.78% test_acc=47.13% best=48.31% lr=0.00206107 time=13.3s est_200=42m 24s
[TEACHER224][142/200] loss=0.3531 train_acc=91.80% test_acc=47.70% best=48.31% lr=0.00199790 time=13.1s est_200=42m 25s
[TEACHER224][143/200] loss=0.3698 train_acc=91.41% test_acc=47.15% best=48.31% lr=0.00193546 time=12.5s est_200=42m 24s
[TEACHER224][144/200] loss=0.3632 train_acc=91.73% test_acc=47.36% best=48.31% lr=0.00187379 time=12.4s est_200=42m 24s
[TEACHER224][145/200] loss=0.3350 train_acc=91.83% test_acc=47.36% best=48.31% lr=0.00181288 time=12.9s est_200=42m 24s
[TEACHER224][146/200] loss=0.3466 train_acc=91.83% test_acc=46.95% best=48.31% lr=0.00175276 time=12.3s est_200=42m 24s
[TEACHER224][147/200] loss=0.3555 train_acc=91.78% test_acc=47.03% best=48.31% lr=0.00169344 time=11.9s est_200=42m 23s
[TEACHER224][148/200] loss=0.3291 train_acc=92.04% test_acc=47.93% best=48.31% lr=0.00163494 time=12.2s est_200=42m 22s
[TEACHER224][149/200] loss=0.3263 train_acc=92.59% test_acc=47.84% best=48.31% lr=0.00157726 time=11.6s est_200=42m 20s
[TEACHER224][150/200] loss=0.3389 train_acc=92.17% test_acc=47.51% best=48.31% lr=0.00152044 time=13.1s est_200=42m 21s
[TEACHER224][151/200] loss=0.3297 train_acc=92.36% test_acc=47.93% best=48.31% lr=0.00146447 time=12.0s est_200=42m 20s
[TEACHER224][152/200] loss=0.3133 train_acc=92.62% test_acc=47.55% best=48.31% lr=0.00140937 time=13.3s est_200=42m 21s
[TEACHER224][153/200] loss=0.3303 train_acc=92.27% test_acc=46.51% best=48.31% lr=0.00135516 time=11.6s est_200=42m 19s
[TEACHER224][154/200] loss=0.3112 train_acc=93.04% test_acc=47.65% best=48.31% lr=0.00130184 time=11.8s est_200=42m 18s
[TEACHER224][155/200] loss=0.3262 train_acc=92.57% test_acc=47.00% best=48.31% lr=0.00124944 time=12.0s est_200=42m 17s
[TEACHER224][156/200] loss=0.3000 train_acc=93.11% test_acc=46.93% best=48.31% lr=0.00119797 time=13.3s est_200=42m 18s
[TEACHER224][157/200] loss=0.3032 train_acc=92.89% test_acc=46.67% best=48.31% lr=0.00114743 time=13.0s est_200=42m 18s
[TEACHER224][158/200] loss=0.3008 train_acc=93.13% test_acc=47.84% best=48.31% lr=0.00109785 time=12.5s est_200=42m 18s
[TEACHER224][159/200] loss=0.2926 train_acc=93.75% test_acc=47.12% best=48.31% lr=0.00104922 time=13.6s est_200=42m 19s
[TEACHER224][160/200] loss=0.2971 train_acc=93.38% test_acc=47.58% best=48.31% lr=0.00100158 time=13.2s est_200=42m 20s
[TEACHER224][161/200] loss=0.2951 train_acc=92.96% test_acc=47.60% best=48.31% lr=0.00095492 time=13.1s est_200=42m 21s
[TEACHER224][162/200] loss=0.2848 train_acc=93.33% test_acc=47.88% best=48.31% lr=0.00090925 time=13.0s est_200=42m 21s
[TEACHER224][163/200] loss=0.3050 train_acc=92.98% test_acc=47.38% best=48.31% lr=0.00086460 time=12.8s est_200=42m 21s
[TEACHER224][164/200] loss=0.2683 train_acc=93.85% test_acc=47.57% best=48.31% lr=0.00082096 time=13.3s est_200=42m 22s
[TEACHER224][165/200] loss=0.2932 train_acc=93.16% test_acc=47.26% best=48.31% lr=0.00077836 time=11.8s est_200=42m 21s
[TEACHER224][166/200] loss=0.2770 train_acc=93.80% test_acc=47.50% best=48.31% lr=0.00073680 time=13.4s est_200=42m 22s
[TEACHER224][167/200] loss=0.2802 train_acc=93.70% test_acc=47.39% best=48.31% lr=0.00069629 time=12.8s est_200=42m 22s
[TEACHER224][168/200] loss=0.2743 train_acc=93.77% test_acc=47.53% best=48.31% lr=0.00065684 time=12.6s est_200=42m 21s
[TEACHER224][169/200] loss=0.2598 train_acc=93.83% test_acc=47.41% best=48.31% lr=0.00061847 time=13.2s est_200=42m 22s
[TEACHER224][170/200] loss=0.2719 train_acc=93.87% test_acc=47.27% best=48.31% lr=0.00058117 time=12.3s est_200=42m 22s
[TEACHER224][171/200] loss=0.2660 train_acc=93.72% test_acc=47.46% best=48.31% lr=0.00054497 time=11.7s est_200=42m 20s
[TEACHER224][172/200] loss=0.2727 train_acc=94.02% test_acc=47.24% best=48.31% lr=0.00050986 time=11.7s est_200=42m 19s
[TEACHER224][173/200] loss=0.2694 train_acc=94.12% test_acc=47.50% best=48.31% lr=0.00047586 time=12.3s est_200=42m 19s
[TEACHER224][174/200] loss=0.2602 train_acc=94.05% test_acc=47.15% best=48.31% lr=0.00044298 time=12.8s est_200=42m 19s
[TEACHER224][175/200] loss=0.2614 train_acc=94.00% test_acc=47.72% best=48.31% lr=0.00041123 time=11.8s est_200=42m 18s
[TEACHER224][176/200] loss=0.2655 train_acc=94.14% test_acc=47.34% best=48.31% lr=0.00038060 time=13.6s est_200=42m 19s
[TEACHER224][177/200] loss=0.2717 train_acc=93.93% test_acc=47.62% best=48.31% lr=0.00035112 time=13.3s est_200=42m 20s
[TEACHER224][178/200] loss=0.2713 train_acc=93.85% test_acc=47.69% best=48.31% lr=0.00032278 time=12.9s est_200=42m 20s
[TEACHER224][179/200] loss=0.2522 train_acc=94.66% test_acc=47.60% best=48.31% lr=0.00029560 time=13.6s est_200=42m 21s
[TEACHER224][180/200] loss=0.2672 train_acc=94.02% test_acc=47.64% best=48.31% lr=0.00026957 time=12.5s est_200=42m 21s
[TEACHER224][181/200] loss=0.2584 train_acc=94.10% test_acc=47.48% best=48.31% lr=0.00024472 time=12.1s est_200=42m 20s
[TEACHER224][182/200] loss=0.2606 train_acc=94.17% test_acc=47.45% best=48.31% lr=0.00022103 time=11.9s est_200=42m 19s
[TEACHER224][183/200] loss=0.2399 train_acc=94.76% test_acc=47.62% best=48.31% lr=0.00019853 time=13.7s est_200=42m 20s
[TEACHER224][184/200] loss=0.2656 train_acc=93.75% test_acc=47.46% best=48.31% lr=0.00017721 time=13.7s est_200=42m 21s
[TEACHER224][185/200] loss=0.2487 train_acc=94.07% test_acc=47.19% best=48.31% lr=0.00015708 time=13.7s est_200=42m 22s
[TEACHER224][186/200] loss=0.2624 train_acc=94.27% test_acc=47.20% best=48.31% lr=0.00013815 time=12.5s est_200=42m 22s
[TEACHER224][187/200] loss=0.2477 train_acc=94.49% test_acc=47.20% best=48.31% lr=0.00012042 time=13.4s est_200=42m 23s
[TEACHER224][188/200] loss=0.2635 train_acc=94.05% test_acc=47.38% best=48.31% lr=0.00010389 time=12.0s est_200=42m 22s
[TEACHER224][189/200] loss=0.2402 train_acc=94.44% test_acc=47.08% best=48.31% lr=0.00008856 time=11.4s est_200=42m 21s
[TEACHER224][190/200] loss=0.2509 train_acc=94.07% test_acc=46.82% best=48.31% lr=0.00007445 time=11.4s est_200=42m 19s
[TEACHER224][191/200] loss=0.2434 train_acc=94.74% test_acc=47.22% best=48.31% lr=0.00006156 time=11.0s est_200=42m 17s
[TEACHER224][192/200] loss=0.2601 train_acc=94.12% test_acc=47.17% best=48.31% lr=0.00004988 time=10.9s est_200=42m 16s
[TEACHER224][193/200] loss=0.2539 train_acc=94.20% test_acc=47.32% best=48.31% lr=0.00003943 time=11.9s est_200=42m 15s
[TEACHER224][194/200] loss=0.2580 train_acc=94.12% test_acc=47.45% best=48.31% lr=0.00003020 time=11.9s est_200=42m 14s
[TEACHER224][195/200] loss=0.2661 train_acc=94.12% test_acc=47.15% best=48.31% lr=0.00002219 time=11.9s est_200=42m 13s
[TEACHER224][196/200] loss=0.2469 train_acc=94.51% test_acc=47.13% best=48.31% lr=0.00001541 time=13.0s est_200=42m 14s
[TEACHER224][197/200] loss=0.2592 train_acc=93.88% test_acc=47.48% best=48.31% lr=0.00000987 time=13.1s est_200=42m 14s
[TEACHER224][198/200] loss=0.2406 train_acc=94.66% test_acc=47.57% best=48.31% lr=0.00000555 time=13.1s est_200=42m 14s
[TEACHER224][199/200] loss=0.2442 train_acc=94.64% test_acc=47.69% best=48.31% lr=0.00000247 time=12.9s est_200=42m 15s
[TEACHER224][200/200] loss=0.2404 train_acc=94.72% test_acc=47.70% best=48.31% lr=0.00000062 time=12.5s est_200=42m 15s
[FINAL_RESULT] teacher224_best_top1=48.31% checkpoint=/app/output/cub200_resnet50_224_scratch_all_full_seed1/teacher_resnet50_224_scratch/teacher_cub200_resnet50_224_scratch_200ep_seed1/teacher_resnet50_cub200_224_scratch_best.pt
[FINAL_RESULT] manifest=/app/output/cub200_resnet50_224_scratch_all_full_seed1/teacher_resnet50_224_scratch/teacher_cub200_resnet50_224_scratch_200ep_seed1/manifest.json
[DONE] CUB-200 ResNet50-224 scratch teacher training completed successfully.
[TEACHER_IDENTITY_CHECK] status=PASS pretrained=False model=resnet50_cub200_scratch_224 input=224
[COMMAND][VanillaB128] /usr/bin/python methods/Vanilla/cub200_224/train.py --profile lg_official_b128 --full-run --data-dir data/cub200 --output-dir /app/output/cub200_resnet50_224_scratch_all_full_seed1/Vanilla/lg_official_b128 --run-name vanilla_cub200_224_lg_official_b128_300ep_seed1 --num-workers 4
[BOOT] Python process started: /usr/bin/python
================================================================================
VANILLA CUB-200 DEIT-TI / CE-ONLY / 224 x 224
================================================================================
[MODE] mode=full actual_epochs=300 planned_epochs=300
[VANILLA_PROTOCOL] profile=lg_official_b128 teacher=none guidance=none loss=CE-only student_pretrained=False student_input=224 batch=128 seed=1
[AUGMENT] official_lg_strong color_jitter=0.4 auto_augment=rand-m9-mstd0.5-inc1 random_erasing=0.25/pixel/1 train_interpolation=bicubic eval_resize=direct224_bilinear
[PATH] data_dir=/app/scratch/input/bapedragon_519/data/cub200
[PATH] run_dir=/app/output/cub200_resnet50_224_scratch_all_full_seed1/Vanilla/lg_official_b128/vanilla_cub200_224_lg_official_b128_300ep_seed1
[DATA] CUB-200-2011 root=/app/scratch/input/bapedragon_519/data/cub200/CUB_200_2011
[DATA] train_samples=5994 test_samples=5794
[DATA] student_image=224 teacher_image=32 train_batch=128 eval_batch=200 num_workers=4 drop_last_train=True smoke=False split=train:official_train eval:official_test eval_interpolation=bilinear
[MODEL] student=deit_tiny_patch16_224 params=5,563,016
[OPTIMIZER] official_lg_groups no_decay=1d,bias,cls_token,pos_embed head_zero_init=True
[VANILLA][lg_official_b128][001/300] loss=5.2983 train_acc=0.76% val_acc=1.33% best=1.33% lr=5e-07 time=14.0s avg_epoch=14.0s est_planned=1h 10m 07s saved_best
[VANILLA][lg_official_b128][002/300] loss=5.2921 train_acc=0.71% val_acc=0.91% best=1.33% lr=2.5475e-05 time=11.8s avg_epoch=12.9s est_planned=1h 04m 36s
[VANILLA][lg_official_b128][003/300] loss=5.2749 train_acc=0.88% val_acc=0.88% best=1.33% lr=5.045e-05 time=12.7s avg_epoch=12.9s est_planned=1h 04m 16s
[VANILLA][lg_official_b128][004/300] loss=5.2550 train_acc=0.76% val_acc=1.07% best=1.33% lr=7.5425e-05 time=11.6s avg_epoch=12.5s est_planned=1h 02m 40s
[VANILLA][lg_official_b128][005/300] loss=5.2193 train_acc=0.85% val_acc=1.26% best=1.33% lr=0.0001004 time=12.4s avg_epoch=12.5s est_planned=1h 02m 30s
[VANILLA][lg_official_b128][006/300] loss=5.1875 train_acc=0.93% val_acc=1.31% best=1.33% lr=0.000125375 time=11.9s avg_epoch=12.4s est_planned=1h 02m 02s
[VANILLA][lg_official_b128][007/300] loss=5.1664 train_acc=1.05% val_acc=1.23% best=1.33% lr=0.00015035 time=12.0s avg_epoch=12.3s est_planned=1h 01m 45s
[VANILLA][lg_official_b128][008/300] loss=5.1551 train_acc=1.15% val_acc=1.69% best=1.69% lr=0.000175325 time=11.5s avg_epoch=12.2s est_planned=1h 01m 13s saved_best
[VANILLA][lg_official_b128][009/300] loss=5.1263 train_acc=1.07% val_acc=1.88% best=1.88% lr=0.0002003 time=10.8s avg_epoch=12.1s est_planned=1h 00m 24s saved_best
[VANILLA][lg_official_b128][010/300] loss=5.1090 train_acc=1.38% val_acc=2.19% best=2.19% lr=0.000225275 time=11.8s avg_epoch=12.1s est_planned=1h 00m 16s saved_best
[VANILLA][lg_official_b128][011/300] loss=5.0668 train_acc=1.61% val_acc=2.36% best=2.36% lr=0.00025025 time=10.8s avg_epoch=11.9s est_planned=59m 43s saved_best
[VANILLA][lg_official_b128][012/300] loss=5.0234 train_acc=2.09% val_acc=2.90% best=2.90% lr=0.000275225 time=12.3s avg_epoch=12.0s est_planned=59m 51s saved_best
[VANILLA][lg_official_b128][013/300] loss=5.0024 train_acc=2.34% val_acc=3.73% best=3.73% lr=0.0003002 time=11.6s avg_epoch=11.9s est_planned=59m 42s saved_best
[VANILLA][lg_official_b128][014/300] loss=4.9525 train_acc=2.62% val_acc=3.40% best=3.73% lr=0.000325175 time=11.5s avg_epoch=11.9s est_planned=59m 32s
[VANILLA][lg_official_b128][015/300] loss=4.9395 train_acc=2.70% val_acc=4.31% best=4.31% lr=0.00035015 time=10.8s avg_epoch=11.8s est_planned=59m 10s saved_best
[VANILLA][lg_official_b128][016/300] loss=4.8831 train_acc=3.19% val_acc=4.64% best=4.64% lr=0.000375125 time=10.8s avg_epoch=11.8s est_planned=58m 51s saved_best
[VANILLA][lg_official_b128][017/300] loss=4.8596 train_acc=3.46% val_acc=3.62% best=4.64% lr=0.0004001 time=10.8s avg_epoch=11.7s est_planned=58m 34s
[VANILLA][lg_official_b128][018/300] loss=4.8527 train_acc=3.16% val_acc=4.16% best=4.64% lr=0.000425075 time=10.9s avg_epoch=11.7s est_planned=58m 19s
[VANILLA][lg_official_b128][019/300] loss=4.8330 train_acc=3.28% val_acc=5.18% best=5.18% lr=0.00045005 time=12.1s avg_epoch=11.7s est_planned=58m 27s saved_best
[VANILLA][lg_official_b128][020/300] loss=4.8167 train_acc=3.72% val_acc=5.09% best=5.18% lr=0.000475025 time=11.6s avg_epoch=11.7s est_planned=58m 26s
[VANILLA][lg_official_b128][021/300] loss=4.7958 train_acc=3.67% val_acc=4.80% best=5.18% lr=0.00049459153 time=11.6s avg_epoch=11.7s est_planned=58m 24s
[VANILLA][lg_official_b128][022/300] loss=4.7579 train_acc=4.26% val_acc=5.97% best=5.97% lr=0.0004940394 time=12.7s avg_epoch=11.7s est_planned=58m 38s saved_best
[VANILLA][lg_official_b128][023/300] loss=4.7334 train_acc=4.64% val_acc=5.49% best=5.97% lr=0.00049346078 time=12.3s avg_epoch=11.8s est_planned=58m 46s
[VANILLA][lg_official_b128][024/300] loss=4.7183 train_acc=5.01% val_acc=5.90% best=5.97% lr=0.00049285573 time=12.4s avg_epoch=11.8s est_planned=58m 53s
[VANILLA][lg_official_b128][025/300] loss=4.7035 train_acc=4.59% val_acc=6.75% best=6.75% lr=0.00049222433 time=13.5s avg_epoch=11.8s est_planned=59m 14s saved_best
[VANILLA][lg_official_b128][026/300] loss=4.6883 train_acc=5.10% val_acc=7.35% best=7.35% lr=0.00049156664 time=12.1s avg_epoch=11.9s est_planned=59m 17s saved_best
[VANILLA][lg_official_b128][027/300] loss=4.6299 train_acc=5.71% val_acc=6.63% best=7.35% lr=0.00049088274 time=13.2s avg_epoch=11.9s est_planned=59m 33s
[VANILLA][lg_official_b128][028/300] loss=4.6220 train_acc=5.93% val_acc=7.04% best=7.35% lr=0.00049017269 time=11.6s avg_epoch=11.9s est_planned=59m 29s
[VANILLA][lg_official_b128][029/300] loss=4.5693 train_acc=5.81% val_acc=7.09% best=7.35% lr=0.00048943658 time=12.1s avg_epoch=11.9s est_planned=59m 31s
[VANILLA][lg_official_b128][030/300] loss=4.5916 train_acc=6.54% val_acc=7.51% best=7.51% lr=0.00048867448 time=12.8s avg_epoch=11.9s est_planned=59m 40s saved_best
[VANILLA][lg_official_b128][031/300] loss=4.5664 train_acc=6.49% val_acc=7.80% best=7.80% lr=0.00048788649 time=12.4s avg_epoch=11.9s est_planned=59m 45s saved_best
[VANILLA][lg_official_b128][032/300] loss=4.5359 train_acc=6.96% val_acc=7.51% best=7.80% lr=0.00048707268 time=12.5s avg_epoch=12.0s est_planned=59m 50s
[VANILLA][lg_official_b128][033/300] loss=4.5230 train_acc=7.00% val_acc=7.96% best=7.96% lr=0.00048623315 time=12.3s avg_epoch=12.0s est_planned=59m 53s saved_best
[VANILLA][lg_official_b128][034/300] loss=4.5174 train_acc=6.74% val_acc=8.91% best=8.91% lr=0.00048536799 time=11.8s avg_epoch=12.0s est_planned=59m 51s saved_best
[VANILLA][lg_official_b128][035/300] loss=4.5025 train_acc=7.07% val_acc=8.39% best=8.91% lr=0.00048447729 time=13.5s avg_epoch=12.0s est_planned=1h 00m 05s
[VANILLA][lg_official_b128][036/300] loss=4.4943 train_acc=6.91% val_acc=8.96% best=8.96% lr=0.00048356116 time=13.4s avg_epoch=12.1s est_planned=1h 00m 16s saved_best
[VANILLA][lg_official_b128][037/300] loss=4.4482 train_acc=7.59% val_acc=9.08% best=9.08% lr=0.00048261968 time=10.9s avg_epoch=12.0s est_planned=1h 00m 07s saved_best
[VANILLA][lg_official_b128][038/300] loss=4.4425 train_acc=7.63% val_acc=9.53% best=9.53% lr=0.00048165297 time=12.8s avg_epoch=12.0s est_planned=1h 00m 13s saved_best
[VANILLA][lg_official_b128][039/300] loss=4.4161 train_acc=7.64% val_acc=9.11% best=9.53% lr=0.00048066113 time=12.5s avg_epoch=12.1s est_planned=1h 00m 16s
[VANILLA][lg_official_b128][040/300] loss=4.4049 train_acc=8.68% val_acc=9.65% best=9.65% lr=0.00047964427 time=13.6s avg_epoch=12.1s est_planned=1h 00m 28s saved_best
[VANILLA][lg_official_b128][041/300] loss=4.3858 train_acc=8.47% val_acc=9.80% best=9.80% lr=0.0004786025 time=12.7s avg_epoch=12.1s est_planned=1h 00m 32s saved_best
[VANILLA][lg_official_b128][042/300] loss=4.3948 train_acc=8.41% val_acc=10.25% best=10.25% lr=0.00047753594 time=12.6s avg_epoch=12.1s est_planned=1h 00m 35s saved_best
[VANILLA][lg_official_b128][043/300] loss=4.3357 train_acc=9.04% val_acc=10.77% best=10.77% lr=0.0004764447 time=11.8s avg_epoch=12.1s est_planned=1h 00m 33s saved_best
[VANILLA][lg_official_b128][044/300] loss=4.3454 train_acc=9.17% val_acc=10.70% best=10.77% lr=0.0004753289 time=11.8s avg_epoch=12.1s est_planned=1h 00m 31s
[VANILLA][lg_official_b128][045/300] loss=4.3033 train_acc=9.51% val_acc=10.49% best=10.77% lr=0.00047418866 time=11.7s avg_epoch=12.1s est_planned=1h 00m 28s
[VANILLA][lg_official_b128][046/300] loss=4.3201 train_acc=9.29% val_acc=10.77% best=10.77% lr=0.00047302411 time=11.4s avg_epoch=12.1s est_planned=1h 00m 24s saved_best
[VANILLA][lg_official_b128][047/300] loss=4.2632 train_acc=10.00% val_acc=10.67% best=10.77% lr=0.00047183539 time=10.8s avg_epoch=12.1s est_planned=1h 00m 16s
[VANILLA][lg_official_b128][048/300] loss=4.2930 train_acc=9.78% val_acc=10.77% best=10.77% lr=0.0004706226 time=11.8s avg_epoch=12.0s est_planned=1h 00m 14s saved_best
[VANILLA][lg_official_b128][049/300] loss=4.2201 train_acc=10.33% val_acc=11.17% best=11.17% lr=0.0004693859 time=11.6s avg_epoch=12.0s est_planned=1h 00m 12s saved_best
[VANILLA][lg_official_b128][050/300] loss=4.2280 train_acc=10.51% val_acc=11.41% best=11.41% lr=0.00046812542 time=11.9s avg_epoch=12.0s est_planned=1h 00m 11s saved_best
[VANILLA][lg_official_b128][051/300] loss=4.2230 train_acc=10.26% val_acc=11.63% best=11.63% lr=0.00046684129 time=12.3s avg_epoch=12.0s est_planned=1h 00m 12s saved_best
[VANILLA][lg_official_b128][052/300] loss=4.2046 train_acc=11.43% val_acc=11.62% best=11.63% lr=0.00046553365 time=11.8s avg_epoch=12.0s est_planned=1h 00m 11s
[VANILLA][lg_official_b128][053/300] loss=4.1962 train_acc=10.78% val_acc=11.74% best=11.74% lr=0.00046420265 time=11.9s avg_epoch=12.0s est_planned=1h 00m 10s saved_best
[VANILLA][lg_official_b128][054/300] loss=4.1430 train_acc=11.58% val_acc=11.67% best=11.74% lr=0.00046284844 time=11.9s avg_epoch=12.0s est_planned=1h 00m 09s
[VANILLA][lg_official_b128][055/300] loss=4.1526 train_acc=11.29% val_acc=11.49% best=11.74% lr=0.00046147116 time=10.8s avg_epoch=12.0s est_planned=1h 00m 02s
[VANILLA][lg_official_b128][056/300] loss=4.1315 train_acc=12.42% val_acc=12.12% best=12.12% lr=0.00046007097 time=10.7s avg_epoch=12.0s est_planned=59m 56s saved_best
[VANILLA][lg_official_b128][057/300] loss=4.1234 train_acc=11.72% val_acc=11.46% best=12.12% lr=0.00045864801 time=11.1s avg_epoch=12.0s est_planned=59m 51s
[VANILLA][lg_official_b128][058/300] loss=4.1092 train_acc=11.89% val_acc=12.43% best=12.43% lr=0.00045720244 time=10.8s avg_epoch=12.0s est_planned=59m 45s saved_best
[VANILLA][lg_official_b128][059/300] loss=4.0668 train_acc=12.50% val_acc=12.74% best=12.74% lr=0.00045573443 time=10.8s avg_epoch=11.9s est_planned=59m 39s saved_best
[VANILLA][lg_official_b128][060/300] loss=4.0550 train_acc=13.35% val_acc=13.29% best=13.29% lr=0.00045424413 time=10.8s avg_epoch=11.9s est_planned=59m 33s saved_best
[VANILLA][lg_official_b128][061/300] loss=4.0550 train_acc=12.58% val_acc=12.62% best=13.29% lr=0.00045273171 time=11.5s avg_epoch=11.9s est_planned=59m 31s
[VANILLA][lg_official_b128][062/300] loss=4.0861 train_acc=12.33% val_acc=13.48% best=13.48% lr=0.00045119733 time=11.5s avg_epoch=11.9s est_planned=59m 29s saved_best
[VANILLA][lg_official_b128][063/300] loss=4.0311 train_acc=13.16% val_acc=12.82% best=13.48% lr=0.00044964115 time=12.3s avg_epoch=11.9s est_planned=59m 31s
[VANILLA][lg_official_b128][064/300] loss=4.0274 train_acc=13.25% val_acc=12.53% best=13.48% lr=0.00044806337 time=11.9s avg_epoch=11.9s est_planned=59m 31s
[VANILLA][lg_official_b128][065/300] loss=4.0269 train_acc=13.71% val_acc=12.89% best=13.48% lr=0.00044646413 time=12.8s avg_epoch=11.9s est_planned=59m 35s
[VANILLA][lg_official_b128][066/300] loss=3.9743 train_acc=14.08% val_acc=13.55% best=13.55% lr=0.00044484363 time=12.8s avg_epoch=11.9s est_planned=59m 39s saved_best
[VANILLA][lg_official_b128][067/300] loss=3.9245 train_acc=14.45% val_acc=13.44% best=13.55% lr=0.00044320203 time=13.0s avg_epoch=11.9s est_planned=59m 44s
[VANILLA][lg_official_b128][068/300] loss=3.9717 train_acc=14.23% val_acc=13.65% best=13.65% lr=0.00044153952 time=12.3s avg_epoch=12.0s est_planned=59m 45s saved_best
[VANILLA][lg_official_b128][069/300] loss=3.9486 train_acc=14.64% val_acc=14.00% best=14.00% lr=0.00043985628 time=10.7s avg_epoch=11.9s est_planned=59m 40s saved_best
[VANILLA][lg_official_b128][070/300] loss=3.9148 train_acc=14.57% val_acc=14.27% best=14.27% lr=0.00043815249 time=10.8s avg_epoch=11.9s est_planned=59m 35s saved_best
[VANILLA][lg_official_b128][071/300] loss=3.9630 train_acc=14.25% val_acc=13.96% best=14.27% lr=0.00043642834 time=10.7s avg_epoch=11.9s est_planned=59m 30s
[VANILLA][lg_official_b128][072/300] loss=3.8806 train_acc=15.49% val_acc=13.81% best=14.27% lr=0.00043468403 time=10.8s avg_epoch=11.9s est_planned=59m 26s
[VANILLA][lg_official_b128][073/300] loss=3.8502 train_acc=16.34% val_acc=13.48% best=14.27% lr=0.00043291974 time=11.9s avg_epoch=11.9s est_planned=59m 26s
[VANILLA][lg_official_b128][074/300] loss=3.8540 train_acc=15.91% val_acc=14.43% best=14.43% lr=0.00043113566 time=11.9s avg_epoch=11.9s est_planned=59m 26s saved_best
[VANILLA][lg_official_b128][075/300] loss=3.8459 train_acc=16.83% val_acc=14.20% best=14.43% lr=0.00042933199 time=13.1s avg_epoch=11.9s est_planned=59m 31s
[VANILLA][lg_official_b128][076/300] loss=3.8150 train_acc=16.59% val_acc=14.65% best=14.65% lr=0.00042750893 time=12.8s avg_epoch=11.9s est_planned=59m 34s saved_best
[VANILLA][lg_official_b128][077/300] loss=3.7595 train_acc=17.53% val_acc=13.86% best=14.65% lr=0.00042566668 time=11.8s avg_epoch=11.9s est_planned=59m 34s
[VANILLA][lg_official_b128][078/300] loss=3.7944 train_acc=16.92% val_acc=14.83% best=14.83% lr=0.00042380544 time=12.1s avg_epoch=11.9s est_planned=59m 34s saved_best
[VANILLA][lg_official_b128][079/300] loss=3.8195 train_acc=16.61% val_acc=14.19% best=14.83% lr=0.00042192541 time=10.9s avg_epoch=11.9s est_planned=59m 30s
[VANILLA][lg_official_b128][080/300] loss=3.7548 train_acc=17.36% val_acc=14.17% best=14.83% lr=0.0004200268 time=12.7s avg_epoch=11.9s est_planned=59m 33s
[VANILLA][lg_official_b128][081/300] loss=3.7163 train_acc=18.10% val_acc=15.19% best=15.19% lr=0.00041810983 time=11.5s avg_epoch=11.9s est_planned=59m 32s saved_best
[VANILLA][lg_official_b128][082/300] loss=3.7467 train_acc=17.58% val_acc=14.95% best=15.19% lr=0.00041617469 time=13.3s avg_epoch=11.9s est_planned=59m 37s
[VANILLA][lg_official_b128][083/300] loss=3.7307 train_acc=17.78% val_acc=15.26% best=15.26% lr=0.0004142216 time=13.1s avg_epoch=11.9s est_planned=59m 41s saved_best
[VANILLA][lg_official_b128][084/300] loss=3.6867 train_acc=18.72% val_acc=14.91% best=15.26% lr=0.00041225078 time=11.8s avg_epoch=11.9s est_planned=59m 40s
[VANILLA][lg_official_b128][085/300] loss=3.7047 train_acc=18.82% val_acc=15.17% best=15.26% lr=0.00041026244 time=12.0s avg_epoch=11.9s est_planned=59m 41s
[VANILLA][lg_official_b128][086/300] loss=3.6515 train_acc=19.74% val_acc=14.89% best=15.26% lr=0.0004082568 time=12.0s avg_epoch=11.9s est_planned=59m 41s
[VANILLA][lg_official_b128][087/300] loss=3.6492 train_acc=19.31% val_acc=15.52% best=15.52% lr=0.00040623408 time=11.7s avg_epoch=11.9s est_planned=59m 40s saved_best
[VANILLA][lg_official_b128][088/300] loss=3.5993 train_acc=20.84% val_acc=15.59% best=15.59% lr=0.0004041945 time=11.7s avg_epoch=11.9s est_planned=59m 39s saved_best
[VANILLA][lg_official_b128][089/300] loss=3.6041 train_acc=19.46% val_acc=15.79% best=15.79% lr=0.00040213828 time=11.9s avg_epoch=11.9s est_planned=59m 39s saved_best
[VANILLA][lg_official_b128][090/300] loss=3.6072 train_acc=20.02% val_acc=15.65% best=15.79% lr=0.00040006566 time=13.1s avg_epoch=11.9s est_planned=59m 43s
[VANILLA][lg_official_b128][091/300] loss=3.5688 train_acc=21.40% val_acc=15.62% best=15.79% lr=0.00039797685 time=12.8s avg_epoch=12.0s est_planned=59m 45s
[VANILLA][lg_official_b128][092/300] loss=3.5360 train_acc=22.01% val_acc=15.46% best=15.79% lr=0.00039587209 time=11.8s avg_epoch=11.9s est_planned=59m 45s
[VANILLA][lg_official_b128][093/300] loss=3.4974 train_acc=21.59% val_acc=15.83% best=15.83% lr=0.00039375161 time=13.7s avg_epoch=12.0s est_planned=59m 50s saved_best
[VANILLA][lg_official_b128][094/300] loss=3.4931 train_acc=21.47% val_acc=15.62% best=15.83% lr=0.00039161564 time=12.9s avg_epoch=12.0s est_planned=59m 53s
[VANILLA][lg_official_b128][095/300] loss=3.4898 train_acc=22.84% val_acc=15.46% best=15.83% lr=0.00038946441 time=12.3s avg_epoch=12.0s est_planned=59m 54s
[VANILLA][lg_official_b128][096/300] loss=3.4732 train_acc=22.98% val_acc=15.76% best=15.83% lr=0.00038729816 time=10.9s avg_epoch=12.0s est_planned=59m 51s
[VANILLA][lg_official_b128][097/300] loss=3.4342 train_acc=23.57% val_acc=16.15% best=16.15% lr=0.00038511713 time=11.7s avg_epoch=12.0s est_planned=59m 50s saved_best
[VANILLA][lg_official_b128][098/300] loss=3.3801 train_acc=23.57% val_acc=15.91% best=16.15% lr=0.00038292156 time=10.8s avg_epoch=12.0s est_planned=59m 47s
[VANILLA][lg_official_b128][099/300] loss=3.4100 train_acc=24.25% val_acc=15.88% best=16.15% lr=0.00038071168 time=11.7s avg_epoch=12.0s est_planned=59m 46s
[VANILLA][lg_official_b128][100/300] loss=3.4015 train_acc=23.93% val_acc=16.09% best=16.15% lr=0.00037848775 time=11.9s avg_epoch=12.0s est_planned=59m 46s
[VANILLA][lg_official_b128][101/300] loss=3.3688 train_acc=24.88% val_acc=15.77% best=16.15% lr=0.00037625 time=12.1s avg_epoch=12.0s est_planned=59m 46s
[VANILLA][lg_official_b128][102/300] loss=3.3454 train_acc=25.31% val_acc=15.86% best=16.15% lr=0.00037399868 time=13.1s avg_epoch=12.0s est_planned=59m 50s
[VANILLA][lg_official_b128][103/300] loss=3.3553 train_acc=25.07% val_acc=15.48% best=16.15% lr=0.00037173403 time=11.3s avg_epoch=12.0s est_planned=59m 48s
[VANILLA][lg_official_b128][104/300] loss=3.2827 train_acc=25.87% val_acc=16.09% best=16.15% lr=0.00036945631 time=12.7s avg_epoch=12.0s est_planned=59m 50s
[VANILLA][lg_official_b128][105/300] loss=3.2797 train_acc=26.48% val_acc=16.33% best=16.33% lr=0.00036716577 time=11.9s avg_epoch=12.0s est_planned=59m 50s saved_best
[VANILLA][lg_official_b128][106/300] loss=3.2853 train_acc=26.15% val_acc=15.98% best=16.33% lr=0.00036486265 time=11.3s avg_epoch=12.0s est_planned=59m 48s
[VANILLA][lg_official_b128][107/300] loss=3.2548 train_acc=26.14% val_acc=16.48% best=16.48% lr=0.00036254721 time=11.8s avg_epoch=12.0s est_planned=59m 48s saved_best
[VANILLA][lg_official_b128][108/300] loss=3.2740 train_acc=27.16% val_acc=16.52% best=16.52% lr=0.0003602197 time=10.8s avg_epoch=11.9s est_planned=59m 44s saved_best
[VANILLA][lg_official_b128][109/300] loss=3.2406 train_acc=27.68% val_acc=15.95% best=16.52% lr=0.00035788037 time=10.7s avg_epoch=11.9s est_planned=59m 41s
[VANILLA][lg_official_b128][110/300] loss=3.2022 train_acc=28.11% val_acc=16.69% best=16.69% lr=0.0003555295 time=10.8s avg_epoch=11.9s est_planned=59m 38s saved_best
[VANILLA][lg_official_b128][111/300] loss=3.1726 train_acc=29.09% val_acc=16.12% best=16.69% lr=0.00035316732 time=10.8s avg_epoch=11.9s est_planned=59m 35s
[VANILLA][lg_official_b128][112/300] loss=3.1746 train_acc=29.36% val_acc=16.12% best=16.69% lr=0.0003507941 time=10.9s avg_epoch=11.9s est_planned=59m 32s
[VANILLA][lg_official_b128][113/300] loss=3.1840 train_acc=28.62% val_acc=16.21% best=16.69% lr=0.00034841011 time=10.8s avg_epoch=11.9s est_planned=59m 29s
[VANILLA][lg_official_b128][114/300] loss=3.1389 train_acc=28.94% val_acc=16.60% best=16.69% lr=0.00034601559 time=10.8s avg_epoch=11.9s est_planned=59m 26s
[VANILLA][lg_official_b128][115/300] loss=3.0919 train_acc=31.39% val_acc=16.17% best=16.69% lr=0.00034361083 time=10.8s avg_epoch=11.9s est_planned=59m 24s
[VANILLA][lg_official_b128][116/300] loss=3.1007 train_acc=30.66% val_acc=16.02% best=16.69% lr=0.00034119607 time=10.8s avg_epoch=11.9s est_planned=59m 21s
[VANILLA][lg_official_b128][117/300] loss=3.1043 train_acc=30.25% val_acc=15.74% best=16.69% lr=0.00033877158 time=10.8s avg_epoch=11.9s est_planned=59m 18s
[VANILLA][lg_official_b128][118/300] loss=3.0821 train_acc=31.10% val_acc=16.33% best=16.69% lr=0.00033633764 time=10.9s avg_epoch=11.9s est_planned=59m 15s
[VANILLA][lg_official_b128][119/300] loss=3.0554 train_acc=30.89% val_acc=16.33% best=16.69% lr=0.0003338945 time=13.2s avg_epoch=11.9s est_planned=59m 19s
[VANILLA][lg_official_b128][120/300] loss=3.0143 train_acc=32.59% val_acc=16.09% best=16.69% lr=0.00033144243 time=12.9s avg_epoch=11.9s est_planned=59m 22s
[VANILLA][lg_official_b128][121/300] loss=2.9981 train_acc=32.66% val_acc=16.17% best=16.69% lr=0.00032898171 time=12.6s avg_epoch=11.9s est_planned=59m 23s
[VANILLA][lg_official_b128][122/300] loss=2.9973 train_acc=32.98% val_acc=16.66% best=16.69% lr=0.0003265126 time=12.2s avg_epoch=11.9s est_planned=59m 24s
[VANILLA][lg_official_b128][123/300] loss=2.9772 train_acc=33.78% val_acc=16.71% best=16.71% lr=0.00032403537 time=11.2s avg_epoch=11.9s est_planned=59m 22s saved_best
[VANILLA][lg_official_b128][124/300] loss=2.9237 train_acc=34.44% val_acc=16.55% best=16.71% lr=0.0003215503 time=11.4s avg_epoch=11.9s est_planned=59m 21s
[VANILLA][lg_official_b128][125/300] loss=2.9676 train_acc=33.64% val_acc=16.67% best=16.71% lr=0.00031905766 time=12.1s avg_epoch=11.9s est_planned=59m 22s
[VANILLA][lg_official_b128][126/300] loss=2.9001 train_acc=34.99% val_acc=16.17% best=16.71% lr=0.00031655771 time=11.6s avg_epoch=11.9s est_planned=59m 21s
[VANILLA][lg_official_b128][127/300] loss=2.8960 train_acc=35.12% val_acc=16.29% best=16.71% lr=0.00031405075 time=11.7s avg_epoch=11.9s est_planned=59m 21s
[VANILLA][lg_official_b128][128/300] loss=2.8342 train_acc=35.92% val_acc=15.90% best=16.71% lr=0.00031153703 time=12.7s avg_epoch=11.9s est_planned=59m 23s
[VANILLA][lg_official_b128][129/300] loss=2.8388 train_acc=35.73% val_acc=16.12% best=16.71% lr=0.00030901684 time=12.8s avg_epoch=11.9s est_planned=59m 25s
[VANILLA][lg_official_b128][130/300] loss=2.8583 train_acc=36.38% val_acc=16.19% best=16.71% lr=0.00030649045 time=12.5s avg_epoch=11.9s est_planned=59m 26s
[VANILLA][lg_official_b128][131/300] loss=2.8364 train_acc=37.52% val_acc=16.12% best=16.71% lr=0.00030395814 time=10.8s avg_epoch=11.9s est_planned=59m 24s
[VANILLA][lg_official_b128][132/300] loss=2.8256 train_acc=37.02% val_acc=16.47% best=16.71% lr=0.00030142019 time=13.1s avg_epoch=11.9s est_planned=59m 26s
[VANILLA][lg_official_b128][133/300] loss=2.7617 train_acc=38.08% val_acc=15.93% best=16.71% lr=0.00029887688 time=11.9s avg_epoch=11.9s est_planned=59m 26s
[VANILLA][lg_official_b128][134/300] loss=2.7663 train_acc=37.79% val_acc=16.21% best=16.71% lr=0.00029632847 time=11.8s avg_epoch=11.9s est_planned=59m 26s
[VANILLA][lg_official_b128][135/300] loss=2.7719 train_acc=38.16% val_acc=16.40% best=16.71% lr=0.00029377526 time=11.9s avg_epoch=11.9s est_planned=59m 26s
[VANILLA][lg_official_b128][136/300] loss=2.7260 train_acc=39.27% val_acc=15.91% best=16.71% lr=0.00029121753 time=13.2s avg_epoch=11.9s est_planned=59m 29s
[VANILLA][lg_official_b128][137/300] loss=2.7471 train_acc=38.99% val_acc=16.28% best=16.71% lr=0.00028865555 time=12.2s avg_epoch=11.9s est_planned=59m 30s
[VANILLA][lg_official_b128][138/300] loss=2.7114 train_acc=40.01% val_acc=15.93% best=16.71% lr=0.0002860896 time=11.1s avg_epoch=11.9s est_planned=59m 28s
[VANILLA][lg_official_b128][139/300] loss=2.6138 train_acc=41.03% val_acc=16.12% best=16.71% lr=0.00028351998 time=11.1s avg_epoch=11.9s est_planned=59m 26s
[VANILLA][lg_official_b128][140/300] loss=2.7017 train_acc=40.34% val_acc=16.34% best=16.71% lr=0.00028094694 time=11.8s avg_epoch=11.9s est_planned=59m 26s
[VANILLA][lg_official_b128][141/300] loss=2.5926 train_acc=41.81% val_acc=16.66% best=16.71% lr=0.00027837079 time=10.8s avg_epoch=11.9s est_planned=59m 24s
[VANILLA][lg_official_b128][142/300] loss=2.6739 train_acc=40.05% val_acc=16.40% best=16.71% lr=0.00027579181 time=10.7s avg_epoch=11.9s est_planned=59m 22s
[VANILLA][lg_official_b128][143/300] loss=2.5862 train_acc=42.65% val_acc=16.45% best=16.71% lr=0.00027321027 time=11.8s avg_epoch=11.9s est_planned=59m 21s
[VANILLA][lg_official_b128][144/300] loss=2.5853 train_acc=42.20% val_acc=16.28% best=16.71% lr=0.00027062645 time=12.3s avg_epoch=11.9s est_planned=59m 22s
[VANILLA][lg_official_b128][145/300] loss=2.5904 train_acc=42.65% val_acc=16.07% best=16.71% lr=0.00026804065 time=12.4s avg_epoch=11.9s est_planned=59m 23s
[VANILLA][lg_official_b128][146/300] loss=2.5850 train_acc=42.66% val_acc=15.91% best=16.71% lr=0.00026545315 time=11.3s avg_epoch=11.9s est_planned=59m 22s
[VANILLA][lg_official_b128][147/300] loss=2.5536 train_acc=43.39% val_acc=16.19% best=16.71% lr=0.00026286422 time=11.5s avg_epoch=11.9s est_planned=59m 21s
[VANILLA][lg_official_b128][148/300] loss=2.5584 train_acc=43.44% val_acc=15.95% best=16.71% lr=0.00026027416 time=10.8s avg_epoch=11.9s est_planned=59m 19s
[VANILLA][lg_official_b128][149/300] loss=2.5005 train_acc=44.04% val_acc=16.48% best=16.71% lr=0.00025768325 time=13.0s avg_epoch=11.9s est_planned=59m 22s
[VANILLA][lg_official_b128][150/300] loss=2.4874 train_acc=44.17% val_acc=16.45% best=16.71% lr=0.00025509177 time=12.0s avg_epoch=11.9s est_planned=59m 22s
[VANILLA][lg_official_b128][151/300] loss=2.5024 train_acc=43.89% val_acc=17.00% best=17.00% lr=0.0002525 time=11.5s avg_epoch=11.9s est_planned=59m 21s saved_best
[VANILLA][lg_official_b128][152/300] loss=2.4483 train_acc=45.47% val_acc=16.03% best=17.00% lr=0.00024990823 time=10.9s avg_epoch=11.9s est_planned=59m 19s
[VANILLA][lg_official_b128][153/300] loss=2.4720 train_acc=44.74% val_acc=15.95% best=17.00% lr=0.00024731675 time=10.8s avg_epoch=11.9s est_planned=59m 17s
[VANILLA][lg_official_b128][154/300] loss=2.4125 train_acc=46.64% val_acc=16.00% best=17.00% lr=0.00024472584 time=11.4s avg_epoch=11.9s est_planned=59m 16s
[VANILLA][lg_official_b128][155/300] loss=2.4265 train_acc=46.93% val_acc=16.45% best=17.00% lr=0.00024213578 time=10.7s avg_epoch=11.8s est_planned=59m 14s
[VANILLA][lg_official_b128][156/300] loss=2.4467 train_acc=45.13% val_acc=16.88% best=17.00% lr=0.00023954685 time=10.7s avg_epoch=11.8s est_planned=59m 12s
[VANILLA][lg_official_b128][157/300] loss=2.3645 train_acc=46.98% val_acc=16.38% best=17.00% lr=0.00023695935 time=10.8s avg_epoch=11.8s est_planned=59m 10s
[VANILLA][lg_official_b128][158/300] loss=2.4283 train_acc=46.20% val_acc=16.34% best=17.00% lr=0.00023437355 time=12.7s avg_epoch=11.8s est_planned=59m 11s
[VANILLA][lg_official_b128][159/300] loss=2.3643 train_acc=47.96% val_acc=16.33% best=17.00% lr=0.00023178973 time=11.3s avg_epoch=11.8s est_planned=59m 11s
[VANILLA][lg_official_b128][160/300] loss=2.3904 train_acc=47.94% val_acc=16.48% best=17.00% lr=0.00022920819 time=10.9s avg_epoch=11.8s est_planned=59m 09s
[VANILLA][lg_official_b128][161/300] loss=2.3535 train_acc=46.62% val_acc=16.81% best=17.00% lr=0.00022662921 time=11.1s avg_epoch=11.8s est_planned=59m 08s
[VANILLA][lg_official_b128][162/300] loss=2.3752 train_acc=47.66% val_acc=16.21% best=17.00% lr=0.00022405306 time=12.2s avg_epoch=11.8s est_planned=59m 08s
[VANILLA][lg_official_b128][163/300] loss=2.3236 train_acc=48.73% val_acc=16.22% best=17.00% lr=0.00022148002 time=11.1s avg_epoch=11.8s est_planned=59m 07s
[VANILLA][lg_official_b128][164/300] loss=2.3188 train_acc=48.62% val_acc=16.41% best=17.00% lr=0.0002189104 time=11.6s avg_epoch=11.8s est_planned=59m 07s
[VANILLA][lg_official_b128][165/300] loss=2.3096 train_acc=49.13% val_acc=16.93% best=17.00% lr=0.00021634445 time=10.9s avg_epoch=11.8s est_planned=59m 05s
[VANILLA][lg_official_b128][166/300] loss=2.3093 train_acc=48.98% val_acc=16.71% best=17.00% lr=0.00021378247 time=10.9s avg_epoch=11.8s est_planned=59m 03s
[VANILLA][lg_official_b128][167/300] loss=2.2997 train_acc=48.76% val_acc=17.00% best=17.00% lr=0.00021122474 time=11.6s avg_epoch=11.8s est_planned=59m 03s saved_best
[VANILLA][lg_official_b128][168/300] loss=2.2773 train_acc=49.44% val_acc=16.38% best=17.00% lr=0.00020867153 time=10.8s avg_epoch=11.8s est_planned=59m 01s
[VANILLA][lg_official_b128][169/300] loss=2.2763 train_acc=49.52% val_acc=17.21% best=17.21% lr=0.00020612312 time=11.8s avg_epoch=11.8s est_planned=59m 01s saved_best
[VANILLA][lg_official_b128][170/300] loss=2.3151 train_acc=49.27% val_acc=16.28% best=17.21% lr=0.00020357981 time=12.0s avg_epoch=11.8s est_planned=59m 02s
[VANILLA][lg_official_b128][171/300] loss=2.2603 train_acc=49.13% val_acc=16.31% best=17.21% lr=0.00020104186 time=11.6s avg_epoch=11.8s est_planned=59m 01s
[VANILLA][lg_official_b128][172/300] loss=2.2366 train_acc=50.80% val_acc=16.50% best=17.21% lr=0.00019850955 time=11.3s avg_epoch=11.8s est_planned=59m 00s
[VANILLA][lg_official_b128][173/300] loss=2.2365 train_acc=50.05% val_acc=17.19% best=17.21% lr=0.00019598316 time=10.7s avg_epoch=11.8s est_planned=58m 59s
[VANILLA][lg_official_b128][174/300] loss=2.1990 train_acc=51.65% val_acc=16.81% best=17.21% lr=0.00019346297 time=12.8s avg_epoch=11.8s est_planned=59m 00s
[VANILLA][lg_official_b128][175/300] loss=2.1930 train_acc=50.93% val_acc=16.71% best=17.21% lr=0.00019094925 time=11.7s avg_epoch=11.8s est_planned=59m 00s
[VANILLA][lg_official_b128][176/300] loss=2.2223 train_acc=50.17% val_acc=16.47% best=17.21% lr=0.00018844229 time=11.1s avg_epoch=11.8s est_planned=58m 59s
[VANILLA][lg_official_b128][177/300] loss=2.1744 train_acc=52.31% val_acc=16.88% best=17.21% lr=0.00018594234 time=11.1s avg_epoch=11.8s est_planned=58m 58s
[VANILLA][lg_official_b128][178/300] loss=2.1474 train_acc=52.39% val_acc=16.67% best=17.21% lr=0.0001834497 time=12.2s avg_epoch=11.8s est_planned=58m 58s
[VANILLA][lg_official_b128][179/300] loss=2.1706 train_acc=52.12% val_acc=16.53% best=17.21% lr=0.00018096463 time=12.9s avg_epoch=11.8s est_planned=59m 00s
[VANILLA][lg_official_b128][180/300] loss=2.1363 train_acc=52.38% val_acc=17.19% best=17.21% lr=0.0001784874 time=11.7s avg_epoch=11.8s est_planned=59m 00s
[VANILLA][lg_official_b128][181/300] loss=2.1905 train_acc=51.85% val_acc=16.59% best=17.21% lr=0.00017601829 time=12.6s avg_epoch=11.8s est_planned=59m 01s
[VANILLA][lg_official_b128][182/300] loss=2.1282 train_acc=53.01% val_acc=16.47% best=17.21% lr=0.00017355757 time=11.4s avg_epoch=11.8s est_planned=59m 01s
[VANILLA][lg_official_b128][183/300] loss=2.1304 train_acc=52.56% val_acc=16.15% best=17.21% lr=0.0001711055 time=12.3s avg_epoch=11.8s est_planned=59m 02s
[VANILLA][lg_official_b128][184/300] loss=2.1379 train_acc=52.82% val_acc=17.38% best=17.38% lr=0.00016866236 time=12.0s avg_epoch=11.8s est_planned=59m 02s saved_best
[VANILLA][lg_official_b128][185/300] loss=2.1225 train_acc=52.67% val_acc=16.64% best=17.38% lr=0.00016622842 time=13.3s avg_epoch=11.8s est_planned=59m 05s
[VANILLA][lg_official_b128][186/300] loss=2.1271 train_acc=53.21% val_acc=15.95% best=17.38% lr=0.00016380393 time=11.8s avg_epoch=11.8s est_planned=59m 04s
[VANILLA][lg_official_b128][187/300] loss=2.0678 train_acc=54.13% val_acc=16.66% best=17.38% lr=0.00016138917 time=11.7s avg_epoch=11.8s est_planned=59m 04s
[VANILLA][lg_official_b128][188/300] loss=2.1308 train_acc=52.70% val_acc=16.81% best=17.38% lr=0.00015898441 time=11.8s avg_epoch=11.8s est_planned=59m 04s
[VANILLA][lg_official_b128][189/300] loss=2.0786 train_acc=53.79% val_acc=16.59% best=17.38% lr=0.00015658989 time=11.2s avg_epoch=11.8s est_planned=59m 03s
[VANILLA][lg_official_b128][190/300] loss=2.0562 train_acc=54.23% val_acc=16.40% best=17.38% lr=0.0001542059 time=12.3s avg_epoch=11.8s est_planned=59m 04s
[VANILLA][lg_official_b128][191/300] loss=2.0619 train_acc=54.45% val_acc=16.97% best=17.38% lr=0.00015183268 time=13.1s avg_epoch=11.8s est_planned=59m 06s
[VANILLA][lg_official_b128][192/300] loss=2.0169 train_acc=55.64% val_acc=16.74% best=17.38% lr=0.0001494705 time=13.0s avg_epoch=11.8s est_planned=59m 08s
[VANILLA][lg_official_b128][193/300] loss=2.0528 train_acc=54.09% val_acc=16.33% best=17.38% lr=0.00014711963 time=12.8s avg_epoch=11.8s est_planned=59m 10s
[VANILLA][lg_official_b128][194/300] loss=2.0467 train_acc=54.26% val_acc=16.52% best=17.38% lr=0.0001447803 time=13.0s avg_epoch=11.8s est_planned=59m 11s
[VANILLA][lg_official_b128][195/300] loss=1.9834 train_acc=55.98% val_acc=16.28% best=17.38% lr=0.00014245279 time=12.6s avg_epoch=11.8s est_planned=59m 13s
[VANILLA][lg_official_b128][196/300] loss=2.0229 train_acc=55.03% val_acc=17.00% best=17.38% lr=0.00014013735 time=12.8s avg_epoch=11.8s est_planned=59m 14s
[VANILLA][lg_official_b128][197/300] loss=1.9857 train_acc=55.96% val_acc=16.72% best=17.38% lr=0.00013783423 time=10.7s avg_epoch=11.8s est_planned=59m 12s
[VANILLA][lg_official_b128][198/300] loss=1.9933 train_acc=55.35% val_acc=16.15% best=17.38% lr=0.00013554369 time=12.2s avg_epoch=11.8s est_planned=59m 13s
[VANILLA][lg_official_b128][199/300] loss=2.0078 train_acc=55.26% val_acc=16.26% best=17.38% lr=0.00013326597 time=12.1s avg_epoch=11.8s est_planned=59m 13s
[VANILLA][lg_official_b128][200/300] loss=1.9620 train_acc=56.54% val_acc=16.83% best=17.38% lr=0.00013100132 time=12.2s avg_epoch=11.8s est_planned=59m 14s
[VANILLA][lg_official_b128][201/300] loss=1.9889 train_acc=55.86% val_acc=16.97% best=17.38% lr=0.00012875 time=12.2s avg_epoch=11.8s est_planned=59m 14s
[VANILLA][lg_official_b128][202/300] loss=2.0094 train_acc=55.69% val_acc=16.76% best=17.38% lr=0.00012651225 time=12.3s avg_epoch=11.9s est_planned=59m 15s
[VANILLA][lg_official_b128][203/300] loss=1.9663 train_acc=56.01% val_acc=16.66% best=17.38% lr=0.00012428832 time=11.6s avg_epoch=11.8s est_planned=59m 15s
[VANILLA][lg_official_b128][204/300] loss=1.9615 train_acc=56.17% val_acc=16.62% best=17.38% lr=0.00012207844 time=11.9s avg_epoch=11.8s est_planned=59m 15s
[VANILLA][lg_official_b128][205/300] loss=1.9375 train_acc=56.61% val_acc=16.78% best=17.38% lr=0.00011988287 time=11.9s avg_epoch=11.8s est_planned=59m 15s
[VANILLA][lg_official_b128][206/300] loss=1.9855 train_acc=55.83% val_acc=17.28% best=17.38% lr=0.00011770184 time=12.2s avg_epoch=11.9s est_planned=59m 15s
[VANILLA][lg_official_b128][207/300] loss=1.9790 train_acc=55.94% val_acc=16.26% best=17.38% lr=0.00011553559 time=12.7s avg_epoch=11.9s est_planned=59m 16s
[VANILLA][lg_official_b128][208/300] loss=1.9593 train_acc=55.94% val_acc=16.69% best=17.38% lr=0.00011338436 time=11.6s avg_epoch=11.9s est_planned=59m 16s
[VANILLA][lg_official_b128][209/300] loss=2.0123 train_acc=55.45% val_acc=17.02% best=17.38% lr=0.00011124839 time=11.9s avg_epoch=11.9s est_planned=59m 16s
[VANILLA][lg_official_b128][210/300] loss=1.9296 train_acc=57.18% val_acc=16.74% best=17.38% lr=0.00010912791 time=11.6s avg_epoch=11.9s est_planned=59m 16s
[VANILLA][lg_official_b128][211/300] loss=1.9026 train_acc=57.57% val_acc=16.66% best=17.38% lr=0.00010702315 time=12.8s avg_epoch=11.9s est_planned=59m 17s
[VANILLA][lg_official_b128][212/300] loss=1.8558 train_acc=58.44% val_acc=16.69% best=17.38% lr=0.00010493434 time=11.5s avg_epoch=11.9s est_planned=59m 16s
[VANILLA][lg_official_b128][213/300] loss=1.9530 train_acc=56.33% val_acc=16.79% best=17.38% lr=0.00010286172 time=10.7s avg_epoch=11.8s est_planned=59m 15s
[VANILLA][lg_official_b128][214/300] loss=1.9071 train_acc=57.78% val_acc=16.45% best=17.38% lr=0.0001008055 time=11.5s avg_epoch=11.8s est_planned=59m 14s
[VANILLA][lg_official_b128][215/300] loss=1.8891 train_acc=58.03% val_acc=16.53% best=17.38% lr=9.8765924e-05 time=10.8s avg_epoch=11.8s est_planned=59m 13s
[VANILLA][lg_official_b128][216/300] loss=1.8906 train_acc=58.03% val_acc=16.71% best=17.38% lr=9.6743203e-05 time=12.3s avg_epoch=11.8s est_planned=59m 13s
[VANILLA][lg_official_b128][217/300] loss=1.8732 train_acc=57.83% val_acc=16.45% best=17.38% lr=9.4737563e-05 time=12.3s avg_epoch=11.8s est_planned=59m 14s
[VANILLA][lg_official_b128][218/300] loss=1.9002 train_acc=57.54% val_acc=16.62% best=17.38% lr=9.2749222e-05 time=11.9s avg_epoch=11.8s est_planned=59m 14s
[VANILLA][lg_official_b128][219/300] loss=1.9169 train_acc=57.32% val_acc=16.76% best=17.38% lr=9.0778401e-05 time=11.7s avg_epoch=11.8s est_planned=59m 14s
[VANILLA][lg_official_b128][220/300] loss=1.8698 train_acc=58.15% val_acc=17.07% best=17.38% lr=8.8825313e-05 time=13.2s avg_epoch=11.9s est_planned=59m 16s
[VANILLA][lg_official_b128][221/300] loss=1.8675 train_acc=58.14% val_acc=16.76% best=17.38% lr=8.6890175e-05 time=12.5s avg_epoch=11.9s est_planned=59m 17s
[VANILLA][lg_official_b128][222/300] loss=1.8553 train_acc=58.61% val_acc=16.69% best=17.38% lr=8.4973198e-05 time=12.1s avg_epoch=11.9s est_planned=59m 17s
[VANILLA][lg_official_b128][223/300] loss=1.8958 train_acc=57.80% val_acc=16.40% best=17.38% lr=8.3074591e-05 time=11.8s avg_epoch=11.9s est_planned=59m 17s
[VANILLA][lg_official_b128][224/300] loss=1.8109 train_acc=59.88% val_acc=16.83% best=17.38% lr=8.1194564e-05 time=11.2s avg_epoch=11.9s est_planned=59m 16s
[VANILLA][lg_official_b128][225/300] loss=1.8754 train_acc=57.59% val_acc=17.05% best=17.38% lr=7.9333323e-05 time=12.7s avg_epoch=11.9s est_planned=59m 17s
[VANILLA][lg_official_b128][226/300] loss=1.8425 train_acc=58.70% val_acc=16.81% best=17.38% lr=7.7491072e-05 time=11.9s avg_epoch=11.9s est_planned=59m 17s
[VANILLA][lg_official_b128][227/300] loss=1.8169 train_acc=60.07% val_acc=16.62% best=17.38% lr=7.5668012e-05 time=12.7s avg_epoch=11.9s est_planned=59m 18s
[VANILLA][lg_official_b128][228/300] loss=1.8493 train_acc=58.70% val_acc=16.86% best=17.38% lr=7.3864344e-05 time=11.5s avg_epoch=11.9s est_planned=59m 18s
[VANILLA][lg_official_b128][229/300] loss=1.8685 train_acc=57.90% val_acc=16.60% best=17.38% lr=7.2080265e-05 time=11.9s avg_epoch=11.9s est_planned=59m 18s
[VANILLA][lg_official_b128][230/300] loss=1.8397 train_acc=59.15% val_acc=16.64% best=17.38% lr=7.0315971e-05 time=11.7s avg_epoch=11.9s est_planned=59m 18s
[VANILLA][lg_official_b128][231/300] loss=1.8352 train_acc=58.98% val_acc=16.60% best=17.38% lr=6.8571656e-05 time=11.5s avg_epoch=11.9s est_planned=59m 17s
[VANILLA][lg_official_b128][232/300] loss=1.8324 train_acc=58.98% val_acc=16.52% best=17.38% lr=6.684751e-05 time=12.5s avg_epoch=11.9s est_planned=59m 18s
[VANILLA][lg_official_b128][233/300] loss=1.8344 train_acc=58.54% val_acc=16.59% best=17.38% lr=6.5143724e-05 time=13.2s avg_epoch=11.9s est_planned=59m 20s
[VANILLA][lg_official_b128][234/300] loss=1.8360 train_acc=58.81% val_acc=17.09% best=17.38% lr=6.3460483e-05 time=11.6s avg_epoch=11.9s est_planned=59m 19s
[VANILLA][lg_official_b128][235/300] loss=1.8151 train_acc=60.00% val_acc=17.03% best=17.38% lr=6.1797972e-05 time=11.1s avg_epoch=11.9s est_planned=59m 18s
[VANILLA][lg_official_b128][236/300] loss=1.7594 train_acc=60.67% val_acc=17.52% best=17.52% lr=6.0156375e-05 time=13.7s avg_epoch=11.9s est_planned=59m 21s saved_best
[VANILLA][lg_official_b128][237/300] loss=1.7670 train_acc=60.73% val_acc=17.24% best=17.52% lr=5.8535869e-05 time=12.6s avg_epoch=11.9s est_planned=59m 22s
[VANILLA][lg_official_b128][238/300] loss=1.8340 train_acc=58.47% val_acc=16.26% best=17.52% lr=5.6936634e-05 time=13.0s avg_epoch=11.9s est_planned=59m 23s
[VANILLA][lg_official_b128][239/300] loss=1.8592 train_acc=58.93% val_acc=16.47% best=17.52% lr=5.5358845e-05 time=11.7s avg_epoch=11.9s est_planned=59m 23s
[VANILLA][lg_official_b128][240/300] loss=1.7805 train_acc=60.21% val_acc=17.09% best=17.52% lr=5.3802675e-05 time=11.8s avg_epoch=11.9s est_planned=59m 23s
[VANILLA][lg_official_b128][241/300] loss=1.7700 train_acc=60.19% val_acc=16.91% best=17.52% lr=5.2268294e-05 time=11.7s avg_epoch=11.9s est_planned=59m 23s
[VANILLA][lg_official_b128][242/300] loss=1.8037 train_acc=59.61% val_acc=16.60% best=17.52% lr=5.0755871e-05 time=13.3s avg_epoch=11.9s est_planned=59m 24s
[VANILLA][lg_official_b128][243/300] loss=1.7476 train_acc=60.75% val_acc=16.33% best=17.52% lr=4.9265571e-05 time=11.5s avg_epoch=11.9s est_planned=59m 24s
[VANILLA][lg_official_b128][244/300] loss=1.7521 train_acc=60.43% val_acc=16.50% best=17.52% lr=4.7797558e-05 time=10.8s avg_epoch=11.9s est_planned=59m 22s
[VANILLA][lg_official_b128][245/300] loss=1.7864 train_acc=59.95% val_acc=17.00% best=17.52% lr=4.6351993e-05 time=12.6s avg_epoch=11.9s est_planned=59m 23s
[VANILLA][lg_official_b128][246/300] loss=1.7460 train_acc=60.70% val_acc=16.66% best=17.52% lr=4.4929034e-05 time=12.9s avg_epoch=11.9s est_planned=59m 25s
[VANILLA][lg_official_b128][247/300] loss=1.7037 train_acc=61.68% val_acc=16.71% best=17.52% lr=4.3528838e-05 time=13.6s avg_epoch=11.9s est_planned=59m 27s
[VANILLA][lg_official_b128][248/300] loss=1.7127 train_acc=61.48% val_acc=16.71% best=17.52% lr=4.2151558e-05 time=12.5s avg_epoch=11.9s est_planned=59m 27s
[VANILLA][lg_official_b128][249/300] loss=1.7213 train_acc=61.23% val_acc=16.50% best=17.52% lr=4.0797346e-05 time=13.2s avg_epoch=11.9s est_planned=59m 29s
[VANILLA][lg_official_b128][250/300] loss=1.7522 train_acc=61.41% val_acc=16.97% best=17.52% lr=3.9466348e-05 time=12.0s avg_epoch=11.9s est_planned=59m 29s
[VANILLA][lg_official_b128][251/300] loss=1.7529 train_acc=61.50% val_acc=16.62% best=17.52% lr=3.8158713e-05 time=13.7s avg_epoch=11.9s est_planned=59m 31s
[VANILLA][lg_official_b128][252/300] loss=1.7155 train_acc=62.42% val_acc=16.79% best=17.52% lr=3.6874582e-05 time=13.9s avg_epoch=11.9s est_planned=59m 34s
[VANILLA][lg_official_b128][253/300] loss=1.7076 train_acc=61.67% val_acc=16.85% best=17.52% lr=3.5614097e-05 time=12.2s avg_epoch=11.9s est_planned=59m 34s
[VANILLA][lg_official_b128][254/300] loss=1.7970 train_acc=59.54% val_acc=17.21% best=17.52% lr=3.4377396e-05 time=12.3s avg_epoch=11.9s est_planned=59m 34s
[VANILLA][lg_official_b128][255/300] loss=1.7572 train_acc=60.78% val_acc=17.00% best=17.52% lr=3.3164614e-05 time=11.7s avg_epoch=11.9s est_planned=59m 34s
[VANILLA][lg_official_b128][256/300] loss=1.7075 train_acc=62.36% val_acc=16.78% best=17.52% lr=3.1975885e-05 time=13.6s avg_epoch=11.9s est_planned=59m 36s
[VANILLA][lg_official_b128][257/300] loss=1.7217 train_acc=61.99% val_acc=17.10% best=17.52% lr=3.0811339e-05 time=12.9s avg_epoch=11.9s est_planned=59m 37s
[VANILLA][lg_official_b128][258/300] loss=1.7355 train_acc=60.97% val_acc=16.95% best=17.52% lr=2.9671104e-05 time=13.8s avg_epoch=11.9s est_planned=59m 39s
[VANILLA][lg_official_b128][259/300] loss=1.7140 train_acc=61.21% val_acc=16.74% best=17.52% lr=2.8555305e-05 time=11.8s avg_epoch=11.9s est_planned=59m 39s
[VANILLA][lg_official_b128][260/300] loss=1.7276 train_acc=61.43% val_acc=16.52% best=17.52% lr=2.7464063e-05 time=10.8s avg_epoch=11.9s est_planned=59m 38s
[VANILLA][lg_official_b128][261/300] loss=1.7175 train_acc=60.92% val_acc=16.60% best=17.52% lr=2.6397499e-05 time=10.8s avg_epoch=11.9s est_planned=59m 37s
[VANILLA][lg_official_b128][262/300] loss=1.7124 train_acc=61.67% val_acc=16.43% best=17.52% lr=2.535573e-05 time=13.0s avg_epoch=11.9s est_planned=59m 38s
[VANILLA][lg_official_b128][263/300] loss=1.7464 train_acc=60.97% val_acc=16.81% best=17.52% lr=2.433887e-05 time=13.1s avg_epoch=11.9s est_planned=59m 39s
[VANILLA][lg_official_b128][264/300] loss=1.7133 train_acc=61.97% val_acc=16.83% best=17.52% lr=2.334703e-05 time=11.7s avg_epoch=11.9s est_planned=59m 39s
[VANILLA][lg_official_b128][265/300] loss=1.6635 train_acc=62.40% val_acc=16.69% best=17.52% lr=2.238032e-05 time=10.8s avg_epoch=11.9s est_planned=59m 38s
[VANILLA][lg_official_b128][266/300] loss=1.7270 train_acc=61.21% val_acc=16.79% best=17.52% lr=2.1438844e-05 time=11.7s avg_epoch=11.9s est_planned=59m 37s
[VANILLA][lg_official_b128][267/300] loss=1.6691 train_acc=62.42% val_acc=16.79% best=17.52% lr=2.0522708e-05 time=13.1s avg_epoch=11.9s est_planned=59m 39s
[VANILLA][lg_official_b128][268/300] loss=1.6700 train_acc=62.42% val_acc=16.53% best=17.52% lr=1.963201e-05 time=13.6s avg_epoch=11.9s est_planned=59m 41s
[VANILLA][lg_official_b128][269/300] loss=1.7288 train_acc=61.40% val_acc=16.55% best=17.52% lr=1.8766848e-05 time=12.3s avg_epoch=11.9s est_planned=59m 41s
[VANILLA][lg_official_b128][270/300] loss=1.7164 train_acc=61.99% val_acc=16.53% best=17.52% lr=1.7927319e-05 time=12.0s avg_epoch=11.9s est_planned=59m 41s
[VANILLA][lg_official_b128][271/300] loss=1.7124 train_acc=60.99% val_acc=16.74% best=17.52% lr=1.7113512e-05 time=12.0s avg_epoch=11.9s est_planned=59m 41s
[VANILLA][lg_official_b128][272/300] loss=1.7621 train_acc=60.31% val_acc=16.60% best=17.52% lr=1.6325519e-05 time=10.9s avg_epoch=11.9s est_planned=59m 40s
[VANILLA][lg_official_b128][273/300] loss=1.7189 train_acc=61.51% val_acc=16.76% best=17.52% lr=1.5563424e-05 time=10.7s avg_epoch=11.9s est_planned=59m 39s
[VANILLA][lg_official_b128][274/300] loss=1.7188 train_acc=61.89% val_acc=16.52% best=17.52% lr=1.4827313e-05 time=11.5s avg_epoch=11.9s est_planned=59m 38s
[VANILLA][lg_official_b128][275/300] loss=1.7515 train_acc=60.87% val_acc=16.74% best=17.52% lr=1.4117265e-05 time=12.0s avg_epoch=11.9s est_planned=59m 38s
[VANILLA][lg_official_b128][276/300] loss=1.7420 train_acc=60.77% val_acc=16.57% best=17.52% lr=1.3433358e-05 time=13.3s avg_epoch=11.9s est_planned=59m 40s
[VANILLA][lg_official_b128][277/300] loss=1.6555 train_acc=62.50% val_acc=16.90% best=17.52% lr=1.2775668e-05 time=12.9s avg_epoch=11.9s est_planned=59m 41s
[VANILLA][lg_official_b128][278/300] loss=1.7159 train_acc=61.58% val_acc=16.60% best=17.52% lr=1.2144266e-05 time=12.9s avg_epoch=11.9s est_planned=59m 42s
[VANILLA][lg_official_b128][279/300] loss=1.7181 train_acc=61.63% val_acc=16.60% best=17.52% lr=1.1539222e-05 time=11.2s avg_epoch=11.9s est_planned=59m 41s
[VANILLA][lg_official_b128][280/300] loss=1.7113 train_acc=61.57% val_acc=16.62% best=17.52% lr=1.0960601e-05 time=11.9s avg_epoch=11.9s est_planned=59m 41s
[VANILLA][lg_official_b128][281/300] loss=1.6745 train_acc=61.92% val_acc=16.59% best=17.52% lr=1.0408469e-05 time=11.7s avg_epoch=11.9s est_planned=59m 41s
[VANILLA][lg_official_b128][282/300] loss=1.7467 train_acc=60.99% val_acc=16.52% best=17.52% lr=9.8828843e-06 time=11.4s avg_epoch=11.9s est_planned=59m 40s
[VANILLA][lg_official_b128][283/300] loss=1.7299 train_acc=61.40% val_acc=16.72% best=17.52% lr=9.3839054e-06 time=13.3s avg_epoch=11.9s est_planned=59m 42s
[VANILLA][lg_official_b128][284/300] loss=1.7245 train_acc=61.92% val_acc=16.45% best=17.52% lr=8.911587e-06 time=12.7s avg_epoch=11.9s est_planned=59m 43s
[VANILLA][lg_official_b128][285/300] loss=1.7086 train_acc=61.68% val_acc=16.79% best=17.52% lr=8.4659808e-06 time=11.6s avg_epoch=11.9s est_planned=59m 42s
[VANILLA][lg_official_b128][286/300] loss=1.7141 train_acc=61.14% val_acc=16.67% best=17.52% lr=8.0471357e-06 time=11.3s avg_epoch=11.9s est_planned=59m 42s
[VANILLA][lg_official_b128][287/300] loss=1.7031 train_acc=61.91% val_acc=16.59% best=17.52% lr=7.6550976e-06 time=11.5s avg_epoch=11.9s est_planned=59m 41s
[VANILLA][lg_official_b128][288/300] loss=1.6801 train_acc=61.84% val_acc=16.71% best=17.52% lr=7.2899095e-06 time=12.8s avg_epoch=11.9s est_planned=59m 42s
[VANILLA][lg_official_b128][289/300] loss=1.6931 train_acc=62.08% val_acc=16.52% best=17.52% lr=6.9516114e-06 time=12.2s avg_epoch=11.9s est_planned=59m 42s
[VANILLA][lg_official_b128][290/300] loss=1.6748 train_acc=62.43% val_acc=16.57% best=17.52% lr=6.6402405e-06 time=11.1s avg_epoch=11.9s est_planned=59m 41s
[VANILLA][lg_official_b128][291/300] loss=1.7470 train_acc=61.12% val_acc=16.53% best=17.52% lr=6.3558309e-06 time=11.8s avg_epoch=11.9s est_planned=59m 41s
[VANILLA][lg_official_b128][292/300] loss=1.6864 train_acc=62.30% val_acc=16.52% best=17.52% lr=6.0984138e-06 time=11.7s avg_epoch=11.9s est_planned=59m 41s
[VANILLA][lg_official_b128][293/300] loss=1.7058 train_acc=62.06% val_acc=16.48% best=17.52% lr=5.8680173e-06 time=11.8s avg_epoch=11.9s est_planned=59m 41s
[VANILLA][lg_official_b128][294/300] loss=1.6581 train_acc=62.57% val_acc=16.41% best=17.52% lr=5.6646669e-06 time=12.5s avg_epoch=11.9s est_planned=59m 41s
[VANILLA][lg_official_b128][295/300] loss=1.6775 train_acc=61.91% val_acc=16.60% best=17.52% lr=5.4883847e-06 time=11.4s avg_epoch=11.9s est_planned=59m 41s
[VANILLA][lg_official_b128][296/300] loss=1.6943 train_acc=61.89% val_acc=16.55% best=17.52% lr=5.3391901e-06 time=13.6s avg_epoch=11.9s est_planned=59m 43s
[VANILLA][lg_official_b128][297/300] loss=1.6983 train_acc=62.82% val_acc=16.45% best=17.52% lr=5.2170996e-06 time=12.1s avg_epoch=11.9s est_planned=59m 43s
[VANILLA][lg_official_b128][298/300] loss=1.7254 train_acc=61.72% val_acc=16.43% best=17.52% lr=5.1221263e-06 time=10.9s avg_epoch=11.9s est_planned=59m 42s
[VANILLA][lg_official_b128][299/300] loss=1.7394 train_acc=61.02% val_acc=16.36% best=17.52% lr=5.0542808e-06 time=10.8s avg_epoch=11.9s est_planned=59m 41s
[VANILLA][lg_official_b128][300/300] loss=1.6878 train_acc=62.09% val_acc=16.57% best=17.52% lr=5.0135706e-06 time=11.2s avg_epoch=11.9s est_planned=59m 40s
================================================================================
[FINAL_RESULT] vanilla_profile=lg_official_b128 best_top1=17.52%
[TIMING] avg_epoch=11.9s planned_epochs=300 estimated_total=59m 40s
[FINAL_RESULT] summary=/app/output/cub200_resnet50_224_scratch_all_full_seed1/Vanilla/lg_official_b128/vanilla_cub200_224_lg_official_b128_300ep_seed1/summary.json
[DONE] Vanilla CE-only training completed successfully.
[COMMAND][LG] /usr/bin/python methods/LG/cub200_resnet50_224_scratch/train.py --data-dir data/cub200 --teacher-root /app/output/cub200_resnet50_224_scratch_all_full_seed1/teacher_resnet50_224_scratch/teacher_cub200_resnet50_224_scratch_200ep_seed1 --output-dir /app/output/cub200_resnet50_224_scratch_all_full_seed1/LG/cub200_resnet50_224_scratch --run-name lg_cub200_resnet50_224_scratch_deit_ti_300ep_seed1 --num-workers 4
[BOOT] Python process started: /usr/bin/python
========================================================================
LOCALITY GUIDANCE / TEACHER-224 -> DEIT-TI
========================================================================
[ENV] python=3.10.12 torch=2.11.0+cu130 torchvision=0.26.0+cu130 timm=1.0.27
[ENV] cuda_available=True cuda_device_count=1
[ENV] gpu_name=NVIDIA H200 NVL
[ENV] gpu_memory_gib=139.80
[ENV] device=cuda amp=False seed=1 cudnn_benchmark=False
[PATH] data_dir=/app/scratch/input/bapedragon_519/data/cub200
[PATH] teacher_root=/app/output/cub200_resnet50_224_scratch_all_full_seed1/teacher_resnet50_224_scratch/teacher_cub200_resnet50_224_scratch_200ep_seed1
[PATH] run_dir=/app/output/cub200_resnet50_224_scratch_all_full_seed1/LG/cub200_resnet50_224_scratch/lg_cub200_resnet50_224_scratch_deit_ti_300ep_seed1
[MODE] smoke=False timing_run=False student_epochs=300 planned_epochs=300
[PROTOCOL] name=cub200_deit_ti_lg_resnet50_224_scratch_teacher_ablation_v1 optimizer=AdamW lr=0.0005 min_lr=5e-06 weight_decay=0.05 warmup=20 warmup_factor=0.001 cosine batch=128 eval_batch=200 student_image=224 teacher_image=224 drop_path=0.1 label_smoothing=0.0 pretrained=False base=lg_official eval_resize=direct eval_interpolation=bilinear
[AUGMENT] color_jitter=0.4 auto_augment=rand-m9-mstd0.5-inc1 random_erasing=0.25/pixel/1 interpolation=bicubic normalization=ImageNet drop_last_train=True
[LG] loss=CE+beta*LG_all_epochs beta=2.5 guidance_schedule=static
[LG] teacher_stages=(0,1,2) student_blocks=(0,6,11) projection=1x1 grid=larger_of_teacher_student interpolation=bilinear stage_loss=elementwise_MSE sum_stages=True
[REFERENCE] dataset=cub200 LG=n/a BASELINE=n/a paper_guidance_stop_epoch=None
[SOURCE] LG_repo_commit=d2165f74049c906b0afc9f957491960fb3c0cc8b
[DATA] CUB-200-2011 root=/app/scratch/input/bapedragon_519/data/cub200/CUB_200_2011
[DATA] train_samples=5994 test_samples=5794
[DATA] student_image=224 teacher_image=224 train_batch=128 eval_batch=200 num_workers=4 drop_last_train=True smoke=False split=train:official_train eval:official_test eval_interpolation=bilinear
[TEACHER] selected=best epoch=139 top1=48.31% sha256=6307a8289f8ddec5c79e8284af8f07d883d037aeaf936062a6833720e4f74ba7
[TEACHER_NATIVE_AUDIT] checkpoint_top1=48.31% native_teacher_224px_top1=48.31% gap=+0.00pp
[TEACHER_SHARED_VIEW] student_view_to_224px_top1=37.95% gap_to_checkpoint=-10.36pp diagnostic_only=True
[MODEL] teacher_params=23,917,832 student=deit_tiny_patch16_224 student_params=5,563,016 lg_trainable_params=691,712
[FEATURE_CHECK] teacher_raw=[(2, 512, 28, 28), (2, 1024, 14, 14), (2, 2048, 7, 7)] student=[(2, 192, 14, 14), (2, 192, 14, 14), (2, 192, 14, 14)] aligned=[(2, 512, 28, 28), (2, 1024, 14, 14), (2, 2048, 14, 14)] probe_lg=2.761093
[OPTIMIZER] official_lg_groups=head_no_decay:200,head_decay:38400,body_no_decay:72128,body_decay:6144000 no_decay=1d,bias,cls_token,pos_embed
[STUDENT] epochs=300 planned=300 initial_optimizer_lr=5e-07 official_warmup_start_lr=5e-07
[LG][001/300] loss=22.0226 ce=5.2983 lg=6.6897 beta=2.5000 guidance_active_next=True raw_derivative=n/a smoothed_derivative=n/a guidance_stop_epoch=None train_acc=0.76% val_acc=1.12% best=1.12% lr=5e-07 time=16.3s avg_epoch=16.3s est_planned=1h 21m 27s elapsed=16s saved_best
[LG][002/300] loss=21.3878 ce=5.2982 lg=6.4358 beta=2.5000 guidance_active_next=True raw_derivative=n/a smoothed_derivative=n/a guidance_stop_epoch=None train_acc=0.68% val_acc=0.67% best=1.12% lr=2.5475e-05 time=16.2s avg_epoch=16.3s est_planned=1h 21m 20s elapsed=33s
[LG][003/300] loss=18.3791 ce=5.3013 lg=5.2311 beta=2.5000 guidance_active_next=True raw_derivative=n/a smoothed_derivative=n/a guidance_stop_epoch=None train_acc=0.25% val_acc=0.52% best=1.12% lr=5.045e-05 time=15.2s avg_epoch=15.9s est_planned=1h 19m 37s elapsed=48s
[LG][004/300] loss=16.2293 ce=5.3035 lg=4.3703 beta=2.5000 guidance_active_next=True raw_derivative=n/a smoothed_derivative=n/a guidance_stop_epoch=None train_acc=0.31% val_acc=0.52% best=1.12% lr=7.5425e-05 time=15.5s avg_epoch=15.8s est_planned=1h 19m 06s elapsed=1m 04s
[LG][005/300] loss=16.5665 ce=5.3054 lg=4.5044 beta=2.5000 guidance_active_next=True raw_derivative=n/a smoothed_derivative=n/a guidance_stop_epoch=None train_acc=0.27% val_acc=0.54% best=1.12% lr=0.0001004 time=16.3s avg_epoch=15.9s est_planned=1h 19m 35s elapsed=1m 20s
[LG][006/300] loss=14.4337 ce=5.3058 lg=3.6512 beta=2.5000 guidance_active_next=True raw_derivative=n/a smoothed_derivative=n/a guidance_stop_epoch=None train_acc=0.25% val_acc=0.67% best=1.12% lr=0.000125375 time=15.2s avg_epoch=15.8s est_planned=1h 19m 01s elapsed=1m 35s
[LG][007/300] loss=14.5096 ce=5.3061 lg=3.6814 beta=2.5000 guidance_active_next=True raw_derivative=n/a smoothed_derivative=n/a guidance_stop_epoch=None train_acc=0.36% val_acc=0.52% best=1.12% lr=0.00015035 time=15.1s avg_epoch=15.7s est_planned=1h 18m 31s elapsed=1m 50s
[LG][008/300] loss=13.8865 ce=5.3048 lg=3.4327 beta=2.5000 guidance_active_next=True raw_derivative=n/a smoothed_derivative=n/a guidance_stop_epoch=None train_acc=0.42% val_acc=0.83% best=1.12% lr=0.000175325 time=15.9s avg_epoch=15.7s est_planned=1h 18m 37s elapsed=2m 06s
[LG][009/300] loss=14.4816 ce=5.2773 lg=3.6817 beta=2.5000 guidance_active_next=True raw_derivative=n/a smoothed_derivative=n/a guidance_stop_epoch=None train_acc=0.65% val_acc=1.00% best=1.12% lr=0.0002003 time=15.4s avg_epoch=15.7s est_planned=1h 18m 25s elapsed=2m 22s
[LG][010/300] loss=13.9472 ce=5.2101 lg=3.4949 beta=2.5000 guidance_active_next=True raw_derivative=n/a smoothed_derivative=n/a guidance_stop_epoch=None train_acc=0.87% val_acc=1.48% best=1.48% lr=0.000225275 time=15.4s avg_epoch=15.7s est_planned=1h 18m 17s elapsed=2m 37s saved_best
[LG][011/300] loss=13.3743 ce=5.1445 lg=3.2919 beta=2.5000 guidance_active_next=True raw_derivative=n/a smoothed_derivative=n/a guidance_stop_epoch=None train_acc=1.24% val_acc=2.49% best=2.49% lr=0.00025025 time=15.4s avg_epoch=15.6s est_planned=1h 18m 10s elapsed=2m 53s saved_best
[LG][012/300] loss=14.3161 ce=5.0971 lg=3.6876 beta=2.5000 guidance_active_next=True raw_derivative=n/a smoothed_derivative=n/a guidance_stop_epoch=None train_acc=2.02% val_acc=2.54% best=2.54% lr=0.000275225 time=15.0s avg_epoch=15.6s est_planned=1h 17m 54s elapsed=3m 08s saved_best
[LG][013/300] loss=14.0968 ce=5.0430 lg=3.6215 beta=2.5000 guidance_active_next=True raw_derivative=n/a smoothed_derivative=n/a guidance_stop_epoch=None train_acc=2.34% val_acc=3.43% best=3.43% lr=0.0003002 time=14.6s avg_epoch=15.5s est_planned=1h 17m 31s elapsed=3m 23s saved_best
[LG][014/300] loss=12.9017 ce=4.9734 lg=3.1713 beta=2.5000 guidance_active_next=True raw_derivative=n/a smoothed_derivative=n/a guidance_stop_epoch=None train_acc=2.65% val_acc=3.64% best=3.64% lr=0.000325175 time=15.1s avg_epoch=15.5s est_planned=1h 17m 22s elapsed=3m 38s saved_best
[LG][015/300] loss=13.4788 ce=4.9533 lg=3.4102 beta=2.5000 guidance_active_next=True raw_derivative=n/a smoothed_derivative=n/a guidance_stop_epoch=None train_acc=2.62% val_acc=3.97% best=3.97% lr=0.00035015 time=15.0s avg_epoch=15.4s est_planned=1h 17m 12s elapsed=3m 53s saved_best
[LG][016/300] loss=12.5936 ce=4.8764 lg=3.0869 beta=2.5000 guidance_active_next=True raw_derivative=n/a smoothed_derivative=n/a guidance_stop_epoch=None train_acc=2.97% val_acc=4.54% best=4.54% lr=0.000375125 time=15.3s avg_epoch=15.4s est_planned=1h 17m 10s elapsed=4m 08s saved_best
[LG][017/300] loss=12.6070 ce=4.8608 lg=3.0984 beta=2.5000 guidance_active_next=True raw_derivative=n/a smoothed_derivative=n/a guidance_stop_epoch=None train_acc=3.01% val_acc=4.31% best=4.54% lr=0.0004001 time=15.3s avg_epoch=15.4s est_planned=1h 17m 08s elapsed=4m 24s
[LG][018/300] loss=12.7521 ce=4.8417 lg=3.1642 beta=2.5000 guidance_active_next=True raw_derivative=n/a smoothed_derivative=n/a guidance_stop_epoch=None train_acc=3.63% val_acc=4.16% best=4.54% lr=0.000425075 time=14.6s avg_epoch=15.4s est_planned=1h 16m 55s elapsed=4m 39s
[LG][019/300] loss=12.7947 ce=4.8054 lg=3.1957 beta=2.5000 guidance_active_next=True raw_derivative=n/a smoothed_derivative=n/a guidance_stop_epoch=None train_acc=4.19% val_acc=5.64% best=5.64% lr=0.00045005 time=14.7s avg_epoch=15.3s est_planned=1h 16m 43s elapsed=4m 53s saved_best
[LG][020/300] loss=12.2219 ce=4.7790 lg=2.9772 beta=2.5000 guidance_active_next=True raw_derivative=n/a smoothed_derivative=n/a guidance_stop_epoch=None train_acc=4.14% val_acc=5.16% best=5.64% lr=0.000475025 time=15.0s avg_epoch=15.3s est_planned=1h 16m 38s elapsed=5m 08s
[LG][021/300] loss=11.9905 ce=4.7252 lg=2.9061 beta=2.5000 guidance_active_next=True raw_derivative=n/a smoothed_derivative=n/a guidance_stop_epoch=None train_acc=4.67% val_acc=7.11% best=7.11% lr=0.00049459153 time=14.6s avg_epoch=15.3s est_planned=1h 16m 27s elapsed=5m 23s saved_best
[LG][022/300] loss=11.7765 ce=4.6623 lg=2.8457 beta=2.5000 guidance_active_next=True raw_derivative=n/a smoothed_derivative=n/a guidance_stop_epoch=None train_acc=5.28% val_acc=7.16% best=7.16% lr=0.0004940394 time=14.8s avg_epoch=15.3s est_planned=1h 16m 20s elapsed=5m 38s saved_best
[LG][023/300] loss=12.7332 ce=4.6743 lg=3.2236 beta=2.5000 guidance_active_next=True raw_derivative=n/a smoothed_derivative=n/a guidance_stop_epoch=None train_acc=5.18% val_acc=7.51% best=7.51% lr=0.00049346078 time=14.5s avg_epoch=15.2s est_planned=1h 16m 11s elapsed=5m 53s saved_best
[LG][024/300] loss=11.8269 ce=4.6172 lg=2.8839 beta=2.5000 guidance_active_next=True raw_derivative=n/a smoothed_derivative=n/a guidance_stop_epoch=None train_acc=5.81% val_acc=8.18% best=8.18% lr=0.00049285573 time=14.9s avg_epoch=15.2s est_planned=1h 16m 07s elapsed=6m 08s saved_best
[LG][025/300] loss=11.6471 ce=4.5884 lg=2.8235 beta=2.5000 guidance_active_next=True raw_derivative=n/a smoothed_derivative=n/a guidance_stop_epoch=None train_acc=6.22% val_acc=8.60% best=8.60% lr=0.00049222433 time=15.3s avg_epoch=15.2s est_planned=1h 16m 08s elapsed=6m 23s saved_best
[LG][026/300] loss=13.6787 ce=4.8394 lg=3.5357 beta=2.5000 guidance_active_next=True raw_derivative=n/a smoothed_derivative=n/a guidance_stop_epoch=None train_acc=4.30% val_acc=7.04% best=8.60% lr=0.00049156664 time=15.2s avg_epoch=15.2s est_planned=1h 16m 08s elapsed=6m 38s
[LG][027/300] loss=12.5002 ce=4.6241 lg=3.1504 beta=2.5000 guidance_active_next=True raw_derivative=n/a smoothed_derivative=n/a guidance_stop_epoch=None train_acc=6.00% val_acc=8.30% best=8.60% lr=0.00049088274 time=14.5s avg_epoch=15.2s est_planned=1h 16m 00s elapsed=6m 53s
[LG][028/300] loss=13.7100 ce=4.6762 lg=3.6135 beta=2.5000 guidance_active_next=True raw_derivative=n/a smoothed_derivative=n/a guidance_stop_epoch=None train_acc=5.42% val_acc=8.01% best=8.60% lr=0.00049017269 time=14.6s avg_epoch=15.2s est_planned=1h 15m 53s elapsed=7m 08s
[LG][029/300] loss=12.0700 ce=4.5478 lg=3.0089 beta=2.5000 guidance_active_next=True raw_derivative=n/a smoothed_derivative=n/a guidance_stop_epoch=None train_acc=6.84% val_acc=10.01% best=10.01% lr=0.00048943658 time=14.5s avg_epoch=15.2s est_planned=1h 15m 46s elapsed=7m 22s saved_best
[LG][030/300] loss=11.6796 ce=4.5157 lg=2.8656 beta=2.5000 guidance_active_next=True raw_derivative=n/a smoothed_derivative=n/a guidance_stop_epoch=None train_acc=7.10% val_acc=9.86% best=10.01% lr=0.00048867448 time=14.8s avg_epoch=15.1s est_planned=1h 15m 43s elapsed=7m 37s
[LG][031/300] loss=11.6096 ce=4.4674 lg=2.8569 beta=2.5000 guidance_active_next=True raw_derivative=n/a smoothed_derivative=n/a guidance_stop_epoch=None train_acc=7.29% val_acc=10.91% best=10.91% lr=0.00048788649 time=14.5s avg_epoch=15.1s est_planned=1h 15m 36s elapsed=7m 52s saved_best
[LG][032/300] loss=11.8830 ce=4.4399 lg=2.9772 beta=2.5000 guidance_active_next=True raw_derivative=n/a smoothed_derivative=n/a guidance_stop_epoch=None train_acc=8.29% val_acc=10.39% best=10.91% lr=0.00048707268 time=14.5s avg_epoch=15.1s est_planned=1h 15m 30s elapsed=8m 06s
[LG][033/300] loss=11.6260 ce=4.4222 lg=2.8815 beta=2.5000 guidance_active_next=True raw_derivative=n/a smoothed_derivative=n/a guidance_stop_epoch=None train_acc=8.49% val_acc=11.22% best=11.22% lr=0.00048623315 time=15.0s avg_epoch=15.1s est_planned=1h 15m 30s elapsed=8m 21s saved_best
[LG][034/300] loss=11.2322 ce=4.3851 lg=2.7388 beta=2.5000 guidance_active_next=True raw_derivative=n/a smoothed_derivative=n/a guidance_stop_epoch=None train_acc=8.63% val_acc=12.22% best=12.22% lr=0.00048536799 time=15.4s avg_epoch=15.1s est_planned=1h 15m 32s elapsed=8m 37s saved_best
[LG][035/300] loss=11.2170 ce=4.3459 lg=2.7484 beta=2.5000 guidance_active_next=True raw_derivative=n/a smoothed_derivative=n/a guidance_stop_epoch=None train_acc=9.41% val_acc=12.03% best=12.22% lr=0.00048447729 time=15.2s avg_epoch=15.1s est_planned=1h 15m 32s elapsed=8m 52s
[LG][036/300] loss=11.7996 ce=4.3710 lg=2.9714 beta=2.5000 guidance_active_next=True raw_derivative=n/a smoothed_derivative=n/a guidance_stop_epoch=None train_acc=9.31% val_acc=12.63% best=12.63% lr=0.00048356116 time=14.5s avg_epoch=15.1s est_planned=1h 15m 28s elapsed=9m 07s saved_best
[LG][037/300] loss=11.1261 ce=4.2919 lg=2.7337 beta=2.5000 guidance_active_next=True raw_derivative=n/a smoothed_derivative=n/a guidance_stop_epoch=None train_acc=10.12% val_acc=12.32% best=12.63% lr=0.00048261968 time=15.3s avg_epoch=15.1s est_planned=1h 15m 29s elapsed=9m 22s
[LG][038/300] loss=10.9779 ce=4.2704 lg=2.6830 beta=2.5000 guidance_active_next=True raw_derivative=n/a smoothed_derivative=n/a guidance_stop_epoch=None train_acc=10.28% val_acc=12.79% best=12.79% lr=0.00048165297 time=14.5s avg_epoch=15.1s est_planned=1h 15m 24s elapsed=9m 37s saved_best
[LG][039/300] loss=11.0816 ce=4.2300 lg=2.7406 beta=2.5000 guidance_active_next=True raw_derivative=n/a smoothed_derivative=n/a guidance_stop_epoch=None train_acc=10.38% val_acc=12.96% best=12.96% lr=0.00048066113 time=15.1s avg_epoch=15.1s est_planned=1h 15m 24s elapsed=9m 52s saved_best
[LG][040/300] loss=11.2539 ce=4.2087 lg=2.8181 beta=2.5000 guidance_active_next=True raw_derivative=n/a smoothed_derivative=n/a guidance_stop_epoch=None train_acc=10.78% val_acc=13.20% best=13.20% lr=0.00047964427 time=15.1s avg_epoch=15.1s est_planned=1h 15m 24s elapsed=10m 07s saved_best
[LG][041/300] loss=11.2468 ce=4.1979 lg=2.8196 beta=2.5000 guidance_active_next=True raw_derivative=n/a smoothed_derivative=n/a guidance_stop_epoch=None train_acc=11.50% val_acc=13.46% best=13.46% lr=0.0004786025 time=14.4s avg_epoch=15.1s est_planned=1h 15m 19s elapsed=10m 22s saved_best
[LG][042/300] loss=11.0298 ce=4.2123 lg=2.7270 beta=2.5000 guidance_active_next=True raw_derivative=n/a smoothed_derivative=n/a guidance_stop_epoch=None train_acc=11.04% val_acc=14.31% best=14.31% lr=0.00047753594 time=15.2s avg_epoch=15.1s est_planned=1h 15m 20s elapsed=10m 37s saved_best
[LG][043/300] loss=10.9043 ce=4.1350 lg=2.7077 beta=2.5000 guidance_active_next=True raw_derivative=n/a smoothed_derivative=n/a guidance_stop_epoch=None train_acc=12.60% val_acc=14.26% best=14.31% lr=0.0004764447 time=14.5s avg_epoch=15.1s est_planned=1h 15m 16s elapsed=10m 52s
[LG][044/300] loss=10.8927 ce=4.1398 lg=2.7012 beta=2.5000 guidance_active_next=True raw_derivative=n/a smoothed_derivative=n/a guidance_stop_epoch=None train_acc=12.33% val_acc=15.10% best=15.10% lr=0.0004753289 time=15.6s avg_epoch=15.1s est_planned=1h 15m 20s elapsed=11m 07s saved_best
[LG][045/300] loss=10.9067 ce=4.1043 lg=2.7210 beta=2.5000 guidance_active_next=True raw_derivative=n/a smoothed_derivative=n/a guidance_stop_epoch=None train_acc=12.53% val_acc=14.14% best=15.10% lr=0.00047418866 time=15.2s avg_epoch=15.1s est_planned=1h 15m 21s elapsed=11m 23s
[LG][046/300] loss=11.1680 ce=4.1101 lg=2.8232 beta=2.5000 guidance_active_next=True raw_derivative=n/a smoothed_derivative=n/a guidance_stop_epoch=None train_acc=12.36% val_acc=15.19% best=15.19% lr=0.00047302411 time=14.6s avg_epoch=15.1s est_planned=1h 15m 18s elapsed=11m 37s saved_best
[LG][047/300] loss=10.5748 ce=4.0316 lg=2.6173 beta=2.5000 guidance_active_next=True raw_derivative=n/a smoothed_derivative=n/a guidance_stop_epoch=None train_acc=13.60% val_acc=15.79% best=15.79% lr=0.00047183539 time=14.6s avg_epoch=15.0s est_planned=1h 15m 15s elapsed=11m 52s saved_best
[LG][048/300] loss=10.7617 ce=4.0522 lg=2.6838 beta=2.5000 guidance_active_next=True raw_derivative=n/a smoothed_derivative=n/a guidance_stop_epoch=None train_acc=13.49% val_acc=15.12% best=15.79% lr=0.0004706226 time=15.3s avg_epoch=15.1s est_planned=1h 15m 16s elapsed=12m 08s
[LG][049/300] loss=10.9232 ce=4.0197 lg=2.7614 beta=2.5000 guidance_active_next=True raw_derivative=n/a smoothed_derivative=n/a guidance_stop_epoch=None train_acc=13.82% val_acc=15.22% best=15.79% lr=0.0004693859 time=14.5s avg_epoch=15.0s est_planned=1h 15m 13s elapsed=12m 22s
[LG][050/300] loss=11.3166 ce=4.0094 lg=2.9229 beta=2.5000 guidance_active_next=True raw_derivative=n/a smoothed_derivative=n/a guidance_stop_epoch=None train_acc=13.81% val_acc=16.81% best=16.81% lr=0.00046812542 time=14.6s avg_epoch=15.0s est_planned=1h 15m 11s elapsed=12m 37s saved_best
[LG][051/300] loss=10.6083 ce=3.9806 lg=2.6511 beta=2.5000 guidance_active_next=True raw_derivative=n/a smoothed_derivative=n/a guidance_stop_epoch=None train_acc=14.47% val_acc=15.45% best=16.81% lr=0.00046684129 time=15.3s avg_epoch=15.0s est_planned=1h 15m 12s elapsed=12m 52s
[LG][052/300] loss=10.4949 ce=3.9603 lg=2.6138 beta=2.5000 guidance_active_next=True raw_derivative=n/a smoothed_derivative=n/a guidance_stop_epoch=None train_acc=14.79% val_acc=17.54% best=17.54% lr=0.00046553365 time=15.0s avg_epoch=15.0s est_planned=1h 15m 12s elapsed=13m 08s saved_best
[LG][053/300] loss=10.4656 ce=3.9399 lg=2.6103 beta=2.5000 guidance_active_next=True raw_derivative=n/a smoothed_derivative=n/a guidance_stop_epoch=None train_acc=15.25% val_acc=17.26% best=17.54% lr=0.00046420265 time=14.5s avg_epoch=15.0s est_planned=1h 15m 09s elapsed=13m 22s
[LG][054/300] loss=10.1569 ce=3.8418 lg=2.5261 beta=2.5000 guidance_active_next=True raw_derivative=n/a smoothed_derivative=n/a guidance_stop_epoch=None train_acc=16.98% val_acc=17.74% best=17.74% lr=0.00046284844 time=15.2s avg_epoch=15.0s est_planned=1h 15m 10s elapsed=13m 37s saved_best
[LG][055/300] loss=10.3009 ce=3.8594 lg=2.5766 beta=2.5000 guidance_active_next=True raw_derivative=n/a smoothed_derivative=n/a guidance_stop_epoch=None train_acc=16.56% val_acc=18.14% best=18.14% lr=0.00046147116 time=15.3s avg_epoch=15.0s est_planned=1h 15m 11s elapsed=13m 53s saved_best
[LG][056/300] loss=10.4523 ce=3.8469 lg=2.6422 beta=2.5000 guidance_active_next=True raw_derivative=n/a smoothed_derivative=n/a guidance_stop_epoch=None train_acc=16.29% val_acc=18.07% best=18.14% lr=0.00046007097 time=15.2s avg_epoch=15.0s est_planned=1h 15m 12s elapsed=14m 08s
[LG][057/300] loss=10.1811 ce=3.8345 lg=2.5387 beta=2.5000 guidance_active_next=True raw_derivative=n/a smoothed_derivative=n/a guidance_stop_epoch=None train_acc=17.09% val_acc=18.19% best=18.19% lr=0.00045864801 time=15.4s avg_epoch=15.0s est_planned=1h 15m 14s elapsed=14m 24s saved_best
[LG][058/300] loss=10.0701 ce=3.7957 lg=2.5097 beta=2.5000 guidance_active_next=True raw_derivative=n/a smoothed_derivative=n/a guidance_stop_epoch=None train_acc=16.83% val_acc=18.61% best=18.61% lr=0.00045720244 time=14.4s avg_epoch=15.0s est_planned=1h 15m 11s elapsed=14m 38s saved_best
[LG][059/300] loss=10.5174 ce=3.7494 lg=2.7072 beta=2.5000 guidance_active_next=True raw_derivative=n/a smoothed_derivative=n/a guidance_stop_epoch=None train_acc=17.48% val_acc=17.21% best=18.61% lr=0.00045573443 time=15.3s avg_epoch=15.0s est_planned=1h 15m 13s elapsed=14m 54s
[LG][060/300] loss=10.1204 ce=3.7759 lg=2.5378 beta=2.5000 guidance_active_next=True raw_derivative=n/a smoothed_derivative=n/a guidance_stop_epoch=None train_acc=17.36% val_acc=18.07% best=18.61% lr=0.00045424413 time=15.1s avg_epoch=15.0s est_planned=1h 15m 13s elapsed=15m 09s
[LG][061/300] loss=9.8755 ce=3.7171 lg=2.4634 beta=2.5000 guidance_active_next=True raw_derivative=n/a smoothed_derivative=n/a guidance_stop_epoch=None train_acc=18.48% val_acc=18.50% best=18.61% lr=0.00045273171 time=15.1s avg_epoch=15.0s est_planned=1h 15m 13s elapsed=15m 24s
[LG][062/300] loss=9.9773 ce=3.7240 lg=2.5013 beta=2.5000 guidance_active_next=True raw_derivative=n/a smoothed_derivative=n/a guidance_stop_epoch=None train_acc=18.90% val_acc=19.78% best=19.78% lr=0.00045119733 time=14.6s avg_epoch=15.0s est_planned=1h 15m 11s elapsed=15m 39s saved_best
[LG][063/300] loss=9.8390 ce=3.6652 lg=2.4695 beta=2.5000 guidance_active_next=True raw_derivative=n/a smoothed_derivative=n/a guidance_stop_epoch=None train_acc=19.21% val_acc=20.04% best=20.04% lr=0.00044964115 time=15.3s avg_epoch=15.0s est_planned=1h 15m 13s elapsed=15m 54s saved_best
[LG][064/300] loss=9.8805 ce=3.7069 lg=2.4694 beta=2.5000 guidance_active_next=True raw_derivative=n/a smoothed_derivative=n/a guidance_stop_epoch=None train_acc=18.41% val_acc=19.69% best=20.04% lr=0.00044806337 time=15.2s avg_epoch=15.0s est_planned=1h 15m 13s elapsed=16m 09s
[LG][065/300] loss=9.9794 ce=3.6599 lg=2.5278 beta=2.5000 guidance_active_next=True raw_derivative=n/a smoothed_derivative=n/a guidance_stop_epoch=None train_acc=19.75% val_acc=19.68% best=20.04% lr=0.00044646413 time=15.1s avg_epoch=15.0s est_planned=1h 15m 13s elapsed=16m 25s
[LG][066/300] loss=9.7371 ce=3.6130 lg=2.4496 beta=2.5000 guidance_active_next=True raw_derivative=n/a smoothed_derivative=n/a guidance_stop_epoch=None train_acc=20.24% val_acc=21.04% best=21.04% lr=0.00044484363 time=15.2s avg_epoch=15.0s est_planned=1h 15m 14s elapsed=16m 40s saved_best
[LG][067/300] loss=10.0837 ce=3.5539 lg=2.6119 beta=2.5000 guidance_active_next=True raw_derivative=n/a smoothed_derivative=n/a guidance_stop_epoch=None train_acc=21.16% val_acc=20.33% best=21.04% lr=0.00044320203 time=15.1s avg_epoch=15.0s est_planned=1h 15m 14s elapsed=16m 55s
[LG][068/300] loss=10.0192 ce=3.6253 lg=2.5575 beta=2.5000 guidance_active_next=True raw_derivative=n/a smoothed_derivative=n/a guidance_stop_epoch=None train_acc=20.11% val_acc=21.00% best=21.04% lr=0.00044153952 time=15.2s avg_epoch=15.0s est_planned=1h 15m 14s elapsed=17m 10s
[LG][069/300] loss=9.6437 ce=3.5725 lg=2.4285 beta=2.5000 guidance_active_next=True raw_derivative=n/a smoothed_derivative=n/a guidance_stop_epoch=None train_acc=21.35% val_acc=19.78% best=21.04% lr=0.00043985628 time=14.6s avg_epoch=15.0s est_planned=1h 15m 12s elapsed=17m 25s
[LG][070/300] loss=9.6004 ce=3.5235 lg=2.4308 beta=2.5000 guidance_active_next=True raw_derivative=n/a smoothed_derivative=n/a guidance_stop_epoch=None train_acc=22.01% val_acc=21.51% best=21.51% lr=0.00043815249 time=15.0s avg_epoch=15.0s est_planned=1h 15m 12s elapsed=17m 40s saved_best
[LG][071/300] loss=9.6091 ce=3.5469 lg=2.4249 beta=2.5000 guidance_active_next=True raw_derivative=n/a smoothed_derivative=n/a guidance_stop_epoch=None train_acc=21.45% val_acc=21.52% best=21.52% lr=0.00043642834 time=15.5s avg_epoch=15.0s est_planned=1h 15m 14s elapsed=17m 56s saved_best
[LG][072/300] loss=9.8997 ce=3.4652 lg=2.5738 beta=2.5000 guidance_active_next=True raw_derivative=n/a smoothed_derivative=n/a guidance_stop_epoch=None train_acc=22.55% val_acc=21.92% best=21.92% lr=0.00043468403 time=14.9s avg_epoch=15.0s est_planned=1h 15m 14s elapsed=18m 11s saved_best
[LG][073/300] loss=9.8981 ce=3.4547 lg=2.5774 beta=2.5000 guidance_active_next=True raw_derivative=n/a smoothed_derivative=n/a guidance_stop_epoch=None train_acc=22.52% val_acc=21.92% best=21.92% lr=0.00043291974 time=14.6s avg_epoch=15.0s est_planned=1h 15m 12s elapsed=18m 25s saved_best
[LG][074/300] loss=9.6305 ce=3.4273 lg=2.4813 beta=2.5000 guidance_active_next=True raw_derivative=n/a smoothed_derivative=n/a guidance_stop_epoch=None train_acc=22.91% val_acc=21.21% best=21.92% lr=0.00043113566 time=14.6s avg_epoch=15.0s est_planned=1h 15m 10s elapsed=18m 40s
[LG][075/300] loss=9.7071 ce=3.4283 lg=2.5115 beta=2.5000 guidance_active_next=True raw_derivative=n/a smoothed_derivative=n/a guidance_stop_epoch=None train_acc=23.20% val_acc=20.92% best=21.92% lr=0.00042933199 time=14.5s avg_epoch=15.0s est_planned=1h 15m 08s elapsed=18m 55s
[LG][076/300] loss=9.5117 ce=3.4035 lg=2.4433 beta=2.5000 guidance_active_next=True raw_derivative=n/a smoothed_derivative=n/a guidance_stop_epoch=None train_acc=23.68% val_acc=22.21% best=22.21% lr=0.00042750893 time=15.1s avg_epoch=15.0s est_planned=1h 15m 09s elapsed=19m 10s saved_best
[LG][077/300] loss=9.3178 ce=3.3291 lg=2.3955 beta=2.5000 guidance_active_next=True raw_derivative=n/a smoothed_derivative=n/a guidance_stop_epoch=None train_acc=24.97% val_acc=22.54% best=22.54% lr=0.00042566668 time=15.3s avg_epoch=15.0s est_planned=1h 15m 10s elapsed=19m 25s saved_best
[LG][078/300] loss=9.2652 ce=3.3480 lg=2.3669 beta=2.5000 guidance_active_next=True raw_derivative=n/a smoothed_derivative=n/a guidance_stop_epoch=None train_acc=24.44% val_acc=22.52% best=22.54% lr=0.00042380544 time=15.4s avg_epoch=15.0s est_planned=1h 15m 11s elapsed=19m 41s
[LG][079/300] loss=9.2564 ce=3.3695 lg=2.3547 beta=2.5000 guidance_active_next=True raw_derivative=n/a smoothed_derivative=n/a guidance_stop_epoch=None train_acc=24.63% val_acc=22.66% best=22.66% lr=0.00042192541 time=15.2s avg_epoch=15.0s est_planned=1h 15m 12s elapsed=19m 56s saved_best
[LG][080/300] loss=9.1763 ce=3.2690 lg=2.3629 beta=2.5000 guidance_active_next=True raw_derivative=n/a smoothed_derivative=n/a guidance_stop_epoch=None train_acc=26.49% val_acc=23.20% best=23.20% lr=0.0004200268 time=14.6s avg_epoch=15.0s est_planned=1h 15m 10s elapsed=20m 11s saved_best
[LG][081/300] loss=9.2609 ce=3.2819 lg=2.3916 beta=2.5000 guidance_active_next=True raw_derivative=n/a smoothed_derivative=n/a guidance_stop_epoch=None train_acc=26.75% val_acc=23.42% best=23.42% lr=0.00041810983 time=15.2s avg_epoch=15.0s est_planned=1h 15m 11s elapsed=20m 26s saved_best
[LG][082/300] loss=9.1308 ce=3.2371 lg=2.3575 beta=2.5000 guidance_active_next=True raw_derivative=n/a smoothed_derivative=n/a guidance_stop_epoch=None train_acc=26.49% val_acc=24.32% best=24.32% lr=0.00041617469 time=14.6s avg_epoch=15.0s est_planned=1h 15m 09s elapsed=20m 41s saved_best
[LG][083/300] loss=9.0135 ce=3.2371 lg=2.3106 beta=2.5000 guidance_active_next=True raw_derivative=n/a smoothed_derivative=n/a guidance_stop_epoch=None train_acc=27.21% val_acc=23.58% best=24.32% lr=0.0004142216 time=14.5s avg_epoch=15.0s est_planned=1h 15m 08s elapsed=20m 56s
[LG][084/300] loss=9.3579 ce=3.2823 lg=2.4302 beta=2.5000 guidance_active_next=True raw_derivative=n/a smoothed_derivative=n/a guidance_stop_epoch=None train_acc=26.77% val_acc=23.27% best=24.32% lr=0.00041225078 time=14.5s avg_epoch=15.0s est_planned=1h 15m 06s elapsed=21m 10s
[LG][085/300] loss=9.5835 ce=3.2892 lg=2.5177 beta=2.5000 guidance_active_next=True raw_derivative=n/a smoothed_derivative=n/a guidance_stop_epoch=None train_acc=26.49% val_acc=22.75% best=24.32% lr=0.00041026244 time=15.0s avg_epoch=15.0s est_planned=1h 15m 06s elapsed=21m 25s
[LG][086/300] loss=9.0945 ce=3.1645 lg=2.3720 beta=2.5000 guidance_active_next=True raw_derivative=n/a smoothed_derivative=n/a guidance_stop_epoch=None train_acc=29.28% val_acc=23.73% best=24.32% lr=0.0004082568 time=15.0s avg_epoch=15.0s est_planned=1h 15m 06s elapsed=21m 40s
[LG][087/300] loss=8.8784 ce=3.1693 lg=2.2836 beta=2.5000 guidance_active_next=True raw_derivative=n/a smoothed_derivative=n/a guidance_stop_epoch=None train_acc=28.99% val_acc=24.44% best=24.44% lr=0.00040623408 time=15.3s avg_epoch=15.0s est_planned=1h 15m 07s elapsed=21m 56s saved_best
[LG][088/300] loss=8.9718 ce=3.0749 lg=2.3588 beta=2.5000 guidance_active_next=True raw_derivative=n/a smoothed_derivative=n/a guidance_stop_epoch=None train_acc=30.81% val_acc=23.97% best=24.44% lr=0.0004041945 time=15.3s avg_epoch=15.0s est_planned=1h 15m 08s elapsed=22m 11s
[LG][089/300] loss=8.9452 ce=3.0770 lg=2.3473 beta=2.5000 guidance_active_next=True raw_derivative=n/a smoothed_derivative=n/a guidance_stop_epoch=None train_acc=29.89% val_acc=23.73% best=24.44% lr=0.00040213828 time=16.0s avg_epoch=15.0s est_planned=1h 15m 11s elapsed=22m 27s
[LG][090/300] loss=9.1006 ce=3.0653 lg=2.4141 beta=2.5000 guidance_active_next=True raw_derivative=n/a smoothed_derivative=n/a guidance_stop_epoch=None train_acc=30.21% val_acc=23.52% best=24.44% lr=0.00040006566 time=15.7s avg_epoch=15.0s est_planned=1h 15m 13s elapsed=22m 43s
[LG][091/300] loss=8.8292 ce=3.0556 lg=2.3094 beta=2.5000 guidance_active_next=True raw_derivative=n/a smoothed_derivative=n/a guidance_stop_epoch=None train_acc=31.50% val_acc=25.34% best=25.34% lr=0.00039797685 time=15.5s avg_epoch=15.0s est_planned=1h 15m 14s elapsed=22m 58s saved_best
[LG][092/300] loss=8.8767 ce=3.0132 lg=2.3454 beta=2.5000 guidance_active_next=True raw_derivative=n/a smoothed_derivative=n/a guidance_stop_epoch=None train_acc=31.73% val_acc=24.77% best=25.34% lr=0.00039587209 time=15.3s avg_epoch=15.1s est_planned=1h 15m 15s elapsed=23m 14s
[LG][093/300] loss=8.8642 ce=2.9808 lg=2.3533 beta=2.5000 guidance_active_next=True raw_derivative=n/a smoothed_derivative=n/a guidance_stop_epoch=None train_acc=31.83% val_acc=24.47% best=25.34% lr=0.00039375161 time=15.3s avg_epoch=15.1s est_planned=1h 15m 16s elapsed=23m 29s
[LG][094/300] loss=8.9346 ce=2.9561 lg=2.3914 beta=2.5000 guidance_active_next=True raw_derivative=n/a smoothed_derivative=n/a guidance_stop_epoch=None train_acc=32.54% val_acc=25.25% best=25.34% lr=0.00039161564 time=15.2s avg_epoch=15.1s est_planned=1h 15m 17s elapsed=23m 44s
[LG][095/300] loss=8.8320 ce=2.9544 lg=2.3510 beta=2.5000 guidance_active_next=True raw_derivative=n/a smoothed_derivative=n/a guidance_stop_epoch=None train_acc=32.20% val_acc=24.37% best=25.34% lr=0.00038946441 time=15.8s avg_epoch=15.1s est_planned=1h 15m 19s elapsed=24m 00s
[LG][096/300] loss=8.8037 ce=2.9581 lg=2.3382 beta=2.5000 guidance_active_next=True raw_derivative=n/a smoothed_derivative=n/a guidance_stop_epoch=None train_acc=32.78% val_acc=25.35% best=25.35% lr=0.00038729816 time=15.1s avg_epoch=15.1s est_planned=1h 15m 19s elapsed=24m 16s saved_best
[LG][097/300] loss=8.6466 ce=2.8970 lg=2.2998 beta=2.5000 guidance_active_next=True raw_derivative=n/a smoothed_derivative=n/a guidance_stop_epoch=None train_acc=34.38% val_acc=25.63% best=25.63% lr=0.00038511713 time=15.3s avg_epoch=15.1s est_planned=1h 15m 20s elapsed=24m 31s saved_best
[LG][098/300] loss=8.5909 ce=2.8456 lg=2.2981 beta=2.5000 guidance_active_next=True raw_derivative=n/a smoothed_derivative=n/a guidance_stop_epoch=None train_acc=35.34% val_acc=24.91% best=25.63% lr=0.00038292156 time=15.4s avg_epoch=15.1s est_planned=1h 15m 21s elapsed=24m 46s
[LG][099/300] loss=8.7671 ce=2.8372 lg=2.3720 beta=2.5000 guidance_active_next=True raw_derivative=n/a smoothed_derivative=n/a guidance_stop_epoch=None train_acc=35.33% val_acc=25.25% best=25.63% lr=0.00038071168 time=14.7s avg_epoch=15.1s est_planned=1h 15m 20s elapsed=25m 01s
[LG][100/300] loss=8.5686 ce=2.8571 lg=2.2846 beta=2.5000 guidance_active_next=True raw_derivative=n/a smoothed_derivative=n/a guidance_stop_epoch=None train_acc=35.26% val_acc=25.98% best=25.98% lr=0.00037848775 time=15.2s avg_epoch=15.1s est_planned=1h 15m 20s elapsed=25m 17s saved_best
[LG][101/300] loss=8.6625 ce=2.8177 lg=2.3379 beta=2.5000 guidance_active_next=True raw_derivative=n/a smoothed_derivative=n/a guidance_stop_epoch=None train_acc=35.75% val_acc=25.11% best=25.98% lr=0.00037625 time=15.3s avg_epoch=15.1s est_planned=1h 15m 21s elapsed=25m 32s
[LG][102/300] loss=8.7226 ce=2.8311 lg=2.3566 beta=2.5000 guidance_active_next=True raw_derivative=n/a smoothed_derivative=n/a guidance_stop_epoch=None train_acc=35.43% val_acc=25.41% best=25.98% lr=0.00037399868 time=15.3s avg_epoch=15.1s est_planned=1h 15m 22s elapsed=25m 47s
[LG][103/300] loss=8.5906 ce=2.8146 lg=2.3104 beta=2.5000 guidance_active_next=True raw_derivative=n/a smoothed_derivative=n/a guidance_stop_epoch=None train_acc=36.24% val_acc=24.58% best=25.98% lr=0.00037173403 time=15.9s avg_epoch=15.1s est_planned=1h 15m 24s elapsed=26m 03s
[LG][104/300] loss=8.5540 ce=2.7316 lg=2.3290 beta=2.5000 guidance_active_next=True raw_derivative=n/a smoothed_derivative=n/a guidance_stop_epoch=None train_acc=37.30% val_acc=25.82% best=25.98% lr=0.00036945631 time=14.7s avg_epoch=15.1s est_planned=1h 15m 23s elapsed=26m 18s
[LG][105/300] loss=8.4781 ce=2.7102 lg=2.3072 beta=2.5000 guidance_active_next=True raw_derivative=n/a smoothed_derivative=n/a guidance_stop_epoch=None train_acc=38.06% val_acc=25.63% best=25.98% lr=0.00036716577 time=14.6s avg_epoch=15.1s est_planned=1h 15m 22s elapsed=26m 33s
[LG][106/300] loss=8.3936 ce=2.7145 lg=2.2717 beta=2.5000 guidance_active_next=True raw_derivative=n/a smoothed_derivative=n/a guidance_stop_epoch=None train_acc=38.45% val_acc=25.41% best=25.98% lr=0.00036486265 time=15.8s avg_epoch=15.1s est_planned=1h 15m 24s elapsed=26m 49s
[LG][107/300] loss=8.3890 ce=2.6924 lg=2.2787 beta=2.5000 guidance_active_next=True raw_derivative=n/a smoothed_derivative=n/a guidance_stop_epoch=None train_acc=38.28% val_acc=26.54% best=26.54% lr=0.00036254721 time=15.5s avg_epoch=15.1s est_planned=1h 15m 25s elapsed=27m 04s saved_best
[LG][108/300] loss=8.6606 ce=2.7429 lg=2.3670 beta=2.5000 guidance_active_next=True raw_derivative=n/a smoothed_derivative=n/a guidance_stop_epoch=None train_acc=38.11% val_acc=25.65% best=26.54% lr=0.0003602197 time=15.1s avg_epoch=15.1s est_planned=1h 15m 25s elapsed=27m 19s
[LG][109/300] loss=8.1476 ce=2.7008 lg=2.1787 beta=2.5000 guidance_active_next=True raw_derivative=n/a smoothed_derivative=n/a guidance_stop_epoch=None train_acc=39.16% val_acc=25.96% best=26.54% lr=0.00035788037 time=15.4s avg_epoch=15.1s est_planned=1h 15m 26s elapsed=27m 35s
[LG][110/300] loss=8.2777 ce=2.6507 lg=2.2508 beta=2.5000 guidance_active_next=True raw_derivative=n/a smoothed_derivative=n/a guidance_stop_epoch=None train_acc=39.37% val_acc=26.39% best=26.54% lr=0.0003555295 time=16.0s avg_epoch=15.1s est_planned=1h 15m 28s elapsed=27m 51s
[LG][111/300] loss=8.2603 ce=2.6143 lg=2.2584 beta=2.5000 guidance_active_next=True raw_derivative=n/a smoothed_derivative=n/a guidance_stop_epoch=None train_acc=40.08% val_acc=26.98% best=26.98% lr=0.00035316732 time=14.8s avg_epoch=15.1s est_planned=1h 15m 27s elapsed=28m 06s saved_best
[LG][112/300] loss=8.4001 ce=2.6167 lg=2.3134 beta=2.5000 guidance_active_next=True raw_derivative=n/a smoothed_derivative=n/a guidance_stop_epoch=None train_acc=40.62% val_acc=25.56% best=26.98% lr=0.0003507941 time=15.5s avg_epoch=15.1s est_planned=1h 15m 28s elapsed=28m 21s
[LG][113/300] loss=8.3121 ce=2.6322 lg=2.2720 beta=2.5000 guidance_active_next=True raw_derivative=n/a smoothed_derivative=n/a guidance_stop_epoch=None train_acc=40.10% val_acc=26.25% best=26.98% lr=0.00034841011 time=15.4s avg_epoch=15.1s est_planned=1h 15m 29s elapsed=28m 37s
[LG][114/300] loss=8.5010 ce=2.5912 lg=2.3639 beta=2.5000 guidance_active_next=True raw_derivative=n/a smoothed_derivative=n/a guidance_stop_epoch=None train_acc=40.47% val_acc=25.80% best=26.98% lr=0.00034601559 time=15.3s avg_epoch=15.1s est_planned=1h 15m 30s elapsed=28m 52s
[LG][115/300] loss=8.6216 ce=2.5809 lg=2.4163 beta=2.5000 guidance_active_next=True raw_derivative=n/a smoothed_derivative=n/a guidance_stop_epoch=None train_acc=41.03% val_acc=24.54% best=26.98% lr=0.00034361083 time=15.3s avg_epoch=15.1s est_planned=1h 15m 30s elapsed=29m 07s
[LG][116/300] loss=8.3840 ce=2.5976 lg=2.3145 beta=2.5000 guidance_active_next=True raw_derivative=n/a smoothed_derivative=n/a guidance_stop_epoch=None train_acc=40.51% val_acc=26.56% best=26.98% lr=0.00034119607 time=15.3s avg_epoch=15.1s est_planned=1h 15m 31s elapsed=29m 23s
[LG][117/300] loss=8.0320 ce=2.5498 lg=2.1929 beta=2.5000 guidance_active_next=True raw_derivative=n/a smoothed_derivative=n/a guidance_stop_epoch=None train_acc=42.60% val_acc=26.84% best=26.98% lr=0.00033877158 time=15.2s avg_epoch=15.1s est_planned=1h 15m 31s elapsed=29m 38s
[LG][118/300] loss=7.9232 ce=2.4991 lg=2.1696 beta=2.5000 guidance_active_next=True raw_derivative=n/a smoothed_derivative=n/a guidance_stop_epoch=None train_acc=43.82% val_acc=26.70% best=26.98% lr=0.00033633764 time=15.3s avg_epoch=15.1s est_planned=1h 15m 31s elapsed=29m 53s
[LG][119/300] loss=8.0184 ce=2.4846 lg=2.2135 beta=2.5000 guidance_active_next=True raw_derivative=n/a smoothed_derivative=n/a guidance_stop_epoch=None train_acc=43.72% val_acc=26.61% best=26.98% lr=0.0003338945 time=16.0s avg_epoch=15.1s est_planned=1h 15m 33s elapsed=30m 09s
[LG][120/300] loss=7.9715 ce=2.4671 lg=2.2018 beta=2.5000 guidance_active_next=True raw_derivative=n/a smoothed_derivative=n/a guidance_stop_epoch=None train_acc=44.06% val_acc=26.18% best=26.98% lr=0.00033144243 time=14.8s avg_epoch=15.1s est_planned=1h 15m 33s elapsed=30m 24s
[LG][121/300] loss=7.8865 ce=2.4260 lg=2.1842 beta=2.5000 guidance_active_next=True raw_derivative=n/a smoothed_derivative=n/a guidance_stop_epoch=None train_acc=44.06% val_acc=26.82% best=26.98% lr=0.00032898171 time=16.0s avg_epoch=15.1s est_planned=1h 15m 35s elapsed=30m 40s
[LG][122/300] loss=8.1886 ce=2.4588 lg=2.2919 beta=2.5000 guidance_active_next=True raw_derivative=n/a smoothed_derivative=n/a guidance_stop_epoch=None train_acc=45.06% val_acc=27.18% best=27.18% lr=0.0003265126 time=15.2s avg_epoch=15.1s est_planned=1h 15m 35s elapsed=30m 56s saved_best
[LG][123/300] loss=8.0352 ce=2.4329 lg=2.2409 beta=2.5000 guidance_active_next=True raw_derivative=n/a smoothed_derivative=n/a guidance_stop_epoch=None train_acc=44.89% val_acc=26.51% best=27.18% lr=0.00032403537 time=15.4s avg_epoch=15.1s est_planned=1h 15m 36s elapsed=31m 11s
[LG][124/300] loss=8.0163 ce=2.3826 lg=2.2535 beta=2.5000 guidance_active_next=True raw_derivative=n/a smoothed_derivative=n/a guidance_stop_epoch=None train_acc=45.81% val_acc=25.80% best=27.18% lr=0.0003215503 time=15.3s avg_epoch=15.1s est_planned=1h 15m 36s elapsed=31m 26s
[LG][125/300] loss=7.7969 ce=2.4349 lg=2.1448 beta=2.5000 guidance_active_next=True raw_derivative=n/a smoothed_derivative=n/a guidance_stop_epoch=None train_acc=44.75% val_acc=25.79% best=27.18% lr=0.00031905766 time=15.9s avg_epoch=15.1s est_planned=1h 15m 38s elapsed=31m 42s
[LG][126/300] loss=8.6937 ce=2.4182 lg=2.5102 beta=2.5000 guidance_active_next=True raw_derivative=n/a smoothed_derivative=n/a guidance_stop_epoch=None train_acc=45.13% val_acc=25.28% best=27.18% lr=0.00031655771 time=15.9s avg_epoch=15.1s est_planned=1h 15m 40s elapsed=31m 58s
[LG][127/300] loss=8.0765 ce=2.4063 lg=2.2681 beta=2.5000 guidance_active_next=True raw_derivative=n/a smoothed_derivative=n/a guidance_stop_epoch=None train_acc=44.77% val_acc=26.94% best=27.18% lr=0.00031405075 time=16.1s avg_epoch=15.1s est_planned=1h 15m 42s elapsed=32m 14s
[LG][128/300] loss=7.7787 ce=2.2953 lg=2.1934 beta=2.5000 guidance_active_next=True raw_derivative=n/a smoothed_derivative=n/a guidance_stop_epoch=None train_acc=47.42% val_acc=25.09% best=27.18% lr=0.00031153703 time=16.0s avg_epoch=15.1s est_planned=1h 15m 44s elapsed=32m 31s
[LG][129/300] loss=7.9808 ce=2.2923 lg=2.2754 beta=2.5000 guidance_active_next=True raw_derivative=n/a smoothed_derivative=n/a guidance_stop_epoch=None train_acc=48.03% val_acc=25.09% best=27.18% lr=0.00030901684 time=16.0s avg_epoch=15.2s est_planned=1h 15m 46s elapsed=32m 47s
[LG][130/300] loss=8.0743 ce=2.3721 lg=2.2809 beta=2.5000 guidance_active_next=True raw_derivative=n/a smoothed_derivative=n/a guidance_stop_epoch=None train_acc=46.26% val_acc=26.20% best=27.18% lr=0.00030649045 time=15.7s avg_epoch=15.2s est_planned=1h 15m 48s elapsed=33m 02s
[LG][131/300] loss=7.7165 ce=2.2811 lg=2.1742 beta=2.5000 guidance_active_next=True raw_derivative=n/a smoothed_derivative=n/a guidance_stop_epoch=None train_acc=47.28% val_acc=26.03% best=27.18% lr=0.00030395814 time=15.9s avg_epoch=15.2s est_planned=1h 15m 49s elapsed=33m 18s
[LG][132/300] loss=7.6475 ce=2.2923 lg=2.1421 beta=2.5000 guidance_active_next=True raw_derivative=n/a smoothed_derivative=n/a guidance_stop_epoch=None train_acc=47.89% val_acc=27.75% best=27.75% lr=0.00030142019 time=15.5s avg_epoch=15.2s est_planned=1h 15m 50s elapsed=33m 34s saved_best
[LG][133/300] loss=7.5368 ce=2.2161 lg=2.1283 beta=2.5000 guidance_active_next=True raw_derivative=n/a smoothed_derivative=n/a guidance_stop_epoch=None train_acc=49.95% val_acc=26.67% best=27.75% lr=0.00029887688 time=15.0s avg_epoch=15.2s est_planned=1h 15m 50s elapsed=33m 49s
[LG][134/300] loss=7.6435 ce=2.2076 lg=2.1744 beta=2.5000 guidance_active_next=True raw_derivative=n/a smoothed_derivative=n/a guidance_stop_epoch=None train_acc=49.68% val_acc=26.56% best=27.75% lr=0.00029632847 time=14.4s avg_epoch=15.2s est_planned=1h 15m 48s elapsed=34m 04s
[LG][135/300] loss=7.6951 ce=2.1929 lg=2.2009 beta=2.5000 guidance_active_next=True raw_derivative=n/a smoothed_derivative=n/a guidance_stop_epoch=None train_acc=49.56% val_acc=27.89% best=27.89% lr=0.00029377526 time=15.6s avg_epoch=15.2s est_planned=1h 15m 49s elapsed=34m 19s saved_best
[LG][136/300] loss=7.6665 ce=2.1996 lg=2.1868 beta=2.5000 guidance_active_next=True raw_derivative=n/a smoothed_derivative=n/a guidance_stop_epoch=None train_acc=50.07% val_acc=26.39% best=27.89% lr=0.00029121753 time=15.7s avg_epoch=15.2s est_planned=1h 15m 50s elapsed=34m 35s
[LG][137/300] loss=7.8511 ce=2.2253 lg=2.2503 beta=2.5000 guidance_active_next=True raw_derivative=n/a smoothed_derivative=n/a guidance_stop_epoch=None train_acc=49.47% val_acc=27.20% best=27.89% lr=0.00028865555 time=15.9s avg_epoch=15.2s est_planned=1h 15m 52s elapsed=34m 51s
[LG][138/300] loss=7.5257 ce=2.1642 lg=2.1446 beta=2.5000 guidance_active_next=True raw_derivative=n/a smoothed_derivative=n/a guidance_stop_epoch=None train_acc=50.88% val_acc=26.79% best=27.89% lr=0.0002860896 time=14.7s avg_epoch=15.2s est_planned=1h 15m 51s elapsed=35m 06s
[LG][139/300] loss=7.4768 ce=2.0987 lg=2.1512 beta=2.5000 guidance_active_next=True raw_derivative=n/a smoothed_derivative=n/a guidance_stop_epoch=None train_acc=51.60% val_acc=26.96% best=27.89% lr=0.00028351998 time=15.9s avg_epoch=15.2s est_planned=1h 15m 52s elapsed=35m 22s
[LG][140/300] loss=7.5145 ce=2.1593 lg=2.1421 beta=2.5000 guidance_active_next=True raw_derivative=n/a smoothed_derivative=n/a guidance_stop_epoch=None train_acc=50.71% val_acc=26.04% best=27.89% lr=0.00028094694 time=15.8s avg_epoch=15.2s est_planned=1h 15m 54s elapsed=35m 38s
[LG][141/300] loss=7.5911 ce=2.1302 lg=2.1843 beta=2.5000 guidance_active_next=True raw_derivative=n/a smoothed_derivative=n/a guidance_stop_epoch=None train_acc=51.56% val_acc=26.70% best=27.89% lr=0.00027837079 time=15.3s avg_epoch=15.2s est_planned=1h 15m 54s elapsed=35m 53s
[LG][142/300] loss=7.3990 ce=2.1369 lg=2.1048 beta=2.5000 guidance_active_next=True raw_derivative=n/a smoothed_derivative=n/a guidance_stop_epoch=None train_acc=50.34% val_acc=25.91% best=27.89% lr=0.00027579181 time=15.3s avg_epoch=15.2s est_planned=1h 15m 54s elapsed=36m 08s
[LG][143/300] loss=7.5584 ce=2.1030 lg=2.1822 beta=2.5000 guidance_active_next=True raw_derivative=n/a smoothed_derivative=n/a guidance_stop_epoch=None train_acc=51.73% val_acc=27.03% best=27.89% lr=0.00027321027 time=15.1s avg_epoch=15.2s est_planned=1h 15m 54s elapsed=36m 24s
[LG][144/300] loss=7.3725 ce=2.1040 lg=2.1074 beta=2.5000 guidance_active_next=True raw_derivative=n/a smoothed_derivative=n/a guidance_stop_epoch=None train_acc=51.83% val_acc=27.55% best=27.89% lr=0.00027062645 time=14.7s avg_epoch=15.2s est_planned=1h 15m 53s elapsed=36m 38s
[LG][145/300] loss=7.5513 ce=2.1041 lg=2.1789 beta=2.5000 guidance_active_next=True raw_derivative=n/a smoothed_derivative=n/a guidance_stop_epoch=None train_acc=52.97% val_acc=26.23% best=27.89% lr=0.00026804065 time=14.5s avg_epoch=15.2s est_planned=1h 15m 52s elapsed=36m 53s
[LG][146/300] loss=7.5864 ce=2.1253 lg=2.1844 beta=2.5000 guidance_active_next=True raw_derivative=n/a smoothed_derivative=n/a guidance_stop_epoch=None train_acc=51.29% val_acc=27.11% best=27.89% lr=0.00026545315 time=15.9s avg_epoch=15.2s est_planned=1h 15m 53s elapsed=37m 09s
[LG][147/300] loss=7.3599 ce=2.0573 lg=2.1211 beta=2.5000 guidance_active_next=True raw_derivative=n/a smoothed_derivative=n/a guidance_stop_epoch=None train_acc=53.50% val_acc=27.25% best=27.89% lr=0.00026286422 time=15.5s avg_epoch=15.2s est_planned=1h 15m 54s elapsed=37m 24s
[LG][148/300] loss=7.5327 ce=2.0745 lg=2.1833 beta=2.5000 guidance_active_next=True raw_derivative=n/a smoothed_derivative=n/a guidance_stop_epoch=None train_acc=52.39% val_acc=27.96% best=27.96% lr=0.00026027416 time=15.3s avg_epoch=15.2s est_planned=1h 15m 54s elapsed=37m 40s saved_best
[LG][149/300] loss=7.4576 ce=2.0280 lg=2.1718 beta=2.5000 guidance_active_next=True raw_derivative=n/a smoothed_derivative=n/a guidance_stop_epoch=None train_acc=53.21% val_acc=27.84% best=27.96% lr=0.00025768325 time=14.5s avg_epoch=15.2s est_planned=1h 15m 53s elapsed=37m 54s
[LG][150/300] loss=7.3708 ce=2.0230 lg=2.1391 beta=2.5000 guidance_active_next=True raw_derivative=n/a smoothed_derivative=n/a guidance_stop_epoch=None train_acc=54.14% val_acc=27.51% best=27.96% lr=0.00025509177 time=14.5s avg_epoch=15.2s est_planned=1h 15m 51s elapsed=38m 09s
[LG][151/300] loss=7.2596 ce=2.0274 lg=2.0929 beta=2.5000 guidance_active_next=True raw_derivative=n/a smoothed_derivative=n/a guidance_stop_epoch=None train_acc=54.04% val_acc=28.29% best=28.29% lr=0.0002525 time=15.3s avg_epoch=15.2s est_planned=1h 15m 51s elapsed=38m 24s saved_best
[LG][152/300] loss=7.1997 ce=1.9736 lg=2.0904 beta=2.5000 guidance_active_next=True raw_derivative=n/a smoothed_derivative=n/a guidance_stop_epoch=None train_acc=54.96% val_acc=26.98% best=28.29% lr=0.00024990823 time=15.7s avg_epoch=15.2s est_planned=1h 15m 52s elapsed=38m 40s
[LG][153/300] loss=7.2967 ce=2.0043 lg=2.1170 beta=2.5000 guidance_active_next=True raw_derivative=n/a smoothed_derivative=n/a guidance_stop_epoch=None train_acc=54.04% val_acc=27.10% best=28.29% lr=0.00024731675 time=15.9s avg_epoch=15.2s est_planned=1h 15m 54s elapsed=38m 56s
[LG][154/300] loss=7.1731 ce=1.9235 lg=2.0998 beta=2.5000 guidance_active_next=True raw_derivative=n/a smoothed_derivative=n/a guidance_stop_epoch=None train_acc=55.62% val_acc=27.39% best=28.29% lr=0.00024472584 time=15.1s avg_epoch=15.2s est_planned=1h 15m 54s elapsed=39m 11s
[LG][155/300] loss=7.2538 ce=1.9658 lg=2.1152 beta=2.5000 guidance_active_next=True raw_derivative=n/a smoothed_derivative=n/a guidance_stop_epoch=None train_acc=55.21% val_acc=27.63% best=28.29% lr=0.00024213578 time=15.1s avg_epoch=15.2s est_planned=1h 15m 53s elapsed=39m 26s
[LG][156/300] loss=7.2777 ce=1.9803 lg=2.1190 beta=2.5000 guidance_active_next=True raw_derivative=n/a smoothed_derivative=n/a guidance_stop_epoch=None train_acc=54.98% val_acc=27.27% best=28.29% lr=0.00023954685 time=15.4s avg_epoch=15.2s est_planned=1h 15m 54s elapsed=39m 42s
[LG][157/300] loss=7.1925 ce=1.9172 lg=2.1101 beta=2.5000 guidance_active_next=True raw_derivative=n/a smoothed_derivative=n/a guidance_stop_epoch=None train_acc=56.39% val_acc=26.22% best=28.29% lr=0.00023695935 time=15.4s avg_epoch=15.2s est_planned=1h 15m 54s elapsed=39m 57s
[LG][158/300] loss=7.3058 ce=1.9511 lg=2.1419 beta=2.5000 guidance_active_next=True raw_derivative=n/a smoothed_derivative=n/a guidance_stop_epoch=None train_acc=55.84% val_acc=26.60% best=28.29% lr=0.00023437355 time=16.0s avg_epoch=15.2s est_planned=1h 15m 56s elapsed=40m 13s
[LG][159/300] loss=7.5241 ce=1.9022 lg=2.2487 beta=2.5000 guidance_active_next=True raw_derivative=n/a smoothed_derivative=n/a guidance_stop_epoch=None train_acc=56.17% val_acc=26.20% best=28.29% lr=0.00023178973 time=14.9s avg_epoch=15.2s est_planned=1h 15m 55s elapsed=40m 28s
[LG][160/300] loss=7.3890 ce=1.9409 lg=2.1792 beta=2.5000 guidance_active_next=True raw_derivative=n/a smoothed_derivative=n/a guidance_stop_epoch=None train_acc=55.60% val_acc=27.20% best=28.29% lr=0.00022920819 time=14.4s avg_epoch=15.2s est_planned=1h 15m 54s elapsed=40m 43s
[LG][161/300] loss=7.2432 ce=1.9239 lg=2.1277 beta=2.5000 guidance_active_next=True raw_derivative=n/a smoothed_derivative=n/a guidance_stop_epoch=None train_acc=55.67% val_acc=27.44% best=28.29% lr=0.00022662921 time=14.9s avg_epoch=15.2s est_planned=1h 15m 53s elapsed=40m 58s
[LG][162/300] loss=7.4817 ce=1.9498 lg=2.2127 beta=2.5000 guidance_active_next=True raw_derivative=n/a smoothed_derivative=n/a guidance_stop_epoch=None train_acc=56.22% val_acc=26.48% best=28.29% lr=0.00022405306 time=14.5s avg_epoch=15.2s est_planned=1h 15m 52s elapsed=41m 12s
[LG][163/300] loss=7.1349 ce=1.8786 lg=2.1025 beta=2.5000 guidance_active_next=True raw_derivative=n/a smoothed_derivative=n/a guidance_stop_epoch=None train_acc=56.83% val_acc=28.13% best=28.29% lr=0.00022148002 time=15.3s avg_epoch=15.2s est_planned=1h 15m 52s elapsed=41m 28s
[LG][164/300] loss=7.0393 ce=1.8558 lg=2.0734 beta=2.5000 guidance_active_next=True raw_derivative=n/a smoothed_derivative=n/a guidance_stop_epoch=None train_acc=57.83% val_acc=27.29% best=28.29% lr=0.0002189104 time=15.2s avg_epoch=15.2s est_planned=1h 15m 52s elapsed=41m 43s
[LG][165/300] loss=7.3184 ce=1.8601 lg=2.1833 beta=2.5000 guidance_active_next=True raw_derivative=n/a smoothed_derivative=n/a guidance_stop_epoch=None train_acc=58.08% val_acc=27.89% best=28.29% lr=0.00021634445 time=15.0s avg_epoch=15.2s est_planned=1h 15m 52s elapsed=41m 58s
[LG][166/300] loss=7.0661 ce=1.8599 lg=2.0825 beta=2.5000 guidance_active_next=True raw_derivative=n/a smoothed_derivative=n/a guidance_stop_epoch=None train_acc=57.90% val_acc=27.39% best=28.29% lr=0.00021378247 time=15.3s avg_epoch=15.2s est_planned=1h 15m 52s elapsed=42m 13s
[LG][167/300] loss=7.0358 ce=1.8181 lg=2.0871 beta=2.5000 guidance_active_next=True raw_derivative=n/a smoothed_derivative=n/a guidance_stop_epoch=None train_acc=58.54% val_acc=28.01% best=28.29% lr=0.00021122474 time=14.5s avg_epoch=15.2s est_planned=1h 15m 51s elapsed=42m 28s
[LG][168/300] loss=6.9956 ce=1.8576 lg=2.0552 beta=2.5000 guidance_active_next=True raw_derivative=n/a smoothed_derivative=n/a guidance_stop_epoch=None train_acc=57.35% val_acc=27.25% best=28.29% lr=0.00020867153 time=14.6s avg_epoch=15.2s est_planned=1h 15m 50s elapsed=42m 43s
[LG][169/300] loss=7.0312 ce=1.8166 lg=2.0858 beta=2.5000 guidance_active_next=True raw_derivative=n/a smoothed_derivative=n/a guidance_stop_epoch=None train_acc=58.64% val_acc=27.34% best=28.29% lr=0.00020612312 time=15.4s avg_epoch=15.2s est_planned=1h 15m 50s elapsed=42m 58s
[LG][170/300] loss=6.9822 ce=1.8416 lg=2.0562 beta=2.5000 guidance_active_next=True raw_derivative=n/a smoothed_derivative=n/a guidance_stop_epoch=None train_acc=57.86% val_acc=28.41% best=28.41% lr=0.00020357981 time=15.3s avg_epoch=15.2s est_planned=1h 15m 51s elapsed=43m 13s saved_best
[LG][171/300] loss=6.9520 ce=1.8231 lg=2.0516 beta=2.5000 guidance_active_next=True raw_derivative=n/a smoothed_derivative=n/a guidance_stop_epoch=None train_acc=57.93% val_acc=28.29% best=28.41% lr=0.00020104186 time=15.5s avg_epoch=15.2s est_planned=1h 15m 51s elapsed=43m 29s
[LG][172/300] loss=6.9956 ce=1.7985 lg=2.0788 beta=2.5000 guidance_active_next=True raw_derivative=n/a smoothed_derivative=n/a guidance_stop_epoch=None train_acc=58.51% val_acc=27.77% best=28.41% lr=0.00019850955 time=15.4s avg_epoch=15.2s est_planned=1h 15m 51s elapsed=43m 44s
[LG][173/300] loss=7.0151 ce=1.8027 lg=2.0850 beta=2.5000 guidance_active_next=True raw_derivative=n/a smoothed_derivative=n/a guidance_stop_epoch=None train_acc=59.29% val_acc=28.05% best=28.41% lr=0.00019598316 time=14.5s avg_epoch=15.2s est_planned=1h 15m 50s elapsed=43m 59s
[LG][174/300] loss=7.2133 ce=1.8135 lg=2.1599 beta=2.5000 guidance_active_next=True raw_derivative=n/a smoothed_derivative=n/a guidance_stop_epoch=None train_acc=59.12% val_acc=27.25% best=28.41% lr=0.00019346297 time=15.3s avg_epoch=15.2s est_planned=1h 15m 51s elapsed=44m 14s
[LG][175/300] loss=7.2348 ce=1.7554 lg=2.1918 beta=2.5000 guidance_active_next=True raw_derivative=n/a smoothed_derivative=n/a guidance_stop_epoch=None train_acc=59.88% val_acc=26.79% best=28.41% lr=0.00019094925 time=15.9s avg_epoch=15.2s est_planned=1h 15m 52s elapsed=44m 30s
[LG][176/300] loss=7.0709 ce=1.7663 lg=2.1218 beta=2.5000 guidance_active_next=True raw_derivative=n/a smoothed_derivative=n/a guidance_stop_epoch=None train_acc=59.88% val_acc=27.41% best=28.41% lr=0.00018844229 time=15.9s avg_epoch=15.2s est_planned=1h 15m 53s elapsed=44m 46s
[LG][177/300] loss=6.8782 ce=1.7597 lg=2.0474 beta=2.5000 guidance_active_next=True raw_derivative=n/a smoothed_derivative=n/a guidance_stop_epoch=None train_acc=59.83% val_acc=27.68% best=28.41% lr=0.00018594234 time=14.8s avg_epoch=15.2s est_planned=1h 15m 52s elapsed=45m 01s
[LG][178/300] loss=6.8622 ce=1.7275 lg=2.0538 beta=2.5000 guidance_active_next=True raw_derivative=n/a smoothed_derivative=n/a guidance_stop_epoch=None train_acc=60.70% val_acc=27.37% best=28.41% lr=0.0001834497 time=14.4s avg_epoch=15.2s est_planned=1h 15m 51s elapsed=45m 16s
[LG][179/300] loss=6.9968 ce=1.7432 lg=2.1014 beta=2.5000 guidance_active_next=True raw_derivative=n/a smoothed_derivative=n/a guidance_stop_epoch=None train_acc=60.02% val_acc=26.96% best=28.41% lr=0.00018096463 time=14.5s avg_epoch=15.2s est_planned=1h 15m 50s elapsed=45m 30s
[LG][180/300] loss=6.8236 ce=1.7023 lg=2.0485 beta=2.5000 guidance_active_next=True raw_derivative=n/a smoothed_derivative=n/a guidance_stop_epoch=None train_acc=60.61% val_acc=27.51% best=28.41% lr=0.0001784874 time=15.3s avg_epoch=15.2s est_planned=1h 15m 50s elapsed=45m 46s
[LG][181/300] loss=6.9222 ce=1.7220 lg=2.0801 beta=2.5000 guidance_active_next=True raw_derivative=n/a smoothed_derivative=n/a guidance_stop_epoch=None train_acc=60.31% val_acc=28.79% best=28.79% lr=0.00017601829 time=14.7s avg_epoch=15.2s est_planned=1h 15m 50s elapsed=46m 01s saved_best
[LG][182/300] loss=6.8540 ce=1.6903 lg=2.0655 beta=2.5000 guidance_active_next=True raw_derivative=n/a smoothed_derivative=n/a guidance_stop_epoch=None train_acc=60.72% val_acc=26.98% best=28.79% lr=0.00017355757 time=14.6s avg_epoch=15.2s est_planned=1h 15m 49s elapsed=46m 15s
[LG][183/300] loss=6.8752 ce=1.6800 lg=2.0781 beta=2.5000 guidance_active_next=True raw_derivative=n/a smoothed_derivative=n/a guidance_stop_epoch=None train_acc=61.87% val_acc=27.91% best=28.79% lr=0.0001711055 time=14.9s avg_epoch=15.2s est_planned=1h 15m 48s elapsed=46m 30s
[LG][184/300] loss=6.8993 ce=1.7158 lg=2.0734 beta=2.5000 guidance_active_next=True raw_derivative=n/a smoothed_derivative=n/a guidance_stop_epoch=None train_acc=60.46% val_acc=27.41% best=28.79% lr=0.00016866236 time=15.3s avg_epoch=15.2s est_planned=1h 15m 49s elapsed=46m 46s
[LG][185/300] loss=6.8050 ce=1.6787 lg=2.0505 beta=2.5000 guidance_active_next=True raw_derivative=n/a smoothed_derivative=n/a guidance_stop_epoch=None train_acc=61.02% val_acc=27.42% best=28.79% lr=0.00016622842 time=15.2s avg_epoch=15.2s est_planned=1h 15m 49s elapsed=47m 01s
[LG][186/300] loss=6.9324 ce=1.7089 lg=2.0894 beta=2.5000 guidance_active_next=True raw_derivative=n/a smoothed_derivative=n/a guidance_stop_epoch=None train_acc=61.24% val_acc=28.27% best=28.79% lr=0.00016380393 time=15.3s avg_epoch=15.2s est_planned=1h 15m 49s elapsed=47m 16s
[LG][187/300] loss=6.9398 ce=1.6626 lg=2.1109 beta=2.5000 guidance_active_next=True raw_derivative=n/a smoothed_derivative=n/a guidance_stop_epoch=None train_acc=62.04% val_acc=27.49% best=28.79% lr=0.00016138917 time=15.1s avg_epoch=15.2s est_planned=1h 15m 49s elapsed=47m 31s
[LG][188/300] loss=6.8403 ce=1.6826 lg=2.0631 beta=2.5000 guidance_active_next=True raw_derivative=n/a smoothed_derivative=n/a guidance_stop_epoch=None train_acc=61.31% val_acc=27.32% best=28.79% lr=0.00015898441 time=16.0s avg_epoch=15.2s est_planned=1h 15m 50s elapsed=47m 47s
[LG][189/300] loss=7.0608 ce=1.6928 lg=2.1472 beta=2.5000 guidance_active_next=True raw_derivative=n/a smoothed_derivative=n/a guidance_stop_epoch=None train_acc=61.01% val_acc=27.75% best=28.79% lr=0.00015658989 time=15.7s avg_epoch=15.2s est_planned=1h 15m 51s elapsed=48m 03s
[LG][190/300] loss=6.6775 ce=1.6385 lg=2.0156 beta=2.5000 guidance_active_next=True raw_derivative=n/a smoothed_derivative=n/a guidance_stop_epoch=None train_acc=62.02% val_acc=27.82% best=28.79% lr=0.0001542059 time=15.9s avg_epoch=15.2s est_planned=1h 15m 52s elapsed=48m 19s
[LG][191/300] loss=6.6799 ce=1.6522 lg=2.0111 beta=2.5000 guidance_active_next=True raw_derivative=n/a smoothed_derivative=n/a guidance_stop_epoch=None train_acc=62.16% val_acc=27.65% best=28.79% lr=0.00015183268 time=15.4s avg_epoch=15.2s est_planned=1h 15m 52s elapsed=48m 35s
[LG][192/300] loss=6.7604 ce=1.6075 lg=2.0611 beta=2.5000 guidance_active_next=True raw_derivative=n/a smoothed_derivative=n/a guidance_stop_epoch=None train_acc=63.33% val_acc=28.31% best=28.79% lr=0.0001494705 time=15.2s avg_epoch=15.2s est_planned=1h 15m 53s elapsed=48m 50s
[LG][193/300] loss=6.6644 ce=1.6165 lg=2.0192 beta=2.5000 guidance_active_next=True raw_derivative=n/a smoothed_derivative=n/a guidance_stop_epoch=None train_acc=62.79% val_acc=28.58% best=28.79% lr=0.00014711963 time=16.0s avg_epoch=15.2s est_planned=1h 15m 54s elapsed=49m 06s
[LG][194/300] loss=6.8018 ce=1.6433 lg=2.0634 beta=2.5000 guidance_active_next=True raw_derivative=n/a smoothed_derivative=n/a guidance_stop_epoch=None train_acc=62.09% val_acc=27.60% best=28.79% lr=0.0001447803 time=15.5s avg_epoch=15.2s est_planned=1h 15m 54s elapsed=49m 21s
[LG][195/300] loss=6.6948 ce=1.6163 lg=2.0314 beta=2.5000 guidance_active_next=True raw_derivative=n/a smoothed_derivative=n/a guidance_stop_epoch=None train_acc=63.32% val_acc=27.96% best=28.79% lr=0.00014245279 time=15.4s avg_epoch=15.2s est_planned=1h 15m 55s elapsed=49m 37s
[LG][196/300] loss=6.9720 ce=1.6201 lg=2.1408 beta=2.5000 guidance_active_next=True raw_derivative=n/a smoothed_derivative=n/a guidance_stop_epoch=None train_acc=62.72% val_acc=29.15% best=29.15% lr=0.00014013735 time=15.5s avg_epoch=15.2s est_planned=1h 15m 55s elapsed=49m 53s saved_best
[LG][197/300] loss=6.6074 ce=1.5802 lg=2.0109 beta=2.5000 guidance_active_next=True raw_derivative=n/a smoothed_derivative=n/a guidance_stop_epoch=None train_acc=63.71% val_acc=28.24% best=29.15% lr=0.00013783423 time=15.3s avg_epoch=15.2s est_planned=1h 15m 55s elapsed=50m 08s
[LG][198/300] loss=6.7351 ce=1.5838 lg=2.0605 beta=2.5000 guidance_active_next=True raw_derivative=n/a smoothed_derivative=n/a guidance_stop_epoch=None train_acc=62.79% val_acc=28.25% best=29.15% lr=0.00013554369 time=14.5s avg_epoch=15.2s est_planned=1h 15m 54s elapsed=50m 22s
[LG][199/300] loss=6.7462 ce=1.5893 lg=2.0628 beta=2.5000 guidance_active_next=True raw_derivative=n/a smoothed_derivative=n/a guidance_stop_epoch=None train_acc=63.93% val_acc=28.37% best=29.15% lr=0.00013326597 time=14.5s avg_epoch=15.2s est_planned=1h 15m 53s elapsed=50m 37s
[LG][200/300] loss=6.5416 ce=1.5633 lg=1.9913 beta=2.5000 guidance_active_next=True raw_derivative=n/a smoothed_derivative=n/a guidance_stop_epoch=None train_acc=64.88% val_acc=28.36% best=29.15% lr=0.00013100132 time=15.0s avg_epoch=15.2s est_planned=1h 15m 53s elapsed=50m 52s
[LG][201/300] loss=6.6797 ce=1.5659 lg=2.0455 beta=2.5000 guidance_active_next=True raw_derivative=n/a smoothed_derivative=n/a guidance_stop_epoch=None train_acc=63.49% val_acc=28.87% best=29.15% lr=0.00012875 time=15.2s avg_epoch=15.2s est_planned=1h 15m 53s elapsed=51m 07s
[LG][202/300] loss=6.6872 ce=1.5539 lg=2.0533 beta=2.5000 guidance_active_next=True raw_derivative=n/a smoothed_derivative=n/a guidance_stop_epoch=None train_acc=64.61% val_acc=27.91% best=29.15% lr=0.00012651225 time=15.2s avg_epoch=15.2s est_planned=1h 15m 53s elapsed=51m 23s
[LG][203/300] loss=6.6637 ce=1.5676 lg=2.0384 beta=2.5000 guidance_active_next=True raw_derivative=n/a smoothed_derivative=n/a guidance_stop_epoch=None train_acc=63.57% val_acc=28.56% best=29.15% lr=0.00012428832 time=14.6s avg_epoch=15.2s est_planned=1h 15m 52s elapsed=51m 37s
[LG][204/300] loss=6.7304 ce=1.5446 lg=2.0743 beta=2.5000 guidance_active_next=True raw_derivative=n/a smoothed_derivative=n/a guidance_stop_epoch=None train_acc=63.94% val_acc=28.18% best=29.15% lr=0.00012207844 time=15.3s avg_epoch=15.2s est_planned=1h 15m 52s elapsed=51m 53s
[LG][205/300] loss=6.7168 ce=1.5313 lg=2.0742 beta=2.5000 guidance_active_next=True raw_derivative=n/a smoothed_derivative=n/a guidance_stop_epoch=None train_acc=64.84% val_acc=28.51% best=29.15% lr=0.00011988287 time=15.3s avg_epoch=15.2s est_planned=1h 15m 52s elapsed=52m 08s
[LG][206/300] loss=6.6827 ce=1.5822 lg=2.0402 beta=2.5000 guidance_active_next=True raw_derivative=n/a smoothed_derivative=n/a guidance_stop_epoch=None train_acc=63.79% val_acc=28.48% best=29.15% lr=0.00011770184 time=15.5s avg_epoch=15.2s est_planned=1h 15m 53s elapsed=52m 24s
[LG][207/300] loss=6.5334 ce=1.5365 lg=1.9987 beta=2.5000 guidance_active_next=True raw_derivative=n/a smoothed_derivative=n/a guidance_stop_epoch=None train_acc=65.05% val_acc=27.65% best=29.15% lr=0.00011553559 time=15.4s avg_epoch=15.2s est_planned=1h 15m 53s elapsed=52m 39s
[LG][208/300] loss=6.5993 ce=1.5487 lg=2.0202 beta=2.5000 guidance_active_next=True raw_derivative=n/a smoothed_derivative=n/a guidance_stop_epoch=None train_acc=64.28% val_acc=28.22% best=29.15% lr=0.00011338436 time=15.1s avg_epoch=15.2s est_planned=1h 15m 53s elapsed=52m 54s
[LG][209/300] loss=6.6958 ce=1.5713 lg=2.0498 beta=2.5000 guidance_active_next=True raw_derivative=n/a smoothed_derivative=n/a guidance_stop_epoch=None train_acc=63.50% val_acc=27.77% best=29.15% lr=0.00011124839 time=15.4s avg_epoch=15.2s est_planned=1h 15m 53s elapsed=53m 10s
[LG][210/300] loss=6.5226 ce=1.5184 lg=2.0017 beta=2.5000 guidance_active_next=True raw_derivative=n/a smoothed_derivative=n/a guidance_stop_epoch=None train_acc=64.91% val_acc=28.06% best=29.15% lr=0.00010912791 time=14.7s avg_epoch=15.2s est_planned=1h 15m 53s elapsed=53m 24s
[LG][211/300] loss=6.4572 ce=1.5111 lg=1.9784 beta=2.5000 guidance_active_next=True raw_derivative=n/a smoothed_derivative=n/a guidance_stop_epoch=None train_acc=64.57% val_acc=28.10% best=29.15% lr=0.00010702315 time=15.4s avg_epoch=15.2s est_planned=1h 15m 53s elapsed=53m 40s
[LG][212/300] loss=6.6412 ce=1.4410 lg=2.0801 beta=2.5000 guidance_active_next=True raw_derivative=n/a smoothed_derivative=n/a guidance_stop_epoch=None train_acc=66.54% val_acc=28.12% best=29.15% lr=0.00010493434 time=15.3s avg_epoch=15.2s est_planned=1h 15m 53s elapsed=53m 55s
[LG][213/300] loss=6.6916 ce=1.5225 lg=2.0677 beta=2.5000 guidance_active_next=True raw_derivative=n/a smoothed_derivative=n/a guidance_stop_epoch=None train_acc=64.54% val_acc=28.08% best=29.15% lr=0.00010286172 time=15.4s avg_epoch=15.2s est_planned=1h 15m 54s elapsed=54m 11s
[LG][214/300] loss=6.5598 ce=1.5072 lg=2.0210 beta=2.5000 guidance_active_next=True raw_derivative=n/a smoothed_derivative=n/a guidance_stop_epoch=None train_acc=65.05% val_acc=27.96% best=29.15% lr=0.0001008055 time=15.3s avg_epoch=15.2s est_planned=1h 15m 54s elapsed=54m 26s
[LG][215/300] loss=7.0877 ce=1.4970 lg=2.2363 beta=2.5000 guidance_active_next=True raw_derivative=n/a smoothed_derivative=n/a guidance_stop_epoch=None train_acc=65.64% val_acc=28.93% best=29.15% lr=9.8765924e-05 time=15.3s avg_epoch=15.2s est_planned=1h 15m 54s elapsed=54m 41s
[LG][216/300] loss=6.5054 ce=1.4814 lg=2.0096 beta=2.5000 guidance_active_next=True raw_derivative=n/a smoothed_derivative=n/a guidance_stop_epoch=None train_acc=65.68% val_acc=28.43% best=29.15% lr=9.6743203e-05 time=15.3s avg_epoch=15.2s est_planned=1h 15m 54s elapsed=54m 57s
[LG][217/300] loss=6.5666 ce=1.4757 lg=2.0364 beta=2.5000 guidance_active_next=True raw_derivative=n/a smoothed_derivative=n/a guidance_stop_epoch=None train_acc=65.62% val_acc=28.44% best=29.15% lr=9.4737563e-05 time=15.5s avg_epoch=15.2s est_planned=1h 15m 55s elapsed=55m 12s
[LG][218/300] loss=6.6948 ce=1.4904 lg=2.0818 beta=2.5000 guidance_active_next=True raw_derivative=n/a smoothed_derivative=n/a guidance_stop_epoch=None train_acc=65.83% val_acc=29.10% best=29.15% lr=9.2749222e-05 time=15.4s avg_epoch=15.2s est_planned=1h 15m 55s elapsed=55m 28s
[LG][219/300] loss=6.7190 ce=1.4894 lg=2.0918 beta=2.5000 guidance_active_next=True raw_derivative=n/a smoothed_derivative=n/a guidance_stop_epoch=None train_acc=65.52% val_acc=28.98% best=29.15% lr=9.0778401e-05 time=15.3s avg_epoch=15.2s est_planned=1h 15m 55s elapsed=55m 43s
[LG][220/300] loss=6.5262 ce=1.4615 lg=2.0259 beta=2.5000 guidance_active_next=True raw_derivative=n/a smoothed_derivative=n/a guidance_stop_epoch=None train_acc=66.49% val_acc=28.72% best=29.15% lr=8.8825313e-05 time=15.3s avg_epoch=15.2s est_planned=1h 15m 55s elapsed=55m 58s
[LG][221/300] loss=6.5199 ce=1.4592 lg=2.0243 beta=2.5000 guidance_active_next=True raw_derivative=n/a smoothed_derivative=n/a guidance_stop_epoch=None train_acc=66.46% val_acc=28.82% best=29.15% lr=8.6890175e-05 time=14.5s avg_epoch=15.2s est_planned=1h 15m 54s elapsed=56m 13s
[LG][222/300] loss=6.4643 ce=1.4470 lg=2.0069 beta=2.5000 guidance_active_next=True raw_derivative=n/a smoothed_derivative=n/a guidance_stop_epoch=None train_acc=66.54% val_acc=29.12% best=29.15% lr=8.4973198e-05 time=14.9s avg_epoch=15.2s est_planned=1h 15m 54s elapsed=56m 28s
[LG][223/300] loss=6.5628 ce=1.4796 lg=2.0333 beta=2.5000 guidance_active_next=True raw_derivative=n/a smoothed_derivative=n/a guidance_stop_epoch=None train_acc=65.95% val_acc=28.58% best=29.15% lr=8.3074591e-05 time=15.4s avg_epoch=15.2s est_planned=1h 15m 54s elapsed=56m 44s
[LG][224/300] loss=6.4992 ce=1.4201 lg=2.0316 beta=2.5000 guidance_active_next=True raw_derivative=n/a smoothed_derivative=n/a guidance_stop_epoch=None train_acc=67.56% val_acc=29.13% best=29.15% lr=8.1194564e-05 time=15.4s avg_epoch=15.2s est_planned=1h 15m 54s elapsed=56m 59s
[LG][225/300] loss=6.4517 ce=1.4695 lg=1.9929 beta=2.5000 guidance_active_next=True raw_derivative=n/a smoothed_derivative=n/a guidance_stop_epoch=None train_acc=66.15% val_acc=28.58% best=29.15% lr=7.9333323e-05 time=15.7s avg_epoch=15.2s est_planned=1h 15m 55s elapsed=57m 15s
[LG][226/300] loss=6.4363 ce=1.4303 lg=2.0024 beta=2.5000 guidance_active_next=True raw_derivative=n/a smoothed_derivative=n/a guidance_stop_epoch=None train_acc=66.32% val_acc=28.98% best=29.15% lr=7.7491072e-05 time=14.5s avg_epoch=15.2s est_planned=1h 15m 54s elapsed=57m 29s
[LG][227/300] loss=6.4061 ce=1.4035 lg=2.0010 beta=2.5000 guidance_active_next=True raw_derivative=n/a smoothed_derivative=n/a guidance_stop_epoch=None train_acc=67.78% val_acc=28.10% best=29.15% lr=7.5668012e-05 time=15.3s avg_epoch=15.2s est_planned=1h 15m 54s elapsed=57m 45s
[LG][228/300] loss=6.4358 ce=1.4331 lg=2.0011 beta=2.5000 guidance_active_next=True raw_derivative=n/a smoothed_derivative=n/a guidance_stop_epoch=None train_acc=66.73% val_acc=28.68% best=29.15% lr=7.3864344e-05 time=15.2s avg_epoch=15.2s est_planned=1h 15m 54s elapsed=58m 00s
[LG][229/300] loss=6.5715 ce=1.4474 lg=2.0496 beta=2.5000 guidance_active_next=True raw_derivative=n/a smoothed_derivative=n/a guidance_stop_epoch=None train_acc=66.29% val_acc=28.49% best=29.15% lr=7.2080265e-05 time=14.6s avg_epoch=15.2s est_planned=1h 15m 54s elapsed=58m 15s
[LG][230/300] loss=6.3134 ce=1.4292 lg=1.9537 beta=2.5000 guidance_active_next=True raw_derivative=n/a smoothed_derivative=n/a guidance_stop_epoch=None train_acc=66.92% val_acc=28.18% best=29.15% lr=7.0315971e-05 time=14.5s avg_epoch=15.2s est_planned=1h 15m 53s elapsed=58m 29s
[LG][231/300] loss=6.3863 ce=1.4118 lg=1.9898 beta=2.5000 guidance_active_next=True raw_derivative=n/a smoothed_derivative=n/a guidance_stop_epoch=None train_acc=67.12% val_acc=28.08% best=29.15% lr=6.8571656e-05 time=15.9s avg_epoch=15.2s est_planned=1h 15m 54s elapsed=58m 45s
[LG][232/300] loss=6.3443 ce=1.4240 lg=1.9681 beta=2.5000 guidance_active_next=True raw_derivative=n/a smoothed_derivative=n/a guidance_stop_epoch=None train_acc=67.56% val_acc=28.86% best=29.15% lr=6.684751e-05 time=16.0s avg_epoch=15.2s est_planned=1h 15m 55s elapsed=59m 01s
[LG][233/300] loss=6.4361 ce=1.4517 lg=1.9938 beta=2.5000 guidance_active_next=True raw_derivative=n/a smoothed_derivative=n/a guidance_stop_epoch=None train_acc=66.42% val_acc=28.72% best=29.15% lr=6.5143724e-05 time=15.3s avg_epoch=15.2s est_planned=1h 15m 55s elapsed=59m 17s
[LG][234/300] loss=6.5709 ce=1.4209 lg=2.0600 beta=2.5000 guidance_active_next=True raw_derivative=n/a smoothed_derivative=n/a guidance_stop_epoch=None train_acc=66.61% val_acc=27.96% best=29.15% lr=6.3460483e-05 time=15.3s avg_epoch=15.2s est_planned=1h 15m 55s elapsed=59m 32s
[LG][235/300] loss=6.4687 ce=1.4151 lg=2.0215 beta=2.5000 guidance_active_next=True raw_derivative=n/a smoothed_derivative=n/a guidance_stop_epoch=None train_acc=67.09% val_acc=28.67% best=29.15% lr=6.1797972e-05 time=14.8s avg_epoch=15.2s est_planned=1h 15m 55s elapsed=59m 47s
[LG][236/300] loss=6.4021 ce=1.3849 lg=2.0069 beta=2.5000 guidance_active_next=True raw_derivative=n/a smoothed_derivative=n/a guidance_stop_epoch=None train_acc=67.48% val_acc=29.48% best=29.48% lr=6.0156375e-05 time=15.2s avg_epoch=15.2s est_planned=1h 15m 55s elapsed=1h 00m 02s saved_best
[LG][237/300] loss=6.2512 ce=1.3506 lg=1.9602 beta=2.5000 guidance_active_next=True raw_derivative=n/a smoothed_derivative=n/a guidance_stop_epoch=None train_acc=69.31% val_acc=28.75% best=29.48% lr=5.8535869e-05 time=15.3s avg_epoch=15.2s est_planned=1h 15m 55s elapsed=1h 00m 18s
[LG][238/300] loss=6.4825 ce=1.4078 lg=2.0299 beta=2.5000 guidance_active_next=True raw_derivative=n/a smoothed_derivative=n/a guidance_stop_epoch=None train_acc=67.14% val_acc=28.84% best=29.48% lr=5.6936634e-05 time=15.4s avg_epoch=15.2s est_planned=1h 15m 55s elapsed=1h 00m 33s
[LG][239/300] loss=6.4508 ce=1.4210 lg=2.0119 beta=2.5000 guidance_active_next=True raw_derivative=n/a smoothed_derivative=n/a guidance_stop_epoch=None train_acc=66.78% val_acc=28.18% best=29.48% lr=5.5358845e-05 time=14.7s avg_epoch=15.2s est_planned=1h 15m 54s elapsed=1h 00m 48s
[LG][240/300] loss=6.2805 ce=1.3918 lg=1.9555 beta=2.5000 guidance_active_next=True raw_derivative=n/a smoothed_derivative=n/a guidance_stop_epoch=None train_acc=67.29% val_acc=29.22% best=29.48% lr=5.3802675e-05 time=14.9s avg_epoch=15.2s est_planned=1h 15m 54s elapsed=1h 01m 03s
[LG][241/300] loss=6.3049 ce=1.3543 lg=1.9802 beta=2.5000 guidance_active_next=True raw_derivative=n/a smoothed_derivative=n/a guidance_stop_epoch=None train_acc=68.26% val_acc=29.05% best=29.48% lr=5.2268294e-05 time=15.1s avg_epoch=15.2s est_planned=1h 15m 54s elapsed=1h 01m 18s
[LG][242/300] loss=6.4636 ce=1.3959 lg=2.0271 beta=2.5000 guidance_active_next=True raw_derivative=n/a smoothed_derivative=n/a guidance_stop_epoch=None train_acc=67.61% val_acc=28.62% best=29.48% lr=5.0755871e-05 time=15.3s avg_epoch=15.2s est_planned=1h 15m 54s elapsed=1h 01m 33s
[LG][243/300] loss=6.3166 ce=1.3475 lg=1.9876 beta=2.5000 guidance_active_next=True raw_derivative=n/a smoothed_derivative=n/a guidance_stop_epoch=None train_acc=68.83% val_acc=28.67% best=29.48% lr=4.9265571e-05 time=14.5s avg_epoch=15.2s est_planned=1h 15m 53s elapsed=1h 01m 48s
[LG][244/300] loss=6.4484 ce=1.3568 lg=2.0366 beta=2.5000 guidance_active_next=True raw_derivative=n/a smoothed_derivative=n/a guidance_stop_epoch=None train_acc=69.36% val_acc=29.67% best=29.67% lr=4.7797558e-05 time=14.6s avg_epoch=15.2s est_planned=1h 15m 53s elapsed=1h 02m 03s saved_best
[LG][245/300] loss=6.3832 ce=1.3703 lg=2.0052 beta=2.5000 guidance_active_next=True raw_derivative=n/a smoothed_derivative=n/a guidance_stop_epoch=None train_acc=68.41% val_acc=28.96% best=29.67% lr=4.6351993e-05 time=15.3s avg_epoch=15.2s est_planned=1h 15m 53s elapsed=1h 02m 18s
[LG][246/300] loss=6.2951 ce=1.3360 lg=1.9836 beta=2.5000 guidance_active_next=True raw_derivative=n/a smoothed_derivative=n/a guidance_stop_epoch=None train_acc=68.72% val_acc=28.41% best=29.67% lr=4.4929034e-05 time=16.0s avg_epoch=15.2s est_planned=1h 15m 54s elapsed=1h 02m 34s
[LG][247/300] loss=6.2782 ce=1.3116 lg=1.9866 beta=2.5000 guidance_active_next=True raw_derivative=n/a smoothed_derivative=n/a guidance_stop_epoch=None train_acc=69.97% val_acc=28.41% best=29.67% lr=4.3528838e-05 time=15.2s avg_epoch=15.2s est_planned=1h 15m 54s elapsed=1h 02m 49s
[LG][248/300] loss=6.2753 ce=1.3415 lg=1.9735 beta=2.5000 guidance_active_next=True raw_derivative=n/a smoothed_derivative=n/a guidance_stop_epoch=None train_acc=69.21% val_acc=28.87% best=29.67% lr=4.2151558e-05 time=14.6s avg_epoch=15.2s est_planned=1h 15m 53s elapsed=1h 03m 04s
[LG][249/300] loss=6.2901 ce=1.3330 lg=1.9828 beta=2.5000 guidance_active_next=True raw_derivative=n/a smoothed_derivative=n/a guidance_stop_epoch=None train_acc=68.56% val_acc=28.62% best=29.67% lr=4.0797346e-05 time=14.6s avg_epoch=15.2s est_planned=1h 15m 53s elapsed=1h 03m 19s
[LG][250/300] loss=6.2869 ce=1.3367 lg=1.9801 beta=2.5000 guidance_active_next=True raw_derivative=n/a smoothed_derivative=n/a guidance_stop_epoch=None train_acc=69.28% val_acc=28.93% best=29.67% lr=3.9466348e-05 time=14.7s avg_epoch=15.2s est_planned=1h 15m 52s elapsed=1h 03m 34s
[LG][251/300] loss=6.2706 ce=1.3250 lg=1.9782 beta=2.5000 guidance_active_next=True raw_derivative=n/a smoothed_derivative=n/a guidance_stop_epoch=None train_acc=69.28% val_acc=28.89% best=29.67% lr=3.8158713e-05 time=14.5s avg_epoch=15.2s est_planned=1h 15m 51s elapsed=1h 03m 48s
[LG][252/300] loss=6.3064 ce=1.3164 lg=1.9960 beta=2.5000 guidance_active_next=True raw_derivative=n/a smoothed_derivative=n/a guidance_stop_epoch=None train_acc=69.74% val_acc=28.60% best=29.67% lr=3.6874582e-05 time=14.5s avg_epoch=15.2s est_planned=1h 15m 50s elapsed=1h 04m 03s
[LG][253/300] loss=6.2393 ce=1.2990 lg=1.9761 beta=2.5000 guidance_active_next=True raw_derivative=n/a smoothed_derivative=n/a guidance_stop_epoch=None train_acc=69.43% val_acc=28.77% best=29.67% lr=3.5614097e-05 time=14.6s avg_epoch=15.2s est_planned=1h 15m 50s elapsed=1h 04m 17s
[LG][254/300] loss=6.3916 ce=1.3691 lg=2.0090 beta=2.5000 guidance_active_next=True raw_derivative=n/a smoothed_derivative=n/a guidance_stop_epoch=None train_acc=68.31% val_acc=29.10% best=29.67% lr=3.4377396e-05 time=14.6s avg_epoch=15.2s est_planned=1h 15m 49s elapsed=1h 04m 32s
[LG][255/300] loss=6.2636 ce=1.3321 lg=1.9726 beta=2.5000 guidance_active_next=True raw_derivative=n/a smoothed_derivative=n/a guidance_stop_epoch=None train_acc=69.06% val_acc=29.20% best=29.67% lr=3.3164614e-05 time=15.2s avg_epoch=15.2s est_planned=1h 15m 49s elapsed=1h 04m 47s
[LG][256/300] loss=6.2212 ce=1.2952 lg=1.9704 beta=2.5000 guidance_active_next=True raw_derivative=n/a smoothed_derivative=n/a guidance_stop_epoch=None train_acc=70.09% val_acc=28.82% best=29.67% lr=3.1975885e-05 time=15.2s avg_epoch=15.2s est_planned=1h 15m 49s elapsed=1h 05m 03s
[LG][257/300] loss=6.3562 ce=1.3216 lg=2.0138 beta=2.5000 guidance_active_next=True raw_derivative=n/a smoothed_derivative=n/a guidance_stop_epoch=None train_acc=69.62% val_acc=29.38% best=29.67% lr=3.0811339e-05 time=15.3s avg_epoch=15.2s est_planned=1h 15m 49s elapsed=1h 05m 18s
[LG][258/300] loss=6.2680 ce=1.3245 lg=1.9774 beta=2.5000 guidance_active_next=True raw_derivative=n/a smoothed_derivative=n/a guidance_stop_epoch=None train_acc=69.09% val_acc=29.01% best=29.67% lr=2.9671104e-05 time=15.4s avg_epoch=15.2s est_planned=1h 15m 50s elapsed=1h 05m 33s
[LG][259/300] loss=6.2897 ce=1.3026 lg=1.9948 beta=2.5000 guidance_active_next=True raw_derivative=n/a smoothed_derivative=n/a guidance_stop_epoch=None train_acc=69.45% val_acc=29.24% best=29.67% lr=2.8555305e-05 time=15.8s avg_epoch=15.2s est_planned=1h 15m 50s elapsed=1h 05m 49s
[LG][260/300] loss=6.2410 ce=1.3038 lg=1.9749 beta=2.5000 guidance_active_next=True raw_derivative=n/a smoothed_derivative=n/a guidance_stop_epoch=None train_acc=70.26% val_acc=29.00% best=29.67% lr=2.7464063e-05 time=15.3s avg_epoch=15.2s est_planned=1h 15m 50s elapsed=1h 06m 05s
[LG][261/300] loss=6.2591 ce=1.3137 lg=1.9781 beta=2.5000 guidance_active_next=True raw_derivative=n/a smoothed_derivative=n/a guidance_stop_epoch=None train_acc=68.95% val_acc=29.08% best=29.67% lr=2.6397499e-05 time=15.6s avg_epoch=15.2s est_planned=1h 15m 51s elapsed=1h 06m 20s
[LG][262/300] loss=6.2741 ce=1.3164 lg=1.9831 beta=2.5000 guidance_active_next=True raw_derivative=n/a smoothed_derivative=n/a guidance_stop_epoch=None train_acc=69.16% val_acc=29.06% best=29.67% lr=2.535573e-05 time=15.2s avg_epoch=15.2s est_planned=1h 15m 51s elapsed=1h 06m 35s
[LG][263/300] loss=6.3005 ce=1.3124 lg=1.9952 beta=2.5000 guidance_active_next=True raw_derivative=n/a smoothed_derivative=n/a guidance_stop_epoch=None train_acc=69.92% val_acc=29.65% best=29.67% lr=2.433887e-05 time=15.5s avg_epoch=15.2s est_planned=1h 15m 51s elapsed=1h 06m 51s
[LG][264/300] loss=6.3916 ce=1.2999 lg=2.0367 beta=2.5000 guidance_active_next=True raw_derivative=n/a smoothed_derivative=n/a guidance_stop_epoch=None train_acc=69.67% val_acc=28.94% best=29.67% lr=2.334703e-05 time=14.8s avg_epoch=15.2s est_planned=1h 15m 51s elapsed=1h 07m 06s
[LG][265/300] loss=6.3592 ce=1.2618 lg=2.0390 beta=2.5000 guidance_active_next=True raw_derivative=n/a smoothed_derivative=n/a guidance_stop_epoch=None train_acc=70.58% val_acc=29.03% best=29.67% lr=2.238032e-05 time=14.5s avg_epoch=15.2s est_planned=1h 15m 50s elapsed=1h 07m 20s
[LG][266/300] loss=6.2515 ce=1.3255 lg=1.9704 beta=2.5000 guidance_active_next=True raw_derivative=n/a smoothed_derivative=n/a guidance_stop_epoch=None train_acc=69.16% val_acc=29.19% best=29.67% lr=2.1438844e-05 time=14.5s avg_epoch=15.2s est_planned=1h 15m 49s elapsed=1h 07m 35s
[LG][267/300] loss=6.3871 ce=1.2821 lg=2.0420 beta=2.5000 guidance_active_next=True raw_derivative=n/a smoothed_derivative=n/a guidance_stop_epoch=None train_acc=70.23% val_acc=29.20% best=29.67% lr=2.0522708e-05 time=14.4s avg_epoch=15.2s est_planned=1h 15m 48s elapsed=1h 07m 50s
[LG][268/300] loss=6.1302 ce=1.2721 lg=1.9432 beta=2.5000 guidance_active_next=True raw_derivative=n/a smoothed_derivative=n/a guidance_stop_epoch=None train_acc=70.79% val_acc=28.81% best=29.67% lr=1.963201e-05 time=15.0s avg_epoch=15.2s est_planned=1h 15m 48s elapsed=1h 08m 05s
[LG][269/300] loss=6.2274 ce=1.3028 lg=1.9698 beta=2.5000 guidance_active_next=True raw_derivative=n/a smoothed_derivative=n/a guidance_stop_epoch=None train_acc=70.38% val_acc=29.43% best=29.67% lr=1.8766848e-05 time=14.5s avg_epoch=15.2s est_planned=1h 15m 47s elapsed=1h 08m 19s
[LG][270/300] loss=6.1784 ce=1.2861 lg=1.9569 beta=2.5000 guidance_active_next=True raw_derivative=n/a smoothed_derivative=n/a guidance_stop_epoch=None train_acc=70.40% val_acc=29.20% best=29.67% lr=1.7927319e-05 time=14.5s avg_epoch=15.2s est_planned=1h 15m 47s elapsed=1h 08m 34s
[LG][271/300] loss=6.1332 ce=1.2779 lg=1.9421 beta=2.5000 guidance_active_next=True raw_derivative=n/a smoothed_derivative=n/a guidance_stop_epoch=None train_acc=70.60% val_acc=29.29% best=29.67% lr=1.7113512e-05 time=15.1s avg_epoch=15.2s est_planned=1h 15m 47s elapsed=1h 08m 49s
[LG][272/300] loss=6.1600 ce=1.3222 lg=1.9351 beta=2.5000 guidance_active_next=True raw_derivative=n/a smoothed_derivative=n/a guidance_stop_epoch=None train_acc=69.55% val_acc=29.12% best=29.67% lr=1.6325519e-05 time=14.4s avg_epoch=15.2s est_planned=1h 15m 46s elapsed=1h 09m 03s
[LG][273/300] loss=6.2467 ce=1.3064 lg=1.9761 beta=2.5000 guidance_active_next=True raw_derivative=n/a smoothed_derivative=n/a guidance_stop_epoch=None train_acc=69.87% val_acc=29.12% best=29.67% lr=1.5563424e-05 time=15.3s avg_epoch=15.2s est_planned=1h 15m 46s elapsed=1h 09m 19s
[LG][274/300] loss=6.2893 ce=1.2944 lg=1.9980 beta=2.5000 guidance_active_next=True raw_derivative=n/a smoothed_derivative=n/a guidance_stop_epoch=None train_acc=70.45% val_acc=29.43% best=29.67% lr=1.4827313e-05 time=14.4s avg_epoch=15.2s est_planned=1h 15m 45s elapsed=1h 09m 33s
[LG][275/300] loss=6.2505 ce=1.3211 lg=1.9718 beta=2.5000 guidance_active_next=True raw_derivative=n/a smoothed_derivative=n/a guidance_stop_epoch=None train_acc=69.41% val_acc=29.24% best=29.67% lr=1.4117265e-05 time=14.5s avg_epoch=15.1s est_planned=1h 15m 45s elapsed=1h 09m 48s
[LG][276/300] loss=6.2555 ce=1.3159 lg=1.9759 beta=2.5000 guidance_active_next=True raw_derivative=n/a smoothed_derivative=n/a guidance_stop_epoch=None train_acc=69.67% val_acc=29.29% best=29.67% lr=1.3433358e-05 time=15.4s avg_epoch=15.1s est_planned=1h 15m 45s elapsed=1h 10m 04s
[LG][277/300] loss=6.1801 ce=1.2552 lg=1.9700 beta=2.5000 guidance_active_next=True raw_derivative=n/a smoothed_derivative=n/a guidance_stop_epoch=None train_acc=71.30% val_acc=29.22% best=29.67% lr=1.2775668e-05 time=15.2s avg_epoch=15.1s est_planned=1h 15m 45s elapsed=1h 10m 19s
[LG][278/300] loss=6.3747 ce=1.2939 lg=2.0323 beta=2.5000 guidance_active_next=True raw_derivative=n/a smoothed_derivative=n/a guidance_stop_epoch=None train_acc=70.07% val_acc=29.41% best=29.67% lr=1.2144266e-05 time=14.4s avg_epoch=15.1s est_planned=1h 15m 44s elapsed=1h 10m 33s
[LG][279/300] loss=6.3539 ce=1.3299 lg=2.0096 beta=2.5000 guidance_active_next=True raw_derivative=n/a smoothed_derivative=n/a guidance_stop_epoch=None train_acc=69.40% val_acc=29.29% best=29.67% lr=1.1539222e-05 time=15.2s avg_epoch=15.1s est_planned=1h 15m 44s elapsed=1h 10m 49s
[LG][280/300] loss=6.2751 ce=1.2983 lg=1.9907 beta=2.5000 guidance_active_next=True raw_derivative=n/a smoothed_derivative=n/a guidance_stop_epoch=None train_acc=69.57% val_acc=29.08% best=29.67% lr=1.0960601e-05 time=15.9s avg_epoch=15.2s est_planned=1h 15m 45s elapsed=1h 11m 05s
[LG][281/300] loss=6.2099 ce=1.2497 lg=1.9841 beta=2.5000 guidance_active_next=True raw_derivative=n/a smoothed_derivative=n/a guidance_stop_epoch=None train_acc=71.21% val_acc=29.06% best=29.67% lr=1.0408469e-05 time=15.0s avg_epoch=15.1s est_planned=1h 15m 45s elapsed=1h 11m 20s
[LG][282/300] loss=6.2234 ce=1.3118 lg=1.9646 beta=2.5000 guidance_active_next=True raw_derivative=n/a smoothed_derivative=n/a guidance_stop_epoch=None train_acc=69.89% val_acc=29.25% best=29.67% lr=9.8828843e-06 time=14.5s avg_epoch=15.1s est_planned=1h 15m 44s elapsed=1h 11m 34s
[LG][283/300] loss=6.2480 ce=1.3204 lg=1.9710 beta=2.5000 guidance_active_next=True raw_derivative=n/a smoothed_derivative=n/a guidance_stop_epoch=None train_acc=69.17% val_acc=29.34% best=29.67% lr=9.3839054e-06 time=14.4s avg_epoch=15.1s est_planned=1h 15m 43s elapsed=1h 11m 49s
[LG][284/300] loss=6.2346 ce=1.2983 lg=1.9745 beta=2.5000 guidance_active_next=True raw_derivative=n/a smoothed_derivative=n/a guidance_stop_epoch=None train_acc=70.30% val_acc=29.13% best=29.67% lr=8.911587e-06 time=14.6s avg_epoch=15.1s est_planned=1h 15m 43s elapsed=1h 12m 03s
[LG][285/300] loss=6.2450 ce=1.2798 lg=1.9861 beta=2.5000 guidance_active_next=True raw_derivative=n/a smoothed_derivative=n/a guidance_stop_epoch=None train_acc=70.18% val_acc=29.38% best=29.67% lr=8.4659808e-06 time=15.3s avg_epoch=15.1s est_planned=1h 15m 43s elapsed=1h 12m 19s
[LG][286/300] loss=6.2168 ce=1.2847 lg=1.9728 beta=2.5000 guidance_active_next=True raw_derivative=n/a smoothed_derivative=n/a guidance_stop_epoch=None train_acc=70.30% val_acc=29.17% best=29.67% lr=8.0471357e-06 time=14.7s avg_epoch=15.1s est_planned=1h 15m 42s elapsed=1h 12m 34s
[LG][287/300] loss=6.1922 ce=1.2611 lg=1.9724 beta=2.5000 guidance_active_next=True raw_derivative=n/a smoothed_derivative=n/a guidance_stop_epoch=None train_acc=70.57% val_acc=29.05% best=29.67% lr=7.6550976e-06 time=14.5s avg_epoch=15.1s est_planned=1h 15m 42s elapsed=1h 12m 48s
[LG][288/300] loss=6.2617 ce=1.2642 lg=1.9990 beta=2.5000 guidance_active_next=True raw_derivative=n/a smoothed_derivative=n/a guidance_stop_epoch=None train_acc=70.52% val_acc=29.17% best=29.67% lr=7.2899095e-06 time=14.4s avg_epoch=15.1s est_planned=1h 15m 41s elapsed=1h 13m 03s
[LG][289/300] loss=6.1823 ce=1.2818 lg=1.9602 beta=2.5000 guidance_active_next=True raw_derivative=n/a smoothed_derivative=n/a guidance_stop_epoch=None train_acc=70.04% val_acc=29.25% best=29.67% lr=6.9516114e-06 time=15.2s avg_epoch=15.1s est_planned=1h 15m 41s elapsed=1h 13m 18s
[LG][290/300] loss=6.2401 ce=1.2775 lg=1.9850 beta=2.5000 guidance_active_next=True raw_derivative=n/a smoothed_derivative=n/a guidance_stop_epoch=None train_acc=70.09% val_acc=29.31% best=29.67% lr=6.6402405e-06 time=16.0s avg_epoch=15.1s est_planned=1h 15m 42s elapsed=1h 13m 34s
[LG][291/300] loss=6.2256 ce=1.2979 lg=1.9711 beta=2.5000 guidance_active_next=True raw_derivative=n/a smoothed_derivative=n/a guidance_stop_epoch=None train_acc=70.04% val_acc=29.06% best=29.67% lr=6.3558309e-06 time=15.9s avg_epoch=15.1s est_planned=1h 15m 43s elapsed=1h 13m 50s
[LG][292/300] loss=6.1531 ce=1.2485 lg=1.9618 beta=2.5000 guidance_active_next=True raw_derivative=n/a smoothed_derivative=n/a guidance_stop_epoch=None train_acc=71.01% val_acc=29.24% best=29.67% lr=6.0984138e-06 time=14.5s avg_epoch=15.1s est_planned=1h 15m 42s elapsed=1h 14m 04s
[LG][293/300] loss=6.2517 ce=1.2611 lg=1.9962 beta=2.5000 guidance_active_next=True raw_derivative=n/a smoothed_derivative=n/a guidance_stop_epoch=None train_acc=70.36% val_acc=29.25% best=29.67% lr=5.8680173e-06 time=14.5s avg_epoch=15.1s est_planned=1h 15m 41s elapsed=1h 14m 19s
[LG][294/300] loss=6.2603 ce=1.2851 lg=1.9901 beta=2.5000 guidance_active_next=True raw_derivative=n/a smoothed_derivative=n/a guidance_stop_epoch=None train_acc=70.04% val_acc=29.17% best=29.67% lr=5.6646669e-06 time=15.3s avg_epoch=15.1s est_planned=1h 15m 42s elapsed=1h 14m 34s
[LG][295/300] loss=6.1757 ce=1.2633 lg=1.9650 beta=2.5000 guidance_active_next=True raw_derivative=n/a smoothed_derivative=n/a guidance_stop_epoch=None train_acc=70.31% val_acc=29.29% best=29.67% lr=5.4883847e-06 time=15.3s avg_epoch=15.1s est_planned=1h 15m 42s elapsed=1h 14m 50s
[LG][296/300] loss=6.2408 ce=1.2617 lg=1.9916 beta=2.5000 guidance_active_next=True raw_derivative=n/a smoothed_derivative=n/a guidance_stop_epoch=None train_acc=70.79% val_acc=29.39% best=29.67% lr=5.3391901e-06 time=14.5s avg_epoch=15.1s est_planned=1h 15m 41s elapsed=1h 15m 04s
[LG][297/300] loss=6.1791 ce=1.2741 lg=1.9620 beta=2.5000 guidance_active_next=True raw_derivative=n/a smoothed_derivative=n/a guidance_stop_epoch=None train_acc=70.74% val_acc=29.48% best=29.67% lr=5.2170996e-06 time=14.6s avg_epoch=15.1s est_planned=1h 15m 41s elapsed=1h 15m 19s
[LG][298/300] loss=6.3215 ce=1.3213 lg=2.0001 beta=2.5000 guidance_active_next=True raw_derivative=n/a smoothed_derivative=n/a guidance_stop_epoch=None train_acc=68.99% val_acc=29.48% best=29.67% lr=5.1221263e-06 time=14.6s avg_epoch=15.1s est_planned=1h 15m 40s elapsed=1h 15m 34s
[LG][299/300] loss=6.3538 ce=1.2804 lg=2.0293 beta=2.5000 guidance_active_next=True raw_derivative=n/a smoothed_derivative=n/a guidance_stop_epoch=None train_acc=69.90% val_acc=29.50% best=29.67% lr=5.0542808e-06 time=14.6s avg_epoch=15.1s est_planned=1h 15m 39s elapsed=1h 15m 48s
[LG][300/300] loss=6.2939 ce=1.2685 lg=2.0102 beta=2.5000 guidance_active_next=True raw_derivative=n/a smoothed_derivative=n/a guidance_stop_epoch=None train_acc=70.18% val_acc=29.29% best=29.67% lr=5.0135706e-06 time=14.5s avg_epoch=15.1s est_planned=1h 15m 39s elapsed=1h 16m 03s
========================================================================
[FINAL_RESULT] lg_best_top1=29.67% paper_top1=n/a gap_to_paper=n/a
[BETA_FINAL] observed_stop_epoch=None paper_stop_epoch=None guided_epochs=300 ce_only_epochs=0
[TIMING] avg_epoch=15.1s planned_epochs=300 estimated_total=1h 15m 39s elapsed=1h 16m 03s
[FINAL_RESULT] best_checkpoint=/app/output/cub200_resnet50_224_scratch_all_full_seed1/LG/cub200_resnet50_224_scratch/lg_cub200_resnet50_224_scratch_deit_ti_300ep_seed1/student_best.pt
[FINAL_RESULT] latest_checkpoint=/app/output/cub200_resnet50_224_scratch_all_full_seed1/LG/cub200_resnet50_224_scratch/lg_cub200_resnet50_224_scratch_deit_ti_300ep_seed1/student_latest.pt
[FINAL_RESULT] summary=/app/output/cub200_resnet50_224_scratch_all_full_seed1/LG/cub200_resnet50_224_scratch/lg_cub200_resnet50_224_scratch_deit_ti_300ep_seed1/summary.json
[DONE] LG training completed successfully; resources may be released.
[COMMAND][ALG] /usr/bin/python methods/ALG/cub200_resnet50_224_scratch/train.py --data-dir data/cub200 --teacher-root /app/output/cub200_resnet50_224_scratch_all_full_seed1/teacher_resnet50_224_scratch/teacher_cub200_resnet50_224_scratch_200ep_seed1 --output-dir /app/output/cub200_resnet50_224_scratch_all_full_seed1/ALG/cub200_resnet50_224_scratch --run-name alg_cub200_resnet50_224_scratch_deit_ti_300ep_seed1 --num-workers 4
[BOOT] Python process started: /usr/bin/python
========================================================================
ADAPTIVE LOCALITY GUIDANCE / TEACHER-224 -> DEIT-TI
========================================================================
[ENV] python=3.10.12 torch=2.11.0+cu130 torchvision=0.26.0+cu130 timm=1.0.27
[ENV] cuda_available=True cuda_device_count=1
[ENV] gpu_name=NVIDIA H200 NVL
[ENV] gpu_memory_gib=139.80
[ENV] device=cuda amp=False seed=1 cudnn_benchmark=False
[PATH] data_dir=/app/scratch/input/bapedragon_519/data/cub200
[PATH] teacher_root=/app/output/cub200_resnet50_224_scratch_all_full_seed1/teacher_resnet50_224_scratch/teacher_cub200_resnet50_224_scratch_200ep_seed1
[PATH] run_dir=/app/output/cub200_resnet50_224_scratch_all_full_seed1/ALG/cub200_resnet50_224_scratch/alg_cub200_resnet50_224_scratch_deit_ti_300ep_seed1
[MODE] smoke=False timing_run=False student_epochs=300 planned_epochs=300
[PROTOCOL] name=cub200_deit_ti_alg_resnet50_224_scratch_teacher_ablation_v1 optimizer=AdamW lr=0.0005 min_lr=5e-06 weight_decay=0.05 warmup=20 warmup_factor=0.001 cosine batch=128 eval_batch=200 student_image=224 teacher_image=224 drop_path=0.1 label_smoothing=0.0 pretrained=False base=lg_official eval_resize=direct eval_interpolation=bilinear
[AUGMENT] color_jitter=0.4 auto_augment=rand-m9-mstd0.5-inc1 random_erasing=0.25/pixel/1 interpolation=bicubic normalization=ImageNet drop_last_train=True
[ALG] loss=CE+beta*LG_while_controller_active beta=2.5 tau=-0.02 smoothing_window=50 controller_warm_up=0 stop_comparison=paper_ge derivative_mode=paper_equations descent_guard=False observed_signal=complete_lg_loss
[LG] teacher_stages=(0,1,2) student_blocks=(0,6,11) projection=1x1 grid=larger_of_teacher_student interpolation=bilinear stage_loss=elementwise_MSE sum_stages=True
[REFERENCE] dataset=cub200 ALG=n/a ALG_LG=n/a ALG_BASELINE=n/a paper_guidance_stop_epoch=None
[SOURCE] ALG_DOI=10.1109/TNNLS.2024.3515076 LG_repo_commit=d2165f74049c906b0afc9f957491960fb3c0cc8b
[DATA] CUB-200-2011 root=/app/scratch/input/bapedragon_519/data/cub200/CUB_200_2011
[DATA] train_samples=5994 test_samples=5794
[DATA] student_image=224 teacher_image=224 train_batch=128 eval_batch=200 num_workers=4 drop_last_train=True smoke=False split=train:official_train eval:official_test eval_interpolation=bilinear
[TEACHER] selected=best epoch=139 top1=48.31% sha256=6307a8289f8ddec5c79e8284af8f07d883d037aeaf936062a6833720e4f74ba7
[TEACHER_NATIVE_AUDIT] checkpoint_top1=48.31% native_teacher_224px_top1=48.31% gap=+0.00pp
[TEACHER_SHARED_VIEW] student_view_to_224px_top1=37.95% gap_to_checkpoint=-10.36pp diagnostic_only=True
[MODEL] teacher_params=23,917,832 student=deit_tiny_patch16_224 student_params=5,563,016 lg_trainable_params=691,712
[FEATURE_CHECK] teacher_raw=[(2, 512, 28, 28), (2, 1024, 14, 14), (2, 2048, 7, 7)] student=[(2, 192, 14, 14), (2, 192, 14, 14), (2, 192, 14, 14)] aligned=[(2, 512, 28, 28), (2, 1024, 14, 14), (2, 2048, 14, 14)] probe_lg=2.761093
[OPTIMIZER] official_lg_groups=head_no_decay:200,head_decay:38400,body_no_decay:72128,body_decay:6144000 no_decay=1d,bias,cls_token,pos_embed
[STUDENT] epochs=300 planned=300 initial_optimizer_lr=5e-07 official_warmup_start_lr=5e-07
[ALG][001/300] loss=22.0226 ce=5.2983 lg=6.6897 beta=2.5000 guidance_active_next=True raw_derivative=n/a smoothed_derivative=n/a guidance_stop_epoch=None train_acc=0.76% val_acc=1.12% best=1.12% lr=5e-07 time=15.9s avg_epoch=15.9s est_planned=1h 19m 37s elapsed=16s saved_best
[ALG][002/300] loss=21.3878 ce=5.2982 lg=6.4358 beta=2.5000 guidance_active_next=True raw_derivative=-0.126937 smoothed_derivative=-0.063468 guidance_stop_epoch=None train_acc=0.68% val_acc=0.67% best=1.12% lr=2.5475e-05 time=15.6s avg_epoch=15.8s est_planned=1h 18m 51s elapsed=32s
[ALG][003/300] loss=18.3791 ce=5.3013 lg=5.2311 beta=2.5000 guidance_active_next=True raw_derivative=-0.443885 smoothed_derivative=-0.190274 guidance_stop_epoch=None train_acc=0.25% val_acc=0.52% best=1.12% lr=5.045e-05 time=16.2s avg_epoch=15.9s est_planned=1h 19m 38s elapsed=48s
[ALG][004/300] loss=16.2293 ce=5.3035 lg=4.3703 beta=2.5000 guidance_active_next=True raw_derivative=-0.437138 smoothed_derivative=-0.251990 guidance_stop_epoch=None train_acc=0.31% val_acc=0.52% best=1.12% lr=7.5425e-05 time=15.4s avg_epoch=15.8s est_planned=1h 19m 00s elapsed=1m 03s
[ALG][005/300] loss=16.5665 ce=5.3054 lg=4.5044 beta=2.5000 guidance_active_next=True raw_derivative=-0.235462 smoothed_derivative=-0.248684 guidance_stop_epoch=None train_acc=0.27% val_acc=0.54% best=1.12% lr=0.0001004 time=14.6s avg_epoch=15.6s est_planned=1h 17m 48s elapsed=1m 18s
[ALG][006/300] loss=14.4337 ce=5.3058 lg=3.6512 beta=2.5000 guidance_active_next=True raw_derivative=-0.299185 smoothed_derivative=-0.257101 guidance_stop_epoch=None train_acc=0.25% val_acc=0.67% best=1.12% lr=0.000125375 time=15.7s avg_epoch=15.6s est_planned=1h 17m 53s elapsed=1m 34s
[ALG][007/300] loss=14.5096 ce=5.3061 lg=3.6814 beta=2.5000 guidance_active_next=True raw_derivative=-0.209384 smoothed_derivative=-0.250284 guidance_stop_epoch=None train_acc=0.36% val_acc=0.52% best=1.12% lr=0.00015035 time=15.4s avg_epoch=15.5s est_planned=1h 17m 44s elapsed=1m 49s
[ALG][008/300] loss=13.8865 ce=5.3048 lg=3.4327 beta=2.5000 guidance_active_next=True raw_derivative=-0.188130 smoothed_derivative=-0.242515 guidance_stop_epoch=None train_acc=0.42% val_acc=0.83% best=1.12% lr=0.000175325 time=14.6s avg_epoch=15.4s est_planned=1h 17m 10s elapsed=2m 04s
[ALG][009/300] loss=14.4814 ce=5.2773 lg=3.6816 beta=2.5000 guidance_active_next=True raw_derivative=-0.118661 smoothed_derivative=-0.228753 guidance_stop_epoch=None train_acc=0.65% val_acc=1.00% best=1.12% lr=0.0002003 time=14.7s avg_epoch=15.4s est_planned=1h 16m 47s elapsed=2m 19s
[ALG][010/300] loss=13.9464 ce=5.2101 lg=3.4945 beta=2.5000 guidance_active_next=True raw_derivative=-0.113639 smoothed_derivative=-0.217242 guidance_stop_epoch=None train_acc=0.85% val_acc=1.48% best=1.48% lr=0.000225275 time=15.7s avg_epoch=15.4s est_planned=1h 16m 59s elapsed=2m 35s saved_best
[ALG][011/300] loss=13.3740 ce=5.1445 lg=3.2918 beta=2.5000 guidance_active_next=True raw_derivative=-0.111406 smoothed_derivative=-0.207621 guidance_stop_epoch=None train_acc=1.24% val_acc=2.49% best=2.49% lr=0.00025025 time=15.1s avg_epoch=15.4s est_planned=1h 16m 51s elapsed=2m 50s saved_best
[ALG][012/300] loss=14.3164 ce=5.0971 lg=3.6877 beta=2.5000 guidance_active_next=True raw_derivative=-0.059848 smoothed_derivative=-0.195306 guidance_stop_epoch=None train_acc=2.04% val_acc=2.55% best=2.55% lr=0.000275225 time=14.5s avg_epoch=15.3s est_planned=1h 16m 30s elapsed=3m 05s saved_best
[ALG][013/300] loss=14.0978 ce=5.0432 lg=3.6219 beta=2.5000 guidance_active_next=True raw_derivative=-0.055706 smoothed_derivative=-0.184568 guidance_stop_epoch=None train_acc=2.29% val_acc=3.43% best=3.43% lr=0.0003002 time=15.8s avg_epoch=15.3s est_planned=1h 16m 41s elapsed=3m 20s saved_best
[ALG][014/300] loss=12.9024 ce=4.9734 lg=3.1716 beta=2.5000 guidance_active_next=True raw_derivative=-0.079909 smoothed_derivative=-0.177092 guidance_stop_epoch=None train_acc=2.67% val_acc=3.66% best=3.66% lr=0.000325175 time=15.3s avg_epoch=15.3s est_planned=1h 16m 40s elapsed=3m 36s saved_best
[ALG][015/300] loss=13.4785 ce=4.9532 lg=3.4101 beta=2.5000 guidance_active_next=True raw_derivative=-0.053355 smoothed_derivative=-0.168843 guidance_stop_epoch=None train_acc=2.50% val_acc=3.95% best=3.95% lr=0.00035015 time=15.0s avg_epoch=15.3s est_planned=1h 16m 33s elapsed=3m 51s saved_best
[ALG][016/300] loss=12.6013 ce=4.8799 lg=3.0886 beta=2.5000 guidance_active_next=True raw_derivative=-0.066781 smoothed_derivative=-0.162464 guidance_stop_epoch=None train_acc=3.06% val_acc=4.76% best=4.76% lr=0.000375125 time=14.4s avg_epoch=15.3s est_planned=1h 16m 16s elapsed=4m 06s saved_best
[ALG][017/300] loss=12.5806 ce=4.8585 lg=3.0889 beta=2.5000 guidance_active_next=True raw_derivative=-0.058907 smoothed_derivative=-0.156372 guidance_stop_epoch=None train_acc=3.19% val_acc=4.37% best=4.76% lr=0.0004001 time=14.9s avg_epoch=15.2s est_planned=1h 16m 10s elapsed=4m 20s
[ALG][018/300] loss=12.7538 ce=4.8390 lg=3.1659 beta=2.5000 guidance_active_next=True raw_derivative=-0.048080 smoothed_derivative=-0.150356 guidance_stop_epoch=None train_acc=3.84% val_acc=4.11% best=4.76% lr=0.000425075 time=15.8s avg_epoch=15.3s est_planned=1h 16m 20s elapsed=4m 36s
[ALG][019/300] loss=12.7755 ce=4.7997 lg=3.1903 beta=2.5000 guidance_active_next=True raw_derivative=-0.041736 smoothed_derivative=-0.144639 guidance_stop_epoch=None train_acc=4.06% val_acc=5.89% best=5.89% lr=0.00045005 time=15.7s avg_epoch=15.3s est_planned=1h 16m 28s elapsed=4m 52s saved_best
[ALG][020/300] loss=12.1793 ce=4.7758 lg=2.9614 beta=2.5000 guidance_active_next=True raw_derivative=-0.049009 smoothed_derivative=-0.139858 guidance_stop_epoch=None train_acc=4.30% val_acc=5.20% best=5.89% lr=0.000475025 time=15.0s avg_epoch=15.3s est_planned=1h 16m 24s elapsed=5m 07s
[ALG][021/300] loss=12.0116 ce=4.7212 lg=2.9162 beta=2.5000 guidance_active_next=True raw_derivative=-0.046495 smoothed_derivative=-0.135412 guidance_stop_epoch=None train_acc=4.57% val_acc=6.78% best=6.78% lr=0.00049459153 time=15.5s avg_epoch=15.3s est_planned=1h 16m 28s elapsed=5m 23s saved_best
[ALG][022/300] loss=11.7445 ce=4.6678 lg=2.8307 beta=2.5000 guidance_active_next=True raw_derivative=-0.046154 smoothed_derivative=-0.131355 guidance_stop_epoch=None train_acc=5.30% val_acc=7.15% best=7.15% lr=0.0004940394 time=15.4s avg_epoch=15.3s est_planned=1h 16m 30s elapsed=5m 39s saved_best
[ALG][023/300] loss=12.8455 ce=4.7120 lg=3.2534 beta=2.5000 guidance_active_next=True raw_derivative=-0.023760 smoothed_derivative=-0.126677 guidance_stop_epoch=None train_acc=4.74% val_acc=3.71% best=7.15% lr=0.00049346078 time=15.2s avg_epoch=15.3s est_planned=1h 16m 28s elapsed=5m 54s
[ALG][024/300] loss=13.4407 ce=4.7906 lg=3.4601 beta=2.5000 guidance_active_next=True raw_derivative=-0.013170 smoothed_derivative=-0.121947 guidance_stop_epoch=None train_acc=4.53% val_acc=6.92% best=7.15% lr=0.00049285573 time=15.2s avg_epoch=15.3s est_planned=1h 16m 27s elapsed=6m 09s
[ALG][025/300] loss=12.6648 ce=4.6686 lg=3.1985 beta=2.5000 guidance_active_next=True raw_derivative=-0.022579 smoothed_derivative=-0.117973 guidance_stop_epoch=None train_acc=5.50% val_acc=8.04% best=8.04% lr=0.00049222433 time=15.6s avg_epoch=15.3s est_planned=1h 16m 31s elapsed=6m 25s saved_best
[ALG][026/300] loss=12.3103 ce=4.6245 lg=3.0743 beta=2.5000 guidance_active_next=True raw_derivative=-0.025618 smoothed_derivative=-0.114420 guidance_stop_epoch=None train_acc=5.76% val_acc=8.56% best=8.56% lr=0.00049156664 time=15.4s avg_epoch=15.3s est_planned=1h 16m 32s elapsed=6m 40s saved_best
[ALG][027/300] loss=11.9854 ce=4.5596 lg=2.9703 beta=2.5000 guidance_active_next=True raw_derivative=-0.027573 smoothed_derivative=-0.111204 guidance_stop_epoch=None train_acc=6.17% val_acc=8.68% best=8.68% lr=0.00049088274 time=15.4s avg_epoch=15.3s est_planned=1h 16m 33s elapsed=6m 56s saved_best
[ALG][028/300] loss=12.3988 ce=4.5409 lg=3.1432 beta=2.5000 guidance_active_next=True raw_derivative=-0.019430 smoothed_derivative=-0.107926 guidance_stop_epoch=None train_acc=7.07% val_acc=9.04% best=9.04% lr=0.00049017269 time=15.2s avg_epoch=15.3s est_planned=1h 16m 32s elapsed=7m 11s saved_best
[ALG][029/300] loss=11.9843 ce=4.4973 lg=2.9948 beta=2.5000 guidance_active_next=True raw_derivative=-0.023205 smoothed_derivative=-0.105005 guidance_stop_epoch=None train_acc=7.76% val_acc=9.98% best=9.98% lr=0.00048943658 time=15.2s avg_epoch=15.3s est_planned=1h 16m 31s elapsed=7m 26s saved_best
[ALG][030/300] loss=11.4721 ce=4.4690 lg=2.8013 beta=2.5000 guidance_active_next=True raw_derivative=-0.028111 smoothed_derivative=-0.102442 guidance_stop_epoch=None train_acc=8.03% val_acc=10.39% best=10.39% lr=0.00048867448 time=14.6s avg_epoch=15.3s est_planned=1h 16m 24s elapsed=7m 41s saved_best
[ALG][031/300] loss=11.4353 ce=4.4452 lg=2.7960 beta=2.5000 guidance_active_next=True raw_derivative=-0.026465 smoothed_derivative=-0.099991 guidance_stop_epoch=None train_acc=7.80% val_acc=11.32% best=11.32% lr=0.00048788649 time=15.5s avg_epoch=15.3s est_planned=1h 16m 26s elapsed=7m 57s saved_best
[ALG][032/300] loss=11.6505 ce=4.4119 lg=2.8954 beta=2.5000 guidance_active_next=True raw_derivative=-0.021705 smoothed_derivative=-0.097544 guidance_stop_epoch=None train_acc=8.85% val_acc=10.65% best=11.32% lr=0.00048707268 time=14.6s avg_epoch=15.3s est_planned=1h 16m 19s elapsed=8m 12s
[ALG][033/300] loss=11.8450 ce=4.4098 lg=2.9741 beta=2.5000 guidance_active_next=True raw_derivative=-0.018005 smoothed_derivative=-0.095134 guidance_stop_epoch=None train_acc=8.88% val_acc=11.03% best=11.32% lr=0.00048623315 time=14.6s avg_epoch=15.2s est_planned=1h 16m 13s elapsed=8m 26s
[ALG][034/300] loss=11.3079 ce=4.3720 lg=2.7744 beta=2.5000 guidance_active_next=True raw_derivative=-0.022821 smoothed_derivative=-0.093007 guidance_stop_epoch=None train_acc=8.46% val_acc=12.08% best=12.08% lr=0.00048536799 time=14.7s avg_epoch=15.2s est_planned=1h 16m 08s elapsed=8m 41s saved_best
[ALG][035/300] loss=11.1979 ce=4.3262 lg=2.7487 beta=2.5000 guidance_active_next=True raw_derivative=-0.022250 smoothed_derivative=-0.090986 guidance_stop_epoch=None train_acc=9.65% val_acc=12.01% best=12.08% lr=0.00048447729 time=14.5s avg_epoch=15.2s est_planned=1h 16m 02s elapsed=8m 56s
[ALG][036/300] loss=11.4429 ce=4.3174 lg=2.8502 beta=2.5000 guidance_active_next=True raw_derivative=-0.018195 smoothed_derivative=-0.088964 guidance_stop_epoch=None train_acc=9.68% val_acc=12.96% best=12.96% lr=0.00048356116 time=15.3s avg_epoch=15.2s est_planned=1h 16m 03s elapsed=9m 11s saved_best
[ALG][037/300] loss=11.1020 ce=4.2608 lg=2.7365 beta=2.5000 guidance_active_next=True raw_derivative=-0.020284 smoothed_derivative=-0.087108 guidance_stop_epoch=None train_acc=10.50% val_acc=12.98% best=12.98% lr=0.00048261968 time=15.4s avg_epoch=15.2s est_planned=1h 16m 04s elapsed=9m 26s saved_best
[ALG][038/300] loss=10.9803 ce=4.2425 lg=2.6951 beta=2.5000 guidance_active_next=True raw_derivative=-0.020306 smoothed_derivative=-0.085350 guidance_stop_epoch=None train_acc=10.80% val_acc=13.51% best=13.51% lr=0.00048165297 time=15.4s avg_epoch=15.2s est_planned=1h 16m 05s elapsed=9m 42s saved_best
[ALG][039/300] loss=10.9917 ce=4.2067 lg=2.7140 beta=2.5000 guidance_active_next=True raw_derivative=-0.018780 smoothed_derivative=-0.083643 guidance_stop_epoch=None train_acc=11.02% val_acc=13.77% best=13.77% lr=0.00048066113 time=15.2s avg_epoch=15.2s est_planned=1h 16m 05s elapsed=9m 57s saved_best
[ALG][040/300] loss=11.2283 ce=4.1776 lg=2.8203 beta=2.5000 guidance_active_next=True raw_derivative=-0.015184 smoothed_derivative=-0.081931 guidance_stop_epoch=None train_acc=11.06% val_acc=15.00% best=15.00% lr=0.00047964427 time=15.4s avg_epoch=15.2s est_planned=1h 16m 06s elapsed=10m 13s saved_best
[ALG][041/300] loss=11.1406 ce=4.1803 lg=2.7841 beta=2.5000 guidance_active_next=True raw_derivative=-0.015325 smoothed_derivative=-0.080307 guidance_stop_epoch=None train_acc=12.06% val_acc=13.43% best=15.00% lr=0.0004786025 time=16.1s avg_epoch=15.2s est_planned=1h 16m 12s elapsed=10m 29s
[ALG][042/300] loss=10.9781 ce=4.1842 lg=2.7176 beta=2.5000 guidance_active_next=True raw_derivative=-0.016181 smoothed_derivative=-0.078780 guidance_stop_epoch=None train_acc=11.68% val_acc=14.79% best=15.00% lr=0.00047753594 time=14.8s avg_epoch=15.2s est_planned=1h 16m 09s elapsed=10m 44s
[ALG][043/300] loss=10.7596 ce=4.0990 lg=2.6642 beta=2.5000 guidance_active_next=True raw_derivative=-0.016668 smoothed_derivative=-0.077335 guidance_stop_epoch=None train_acc=13.23% val_acc=15.24% best=15.24% lr=0.0004764447 time=14.9s avg_epoch=15.2s est_planned=1h 16m 07s elapsed=10m 59s saved_best
[ALG][044/300] loss=10.9748 ce=4.1576 lg=2.7269 beta=2.5000 guidance_active_next=True raw_derivative=-0.014487 smoothed_derivative=-0.075907 guidance_stop_epoch=None train_acc=11.89% val_acc=15.53% best=15.53% lr=0.0004753289 time=15.9s avg_epoch=15.2s est_planned=1h 16m 11s elapsed=11m 15s saved_best
[ALG][045/300] loss=10.8362 ce=4.0753 lg=2.7044 beta=2.5000 guidance_active_next=True raw_derivative=-0.014343 smoothed_derivative=-0.074539 guidance_stop_epoch=None train_acc=13.06% val_acc=14.64% best=15.53% lr=0.00047418866 time=15.3s avg_epoch=15.2s est_planned=1h 16m 12s elapsed=11m 30s
[ALG][046/300] loss=10.9467 ce=4.0818 lg=2.7460 beta=2.5000 guidance_active_next=True raw_derivative=-0.012815 smoothed_derivative=-0.073197 guidance_stop_epoch=None train_acc=13.06% val_acc=16.66% best=16.66% lr=0.00047302411 time=15.3s avg_epoch=15.2s est_planned=1h 16m 12s elapsed=11m 46s saved_best
[ALG][047/300] loss=10.5299 ce=4.0006 lg=2.6117 beta=2.5000 guidance_active_next=True raw_derivative=-0.015126 smoothed_derivative=-0.071962 guidance_stop_epoch=None train_acc=14.10% val_acc=16.14% best=16.66% lr=0.00047183539 time=15.2s avg_epoch=15.2s est_planned=1h 16m 12s elapsed=12m 01s
[ALG][048/300] loss=10.7900 ce=4.0430 lg=2.6988 beta=2.5000 guidance_active_next=True raw_derivative=-0.012681 smoothed_derivative=-0.070727 guidance_stop_epoch=None train_acc=13.60% val_acc=15.93% best=16.66% lr=0.0004706226 time=15.9s avg_epoch=15.3s est_planned=1h 16m 16s elapsed=12m 17s
[ALG][049/300] loss=10.7829 ce=3.9713 lg=2.7246 beta=2.5000 guidance_active_next=True raw_derivative=-0.011637 smoothed_derivative=-0.069521 guidance_stop_epoch=None train_acc=14.66% val_acc=15.81% best=16.66% lr=0.0004693859 time=15.4s avg_epoch=15.3s est_planned=1h 16m 17s elapsed=12m 32s
[ALG][050/300] loss=11.3341 ce=4.0017 lg=2.9330 beta=2.5000 guidance_active_next=True raw_derivative=-0.007005 smoothed_derivative=-0.068270 guidance_stop_epoch=None train_acc=14.32% val_acc=16.83% best=16.83% lr=0.00046812542 time=15.3s avg_epoch=15.3s est_planned=1h 16m 17s elapsed=12m 48s saved_best
[ALG][051/300] loss=10.4458 ce=3.9527 lg=2.5973 beta=2.5000 guidance_active_next=True raw_derivative=-0.081849 smoothed_derivative=-0.069907 guidance_stop_epoch=None train_acc=14.91% val_acc=16.98% best=16.98% lr=0.00046684129 time=14.6s avg_epoch=15.2s est_planned=1h 16m 14s elapsed=13m 02s saved_best
[ALG][052/300] loss=10.3185 ce=3.8896 lg=2.5715 beta=2.5000 guidance_active_next=True raw_derivative=-0.077286 smoothed_derivative=-0.068914 guidance_stop_epoch=None train_acc=15.95% val_acc=17.79% best=17.79% lr=0.00046553365 time=14.5s avg_epoch=15.2s est_planned=1h 16m 09s elapsed=13m 17s saved_best
[ALG][053/300] loss=10.3780 ce=3.9052 lg=2.5891 beta=2.5000 guidance_active_next=True raw_derivative=-0.052840 smoothed_derivative=-0.061093 guidance_stop_epoch=None train_acc=15.91% val_acc=18.21% best=18.21% lr=0.00046420265 time=15.2s avg_epoch=15.2s est_planned=1h 16m 09s elapsed=13m 32s saved_best
[ALG][054/300] loss=10.1089 ce=3.8014 lg=2.5230 beta=2.5000 guidance_active_next=True raw_derivative=-0.036946 smoothed_derivative=-0.053090 guidance_stop_epoch=None train_acc=17.82% val_acc=18.38% best=18.38% lr=0.00046284844 time=14.6s avg_epoch=15.2s est_planned=1h 16m 05s elapsed=13m 47s saved_best
[ALG][055/300] loss=10.2898 ce=3.8279 lg=2.5847 beta=2.5000 guidance_active_next=True raw_derivative=-0.038394 smoothed_derivative=-0.049148 guidance_stop_epoch=None train_acc=16.93% val_acc=19.12% best=19.12% lr=0.00046147116 time=14.6s avg_epoch=15.2s est_planned=1h 16m 02s elapsed=14m 02s saved_best
[ALG][056/300] loss=10.4616 ce=3.8161 lg=2.6582 beta=2.5000 guidance_active_next=True raw_derivative=-0.019859 smoothed_derivative=-0.043562 guidance_stop_epoch=None train_acc=17.09% val_acc=17.66% best=19.12% lr=0.00046007097 time=15.9s avg_epoch=15.2s est_planned=1h 16m 05s elapsed=14m 18s
[ALG][057/300] loss=10.1355 ce=3.8154 lg=2.5281 beta=2.5000 guidance_active_next=True raw_derivative=-0.023067 smoothed_derivative=-0.039835 guidance_stop_epoch=None train_acc=17.19% val_acc=19.62% best=19.62% lr=0.00045864801 time=15.3s avg_epoch=15.2s est_planned=1h 16m 06s elapsed=14m 33s saved_best
[ALG][058/300] loss=9.9979 ce=3.7747 lg=2.4893 beta=2.5000 guidance_active_next=True raw_derivative=-0.018867 smoothed_derivative=-0.036450 guidance_stop_epoch=None train_acc=17.36% val_acc=18.85% best=19.62% lr=0.00045720244 time=15.3s avg_epoch=15.2s est_planned=1h 16m 06s elapsed=14m 48s
[ALG][059/300] loss=10.3411 ce=3.7170 lg=2.6497 beta=2.5000 guidance_active_next=True raw_derivative=-0.020640 smoothed_derivative=-0.034490 guidance_stop_epoch=None train_acc=18.48% val_acc=18.99% best=19.62% lr=0.00045573443 time=14.5s avg_epoch=15.2s est_planned=1h 16m 02s elapsed=15m 03s
[ALG][060/300] loss=9.9855 ce=3.7025 lg=2.5132 beta=2.5000 guidance_active_next=True raw_derivative=-0.019626 smoothed_derivative=-0.032609 guidance_stop_epoch=None train_acc=18.78% val_acc=20.35% best=20.35% lr=0.00045424413 time=14.5s avg_epoch=15.2s est_planned=1h 15m 59s elapsed=15m 18s saved_best
[ALG][061/300] loss=9.7636 ce=3.6738 lg=2.4359 beta=2.5000 guidance_active_next=True raw_derivative=-0.017118 smoothed_derivative=-0.030724 guidance_stop_epoch=None train_acc=18.83% val_acc=19.73% best=20.35% lr=0.00045273171 time=15.6s avg_epoch=15.2s est_planned=1h 16m 01s elapsed=15m 33s
[ALG][062/300] loss=9.9397 ce=3.7005 lg=2.4957 beta=2.5000 guidance_active_next=True raw_derivative=-0.023841 smoothed_derivative=-0.030003 guidance_stop_epoch=None train_acc=19.33% val_acc=20.06% best=20.35% lr=0.00045119733 time=15.5s avg_epoch=15.2s est_planned=1h 16m 02s elapsed=15m 49s
[ALG][063/300] loss=9.7279 ce=3.6127 lg=2.4461 beta=2.5000 guidance_active_next=True raw_derivative=-0.023515 smoothed_derivative=-0.029360 guidance_stop_epoch=None train_acc=20.06% val_acc=19.87% best=20.35% lr=0.00044964115 time=15.1s avg_epoch=15.2s est_planned=1h 16m 02s elapsed=16m 04s
[ALG][064/300] loss=9.7811 ce=3.6617 lg=2.4477 beta=2.5000 guidance_active_next=True raw_derivative=-0.014477 smoothed_derivative=-0.028051 guidance_stop_epoch=None train_acc=19.36% val_acc=21.02% best=21.02% lr=0.00044806337 time=14.5s avg_epoch=15.2s est_planned=1h 15m 58s elapsed=16m 19s saved_best
[ALG][065/300] loss=9.9527 ce=3.6316 lg=2.5284 beta=2.5000 guidance_active_next=True raw_derivative=-0.017633 smoothed_derivative=-0.027337 guidance_stop_epoch=None train_acc=19.92% val_acc=20.07% best=21.02% lr=0.00044646413 time=15.9s avg_epoch=15.2s est_planned=1h 16m 02s elapsed=16m 35s
[ALG][066/300] loss=9.7848 ce=3.5959 lg=2.4756 beta=2.5000 guidance_active_next=True raw_derivative=-0.012260 smoothed_derivative=-0.026246 guidance_stop_epoch=None train_acc=20.01% val_acc=20.81% best=21.02% lr=0.00044484363 time=15.3s avg_epoch=15.2s est_planned=1h 16m 02s elapsed=16m 50s
[ALG][067/300] loss=10.0427 ce=3.5340 lg=2.6035 beta=2.5000 guidance_active_next=True raw_derivative=-0.009707 smoothed_derivative=-0.025262 guidance_stop_epoch=None train_acc=21.59% val_acc=21.42% best=21.42% lr=0.00044320203 time=15.0s avg_epoch=15.2s est_planned=1h 16m 01s elapsed=17m 05s saved_best
[ALG][068/300] loss=9.9409 ce=3.5714 lg=2.5478 beta=2.5000 guidance_active_next=True raw_derivative=-0.012362 smoothed_derivative=-0.024548 guidance_stop_epoch=None train_acc=21.40% val_acc=20.94% best=21.42% lr=0.00044153952 time=15.2s avg_epoch=15.2s est_planned=1h 16m 01s elapsed=17m 20s
[ALG][069/300] loss=9.6037 ce=3.5449 lg=2.4235 beta=2.5000 guidance_active_next=True raw_derivative=-0.015335 smoothed_derivative=-0.024020 guidance_stop_epoch=None train_acc=21.31% val_acc=20.83% best=21.42% lr=0.00043985628 time=15.1s avg_epoch=15.2s est_planned=1h 16m 01s elapsed=17m 36s
[ALG][070/300] loss=9.4985 ce=3.4890 lg=2.4038 beta=2.5000 guidance_active_next=True raw_derivative=-0.011152 smoothed_derivative=-0.023263 guidance_stop_epoch=None train_acc=21.96% val_acc=21.94% best=21.94% lr=0.00043815249 time=14.5s avg_epoch=15.2s est_planned=1h 15m 58s elapsed=17m 50s saved_best
[ALG][071/300] loss=9.5007 ce=3.4977 lg=2.4012 beta=2.5000 guidance_active_next=True raw_derivative=-0.010300 smoothed_derivative=-0.022539 guidance_stop_epoch=None train_acc=22.06% val_acc=21.83% best=21.94% lr=0.00043642834 time=15.0s avg_epoch=15.2s est_planned=1h 15m 57s elapsed=18m 05s
[ALG][072/300] loss=9.8660 ce=3.4411 lg=2.5700 beta=2.5000 guidance_active_next=True raw_derivative=-0.005214 smoothed_derivative=-0.021720 guidance_stop_epoch=None train_acc=23.68% val_acc=21.37% best=21.94% lr=0.00043468403 time=15.2s avg_epoch=15.2s est_planned=1h 15m 57s elapsed=18m 21s
[ALG][073/300] loss=9.9956 ce=3.4437 lg=2.6208 beta=2.5000 guidance_active_next=True raw_derivative=-0.012653 smoothed_derivative=-0.021498 guidance_stop_epoch=None train_acc=22.96% val_acc=22.54% best=22.54% lr=0.00043291974 time=15.5s avg_epoch=15.2s est_planned=1h 15m 58s elapsed=18m 36s saved_best
[ALG][074/300] loss=9.6530 ce=3.4115 lg=2.4966 beta=2.5000 guidance_active_next=True raw_derivative=-0.019269 smoothed_derivative=-0.021620 guidance_stop_epoch=None train_acc=23.32% val_acc=22.26% best=22.54% lr=0.00043113566 time=15.5s avg_epoch=15.2s est_planned=1h 16m 00s elapsed=18m 52s
[ALG][075/300] loss=9.6546 ce=3.3893 lg=2.5061 beta=2.5000 guidance_active_next=True raw_derivative=-0.013847 smoothed_derivative=-0.021445 guidance_stop_epoch=None train_acc=24.22% val_acc=22.26% best=22.54% lr=0.00042933199 time=15.5s avg_epoch=15.2s est_planned=1h 16m 01s elapsed=19m 07s
[ALG][076/300] loss=9.3964 ce=3.3523 lg=2.4176 beta=2.5000 guidance_active_next=True raw_derivative=-0.013134 smoothed_derivative=-0.021196 guidance_stop_epoch=None train_acc=24.85% val_acc=22.32% best=22.54% lr=0.00042750893 time=16.0s avg_epoch=15.2s est_planned=1h 16m 04s elapsed=19m 23s
[ALG][077/300] loss=9.2776 ce=3.3015 lg=2.3904 beta=2.5000 guidance_active_next=True raw_derivative=-0.011598 smoothed_derivative=-0.020876 guidance_stop_epoch=None train_acc=26.05% val_acc=22.61% best=22.61% lr=0.00042566668 time=15.5s avg_epoch=15.2s est_planned=1h 16m 05s elapsed=19m 39s saved_best
[ALG][078/300] loss=9.2248 ce=3.3224 lg=2.3610 beta=2.5000 guidance_active_next=True raw_derivative=-0.015644 smoothed_derivative=-0.020800 guidance_stop_epoch=None train_acc=25.36% val_acc=23.39% best=23.39% lr=0.00042380544 time=15.3s avg_epoch=15.2s est_planned=1h 16m 05s elapsed=19m 54s saved_best
[ALG][079/300] loss=9.2184 ce=3.3339 lg=2.3538 beta=2.5000 guidance_active_next=True raw_derivative=-0.012820 smoothed_derivative=-0.020593 guidance_stop_epoch=None train_acc=25.58% val_acc=22.85% best=23.39% lr=0.00042192541 time=15.4s avg_epoch=15.2s est_planned=1h 16m 06s elapsed=20m 10s
[ALG][080/300] loss=9.1543 ce=3.2453 lg=2.3636 beta=2.5000 guidance_active_next=True raw_derivative=-0.008753 smoothed_derivative=-0.020205 guidance_stop_epoch=None train_acc=26.78% val_acc=23.46% best=23.46% lr=0.0004200268 time=16.0s avg_epoch=15.2s est_planned=1h 16m 09s elapsed=20m 26s saved_best
[BETA_TRANSITION] guidance disabled after epoch=81 LG=2.382233 raw_derivative=-0.008276 smoothed_derivative=-0.019842 threshold=-0.02; subsequent epochs are CE-only.
[ALG][081/300] loss=9.1864 ce=3.2308 lg=2.3822 beta=2.5000 guidance_active_next=False raw_derivative=-0.008276 smoothed_derivative=-0.019842 guidance_stop_epoch=81 train_acc=27.16% val_acc=24.53% best=24.53% lr=0.00041810983 time=15.3s avg_epoch=15.2s est_planned=1h 16m 09s elapsed=20m 41s saved_best
[ALG][082/300] loss=3.2814 ce=3.2814 lg=0.0000 beta=0.0000 guidance_active_next=False raw_derivative=n/a smoothed_derivative=n/a guidance_stop_epoch=81 train_acc=26.65% val_acc=23.28% best=24.53% lr=0.00041617469 time=11.7s avg_epoch=15.2s est_planned=1h 15m 56s elapsed=20m 53s
[ALG][083/300] loss=3.2648 ce=3.2648 lg=0.0000 beta=0.0000 guidance_active_next=False raw_derivative=n/a smoothed_derivative=n/a guidance_stop_epoch=81 train_acc=26.70% val_acc=22.97% best=24.53% lr=0.0004142216 time=11.6s avg_epoch=15.1s est_planned=1h 15m 43s elapsed=21m 05s
[ALG][084/300] loss=3.2414 ce=3.2414 lg=0.0000 beta=0.0000 guidance_active_next=False raw_derivative=n/a smoothed_derivative=n/a guidance_stop_epoch=81 train_acc=27.16% val_acc=24.08% best=24.53% lr=0.00041225078 time=12.2s avg_epoch=15.1s est_planned=1h 15m 32s elapsed=21m 17s
[ALG][085/300] loss=3.2367 ce=3.2367 lg=0.0000 beta=0.0000 guidance_active_next=False raw_derivative=n/a smoothed_derivative=n/a guidance_stop_epoch=81 train_acc=27.41% val_acc=23.28% best=24.53% lr=0.00041026244 time=12.7s avg_epoch=15.1s est_planned=1h 15m 24s elapsed=21m 30s
[ALG][086/300] loss=3.1486 ce=3.1486 lg=0.0000 beta=0.0000 guidance_active_next=False raw_derivative=n/a smoothed_derivative=n/a guidance_stop_epoch=81 train_acc=29.21% val_acc=22.30% best=24.53% lr=0.0004082568 time=11.3s avg_epoch=15.0s est_planned=1h 15m 11s elapsed=21m 41s
[ALG][087/300] loss=3.1854 ce=3.1854 lg=0.0000 beta=0.0000 guidance_active_next=False raw_derivative=n/a smoothed_derivative=n/a guidance_stop_epoch=81 train_acc=28.07% val_acc=23.44% best=24.53% lr=0.00040623408 time=11.2s avg_epoch=15.0s est_planned=1h 14m 57s elapsed=21m 52s
[ALG][088/300] loss=3.1052 ce=3.1052 lg=0.0000 beta=0.0000 guidance_active_next=False raw_derivative=n/a smoothed_derivative=n/a guidance_stop_epoch=81 train_acc=29.70% val_acc=24.37% best=24.53% lr=0.0004041945 time=11.3s avg_epoch=14.9s est_planned=1h 14m 45s elapsed=22m 04s
[ALG][089/300] loss=3.1091 ce=3.1091 lg=0.0000 beta=0.0000 guidance_active_next=False raw_derivative=n/a smoothed_derivative=n/a guidance_stop_epoch=81 train_acc=28.67% val_acc=24.21% best=24.53% lr=0.00040213828 time=10.9s avg_epoch=14.9s est_planned=1h 14m 31s elapsed=22m 15s
[ALG][090/300] loss=3.0869 ce=3.0869 lg=0.0000 beta=0.0000 guidance_active_next=False raw_derivative=n/a smoothed_derivative=n/a guidance_stop_epoch=81 train_acc=30.47% val_acc=23.04% best=24.53% lr=0.00040006566 time=13.0s avg_epoch=14.9s est_planned=1h 14m 25s elapsed=22m 28s
[ALG][091/300] loss=3.0725 ce=3.0725 lg=0.0000 beta=0.0000 guidance_active_next=False raw_derivative=n/a smoothed_derivative=n/a guidance_stop_epoch=81 train_acc=30.50% val_acc=24.56% best=24.56% lr=0.00039797685 time=10.9s avg_epoch=14.8s est_planned=1h 14m 12s elapsed=22m 39s saved_best
[ALG][092/300] loss=3.0372 ce=3.0372 lg=0.0000 beta=0.0000 guidance_active_next=False raw_derivative=n/a smoothed_derivative=n/a guidance_stop_epoch=81 train_acc=31.47% val_acc=24.35% best=24.56% lr=0.00039587209 time=11.8s avg_epoch=14.8s est_planned=1h 14m 02s elapsed=22m 51s
[ALG][093/300] loss=2.9714 ce=2.9714 lg=0.0000 beta=0.0000 guidance_active_next=False raw_derivative=n/a smoothed_derivative=n/a guidance_stop_epoch=81 train_acc=31.66% val_acc=24.91% best=24.91% lr=0.00039375161 time=10.9s avg_epoch=14.8s est_planned=1h 13m 49s elapsed=23m 02s saved_best
[ALG][094/300] loss=2.9634 ce=2.9634 lg=0.0000 beta=0.0000 guidance_active_next=False raw_derivative=n/a smoothed_derivative=n/a guidance_stop_epoch=81 train_acc=32.24% val_acc=24.54% best=24.91% lr=0.00039161564 time=11.7s avg_epoch=14.7s est_planned=1h 13m 39s elapsed=23m 13s
[ALG][095/300] loss=2.9691 ce=2.9691 lg=0.0000 beta=0.0000 guidance_active_next=False raw_derivative=n/a smoothed_derivative=n/a guidance_stop_epoch=81 train_acc=32.54% val_acc=24.28% best=24.91% lr=0.00038946441 time=11.5s avg_epoch=14.7s est_planned=1h 13m 29s elapsed=23m 25s
[ALG][096/300] loss=2.9743 ce=2.9743 lg=0.0000 beta=0.0000 guidance_active_next=False raw_derivative=n/a smoothed_derivative=n/a guidance_stop_epoch=81 train_acc=32.91% val_acc=24.46% best=24.91% lr=0.00038729816 time=13.5s avg_epoch=14.7s est_planned=1h 13m 25s elapsed=23m 38s
[ALG][097/300] loss=2.9040 ce=2.9040 lg=0.0000 beta=0.0000 guidance_active_next=False raw_derivative=n/a smoothed_derivative=n/a guidance_stop_epoch=81 train_acc=33.42% val_acc=24.99% best=24.99% lr=0.00038511713 time=11.6s avg_epoch=14.7s est_planned=1h 13m 15s elapsed=23m 50s saved_best
[ALG][098/300] loss=2.8778 ce=2.8778 lg=0.0000 beta=0.0000 guidance_active_next=False raw_derivative=n/a smoothed_derivative=n/a guidance_stop_epoch=81 train_acc=34.38% val_acc=25.41% best=25.41% lr=0.00038292156 time=13.0s avg_epoch=14.6s est_planned=1h 13m 10s elapsed=24m 03s saved_best
[ALG][099/300] loss=2.8650 ce=2.8650 lg=0.0000 beta=0.0000 guidance_active_next=False raw_derivative=n/a smoothed_derivative=n/a guidance_stop_epoch=81 train_acc=35.29% val_acc=24.04% best=25.41% lr=0.00038071168 time=11.6s avg_epoch=14.6s est_planned=1h 13m 01s elapsed=24m 15s
[ALG][100/300] loss=2.8819 ce=2.8819 lg=0.0000 beta=0.0000 guidance_active_next=False raw_derivative=n/a smoothed_derivative=n/a guidance_stop_epoch=81 train_acc=34.85% val_acc=25.22% best=25.41% lr=0.00037848775 time=11.7s avg_epoch=14.6s est_planned=1h 12m 52s elapsed=24m 27s
[ALG][101/300] loss=2.8418 ce=2.8418 lg=0.0000 beta=0.0000 guidance_active_next=False raw_derivative=n/a smoothed_derivative=n/a guidance_stop_epoch=81 train_acc=35.61% val_acc=24.04% best=25.41% lr=0.00037625 time=11.3s avg_epoch=14.5s est_planned=1h 12m 43s elapsed=24m 38s
[ALG][102/300] loss=2.8271 ce=2.8271 lg=0.0000 beta=0.0000 guidance_active_next=False raw_derivative=n/a smoothed_derivative=n/a guidance_stop_epoch=81 train_acc=35.87% val_acc=24.02% best=25.41% lr=0.00037399868 time=12.0s avg_epoch=14.5s est_planned=1h 12m 35s elapsed=24m 50s
[ALG][103/300] loss=2.8555 ce=2.8555 lg=0.0000 beta=0.0000 guidance_active_next=False raw_derivative=n/a smoothed_derivative=n/a guidance_stop_epoch=81 train_acc=35.51% val_acc=24.28% best=25.41% lr=0.00037173403 time=10.7s avg_epoch=14.5s est_planned=1h 12m 24s elapsed=25m 01s
[ALG][104/300] loss=2.7279 ce=2.7279 lg=0.0000 beta=0.0000 guidance_active_next=False raw_derivative=n/a smoothed_derivative=n/a guidance_stop_epoch=81 train_acc=37.19% val_acc=24.91% best=25.41% lr=0.00036945631 time=12.1s avg_epoch=14.5s est_planned=1h 12m 17s elapsed=25m 13s
[ALG][105/300] loss=2.7584 ce=2.7584 lg=0.0000 beta=0.0000 guidance_active_next=False raw_derivative=n/a smoothed_derivative=n/a guidance_stop_epoch=81 train_acc=36.96% val_acc=25.46% best=25.46% lr=0.00036716577 time=11.6s avg_epoch=14.4s est_planned=1h 12m 09s elapsed=25m 25s saved_best
[ALG][106/300] loss=2.7720 ce=2.7720 lg=0.0000 beta=0.0000 guidance_active_next=False raw_derivative=n/a smoothed_derivative=n/a guidance_stop_epoch=81 train_acc=36.94% val_acc=25.34% best=25.46% lr=0.00036486265 time=12.0s avg_epoch=14.4s est_planned=1h 12m 03s elapsed=25m 37s
[ALG][107/300] loss=2.7269 ce=2.7269 lg=0.0000 beta=0.0000 guidance_active_next=False raw_derivative=n/a smoothed_derivative=n/a guidance_stop_epoch=81 train_acc=37.43% val_acc=23.42% best=25.46% lr=0.00036254721 time=11.3s avg_epoch=14.4s est_planned=1h 11m 54s elapsed=25m 48s
[ALG][108/300] loss=2.7210 ce=2.7210 lg=0.0000 beta=0.0000 guidance_active_next=False raw_derivative=n/a smoothed_derivative=n/a guidance_stop_epoch=81 train_acc=38.09% val_acc=26.13% best=26.13% lr=0.0003602197 time=10.9s avg_epoch=14.3s est_planned=1h 11m 44s elapsed=25m 59s saved_best
[ALG][109/300] loss=2.7252 ce=2.7252 lg=0.0000 beta=0.0000 guidance_active_next=False raw_derivative=n/a smoothed_derivative=n/a guidance_stop_epoch=81 train_acc=38.06% val_acc=25.34% best=26.13% lr=0.00035788037 time=11.3s avg_epoch=14.3s est_planned=1h 11m 36s elapsed=26m 11s
[ALG][110/300] loss=2.6723 ce=2.6723 lg=0.0000 beta=0.0000 guidance_active_next=False raw_derivative=n/a smoothed_derivative=n/a guidance_stop_epoch=81 train_acc=39.08% val_acc=25.28% best=26.13% lr=0.0003555295 time=12.4s avg_epoch=14.3s est_planned=1h 11m 30s elapsed=26m 23s
[ALG][111/300] loss=2.6389 ce=2.6389 lg=0.0000 beta=0.0000 guidance_active_next=False raw_derivative=n/a smoothed_derivative=n/a guidance_stop_epoch=81 train_acc=39.71% val_acc=26.27% best=26.27% lr=0.00035316732 time=12.7s avg_epoch=14.3s est_planned=1h 11m 26s elapsed=26m 36s saved_best
[ALG][112/300] loss=2.6541 ce=2.6541 lg=0.0000 beta=0.0000 guidance_active_next=False raw_derivative=n/a smoothed_derivative=n/a guidance_stop_epoch=81 train_acc=39.72% val_acc=24.75% best=26.27% lr=0.0003507941 time=12.1s avg_epoch=14.3s est_planned=1h 11m 20s elapsed=26m 48s
[ALG][113/300] loss=2.6607 ce=2.6607 lg=0.0000 beta=0.0000 guidance_active_next=False raw_derivative=n/a smoothed_derivative=n/a guidance_stop_epoch=81 train_acc=38.93% val_acc=24.91% best=26.27% lr=0.00034841011 time=11.1s avg_epoch=14.2s est_planned=1h 11m 12s elapsed=26m 59s
[ALG][114/300] loss=2.6405 ce=2.6405 lg=0.0000 beta=0.0000 guidance_active_next=False raw_derivative=n/a smoothed_derivative=n/a guidance_stop_epoch=81 train_acc=40.79% val_acc=26.32% best=26.32% lr=0.00034601559 time=12.2s avg_epoch=14.2s est_planned=1h 11m 06s elapsed=27m 11s saved_best
[ALG][115/300] loss=2.5778 ce=2.5778 lg=0.0000 beta=0.0000 guidance_active_next=False raw_derivative=n/a smoothed_derivative=n/a guidance_stop_epoch=81 train_acc=41.37% val_acc=25.11% best=26.32% lr=0.00034361083 time=12.7s avg_epoch=14.2s est_planned=1h 11m 02s elapsed=27m 24s
[ALG][116/300] loss=2.5753 ce=2.5753 lg=0.0000 beta=0.0000 guidance_active_next=False raw_derivative=n/a smoothed_derivative=n/a guidance_stop_epoch=81 train_acc=41.08% val_acc=25.08% best=26.32% lr=0.00034119607 time=10.9s avg_epoch=14.2s est_planned=1h 10m 54s elapsed=27m 35s
[ALG][117/300] loss=2.5684 ce=2.5684 lg=0.0000 beta=0.0000 guidance_active_next=False raw_derivative=n/a smoothed_derivative=n/a guidance_stop_epoch=81 train_acc=41.30% val_acc=25.75% best=26.32% lr=0.00033877158 time=13.6s avg_epoch=14.2s est_planned=1h 10m 52s elapsed=27m 49s
[ALG][118/300] loss=2.5681 ce=2.5681 lg=0.0000 beta=0.0000 guidance_active_next=False raw_derivative=n/a smoothed_derivative=n/a guidance_stop_epoch=81 train_acc=42.17% val_acc=25.46% best=26.32% lr=0.00033633764 time=11.8s avg_epoch=14.2s est_planned=1h 10m 46s elapsed=28m 01s
[ALG][119/300] loss=2.5191 ce=2.5191 lg=0.0000 beta=0.0000 guidance_active_next=False raw_derivative=n/a smoothed_derivative=n/a guidance_stop_epoch=81 train_acc=42.14% val_acc=25.49% best=26.32% lr=0.0003338945 time=11.7s avg_epoch=14.1s est_planned=1h 10m 40s elapsed=28m 12s
[ALG][120/300] loss=2.4896 ce=2.4896 lg=0.0000 beta=0.0000 guidance_active_next=False raw_derivative=n/a smoothed_derivative=n/a guidance_stop_epoch=81 train_acc=43.53% val_acc=24.46% best=26.32% lr=0.00033144243 time=11.6s avg_epoch=14.1s est_planned=1h 10m 34s elapsed=28m 24s
[ALG][121/300] loss=2.4726 ce=2.4726 lg=0.0000 beta=0.0000 guidance_active_next=False raw_derivative=n/a smoothed_derivative=n/a guidance_stop_epoch=81 train_acc=42.78% val_acc=25.23% best=26.32% lr=0.00032898171 time=11.9s avg_epoch=14.1s est_planned=1h 10m 28s elapsed=28m 36s
[ALG][122/300] loss=2.4774 ce=2.4774 lg=0.0000 beta=0.0000 guidance_active_next=False raw_derivative=n/a smoothed_derivative=n/a guidance_stop_epoch=81 train_acc=43.82% val_acc=25.09% best=26.32% lr=0.0003265126 time=12.1s avg_epoch=14.1s est_planned=1h 10m 23s elapsed=28m 48s
[ALG][123/300] loss=2.4644 ce=2.4644 lg=0.0000 beta=0.0000 guidance_active_next=False raw_derivative=n/a smoothed_derivative=n/a guidance_stop_epoch=81 train_acc=44.48% val_acc=25.49% best=26.32% lr=0.00032403537 time=12.1s avg_epoch=14.1s est_planned=1h 10m 18s elapsed=29m 00s
[ALG][124/300] loss=2.4298 ce=2.4298 lg=0.0000 beta=0.0000 guidance_active_next=False raw_derivative=n/a smoothed_derivative=n/a guidance_stop_epoch=81 train_acc=44.43% val_acc=24.61% best=26.32% lr=0.0003215503 time=12.1s avg_epoch=14.0s est_planned=1h 10m 13s elapsed=29m 13s
[ALG][125/300] loss=2.4766 ce=2.4766 lg=0.0000 beta=0.0000 guidance_active_next=False raw_derivative=n/a smoothed_derivative=n/a guidance_stop_epoch=81 train_acc=44.31% val_acc=25.09% best=26.32% lr=0.00031905766 time=12.5s avg_epoch=14.0s est_planned=1h 10m 10s elapsed=29m 25s
[ALG][126/300] loss=2.3893 ce=2.3893 lg=0.0000 beta=0.0000 guidance_active_next=False raw_derivative=n/a smoothed_derivative=n/a guidance_stop_epoch=81 train_acc=46.11% val_acc=24.47% best=26.32% lr=0.00031655771 time=10.9s avg_epoch=14.0s est_planned=1h 10m 02s elapsed=29m 36s
[ALG][127/300] loss=2.3587 ce=2.3587 lg=0.0000 beta=0.0000 guidance_active_next=False raw_derivative=n/a smoothed_derivative=n/a guidance_stop_epoch=81 train_acc=45.91% val_acc=25.42% best=26.32% lr=0.00031405075 time=11.0s avg_epoch=14.0s est_planned=1h 09m 55s elapsed=29m 47s
[ALG][128/300] loss=2.3254 ce=2.3254 lg=0.0000 beta=0.0000 guidance_active_next=False raw_derivative=n/a smoothed_derivative=n/a guidance_stop_epoch=81 train_acc=46.13% val_acc=24.34% best=26.32% lr=0.00031153703 time=12.3s avg_epoch=14.0s est_planned=1h 09m 51s elapsed=30m 00s
[ALG][129/300] loss=2.3098 ce=2.3098 lg=0.0000 beta=0.0000 guidance_active_next=False raw_derivative=n/a smoothed_derivative=n/a guidance_stop_epoch=81 train_acc=47.86% val_acc=24.68% best=26.32% lr=0.00030901684 time=11.1s avg_epoch=13.9s est_planned=1h 09m 45s elapsed=30m 11s
[ALG][130/300] loss=2.3785 ce=2.3785 lg=0.0000 beta=0.0000 guidance_active_next=False raw_derivative=n/a smoothed_derivative=n/a guidance_stop_epoch=81 train_acc=46.03% val_acc=24.70% best=26.32% lr=0.00030649045 time=10.9s avg_epoch=13.9s est_planned=1h 09m 38s elapsed=30m 22s
[ALG][131/300] loss=2.3163 ce=2.3163 lg=0.0000 beta=0.0000 guidance_active_next=False raw_derivative=n/a smoothed_derivative=n/a guidance_stop_epoch=81 train_acc=47.50% val_acc=24.39% best=26.32% lr=0.00030395814 time=11.0s avg_epoch=13.9s est_planned=1h 09m 31s elapsed=30m 33s
[ALG][132/300] loss=2.3458 ce=2.3458 lg=0.0000 beta=0.0000 guidance_active_next=False raw_derivative=n/a smoothed_derivative=n/a guidance_stop_epoch=81 train_acc=47.61% val_acc=25.16% best=26.32% lr=0.00030142019 time=10.9s avg_epoch=13.9s est_planned=1h 09m 24s elapsed=30m 44s
[ALG][133/300] loss=2.2649 ce=2.2649 lg=0.0000 beta=0.0000 guidance_active_next=False raw_derivative=n/a smoothed_derivative=n/a guidance_stop_epoch=81 train_acc=47.62% val_acc=24.72% best=26.32% lr=0.00029887688 time=10.8s avg_epoch=13.9s est_planned=1h 09m 17s elapsed=30m 55s
[ALG][134/300] loss=2.2649 ce=2.2649 lg=0.0000 beta=0.0000 guidance_active_next=False raw_derivative=n/a smoothed_derivative=n/a guidance_stop_epoch=81 train_acc=48.00% val_acc=25.11% best=26.32% lr=0.00029632847 time=12.7s avg_epoch=13.8s est_planned=1h 09m 15s elapsed=31m 07s
[ALG][135/300] loss=2.2663 ce=2.2663 lg=0.0000 beta=0.0000 guidance_active_next=False raw_derivative=n/a smoothed_derivative=n/a guidance_stop_epoch=81 train_acc=48.27% val_acc=25.08% best=26.32% lr=0.00029377526 time=11.1s avg_epoch=13.8s est_planned=1h 09m 08s elapsed=31m 19s
[ALG][136/300] loss=2.2355 ce=2.2355 lg=0.0000 beta=0.0000 guidance_active_next=False raw_derivative=n/a smoothed_derivative=n/a guidance_stop_epoch=81 train_acc=49.71% val_acc=24.70% best=26.32% lr=0.00029121753 time=12.4s avg_epoch=13.8s est_planned=1h 09m 05s elapsed=31m 31s
[ALG][137/300] loss=2.2479 ce=2.2479 lg=0.0000 beta=0.0000 guidance_active_next=False raw_derivative=n/a smoothed_derivative=n/a guidance_stop_epoch=81 train_acc=49.30% val_acc=25.63% best=26.32% lr=0.00028865555 time=12.2s avg_epoch=13.8s est_planned=1h 09m 02s elapsed=31m 43s
[ALG][138/300] loss=2.2240 ce=2.2240 lg=0.0000 beta=0.0000 guidance_active_next=False raw_derivative=n/a smoothed_derivative=n/a guidance_stop_epoch=81 train_acc=49.69% val_acc=25.27% best=26.32% lr=0.0002860896 time=11.5s avg_epoch=13.8s est_planned=1h 08m 57s elapsed=31m 55s
[ALG][139/300] loss=2.1199 ce=2.1199 lg=0.0000 beta=0.0000 guidance_active_next=False raw_derivative=n/a smoothed_derivative=n/a guidance_stop_epoch=81 train_acc=51.58% val_acc=25.01% best=26.32% lr=0.00028351998 time=11.0s avg_epoch=13.8s est_planned=1h 08m 51s elapsed=32m 06s
[ALG][140/300] loss=2.2065 ce=2.2065 lg=0.0000 beta=0.0000 guidance_active_next=False raw_derivative=n/a smoothed_derivative=n/a guidance_stop_epoch=81 train_acc=48.88% val_acc=24.82% best=26.32% lr=0.00028094694 time=11.1s avg_epoch=13.8s est_planned=1h 08m 45s elapsed=32m 17s
[ALG][141/300] loss=2.1762 ce=2.1762 lg=0.0000 beta=0.0000 guidance_active_next=False raw_derivative=n/a smoothed_derivative=n/a guidance_stop_epoch=81 train_acc=50.97% val_acc=24.58% best=26.32% lr=0.00027837079 time=10.8s avg_epoch=13.7s est_planned=1h 08m 39s elapsed=32m 28s
[ALG][142/300] loss=2.1530 ce=2.1530 lg=0.0000 beta=0.0000 guidance_active_next=False raw_derivative=n/a smoothed_derivative=n/a guidance_stop_epoch=81 train_acc=50.15% val_acc=24.80% best=26.32% lr=0.00027579181 time=12.7s avg_epoch=13.7s est_planned=1h 08m 37s elapsed=32m 41s
[ALG][143/300] loss=2.1292 ce=2.1292 lg=0.0000 beta=0.0000 guidance_active_next=False raw_derivative=n/a smoothed_derivative=n/a guidance_stop_epoch=81 train_acc=51.70% val_acc=24.66% best=26.32% lr=0.00027321027 time=12.7s avg_epoch=13.7s est_planned=1h 08m 35s elapsed=32m 54s
[ALG][144/300] loss=2.1554 ce=2.1554 lg=0.0000 beta=0.0000 guidance_active_next=False raw_derivative=n/a smoothed_derivative=n/a guidance_stop_epoch=81 train_acc=51.00% val_acc=25.15% best=26.32% lr=0.00027062645 time=12.5s avg_epoch=13.7s est_planned=1h 08m 32s elapsed=33m 06s
[ALG][145/300] loss=2.1436 ce=2.1436 lg=0.0000 beta=0.0000 guidance_active_next=False raw_derivative=n/a smoothed_derivative=n/a guidance_stop_epoch=81 train_acc=52.29% val_acc=23.85% best=26.32% lr=0.00026804065 time=11.5s avg_epoch=13.7s est_planned=1h 08m 27s elapsed=33m 18s
[ALG][146/300] loss=2.1153 ce=2.1153 lg=0.0000 beta=0.0000 guidance_active_next=False raw_derivative=n/a smoothed_derivative=n/a guidance_stop_epoch=81 train_acc=52.02% val_acc=24.97% best=26.32% lr=0.00026545315 time=13.1s avg_epoch=13.7s est_planned=1h 08m 26s elapsed=33m 31s
[ALG][147/300] loss=2.1023 ce=2.1023 lg=0.0000 beta=0.0000 guidance_active_next=False raw_derivative=n/a smoothed_derivative=n/a guidance_stop_epoch=81 train_acc=52.21% val_acc=24.68% best=26.32% lr=0.00026286422 time=11.4s avg_epoch=13.7s est_planned=1h 08m 22s elapsed=33m 42s
[ALG][148/300] loss=2.0926 ce=2.0926 lg=0.0000 beta=0.0000 guidance_active_next=False raw_derivative=n/a smoothed_derivative=n/a guidance_stop_epoch=81 train_acc=52.70% val_acc=24.66% best=26.32% lr=0.00026027416 time=11.0s avg_epoch=13.7s est_planned=1h 08m 16s elapsed=33m 53s
[ALG][149/300] loss=2.0565 ce=2.0565 lg=0.0000 beta=0.0000 guidance_active_next=False raw_derivative=n/a smoothed_derivative=n/a guidance_stop_epoch=81 train_acc=52.21% val_acc=25.22% best=26.32% lr=0.00025768325 time=13.8s avg_epoch=13.7s est_planned=1h 08m 17s elapsed=34m 07s
[ALG][150/300] loss=2.0528 ce=2.0528 lg=0.0000 beta=0.0000 guidance_active_next=False raw_derivative=n/a smoothed_derivative=n/a guidance_stop_epoch=81 train_acc=53.33% val_acc=25.65% best=26.32% lr=0.00025509177 time=13.5s avg_epoch=13.7s est_planned=1h 08m 16s elapsed=34m 21s
[ALG][151/300] loss=2.0368 ce=2.0368 lg=0.0000 beta=0.0000 guidance_active_next=False raw_derivative=n/a smoothed_derivative=n/a guidance_stop_epoch=81 train_acc=53.74% val_acc=25.89% best=26.32% lr=0.0002525 time=12.3s avg_epoch=13.6s est_planned=1h 08m 14s elapsed=34m 33s
[ALG][152/300] loss=1.9976 ce=1.9976 lg=0.0000 beta=0.0000 guidance_active_next=False raw_derivative=n/a smoothed_derivative=n/a guidance_stop_epoch=81 train_acc=53.99% val_acc=24.53% best=26.32% lr=0.00024990823 time=12.4s avg_epoch=13.6s est_planned=1h 08m 11s elapsed=34m 46s
[ALG][153/300] loss=2.0426 ce=2.0426 lg=0.0000 beta=0.0000 guidance_active_next=False raw_derivative=n/a smoothed_derivative=n/a guidance_stop_epoch=81 train_acc=53.02% val_acc=25.89% best=26.32% lr=0.00024731675 time=12.6s avg_epoch=13.6s est_planned=1h 08m 09s elapsed=34m 58s
[ALG][154/300] loss=1.9446 ce=1.9446 lg=0.0000 beta=0.0000 guidance_active_next=False raw_derivative=n/a smoothed_derivative=n/a guidance_stop_epoch=81 train_acc=55.33% val_acc=25.20% best=26.32% lr=0.00024472584 time=12.6s avg_epoch=13.6s est_planned=1h 08m 07s elapsed=35m 11s
[ALG][155/300] loss=1.9923 ce=1.9923 lg=0.0000 beta=0.0000 guidance_active_next=False raw_derivative=n/a smoothed_derivative=n/a guidance_stop_epoch=81 train_acc=53.97% val_acc=25.23% best=26.32% lr=0.00024213578 time=12.7s avg_epoch=13.6s est_planned=1h 08m 05s elapsed=35m 24s
[ALG][156/300] loss=1.9983 ce=1.9983 lg=0.0000 beta=0.0000 guidance_active_next=False raw_derivative=n/a smoothed_derivative=n/a guidance_stop_epoch=81 train_acc=54.67% val_acc=25.16% best=26.32% lr=0.00023954685 time=13.8s avg_epoch=13.6s est_planned=1h 08m 06s elapsed=35m 38s
[ALG][157/300] loss=1.9348 ce=1.9348 lg=0.0000 beta=0.0000 guidance_active_next=False raw_derivative=n/a smoothed_derivative=n/a guidance_stop_epoch=81 train_acc=55.94% val_acc=24.63% best=26.32% lr=0.00023695935 time=13.1s avg_epoch=13.6s est_planned=1h 08m 05s elapsed=35m 51s
[ALG][158/300] loss=1.9840 ce=1.9840 lg=0.0000 beta=0.0000 guidance_active_next=False raw_derivative=n/a smoothed_derivative=n/a guidance_stop_epoch=81 train_acc=55.20% val_acc=25.01% best=26.32% lr=0.00023437355 time=12.7s avg_epoch=13.6s est_planned=1h 08m 03s elapsed=36m 04s
[ALG][159/300] loss=1.9030 ce=1.9030 lg=0.0000 beta=0.0000 guidance_active_next=False raw_derivative=n/a smoothed_derivative=n/a guidance_stop_epoch=81 train_acc=56.28% val_acc=25.49% best=26.32% lr=0.00023178973 time=13.5s avg_epoch=13.6s est_planned=1h 08m 03s elapsed=36m 17s
[ALG][160/300] loss=1.9696 ce=1.9696 lg=0.0000 beta=0.0000 guidance_active_next=False raw_derivative=n/a smoothed_derivative=n/a guidance_stop_epoch=81 train_acc=55.42% val_acc=25.80% best=26.32% lr=0.00022920819 time=13.4s avg_epoch=13.6s est_planned=1h 08m 02s elapsed=36m 31s
[ALG][161/300] loss=1.9320 ce=1.9320 lg=0.0000 beta=0.0000 guidance_active_next=False raw_derivative=n/a smoothed_derivative=n/a guidance_stop_epoch=81 train_acc=55.57% val_acc=25.03% best=26.32% lr=0.00022662921 time=13.3s avg_epoch=13.6s est_planned=1h 08m 02s elapsed=36m 44s
[ALG][162/300] loss=1.9350 ce=1.9350 lg=0.0000 beta=0.0000 guidance_active_next=False raw_derivative=n/a smoothed_derivative=n/a guidance_stop_epoch=81 train_acc=56.18% val_acc=25.08% best=26.32% lr=0.00022405306 time=13.1s avg_epoch=13.6s est_planned=1h 08m 01s elapsed=36m 57s
[ALG][163/300] loss=1.8802 ce=1.8802 lg=0.0000 beta=0.0000 guidance_active_next=False raw_derivative=n/a smoothed_derivative=n/a guidance_stop_epoch=81 train_acc=57.24% val_acc=24.85% best=26.32% lr=0.00022148002 time=12.5s avg_epoch=13.6s est_planned=1h 07m 59s elapsed=37m 10s
[ALG][164/300] loss=1.8768 ce=1.8768 lg=0.0000 beta=0.0000 guidance_active_next=False raw_derivative=n/a smoothed_derivative=n/a guidance_stop_epoch=81 train_acc=56.95% val_acc=25.60% best=26.32% lr=0.0002189104 time=12.5s avg_epoch=13.6s est_planned=1h 07m 57s elapsed=37m 22s
[ALG][165/300] loss=1.8598 ce=1.8598 lg=0.0000 beta=0.0000 guidance_active_next=False raw_derivative=n/a smoothed_derivative=n/a guidance_stop_epoch=81 train_acc=57.12% val_acc=25.68% best=26.32% lr=0.00021634445 time=12.6s avg_epoch=13.6s est_planned=1h 07m 55s elapsed=37m 35s
[ALG][166/300] loss=1.8745 ce=1.8745 lg=0.0000 beta=0.0000 guidance_active_next=False raw_derivative=n/a smoothed_derivative=n/a guidance_stop_epoch=81 train_acc=56.98% val_acc=25.22% best=26.32% lr=0.00021378247 time=11.7s avg_epoch=13.6s est_planned=1h 07m 52s elapsed=37m 47s
[ALG][167/300] loss=1.8589 ce=1.8589 lg=0.0000 beta=0.0000 guidance_active_next=False raw_derivative=n/a smoothed_derivative=n/a guidance_stop_epoch=81 train_acc=57.86% val_acc=25.63% best=26.32% lr=0.00021122474 time=12.3s avg_epoch=13.6s est_planned=1h 07m 50s elapsed=37m 59s
[ALG][168/300] loss=1.8460 ce=1.8460 lg=0.0000 beta=0.0000 guidance_active_next=False raw_derivative=n/a smoothed_derivative=n/a guidance_stop_epoch=81 train_acc=57.34% val_acc=25.54% best=26.32% lr=0.00020867153 time=12.1s avg_epoch=13.6s est_planned=1h 07m 47s elapsed=38m 11s
[ALG][169/300] loss=1.8383 ce=1.8383 lg=0.0000 beta=0.0000 guidance_active_next=False raw_derivative=n/a smoothed_derivative=n/a guidance_stop_epoch=81 train_acc=58.75% val_acc=26.06% best=26.32% lr=0.00020612312 time=11.5s avg_epoch=13.5s est_planned=1h 07m 43s elapsed=38m 23s
[ALG][170/300] loss=1.8601 ce=1.8601 lg=0.0000 beta=0.0000 guidance_active_next=False raw_derivative=n/a smoothed_derivative=n/a guidance_stop_epoch=81 train_acc=57.83% val_acc=24.87% best=26.32% lr=0.00020357981 time=11.0s avg_epoch=13.5s est_planned=1h 07m 39s elapsed=38m 34s
[ALG][171/300] loss=1.8303 ce=1.8303 lg=0.0000 beta=0.0000 guidance_active_next=False raw_derivative=n/a smoothed_derivative=n/a guidance_stop_epoch=81 train_acc=57.66% val_acc=26.49% best=26.49% lr=0.00020104186 time=14.0s avg_epoch=13.5s est_planned=1h 07m 40s elapsed=38m 48s saved_best
[ALG][172/300] loss=1.8030 ce=1.8030 lg=0.0000 beta=0.0000 guidance_active_next=False raw_derivative=n/a smoothed_derivative=n/a guidance_stop_epoch=81 train_acc=58.68% val_acc=25.41% best=26.49% lr=0.00019850955 time=12.1s avg_epoch=13.5s est_planned=1h 07m 37s elapsed=39m 00s
[ALG][173/300] loss=1.7945 ce=1.7945 lg=0.0000 beta=0.0000 guidance_active_next=False raw_derivative=n/a smoothed_derivative=n/a guidance_stop_epoch=81 train_acc=59.36% val_acc=26.10% best=26.49% lr=0.00019598316 time=11.0s avg_epoch=13.5s est_planned=1h 07m 33s elapsed=39m 11s
[ALG][174/300] loss=1.8059 ce=1.8059 lg=0.0000 beta=0.0000 guidance_active_next=False raw_derivative=n/a smoothed_derivative=n/a guidance_stop_epoch=81 train_acc=58.83% val_acc=25.01% best=26.49% lr=0.00019346297 time=11.9s avg_epoch=13.5s est_planned=1h 07m 30s elapsed=39m 23s
[ALG][175/300] loss=1.7408 ce=1.7408 lg=0.0000 beta=0.0000 guidance_active_next=False raw_derivative=n/a smoothed_derivative=n/a guidance_stop_epoch=81 train_acc=59.17% val_acc=25.22% best=26.49% lr=0.00019094925 time=11.0s avg_epoch=13.5s est_planned=1h 07m 26s elapsed=39m 34s
[ALG][176/300] loss=1.7738 ce=1.7738 lg=0.0000 beta=0.0000 guidance_active_next=False raw_derivative=n/a smoothed_derivative=n/a guidance_stop_epoch=81 train_acc=59.48% val_acc=25.70% best=26.49% lr=0.00018844229 time=11.6s avg_epoch=13.5s est_planned=1h 07m 23s elapsed=39m 46s
[ALG][177/300] loss=1.7810 ce=1.7810 lg=0.0000 beta=0.0000 guidance_active_next=False raw_derivative=n/a smoothed_derivative=n/a guidance_stop_epoch=81 train_acc=59.32% val_acc=25.09% best=26.49% lr=0.00018594234 time=12.6s avg_epoch=13.5s est_planned=1h 07m 21s elapsed=39m 59s
[ALG][178/300] loss=1.7253 ce=1.7253 lg=0.0000 beta=0.0000 guidance_active_next=False raw_derivative=n/a smoothed_derivative=n/a guidance_stop_epoch=81 train_acc=61.62% val_acc=25.87% best=26.49% lr=0.0001834497 time=14.2s avg_epoch=13.5s est_planned=1h 07m 22s elapsed=40m 13s
[ALG][179/300] loss=1.7452 ce=1.7452 lg=0.0000 beta=0.0000 guidance_active_next=False raw_derivative=n/a smoothed_derivative=n/a guidance_stop_epoch=81 train_acc=60.09% val_acc=25.28% best=26.49% lr=0.00018096463 time=13.8s avg_epoch=13.5s est_planned=1h 07m 23s elapsed=40m 27s
[ALG][180/300] loss=1.6892 ce=1.6892 lg=0.0000 beta=0.0000 guidance_active_next=False raw_derivative=n/a smoothed_derivative=n/a guidance_stop_epoch=81 train_acc=61.24% val_acc=25.51% best=26.49% lr=0.0001784874 time=11.6s avg_epoch=13.5s est_planned=1h 07m 20s elapsed=40m 38s
[ALG][181/300] loss=1.7431 ce=1.7431 lg=0.0000 beta=0.0000 guidance_active_next=False raw_derivative=n/a smoothed_derivative=n/a guidance_stop_epoch=81 train_acc=59.97% val_acc=25.53% best=26.49% lr=0.00017601829 time=11.3s avg_epoch=13.5s est_planned=1h 07m 16s elapsed=40m 50s
[ALG][182/300] loss=1.7182 ce=1.7182 lg=0.0000 beta=0.0000 guidance_active_next=False raw_derivative=n/a smoothed_derivative=n/a guidance_stop_epoch=81 train_acc=61.43% val_acc=26.44% best=26.49% lr=0.00017355757 time=10.9s avg_epoch=13.4s est_planned=1h 07m 12s elapsed=41m 01s
[ALG][183/300] loss=1.7095 ce=1.7095 lg=0.0000 beta=0.0000 guidance_active_next=False raw_derivative=n/a smoothed_derivative=n/a guidance_stop_epoch=81 train_acc=60.61% val_acc=25.91% best=26.49% lr=0.0001711055 time=10.8s avg_epoch=13.4s est_planned=1h 07m 08s elapsed=41m 12s
[ALG][184/300] loss=1.7076 ce=1.7076 lg=0.0000 beta=0.0000 guidance_active_next=False raw_derivative=n/a smoothed_derivative=n/a guidance_stop_epoch=81 train_acc=60.53% val_acc=25.39% best=26.49% lr=0.00016866236 time=10.9s avg_epoch=13.4s est_planned=1h 07m 04s elapsed=41m 23s
[ALG][185/300] loss=1.6715 ce=1.6715 lg=0.0000 beta=0.0000 guidance_active_next=False raw_derivative=n/a smoothed_derivative=n/a guidance_stop_epoch=81 train_acc=61.67% val_acc=25.60% best=26.49% lr=0.00016622842 time=13.5s avg_epoch=13.4s est_planned=1h 07m 04s elapsed=41m 36s
[ALG][186/300] loss=1.7129 ce=1.7129 lg=0.0000 beta=0.0000 guidance_active_next=False raw_derivative=n/a smoothed_derivative=n/a guidance_stop_epoch=81 train_acc=61.36% val_acc=25.58% best=26.49% lr=0.00016380393 time=12.6s avg_epoch=13.4s est_planned=1h 07m 02s elapsed=41m 49s
[ALG][187/300] loss=1.6299 ce=1.6299 lg=0.0000 beta=0.0000 guidance_active_next=False raw_derivative=n/a smoothed_derivative=n/a guidance_stop_epoch=81 train_acc=62.84% val_acc=25.75% best=26.49% lr=0.00016138917 time=13.0s avg_epoch=13.4s est_planned=1h 07m 02s elapsed=42m 02s
[ALG][188/300] loss=1.6925 ce=1.6925 lg=0.0000 beta=0.0000 guidance_active_next=False raw_derivative=n/a smoothed_derivative=n/a guidance_stop_epoch=81 train_acc=61.02% val_acc=25.06% best=26.49% lr=0.00015898441 time=12.5s avg_epoch=13.4s est_planned=1h 07m 00s elapsed=42m 15s
[ALG][189/300] loss=1.6780 ce=1.6780 lg=0.0000 beta=0.0000 guidance_active_next=False raw_derivative=n/a smoothed_derivative=n/a guidance_stop_epoch=81 train_acc=61.68% val_acc=25.92% best=26.49% lr=0.00015658989 time=11.0s avg_epoch=13.4s est_planned=1h 06m 57s elapsed=42m 26s
[ALG][190/300] loss=1.6343 ce=1.6343 lg=0.0000 beta=0.0000 guidance_active_next=False raw_derivative=n/a smoothed_derivative=n/a guidance_stop_epoch=81 train_acc=62.25% val_acc=25.61% best=26.49% lr=0.0001542059 time=11.4s avg_epoch=13.4s est_planned=1h 06m 53s elapsed=42m 37s
[ALG][191/300] loss=1.6488 ce=1.6488 lg=0.0000 beta=0.0000 guidance_active_next=False raw_derivative=n/a smoothed_derivative=n/a guidance_stop_epoch=81 train_acc=62.11% val_acc=25.73% best=26.49% lr=0.00015183268 time=11.7s avg_epoch=13.4s est_planned=1h 06m 51s elapsed=42m 49s
[ALG][192/300] loss=1.6061 ce=1.6061 lg=0.0000 beta=0.0000 guidance_active_next=False raw_derivative=n/a smoothed_derivative=n/a guidance_stop_epoch=81 train_acc=63.01% val_acc=25.20% best=26.49% lr=0.0001494705 time=11.7s avg_epoch=13.4s est_planned=1h 06m 48s elapsed=43m 01s
[ALG][193/300] loss=1.6178 ce=1.6178 lg=0.0000 beta=0.0000 guidance_active_next=False raw_derivative=n/a smoothed_derivative=n/a guidance_stop_epoch=81 train_acc=61.97% val_acc=25.01% best=26.49% lr=0.00014711963 time=11.4s avg_epoch=13.4s est_planned=1h 06m 45s elapsed=43m 12s
[ALG][194/300] loss=1.6464 ce=1.6464 lg=0.0000 beta=0.0000 guidance_active_next=False raw_derivative=n/a smoothed_derivative=n/a guidance_stop_epoch=81 train_acc=61.99% val_acc=25.54% best=26.49% lr=0.0001447803 time=12.8s avg_epoch=13.3s est_planned=1h 06m 44s elapsed=43m 25s
[ALG][195/300] loss=1.6038 ce=1.6038 lg=0.0000 beta=0.0000 guidance_active_next=False raw_derivative=n/a smoothed_derivative=n/a guidance_stop_epoch=81 train_acc=63.93% val_acc=25.84% best=26.49% lr=0.00014245279 time=11.9s avg_epoch=13.3s est_planned=1h 06m 42s elapsed=43m 37s
[ALG][196/300] loss=1.6033 ce=1.6033 lg=0.0000 beta=0.0000 guidance_active_next=False raw_derivative=n/a smoothed_derivative=n/a guidance_stop_epoch=81 train_acc=63.59% val_acc=26.48% best=26.49% lr=0.00014013735 time=11.0s avg_epoch=13.3s est_planned=1h 06m 38s elapsed=43m 48s
[ALG][197/300] loss=1.5614 ce=1.5614 lg=0.0000 beta=0.0000 guidance_active_next=False raw_derivative=n/a smoothed_derivative=n/a guidance_stop_epoch=81 train_acc=63.77% val_acc=25.63% best=26.49% lr=0.00013783423 time=11.4s avg_epoch=13.3s est_planned=1h 06m 35s elapsed=43m 59s
[ALG][198/300] loss=1.5616 ce=1.5616 lg=0.0000 beta=0.0000 guidance_active_next=False raw_derivative=n/a smoothed_derivative=n/a guidance_stop_epoch=81 train_acc=63.49% val_acc=24.75% best=26.49% lr=0.00013554369 time=10.9s avg_epoch=13.3s est_planned=1h 06m 32s elapsed=44m 10s
[ALG][199/300] loss=1.5908 ce=1.5908 lg=0.0000 beta=0.0000 guidance_active_next=False raw_derivative=n/a smoothed_derivative=n/a guidance_stop_epoch=81 train_acc=63.79% val_acc=25.77% best=26.49% lr=0.00013326597 time=11.7s avg_epoch=13.3s est_planned=1h 06m 29s elapsed=44m 22s
[ALG][200/300] loss=1.5546 ce=1.5546 lg=0.0000 beta=0.0000 guidance_active_next=False raw_derivative=n/a smoothed_derivative=n/a guidance_stop_epoch=81 train_acc=64.69% val_acc=25.96% best=26.49% lr=0.00013100132 time=12.4s avg_epoch=13.3s est_planned=1h 06m 28s elapsed=44m 35s
[ALG][201/300] loss=1.5571 ce=1.5571 lg=0.0000 beta=0.0000 guidance_active_next=False raw_derivative=n/a smoothed_derivative=n/a guidance_stop_epoch=81 train_acc=63.89% val_acc=25.82% best=26.49% lr=0.00012875 time=12.3s avg_epoch=13.3s est_planned=1h 06m 26s elapsed=44m 47s
[ALG][202/300] loss=1.5695 ce=1.5695 lg=0.0000 beta=0.0000 guidance_active_next=False raw_derivative=n/a smoothed_derivative=n/a guidance_stop_epoch=81 train_acc=63.38% val_acc=25.35% best=26.49% lr=0.00012651225 time=11.9s avg_epoch=13.3s est_planned=1h 06m 24s elapsed=44m 59s
[ALG][203/300] loss=1.5494 ce=1.5494 lg=0.0000 beta=0.0000 guidance_active_next=False raw_derivative=n/a smoothed_derivative=n/a guidance_stop_epoch=81 train_acc=64.23% val_acc=26.11% best=26.49% lr=0.00012428832 time=13.0s avg_epoch=13.3s est_planned=1h 06m 24s elapsed=45m 12s
[ALG][204/300] loss=1.5358 ce=1.5358 lg=0.0000 beta=0.0000 guidance_active_next=False raw_derivative=n/a smoothed_derivative=n/a guidance_stop_epoch=81 train_acc=64.42% val_acc=25.42% best=26.49% lr=0.00012207844 time=11.7s avg_epoch=13.3s est_planned=1h 06m 22s elapsed=45m 24s
[ALG][205/300] loss=1.5045 ce=1.5045 lg=0.0000 beta=0.0000 guidance_active_next=False raw_derivative=n/a smoothed_derivative=n/a guidance_stop_epoch=81 train_acc=65.73% val_acc=26.11% best=26.49% lr=0.00011988287 time=12.3s avg_epoch=13.3s est_planned=1h 06m 20s elapsed=45m 36s
[ALG][206/300] loss=1.5447 ce=1.5447 lg=0.0000 beta=0.0000 guidance_active_next=False raw_derivative=n/a smoothed_derivative=n/a guidance_stop_epoch=81 train_acc=64.18% val_acc=26.18% best=26.49% lr=0.00011770184 time=10.9s avg_epoch=13.3s est_planned=1h 06m 17s elapsed=45m 47s
[ALG][207/300] loss=1.5303 ce=1.5303 lg=0.0000 beta=0.0000 guidance_active_next=False raw_derivative=n/a smoothed_derivative=n/a guidance_stop_epoch=81 train_acc=64.84% val_acc=25.47% best=26.49% lr=0.00011553559 time=11.0s avg_epoch=13.2s est_planned=1h 06m 13s elapsed=45m 58s
[ALG][208/300] loss=1.5227 ce=1.5227 lg=0.0000 beta=0.0000 guidance_active_next=False raw_derivative=n/a smoothed_derivative=n/a guidance_stop_epoch=81 train_acc=65.49% val_acc=25.80% best=26.49% lr=0.00011338436 time=12.6s avg_epoch=13.2s est_planned=1h 06m 12s elapsed=46m 11s
[ALG][209/300] loss=1.5810 ce=1.5810 lg=0.0000 beta=0.0000 guidance_active_next=False raw_derivative=n/a smoothed_derivative=n/a guidance_stop_epoch=81 train_acc=62.94% val_acc=25.44% best=26.49% lr=0.00011124839 time=12.0s avg_epoch=13.2s est_planned=1h 06m 11s elapsed=46m 23s
[ALG][210/300] loss=1.5009 ce=1.5009 lg=0.0000 beta=0.0000 guidance_active_next=False raw_derivative=n/a smoothed_derivative=n/a guidance_stop_epoch=81 train_acc=65.34% val_acc=25.35% best=26.49% lr=0.00010912791 time=12.9s avg_epoch=13.2s est_planned=1h 06m 10s elapsed=46m 36s
[ALG][211/300] loss=1.5114 ce=1.5114 lg=0.0000 beta=0.0000 guidance_active_next=False raw_derivative=n/a smoothed_derivative=n/a guidance_stop_epoch=81 train_acc=64.98% val_acc=24.94% best=26.49% lr=0.00010702315 time=10.9s avg_epoch=13.2s est_planned=1h 06m 07s elapsed=46m 47s
[ALG][212/300] loss=1.4504 ce=1.4504 lg=0.0000 beta=0.0000 guidance_active_next=False raw_derivative=n/a smoothed_derivative=n/a guidance_stop_epoch=81 train_acc=66.73% val_acc=25.51% best=26.49% lr=0.00010493434 time=10.8s avg_epoch=13.2s est_planned=1h 06m 04s elapsed=46m 58s
[ALG][213/300] loss=1.5162 ce=1.5162 lg=0.0000 beta=0.0000 guidance_active_next=False raw_derivative=n/a smoothed_derivative=n/a guidance_stop_epoch=81 train_acc=64.56% val_acc=25.41% best=26.49% lr=0.00010286172 time=11.5s avg_epoch=13.2s est_planned=1h 06m 01s elapsed=47m 09s
[ALG][214/300] loss=1.4850 ce=1.4850 lg=0.0000 beta=0.0000 guidance_active_next=False raw_derivative=n/a smoothed_derivative=n/a guidance_stop_epoch=81 train_acc=64.95% val_acc=25.89% best=26.49% lr=0.0001008055 time=11.9s avg_epoch=13.2s est_planned=1h 05m 59s elapsed=47m 21s
[ALG][215/300] loss=1.4614 ce=1.4614 lg=0.0000 beta=0.0000 guidance_active_next=False raw_derivative=n/a smoothed_derivative=n/a guidance_stop_epoch=81 train_acc=65.90% val_acc=25.65% best=26.49% lr=9.8765924e-05 time=12.8s avg_epoch=13.2s est_planned=1h 05m 59s elapsed=47m 34s
[ALG][216/300] loss=1.4546 ce=1.4546 lg=0.0000 beta=0.0000 guidance_active_next=False raw_derivative=n/a smoothed_derivative=n/a guidance_stop_epoch=81 train_acc=66.36% val_acc=25.80% best=26.49% lr=9.6743203e-05 time=12.4s avg_epoch=13.2s est_planned=1h 05m 58s elapsed=47m 46s
[ALG][217/300] loss=1.4785 ce=1.4785 lg=0.0000 beta=0.0000 guidance_active_next=False raw_derivative=n/a smoothed_derivative=n/a guidance_stop_epoch=81 train_acc=65.69% val_acc=24.92% best=26.49% lr=9.4737563e-05 time=11.7s avg_epoch=13.2s est_planned=1h 05m 56s elapsed=47m 58s
[ALG][218/300] loss=1.4637 ce=1.4637 lg=0.0000 beta=0.0000 guidance_active_next=False raw_derivative=n/a smoothed_derivative=n/a guidance_stop_epoch=81 train_acc=66.27% val_acc=25.08% best=26.49% lr=9.2749222e-05 time=11.7s avg_epoch=13.2s est_planned=1h 05m 54s elapsed=48m 10s
[ALG][219/300] loss=1.4828 ce=1.4828 lg=0.0000 beta=0.0000 guidance_active_next=False raw_derivative=n/a smoothed_derivative=n/a guidance_stop_epoch=81 train_acc=65.78% val_acc=25.41% best=26.49% lr=9.0778401e-05 time=11.6s avg_epoch=13.2s est_planned=1h 05m 52s elapsed=48m 22s
[ALG][220/300] loss=1.4425 ce=1.4425 lg=0.0000 beta=0.0000 guidance_active_next=False raw_derivative=n/a smoothed_derivative=n/a guidance_stop_epoch=81 train_acc=66.71% val_acc=25.82% best=26.49% lr=8.8825313e-05 time=11.6s avg_epoch=13.2s est_planned=1h 05m 49s elapsed=48m 33s
[ALG][221/300] loss=1.4551 ce=1.4551 lg=0.0000 beta=0.0000 guidance_active_next=False raw_derivative=n/a smoothed_derivative=n/a guidance_stop_epoch=81 train_acc=66.81% val_acc=25.68% best=26.49% lr=8.6890175e-05 time=11.0s avg_epoch=13.2s est_planned=1h 05m 46s elapsed=48m 45s
[ALG][222/300] loss=1.4325 ce=1.4325 lg=0.0000 beta=0.0000 guidance_active_next=False raw_derivative=n/a smoothed_derivative=n/a guidance_stop_epoch=81 train_acc=67.26% val_acc=26.23% best=26.49% lr=8.4973198e-05 time=11.0s avg_epoch=13.1s est_planned=1h 05m 44s elapsed=48m 56s
[ALG][223/300] loss=1.4355 ce=1.4355 lg=0.0000 beta=0.0000 guidance_active_next=False raw_derivative=n/a smoothed_derivative=n/a guidance_stop_epoch=81 train_acc=66.81% val_acc=25.75% best=26.49% lr=8.3074591e-05 time=11.6s avg_epoch=13.1s est_planned=1h 05m 41s elapsed=49m 07s
[ALG][224/300] loss=1.4213 ce=1.4213 lg=0.0000 beta=0.0000 guidance_active_next=False raw_derivative=n/a smoothed_derivative=n/a guidance_stop_epoch=81 train_acc=67.10% val_acc=25.98% best=26.49% lr=8.1194564e-05 time=13.2s avg_epoch=13.1s est_planned=1h 05m 41s elapsed=49m 20s
[ALG][225/300] loss=1.4327 ce=1.4327 lg=0.0000 beta=0.0000 guidance_active_next=False raw_derivative=n/a smoothed_derivative=n/a guidance_stop_epoch=81 train_acc=66.58% val_acc=25.66% best=26.49% lr=7.9333323e-05 time=12.4s avg_epoch=13.1s est_planned=1h 05m 41s elapsed=49m 33s
[ALG][226/300] loss=1.3987 ce=1.3987 lg=0.0000 beta=0.0000 guidance_active_next=False raw_derivative=n/a smoothed_derivative=n/a guidance_stop_epoch=81 train_acc=67.26% val_acc=25.68% best=26.49% lr=7.7491072e-05 time=11.0s avg_epoch=13.1s est_planned=1h 05m 38s elapsed=49m 44s
[ALG][227/300] loss=1.3864 ce=1.3864 lg=0.0000 beta=0.0000 guidance_active_next=False raw_derivative=n/a smoothed_derivative=n/a guidance_stop_epoch=81 train_acc=67.93% val_acc=25.22% best=26.49% lr=7.5668012e-05 time=11.5s avg_epoch=13.1s est_planned=1h 05m 36s elapsed=49m 56s
[ALG][228/300] loss=1.3949 ce=1.3949 lg=0.0000 beta=0.0000 guidance_active_next=False raw_derivative=n/a smoothed_derivative=n/a guidance_stop_epoch=81 train_acc=67.88% val_acc=25.99% best=26.49% lr=7.3864344e-05 time=12.2s avg_epoch=13.1s est_planned=1h 05m 34s elapsed=50m 08s
[ALG][229/300] loss=1.4285 ce=1.4285 lg=0.0000 beta=0.0000 guidance_active_next=False raw_derivative=n/a smoothed_derivative=n/a guidance_stop_epoch=81 train_acc=66.66% val_acc=25.65% best=26.49% lr=7.2080265e-05 time=13.3s avg_epoch=13.1s est_planned=1h 05m 35s elapsed=50m 21s
[ALG][230/300] loss=1.4043 ce=1.4043 lg=0.0000 beta=0.0000 guidance_active_next=False raw_derivative=n/a smoothed_derivative=n/a guidance_stop_epoch=81 train_acc=67.44% val_acc=25.87% best=26.49% lr=7.0315971e-05 time=11.6s avg_epoch=13.1s est_planned=1h 05m 33s elapsed=50m 33s
[ALG][231/300] loss=1.3983 ce=1.3983 lg=0.0000 beta=0.0000 guidance_active_next=False raw_derivative=n/a smoothed_derivative=n/a guidance_stop_epoch=81 train_acc=68.12% val_acc=25.96% best=26.49% lr=6.8571656e-05 time=11.4s avg_epoch=13.1s est_planned=1h 05m 31s elapsed=50m 44s
[ALG][232/300] loss=1.4095 ce=1.4095 lg=0.0000 beta=0.0000 guidance_active_next=False raw_derivative=n/a smoothed_derivative=n/a guidance_stop_epoch=81 train_acc=67.20% val_acc=25.73% best=26.49% lr=6.684751e-05 time=11.4s avg_epoch=13.1s est_planned=1h 05m 28s elapsed=50m 56s
[ALG][233/300] loss=1.4161 ce=1.4161 lg=0.0000 beta=0.0000 guidance_active_next=False raw_derivative=n/a smoothed_derivative=n/a guidance_stop_epoch=81 train_acc=67.60% val_acc=25.99% best=26.49% lr=6.5143724e-05 time=12.7s avg_epoch=13.1s est_planned=1h 05m 28s elapsed=51m 09s
[ALG][234/300] loss=1.4084 ce=1.4084 lg=0.0000 beta=0.0000 guidance_active_next=False raw_derivative=n/a smoothed_derivative=n/a guidance_stop_epoch=81 train_acc=67.10% val_acc=25.20% best=26.49% lr=6.3460483e-05 time=12.5s avg_epoch=13.1s est_planned=1h 05m 27s elapsed=51m 21s
[ALG][235/300] loss=1.3912 ce=1.3912 lg=0.0000 beta=0.0000 guidance_active_next=False raw_derivative=n/a smoothed_derivative=n/a guidance_stop_epoch=81 train_acc=68.36% val_acc=25.51% best=26.49% lr=6.1797972e-05 time=10.8s avg_epoch=13.1s est_planned=1h 05m 24s elapsed=51m 32s
[ALG][236/300] loss=1.3686 ce=1.3686 lg=0.0000 beta=0.0000 guidance_active_next=False raw_derivative=n/a smoothed_derivative=n/a guidance_stop_epoch=81 train_acc=68.10% val_acc=26.22% best=26.49% lr=6.0156375e-05 time=12.8s avg_epoch=13.1s est_planned=1h 05m 24s elapsed=51m 45s
[ALG][237/300] loss=1.3250 ce=1.3250 lg=0.0000 beta=0.0000 guidance_active_next=False raw_derivative=n/a smoothed_derivative=n/a guidance_stop_epoch=81 train_acc=69.24% val_acc=25.65% best=26.49% lr=5.8535869e-05 time=11.7s avg_epoch=13.1s est_planned=1h 05m 22s elapsed=51m 57s
[ALG][238/300] loss=1.3918 ce=1.3918 lg=0.0000 beta=0.0000 guidance_active_next=False raw_derivative=n/a smoothed_derivative=n/a guidance_stop_epoch=81 train_acc=67.60% val_acc=26.13% best=26.49% lr=5.6936634e-05 time=11.6s avg_epoch=13.1s est_planned=1h 05m 20s elapsed=52m 09s
[ALG][239/300] loss=1.3942 ce=1.3942 lg=0.0000 beta=0.0000 guidance_active_next=False raw_derivative=n/a smoothed_derivative=n/a guidance_stop_epoch=81 train_acc=67.44% val_acc=25.56% best=26.49% lr=5.5358845e-05 time=13.4s avg_epoch=13.1s est_planned=1h 05m 21s elapsed=52m 22s
[ALG][240/300] loss=1.3511 ce=1.3511 lg=0.0000 beta=0.0000 guidance_active_next=False raw_derivative=n/a smoothed_derivative=n/a guidance_stop_epoch=81 train_acc=68.38% val_acc=25.34% best=26.49% lr=5.3802675e-05 time=11.6s avg_epoch=13.1s est_planned=1h 05m 19s elapsed=52m 34s
[ALG][241/300] loss=1.3535 ce=1.3535 lg=0.0000 beta=0.0000 guidance_active_next=False raw_derivative=n/a smoothed_derivative=n/a guidance_stop_epoch=81 train_acc=68.26% val_acc=25.54% best=26.49% lr=5.2268294e-05 time=13.1s avg_epoch=13.1s est_planned=1h 05m 19s elapsed=52m 47s
[ALG][242/300] loss=1.3524 ce=1.3524 lg=0.0000 beta=0.0000 guidance_active_next=False raw_derivative=n/a smoothed_derivative=n/a guidance_stop_epoch=81 train_acc=68.63% val_acc=25.61% best=26.49% lr=5.0755871e-05 time=12.1s avg_epoch=13.1s est_planned=1h 05m 18s elapsed=52m 59s
[ALG][243/300] loss=1.3198 ce=1.3198 lg=0.0000 beta=0.0000 guidance_active_next=False raw_derivative=n/a smoothed_derivative=n/a guidance_stop_epoch=81 train_acc=69.50% val_acc=26.44% best=26.49% lr=4.9265571e-05 time=11.7s avg_epoch=13.1s est_planned=1h 05m 16s elapsed=53m 11s
[ALG][244/300] loss=1.3031 ce=1.3031 lg=0.0000 beta=0.0000 guidance_active_next=False raw_derivative=n/a smoothed_derivative=n/a guidance_stop_epoch=81 train_acc=69.80% val_acc=26.32% best=26.49% lr=4.7797558e-05 time=13.2s avg_epoch=13.1s est_planned=1h 05m 16s elapsed=53m 24s
[ALG][245/300] loss=1.3526 ce=1.3526 lg=0.0000 beta=0.0000 guidance_active_next=False raw_derivative=n/a smoothed_derivative=n/a guidance_stop_epoch=81 train_acc=68.39% val_acc=26.16% best=26.49% lr=4.6351993e-05 time=13.2s avg_epoch=13.1s est_planned=1h 05m 16s elapsed=53m 37s
[ALG][246/300] loss=1.3122 ce=1.3122 lg=0.0000 beta=0.0000 guidance_active_next=False raw_derivative=n/a smoothed_derivative=n/a guidance_stop_epoch=81 train_acc=69.80% val_acc=25.99% best=26.49% lr=4.4929034e-05 time=11.0s avg_epoch=13.0s est_planned=1h 05m 14s elapsed=53m 48s
[ALG][247/300] loss=1.2868 ce=1.2868 lg=0.0000 beta=0.0000 guidance_active_next=False raw_derivative=n/a smoothed_derivative=n/a guidance_stop_epoch=81 train_acc=70.81% val_acc=25.89% best=26.49% lr=4.3528838e-05 time=11.1s avg_epoch=13.0s est_planned=1h 05m 12s elapsed=54m 00s
[ALG][248/300] loss=1.2971 ce=1.2971 lg=0.0000 beta=0.0000 guidance_active_next=False raw_derivative=n/a smoothed_derivative=n/a guidance_stop_epoch=81 train_acc=70.36% val_acc=26.27% best=26.49% lr=4.2151558e-05 time=10.9s avg_epoch=13.0s est_planned=1h 05m 09s elapsed=54m 11s
[ALG][249/300] loss=1.2836 ce=1.2836 lg=0.0000 beta=0.0000 guidance_active_next=False raw_derivative=n/a smoothed_derivative=n/a guidance_stop_epoch=81 train_acc=69.46% val_acc=25.89% best=26.49% lr=4.0797346e-05 time=11.1s avg_epoch=13.0s est_planned=1h 05m 07s elapsed=54m 22s
[ALG][250/300] loss=1.3227 ce=1.3227 lg=0.0000 beta=0.0000 guidance_active_next=False raw_derivative=n/a smoothed_derivative=n/a guidance_stop_epoch=81 train_acc=69.60% val_acc=26.16% best=26.49% lr=3.9466348e-05 time=11.1s avg_epoch=13.0s est_planned=1h 05m 04s elapsed=54m 33s
[ALG][251/300] loss=1.3052 ce=1.3052 lg=0.0000 beta=0.0000 guidance_active_next=False raw_derivative=n/a smoothed_derivative=n/a guidance_stop_epoch=81 train_acc=69.96% val_acc=25.99% best=26.49% lr=3.8158713e-05 time=10.9s avg_epoch=13.0s est_planned=1h 05m 02s elapsed=54m 44s
[ALG][252/300] loss=1.2825 ce=1.2825 lg=0.0000 beta=0.0000 guidance_active_next=False raw_derivative=n/a smoothed_derivative=n/a guidance_stop_epoch=81 train_acc=70.47% val_acc=25.60% best=26.49% lr=3.6874582e-05 time=10.9s avg_epoch=13.0s est_planned=1h 04m 59s elapsed=54m 55s
[ALG][253/300] loss=1.2456 ce=1.2456 lg=0.0000 beta=0.0000 guidance_active_next=False raw_derivative=n/a smoothed_derivative=n/a guidance_stop_epoch=81 train_acc=71.47% val_acc=26.23% best=26.49% lr=3.5614097e-05 time=12.1s avg_epoch=13.0s est_planned=1h 04m 58s elapsed=55m 07s
[ALG][254/300] loss=1.3313 ce=1.3313 lg=0.0000 beta=0.0000 guidance_active_next=False raw_derivative=n/a smoothed_derivative=n/a guidance_stop_epoch=81 train_acc=69.12% val_acc=26.15% best=26.49% lr=3.4377396e-05 time=12.3s avg_epoch=13.0s est_planned=1h 04m 57s elapsed=55m 19s
[ALG][255/300] loss=1.2974 ce=1.2974 lg=0.0000 beta=0.0000 guidance_active_next=False raw_derivative=n/a smoothed_derivative=n/a guidance_stop_epoch=81 train_acc=69.90% val_acc=26.10% best=26.49% lr=3.3164614e-05 time=11.8s avg_epoch=13.0s est_planned=1h 04m 56s elapsed=55m 31s
[ALG][256/300] loss=1.2672 ce=1.2672 lg=0.0000 beta=0.0000 guidance_active_next=False raw_derivative=n/a smoothed_derivative=n/a guidance_stop_epoch=81 train_acc=71.04% val_acc=25.63% best=26.49% lr=3.1975885e-05 time=11.5s avg_epoch=13.0s est_planned=1h 04m 54s elapsed=55m 43s
[ALG][257/300] loss=1.2850 ce=1.2850 lg=0.0000 beta=0.0000 guidance_active_next=False raw_derivative=n/a smoothed_derivative=n/a guidance_stop_epoch=81 train_acc=70.97% val_acc=26.44% best=26.49% lr=3.0811339e-05 time=11.3s avg_epoch=13.0s est_planned=1h 04m 52s elapsed=55m 54s
[ALG][258/300] loss=1.2781 ce=1.2781 lg=0.0000 beta=0.0000 guidance_active_next=False raw_derivative=n/a smoothed_derivative=n/a guidance_stop_epoch=81 train_acc=70.74% val_acc=25.75% best=26.49% lr=2.9671104e-05 time=10.9s avg_epoch=13.0s est_planned=1h 04m 50s elapsed=56m 05s
[ALG][259/300] loss=1.2676 ce=1.2676 lg=0.0000 beta=0.0000 guidance_active_next=False raw_derivative=n/a smoothed_derivative=n/a guidance_stop_epoch=81 train_acc=70.19% val_acc=26.15% best=26.49% lr=2.8555305e-05 time=12.7s avg_epoch=13.0s est_planned=1h 04m 50s elapsed=56m 18s
[ALG][260/300] loss=1.2671 ce=1.2671 lg=0.0000 beta=0.0000 guidance_active_next=False raw_derivative=n/a smoothed_derivative=n/a guidance_stop_epoch=81 train_acc=70.38% val_acc=25.87% best=26.49% lr=2.7464063e-05 time=12.7s avg_epoch=13.0s est_planned=1h 04m 49s elapsed=56m 31s
[ALG][261/300] loss=1.2832 ce=1.2832 lg=0.0000 beta=0.0000 guidance_active_next=False raw_derivative=n/a smoothed_derivative=n/a guidance_stop_epoch=81 train_acc=69.90% val_acc=25.96% best=26.49% lr=2.6397499e-05 time=11.6s avg_epoch=13.0s est_planned=1h 04m 48s elapsed=56m 42s
[ALG][262/300] loss=1.2833 ce=1.2833 lg=0.0000 beta=0.0000 guidance_active_next=False raw_derivative=n/a smoothed_derivative=n/a guidance_stop_epoch=81 train_acc=70.53% val_acc=25.92% best=26.49% lr=2.535573e-05 time=11.5s avg_epoch=13.0s est_planned=1h 04m 46s elapsed=56m 54s
[ALG][263/300] loss=1.2745 ce=1.2745 lg=0.0000 beta=0.0000 guidance_active_next=False raw_derivative=n/a smoothed_derivative=n/a guidance_stop_epoch=81 train_acc=70.70% val_acc=25.84% best=26.49% lr=2.433887e-05 time=11.7s avg_epoch=12.9s est_planned=1h 04m 44s elapsed=57m 06s
[ALG][264/300] loss=1.2602 ce=1.2602 lg=0.0000 beta=0.0000 guidance_active_next=False raw_derivative=n/a smoothed_derivative=n/a guidance_stop_epoch=81 train_acc=71.82% val_acc=25.80% best=26.49% lr=2.334703e-05 time=11.8s avg_epoch=12.9s est_planned=1h 04m 43s elapsed=57m 17s
[ALG][265/300] loss=1.2421 ce=1.2421 lg=0.0000 beta=0.0000 guidance_active_next=False raw_derivative=n/a smoothed_derivative=n/a guidance_stop_epoch=81 train_acc=70.92% val_acc=26.25% best=26.49% lr=2.238032e-05 time=11.9s avg_epoch=12.9s est_planned=1h 04m 42s elapsed=57m 29s
[ALG][266/300] loss=1.3093 ce=1.3093 lg=0.0000 beta=0.0000 guidance_active_next=False raw_derivative=n/a smoothed_derivative=n/a guidance_stop_epoch=81 train_acc=69.60% val_acc=26.23% best=26.49% lr=2.1438844e-05 time=11.6s avg_epoch=12.9s est_planned=1h 04m 40s elapsed=57m 41s
[ALG][267/300] loss=1.2400 ce=1.2400 lg=0.0000 beta=0.0000 guidance_active_next=False raw_derivative=n/a smoothed_derivative=n/a guidance_stop_epoch=81 train_acc=70.86% val_acc=26.20% best=26.49% lr=2.0522708e-05 time=11.5s avg_epoch=12.9s est_planned=1h 04m 39s elapsed=57m 53s
[ALG][268/300] loss=1.2343 ce=1.2343 lg=0.0000 beta=0.0000 guidance_active_next=False raw_derivative=n/a smoothed_derivative=n/a guidance_stop_epoch=81 train_acc=71.20% val_acc=26.42% best=26.49% lr=1.963201e-05 time=12.7s avg_epoch=12.9s est_planned=1h 04m 39s elapsed=58m 05s
[ALG][269/300] loss=1.2656 ce=1.2656 lg=0.0000 beta=0.0000 guidance_active_next=False raw_derivative=n/a smoothed_derivative=n/a guidance_stop_epoch=81 train_acc=70.99% val_acc=26.37% best=26.49% lr=1.8766848e-05 time=11.0s avg_epoch=12.9s est_planned=1h 04m 36s elapsed=58m 16s
[ALG][270/300] loss=1.2503 ce=1.2503 lg=0.0000 beta=0.0000 guidance_active_next=False raw_derivative=n/a smoothed_derivative=n/a guidance_stop_epoch=81 train_acc=71.04% val_acc=26.34% best=26.49% lr=1.7927319e-05 time=12.7s avg_epoch=12.9s est_planned=1h 04m 36s elapsed=58m 29s
[ALG][271/300] loss=1.2382 ce=1.2382 lg=0.0000 beta=0.0000 guidance_active_next=False raw_derivative=n/a smoothed_derivative=n/a guidance_stop_epoch=81 train_acc=71.50% val_acc=26.30% best=26.49% lr=1.7113512e-05 time=12.5s avg_epoch=12.9s est_planned=1h 04m 36s elapsed=58m 42s
[ALG][272/300] loss=1.2792 ce=1.2792 lg=0.0000 beta=0.0000 guidance_active_next=False raw_derivative=n/a smoothed_derivative=n/a guidance_stop_epoch=81 train_acc=70.35% val_acc=26.30% best=26.49% lr=1.6325519e-05 time=13.2s avg_epoch=12.9s est_planned=1h 04m 36s elapsed=58m 55s
[ALG][273/300] loss=1.2686 ce=1.2686 lg=0.0000 beta=0.0000 guidance_active_next=False raw_derivative=n/a smoothed_derivative=n/a guidance_stop_epoch=81 train_acc=70.58% val_acc=26.20% best=26.49% lr=1.5563424e-05 time=11.8s avg_epoch=12.9s est_planned=1h 04m 35s elapsed=59m 07s
[ALG][274/300] loss=1.2609 ce=1.2609 lg=0.0000 beta=0.0000 guidance_active_next=False raw_derivative=n/a smoothed_derivative=n/a guidance_stop_epoch=81 train_acc=71.28% val_acc=25.68% best=26.49% lr=1.4827313e-05 time=11.2s avg_epoch=12.9s est_planned=1h 04m 33s elapsed=59m 18s
[ALG][275/300] loss=1.2959 ce=1.2959 lg=0.0000 beta=0.0000 guidance_active_next=False raw_derivative=n/a smoothed_derivative=n/a guidance_stop_epoch=81 train_acc=69.90% val_acc=26.67% best=26.67% lr=1.4117265e-05 time=11.7s avg_epoch=12.9s est_planned=1h 04m 32s elapsed=59m 30s saved_best
[ALG][276/300] loss=1.2783 ce=1.2783 lg=0.0000 beta=0.0000 guidance_active_next=False raw_derivative=n/a smoothed_derivative=n/a guidance_stop_epoch=81 train_acc=70.07% val_acc=26.18% best=26.67% lr=1.3433358e-05 time=13.2s avg_epoch=12.9s est_planned=1h 04m 32s elapsed=59m 43s
[ALG][277/300] loss=1.2070 ce=1.2070 lg=0.0000 beta=0.0000 guidance_active_next=False raw_derivative=n/a smoothed_derivative=n/a guidance_stop_epoch=81 train_acc=72.03% val_acc=26.20% best=26.67% lr=1.2775668e-05 time=12.6s avg_epoch=12.9s est_planned=1h 04m 32s elapsed=59m 56s
[ALG][278/300] loss=1.2399 ce=1.2399 lg=0.0000 beta=0.0000 guidance_active_next=False raw_derivative=n/a smoothed_derivative=n/a guidance_stop_epoch=81 train_acc=70.65% val_acc=25.72% best=26.67% lr=1.2144266e-05 time=12.3s avg_epoch=12.9s est_planned=1h 04m 31s elapsed=1h 00m 08s
[ALG][279/300] loss=1.2848 ce=1.2848 lg=0.0000 beta=0.0000 guidance_active_next=False raw_derivative=n/a smoothed_derivative=n/a guidance_stop_epoch=81 train_acc=70.09% val_acc=25.91% best=26.67% lr=1.1539222e-05 time=11.0s avg_epoch=12.9s est_planned=1h 04m 29s elapsed=1h 00m 19s
[ALG][280/300] loss=1.2763 ce=1.2763 lg=0.0000 beta=0.0000 guidance_active_next=False raw_derivative=n/a smoothed_derivative=n/a guidance_stop_epoch=81 train_acc=69.96% val_acc=25.92% best=26.67% lr=1.0960601e-05 time=12.5s avg_epoch=12.9s est_planned=1h 04m 28s elapsed=1h 00m 32s
[ALG][281/300] loss=1.2363 ce=1.2363 lg=0.0000 beta=0.0000 guidance_active_next=False raw_derivative=n/a smoothed_derivative=n/a guidance_stop_epoch=81 train_acc=71.57% val_acc=26.01% best=26.67% lr=1.0408469e-05 time=11.5s avg_epoch=12.9s est_planned=1h 04m 27s elapsed=1h 00m 43s
[ALG][282/300] loss=1.2684 ce=1.2684 lg=0.0000 beta=0.0000 guidance_active_next=False raw_derivative=n/a smoothed_derivative=n/a guidance_stop_epoch=81 train_acc=71.25% val_acc=26.35% best=26.67% lr=9.8828843e-06 time=12.8s avg_epoch=12.9s est_planned=1h 04m 27s elapsed=1h 00m 56s
[ALG][283/300] loss=1.2761 ce=1.2761 lg=0.0000 beta=0.0000 guidance_active_next=False raw_derivative=n/a smoothed_derivative=n/a guidance_stop_epoch=81 train_acc=70.23% val_acc=26.16% best=26.67% lr=9.3839054e-06 time=11.0s avg_epoch=12.9s est_planned=1h 04m 25s elapsed=1h 01m 07s
[ALG][284/300] loss=1.2723 ce=1.2723 lg=0.0000 beta=0.0000 guidance_active_next=False raw_derivative=n/a smoothed_derivative=n/a guidance_stop_epoch=81 train_acc=70.11% val_acc=26.10% best=26.67% lr=8.911587e-06 time=11.4s avg_epoch=12.9s est_planned=1h 04m 23s elapsed=1h 01m 19s
[ALG][285/300] loss=1.2515 ce=1.2515 lg=0.0000 beta=0.0000 guidance_active_next=False raw_derivative=n/a smoothed_derivative=n/a guidance_stop_epoch=81 train_acc=71.04% val_acc=25.94% best=26.67% lr=8.4659808e-06 time=13.7s avg_epoch=12.9s est_planned=1h 04m 24s elapsed=1h 01m 33s
[ALG][286/300] loss=1.2579 ce=1.2579 lg=0.0000 beta=0.0000 guidance_active_next=False raw_derivative=n/a smoothed_derivative=n/a guidance_stop_epoch=81 train_acc=71.08% val_acc=26.16% best=26.67% lr=8.0471357e-06 time=12.2s avg_epoch=12.9s est_planned=1h 04m 23s elapsed=1h 01m 45s
[ALG][287/300] loss=1.2231 ce=1.2231 lg=0.0000 beta=0.0000 guidance_active_next=False raw_derivative=n/a smoothed_derivative=n/a guidance_stop_epoch=81 train_acc=71.81% val_acc=26.20% best=26.67% lr=7.6550976e-06 time=11.9s avg_epoch=12.9s est_planned=1h 04m 22s elapsed=1h 01m 57s
[ALG][288/300] loss=1.2251 ce=1.2251 lg=0.0000 beta=0.0000 guidance_active_next=False raw_derivative=n/a smoothed_derivative=n/a guidance_stop_epoch=81 train_acc=71.35% val_acc=26.03% best=26.67% lr=7.2899095e-06 time=11.8s avg_epoch=12.9s est_planned=1h 04m 21s elapsed=1h 02m 09s
[ALG][289/300] loss=1.2366 ce=1.2366 lg=0.0000 beta=0.0000 guidance_active_next=False raw_derivative=n/a smoothed_derivative=n/a guidance_stop_epoch=81 train_acc=70.87% val_acc=26.13% best=26.67% lr=6.9516114e-06 time=11.7s avg_epoch=12.9s est_planned=1h 04m 20s elapsed=1h 02m 21s
[ALG][290/300] loss=1.2402 ce=1.2402 lg=0.0000 beta=0.0000 guidance_active_next=False raw_derivative=n/a smoothed_derivative=n/a guidance_stop_epoch=81 train_acc=71.13% val_acc=26.06% best=26.67% lr=6.6402405e-06 time=11.6s avg_epoch=12.9s est_planned=1h 04m 19s elapsed=1h 02m 32s
[ALG][291/300] loss=1.2542 ce=1.2542 lg=0.0000 beta=0.0000 guidance_active_next=False raw_derivative=n/a smoothed_derivative=n/a guidance_stop_epoch=81 train_acc=70.60% val_acc=26.22% best=26.67% lr=6.3558309e-06 time=12.7s avg_epoch=12.9s est_planned=1h 04m 19s elapsed=1h 02m 45s
[ALG][292/300] loss=1.2234 ce=1.2234 lg=0.0000 beta=0.0000 guidance_active_next=False raw_derivative=n/a smoothed_derivative=n/a guidance_stop_epoch=81 train_acc=71.79% val_acc=26.23% best=26.67% lr=6.0984138e-06 time=11.4s avg_epoch=12.9s est_planned=1h 04m 17s elapsed=1h 02m 57s
[ALG][293/300] loss=1.2253 ce=1.2253 lg=0.0000 beta=0.0000 guidance_active_next=False raw_derivative=n/a smoothed_derivative=n/a guidance_stop_epoch=81 train_acc=71.54% val_acc=26.15% best=26.67% lr=5.8680173e-06 time=11.3s avg_epoch=12.9s est_planned=1h 04m 16s elapsed=1h 03m 08s
[ALG][294/300] loss=1.2410 ce=1.2410 lg=0.0000 beta=0.0000 guidance_active_next=False raw_derivative=n/a smoothed_derivative=n/a guidance_stop_epoch=81 train_acc=71.28% val_acc=25.92% best=26.67% lr=5.6646669e-06 time=11.3s avg_epoch=12.8s est_planned=1h 04m 14s elapsed=1h 03m 19s
[ALG][295/300] loss=1.2361 ce=1.2361 lg=0.0000 beta=0.0000 guidance_active_next=False raw_derivative=n/a smoothed_derivative=n/a guidance_stop_epoch=81 train_acc=71.09% val_acc=26.06% best=26.67% lr=5.4883847e-06 time=10.9s avg_epoch=12.8s est_planned=1h 04m 12s elapsed=1h 03m 30s
[ALG][296/300] loss=1.2364 ce=1.2364 lg=0.0000 beta=0.0000 guidance_active_next=False raw_derivative=n/a smoothed_derivative=n/a guidance_stop_epoch=81 train_acc=70.72% val_acc=26.37% best=26.67% lr=5.3391901e-06 time=11.7s avg_epoch=12.8s est_planned=1h 04m 11s elapsed=1h 03m 42s
[ALG][297/300] loss=1.2242 ce=1.2242 lg=0.0000 beta=0.0000 guidance_active_next=False raw_derivative=n/a smoothed_derivative=n/a guidance_stop_epoch=81 train_acc=71.50% val_acc=26.29% best=26.67% lr=5.2170996e-06 time=11.9s avg_epoch=12.8s est_planned=1h 04m 10s elapsed=1h 03m 54s
[ALG][298/300] loss=1.2881 ce=1.2881 lg=0.0000 beta=0.0000 guidance_active_next=False raw_derivative=n/a smoothed_derivative=n/a guidance_stop_epoch=81 train_acc=70.07% val_acc=26.18% best=26.67% lr=5.1221263e-06 time=11.6s avg_epoch=12.8s est_planned=1h 04m 09s elapsed=1h 04m 06s
[ALG][299/300] loss=1.2531 ce=1.2531 lg=0.0000 beta=0.0000 guidance_active_next=False raw_derivative=n/a smoothed_derivative=n/a guidance_stop_epoch=81 train_acc=71.04% val_acc=26.16% best=26.67% lr=5.0542808e-06 time=11.8s avg_epoch=12.8s est_planned=1h 04m 08s elapsed=1h 04m 17s
[ALG][300/300] loss=1.2407 ce=1.2407 lg=0.0000 beta=0.0000 guidance_active_next=False raw_derivative=n/a smoothed_derivative=n/a guidance_stop_epoch=81 train_acc=70.82% val_acc=26.20% best=26.67% lr=5.0135706e-06 time=11.7s avg_epoch=12.8s est_planned=1h 04m 07s elapsed=1h 04m 29s
========================================================================
[FINAL_RESULT] alg_best_top1=26.67% paper_top1=n/a gap_to_paper=n/a
[BETA_FINAL] observed_stop_epoch=81 paper_stop_epoch=None guided_epochs=81 ce_only_epochs=219
[TIMING] avg_epoch=12.8s planned_epochs=300 estimated_total=1h 04m 07s elapsed=1h 04m 29s
[FINAL_RESULT] best_checkpoint=/app/output/cub200_resnet50_224_scratch_all_full_seed1/ALG/cub200_resnet50_224_scratch/alg_cub200_resnet50_224_scratch_deit_ti_300ep_seed1/student_best.pt
[FINAL_RESULT] latest_checkpoint=/app/output/cub200_resnet50_224_scratch_all_full_seed1/ALG/cub200_resnet50_224_scratch/alg_cub200_resnet50_224_scratch_deit_ti_300ep_seed1/student_latest.pt
[FINAL_RESULT] summary=/app/output/cub200_resnet50_224_scratch_all_full_seed1/ALG/cub200_resnet50_224_scratch/alg_cub200_resnet50_224_scratch_deit_ti_300ep_seed1/summary.json
[DONE] ALG training completed successfully; resources may be released.
[COMMAND][VanillaB64] /usr/bin/python methods/Vanilla/cub200_224/train.py --profile ours_current_b64 --full-run --data-dir data/cub200 --output-dir /app/output/cub200_resnet50_224_scratch_all_full_seed1/Vanilla/ours_current_b64 --run-name vanilla_cub200_224_ours_current_b64_300ep_seed1 --num-workers 4
[BOOT] Python process started: /usr/bin/python
================================================================================
VANILLA CUB-200 DEIT-TI / CE-ONLY / 224 x 224
================================================================================
[MODE] mode=full actual_epochs=300 planned_epochs=300
[VANILLA_PROTOCOL] profile=ours_current_b64 teacher=none guidance=none loss=CE-only student_pretrained=False student_input=224 batch=64 seed=1
[AUGMENT] official_lg_strong color_jitter=0.4 auto_augment=rand-m9-mstd0.5-inc1 random_erasing=0.25/pixel/1 train_interpolation=bicubic eval_resize=direct224_bicubic
[PATH] data_dir=/app/scratch/input/bapedragon_519/data/cub200
[PATH] run_dir=/app/output/cub200_resnet50_224_scratch_all_full_seed1/Vanilla/ours_current_b64/vanilla_cub200_224_ours_current_b64_300ep_seed1
[DATA] CUB-200-2011 root=/app/scratch/input/bapedragon_519/data/cub200/CUB_200_2011
[DATA] train_samples=5994 test_samples=5794
[DATA] student_image=224 teacher_image=32 train_batch=64 eval_batch=200 num_workers=4 drop_last_train=True smoke=False split=train:official_train eval:official_test eval_interpolation=bicubic
[MODEL] student=deit_tiny_patch16_224 params=5,563,016
[OPTIMIZER] ours_current_single_group all_student_parameters head_zero_init=False
[VANILLA][ours_current_b64][001/300] loss=5.3320 train_acc=0.54% val_acc=0.76% best=0.76% lr=5e-07 time=14.7s avg_epoch=14.7s est_planned=1h 13m 44s saved_best
[VANILLA][ours_current_b64][002/300] loss=5.3038 train_acc=0.66% val_acc=1.12% best=1.12% lr=2.5475e-05 time=14.0s avg_epoch=14.4s est_planned=1h 11m 53s saved_best
[VANILLA][ours_current_b64][003/300] loss=5.2609 train_acc=0.76% val_acc=1.07% best=1.12% lr=5.045e-05 time=12.2s avg_epoch=13.6s est_planned=1h 08m 15s
[VANILLA][ours_current_b64][004/300] loss=5.2353 train_acc=1.01% val_acc=1.09% best=1.12% lr=7.5425e-05 time=14.1s avg_epoch=13.8s est_planned=1h 08m 49s
[VANILLA][ours_current_b64][005/300] loss=5.1928 train_acc=1.16% val_acc=1.35% best=1.35% lr=0.0001004 time=12.5s avg_epoch=13.5s est_planned=1h 07m 30s saved_best
[VANILLA][ours_current_b64][006/300] loss=5.1648 train_acc=1.01% val_acc=1.35% best=1.35% lr=0.000125375 time=11.7s avg_epoch=13.2s est_planned=1h 06m 00s saved_best
[VANILLA][ours_current_b64][007/300] loss=5.1333 train_acc=1.43% val_acc=1.78% best=1.78% lr=0.00015035 time=11.7s avg_epoch=13.0s est_planned=1h 04m 55s saved_best
[VANILLA][ours_current_b64][008/300] loss=5.1093 train_acc=1.61% val_acc=1.95% best=1.95% lr=0.000175325 time=12.5s avg_epoch=12.9s est_planned=1h 04m 36s saved_best
[VANILLA][ours_current_b64][009/300] loss=5.0806 train_acc=1.80% val_acc=2.90% best=2.90% lr=0.0002003 time=12.9s avg_epoch=12.9s est_planned=1h 04m 34s saved_best
[VANILLA][ours_current_b64][010/300] loss=5.0413 train_acc=2.22% val_acc=2.30% best=2.90% lr=0.000225275 time=13.7s avg_epoch=13.0s est_planned=1h 04m 58s
[VANILLA][ours_current_b64][011/300] loss=4.9990 train_acc=2.42% val_acc=3.07% best=3.07% lr=0.00025025 time=13.9s avg_epoch=13.1s est_planned=1h 05m 23s saved_best
[VANILLA][ours_current_b64][012/300] loss=4.9624 train_acc=3.09% val_acc=3.52% best=3.52% lr=0.000275225 time=14.0s avg_epoch=13.2s est_planned=1h 05m 46s saved_best
[VANILLA][ours_current_b64][013/300] loss=4.9214 train_acc=3.29% val_acc=4.63% best=4.63% lr=0.0003002 time=13.0s avg_epoch=13.1s est_planned=1h 05m 42s saved_best
[VANILLA][ours_current_b64][014/300] loss=4.8875 train_acc=3.23% val_acc=4.92% best=4.92% lr=0.000325175 time=14.0s avg_epoch=13.2s est_planned=1h 06m 00s saved_best
[VANILLA][ours_current_b64][015/300] loss=4.8328 train_acc=3.75% val_acc=5.04% best=5.04% lr=0.00035015 time=12.6s avg_epoch=13.2s est_planned=1h 05m 48s saved_best
[VANILLA][ours_current_b64][016/300] loss=4.8206 train_acc=4.03% val_acc=5.59% best=5.59% lr=0.000375125 time=12.7s avg_epoch=13.1s est_planned=1h 05m 38s saved_best
[VANILLA][ours_current_b64][017/300] loss=4.7942 train_acc=4.23% val_acc=5.94% best=5.94% lr=0.0004001 time=13.8s avg_epoch=13.2s est_planned=1h 05m 51s saved_best
[VANILLA][ours_current_b64][018/300] loss=4.7620 train_acc=4.22% val_acc=5.78% best=5.94% lr=0.000425075 time=12.6s avg_epoch=13.1s est_planned=1h 05m 42s
[VANILLA][ours_current_b64][019/300] loss=4.7477 train_acc=4.42% val_acc=6.01% best=6.01% lr=0.00045005 time=13.4s avg_epoch=13.2s est_planned=1h 05m 46s saved_best
[VANILLA][ours_current_b64][020/300] loss=4.7163 train_acc=4.72% val_acc=6.23% best=6.23% lr=0.000475025 time=13.4s avg_epoch=13.2s est_planned=1h 05m 50s saved_best
[VANILLA][ours_current_b64][021/300] loss=4.6979 train_acc=4.79% val_acc=6.09% best=6.23% lr=0.00049459153 time=14.2s avg_epoch=13.2s est_planned=1h 06m 04s
[VANILLA][ours_current_b64][022/300] loss=4.6567 train_acc=5.33% val_acc=6.64% best=6.64% lr=0.0004940394 time=13.7s avg_epoch=13.2s est_planned=1h 06m 11s saved_best
[VANILLA][ours_current_b64][023/300] loss=4.6253 train_acc=5.80% val_acc=7.58% best=7.58% lr=0.00049346078 time=14.7s avg_epoch=13.3s est_planned=1h 06m 30s saved_best
[VANILLA][ours_current_b64][024/300] loss=4.6086 train_acc=6.15% val_acc=7.06% best=7.58% lr=0.00049285573 time=14.7s avg_epoch=13.4s est_planned=1h 06m 48s
[VANILLA][ours_current_b64][025/300] loss=4.5786 train_acc=6.17% val_acc=8.49% best=8.49% lr=0.00049222433 time=12.9s avg_epoch=13.3s est_planned=1h 06m 43s saved_best
[VANILLA][ours_current_b64][026/300] loss=4.5681 train_acc=6.55% val_acc=7.30% best=8.49% lr=0.00049156664 time=13.2s avg_epoch=13.3s est_planned=1h 06m 41s
[VANILLA][ours_current_b64][027/300] loss=4.5579 train_acc=6.94% val_acc=8.25% best=8.49% lr=0.00049088274 time=13.9s avg_epoch=13.4s est_planned=1h 06m 47s
[VANILLA][ours_current_b64][028/300] loss=4.5180 train_acc=7.48% val_acc=8.87% best=8.87% lr=0.00049017269 time=14.1s avg_epoch=13.4s est_planned=1h 06m 55s saved_best
[VANILLA][ours_current_b64][029/300] loss=4.5096 train_acc=7.19% val_acc=8.25% best=8.87% lr=0.00048943658 time=11.5s avg_epoch=13.3s est_planned=1h 06m 36s
[VANILLA][ours_current_b64][030/300] loss=4.4949 train_acc=7.93% val_acc=9.37% best=9.37% lr=0.00048867448 time=13.4s avg_epoch=13.3s est_planned=1h 06m 37s saved_best
[VANILLA][ours_current_b64][031/300] loss=4.4855 train_acc=7.51% val_acc=8.32% best=9.37% lr=0.00048788649 time=13.0s avg_epoch=13.3s est_planned=1h 06m 33s
[VANILLA][ours_current_b64][032/300] loss=4.4611 train_acc=7.81% val_acc=8.68% best=9.37% lr=0.00048707268 time=13.2s avg_epoch=13.3s est_planned=1h 06m 32s
[VANILLA][ours_current_b64][033/300] loss=4.4375 train_acc=8.59% val_acc=8.75% best=9.37% lr=0.00048623315 time=12.0s avg_epoch=13.3s est_planned=1h 06m 20s
[VANILLA][ours_current_b64][034/300] loss=4.4055 train_acc=8.52% val_acc=9.22% best=9.37% lr=0.00048536799 time=12.5s avg_epoch=13.2s est_planned=1h 06m 14s
[VANILLA][ours_current_b64][035/300] loss=4.3947 train_acc=8.72% val_acc=9.84% best=9.84% lr=0.00048447729 time=13.2s avg_epoch=13.2s est_planned=1h 06m 13s saved_best
[VANILLA][ours_current_b64][036/300] loss=4.3671 train_acc=9.38% val_acc=9.98% best=9.98% lr=0.00048356116 time=13.9s avg_epoch=13.3s est_planned=1h 06m 18s saved_best
[VANILLA][ours_current_b64][037/300] loss=4.3897 train_acc=8.23% val_acc=10.72% best=10.72% lr=0.00048261968 time=11.9s avg_epoch=13.2s est_planned=1h 06m 07s saved_best
[VANILLA][ours_current_b64][038/300] loss=4.3181 train_acc=9.21% val_acc=10.17% best=10.72% lr=0.00048165297 time=13.0s avg_epoch=13.2s est_planned=1h 06m 05s
[VANILLA][ours_current_b64][039/300] loss=4.3052 train_acc=9.58% val_acc=10.55% best=10.72% lr=0.00048066113 time=13.5s avg_epoch=13.2s est_planned=1h 06m 08s
[VANILLA][ours_current_b64][040/300] loss=4.3169 train_acc=9.51% val_acc=11.18% best=11.18% lr=0.00047964427 time=14.2s avg_epoch=13.2s est_planned=1h 06m 15s saved_best
[VANILLA][ours_current_b64][041/300] loss=4.3110 train_acc=10.03% val_acc=11.34% best=11.34% lr=0.0004786025 time=14.7s avg_epoch=13.3s est_planned=1h 06m 26s saved_best
[VANILLA][ours_current_b64][042/300] loss=4.2657 train_acc=10.28% val_acc=11.41% best=11.41% lr=0.00047753594 time=11.6s avg_epoch=13.2s est_planned=1h 06m 14s saved_best
[VANILLA][ours_current_b64][043/300] loss=4.2853 train_acc=10.28% val_acc=11.62% best=11.62% lr=0.0004764447 time=12.7s avg_epoch=13.2s est_planned=1h 06m 10s saved_best
[VANILLA][ours_current_b64][044/300] loss=4.2447 train_acc=10.48% val_acc=11.13% best=11.62% lr=0.0004753289 time=12.8s avg_epoch=13.2s est_planned=1h 06m 07s
[VANILLA][ours_current_b64][045/300] loss=4.2186 train_acc=10.87% val_acc=10.89% best=11.62% lr=0.00047418866 time=13.5s avg_epoch=13.2s est_planned=1h 06m 09s
[VANILLA][ours_current_b64][046/300] loss=4.2295 train_acc=10.32% val_acc=10.87% best=11.62% lr=0.00047302411 time=11.5s avg_epoch=13.2s est_planned=1h 05m 57s
[VANILLA][ours_current_b64][047/300] loss=4.1901 train_acc=11.64% val_acc=11.36% best=11.62% lr=0.00047183539 time=12.9s avg_epoch=13.2s est_planned=1h 05m 55s
[VANILLA][ours_current_b64][048/300] loss=4.1747 train_acc=11.69% val_acc=11.15% best=11.62% lr=0.0004706226 time=13.7s avg_epoch=13.2s est_planned=1h 05m 58s
[VANILLA][ours_current_b64][049/300] loss=4.1510 train_acc=11.74% val_acc=11.32% best=11.62% lr=0.0004693859 time=12.4s avg_epoch=13.2s est_planned=1h 05m 54s
[VANILLA][ours_current_b64][050/300] loss=4.1043 train_acc=12.67% val_acc=11.82% best=11.82% lr=0.00046812542 time=12.6s avg_epoch=13.2s est_planned=1h 05m 50s saved_best
[VANILLA][ours_current_b64][051/300] loss=4.1209 train_acc=11.86% val_acc=11.37% best=11.82% lr=0.00046684129 time=12.9s avg_epoch=13.2s est_planned=1h 05m 48s
[VANILLA][ours_current_b64][052/300] loss=4.1370 train_acc=12.47% val_acc=12.32% best=12.32% lr=0.00046553365 time=14.0s avg_epoch=13.2s est_planned=1h 05m 53s saved_best
[VANILLA][ours_current_b64][053/300] loss=4.0952 train_acc=13.00% val_acc=11.91% best=12.32% lr=0.00046420265 time=11.6s avg_epoch=13.1s est_planned=1h 05m 45s
[VANILLA][ours_current_b64][054/300] loss=4.1090 train_acc=12.37% val_acc=11.41% best=12.32% lr=0.00046284844 time=13.5s avg_epoch=13.2s est_planned=1h 05m 47s
[VANILLA][ours_current_b64][055/300] loss=4.0557 train_acc=12.72% val_acc=12.36% best=12.36% lr=0.00046147116 time=14.1s avg_epoch=13.2s est_planned=1h 05m 52s saved_best
[VANILLA][ours_current_b64][056/300] loss=4.0892 train_acc=12.21% val_acc=12.13% best=12.36% lr=0.00046007097 time=14.2s avg_epoch=13.2s est_planned=1h 05m 57s
[VANILLA][ours_current_b64][057/300] loss=4.0445 train_acc=13.39% val_acc=12.17% best=12.36% lr=0.00045864801 time=13.0s avg_epoch=13.2s est_planned=1h 05m 56s
[VANILLA][ours_current_b64][058/300] loss=4.0334 train_acc=13.27% val_acc=12.65% best=12.65% lr=0.00045720244 time=13.4s avg_epoch=13.2s est_planned=1h 05m 57s saved_best
[VANILLA][ours_current_b64][059/300] loss=3.9931 train_acc=13.91% val_acc=13.50% best=13.50% lr=0.00045573443 time=13.2s avg_epoch=13.2s est_planned=1h 05m 58s saved_best
[VANILLA][ours_current_b64][060/300] loss=3.9577 train_acc=14.47% val_acc=13.60% best=13.60% lr=0.00045424413 time=12.3s avg_epoch=13.2s est_planned=1h 05m 53s saved_best
[VANILLA][ours_current_b64][061/300] loss=3.9886 train_acc=14.70% val_acc=13.13% best=13.60% lr=0.00045273171 time=13.4s avg_epoch=13.2s est_planned=1h 05m 54s
[VANILLA][ours_current_b64][062/300] loss=3.9740 train_acc=13.79% val_acc=13.10% best=13.60% lr=0.00045119733 time=11.6s avg_epoch=13.2s est_planned=1h 05m 46s
[VANILLA][ours_current_b64][063/300] loss=3.9185 train_acc=15.07% val_acc=13.26% best=13.60% lr=0.00044964115 time=12.2s avg_epoch=13.1s est_planned=1h 05m 42s
[VANILLA][ours_current_b64][064/300] loss=3.9199 train_acc=15.14% val_acc=14.05% best=14.05% lr=0.00044806337 time=12.7s avg_epoch=13.1s est_planned=1h 05m 40s saved_best
[VANILLA][ours_current_b64][065/300] loss=3.9388 train_acc=15.34% val_acc=13.43% best=14.05% lr=0.00044646413 time=12.3s avg_epoch=13.1s est_planned=1h 05m 36s
[VANILLA][ours_current_b64][066/300] loss=3.8772 train_acc=15.83% val_acc=13.89% best=14.05% lr=0.00044484363 time=13.9s avg_epoch=13.1s est_planned=1h 05m 40s
[VANILLA][ours_current_b64][067/300] loss=3.8769 train_acc=16.33% val_acc=14.15% best=14.15% lr=0.00044320203 time=13.3s avg_epoch=13.1s est_planned=1h 05m 40s saved_best
[VANILLA][ours_current_b64][068/300] loss=3.8418 train_acc=16.82% val_acc=13.53% best=14.15% lr=0.00044153952 time=14.7s avg_epoch=13.2s est_planned=1h 05m 47s
[VANILLA][ours_current_b64][069/300] loss=3.7966 train_acc=17.24% val_acc=13.81% best=14.15% lr=0.00043985628 time=14.0s avg_epoch=13.2s est_planned=1h 05m 51s
[VANILLA][ours_current_b64][070/300] loss=3.8102 train_acc=16.48% val_acc=14.60% best=14.60% lr=0.00043815249 time=14.7s avg_epoch=13.2s est_planned=1h 05m 58s saved_best
[VANILLA][ours_current_b64][071/300] loss=3.7830 train_acc=17.73% val_acc=14.10% best=14.60% lr=0.00043642834 time=12.3s avg_epoch=13.2s est_planned=1h 05m 54s
[VANILLA][ours_current_b64][072/300] loss=3.7608 train_acc=18.20% val_acc=14.22% best=14.60% lr=0.00043468403 time=11.7s avg_epoch=13.2s est_planned=1h 05m 48s
[VANILLA][ours_current_b64][073/300] loss=3.7594 train_acc=18.46% val_acc=13.91% best=14.60% lr=0.00043291974 time=11.6s avg_epoch=13.1s est_planned=1h 05m 42s
[VANILLA][ours_current_b64][074/300] loss=3.7276 train_acc=18.08% val_acc=14.67% best=14.67% lr=0.00043113566 time=12.4s avg_epoch=13.1s est_planned=1h 05m 39s saved_best
[VANILLA][ours_current_b64][075/300] loss=3.6942 train_acc=19.29% val_acc=14.41% best=14.67% lr=0.00042933199 time=12.4s avg_epoch=13.1s est_planned=1h 05m 36s
[VANILLA][ours_current_b64][076/300] loss=3.6960 train_acc=18.80% val_acc=15.52% best=15.52% lr=0.00042750893 time=12.4s avg_epoch=13.1s est_planned=1h 05m 33s saved_best
[VANILLA][ours_current_b64][077/300] loss=3.6713 train_acc=19.34% val_acc=14.65% best=15.52% lr=0.00042566668 time=12.4s avg_epoch=13.1s est_planned=1h 05m 30s
[VANILLA][ours_current_b64][078/300] loss=3.6537 train_acc=19.44% val_acc=14.20% best=15.52% lr=0.00042380544 time=14.0s avg_epoch=13.1s est_planned=1h 05m 33s
[VANILLA][ours_current_b64][079/300] loss=3.6310 train_acc=20.72% val_acc=14.79% best=15.52% lr=0.00042192541 time=13.8s avg_epoch=13.1s est_planned=1h 05m 36s
[VANILLA][ours_current_b64][080/300] loss=3.6280 train_acc=19.74% val_acc=14.83% best=15.52% lr=0.0004200268 time=12.2s avg_epoch=13.1s est_planned=1h 05m 33s
[VANILLA][ours_current_b64][081/300] loss=3.6293 train_acc=20.25% val_acc=15.55% best=15.55% lr=0.00041810983 time=14.0s avg_epoch=13.1s est_planned=1h 05m 36s saved_best
[VANILLA][ours_current_b64][082/300] loss=3.5741 train_acc=20.41% val_acc=14.96% best=15.55% lr=0.00041617469 time=13.9s avg_epoch=13.1s est_planned=1h 05m 39s
[VANILLA][ours_current_b64][083/300] loss=3.5457 train_acc=21.89% val_acc=15.27% best=15.55% lr=0.0004142216 time=13.8s avg_epoch=13.1s est_planned=1h 05m 41s
[VANILLA][ours_current_b64][084/300] loss=3.5247 train_acc=22.75% val_acc=14.86% best=15.55% lr=0.00041225078 time=12.4s avg_epoch=13.1s est_planned=1h 05m 38s
[VANILLA][ours_current_b64][085/300] loss=3.5169 train_acc=22.23% val_acc=15.26% best=15.55% lr=0.00041026244 time=12.8s avg_epoch=13.1s est_planned=1h 05m 37s
[VANILLA][ours_current_b64][086/300] loss=3.4824 train_acc=22.63% val_acc=14.52% best=15.55% lr=0.0004082568 time=14.5s avg_epoch=13.1s est_planned=1h 05m 42s
[VANILLA][ours_current_b64][087/300] loss=3.5065 train_acc=22.58% val_acc=15.69% best=15.69% lr=0.00040623408 time=14.1s avg_epoch=13.2s est_planned=1h 05m 45s saved_best
[VANILLA][ours_current_b64][088/300] loss=3.4748 train_acc=23.35% val_acc=15.29% best=15.69% lr=0.0004041945 time=13.0s avg_epoch=13.1s est_planned=1h 05m 45s
[VANILLA][ours_current_b64][089/300] loss=3.4433 train_acc=23.84% val_acc=15.74% best=15.74% lr=0.00040213828 time=11.7s avg_epoch=13.1s est_planned=1h 05m 40s saved_best
[VANILLA][ours_current_b64][090/300] loss=3.3906 train_acc=24.55% val_acc=15.26% best=15.74% lr=0.00040006566 time=11.9s avg_epoch=13.1s est_planned=1h 05m 36s
[VANILLA][ours_current_b64][091/300] loss=3.4096 train_acc=24.58% val_acc=15.33% best=15.74% lr=0.00039797685 time=12.1s avg_epoch=13.1s est_planned=1h 05m 32s
[VANILLA][ours_current_b64][092/300] loss=3.3834 train_acc=25.50% val_acc=15.50% best=15.74% lr=0.00039587209 time=11.8s avg_epoch=13.1s est_planned=1h 05m 28s
[VANILLA][ours_current_b64][093/300] loss=3.3585 train_acc=25.17% val_acc=16.34% best=16.34% lr=0.00039375161 time=11.5s avg_epoch=13.1s est_planned=1h 05m 23s saved_best
[VANILLA][ours_current_b64][094/300] loss=3.2806 train_acc=27.17% val_acc=15.31% best=16.34% lr=0.00039161564 time=12.4s avg_epoch=13.1s est_planned=1h 05m 21s
[VANILLA][ours_current_b64][095/300] loss=3.2989 train_acc=26.97% val_acc=16.02% best=16.34% lr=0.00038946441 time=12.9s avg_epoch=13.1s est_planned=1h 05m 20s
[VANILLA][ours_current_b64][096/300] loss=3.2973 train_acc=27.03% val_acc=15.62% best=16.34% lr=0.00038729816 time=12.4s avg_epoch=13.1s est_planned=1h 05m 18s
[VANILLA][ours_current_b64][097/300] loss=3.2631 train_acc=27.87% val_acc=16.40% best=16.40% lr=0.00038511713 time=12.4s avg_epoch=13.1s est_planned=1h 05m 16s saved_best
[VANILLA][ours_current_b64][098/300] loss=3.1845 train_acc=29.25% val_acc=16.28% best=16.40% lr=0.00038292156 time=12.4s avg_epoch=13.0s est_planned=1h 05m 14s
[VANILLA][ours_current_b64][099/300] loss=3.2008 train_acc=28.90% val_acc=15.84% best=16.40% lr=0.00038071168 time=12.5s avg_epoch=13.0s est_planned=1h 05m 12s
[VANILLA][ours_current_b64][100/300] loss=3.2171 train_acc=28.49% val_acc=15.86% best=16.40% lr=0.00037848775 time=14.0s avg_epoch=13.1s est_planned=1h 05m 15s
[VANILLA][ours_current_b64][101/300] loss=3.1533 train_acc=29.69% val_acc=15.84% best=16.40% lr=0.00037625 time=14.2s avg_epoch=13.1s est_planned=1h 05m 19s
[VANILLA][ours_current_b64][102/300] loss=3.1299 train_acc=30.43% val_acc=15.21% best=16.40% lr=0.00037399868 time=12.7s avg_epoch=13.1s est_planned=1h 05m 18s
[VANILLA][ours_current_b64][103/300] loss=3.1009 train_acc=31.07% val_acc=15.55% best=16.40% lr=0.00037173403 time=13.0s avg_epoch=13.1s est_planned=1h 05m 18s
[VANILLA][ours_current_b64][104/300] loss=3.1218 train_acc=30.38% val_acc=15.98% best=16.40% lr=0.00036945631 time=12.4s avg_epoch=13.1s est_planned=1h 05m 16s
[VANILLA][ours_current_b64][105/300] loss=3.0945 train_acc=30.83% val_acc=16.05% best=16.40% lr=0.00036716577 time=12.8s avg_epoch=13.1s est_planned=1h 05m 15s
[VANILLA][ours_current_b64][106/300] loss=3.1020 train_acc=31.49% val_acc=16.03% best=16.40% lr=0.00036486265 time=12.6s avg_epoch=13.0s est_planned=1h 05m 14s
[VANILLA][ours_current_b64][107/300] loss=3.0452 train_acc=32.31% val_acc=16.57% best=16.57% lr=0.00036254721 time=14.0s avg_epoch=13.1s est_planned=1h 05m 17s saved_best
[VANILLA][ours_current_b64][108/300] loss=3.0576 train_acc=32.12% val_acc=16.28% best=16.57% lr=0.0003602197 time=13.1s avg_epoch=13.1s est_planned=1h 05m 17s
[VANILLA][ours_current_b64][109/300] loss=2.9638 train_acc=34.53% val_acc=15.76% best=16.57% lr=0.00035788037 time=12.1s avg_epoch=13.0s est_planned=1h 05m 14s
[VANILLA][ours_current_b64][110/300] loss=2.9393 train_acc=34.83% val_acc=16.05% best=16.57% lr=0.0003555295 time=11.7s avg_epoch=13.0s est_planned=1h 05m 10s
[VANILLA][ours_current_b64][111/300] loss=2.9213 train_acc=34.49% val_acc=15.59% best=16.57% lr=0.00035316732 time=11.7s avg_epoch=13.0s est_planned=1h 05m 07s
[VANILLA][ours_current_b64][112/300] loss=2.9352 train_acc=35.45% val_acc=16.21% best=16.57% lr=0.0003507941 time=12.7s avg_epoch=13.0s est_planned=1h 05m 06s
[VANILLA][ours_current_b64][113/300] loss=2.9031 train_acc=35.65% val_acc=16.38% best=16.57% lr=0.00034841011 time=13.0s avg_epoch=13.0s est_planned=1h 05m 06s
[VANILLA][ours_current_b64][114/300] loss=2.8984 train_acc=36.06% val_acc=15.76% best=16.57% lr=0.00034601559 time=11.6s avg_epoch=13.0s est_planned=1h 05m 02s
[VANILLA][ours_current_b64][115/300] loss=2.8535 train_acc=37.30% val_acc=15.33% best=16.57% lr=0.00034361083 time=14.0s avg_epoch=13.0s est_planned=1h 05m 05s
[VANILLA][ours_current_b64][116/300] loss=2.8982 train_acc=35.15% val_acc=15.88% best=16.57% lr=0.00034119607 time=12.5s avg_epoch=13.0s est_planned=1h 05m 04s
[VANILLA][ours_current_b64][117/300] loss=2.8462 train_acc=37.00% val_acc=15.64% best=16.57% lr=0.00033877158 time=11.6s avg_epoch=13.0s est_planned=1h 05m 00s
[VANILLA][ours_current_b64][118/300] loss=2.7913 train_acc=38.14% val_acc=16.10% best=16.57% lr=0.00033633764 time=11.6s avg_epoch=13.0s est_planned=1h 04m 56s
[VANILLA][ours_current_b64][119/300] loss=2.7882 train_acc=38.36% val_acc=15.72% best=16.57% lr=0.0003338945 time=12.8s avg_epoch=13.0s est_planned=1h 04m 56s
[VANILLA][ours_current_b64][120/300] loss=2.7447 train_acc=38.78% val_acc=15.86% best=16.57% lr=0.00033144243 time=11.6s avg_epoch=13.0s est_planned=1h 04m 52s
[VANILLA][ours_current_b64][121/300] loss=2.7651 train_acc=38.34% val_acc=15.67% best=16.57% lr=0.00032898171 time=12.4s avg_epoch=13.0s est_planned=1h 04m 51s
[VANILLA][ours_current_b64][122/300] loss=2.7202 train_acc=40.32% val_acc=14.65% best=16.57% lr=0.0003265126 time=13.1s avg_epoch=13.0s est_planned=1h 04m 51s
[VANILLA][ours_current_b64][123/300] loss=2.7224 train_acc=40.49% val_acc=15.64% best=16.57% lr=0.00032403537 time=11.6s avg_epoch=13.0s est_planned=1h 04m 48s
[VANILLA][ours_current_b64][124/300] loss=2.7247 train_acc=39.63% val_acc=15.91% best=16.57% lr=0.0003215503 time=13.3s avg_epoch=13.0s est_planned=1h 04m 49s
[VANILLA][ours_current_b64][125/300] loss=2.6612 train_acc=40.98% val_acc=16.09% best=16.57% lr=0.00031905766 time=13.8s avg_epoch=13.0s est_planned=1h 04m 51s
[VANILLA][ours_current_b64][126/300] loss=2.7006 train_acc=40.73% val_acc=16.24% best=16.57% lr=0.00031655771 time=13.2s avg_epoch=13.0s est_planned=1h 04m 51s
[VANILLA][ours_current_b64][127/300] loss=2.6707 train_acc=40.71% val_acc=16.50% best=16.57% lr=0.00031405075 time=13.1s avg_epoch=13.0s est_planned=1h 04m 52s
[VANILLA][ours_current_b64][128/300] loss=2.5978 train_acc=42.29% val_acc=16.72% best=16.72% lr=0.00031153703 time=12.4s avg_epoch=13.0s est_planned=1h 04m 50s saved_best
[VANILLA][ours_current_b64][129/300] loss=2.6261 train_acc=41.87% val_acc=16.29% best=16.72% lr=0.00030901684 time=12.8s avg_epoch=13.0s est_planned=1h 04m 50s
[VANILLA][ours_current_b64][130/300] loss=2.6001 train_acc=42.52% val_acc=16.29% best=16.72% lr=0.00030649045 time=13.7s avg_epoch=13.0s est_planned=1h 04m 51s
[VANILLA][ours_current_b64][131/300] loss=2.5744 train_acc=43.18% val_acc=16.34% best=16.72% lr=0.00030395814 time=12.9s avg_epoch=13.0s est_planned=1h 04m 51s
[VANILLA][ours_current_b64][132/300] loss=2.5659 train_acc=43.60% val_acc=16.03% best=16.72% lr=0.00030142019 time=13.0s avg_epoch=13.0s est_planned=1h 04m 51s
[VANILLA][ours_current_b64][133/300] loss=2.5690 train_acc=43.36% val_acc=15.88% best=16.72% lr=0.00029887688 time=12.9s avg_epoch=13.0s est_planned=1h 04m 51s
[VANILLA][ours_current_b64][134/300] loss=2.5162 train_acc=44.25% val_acc=15.10% best=16.72% lr=0.00029632847 time=12.4s avg_epoch=13.0s est_planned=1h 04m 50s
[VANILLA][ours_current_b64][135/300] loss=2.4942 train_acc=44.83% val_acc=16.22% best=16.72% lr=0.00029377526 time=12.8s avg_epoch=13.0s est_planned=1h 04m 50s
[VANILLA][ours_current_b64][136/300] loss=2.4767 train_acc=46.07% val_acc=15.84% best=16.72% lr=0.00029121753 time=13.6s avg_epoch=13.0s est_planned=1h 04m 51s
[VANILLA][ours_current_b64][137/300] loss=2.4346 train_acc=46.15% val_acc=16.47% best=16.72% lr=0.00028865555 time=12.9s avg_epoch=13.0s est_planned=1h 04m 51s
[VANILLA][ours_current_b64][138/300] loss=2.4728 train_acc=45.68% val_acc=15.81% best=16.72% lr=0.0002860896 time=14.2s avg_epoch=13.0s est_planned=1h 04m 53s
[VANILLA][ours_current_b64][139/300] loss=2.4234 train_acc=46.82% val_acc=16.09% best=16.72% lr=0.00028351998 time=14.8s avg_epoch=13.0s est_planned=1h 04m 57s
[VANILLA][ours_current_b64][140/300] loss=2.4176 train_acc=46.49% val_acc=15.53% best=16.72% lr=0.00028094694 time=11.8s avg_epoch=13.0s est_planned=1h 04m 55s
[VANILLA][ours_current_b64][141/300] loss=2.3981 train_acc=46.88% val_acc=15.72% best=16.72% lr=0.00027837079 time=13.2s avg_epoch=13.0s est_planned=1h 04m 55s
[VANILLA][ours_current_b64][142/300] loss=2.4294 train_acc=46.27% val_acc=15.38% best=16.72% lr=0.00027579181 time=11.6s avg_epoch=13.0s est_planned=1h 04m 52s
[VANILLA][ours_current_b64][143/300] loss=2.4067 train_acc=47.70% val_acc=15.86% best=16.72% lr=0.00027321027 time=12.4s avg_epoch=13.0s est_planned=1h 04m 51s
[VANILLA][ours_current_b64][144/300] loss=2.3561 train_acc=48.42% val_acc=15.95% best=16.72% lr=0.00027062645 time=12.6s avg_epoch=13.0s est_planned=1h 04m 50s
[VANILLA][ours_current_b64][145/300] loss=2.3242 train_acc=48.89% val_acc=14.83% best=16.72% lr=0.00026804065 time=14.8s avg_epoch=13.0s est_planned=1h 04m 54s
[VANILLA][ours_current_b64][146/300] loss=2.3397 train_acc=48.40% val_acc=15.91% best=16.72% lr=0.00026545315 time=14.7s avg_epoch=13.0s est_planned=1h 04m 58s
[VANILLA][ours_current_b64][147/300] loss=2.3134 train_acc=49.58% val_acc=16.12% best=16.72% lr=0.00026286422 time=11.6s avg_epoch=13.0s est_planned=1h 04m 55s
[VANILLA][ours_current_b64][148/300] loss=2.3167 train_acc=48.59% val_acc=15.74% best=16.72% lr=0.00026027416 time=11.5s avg_epoch=13.0s est_planned=1h 04m 52s
[VANILLA][ours_current_b64][149/300] loss=2.3340 train_acc=48.44% val_acc=16.28% best=16.72% lr=0.00025768325 time=12.4s avg_epoch=13.0s est_planned=1h 04m 50s
[VANILLA][ours_current_b64][150/300] loss=2.3465 train_acc=48.22% val_acc=16.26% best=16.72% lr=0.00025509177 time=12.4s avg_epoch=13.0s est_planned=1h 04m 49s
[VANILLA][ours_current_b64][151/300] loss=2.2524 train_acc=49.51% val_acc=16.09% best=16.72% lr=0.0002525 time=12.5s avg_epoch=13.0s est_planned=1h 04m 48s
[VANILLA][ours_current_b64][152/300] loss=2.2861 train_acc=49.73% val_acc=15.52% best=16.72% lr=0.00024990823 time=13.8s avg_epoch=13.0s est_planned=1h 04m 50s
[VANILLA][ours_current_b64][153/300] loss=2.2381 train_acc=50.37% val_acc=15.65% best=16.72% lr=0.00024731675 time=14.0s avg_epoch=13.0s est_planned=1h 04m 52s
[VANILLA][ours_current_b64][154/300] loss=2.2112 train_acc=51.24% val_acc=16.57% best=16.72% lr=0.00024472584 time=13.2s avg_epoch=13.0s est_planned=1h 04m 52s
[VANILLA][ours_current_b64][155/300] loss=2.2350 train_acc=50.71% val_acc=16.05% best=16.72% lr=0.00024213578 time=13.2s avg_epoch=13.0s est_planned=1h 04m 53s
[VANILLA][ours_current_b64][156/300] loss=2.2807 train_acc=49.55% val_acc=16.15% best=16.72% lr=0.00023954685 time=15.2s avg_epoch=13.0s est_planned=1h 04m 57s
[VANILLA][ours_current_b64][157/300] loss=2.1990 train_acc=50.72% val_acc=15.84% best=16.72% lr=0.00023695935 time=12.7s avg_epoch=13.0s est_planned=1h 04m 56s
[VANILLA][ours_current_b64][158/300] loss=2.2580 train_acc=50.52% val_acc=16.02% best=16.72% lr=0.00023437355 time=11.6s avg_epoch=13.0s est_planned=1h 04m 54s
[VANILLA][ours_current_b64][159/300] loss=2.2102 train_acc=51.26% val_acc=15.43% best=16.72% lr=0.00023178973 time=13.2s avg_epoch=13.0s est_planned=1h 04m 54s
[VANILLA][ours_current_b64][160/300] loss=2.2101 train_acc=51.11% val_acc=15.59% best=16.72% lr=0.00022920819 time=11.7s avg_epoch=13.0s est_planned=1h 04m 52s
[VANILLA][ours_current_b64][161/300] loss=2.1625 train_acc=51.70% val_acc=15.84% best=16.72% lr=0.00022662921 time=13.0s avg_epoch=13.0s est_planned=1h 04m 52s
[VANILLA][ours_current_b64][162/300] loss=2.1792 train_acc=51.50% val_acc=15.88% best=16.72% lr=0.00022405306 time=13.9s avg_epoch=13.0s est_planned=1h 04m 53s
[VANILLA][ours_current_b64][163/300] loss=2.1691 train_acc=51.71% val_acc=15.67% best=16.72% lr=0.00022148002 time=13.1s avg_epoch=13.0s est_planned=1h 04m 54s
[VANILLA][ours_current_b64][164/300] loss=2.1244 train_acc=53.21% val_acc=16.17% best=16.72% lr=0.0002189104 time=14.0s avg_epoch=13.0s est_planned=1h 04m 55s
[VANILLA][ours_current_b64][165/300] loss=2.1505 train_acc=52.20% val_acc=16.86% best=16.86% lr=0.00021634445 time=13.3s avg_epoch=13.0s est_planned=1h 04m 56s saved_best
[VANILLA][ours_current_b64][166/300] loss=2.1066 train_acc=52.91% val_acc=16.31% best=16.86% lr=0.00021378247 time=13.2s avg_epoch=13.0s est_planned=1h 04m 56s
[VANILLA][ours_current_b64][167/300] loss=2.0971 train_acc=53.49% val_acc=15.36% best=16.86% lr=0.00021122474 time=12.4s avg_epoch=13.0s est_planned=1h 04m 55s
[VANILLA][ours_current_b64][168/300] loss=2.1382 train_acc=53.02% val_acc=15.77% best=16.86% lr=0.00020867153 time=14.0s avg_epoch=13.0s est_planned=1h 04m 57s
[VANILLA][ours_current_b64][169/300] loss=2.0859 train_acc=53.24% val_acc=15.71% best=16.86% lr=0.00020612312 time=13.2s avg_epoch=13.0s est_planned=1h 04m 57s
[VANILLA][ours_current_b64][170/300] loss=2.0957 train_acc=53.24% val_acc=15.98% best=16.86% lr=0.00020357981 time=13.0s avg_epoch=13.0s est_planned=1h 04m 57s
[VANILLA][ours_current_b64][171/300] loss=2.0652 train_acc=54.74% val_acc=15.74% best=16.86% lr=0.00020104186 time=12.4s avg_epoch=13.0s est_planned=1h 04m 56s
[VANILLA][ours_current_b64][172/300] loss=2.1286 train_acc=53.01% val_acc=15.60% best=16.86% lr=0.00019850955 time=13.8s avg_epoch=13.0s est_planned=1h 04m 58s
[VANILLA][ours_current_b64][173/300] loss=2.0177 train_acc=54.39% val_acc=15.64% best=16.86% lr=0.00019598316 time=12.8s avg_epoch=13.0s est_planned=1h 04m 57s
[VANILLA][ours_current_b64][174/300] loss=2.0403 train_acc=55.68% val_acc=16.02% best=16.86% lr=0.00019346297 time=13.7s avg_epoch=13.0s est_planned=1h 04m 59s
[VANILLA][ours_current_b64][175/300] loss=2.0109 train_acc=54.89% val_acc=15.50% best=16.86% lr=0.00019094925 time=13.8s avg_epoch=13.0s est_planned=1h 05m 00s
[VANILLA][ours_current_b64][176/300] loss=2.0020 train_acc=55.54% val_acc=15.40% best=16.86% lr=0.00018844229 time=12.5s avg_epoch=13.0s est_planned=1h 04m 59s
[VANILLA][ours_current_b64][177/300] loss=1.9995 train_acc=56.08% val_acc=15.90% best=16.86% lr=0.00018594234 time=12.4s avg_epoch=13.0s est_planned=1h 04m 58s
[VANILLA][ours_current_b64][178/300] loss=2.0159 train_acc=55.24% val_acc=16.12% best=16.86% lr=0.0001834497 time=11.7s avg_epoch=13.0s est_planned=1h 04m 56s
[VANILLA][ours_current_b64][179/300] loss=2.0636 train_acc=54.07% val_acc=16.47% best=16.86% lr=0.00018096463 time=13.8s avg_epoch=13.0s est_planned=1h 04m 57s
[VANILLA][ours_current_b64][180/300] loss=2.0198 train_acc=54.64% val_acc=15.74% best=16.86% lr=0.0001784874 time=13.7s avg_epoch=13.0s est_planned=1h 04m 58s
[VANILLA][ours_current_b64][181/300] loss=2.0050 train_acc=55.14% val_acc=15.98% best=16.86% lr=0.00017601829 time=13.7s avg_epoch=13.0s est_planned=1h 05m 00s
[VANILLA][ours_current_b64][182/300] loss=1.9713 train_acc=56.18% val_acc=15.65% best=16.86% lr=0.00017355757 time=13.2s avg_epoch=13.0s est_planned=1h 05m 00s
[VANILLA][ours_current_b64][183/300] loss=1.9919 train_acc=56.00% val_acc=16.09% best=16.86% lr=0.0001711055 time=11.6s avg_epoch=13.0s est_planned=1h 04m 58s
[VANILLA][ours_current_b64][184/300] loss=1.8938 train_acc=57.64% val_acc=16.34% best=16.86% lr=0.00016866236 time=11.6s avg_epoch=13.0s est_planned=1h 04m 55s
[VANILLA][ours_current_b64][185/300] loss=1.9670 train_acc=56.25% val_acc=16.33% best=16.86% lr=0.00016622842 time=11.6s avg_epoch=13.0s est_planned=1h 04m 53s
[VANILLA][ours_current_b64][186/300] loss=1.9559 train_acc=56.54% val_acc=15.77% best=16.86% lr=0.00016380393 time=11.6s avg_epoch=13.0s est_planned=1h 04m 51s
[VANILLA][ours_current_b64][187/300] loss=1.8999 train_acc=58.08% val_acc=15.71% best=16.86% lr=0.00016138917 time=13.0s avg_epoch=13.0s est_planned=1h 04m 51s
[VANILLA][ours_current_b64][188/300] loss=1.8953 train_acc=57.29% val_acc=15.88% best=16.86% lr=0.00015898441 time=12.4s avg_epoch=13.0s est_planned=1h 04m 50s
[VANILLA][ours_current_b64][189/300] loss=1.9245 train_acc=56.89% val_acc=16.19% best=16.86% lr=0.00015658989 time=12.4s avg_epoch=13.0s est_planned=1h 04m 49s
[VANILLA][ours_current_b64][190/300] loss=1.8862 train_acc=57.81% val_acc=16.05% best=16.86% lr=0.0001542059 time=12.7s avg_epoch=13.0s est_planned=1h 04m 49s
[VANILLA][ours_current_b64][191/300] loss=1.9037 train_acc=57.39% val_acc=16.57% best=16.86% lr=0.00015183268 time=13.2s avg_epoch=13.0s est_planned=1h 04m 49s
[VANILLA][ours_current_b64][192/300] loss=1.9095 train_acc=57.12% val_acc=15.90% best=16.86% lr=0.0001494705 time=12.6s avg_epoch=13.0s est_planned=1h 04m 48s
[VANILLA][ours_current_b64][193/300] loss=1.8473 train_acc=58.59% val_acc=15.93% best=16.86% lr=0.00014711963 time=11.8s avg_epoch=13.0s est_planned=1h 04m 47s
[VANILLA][ours_current_b64][194/300] loss=1.8781 train_acc=58.13% val_acc=15.26% best=16.86% lr=0.0001447803 time=12.7s avg_epoch=13.0s est_planned=1h 04m 46s
[VANILLA][ours_current_b64][195/300] loss=1.8556 train_acc=58.75% val_acc=15.83% best=16.86% lr=0.00014245279 time=14.1s avg_epoch=13.0s est_planned=1h 04m 48s
[VANILLA][ours_current_b64][196/300] loss=1.8542 train_acc=58.69% val_acc=15.65% best=16.86% lr=0.00014013735 time=13.8s avg_epoch=13.0s est_planned=1h 04m 49s
[VANILLA][ours_current_b64][197/300] loss=1.8661 train_acc=58.06% val_acc=16.28% best=16.86% lr=0.00013783423 time=12.4s avg_epoch=13.0s est_planned=1h 04m 48s
[VANILLA][ours_current_b64][198/300] loss=1.8574 train_acc=58.57% val_acc=15.96% best=16.86% lr=0.00013554369 time=14.0s avg_epoch=13.0s est_planned=1h 04m 50s
[VANILLA][ours_current_b64][199/300] loss=1.8415 train_acc=59.14% val_acc=16.36% best=16.86% lr=0.00013326597 time=15.2s avg_epoch=13.0s est_planned=1h 04m 53s
[VANILLA][ours_current_b64][200/300] loss=1.7825 train_acc=59.68% val_acc=15.79% best=16.86% lr=0.00013100132 time=14.8s avg_epoch=13.0s est_planned=1h 04m 56s
[VANILLA][ours_current_b64][201/300] loss=1.8242 train_acc=59.58% val_acc=15.95% best=16.86% lr=0.00012875 time=13.4s avg_epoch=13.0s est_planned=1h 04m 57s
[VANILLA][ours_current_b64][202/300] loss=1.8180 train_acc=59.19% val_acc=15.88% best=16.86% lr=0.00012651225 time=13.6s avg_epoch=13.0s est_planned=1h 04m 58s
[VANILLA][ours_current_b64][203/300] loss=1.7996 train_acc=59.74% val_acc=15.77% best=16.86% lr=0.00012428832 time=13.4s avg_epoch=13.0s est_planned=1h 04m 58s
[VANILLA][ours_current_b64][204/300] loss=1.8251 train_acc=59.19% val_acc=16.09% best=16.86% lr=0.00012207844 time=12.0s avg_epoch=13.0s est_planned=1h 04m 57s
[VANILLA][ours_current_b64][205/300] loss=1.7909 train_acc=60.05% val_acc=15.93% best=16.86% lr=0.00011988287 time=11.5s avg_epoch=13.0s est_planned=1h 04m 54s
[VANILLA][ours_current_b64][206/300] loss=1.8299 train_acc=59.14% val_acc=16.10% best=16.86% lr=0.00011770184 time=12.3s avg_epoch=13.0s est_planned=1h 04m 53s
[VANILLA][ours_current_b64][207/300] loss=1.7796 train_acc=60.58% val_acc=15.91% best=16.86% lr=0.00011553559 time=15.1s avg_epoch=13.0s est_planned=1h 04m 56s
[VANILLA][ours_current_b64][208/300] loss=1.8031 train_acc=59.66% val_acc=16.38% best=16.86% lr=0.00011338436 time=14.9s avg_epoch=13.0s est_planned=1h 04m 59s
[VANILLA][ours_current_b64][209/300] loss=1.7289 train_acc=60.55% val_acc=16.47% best=16.86% lr=0.00011124839 time=13.2s avg_epoch=13.0s est_planned=1h 05m 00s
[VANILLA][ours_current_b64][210/300] loss=1.7857 train_acc=59.66% val_acc=16.03% best=16.86% lr=0.00010912791 time=12.4s avg_epoch=13.0s est_planned=1h 04m 59s
[VANILLA][ours_current_b64][211/300] loss=1.7541 train_acc=61.14% val_acc=16.03% best=16.86% lr=0.00010702315 time=12.3s avg_epoch=13.0s est_planned=1h 04m 58s
[VANILLA][ours_current_b64][212/300] loss=1.7625 train_acc=60.25% val_acc=16.22% best=16.86% lr=0.00010493434 time=12.4s avg_epoch=13.0s est_planned=1h 04m 57s
[VANILLA][ours_current_b64][213/300] loss=1.7547 train_acc=60.60% val_acc=15.91% best=16.86% lr=0.00010286172 time=13.1s avg_epoch=13.0s est_planned=1h 04m 57s
[VANILLA][ours_current_b64][214/300] loss=1.7607 train_acc=60.74% val_acc=16.09% best=16.86% lr=0.0001008055 time=11.8s avg_epoch=13.0s est_planned=1h 04m 55s
[VANILLA][ours_current_b64][215/300] loss=1.7648 train_acc=60.33% val_acc=15.81% best=16.86% lr=9.8765924e-05 time=12.1s avg_epoch=13.0s est_planned=1h 04m 54s
[VANILLA][ours_current_b64][216/300] loss=1.7244 train_acc=61.46% val_acc=16.00% best=16.86% lr=9.6743203e-05 time=13.1s avg_epoch=13.0s est_planned=1h 04m 54s
[VANILLA][ours_current_b64][217/300] loss=1.7366 train_acc=61.21% val_acc=15.86% best=16.86% lr=9.4737563e-05 time=11.5s avg_epoch=13.0s est_planned=1h 04m 52s
[VANILLA][ours_current_b64][218/300] loss=1.7345 train_acc=61.46% val_acc=15.88% best=16.86% lr=9.2749222e-05 time=11.6s avg_epoch=13.0s est_planned=1h 04m 50s
[VANILLA][ours_current_b64][219/300] loss=1.7089 train_acc=61.63% val_acc=16.28% best=16.86% lr=9.0778401e-05 time=12.4s avg_epoch=13.0s est_planned=1h 04m 50s
[VANILLA][ours_current_b64][220/300] loss=1.7011 train_acc=61.29% val_acc=15.33% best=16.86% lr=8.8825313e-05 time=12.4s avg_epoch=13.0s est_planned=1h 04m 49s
[VANILLA][ours_current_b64][221/300] loss=1.6878 train_acc=61.98% val_acc=16.41% best=16.86% lr=8.6890175e-05 time=13.0s avg_epoch=13.0s est_planned=1h 04m 49s
[VANILLA][ours_current_b64][222/300] loss=1.7600 train_acc=60.43% val_acc=16.22% best=16.86% lr=8.4973198e-05 time=11.6s avg_epoch=13.0s est_planned=1h 04m 47s
[VANILLA][ours_current_b64][223/300] loss=1.7229 train_acc=61.07% val_acc=15.96% best=16.86% lr=8.3074591e-05 time=11.7s avg_epoch=13.0s est_planned=1h 04m 45s
[VANILLA][ours_current_b64][224/300] loss=1.6780 train_acc=62.55% val_acc=16.00% best=16.86% lr=8.1194564e-05 time=11.6s avg_epoch=12.9s est_planned=1h 04m 44s
[VANILLA][ours_current_b64][225/300] loss=1.7286 train_acc=61.29% val_acc=15.90% best=16.86% lr=7.9333323e-05 time=11.6s avg_epoch=12.9s est_planned=1h 04m 42s
[VANILLA][ours_current_b64][226/300] loss=1.6617 train_acc=62.47% val_acc=15.81% best=16.86% lr=7.7491072e-05 time=13.5s avg_epoch=12.9s est_planned=1h 04m 43s
[VANILLA][ours_current_b64][227/300] loss=1.6726 train_acc=62.53% val_acc=15.79% best=16.86% lr=7.5668012e-05 time=12.4s avg_epoch=12.9s est_planned=1h 04m 42s
[VANILLA][ours_current_b64][228/300] loss=1.6732 train_acc=62.40% val_acc=15.93% best=16.86% lr=7.3864344e-05 time=13.5s avg_epoch=12.9s est_planned=1h 04m 43s
[VANILLA][ours_current_b64][229/300] loss=1.6636 train_acc=62.33% val_acc=15.79% best=16.86% lr=7.2080265e-05 time=14.1s avg_epoch=12.9s est_planned=1h 04m 44s
[VANILLA][ours_current_b64][230/300] loss=1.6356 train_acc=62.94% val_acc=15.96% best=16.86% lr=7.0315971e-05 time=13.9s avg_epoch=13.0s est_planned=1h 04m 45s
[VANILLA][ours_current_b64][231/300] loss=1.6442 train_acc=62.52% val_acc=15.52% best=16.86% lr=6.8571656e-05 time=12.8s avg_epoch=13.0s est_planned=1h 04m 45s
[VANILLA][ours_current_b64][232/300] loss=1.6314 train_acc=63.17% val_acc=15.59% best=16.86% lr=6.684751e-05 time=13.8s avg_epoch=13.0s est_planned=1h 04m 46s
[VANILLA][ours_current_b64][233/300] loss=1.6273 train_acc=62.89% val_acc=15.88% best=16.86% lr=6.5143724e-05 time=14.0s avg_epoch=13.0s est_planned=1h 04m 48s
[VANILLA][ours_current_b64][234/300] loss=1.6528 train_acc=62.70% val_acc=16.22% best=16.86% lr=6.3460483e-05 time=12.6s avg_epoch=13.0s est_planned=1h 04m 47s
[VANILLA][ours_current_b64][235/300] loss=1.6636 train_acc=62.18% val_acc=15.86% best=16.86% lr=6.1797972e-05 time=12.3s avg_epoch=13.0s est_planned=1h 04m 47s
[VANILLA][ours_current_b64][236/300] loss=1.5758 train_acc=64.25% val_acc=15.81% best=16.86% lr=6.0156375e-05 time=13.1s avg_epoch=13.0s est_planned=1h 04m 47s
[VANILLA][ours_current_b64][237/300] loss=1.6550 train_acc=62.28% val_acc=16.17% best=16.86% lr=5.8535869e-05 time=14.8s avg_epoch=13.0s est_planned=1h 04m 49s
[VANILLA][ours_current_b64][238/300] loss=1.6035 train_acc=63.73% val_acc=15.64% best=16.86% lr=5.6936634e-05 time=14.1s avg_epoch=13.0s est_planned=1h 04m 50s
[VANILLA][ours_current_b64][239/300] loss=1.6192 train_acc=62.79% val_acc=16.21% best=16.86% lr=5.5358845e-05 time=14.2s avg_epoch=13.0s est_planned=1h 04m 52s
[VANILLA][ours_current_b64][240/300] loss=1.6384 train_acc=63.52% val_acc=15.81% best=16.86% lr=5.3802675e-05 time=14.0s avg_epoch=13.0s est_planned=1h 04m 53s
[VANILLA][ours_current_b64][241/300] loss=1.6221 train_acc=64.06% val_acc=15.91% best=16.86% lr=5.2268294e-05 time=14.9s avg_epoch=13.0s est_planned=1h 04m 56s
[VANILLA][ours_current_b64][242/300] loss=1.6075 train_acc=63.74% val_acc=16.02% best=16.86% lr=5.0755871e-05 time=15.3s avg_epoch=13.0s est_planned=1h 04m 59s
[VANILLA][ours_current_b64][243/300] loss=1.6049 train_acc=64.11% val_acc=15.57% best=16.86% lr=4.9265571e-05 time=13.6s avg_epoch=13.0s est_planned=1h 04m 59s
[VANILLA][ours_current_b64][244/300] loss=1.6084 train_acc=63.47% val_acc=15.65% best=16.86% lr=4.7797558e-05 time=11.5s avg_epoch=13.0s est_planned=1h 04m 58s
[VANILLA][ours_current_b64][245/300] loss=1.6545 train_acc=63.42% val_acc=16.12% best=16.86% lr=4.6351993e-05 time=11.5s avg_epoch=13.0s est_planned=1h 04m 56s
[VANILLA][ours_current_b64][246/300] loss=1.6233 train_acc=63.54% val_acc=16.21% best=16.86% lr=4.4929034e-05 time=12.5s avg_epoch=13.0s est_planned=1h 04m 55s
[VANILLA][ours_current_b64][247/300] loss=1.6634 train_acc=62.99% val_acc=16.05% best=16.86% lr=4.3528838e-05 time=12.6s avg_epoch=13.0s est_planned=1h 04m 55s
[VANILLA][ours_current_b64][248/300] loss=1.5801 train_acc=64.30% val_acc=16.40% best=16.86% lr=4.2151558e-05 time=13.6s avg_epoch=13.0s est_planned=1h 04m 55s
[VANILLA][ours_current_b64][249/300] loss=1.5452 train_acc=65.00% val_acc=16.15% best=16.86% lr=4.0797346e-05 time=14.4s avg_epoch=13.0s est_planned=1h 04m 57s
[VANILLA][ours_current_b64][250/300] loss=1.5564 train_acc=64.87% val_acc=15.88% best=16.86% lr=3.9466348e-05 time=14.9s avg_epoch=13.0s est_planned=1h 04m 59s
[VANILLA][ours_current_b64][251/300] loss=1.5362 train_acc=65.52% val_acc=15.69% best=16.86% lr=3.8158713e-05 time=13.2s avg_epoch=13.0s est_planned=1h 05m 00s
[VANILLA][ours_current_b64][252/300] loss=1.6017 train_acc=63.93% val_acc=15.81% best=16.86% lr=3.6874582e-05 time=14.3s avg_epoch=13.0s est_planned=1h 05m 01s
[VANILLA][ours_current_b64][253/300] loss=1.5613 train_acc=64.57% val_acc=15.91% best=16.86% lr=3.5614097e-05 time=13.3s avg_epoch=13.0s est_planned=1h 05m 01s
[VANILLA][ours_current_b64][254/300] loss=1.5644 train_acc=64.38% val_acc=16.00% best=16.86% lr=3.4377396e-05 time=12.6s avg_epoch=13.0s est_planned=1h 05m 01s
[VANILLA][ours_current_b64][255/300] loss=1.5479 train_acc=65.32% val_acc=15.90% best=16.86% lr=3.3164614e-05 time=13.3s avg_epoch=13.0s est_planned=1h 05m 01s
[VANILLA][ours_current_b64][256/300] loss=1.5617 train_acc=65.56% val_acc=15.67% best=16.86% lr=3.1975885e-05 time=11.6s avg_epoch=13.0s est_planned=1h 05m 00s
[VANILLA][ours_current_b64][257/300] loss=1.5793 train_acc=64.68% val_acc=16.07% best=16.86% lr=3.0811339e-05 time=11.6s avg_epoch=13.0s est_planned=1h 04m 58s
[VANILLA][ours_current_b64][258/300] loss=1.5162 train_acc=65.39% val_acc=16.12% best=16.86% lr=2.9671104e-05 time=11.9s avg_epoch=13.0s est_planned=1h 04m 57s
[VANILLA][ours_current_b64][259/300] loss=1.5455 train_acc=64.95% val_acc=15.79% best=16.86% lr=2.8555305e-05 time=13.2s avg_epoch=13.0s est_planned=1h 04m 57s
[VANILLA][ours_current_b64][260/300] loss=1.5580 train_acc=64.87% val_acc=15.96% best=16.86% lr=2.7464063e-05 time=11.5s avg_epoch=13.0s est_planned=1h 04m 55s
[VANILLA][ours_current_b64][261/300] loss=1.5721 train_acc=65.17% val_acc=16.28% best=16.86% lr=2.6397499e-05 time=13.0s avg_epoch=13.0s est_planned=1h 04m 55s
[VANILLA][ours_current_b64][262/300] loss=1.5203 train_acc=65.39% val_acc=16.38% best=16.86% lr=2.535573e-05 time=12.9s avg_epoch=13.0s est_planned=1h 04m 55s
[VANILLA][ours_current_b64][263/300] loss=1.5340 train_acc=64.82% val_acc=16.24% best=16.86% lr=2.433887e-05 time=12.5s avg_epoch=13.0s est_planned=1h 04m 55s
[VANILLA][ours_current_b64][264/300] loss=1.5262 train_acc=65.57% val_acc=16.00% best=16.86% lr=2.334703e-05 time=13.2s avg_epoch=13.0s est_planned=1h 04m 55s
[VANILLA][ours_current_b64][265/300] loss=1.5802 train_acc=64.48% val_acc=16.17% best=16.86% lr=2.238032e-05 time=12.2s avg_epoch=13.0s est_planned=1h 04m 54s
[VANILLA][ours_current_b64][266/300] loss=1.5594 train_acc=64.68% val_acc=16.07% best=16.86% lr=2.1438844e-05 time=11.7s avg_epoch=13.0s est_planned=1h 04m 53s
[VANILLA][ours_current_b64][267/300] loss=1.5080 train_acc=66.01% val_acc=15.96% best=16.86% lr=2.0522708e-05 time=13.3s avg_epoch=13.0s est_planned=1h 04m 53s
[VANILLA][ours_current_b64][268/300] loss=1.4847 train_acc=66.62% val_acc=16.03% best=16.86% lr=1.963201e-05 time=12.4s avg_epoch=13.0s est_planned=1h 04m 52s
[VANILLA][ours_current_b64][269/300] loss=1.5595 train_acc=64.67% val_acc=15.95% best=16.86% lr=1.8766848e-05 time=12.4s avg_epoch=13.0s est_planned=1h 04m 52s
[VANILLA][ours_current_b64][270/300] loss=1.5687 train_acc=64.87% val_acc=16.28% best=16.86% lr=1.7927319e-05 time=11.6s avg_epoch=13.0s est_planned=1h 04m 50s
[VANILLA][ours_current_b64][271/300] loss=1.5049 train_acc=66.18% val_acc=16.07% best=16.86% lr=1.7113512e-05 time=12.8s avg_epoch=13.0s est_planned=1h 04m 50s
[VANILLA][ours_current_b64][272/300] loss=1.5267 train_acc=65.88% val_acc=15.95% best=16.86% lr=1.6325519e-05 time=11.9s avg_epoch=13.0s est_planned=1h 04m 49s
[VANILLA][ours_current_b64][273/300] loss=1.5180 train_acc=65.27% val_acc=16.17% best=16.86% lr=1.5563424e-05 time=12.8s avg_epoch=13.0s est_planned=1h 04m 49s
[VANILLA][ours_current_b64][274/300] loss=1.5082 train_acc=66.06% val_acc=16.24% best=16.86% lr=1.4827313e-05 time=13.0s avg_epoch=13.0s est_planned=1h 04m 49s
[VANILLA][ours_current_b64][275/300] loss=1.5081 train_acc=66.18% val_acc=16.14% best=16.86% lr=1.4117265e-05 time=11.5s avg_epoch=13.0s est_planned=1h 04m 47s
[VANILLA][ours_current_b64][276/300] loss=1.5036 train_acc=65.51% val_acc=16.22% best=16.86% lr=1.3433358e-05 time=12.3s avg_epoch=13.0s est_planned=1h 04m 46s
[VANILLA][ours_current_b64][277/300] loss=1.5056 train_acc=65.78% val_acc=16.29% best=16.86% lr=1.2775668e-05 time=13.8s avg_epoch=13.0s est_planned=1h 04m 47s
[VANILLA][ours_current_b64][278/300] loss=1.5387 train_acc=64.60% val_acc=16.21% best=16.86% lr=1.2144266e-05 time=12.5s avg_epoch=13.0s est_planned=1h 04m 47s
[VANILLA][ours_current_b64][279/300] loss=1.4740 train_acc=66.75% val_acc=16.22% best=16.86% lr=1.1539222e-05 time=11.6s avg_epoch=13.0s est_planned=1h 04m 45s
[VANILLA][ours_current_b64][280/300] loss=1.5110 train_acc=66.18% val_acc=15.91% best=16.86% lr=1.0960601e-05 time=11.5s avg_epoch=12.9s est_planned=1h 04m 44s
[VANILLA][ours_current_b64][281/300] loss=1.5058 train_acc=65.49% val_acc=16.07% best=16.86% lr=1.0408469e-05 time=12.3s avg_epoch=12.9s est_planned=1h 04m 43s
[VANILLA][ours_current_b64][282/300] loss=1.5229 train_acc=66.21% val_acc=16.22% best=16.86% lr=9.8828843e-06 time=14.0s avg_epoch=12.9s est_planned=1h 04m 44s
[VANILLA][ours_current_b64][283/300] loss=1.5033 train_acc=66.23% val_acc=16.07% best=16.86% lr=9.3839054e-06 time=12.5s avg_epoch=12.9s est_planned=1h 04m 44s
[VANILLA][ours_current_b64][284/300] loss=1.4832 train_acc=66.62% val_acc=15.96% best=16.86% lr=8.911587e-06 time=12.2s avg_epoch=12.9s est_planned=1h 04m 43s
[VANILLA][ours_current_b64][285/300] loss=1.5150 train_acc=65.69% val_acc=16.12% best=16.86% lr=8.4659808e-06 time=13.6s avg_epoch=12.9s est_planned=1h 04m 44s
[VANILLA][ours_current_b64][286/300] loss=1.5100 train_acc=65.51% val_acc=16.05% best=16.86% lr=8.0471357e-06 time=14.8s avg_epoch=13.0s est_planned=1h 04m 46s
[VANILLA][ours_current_b64][287/300] loss=1.5161 train_acc=65.37% val_acc=16.10% best=16.86% lr=7.6550976e-06 time=13.8s avg_epoch=13.0s est_planned=1h 04m 46s
[VANILLA][ours_current_b64][288/300] loss=1.4837 train_acc=66.41% val_acc=16.17% best=16.86% lr=7.2899095e-06 time=14.8s avg_epoch=13.0s est_planned=1h 04m 48s
[VANILLA][ours_current_b64][289/300] loss=1.5118 train_acc=65.79% val_acc=16.02% best=16.86% lr=6.9516114e-06 time=15.2s avg_epoch=13.0s est_planned=1h 04m 51s
[VANILLA][ours_current_b64][290/300] loss=1.4782 train_acc=66.87% val_acc=16.14% best=16.86% lr=6.6402405e-06 time=12.6s avg_epoch=13.0s est_planned=1h 04m 50s
[VANILLA][ours_current_b64][291/300] loss=1.5417 train_acc=64.84% val_acc=16.07% best=16.86% lr=6.3558309e-06 time=13.3s avg_epoch=13.0s est_planned=1h 04m 51s
[VANILLA][ours_current_b64][292/300] loss=1.4818 train_acc=66.65% val_acc=16.10% best=16.86% lr=6.0984138e-06 time=13.2s avg_epoch=13.0s est_planned=1h 04m 51s
[VANILLA][ours_current_b64][293/300] loss=1.4994 train_acc=66.08% val_acc=16.31% best=16.86% lr=5.8680173e-06 time=12.4s avg_epoch=13.0s est_planned=1h 04m 50s
[VANILLA][ours_current_b64][294/300] loss=1.4990 train_acc=65.54% val_acc=16.24% best=16.86% lr=5.6646669e-06 time=11.6s avg_epoch=13.0s est_planned=1h 04m 49s
[VANILLA][ours_current_b64][295/300] loss=1.4690 train_acc=67.49% val_acc=16.15% best=16.86% lr=5.4883847e-06 time=13.4s avg_epoch=13.0s est_planned=1h 04m 49s
[VANILLA][ours_current_b64][296/300] loss=1.5302 train_acc=66.13% val_acc=16.12% best=16.86% lr=5.3391901e-06 time=11.7s avg_epoch=13.0s est_planned=1h 04m 48s
[VANILLA][ours_current_b64][297/300] loss=1.4887 train_acc=66.58% val_acc=16.33% best=16.86% lr=5.2170996e-06 time=12.8s avg_epoch=13.0s est_planned=1h 04m 48s
[VANILLA][ours_current_b64][298/300] loss=1.4933 train_acc=66.20% val_acc=16.19% best=16.86% lr=5.1221263e-06 time=12.4s avg_epoch=13.0s est_planned=1h 04m 47s
[VANILLA][ours_current_b64][299/300] loss=1.5048 train_acc=65.32% val_acc=16.19% best=16.86% lr=5.0542808e-06 time=13.5s avg_epoch=13.0s est_planned=1h 04m 48s
[VANILLA][ours_current_b64][300/300] loss=1.5100 train_acc=65.86% val_acc=16.10% best=16.86% lr=5.0135706e-06 time=12.0s avg_epoch=13.0s est_planned=1h 04m 47s
================================================================================
[FINAL_RESULT] vanilla_profile=ours_current_b64 best_top1=16.86%
[TIMING] avg_epoch=13.0s planned_epochs=300 estimated_total=1h 04m 47s
[FINAL_RESULT] summary=/app/output/cub200_resnet50_224_scratch_all_full_seed1/Vanilla/ours_current_b64/vanilla_cub200_224_ours_current_b64_300ep_seed1/summary.json
[DONE] Vanilla CE-only training completed successfully.
[COMMAND][Ours] /usr/bin/python methods/Ours/cub200_resnet50_224_scratch/train.py --data-dir data/cub200 --teacher-root /app/output/cub200_resnet50_224_scratch_all_full_seed1/teacher_resnet50_224_scratch/teacher_cub200_resnet50_224_scratch_200ep_seed1 --output-dir /app/output/cub200_resnet50_224_scratch_all_full_seed1/Ours/cub200_resnet50_224_scratch --run-name ours_cub200_resnet50_224_scratch_deit_ti_300ep_seed1 --num-workers 4
[BOOT] Python process started: /usr/bin/python
========================================================================
OURS / TEACHER-224 -> DEIT-TI
========================================================================
[ENV] python=3.10.12 torch=2.11.0+cu130 timm=1.0.27 torchvision=0.26.0+cu130
[ENV] cuda_available=True cuda_device_count=1
[ENV] gpu_name=NVIDIA H200 NVL
[ENV] gpu_memory_gib=139.80
[ENV] device=cuda amp=False seed=1
[PATH] data_dir=/app/scratch/input/bapedragon_519/data/cub200
[PATH] teacher_root=/app/output/cub200_resnet50_224_scratch_all_full_seed1/teacher_resnet50_224_scratch/teacher_cub200_resnet50_224_scratch_200ep_seed1
[PATH] run_dir=/app/output/cub200_resnet50_224_scratch_all_full_seed1/Ours/cub200_resnet50_224_scratch/ours_cub200_resnet50_224_scratch_deit_ti_300ep_seed1
[MODE] smoke=False timing_run=False student_epochs=300 planned_epochs=300
[PROTOCOL] name=cub200_deit_ti_ours_resnet50_224_scratch_teacher_ablation_v1 optimizer=AdamW lr=0.0005 min_lr=5e-06 weight_decay=0.05 warmup=20 cosine batch=64 image=224 label_smoothing=0.0 drop_path=0.1 base=lg_official
[ALG_BASE] eval_batch=200 warmup_factor=0.001 fp32=True color_jitter=0.4 auto_augment=rand-m9-mstd0.5-inc1 random_erasing=0.25/pixel/1 interpolation=bicubic normalization=ImageNet drop_last_train=True
[INPUT] shared_geometry=True student=224x224(cub200 norm) teacher=student_view_to_224x224(ImageNet norm) eval_resize=direct
[OURS] loss=CE+beta(e)*(lambda*L_fuse+(1-lambda)*L_align) beta_on=2.5 lambda=0.5
[OURS] student_blocks=all_12 aggregation=learnable_uniform_init teacher_stages=1/2/3 teacher_input=224 student_grid=14x14 stage_grid=larger projection=1x1 deform_kernel=5 qkv_kernel=1 heads=4
[BETA] schedule=researcher_exact beta_on=2.5 metric=L_feature_combined threshold=-0.02 smoothing_window=50 controller_warm_up=20 stop_condition=smoothed_derivative>threshold epoch_numbering=one_based_adapter
[BETA] Researcher implementation: record epoch-average complete guidance loss, do not stop before warm-up, then permanently switch to CE-only when the smoothed derivative is strictly above tau.
[SOURCE] provided_snippet_sha256=8649078970b93d750a956994611b65cdec0c24f907d35d86f29d635e8a3b8624
[REPRO_STATUS] Paper-confirmed: default lambda=0.5; active lambda=0.5, ALG beta=2.5, tau=-0.02 and 50-epoch smoothing, all-block aggregation, 1x1 projection/QKV, bilinear grid alignment, 5x5 deformable attention, and frozen teacher. Active grid policy=supplied-source larger-grid policy.
[REPRO_STATUS] Researcher-synchronized choices: the complete 0.5*L_fuse+0.5*L_align guidance loss drives the controller; the controller has a 20-epoch stop warm-up and no descent-first guard. Attention heads/reduction/loss reduction follow the supplied source.
[DATA] CUB-200-2011 root=/app/scratch/input/bapedragon_519/data/cub200/CUB_200_2011
[DATA] train_samples=5994 test_samples=5794
[DATA] student_image=224 teacher_image=224 train_batch=64 eval_batch=200 num_workers=4 drop_last_train=True smoke=False split=train:official_train eval:official_test eval_interpolation=bicubic
[TEACHER] selected=best epoch=139 top1=48.31% sha256=6307a8289f8ddec5c79e8284af8f07d883d037aeaf936062a6833720e4f74ba7
[TEACHER_NATIVE_AUDIT] checkpoint_top1=48.31% native_direct_224px_top1=48.31% gap=+0.00pp
[TEACHER_SHARED_VIEW] resize_224_to_224px_top1=38.70% gap_to_native_checkpoint=-9.61pp diagnostic_only=True feature_path=source_faithful
[MODEL] teacher_params=23,917,832 student=deit_tiny_patch16_224 student_params=5,563,016 ours_trainable_params=23,425,933
[FEATURE_CHECK] teacher_raw=[(2, 512, 28, 28), (2, 1024, 14, 14), (2, 2048, 7, 7)] student_blocks=12x(2, 192, 14, 14) stage_targets=[(2, 512, 28, 28), (2, 1024, 14, 14), (2, 2048, 14, 14)] aligned=[(2, 512, 28, 28), (2, 1024, 14, 14), (2, 2048, 14, 14)] fused=[(2, 512, 28, 28), (2, 1024, 14, 14), (2, 2048, 14, 14)] probe_align=2.7422 probe_fuse=2.8950
[AGGREGATION_INIT] stage1[b9=0.083,b7=0.083,b8=0.083] stage2[b9=0.083,b7=0.083,b8=0.083] stage3[b9=0.083,b7=0.083,b8=0.083]
[STUDENT] optimizer=adamw lr=0.0005 weight_decay=0.05 epochs=300 effective_warmup=20
[OURS][001/300] loss=23.1862 ce=5.3360 align=7.2113 fuse=7.0689 feature=7.1401 beta=2.5000 guidance_active_next=True alg_raw_derivative=n/a alg_smoothed_derivative=n/a guidance_stop_epoch=None train_acc=0.57% val_acc=0.55% best=0.55% lr=5e-07 time=21.0s avg_epoch=21.0s est_planned=1h 44m 49s elapsed=21s saved_best
[OURS][002/300] loss=19.2050 ce=5.3066 align=6.6008 fuse=4.5179 feature=5.5594 beta=2.5000 guidance_active_next=True alg_raw_derivative=-0.790357 alg_smoothed_derivative=n/a guidance_stop_epoch=None train_acc=0.57% val_acc=0.81% best=0.81% lr=2.5475e-05 time=20.2s avg_epoch=20.6s est_planned=1h 42m 57s elapsed=42s saved_best
[OURS][003/300] loss=16.1220 ce=5.3154 align=5.1621 fuse=3.4832 feature=4.3226 beta=2.5000 guidance_active_next=True alg_raw_derivative=-0.675691 alg_smoothed_derivative=n/a guidance_stop_epoch=None train_acc=0.57% val_acc=0.64% best=0.81% lr=5.045e-05 time=20.7s avg_epoch=20.6s est_planned=1h 43m 03s elapsed=1m 03s
[OURS][004/300] loss=14.7131 ce=5.3048 align=4.2282 fuse=3.2984 feature=3.7633 beta=2.5000 guidance_active_next=True alg_raw_derivative=-0.477678 alg_smoothed_derivative=n/a guidance_stop_epoch=None train_acc=0.52% val_acc=0.97% best=0.97% lr=7.5425e-05 time=20.5s avg_epoch=20.6s est_planned=1h 42m 57s elapsed=1m 24s saved_best
[OURS][005/300] loss=13.9459 ce=5.2928 align=3.9111 fuse=3.0115 feature=3.4613 beta=2.5000 guidance_active_next=True alg_raw_derivative=-0.347018 alg_smoothed_derivative=n/a guidance_stop_epoch=None train_acc=0.42% val_acc=0.90% best=0.97% lr=0.0001004 time=19.6s avg_epoch=20.4s est_planned=1h 41m 57s elapsed=1m 44s
[OURS][006/300] loss=13.9451 ce=5.2543 align=4.0092 fuse=2.9434 feature=3.4763 beta=2.5000 guidance_active_next=True alg_raw_derivative=-0.228836 alg_smoothed_derivative=n/a guidance_stop_epoch=None train_acc=0.84% val_acc=1.07% best=1.07% lr=0.000125375 time=20.6s avg_epoch=20.4s est_planned=1h 42m 09s elapsed=2m 05s saved_best
[OURS][007/300] loss=13.5003 ce=5.1998 align=3.8290 fuse=2.8114 feature=3.3202 beta=2.5000 guidance_active_next=True alg_raw_derivative=-0.185757 alg_smoothed_derivative=n/a guidance_stop_epoch=None train_acc=0.60% val_acc=1.17% best=1.17% lr=0.00015035 time=19.7s avg_epoch=20.3s est_planned=1h 41m 37s elapsed=2m 25s saved_best
[OURS][008/300] loss=13.2459 ce=5.1565 align=3.7536 fuse=2.7179 feature=3.2358 beta=2.5000 guidance_active_next=True alg_raw_derivative=-0.149870 alg_smoothed_derivative=n/a guidance_stop_epoch=None train_acc=0.87% val_acc=1.57% best=1.57% lr=0.000175325 time=20.0s avg_epoch=20.3s est_planned=1h 41m 26s elapsed=2m 45s saved_best
[OURS][009/300] loss=12.6479 ce=5.1405 align=3.3813 fuse=2.6247 feature=3.0030 beta=2.5000 guidance_active_next=True alg_raw_derivative=-0.142433 alg_smoothed_derivative=n/a guidance_stop_epoch=None train_acc=0.94% val_acc=1.86% best=1.86% lr=0.0002003 time=20.6s avg_epoch=20.3s est_planned=1h 41m 37s elapsed=3m 06s saved_best
[OURS][010/300] loss=12.2055 ce=5.1182 align=3.2429 fuse=2.4270 feature=2.8349 beta=2.5000 guidance_active_next=True alg_raw_derivative=-0.130751 alg_smoothed_derivative=n/a guidance_stop_epoch=None train_acc=1.26% val_acc=2.31% best=2.31% lr=0.000225275 time=19.4s avg_epoch=20.2s est_planned=1h 41m 08s elapsed=3m 26s saved_best
[OURS][011/300] loss=12.4706 ce=5.0941 align=3.4457 fuse=2.4555 feature=2.9506 beta=2.5000 guidance_active_next=True alg_raw_derivative=-0.096462 alg_smoothed_derivative=n/a guidance_stop_epoch=None train_acc=1.56% val_acc=3.00% best=3.00% lr=0.00025025 time=19.6s avg_epoch=20.2s est_planned=1h 40m 51s elapsed=3m 46s saved_best
[OURS][012/300] loss=12.4950 ce=5.0564 align=3.4090 fuse=2.5419 feature=2.9754 beta=2.5000 guidance_active_next=True alg_raw_derivative=-0.078317 alg_smoothed_derivative=n/a guidance_stop_epoch=None train_acc=1.85% val_acc=2.47% best=3.00% lr=0.000275225 time=20.0s avg_epoch=20.2s est_planned=1h 40m 47s elapsed=4m 06s
[OURS][013/300] loss=11.7538 ce=5.0075 align=3.0963 fuse=2.3009 feature=2.6986 beta=2.5000 guidance_active_next=True alg_raw_derivative=-0.087565 alg_smoothed_derivative=n/a guidance_stop_epoch=None train_acc=2.17% val_acc=3.42% best=3.42% lr=0.0003002 time=19.6s avg_epoch=20.1s est_planned=1h 40m 34s elapsed=4m 26s saved_best
[OURS][014/300] loss=11.7128 ce=4.9469 align=3.1311 fuse=2.2816 feature=2.7063 beta=2.5000 guidance_active_next=True alg_raw_derivative=-0.074501 alg_smoothed_derivative=n/a guidance_stop_epoch=None train_acc=2.27% val_acc=3.94% best=3.94% lr=0.000325175 time=19.5s avg_epoch=20.1s est_planned=1h 40m 21s elapsed=4m 46s saved_best
[OURS][015/300] loss=12.4695 ce=4.9768 align=3.4988 fuse=2.4954 feature=2.9971 beta=2.5000 guidance_active_next=True alg_raw_derivative=-0.045185 alg_smoothed_derivative=n/a guidance_stop_epoch=None train_acc=2.49% val_acc=3.99% best=3.99% lr=0.00035015 time=18.8s avg_epoch=20.0s est_planned=1h 39m 55s elapsed=5m 05s saved_best
[OURS][016/300] loss=11.8422 ce=4.8901 align=3.1950 fuse=2.3667 feature=2.7808 beta=2.5000 guidance_active_next=True alg_raw_derivative=-0.053051 alg_smoothed_derivative=n/a guidance_stop_epoch=None train_acc=2.89% val_acc=3.28% best=3.99% lr=0.000375125 time=18.7s avg_epoch=19.9s est_planned=1h 39m 32s elapsed=5m 24s
[OURS][017/300] loss=13.6870 ce=4.9279 align=3.6481 fuse=3.3593 feature=3.5037 beta=2.5000 guidance_active_next=True alg_raw_derivative=-0.004291 alg_smoothed_derivative=n/a guidance_stop_epoch=None train_acc=2.87% val_acc=5.01% best=5.01% lr=0.0004001 time=19.6s avg_epoch=19.9s est_planned=1h 39m 27s elapsed=5m 44s saved_best
[OURS][018/300] loss=11.6738 ce=4.8180 align=3.1033 fuse=2.3814 feature=2.7423 beta=2.5000 guidance_active_next=True alg_raw_derivative=-0.046110 alg_smoothed_derivative=n/a guidance_stop_epoch=None train_acc=4.37% val_acc=5.70% best=5.70% lr=0.000425075 time=20.3s avg_epoch=19.9s est_planned=1h 39m 33s elapsed=6m 05s saved_best
[OURS][019/300] loss=11.3287 ce=4.7784 align=3.0057 fuse=2.2345 feature=2.6201 beta=2.5000 guidance_active_next=True alg_raw_derivative=-0.047689 alg_smoothed_derivative=n/a guidance_stop_epoch=None train_acc=4.08% val_acc=6.54% best=6.54% lr=0.00045005 time=19.7s avg_epoch=19.9s est_planned=1h 39m 29s elapsed=6m 25s saved_best
[OURS][020/300] loss=10.7420 ce=4.7167 align=2.8123 fuse=2.0079 feature=2.4101 beta=2.5000 guidance_active_next=True alg_raw_derivative=-0.053419 alg_smoothed_derivative=-0.195525 guidance_stop_epoch=None train_acc=4.94% val_acc=6.90% best=6.90% lr=0.000475025 time=19.9s avg_epoch=19.9s est_planned=1h 39m 29s elapsed=6m 45s saved_best
[OURS][021/300] loss=11.5225 ce=4.7191 align=3.1292 fuse=2.3135 feature=2.7213 beta=2.5000 guidance_active_next=True alg_raw_derivative=-0.033512 alg_smoothed_derivative=-0.187425 guidance_stop_epoch=None train_acc=5.17% val_acc=6.27% best=6.90% lr=0.000494592 time=19.7s avg_epoch=19.9s est_planned=1h 39m 26s elapsed=7m 05s
[OURS][022/300] loss=12.2119 ce=4.7705 align=3.4115 fuse=2.5417 feature=2.9766 beta=2.5000 guidance_active_next=True alg_raw_derivative=-0.018864 alg_smoothed_derivative=-0.179398 guidance_stop_epoch=None train_acc=4.59% val_acc=3.02% best=6.90% lr=0.000494039 time=20.7s avg_epoch=19.9s est_planned=1h 39m 38s elapsed=7m 26s
[OURS][023/300] loss=13.1003 ce=4.8045 align=3.5215 fuse=3.1151 feature=3.3183 beta=2.5000 guidance_active_next=True alg_raw_derivative=-0.002366 alg_smoothed_derivative=-0.171351 guidance_stop_epoch=None train_acc=4.33% val_acc=6.52% best=6.90% lr=0.000493461 time=20.3s avg_epoch=19.9s est_planned=1h 39m 42s elapsed=7m 47s
[OURS][024/300] loss=11.9794 ce=4.6595 align=3.1198 fuse=2.7361 feature=2.9280 beta=2.5000 guidance_active_next=True alg_raw_derivative=-0.018433 alg_smoothed_derivative=-0.164703 guidance_stop_epoch=None train_acc=5.76% val_acc=8.25% best=8.25% lr=0.000492856 time=19.6s avg_epoch=19.9s est_planned=1h 39m 38s elapsed=8m 07s saved_best
[OURS][025/300] loss=11.0443 ce=4.5844 align=2.9827 fuse=2.1853 feature=2.5840 beta=2.5000 guidance_active_next=True alg_raw_derivative=-0.030718 alg_smoothed_derivative=-0.159120 guidance_stop_epoch=None train_acc=6.27% val_acc=8.51% best=8.51% lr=0.000492224 time=20.5s avg_epoch=20.0s est_planned=1h 39m 46s elapsed=8m 28s saved_best
[OURS][026/300] loss=11.1438 ce=4.5611 align=3.1111 fuse=2.1551 feature=2.6331 beta=2.5000 guidance_active_next=True alg_raw_derivative=-0.026467 alg_smoothed_derivative=-0.153814 guidance_stop_epoch=None train_acc=6.35% val_acc=9.27% best=9.27% lr=0.000491567 time=19.7s avg_epoch=19.9s est_planned=1h 39m 43s elapsed=8m 48s saved_best
[OURS][027/300] loss=10.8152 ce=4.5342 align=2.9304 fuse=2.0944 feature=2.5124 beta=2.5000 guidance_active_next=True alg_raw_derivative=-0.028975 alg_smoothed_derivative=-0.149012 guidance_stop_epoch=None train_acc=7.14% val_acc=10.34% best=10.34% lr=0.000490883 time=19.2s avg_epoch=19.9s est_planned=1h 39m 35s elapsed=9m 08s saved_best
[OURS][028/300] loss=11.0720 ce=4.5011 align=3.0602 fuse=2.1965 feature=2.6284 beta=2.5000 guidance_active_next=True alg_raw_derivative=-0.022765 alg_smoothed_derivative=-0.144336 guidance_stop_epoch=None train_acc=7.44% val_acc=10.63% best=10.63% lr=0.000490173 time=18.9s avg_epoch=19.9s est_planned=1h 39m 24s elapsed=9m 27s saved_best
[OURS][029/300] loss=10.4395 ce=4.4473 align=2.8135 fuse=1.9803 feature=2.3969 beta=2.5000 guidance_active_next=True alg_raw_derivative=-0.029176 alg_smoothed_derivative=-0.140224 guidance_stop_epoch=None train_acc=7.66% val_acc=10.96% best=10.96% lr=0.000489437 time=19.4s avg_epoch=19.9s est_planned=1h 39m 19s elapsed=9m 47s saved_best
[OURS][030/300] loss=10.2063 ce=4.4105 align=2.7400 fuse=1.8967 feature=2.3183 beta=2.5000 guidance_active_next=True alg_raw_derivative=-0.029849 alg_smoothed_derivative=-0.136418 guidance_stop_epoch=None train_acc=8.42% val_acc=10.48% best=10.96% lr=0.000488674 time=20.1s avg_epoch=19.9s est_planned=1h 39m 22s elapsed=10m 07s
[OURS][031/300] loss=9.9148 ce=4.3644 align=2.6410 fuse=1.7994 feature=2.2202 beta=2.5000 guidance_active_next=True alg_raw_derivative=-0.031090 alg_smoothed_derivative=-0.132907 guidance_stop_epoch=None train_acc=8.64% val_acc=11.20% best=11.20% lr=0.000487886 time=19.6s avg_epoch=19.9s est_planned=1h 39m 19s elapsed=10m 27s saved_best
[OURS][032/300] loss=10.3956 ce=4.3555 align=2.8165 fuse=2.0156 feature=2.4160 beta=2.5000 guidance_active_next=True alg_raw_derivative=-0.023026 alg_smoothed_derivative=-0.129362 guidance_stop_epoch=None train_acc=9.22% val_acc=11.41% best=11.41% lr=0.000487073 time=19.6s avg_epoch=19.9s est_planned=1h 39m 17s elapsed=10m 47s saved_best
[OURS][033/300] loss=9.7366 ce=4.3012 align=2.6063 fuse=1.7420 feature=2.1741 beta=2.5000 guidance_active_next=True alg_raw_derivative=-0.028961 alg_smoothed_derivative=-0.126225 guidance_stop_epoch=None train_acc=9.98% val_acc=12.94% best=12.94% lr=0.000486233 time=19.0s avg_epoch=19.8s est_planned=1h 39m 10s elapsed=11m 07s saved_best
[OURS][034/300] loss=9.9817 ce=4.2506 align=2.7440 fuse=1.8409 feature=2.2924 beta=2.5000 guidance_active_next=True alg_raw_derivative=-0.023779 alg_smoothed_derivative=-0.123120 guidance_stop_epoch=None train_acc=10.18% val_acc=12.15% best=12.94% lr=0.000485368 time=20.8s avg_epoch=19.9s est_planned=1h 39m 18s elapsed=11m 28s
[OURS][035/300] loss=9.7686 ce=4.2240 align=2.6611 fuse=1.7746 feature=2.2179 beta=2.5000 guidance_active_next=True alg_raw_derivative=-0.024550 alg_smoothed_derivative=-0.120221 guidance_stop_epoch=None train_acc=10.70% val_acc=13.96% best=13.96% lr=0.000484477 time=20.3s avg_epoch=19.9s est_planned=1h 39m 21s elapsed=11m 48s saved_best
[OURS][036/300] loss=10.2518 ce=4.1994 align=2.8157 fuse=2.0263 feature=2.4210 beta=2.5000 guidance_active_next=True alg_raw_derivative=-0.017544 alg_smoothed_derivative=-0.117287 guidance_stop_epoch=None train_acc=10.40% val_acc=13.39% best=13.96% lr=0.000483561 time=20.6s avg_epoch=19.9s est_planned=1h 39m 27s elapsed=12m 09s
[OURS][037/300] loss=10.2379 ce=4.2092 align=2.8091 fuse=2.0139 feature=2.4115 beta=2.5000 guidance_active_next=True alg_raw_derivative=-0.016852 alg_smoothed_derivative=-0.114498 guidance_stop_epoch=None train_acc=11.44% val_acc=13.63% best=13.96% lr=0.00048262 time=20.7s avg_epoch=19.9s est_planned=1h 39m 34s elapsed=12m 30s
[OURS][038/300] loss=10.5082 ce=4.1615 align=2.8704 fuse=2.2069 feature=2.5387 beta=2.5000 guidance_active_next=True alg_raw_derivative=-0.012619 alg_smoothed_derivative=-0.111744 guidance_stop_epoch=None train_acc=11.46% val_acc=14.22% best=14.22% lr=0.000481653 time=21.0s avg_epoch=19.9s est_planned=1h 39m 42s elapsed=12m 52s saved_best
[OURS][039/300] loss=9.9083 ce=4.1157 align=2.7797 fuse=1.8544 feature=2.3171 beta=2.5000 guidance_active_next=True alg_raw_derivative=-0.017653 alg_smoothed_derivative=-0.109268 guidance_stop_epoch=None train_acc=12.08% val_acc=14.53% best=14.53% lr=0.000480661 time=20.8s avg_epoch=20.0s est_planned=1h 39m 49s elapsed=13m 13s saved_best
[OURS][040/300] loss=9.1982 ce=4.0528 align=2.5060 fuse=1.6103 feature=2.0582 beta=2.5000 guidance_active_next=True alg_raw_derivative=-0.023243 alg_smoothed_derivative=-0.107062 guidance_stop_epoch=None train_acc=12.80% val_acc=16.02% best=16.02% lr=0.000479644 time=20.6s avg_epoch=20.0s est_planned=1h 39m 54s elapsed=13m 34s saved_best
[OURS][041/300] loss=9.4038 ce=4.0395 align=2.5866 fuse=1.7047 feature=2.1457 beta=2.5000 guidance_active_next=True alg_raw_derivative=-0.019975 alg_smoothed_derivative=-0.104885 guidance_stop_epoch=None train_acc=13.49% val_acc=15.69% best=16.02% lr=0.000478603 time=19.7s avg_epoch=20.0s est_planned=1h 39m 52s elapsed=13m 54s
[OURS][042/300] loss=9.1944 ce=3.9926 align=2.5370 fuse=1.6244 feature=2.0807 beta=2.5000 guidance_active_next=True alg_raw_derivative=-0.020571 alg_smoothed_derivative=-0.102829 guidance_stop_epoch=None train_acc=13.64% val_acc=17.36% best=17.36% lr=0.000477536 time=20.6s avg_epoch=20.0s est_planned=1h 39m 56s elapsed=14m 15s saved_best
[OURS][043/300] loss=9.1288 ce=3.9548 align=2.5362 fuse=1.6029 feature=2.0696 beta=2.5000 guidance_active_next=True alg_raw_derivative=-0.019873 alg_smoothed_derivative=-0.100853 guidance_stop_epoch=None train_acc=14.43% val_acc=17.00% best=17.36% lr=0.000476445 time=20.6s avg_epoch=20.0s est_planned=1h 40m 01s elapsed=14m 36s
[OURS][044/300] loss=10.0050 ce=3.9683 align=2.8393 fuse=1.9900 feature=2.4147 beta=2.5000 guidance_active_next=True alg_raw_derivative=-0.011127 alg_smoothed_derivative=-0.098767 guidance_stop_epoch=None train_acc=13.94% val_acc=17.66% best=17.66% lr=0.000475329 time=19.9s avg_epoch=20.0s est_planned=1h 40m 00s elapsed=14m 56s saved_best
[OURS][045/300] loss=9.1318 ce=3.8910 align=2.5393 fuse=1.6533 feature=2.0963 beta=2.5000 guidance_active_next=True alg_raw_derivative=-0.017707 alg_smoothed_derivative=-0.096924 guidance_stop_epoch=None train_acc=15.93% val_acc=18.09% best=18.09% lr=0.000474189 time=20.6s avg_epoch=20.0s est_planned=1h 40m 04s elapsed=15m 17s saved_best
[OURS][046/300] loss=9.0556 ce=3.8507 align=2.5346 fuse=1.6293 feature=2.0819 beta=2.5000 guidance_active_next=True alg_raw_derivative=-0.017249 alg_smoothed_derivative=-0.095154 guidance_stop_epoch=None train_acc=16.01% val_acc=18.40% best=18.40% lr=0.000473024 time=19.8s avg_epoch=20.0s est_planned=1h 40m 02s elapsed=15m 37s saved_best
[OURS][047/300] loss=8.8844 ce=3.8133 align=2.5026 fuse=1.5542 feature=2.0284 beta=2.5000 guidance_active_next=True alg_raw_derivative=-0.017654 alg_smoothed_derivative=-0.093469 guidance_stop_epoch=None train_acc=16.77% val_acc=18.40% best=18.40% lr=0.000471835 time=19.7s avg_epoch=20.0s est_planned=1h 40m 00s elapsed=15m 57s saved_best
[OURS][048/300] loss=9.2231 ce=3.8167 align=2.5845 fuse=1.7406 feature=2.1625 beta=2.5000 guidance_active_next=True alg_raw_derivative=-0.014124 alg_smoothed_derivative=-0.091781 guidance_stop_epoch=None train_acc=17.61% val_acc=18.47% best=18.47% lr=0.000470623 time=19.2s avg_epoch=20.0s est_planned=1h 39m 55s elapsed=16m 17s saved_best
[OURS][049/300] loss=9.5828 ce=3.8297 align=2.6648 fuse=1.9377 feature=2.3012 beta=2.5000 guidance_active_next=True alg_raw_derivative=-0.010717 alg_smoothed_derivative=-0.090092 guidance_stop_epoch=None train_acc=16.60% val_acc=17.16% best=18.47% lr=0.000469386 time=19.4s avg_epoch=20.0s est_planned=1h 39m 52s elapsed=16m 36s
[OURS][050/300] loss=9.1345 ce=3.7582 align=2.5799 fuse=1.7211 feature=2.1505 beta=2.5000 guidance_active_next=True alg_raw_derivative=-0.013303 alg_smoothed_derivative=-0.088525 guidance_stop_epoch=None train_acc=17.54% val_acc=20.12% best=20.12% lr=0.000468125 time=19.6s avg_epoch=20.0s est_planned=1h 39m 49s elapsed=16m 56s saved_best
[OURS][051/300] loss=8.8854 ce=3.7070 align=2.5568 fuse=1.5859 feature=2.0714 beta=2.5000 guidance_active_next=True alg_raw_derivative=-0.101374 alg_smoothed_derivative=-0.088782 guidance_stop_epoch=None train_acc=18.20% val_acc=20.23% best=20.23% lr=0.000466841 time=19.6s avg_epoch=20.0s est_planned=1h 39m 47s elapsed=17m 16s saved_best
[OURS][052/300] loss=8.8258 ce=3.7266 align=2.5363 fuse=1.5431 feature=2.0397 beta=2.5000 guidance_active_next=True alg_raw_derivative=-0.070394 alg_smoothed_derivative=-0.074383 guidance_stop_epoch=None train_acc=19.04% val_acc=20.73% best=20.73% lr=0.000465534 time=19.5s avg_epoch=19.9s est_planned=1h 39m 44s elapsed=17m 36s saved_best
[OURS][053/300] loss=8.5599 ce=3.6872 align=2.4392 fuse=1.4589 feature=1.9491 beta=2.5000 guidance_active_next=True alg_raw_derivative=-0.047472 alg_smoothed_derivative=-0.061818 guidance_stop_epoch=None train_acc=18.57% val_acc=21.33% best=21.33% lr=0.000464203 time=18.9s avg_epoch=19.9s est_planned=1h 39m 39s elapsed=17m 56s saved_best
[OURS][054/300] loss=8.5949 ce=3.6441 align=2.4604 fuse=1.5003 feature=1.9803 beta=2.5000 guidance_active_next=True alg_raw_derivative=-0.035659 alg_smoothed_derivative=-0.052978 guidance_stop_epoch=None train_acc=18.95% val_acc=21.63% best=21.63% lr=0.000462848 time=19.6s avg_epoch=19.9s est_planned=1h 39m 37s elapsed=18m 16s saved_best
[OURS][055/300] loss=8.5958 ce=3.5930 align=2.4965 fuse=1.5057 feature=2.0011 beta=2.5000 guidance_active_next=True alg_raw_derivative=-0.029203 alg_smoothed_derivative=-0.046622 guidance_stop_epoch=None train_acc=19.91% val_acc=22.37% best=22.37% lr=0.000461471 time=20.6s avg_epoch=19.9s est_planned=1h 39m 40s elapsed=18m 37s saved_best
[OURS][056/300] loss=8.4800 ce=3.5825 align=2.4534 fuse=1.4646 feature=1.9590 beta=2.5000 guidance_active_next=True alg_raw_derivative=-0.030347 alg_smoothed_derivative=-0.042652 guidance_stop_epoch=None train_acc=20.87% val_acc=21.21% best=22.37% lr=0.000460071 time=20.6s avg_epoch=19.9s est_planned=1h 39m 44s elapsed=18m 57s
[OURS][057/300] loss=8.7039 ce=3.5722 align=2.5527 fuse=1.5526 feature=2.0527 beta=2.5000 guidance_active_next=True alg_raw_derivative=-0.025351 alg_smoothed_derivative=-0.039444 guidance_stop_epoch=None train_acc=21.03% val_acc=21.28% best=22.37% lr=0.000458648 time=20.3s avg_epoch=20.0s est_planned=1h 39m 46s elapsed=19m 18s
[OURS][058/300] loss=8.4139 ce=3.5479 align=2.4383 fuse=1.4545 feature=1.9464 beta=2.5000 guidance_active_next=True alg_raw_derivative=-0.025788 alg_smoothed_derivative=-0.036962 guidance_stop_epoch=None train_acc=20.88% val_acc=21.95% best=22.37% lr=0.000457202 time=19.7s avg_epoch=19.9s est_planned=1h 39m 44s elapsed=19m 38s
[OURS][059/300] loss=8.4353 ce=3.4834 align=2.4541 fuse=1.5074 feature=1.9807 beta=2.5000 guidance_active_next=True alg_raw_derivative=-0.020445 alg_smoothed_derivative=-0.034522 guidance_stop_epoch=None train_acc=22.09% val_acc=21.85% best=22.37% lr=0.000455734 time=19.6s avg_epoch=19.9s est_planned=1h 39m 43s elapsed=19m 58s
[OURS][060/300] loss=8.1636 ce=3.4217 align=2.3674 fuse=1.4261 feature=1.8968 beta=2.5000 guidance_active_next=True alg_raw_derivative=-0.018763 alg_smoothed_derivative=-0.032283 guidance_stop_epoch=None train_acc=22.14% val_acc=24.25% best=24.25% lr=0.000454244 time=19.6s avg_epoch=19.9s est_planned=1h 39m 41s elapsed=20m 18s saved_best
[OURS][061/300] loss=8.2003 ce=3.4372 align=2.3972 fuse=1.4132 feature=1.9052 beta=2.5000 guidance_active_next=True alg_raw_derivative=-0.020908 alg_smoothed_derivative=-0.030771 guidance_stop_epoch=None train_acc=23.14% val_acc=23.59% best=24.25% lr=0.000452732 time=19.5s avg_epoch=19.9s est_planned=1h 39m 39s elapsed=20m 37s
[OURS][062/300] loss=8.3196 ce=3.3997 align=2.4524 fuse=1.4835 feature=1.9679 beta=2.5000 guidance_active_next=True alg_raw_derivative=-0.020150 alg_smoothed_derivative=-0.029608 guidance_stop_epoch=None train_acc=23.40% val_acc=24.51% best=24.51% lr=0.000451197 time=19.7s avg_epoch=19.9s est_planned=1h 39m 38s elapsed=20m 58s saved_best
[OURS][063/300] loss=8.2477 ce=3.3545 align=2.4307 fuse=1.4838 feature=1.9573 beta=2.5000 guidance_active_next=True alg_raw_derivative=-0.014826 alg_smoothed_derivative=-0.028153 guidance_stop_epoch=None train_acc=24.45% val_acc=23.84% best=24.51% lr=0.000449641 time=19.2s avg_epoch=19.9s est_planned=1h 39m 35s elapsed=21m 17s
[OURS][064/300] loss=8.2820 ce=3.4006 align=2.4577 fuse=1.4474 feature=1.9526 beta=2.5000 guidance_active_next=True alg_raw_derivative=-0.015075 alg_smoothed_derivative=-0.026965 guidance_stop_epoch=None train_acc=24.04% val_acc=24.51% best=24.51% lr=0.000448063 time=19.6s avg_epoch=19.9s est_planned=1h 39m 33s elapsed=21m 37s saved_best
[OURS][065/300] loss=7.8884 ce=3.3406 align=2.3098 fuse=1.3285 feature=1.8191 beta=2.5000 guidance_active_next=True alg_raw_derivative=-0.023558 alg_smoothed_derivative=-0.026532 guidance_stop_epoch=None train_acc=24.83% val_acc=25.91% best=25.91% lr=0.000446464 time=19.6s avg_epoch=19.9s est_planned=1h 39m 32s elapsed=21m 57s saved_best
[OURS][066/300] loss=7.8490 ce=3.2736 align=2.3214 fuse=1.3389 feature=1.8301 beta=2.5000 guidance_active_next=True alg_raw_derivative=-0.019014 alg_smoothed_derivative=-0.025852 guidance_stop_epoch=None train_acc=26.09% val_acc=25.11% best=25.91% lr=0.000444844 time=18.8s avg_epoch=19.9s est_planned=1h 39m 27s elapsed=22m 16s
[OURS][067/300] loss=7.7905 ce=3.2537 align=2.2965 fuse=1.3329 feature=1.8147 beta=2.5000 guidance_active_next=True alg_raw_derivative=-0.033779 alg_smoothed_derivative=-0.026441 guidance_stop_epoch=None train_acc=26.23% val_acc=25.68% best=25.91% lr=0.000443202 time=19.5s avg_epoch=19.9s est_planned=1h 39m 25s elapsed=22m 36s
[OURS][068/300] loss=8.5649 ce=3.3357 align=2.6029 fuse=1.5804 feature=2.0917 beta=2.5000 guidance_active_next=True alg_raw_derivative=-0.013013 alg_smoothed_derivative=-0.025779 guidance_stop_epoch=None train_acc=24.98% val_acc=24.84% best=25.91% lr=0.00044154 time=20.7s avg_epoch=19.9s est_planned=1h 39m 28s elapsed=22m 57s
[OURS][069/300] loss=7.9249 ce=3.2201 align=2.3963 fuse=1.3676 feature=1.8819 beta=2.5000 guidance_active_next=True alg_raw_derivative=-0.014764 alg_smoothed_derivative=-0.025121 guidance_stop_epoch=None train_acc=27.25% val_acc=25.91% best=25.91% lr=0.000439856 time=20.3s avg_epoch=19.9s est_planned=1h 39m 30s elapsed=23m 17s saved_best
[OURS][070/300] loss=7.8228 ce=3.2119 align=2.3593 fuse=1.3295 feature=1.8444 beta=2.5000 guidance_active_next=True alg_raw_derivative=-0.011315 alg_smoothed_derivative=-0.024279 guidance_stop_epoch=None train_acc=27.54% val_acc=26.44% best=26.44% lr=0.000438152 time=20.1s avg_epoch=19.9s est_planned=1h 39m 31s elapsed=23m 38s saved_best
[OURS][071/300] loss=8.5509 ce=3.2871 align=2.6077 fuse=1.6034 feature=2.1055 beta=2.5000 guidance_active_next=True alg_raw_derivative=-0.012317 alg_smoothed_derivative=-0.023855 guidance_stop_epoch=None train_acc=26.16% val_acc=25.04% best=26.44% lr=0.000436428 time=19.6s avg_epoch=19.9s est_planned=1h 39m 30s elapsed=23m 58s
[OURS][072/300] loss=7.9384 ce=3.1557 align=2.4400 fuse=1.3862 feature=1.9131 beta=2.5000 guidance_active_next=True alg_raw_derivative=-0.021269 alg_smoothed_derivative=-0.023903 guidance_stop_epoch=None train_acc=28.95% val_acc=26.61% best=26.61% lr=0.000434684 time=19.7s avg_epoch=19.9s est_planned=1h 39m 29s elapsed=24m 18s saved_best
[OURS][073/300] loss=7.5076 ce=3.0948 align=2.2753 fuse=1.2550 feature=1.7651 beta=2.5000 guidance_active_next=True alg_raw_derivative=-0.031063 alg_smoothed_derivative=-0.024477 guidance_stop_epoch=None train_acc=29.65% val_acc=26.89% best=26.89% lr=0.00043292 time=20.3s avg_epoch=19.9s est_planned=1h 39m 30s elapsed=24m 39s saved_best
[OURS][074/300] loss=7.5326 ce=3.0643 align=2.2849 fuse=1.2898 feature=1.7873 beta=2.5000 guidance_active_next=True alg_raw_derivative=-0.022813 alg_smoothed_derivative=-0.024564 guidance_stop_epoch=None train_acc=29.70% val_acc=27.18% best=27.18% lr=0.000431136 time=19.7s avg_epoch=19.9s est_planned=1h 39m 30s elapsed=24m 59s saved_best
[OURS][075/300] loss=8.2681 ce=3.0320 align=2.3624 fuse=1.8265 feature=2.0944 beta=2.5000 guidance_active_next=True alg_raw_derivative=-0.009790 alg_smoothed_derivative=-0.024146 guidance_stop_epoch=None train_acc=30.65% val_acc=22.95% best=27.18% lr=0.000429332 time=19.9s avg_epoch=19.9s est_planned=1h 39m 30s elapsed=25m 19s
[OURS][076/300] loss=9.9122 ce=3.4296 align=2.9194 fuse=2.2667 feature=2.5930 beta=2.5000 guidance_active_next=True alg_raw_derivative=-0.000800 alg_smoothed_derivative=-0.023633 guidance_stop_epoch=None train_acc=24.01% val_acc=24.58% best=27.18% lr=0.000427509 time=19.6s avg_epoch=19.9s est_planned=1h 39m 29s elapsed=25m 39s
[OURS][077/300] loss=8.0496 ce=3.1473 align=2.4351 fuse=1.4867 feature=1.9609 beta=2.5000 guidance_active_next=True alg_raw_derivative=-0.011030 alg_smoothed_derivative=-0.023274 guidance_stop_epoch=None train_acc=28.97% val_acc=26.13% best=27.18% lr=0.000425667 time=19.5s avg_epoch=19.9s est_planned=1h 39m 27s elapsed=25m 58s
[OURS][078/300] loss=8.4456 ce=3.1704 align=2.6702 fuse=1.5499 feature=2.1101 beta=2.5000 guidance_active_next=True alg_raw_derivative=-0.010365 alg_smoothed_derivative=-0.023026 guidance_stop_epoch=None train_acc=28.58% val_acc=26.61% best=27.18% lr=0.000423805 time=19.7s avg_epoch=19.9s est_planned=1h 39m 26s elapsed=26m 18s
[OURS][079/300] loss=8.1526 ce=3.0296 align=2.5420 fuse=1.5564 feature=2.0492 beta=2.5000 guidance_active_next=True alg_raw_derivative=-0.006954 alg_smoothed_derivative=-0.022581 guidance_stop_epoch=None train_acc=31.62% val_acc=27.29% best=27.29% lr=0.000421925 time=19.9s avg_epoch=19.9s est_planned=1h 39m 26s elapsed=26m 39s saved_best
[OURS][080/300] loss=8.2943 ce=2.9832 align=2.4751 fuse=1.7739 feature=2.1245 beta=2.5000 guidance_active_next=True alg_raw_derivative=-0.003878 alg_smoothed_derivative=-0.022062 guidance_stop_epoch=None train_acc=32.33% val_acc=28.43% best=28.43% lr=0.000420027 time=19.7s avg_epoch=19.9s est_planned=1h 39m 26s elapsed=26m 59s saved_best
[OURS][081/300] loss=7.6852 ce=2.9808 align=2.3588 fuse=1.4047 feature=1.8817 beta=2.5000 guidance_active_next=True alg_raw_derivative=-0.006769 alg_smoothed_derivative=-0.021575 guidance_stop_epoch=None train_acc=31.74% val_acc=28.27% best=28.43% lr=0.00041811 time=19.2s avg_epoch=19.9s est_planned=1h 39m 23s elapsed=27m 18s
[OURS][082/300] loss=7.3969 ce=2.9091 align=2.3041 fuse=1.2861 feature=1.7951 beta=2.5000 guidance_active_next=True alg_raw_derivative=-0.012418 alg_smoothed_derivative=-0.021363 guidance_stop_epoch=None train_acc=33.25% val_acc=28.05% best=28.43% lr=0.000416175 time=18.7s avg_epoch=19.9s est_planned=1h 39m 19s elapsed=27m 37s
[OURS][083/300] loss=7.3236 ce=2.8836 align=2.2767 fuse=1.2753 feature=1.7760 beta=2.5000 guidance_active_next=True alg_raw_derivative=-0.007963 alg_smoothed_derivative=-0.020943 guidance_stop_epoch=None train_acc=34.12% val_acc=29.36% best=29.36% lr=0.000414222 time=19.5s avg_epoch=19.9s est_planned=1h 39m 17s elapsed=27m 57s saved_best
[OURS][084/300] loss=7.7743 ce=2.9049 align=2.4879 fuse=1.4076 feature=1.9478 beta=2.5000 guidance_active_next=True alg_raw_derivative=-0.006893 alg_smoothed_derivative=-0.020606 guidance_stop_epoch=None train_acc=34.41% val_acc=27.68% best=29.36% lr=0.000412251 time=19.5s avg_epoch=19.9s est_planned=1h 39m 16s elapsed=28m 17s
[OURS][085/300] loss=7.5103 ce=2.8606 align=2.3700 fuse=1.3498 feature=1.8599 beta=2.5000 guidance_active_next=True alg_raw_derivative=-0.007160 alg_smoothed_derivative=-0.020258 guidance_stop_epoch=None train_acc=34.26% val_acc=29.24% best=29.36% lr=0.000410262 time=20.1s avg_epoch=19.9s est_planned=1h 39m 17s elapsed=28m 37s
[OURS][086/300] loss=7.2200 ce=2.7741 align=2.3002 fuse=1.2565 feature=1.7784 beta=2.5000 guidance_active_next=True alg_raw_derivative=-0.012852 alg_smoothed_derivative=-0.020164 guidance_stop_epoch=None train_acc=35.72% val_acc=27.70% best=29.36% lr=0.000408257 time=20.4s avg_epoch=19.9s est_planned=1h 39m 19s elapsed=28m 58s
[OURS][087/300] loss=7.1269 ce=2.7913 align=2.2601 fuse=1.2084 feature=1.7342 beta=2.5000 guidance_active_next=True alg_raw_derivative=-0.013546 alg_smoothed_derivative=-0.020098 guidance_stop_epoch=None train_acc=35.95% val_acc=28.58% best=29.36% lr=0.000406234 time=19.0s avg_epoch=19.9s est_planned=1h 39m 16s elapsed=29m 17s
[OURS][088/300] loss=7.3864 ce=2.7872 align=2.3563 fuse=1.3231 feature=1.8397 beta=2.5000 guidance_active_next=True alg_raw_derivative=-0.013979 alg_smoothed_derivative=-0.020125 guidance_stop_epoch=None train_acc=35.72% val_acc=28.55% best=29.36% lr=0.000404194 time=20.6s avg_epoch=19.9s est_planned=1h 39m 19s elapsed=29m 38s
[BETA_TRANSITION] guidance disabled after epoch=89 L_feature=1.799616 raw_derivative=-0.010349 smoothed_derivative=-0.019979 threshold=-0.02; subsequent epochs are CE-only.
[OURS][089/300] loss=7.2380 ce=2.7390 align=2.2925 fuse=1.3067 feature=1.7996 beta=2.5000 guidance_active_next=False alg_raw_derivative=-0.010349 alg_smoothed_derivative=-0.019979 guidance_stop_epoch=89 train_acc=37.45% val_acc=29.24% best=29.36% lr=0.000402138 time=20.6s avg_epoch=19.9s est_planned=1h 39m 21s elapsed=29m 58s
[OURS][090/300] loss=2.7324 ce=2.7324 align=0.0000 fuse=0.0000 feature=0.0000 beta=0.0000 guidance_active_next=False alg_raw_derivative=n/a alg_smoothed_derivative=n/a guidance_stop_epoch=89 train_acc=37.72% val_acc=27.84% best=29.36% lr=0.000400066 time=15.3s avg_epoch=19.8s est_planned=1h 39m 06s elapsed=30m 14s
[OURS][091/300] loss=2.7649 ce=2.7649 align=0.0000 fuse=0.0000 feature=0.0000 beta=0.0000 guidance_active_next=False alg_raw_derivative=n/a alg_smoothed_derivative=n/a guidance_stop_epoch=89 train_acc=37.48% val_acc=27.79% best=29.36% lr=0.000397977 time=15.0s avg_epoch=19.8s est_planned=1h 38m 50s elapsed=30m 29s
[OURS][092/300] loss=2.7201 ce=2.7201 align=0.0000 fuse=0.0000 feature=0.0000 beta=0.0000 guidance_active_next=False alg_raw_derivative=n/a alg_smoothed_derivative=n/a guidance_stop_epoch=89 train_acc=37.90% val_acc=28.63% best=29.36% lr=0.000395872 time=14.0s avg_epoch=19.7s est_planned=1h 38m 31s elapsed=30m 43s
[OURS][093/300] loss=2.6946 ce=2.6946 align=0.0000 fuse=0.0000 feature=0.0000 beta=0.0000 guidance_active_next=False alg_raw_derivative=n/a alg_smoothed_derivative=n/a guidance_stop_epoch=89 train_acc=37.35% val_acc=28.77% best=29.36% lr=0.000393752 time=11.6s avg_epoch=19.6s est_planned=1h 38m 05s elapsed=30m 55s
[OURS][094/300] loss=2.6233 ce=2.6233 align=0.0000 fuse=0.0000 feature=0.0000 beta=0.0000 guidance_active_next=False alg_raw_derivative=n/a alg_smoothed_derivative=n/a guidance_stop_epoch=89 train_acc=38.96% val_acc=28.17% best=29.36% lr=0.000391616 time=13.2s avg_epoch=19.5s est_planned=1h 37m 45s elapsed=31m 09s
[OURS][095/300] loss=2.6270 ce=2.6270 align=0.0000 fuse=0.0000 feature=0.0000 beta=0.0000 guidance_active_next=False alg_raw_derivative=n/a alg_smoothed_derivative=n/a guidance_stop_epoch=89 train_acc=39.26% val_acc=28.70% best=29.36% lr=0.000389464 time=14.1s avg_epoch=19.5s est_planned=1h 37m 27s elapsed=31m 23s
[OURS][096/300] loss=2.6616 ce=2.6616 align=0.0000 fuse=0.0000 feature=0.0000 beta=0.0000 guidance_active_next=False alg_raw_derivative=n/a alg_smoothed_derivative=n/a guidance_stop_epoch=89 train_acc=39.10% val_acc=28.87% best=29.36% lr=0.000387298 time=14.4s avg_epoch=19.4s est_planned=1h 37m 12s elapsed=31m 38s
[OURS][097/300] loss=2.6141 ce=2.6141 align=0.0000 fuse=0.0000 feature=0.0000 beta=0.0000 guidance_active_next=False alg_raw_derivative=n/a alg_smoothed_derivative=n/a guidance_stop_epoch=89 train_acc=40.29% val_acc=29.00% best=29.36% lr=0.000385117 time=14.5s avg_epoch=19.4s est_planned=1h 36m 56s elapsed=31m 52s
[OURS][098/300] loss=2.5753 ce=2.5753 align=0.0000 fuse=0.0000 feature=0.0000 beta=0.0000 guidance_active_next=False alg_raw_derivative=n/a alg_smoothed_derivative=n/a guidance_stop_epoch=89 train_acc=41.21% val_acc=29.06% best=29.36% lr=0.000382922 time=13.1s avg_epoch=19.3s est_planned=1h 36m 37s elapsed=32m 06s
[OURS][099/300] loss=2.5490 ce=2.5490 align=0.0000 fuse=0.0000 feature=0.0000 beta=0.0000 guidance_active_next=False alg_raw_derivative=n/a alg_smoothed_derivative=n/a guidance_stop_epoch=89 train_acc=40.99% val_acc=28.18% best=29.36% lr=0.000380712 time=14.7s avg_epoch=19.3s est_planned=1h 36m 23s elapsed=32m 21s
[OURS][100/300] loss=2.5834 ce=2.5834 align=0.0000 fuse=0.0000 feature=0.0000 beta=0.0000 guidance_active_next=False alg_raw_derivative=n/a alg_smoothed_derivative=n/a guidance_stop_epoch=89 train_acc=40.68% val_acc=28.36% best=29.36% lr=0.000378488 time=13.4s avg_epoch=19.2s est_planned=1h 36m 06s elapsed=32m 34s
[OURS][101/300] loss=2.5332 ce=2.5332 align=0.0000 fuse=0.0000 feature=0.0000 beta=0.0000 guidance_active_next=False alg_raw_derivative=n/a alg_smoothed_derivative=n/a guidance_stop_epoch=89 train_acc=42.44% val_acc=26.65% best=29.36% lr=0.00037625 time=12.4s avg_epoch=19.2s est_planned=1h 35m 45s elapsed=32m 47s
[OURS][102/300] loss=2.5017 ce=2.5017 align=0.0000 fuse=0.0000 feature=0.0000 beta=0.0000 guidance_active_next=False alg_raw_derivative=n/a alg_smoothed_derivative=n/a guidance_stop_epoch=89 train_acc=42.05% val_acc=28.89% best=29.36% lr=0.000373999 time=13.9s avg_epoch=19.1s est_planned=1h 35m 30s elapsed=33m 01s
[OURS][103/300] loss=2.4845 ce=2.4845 align=0.0000 fuse=0.0000 feature=0.0000 beta=0.0000 guidance_active_next=False alg_raw_derivative=n/a alg_smoothed_derivative=n/a guidance_stop_epoch=89 train_acc=43.16% val_acc=30.17% best=30.17% lr=0.000371734 time=14.4s avg_epoch=19.1s est_planned=1h 35m 16s elapsed=33m 16s saved_best
[OURS][104/300] loss=2.5118 ce=2.5118 align=0.0000 fuse=0.0000 feature=0.0000 beta=0.0000 guidance_active_next=False alg_raw_derivative=n/a alg_smoothed_derivative=n/a guidance_stop_epoch=89 train_acc=42.56% val_acc=29.89% best=30.17% lr=0.000369456 time=13.9s avg_epoch=19.0s est_planned=1h 35m 01s elapsed=33m 30s
[OURS][105/300] loss=2.4381 ce=2.4381 align=0.0000 fuse=0.0000 feature=0.0000 beta=0.0000 guidance_active_next=False alg_raw_derivative=n/a alg_smoothed_derivative=n/a guidance_stop_epoch=89 train_acc=43.88% val_acc=29.57% best=30.17% lr=0.000367166 time=12.8s avg_epoch=18.9s est_planned=1h 34m 43s elapsed=33m 43s
[OURS][106/300] loss=2.4663 ce=2.4663 align=0.0000 fuse=0.0000 feature=0.0000 beta=0.0000 guidance_active_next=False alg_raw_derivative=n/a alg_smoothed_derivative=n/a guidance_stop_epoch=89 train_acc=42.62% val_acc=28.36% best=30.17% lr=0.000364863 time=11.9s avg_epoch=18.9s est_planned=1h 34m 24s elapsed=33m 55s
[OURS][107/300] loss=2.4290 ce=2.4290 align=0.0000 fuse=0.0000 feature=0.0000 beta=0.0000 guidance_active_next=False alg_raw_derivative=n/a alg_smoothed_derivative=n/a guidance_stop_epoch=89 train_acc=44.22% val_acc=27.24% best=30.17% lr=0.000362547 time=12.6s avg_epoch=18.8s est_planned=1h 34m 06s elapsed=34m 08s
[OURS][108/300] loss=2.4408 ce=2.4408 align=0.0000 fuse=0.0000 feature=0.0000 beta=0.0000 guidance_active_next=False alg_raw_derivative=n/a alg_smoothed_derivative=n/a guidance_stop_epoch=89 train_acc=43.93% val_acc=28.20% best=30.17% lr=0.00036022 time=12.5s avg_epoch=18.8s est_planned=1h 33m 48s elapsed=34m 21s
[OURS][109/300] loss=2.3723 ce=2.3723 align=0.0000 fuse=0.0000 feature=0.0000 beta=0.0000 guidance_active_next=False alg_raw_derivative=n/a alg_smoothed_derivative=n/a guidance_stop_epoch=89 train_acc=46.40% val_acc=28.05% best=30.17% lr=0.00035788 time=12.9s avg_epoch=18.7s est_planned=1h 33m 32s elapsed=34m 34s
[OURS][110/300] loss=2.3023 ce=2.3023 align=0.0000 fuse=0.0000 feature=0.0000 beta=0.0000 guidance_active_next=False alg_raw_derivative=n/a alg_smoothed_derivative=n/a guidance_stop_epoch=89 train_acc=45.97% val_acc=27.82% best=30.17% lr=0.000355529 time=12.5s avg_epoch=18.7s est_planned=1h 33m 15s elapsed=34m 46s
[OURS][111/300] loss=2.2869 ce=2.2869 align=0.0000 fuse=0.0000 feature=0.0000 beta=0.0000 guidance_active_next=False alg_raw_derivative=n/a alg_smoothed_derivative=n/a guidance_stop_epoch=89 train_acc=47.24% val_acc=29.51% best=30.17% lr=0.000353167 time=13.7s avg_epoch=18.6s est_planned=1h 33m 02s elapsed=35m 00s
[OURS][112/300] loss=2.3042 ce=2.3042 align=0.0000 fuse=0.0000 feature=0.0000 beta=0.0000 guidance_active_next=False alg_raw_derivative=n/a alg_smoothed_derivative=n/a guidance_stop_epoch=89 train_acc=46.51% val_acc=28.96% best=30.17% lr=0.000350794 time=12.8s avg_epoch=18.6s est_planned=1h 32m 46s elapsed=35m 13s
[OURS][113/300] loss=2.2897 ce=2.2897 align=0.0000 fuse=0.0000 feature=0.0000 beta=0.0000 guidance_active_next=False alg_raw_derivative=n/a alg_smoothed_derivative=n/a guidance_stop_epoch=89 train_acc=47.09% val_acc=28.68% best=30.17% lr=0.00034841 time=14.5s avg_epoch=18.5s est_planned=1h 32m 36s elapsed=35m 28s
[OURS][114/300] loss=2.2936 ce=2.2936 align=0.0000 fuse=0.0000 feature=0.0000 beta=0.0000 guidance_active_next=False alg_raw_derivative=n/a alg_smoothed_derivative=n/a guidance_stop_epoch=89 train_acc=46.57% val_acc=29.27% best=30.17% lr=0.000346016 time=13.6s avg_epoch=18.5s est_planned=1h 32m 23s elapsed=35m 42s
[OURS][115/300] loss=2.2661 ce=2.2661 align=0.0000 fuse=0.0000 feature=0.0000 beta=0.0000 guidance_active_next=False alg_raw_derivative=n/a alg_smoothed_derivative=n/a guidance_stop_epoch=89 train_acc=47.60% val_acc=28.01% best=30.17% lr=0.000343611 time=14.6s avg_epoch=18.4s est_planned=1h 32m 13s elapsed=35m 57s
[OURS][116/300] loss=2.2794 ce=2.2794 align=0.0000 fuse=0.0000 feature=0.0000 beta=0.0000 guidance_active_next=False alg_raw_derivative=n/a alg_smoothed_derivative=n/a guidance_stop_epoch=89 train_acc=47.24% val_acc=28.86% best=30.17% lr=0.000341196 time=14.7s avg_epoch=18.4s est_planned=1h 32m 03s elapsed=36m 12s
[OURS][117/300] loss=2.2015 ce=2.2015 align=0.0000 fuse=0.0000 feature=0.0000 beta=0.0000 guidance_active_next=False alg_raw_derivative=n/a alg_smoothed_derivative=n/a guidance_stop_epoch=89 train_acc=49.43% val_acc=28.53% best=30.17% lr=0.000338772 time=14.9s avg_epoch=18.4s est_planned=1h 31m 54s elapsed=36m 27s
[OURS][118/300] loss=2.2001 ce=2.2001 align=0.0000 fuse=0.0000 feature=0.0000 beta=0.0000 guidance_active_next=False alg_raw_derivative=n/a alg_smoothed_derivative=n/a guidance_stop_epoch=89 train_acc=48.82% val_acc=28.37% best=30.17% lr=0.000336338 time=14.2s avg_epoch=18.3s est_planned=1h 31m 43s elapsed=36m 41s
[OURS][119/300] loss=2.2085 ce=2.2085 align=0.0000 fuse=0.0000 feature=0.0000 beta=0.0000 guidance_active_next=False alg_raw_derivative=n/a alg_smoothed_derivative=n/a guidance_stop_epoch=89 train_acc=48.69% val_acc=28.98% best=30.17% lr=0.000333894 time=13.8s avg_epoch=18.3s est_planned=1h 31m 32s elapsed=36m 55s
[OURS][120/300] loss=2.1822 ce=2.1822 align=0.0000 fuse=0.0000 feature=0.0000 beta=0.0000 guidance_active_next=False alg_raw_derivative=n/a alg_smoothed_derivative=n/a guidance_stop_epoch=89 train_acc=49.92% val_acc=28.05% best=30.17% lr=0.000331442 time=11.4s avg_epoch=18.2s est_planned=1h 31m 15s elapsed=37m 07s
[OURS][121/300] loss=2.1915 ce=2.1915 align=0.0000 fuse=0.0000 feature=0.0000 beta=0.0000 guidance_active_next=False alg_raw_derivative=n/a alg_smoothed_derivative=n/a guidance_stop_epoch=89 train_acc=48.84% val_acc=29.48% best=30.17% lr=0.000328982 time=12.9s avg_epoch=18.2s est_planned=1h 31m 02s elapsed=37m 20s
[OURS][122/300] loss=2.1849 ce=2.1849 align=0.0000 fuse=0.0000 feature=0.0000 beta=0.0000 guidance_active_next=False alg_raw_derivative=n/a alg_smoothed_derivative=n/a guidance_stop_epoch=89 train_acc=50.17% val_acc=28.36% best=30.17% lr=0.000326513 time=11.5s avg_epoch=18.1s est_planned=1h 30m 45s elapsed=37m 32s
[OURS][123/300] loss=2.1605 ce=2.1605 align=0.0000 fuse=0.0000 feature=0.0000 beta=0.0000 guidance_active_next=False alg_raw_derivative=n/a alg_smoothed_derivative=n/a guidance_stop_epoch=89 train_acc=49.90% val_acc=28.82% best=30.17% lr=0.000324035 time=12.0s avg_epoch=18.1s est_planned=1h 30m 30s elapsed=37m 44s
[OURS][124/300] loss=2.1409 ce=2.1409 align=0.0000 fuse=0.0000 feature=0.0000 beta=0.0000 guidance_active_next=False alg_raw_derivative=n/a alg_smoothed_derivative=n/a guidance_stop_epoch=89 train_acc=51.36% val_acc=28.93% best=30.17% lr=0.00032155 time=12.8s avg_epoch=18.1s est_planned=1h 30m 17s elapsed=37m 57s
[OURS][125/300] loss=2.0758 ce=2.0758 align=0.0000 fuse=0.0000 feature=0.0000 beta=0.0000 guidance_active_next=False alg_raw_derivative=n/a alg_smoothed_derivative=n/a guidance_stop_epoch=89 train_acc=51.81% val_acc=28.20% best=30.17% lr=0.000319058 time=12.7s avg_epoch=18.0s est_planned=1h 30m 04s elapsed=38m 10s
[OURS][126/300] loss=2.1240 ce=2.1240 align=0.0000 fuse=0.0000 feature=0.0000 beta=0.0000 guidance_active_next=False alg_raw_derivative=n/a alg_smoothed_derivative=n/a guidance_stop_epoch=89 train_acc=51.06% val_acc=28.36% best=30.17% lr=0.000316558 time=11.4s avg_epoch=18.0s est_planned=1h 29m 48s elapsed=38m 22s
[OURS][127/300] loss=2.1213 ce=2.1213 align=0.0000 fuse=0.0000 feature=0.0000 beta=0.0000 guidance_active_next=False alg_raw_derivative=n/a alg_smoothed_derivative=n/a guidance_stop_epoch=89 train_acc=51.85% val_acc=28.48% best=30.17% lr=0.000314051 time=11.5s avg_epoch=17.9s est_planned=1h 29m 33s elapsed=38m 33s
[OURS][128/300] loss=2.0186 ce=2.0186 align=0.0000 fuse=0.0000 feature=0.0000 beta=0.0000 guidance_active_next=False alg_raw_derivative=n/a alg_smoothed_derivative=n/a guidance_stop_epoch=89 train_acc=53.23% val_acc=28.31% best=30.17% lr=0.000311537 time=13.6s avg_epoch=17.9s est_planned=1h 29m 23s elapsed=38m 47s
[OURS][129/300] loss=2.0426 ce=2.0426 align=0.0000 fuse=0.0000 feature=0.0000 beta=0.0000 guidance_active_next=False alg_raw_derivative=n/a alg_smoothed_derivative=n/a guidance_stop_epoch=89 train_acc=53.02% val_acc=28.60% best=30.17% lr=0.000309017 time=11.4s avg_epoch=17.8s est_planned=1h 29m 08s elapsed=38m 59s
[OURS][130/300] loss=2.0574 ce=2.0574 align=0.0000 fuse=0.0000 feature=0.0000 beta=0.0000 guidance_active_next=False alg_raw_derivative=n/a alg_smoothed_derivative=n/a guidance_stop_epoch=89 train_acc=52.87% val_acc=29.05% best=30.17% lr=0.00030649 time=12.7s avg_epoch=17.8s est_planned=1h 28m 56s elapsed=39m 12s
[OURS][131/300] loss=2.0312 ce=2.0312 align=0.0000 fuse=0.0000 feature=0.0000 beta=0.0000 guidance_active_next=False alg_raw_derivative=n/a alg_smoothed_derivative=n/a guidance_stop_epoch=89 train_acc=52.97% val_acc=28.01% best=30.17% lr=0.000303958 time=12.9s avg_epoch=17.7s est_planned=1h 28m 45s elapsed=39m 25s
[OURS][132/300] loss=2.0133 ce=2.0133 align=0.0000 fuse=0.0000 feature=0.0000 beta=0.0000 guidance_active_next=False alg_raw_derivative=n/a alg_smoothed_derivative=n/a guidance_stop_epoch=89 train_acc=53.78% val_acc=28.48% best=30.17% lr=0.00030142 time=12.1s avg_epoch=17.7s est_planned=1h 28m 32s elapsed=39m 37s
[OURS][133/300] loss=2.0031 ce=2.0031 align=0.0000 fuse=0.0000 feature=0.0000 beta=0.0000 guidance_active_next=False alg_raw_derivative=n/a alg_smoothed_derivative=n/a guidance_stop_epoch=89 train_acc=54.00% val_acc=28.91% best=30.17% lr=0.000298877 time=14.6s avg_epoch=17.7s est_planned=1h 28m 25s elapsed=39m 52s
[OURS][134/300] loss=1.9641 ce=1.9641 align=0.0000 fuse=0.0000 feature=0.0000 beta=0.0000 guidance_active_next=False alg_raw_derivative=n/a alg_smoothed_derivative=n/a guidance_stop_epoch=89 train_acc=54.10% val_acc=28.25% best=30.17% lr=0.000296328 time=13.6s avg_epoch=17.7s est_planned=1h 28m 16s elapsed=40m 06s
[OURS][135/300] loss=1.9337 ce=1.9337 align=0.0000 fuse=0.0000 feature=0.0000 beta=0.0000 guidance_active_next=False alg_raw_derivative=n/a alg_smoothed_derivative=n/a guidance_stop_epoch=89 train_acc=55.33% val_acc=28.86% best=30.17% lr=0.000293775 time=11.5s avg_epoch=17.6s est_planned=1h 28m 02s elapsed=40m 17s
[OURS][136/300] loss=1.9264 ce=1.9264 align=0.0000 fuse=0.0000 feature=0.0000 beta=0.0000 guidance_active_next=False alg_raw_derivative=n/a alg_smoothed_derivative=n/a guidance_stop_epoch=89 train_acc=55.43% val_acc=27.86% best=30.17% lr=0.000291218 time=14.8s avg_epoch=17.6s est_planned=1h 27m 56s elapsed=40m 32s
[OURS][137/300] loss=1.8812 ce=1.8812 align=0.0000 fuse=0.0000 feature=0.0000 beta=0.0000 guidance_active_next=False alg_raw_derivative=n/a alg_smoothed_derivative=n/a guidance_stop_epoch=89 train_acc=56.32% val_acc=28.68% best=30.17% lr=0.000288656 time=14.7s avg_epoch=17.6s est_planned=1h 27m 49s elapsed=40m 47s
[OURS][138/300] loss=1.8976 ce=1.8976 align=0.0000 fuse=0.0000 feature=0.0000 beta=0.0000 guidance_active_next=False alg_raw_derivative=n/a alg_smoothed_derivative=n/a guidance_stop_epoch=89 train_acc=56.85% val_acc=28.25% best=30.17% lr=0.00028609 time=14.3s avg_epoch=17.5s est_planned=1h 27m 42s elapsed=41m 02s
[OURS][139/300] loss=1.8524 ce=1.8524 align=0.0000 fuse=0.0000 feature=0.0000 beta=0.0000 guidance_active_next=False alg_raw_derivative=n/a alg_smoothed_derivative=n/a guidance_stop_epoch=89 train_acc=57.02% val_acc=27.98% best=30.17% lr=0.00028352 time=14.1s avg_epoch=17.5s est_planned=1h 27m 35s elapsed=41m 16s
[OURS][140/300] loss=1.9005 ce=1.9005 align=0.0000 fuse=0.0000 feature=0.0000 beta=0.0000 guidance_active_next=False alg_raw_derivative=n/a alg_smoothed_derivative=n/a guidance_stop_epoch=89 train_acc=56.35% val_acc=28.06% best=30.17% lr=0.000280947 time=13.4s avg_epoch=17.5s est_planned=1h 27m 26s elapsed=41m 30s
[OURS][141/300] loss=1.8588 ce=1.8588 align=0.0000 fuse=0.0000 feature=0.0000 beta=0.0000 guidance_active_next=False alg_raw_derivative=n/a alg_smoothed_derivative=n/a guidance_stop_epoch=89 train_acc=57.63% val_acc=29.32% best=30.17% lr=0.000278371 time=14.1s avg_epoch=17.5s est_planned=1h 27m 19s elapsed=41m 44s
[OURS][142/300] loss=1.8983 ce=1.8983 align=0.0000 fuse=0.0000 feature=0.0000 beta=0.0000 guidance_active_next=False alg_raw_derivative=n/a alg_smoothed_derivative=n/a guidance_stop_epoch=89 train_acc=56.60% val_acc=28.56% best=30.17% lr=0.000275792 time=14.0s avg_epoch=17.4s est_planned=1h 27m 11s elapsed=41m 58s
[OURS][143/300] loss=1.8440 ce=1.8440 align=0.0000 fuse=0.0000 feature=0.0000 beta=0.0000 guidance_active_next=False alg_raw_derivative=n/a alg_smoothed_derivative=n/a guidance_stop_epoch=89 train_acc=58.01% val_acc=29.79% best=30.17% lr=0.00027321 time=13.0s avg_epoch=17.4s est_planned=1h 27m 02s elapsed=42m 11s
[OURS][144/300] loss=1.8053 ce=1.8053 align=0.0000 fuse=0.0000 feature=0.0000 beta=0.0000 guidance_active_next=False alg_raw_derivative=n/a alg_smoothed_derivative=n/a guidance_stop_epoch=89 train_acc=58.43% val_acc=28.75% best=30.17% lr=0.000270626 time=14.8s avg_epoch=17.4s est_planned=1h 26m 56s elapsed=42m 26s
[OURS][145/300] loss=1.8010 ce=1.8010 align=0.0000 fuse=0.0000 feature=0.0000 beta=0.0000 guidance_active_next=False alg_raw_derivative=n/a alg_smoothed_derivative=n/a guidance_stop_epoch=89 train_acc=58.23% val_acc=29.34% best=30.17% lr=0.000268041 time=14.2s avg_epoch=17.4s est_planned=1h 26m 50s elapsed=42m 41s
[OURS][146/300] loss=1.8056 ce=1.8056 align=0.0000 fuse=0.0000 feature=0.0000 beta=0.0000 guidance_active_next=False alg_raw_derivative=n/a alg_smoothed_derivative=n/a guidance_stop_epoch=89 train_acc=58.27% val_acc=29.94% best=30.17% lr=0.000265453 time=13.9s avg_epoch=17.3s est_planned=1h 26m 43s elapsed=42m 55s
[OURS][147/300] loss=1.7756 ce=1.7756 align=0.0000 fuse=0.0000 feature=0.0000 beta=0.0000 guidance_active_next=False alg_raw_derivative=n/a alg_smoothed_derivative=n/a guidance_stop_epoch=89 train_acc=58.92% val_acc=29.77% best=30.17% lr=0.000262864 time=13.4s avg_epoch=17.3s est_planned=1h 26m 35s elapsed=43m 08s
[OURS][148/300] loss=1.7650 ce=1.7650 align=0.0000 fuse=0.0000 feature=0.0000 beta=0.0000 guidance_active_next=False alg_raw_derivative=n/a alg_smoothed_derivative=n/a guidance_stop_epoch=89 train_acc=58.65% val_acc=29.12% best=30.17% lr=0.000260274 time=12.4s avg_epoch=17.3s est_planned=1h 26m 25s elapsed=43m 21s
[OURS][149/300] loss=1.7859 ce=1.7859 align=0.0000 fuse=0.0000 feature=0.0000 beta=0.0000 guidance_active_next=False alg_raw_derivative=n/a alg_smoothed_derivative=n/a guidance_stop_epoch=89 train_acc=58.79% val_acc=28.01% best=30.17% lr=0.000257683 time=12.4s avg_epoch=17.2s est_planned=1h 26m 15s elapsed=43m 34s
[OURS][150/300] loss=1.8287 ce=1.8287 align=0.0000 fuse=0.0000 feature=0.0000 beta=0.0000 guidance_active_next=False alg_raw_derivative=n/a alg_smoothed_derivative=n/a guidance_stop_epoch=89 train_acc=57.68% val_acc=29.08% best=30.17% lr=0.000255092 time=13.5s avg_epoch=17.2s est_planned=1h 26m 07s elapsed=43m 47s
[OURS][151/300] loss=1.7327 ce=1.7327 align=0.0000 fuse=0.0000 feature=0.0000 beta=0.0000 guidance_active_next=False alg_raw_derivative=n/a alg_smoothed_derivative=n/a guidance_stop_epoch=89 train_acc=59.39% val_acc=28.32% best=30.17% lr=0.0002525 time=14.3s avg_epoch=17.2s est_planned=1h 26m 02s elapsed=44m 02s
[OURS][152/300] loss=1.7648 ce=1.7648 align=0.0000 fuse=0.0000 feature=0.0000 beta=0.0000 guidance_active_next=False alg_raw_derivative=n/a alg_smoothed_derivative=n/a guidance_stop_epoch=89 train_acc=58.80% val_acc=28.93% best=30.17% lr=0.000249908 time=14.7s avg_epoch=17.2s est_planned=1h 25m 57s elapsed=44m 17s
[OURS][153/300] loss=1.7105 ce=1.7105 align=0.0000 fuse=0.0000 feature=0.0000 beta=0.0000 guidance_active_next=False alg_raw_derivative=n/a alg_smoothed_derivative=n/a guidance_stop_epoch=89 train_acc=60.60% val_acc=28.10% best=30.17% lr=0.000247317 time=14.2s avg_epoch=17.2s est_planned=1h 25m 51s elapsed=44m 31s
[OURS][154/300] loss=1.6616 ce=1.6616 align=0.0000 fuse=0.0000 feature=0.0000 beta=0.0000 guidance_active_next=False alg_raw_derivative=n/a alg_smoothed_derivative=n/a guidance_stop_epoch=89 train_acc=60.89% val_acc=28.48% best=30.17% lr=0.000244726 time=13.8s avg_epoch=17.1s est_planned=1h 25m 44s elapsed=44m 45s
[OURS][155/300] loss=1.6945 ce=1.6945 align=0.0000 fuse=0.0000 feature=0.0000 beta=0.0000 guidance_active_next=False alg_raw_derivative=n/a alg_smoothed_derivative=n/a guidance_stop_epoch=89 train_acc=61.09% val_acc=28.08% best=30.17% lr=0.000242136 time=14.4s avg_epoch=17.1s est_planned=1h 25m 39s elapsed=45m 00s
[OURS][156/300] loss=1.7179 ce=1.7179 align=0.0000 fuse=0.0000 feature=0.0000 beta=0.0000 guidance_active_next=False alg_raw_derivative=n/a alg_smoothed_derivative=n/a guidance_stop_epoch=89 train_acc=60.20% val_acc=29.03% best=30.17% lr=0.000239547 time=13.1s avg_epoch=17.1s est_planned=1h 25m 31s elapsed=45m 13s
[OURS][157/300] loss=1.6526 ce=1.6526 align=0.0000 fuse=0.0000 feature=0.0000 beta=0.0000 guidance_active_next=False alg_raw_derivative=n/a alg_smoothed_derivative=n/a guidance_stop_epoch=89 train_acc=61.88% val_acc=29.63% best=30.17% lr=0.000236959 time=12.3s avg_epoch=17.1s est_planned=1h 25m 22s elapsed=45m 26s
[OURS][158/300] loss=1.6970 ce=1.6970 align=0.0000 fuse=0.0000 feature=0.0000 beta=0.0000 guidance_active_next=False alg_raw_derivative=n/a alg_smoothed_derivative=n/a guidance_stop_epoch=89 train_acc=60.52% val_acc=29.13% best=30.17% lr=0.000234374 time=11.9s avg_epoch=17.0s est_planned=1h 25m 12s elapsed=45m 38s
[OURS][159/300] loss=1.6599 ce=1.6599 align=0.0000 fuse=0.0000 feature=0.0000 beta=0.0000 guidance_active_next=False alg_raw_derivative=n/a alg_smoothed_derivative=n/a guidance_stop_epoch=89 train_acc=61.31% val_acc=29.00% best=30.17% lr=0.00023179 time=13.2s avg_epoch=17.0s est_planned=1h 25m 05s elapsed=45m 51s
[OURS][160/300] loss=1.6773 ce=1.6773 align=0.0000 fuse=0.0000 feature=0.0000 beta=0.0000 guidance_active_next=False alg_raw_derivative=n/a alg_smoothed_derivative=n/a guidance_stop_epoch=89 train_acc=60.74% val_acc=27.98% best=30.17% lr=0.000229208 time=12.7s avg_epoch=17.0s est_planned=1h 24m 57s elapsed=46m 04s
[OURS][161/300] loss=1.6131 ce=1.6131 align=0.0000 fuse=0.0000 feature=0.0000 beta=0.0000 guidance_active_next=False alg_raw_derivative=n/a alg_smoothed_derivative=n/a guidance_stop_epoch=89 train_acc=61.95% val_acc=28.89% best=30.17% lr=0.000226629 time=13.5s avg_epoch=17.0s est_planned=1h 24m 50s elapsed=46m 18s
[OURS][162/300] loss=1.6578 ce=1.6578 align=0.0000 fuse=0.0000 feature=0.0000 beta=0.0000 guidance_active_next=False alg_raw_derivative=n/a alg_smoothed_derivative=n/a guidance_stop_epoch=89 train_acc=61.56% val_acc=27.93% best=30.17% lr=0.000224053 time=13.5s avg_epoch=16.9s est_planned=1h 24m 44s elapsed=46m 32s
[OURS][163/300] loss=1.6425 ce=1.6425 align=0.0000 fuse=0.0000 feature=0.0000 beta=0.0000 guidance_active_next=False alg_raw_derivative=n/a alg_smoothed_derivative=n/a guidance_stop_epoch=89 train_acc=60.99% val_acc=28.84% best=30.17% lr=0.00022148 time=11.3s avg_epoch=16.9s est_planned=1h 24m 33s elapsed=46m 43s
[OURS][164/300] loss=1.5813 ce=1.5813 align=0.0000 fuse=0.0000 feature=0.0000 beta=0.0000 guidance_active_next=False alg_raw_derivative=n/a alg_smoothed_derivative=n/a guidance_stop_epoch=89 train_acc=63.74% val_acc=28.48% best=30.17% lr=0.00021891 time=12.5s avg_epoch=16.9s est_planned=1h 24m 25s elapsed=46m 56s
[OURS][165/300] loss=1.6136 ce=1.6136 align=0.0000 fuse=0.0000 feature=0.0000 beta=0.0000 guidance_active_next=False alg_raw_derivative=n/a alg_smoothed_derivative=n/a guidance_stop_epoch=89 train_acc=62.92% val_acc=29.24% best=30.17% lr=0.000216344 time=11.5s avg_epoch=16.9s est_planned=1h 24m 16s elapsed=47m 08s
[OURS][166/300] loss=1.5728 ce=1.5728 align=0.0000 fuse=0.0000 feature=0.0000 beta=0.0000 guidance_active_next=False alg_raw_derivative=n/a alg_smoothed_derivative=n/a guidance_stop_epoch=89 train_acc=63.31% val_acc=28.98% best=30.17% lr=0.000213782 time=13.4s avg_epoch=16.8s est_planned=1h 24m 09s elapsed=47m 21s
[OURS][167/300] loss=1.5734 ce=1.5734 align=0.0000 fuse=0.0000 feature=0.0000 beta=0.0000 guidance_active_next=False alg_raw_derivative=n/a alg_smoothed_derivative=n/a guidance_stop_epoch=89 train_acc=63.76% val_acc=29.13% best=30.17% lr=0.000211225 time=11.5s avg_epoch=16.8s est_planned=1h 24m 00s elapsed=47m 33s
[OURS][168/300] loss=1.5986 ce=1.5986 align=0.0000 fuse=0.0000 feature=0.0000 beta=0.0000 guidance_active_next=False alg_raw_derivative=n/a alg_smoothed_derivative=n/a guidance_stop_epoch=89 train_acc=63.09% val_acc=28.91% best=30.17% lr=0.000208672 time=12.1s avg_epoch=16.8s est_planned=1h 23m 51s elapsed=47m 45s
[OURS][169/300] loss=1.5721 ce=1.5721 align=0.0000 fuse=0.0000 feature=0.0000 beta=0.0000 guidance_active_next=False alg_raw_derivative=n/a alg_smoothed_derivative=n/a guidance_stop_epoch=89 train_acc=63.49% val_acc=29.10% best=30.17% lr=0.000206123 time=11.9s avg_epoch=16.7s est_planned=1h 23m 43s elapsed=47m 58s
[OURS][170/300] loss=1.5604 ce=1.5604 align=0.0000 fuse=0.0000 feature=0.0000 beta=0.0000 guidance_active_next=False alg_raw_derivative=n/a alg_smoothed_derivative=n/a guidance_stop_epoch=89 train_acc=64.31% val_acc=28.39% best=30.17% lr=0.00020358 time=12.3s avg_epoch=16.7s est_planned=1h 23m 35s elapsed=48m 10s
[OURS][171/300] loss=1.5200 ce=1.5200 align=0.0000 fuse=0.0000 feature=0.0000 beta=0.0000 guidance_active_next=False alg_raw_derivative=n/a alg_smoothed_derivative=n/a guidance_stop_epoch=89 train_acc=64.84% val_acc=29.81% best=30.17% lr=0.000201042 time=11.6s avg_epoch=16.7s est_planned=1h 23m 26s elapsed=48m 22s
[OURS][172/300] loss=1.5729 ce=1.5729 align=0.0000 fuse=0.0000 feature=0.0000 beta=0.0000 guidance_active_next=False alg_raw_derivative=n/a alg_smoothed_derivative=n/a guidance_stop_epoch=89 train_acc=63.31% val_acc=28.68% best=30.17% lr=0.00019851 time=11.4s avg_epoch=16.7s est_planned=1h 23m 17s elapsed=48m 33s
[OURS][173/300] loss=1.4881 ce=1.4881 align=0.0000 fuse=0.0000 feature=0.0000 beta=0.0000 guidance_active_next=False alg_raw_derivative=n/a alg_smoothed_derivative=n/a guidance_stop_epoch=89 train_acc=64.48% val_acc=28.62% best=30.17% lr=0.000195983 time=13.0s avg_epoch=16.6s est_planned=1h 23m 10s elapsed=48m 47s
[OURS][174/300] loss=1.4934 ce=1.4934 align=0.0000 fuse=0.0000 feature=0.0000 beta=0.0000 guidance_active_next=False alg_raw_derivative=n/a alg_smoothed_derivative=n/a guidance_stop_epoch=89 train_acc=65.44% val_acc=28.17% best=30.17% lr=0.000193463 time=14.9s avg_epoch=16.6s est_planned=1h 23m 07s elapsed=49m 02s
[OURS][175/300] loss=1.4976 ce=1.4976 align=0.0000 fuse=0.0000 feature=0.0000 beta=0.0000 guidance_active_next=False alg_raw_derivative=n/a alg_smoothed_derivative=n/a guidance_stop_epoch=89 train_acc=64.68% val_acc=29.27% best=30.17% lr=0.000190949 time=14.9s avg_epoch=16.6s est_planned=1h 23m 04s elapsed=49m 17s
[OURS][176/300] loss=1.4640 ce=1.4640 align=0.0000 fuse=0.0000 feature=0.0000 beta=0.0000 guidance_active_next=False alg_raw_derivative=n/a alg_smoothed_derivative=n/a guidance_stop_epoch=89 train_acc=65.47% val_acc=29.15% best=30.17% lr=0.000188442 time=14.8s avg_epoch=16.6s est_planned=1h 23m 01s elapsed=49m 32s
[OURS][177/300] loss=1.4811 ce=1.4811 align=0.0000 fuse=0.0000 feature=0.0000 beta=0.0000 guidance_active_next=False alg_raw_derivative=n/a alg_smoothed_derivative=n/a guidance_stop_epoch=89 train_acc=65.36% val_acc=28.24% best=30.17% lr=0.000185942 time=13.7s avg_epoch=16.6s est_planned=1h 22m 56s elapsed=49m 46s
[OURS][178/300] loss=1.4770 ce=1.4770 align=0.0000 fuse=0.0000 feature=0.0000 beta=0.0000 guidance_active_next=False alg_raw_derivative=n/a alg_smoothed_derivative=n/a guidance_stop_epoch=89 train_acc=65.54% val_acc=28.72% best=30.17% lr=0.00018345 time=13.7s avg_epoch=16.6s est_planned=1h 22m 51s elapsed=50m 00s
[OURS][179/300] loss=1.4961 ce=1.4961 align=0.0000 fuse=0.0000 feature=0.0000 beta=0.0000 guidance_active_next=False alg_raw_derivative=n/a alg_smoothed_derivative=n/a guidance_stop_epoch=89 train_acc=65.05% val_acc=28.67% best=30.17% lr=0.000180965 time=13.0s avg_epoch=16.6s est_planned=1h 22m 45s elapsed=50m 13s
[OURS][180/300] loss=1.4481 ce=1.4481 align=0.0000 fuse=0.0000 feature=0.0000 beta=0.0000 guidance_active_next=False alg_raw_derivative=n/a alg_smoothed_derivative=n/a guidance_stop_epoch=89 train_acc=66.78% val_acc=28.51% best=30.17% lr=0.000178487 time=14.4s avg_epoch=16.5s est_planned=1h 22m 42s elapsed=50m 27s
[OURS][181/300] loss=1.4611 ce=1.4611 align=0.0000 fuse=0.0000 feature=0.0000 beta=0.0000 guidance_active_next=False alg_raw_derivative=n/a alg_smoothed_derivative=n/a guidance_stop_epoch=89 train_acc=66.08% val_acc=29.31% best=30.17% lr=0.000176018 time=12.2s avg_epoch=16.5s est_planned=1h 22m 35s elapsed=50m 40s
[OURS][182/300] loss=1.4403 ce=1.4403 align=0.0000 fuse=0.0000 feature=0.0000 beta=0.0000 guidance_active_next=False alg_raw_derivative=n/a alg_smoothed_derivative=n/a guidance_stop_epoch=89 train_acc=66.43% val_acc=28.63% best=30.17% lr=0.000173558 time=11.5s avg_epoch=16.5s est_planned=1h 22m 26s elapsed=50m 52s
[OURS][183/300] loss=1.4338 ce=1.4338 align=0.0000 fuse=0.0000 feature=0.0000 beta=0.0000 guidance_active_next=False alg_raw_derivative=n/a alg_smoothed_derivative=n/a guidance_stop_epoch=89 train_acc=66.57% val_acc=29.32% best=30.17% lr=0.000171106 time=12.4s avg_epoch=16.5s est_planned=1h 22m 19s elapsed=51m 04s
[OURS][184/300] loss=1.3213 ce=1.3213 align=0.0000 fuse=0.0000 feature=0.0000 beta=0.0000 guidance_active_next=False alg_raw_derivative=n/a alg_smoothed_derivative=n/a guidance_stop_epoch=89 train_acc=68.90% val_acc=29.62% best=30.17% lr=0.000168662 time=13.4s avg_epoch=16.4s est_planned=1h 22m 15s elapsed=51m 18s
[OURS][185/300] loss=1.4346 ce=1.4346 align=0.0000 fuse=0.0000 feature=0.0000 beta=0.0000 guidance_active_next=False alg_raw_derivative=n/a alg_smoothed_derivative=n/a guidance_stop_epoch=89 train_acc=66.97% val_acc=29.15% best=30.17% lr=0.000166228 time=13.6s avg_epoch=16.4s est_planned=1h 22m 10s elapsed=51m 32s
[OURS][186/300] loss=1.4242 ce=1.4242 align=0.0000 fuse=0.0000 feature=0.0000 beta=0.0000 guidance_active_next=False alg_raw_derivative=n/a alg_smoothed_derivative=n/a guidance_stop_epoch=89 train_acc=66.85% val_acc=28.36% best=30.17% lr=0.000163804 time=12.0s avg_epoch=16.4s est_planned=1h 22m 03s elapsed=51m 44s
[OURS][187/300] loss=1.3699 ce=1.3699 align=0.0000 fuse=0.0000 feature=0.0000 beta=0.0000 guidance_active_next=False alg_raw_derivative=n/a alg_smoothed_derivative=n/a guidance_stop_epoch=89 train_acc=68.30% val_acc=28.34% best=30.17% lr=0.000161389 time=11.6s avg_epoch=16.4s est_planned=1h 21m 55s elapsed=51m 56s
[OURS][188/300] loss=1.3359 ce=1.3359 align=0.0000 fuse=0.0000 feature=0.0000 beta=0.0000 guidance_active_next=False alg_raw_derivative=n/a alg_smoothed_derivative=n/a guidance_stop_epoch=89 train_acc=68.65% val_acc=29.17% best=30.17% lr=0.000158984 time=14.7s avg_epoch=16.4s est_planned=1h 21m 52s elapsed=52m 11s
[OURS][189/300] loss=1.3522 ce=1.3522 align=0.0000 fuse=0.0000 feature=0.0000 beta=0.0000 guidance_active_next=False alg_raw_derivative=n/a alg_smoothed_derivative=n/a guidance_stop_epoch=89 train_acc=67.96% val_acc=28.51% best=30.17% lr=0.00015659 time=13.8s avg_epoch=16.4s est_planned=1h 21m 48s elapsed=52m 25s
[OURS][190/300] loss=1.3418 ce=1.3418 align=0.0000 fuse=0.0000 feature=0.0000 beta=0.0000 guidance_active_next=False alg_raw_derivative=n/a alg_smoothed_derivative=n/a guidance_stop_epoch=89 train_acc=69.22% val_acc=28.56% best=30.17% lr=0.000154206 time=13.1s avg_epoch=16.3s est_planned=1h 21m 43s elapsed=52m 38s
[OURS][191/300] loss=1.3531 ce=1.3531 align=0.0000 fuse=0.0000 feature=0.0000 beta=0.0000 guidance_active_next=False alg_raw_derivative=n/a alg_smoothed_derivative=n/a guidance_stop_epoch=89 train_acc=68.48% val_acc=28.70% best=30.17% lr=0.000151833 time=13.5s avg_epoch=16.3s est_planned=1h 21m 39s elapsed=52m 52s
[OURS][192/300] loss=1.3504 ce=1.3504 align=0.0000 fuse=0.0000 feature=0.0000 beta=0.0000 guidance_active_next=False alg_raw_derivative=n/a alg_smoothed_derivative=n/a guidance_stop_epoch=89 train_acc=67.69% val_acc=28.39% best=30.17% lr=0.000149471 time=12.2s avg_epoch=16.3s est_planned=1h 21m 32s elapsed=53m 04s
[OURS][193/300] loss=1.3398 ce=1.3398 align=0.0000 fuse=0.0000 feature=0.0000 beta=0.0000 guidance_active_next=False alg_raw_derivative=n/a alg_smoothed_derivative=n/a guidance_stop_epoch=89 train_acc=69.30% val_acc=28.75% best=30.17% lr=0.00014712 time=13.3s avg_epoch=16.3s est_planned=1h 21m 28s elapsed=53m 18s
[OURS][194/300] loss=1.3206 ce=1.3206 align=0.0000 fuse=0.0000 feature=0.0000 beta=0.0000 guidance_active_next=False alg_raw_derivative=n/a alg_smoothed_derivative=n/a guidance_stop_epoch=89 train_acc=69.05% val_acc=28.86% best=30.17% lr=0.00014478 time=12.5s avg_epoch=16.3s est_planned=1h 21m 22s elapsed=53m 30s
[OURS][195/300] loss=1.3098 ce=1.3098 align=0.0000 fuse=0.0000 feature=0.0000 beta=0.0000 guidance_active_next=False alg_raw_derivative=n/a alg_smoothed_derivative=n/a guidance_stop_epoch=89 train_acc=69.72% val_acc=28.22% best=30.17% lr=0.000142453 time=14.4s avg_epoch=16.3s est_planned=1h 21m 19s elapsed=53m 45s
[OURS][196/300] loss=1.3181 ce=1.3181 align=0.0000 fuse=0.0000 feature=0.0000 beta=0.0000 guidance_active_next=False alg_raw_derivative=n/a alg_smoothed_derivative=n/a guidance_stop_epoch=89 train_acc=69.10% val_acc=28.94% best=30.17% lr=0.000140137 time=12.8s avg_epoch=16.2s est_planned=1h 21m 14s elapsed=53m 58s
[OURS][197/300] loss=1.3155 ce=1.3155 align=0.0000 fuse=0.0000 feature=0.0000 beta=0.0000 guidance_active_next=False alg_raw_derivative=n/a alg_smoothed_derivative=n/a guidance_stop_epoch=89 train_acc=69.71% val_acc=29.05% best=30.17% lr=0.000137834 time=12.7s avg_epoch=16.2s est_planned=1h 21m 08s elapsed=54m 11s
[OURS][198/300] loss=1.3165 ce=1.3165 align=0.0000 fuse=0.0000 feature=0.0000 beta=0.0000 guidance_active_next=False alg_raw_derivative=n/a alg_smoothed_derivative=n/a guidance_stop_epoch=89 train_acc=69.56% val_acc=28.84% best=30.17% lr=0.000135544 time=12.8s avg_epoch=16.2s est_planned=1h 21m 03s elapsed=54m 24s
[OURS][199/300] loss=1.3184 ce=1.3184 align=0.0000 fuse=0.0000 feature=0.0000 beta=0.0000 guidance_active_next=False alg_raw_derivative=n/a alg_smoothed_derivative=n/a guidance_stop_epoch=89 train_acc=69.52% val_acc=29.67% best=30.17% lr=0.000133266 time=12.1s avg_epoch=16.2s est_planned=1h 20m 57s elapsed=54m 36s
[OURS][200/300] loss=1.2279 ce=1.2279 align=0.0000 fuse=0.0000 feature=0.0000 beta=0.0000 guidance_active_next=False alg_raw_derivative=n/a alg_smoothed_derivative=n/a guidance_stop_epoch=89 train_acc=71.89% val_acc=28.58% best=30.17% lr=0.000131001 time=12.9s avg_epoch=16.2s est_planned=1h 20m 52s elapsed=54m 49s
[OURS][201/300] loss=1.2516 ce=1.2516 align=0.0000 fuse=0.0000 feature=0.0000 beta=0.0000 guidance_active_next=False alg_raw_derivative=n/a alg_smoothed_derivative=n/a guidance_stop_epoch=89 train_acc=70.88% val_acc=29.15% best=30.17% lr=0.00012875 time=14.4s avg_epoch=16.2s est_planned=1h 20m 49s elapsed=55m 04s
[OURS][202/300] loss=1.2552 ce=1.2552 align=0.0000 fuse=0.0000 feature=0.0000 beta=0.0000 guidance_active_next=False alg_raw_derivative=n/a alg_smoothed_derivative=n/a guidance_stop_epoch=89 train_acc=70.35% val_acc=29.93% best=30.17% lr=0.000126512 time=12.0s avg_epoch=16.1s est_planned=1h 20m 43s elapsed=55m 16s
[OURS][203/300] loss=1.2416 ce=1.2416 align=0.0000 fuse=0.0000 feature=0.0000 beta=0.0000 guidance_active_next=False alg_raw_derivative=n/a alg_smoothed_derivative=n/a guidance_stop_epoch=89 train_acc=71.02% val_acc=28.94% best=30.17% lr=0.000124288 time=13.4s avg_epoch=16.1s est_planned=1h 20m 39s elapsed=55m 30s
[OURS][204/300] loss=1.3008 ce=1.3008 align=0.0000 fuse=0.0000 feature=0.0000 beta=0.0000 guidance_active_next=False alg_raw_derivative=n/a alg_smoothed_derivative=n/a guidance_stop_epoch=89 train_acc=70.13% val_acc=29.75% best=30.17% lr=0.000122078 time=14.7s avg_epoch=16.1s est_planned=1h 20m 37s elapsed=55m 45s
[OURS][205/300] loss=1.2454 ce=1.2454 align=0.0000 fuse=0.0000 feature=0.0000 beta=0.0000 guidance_active_next=False alg_raw_derivative=n/a alg_smoothed_derivative=n/a guidance_stop_epoch=89 train_acc=70.77% val_acc=27.91% best=30.17% lr=0.000119883 time=14.4s avg_epoch=16.1s est_planned=1h 20m 34s elapsed=55m 59s
[OURS][206/300] loss=1.2835 ce=1.2835 align=0.0000 fuse=0.0000 feature=0.0000 beta=0.0000 guidance_active_next=False alg_raw_derivative=n/a alg_smoothed_derivative=n/a guidance_stop_epoch=89 train_acc=69.98% val_acc=28.24% best=30.17% lr=0.000117702 time=14.0s avg_epoch=16.1s est_planned=1h 20m 31s elapsed=56m 14s
[OURS][207/300] loss=1.2256 ce=1.2256 align=0.0000 fuse=0.0000 feature=0.0000 beta=0.0000 guidance_active_next=False alg_raw_derivative=n/a alg_smoothed_derivative=n/a guidance_stop_epoch=89 train_acc=70.87% val_acc=28.44% best=30.17% lr=0.000115536 time=13.7s avg_epoch=16.1s est_planned=1h 20m 28s elapsed=56m 28s
[OURS][208/300] loss=1.2479 ce=1.2479 align=0.0000 fuse=0.0000 feature=0.0000 beta=0.0000 guidance_active_next=False alg_raw_derivative=n/a alg_smoothed_derivative=n/a guidance_stop_epoch=89 train_acc=70.35% val_acc=28.84% best=30.17% lr=0.000113384 time=12.1s avg_epoch=16.1s est_planned=1h 20m 22s elapsed=56m 40s
[OURS][209/300] loss=1.1780 ce=1.1780 align=0.0000 fuse=0.0000 feature=0.0000 beta=0.0000 guidance_active_next=False alg_raw_derivative=n/a alg_smoothed_derivative=n/a guidance_stop_epoch=89 train_acc=72.41% val_acc=29.00% best=30.17% lr=0.000111248 time=12.2s avg_epoch=16.1s est_planned=1h 20m 17s elapsed=56m 52s
[OURS][210/300] loss=1.2308 ce=1.2308 align=0.0000 fuse=0.0000 feature=0.0000 beta=0.0000 guidance_active_next=False alg_raw_derivative=n/a alg_smoothed_derivative=n/a guidance_stop_epoch=89 train_acc=71.15% val_acc=27.58% best=30.17% lr=0.000109128 time=11.5s avg_epoch=16.0s est_planned=1h 20m 10s elapsed=57m 04s
[OURS][211/300] loss=1.2126 ce=1.2126 align=0.0000 fuse=0.0000 feature=0.0000 beta=0.0000 guidance_active_next=False alg_raw_derivative=n/a alg_smoothed_derivative=n/a guidance_stop_epoch=89 train_acc=71.05% val_acc=28.62% best=30.17% lr=0.000107023 time=14.0s avg_epoch=16.0s est_planned=1h 20m 07s elapsed=57m 18s
[OURS][212/300] loss=1.2051 ce=1.2051 align=0.0000 fuse=0.0000 feature=0.0000 beta=0.0000 guidance_active_next=False alg_raw_derivative=n/a alg_smoothed_derivative=n/a guidance_stop_epoch=89 train_acc=71.74% val_acc=28.68% best=30.17% lr=0.000104934 time=14.7s avg_epoch=16.0s est_planned=1h 20m 05s elapsed=57m 33s
[OURS][213/300] loss=1.1895 ce=1.1895 align=0.0000 fuse=0.0000 feature=0.0000 beta=0.0000 guidance_active_next=False alg_raw_derivative=n/a alg_smoothed_derivative=n/a guidance_stop_epoch=89 train_acc=72.04% val_acc=28.08% best=30.17% lr=0.000102862 time=14.5s avg_epoch=16.0s est_planned=1h 20m 03s elapsed=57m 48s
[OURS][214/300] loss=1.1989 ce=1.1989 align=0.0000 fuse=0.0000 feature=0.0000 beta=0.0000 guidance_active_next=False alg_raw_derivative=n/a alg_smoothed_derivative=n/a guidance_stop_epoch=89 train_acc=71.59% val_acc=28.74% best=30.17% lr=0.000100806 time=13.5s avg_epoch=16.0s est_planned=1h 20m 00s elapsed=58m 02s
[OURS][215/300] loss=1.2044 ce=1.2044 align=0.0000 fuse=0.0000 feature=0.0000 beta=0.0000 guidance_active_next=False alg_raw_derivative=n/a alg_smoothed_derivative=n/a guidance_stop_epoch=89 train_acc=71.44% val_acc=28.39% best=30.17% lr=9.87659e-05 time=11.6s avg_epoch=16.0s est_planned=1h 19m 54s elapsed=58m 13s
[OURS][216/300] loss=1.1947 ce=1.1947 align=0.0000 fuse=0.0000 feature=0.0000 beta=0.0000 guidance_active_next=False alg_raw_derivative=n/a alg_smoothed_derivative=n/a guidance_stop_epoch=89 train_acc=72.28% val_acc=28.96% best=30.17% lr=9.67432e-05 time=11.6s avg_epoch=16.0s est_planned=1h 19m 48s elapsed=58m 25s
[OURS][217/300] loss=1.1763 ce=1.1763 align=0.0000 fuse=0.0000 feature=0.0000 beta=0.0000 guidance_active_next=False alg_raw_derivative=n/a alg_smoothed_derivative=n/a guidance_stop_epoch=89 train_acc=72.18% val_acc=29.27% best=30.17% lr=9.47376e-05 time=14.0s avg_epoch=15.9s est_planned=1h 19m 45s elapsed=58m 40s
[OURS][218/300] loss=1.1913 ce=1.1913 align=0.0000 fuse=0.0000 feature=0.0000 beta=0.0000 guidance_active_next=False alg_raw_derivative=n/a alg_smoothed_derivative=n/a guidance_stop_epoch=89 train_acc=72.19% val_acc=28.81% best=30.17% lr=9.27492e-05 time=14.3s avg_epoch=15.9s est_planned=1h 19m 43s elapsed=58m 54s
[OURS][219/300] loss=1.1432 ce=1.1432 align=0.0000 fuse=0.0000 feature=0.0000 beta=0.0000 guidance_active_next=False alg_raw_derivative=n/a alg_smoothed_derivative=n/a guidance_stop_epoch=89 train_acc=72.95% val_acc=28.87% best=30.17% lr=9.07784e-05 time=13.7s avg_epoch=15.9s est_planned=1h 19m 39s elapsed=59m 08s
[OURS][220/300] loss=1.1370 ce=1.1370 align=0.0000 fuse=0.0000 feature=0.0000 beta=0.0000 guidance_active_next=False alg_raw_derivative=n/a alg_smoothed_derivative=n/a guidance_stop_epoch=89 train_acc=72.80% val_acc=28.37% best=30.17% lr=8.88253e-05 time=14.3s avg_epoch=15.9s est_planned=1h 19m 37s elapsed=59m 22s
[OURS][221/300] loss=1.1407 ce=1.1407 align=0.0000 fuse=0.0000 feature=0.0000 beta=0.0000 guidance_active_next=False alg_raw_derivative=n/a alg_smoothed_derivative=n/a guidance_stop_epoch=89 train_acc=73.15% val_acc=29.13% best=30.17% lr=8.68902e-05 time=14.5s avg_epoch=15.9s est_planned=1h 19m 35s elapsed=59m 37s
[OURS][222/300] loss=1.1725 ce=1.1725 align=0.0000 fuse=0.0000 feature=0.0000 beta=0.0000 guidance_active_next=False alg_raw_derivative=n/a alg_smoothed_derivative=n/a guidance_stop_epoch=89 train_acc=73.24% val_acc=29.20% best=30.17% lr=8.49732e-05 time=13.0s avg_epoch=15.9s est_planned=1h 19m 31s elapsed=59m 50s
[OURS][223/300] loss=1.1564 ce=1.1564 align=0.0000 fuse=0.0000 feature=0.0000 beta=0.0000 guidance_active_next=False alg_raw_derivative=n/a alg_smoothed_derivative=n/a guidance_stop_epoch=89 train_acc=73.00% val_acc=28.53% best=30.17% lr=8.30746e-05 time=13.5s avg_epoch=15.9s est_planned=1h 19m 28s elapsed=1h 00m 04s
[OURS][224/300] loss=1.1609 ce=1.1609 align=0.0000 fuse=0.0000 feature=0.0000 beta=0.0000 guidance_active_next=False alg_raw_derivative=n/a alg_smoothed_derivative=n/a guidance_stop_epoch=89 train_acc=73.29% val_acc=28.81% best=30.17% lr=8.11946e-05 time=11.8s avg_epoch=15.9s est_planned=1h 19m 23s elapsed=1h 00m 16s
[OURS][225/300] loss=1.1284 ce=1.1284 align=0.0000 fuse=0.0000 feature=0.0000 beta=0.0000 guidance_active_next=False alg_raw_derivative=n/a alg_smoothed_derivative=n/a guidance_stop_epoch=89 train_acc=73.00% val_acc=28.53% best=30.17% lr=7.93333e-05 time=12.5s avg_epoch=15.9s est_planned=1h 19m 18s elapsed=1h 00m 29s
[OURS][226/300] loss=1.1190 ce=1.1190 align=0.0000 fuse=0.0000 feature=0.0000 beta=0.0000 guidance_active_next=False alg_raw_derivative=n/a alg_smoothed_derivative=n/a guidance_stop_epoch=89 train_acc=73.72% val_acc=29.08% best=30.17% lr=7.74911e-05 time=13.1s avg_epoch=15.8s est_planned=1h 19m 14s elapsed=1h 00m 42s
[OURS][227/300] loss=1.1280 ce=1.1280 align=0.0000 fuse=0.0000 feature=0.0000 beta=0.0000 guidance_active_next=False alg_raw_derivative=n/a alg_smoothed_derivative=n/a guidance_stop_epoch=89 train_acc=73.44% val_acc=29.05% best=30.17% lr=7.5668e-05 time=13.0s avg_epoch=15.8s est_planned=1h 19m 11s elapsed=1h 00m 55s
[OURS][228/300] loss=1.1202 ce=1.1202 align=0.0000 fuse=0.0000 feature=0.0000 beta=0.0000 guidance_active_next=False alg_raw_derivative=n/a alg_smoothed_derivative=n/a guidance_stop_epoch=89 train_acc=73.20% val_acc=28.34% best=30.17% lr=7.38643e-05 time=14.3s avg_epoch=15.8s est_planned=1h 19m 09s elapsed=1h 01m 10s
[OURS][229/300] loss=1.1367 ce=1.1367 align=0.0000 fuse=0.0000 feature=0.0000 beta=0.0000 guidance_active_next=False alg_raw_derivative=n/a alg_smoothed_derivative=n/a guidance_stop_epoch=89 train_acc=73.87% val_acc=28.17% best=30.17% lr=7.20803e-05 time=13.7s avg_epoch=15.8s est_planned=1h 19m 06s elapsed=1h 01m 24s
[OURS][230/300] loss=1.0780 ce=1.0780 align=0.0000 fuse=0.0000 feature=0.0000 beta=0.0000 guidance_active_next=False alg_raw_derivative=n/a alg_smoothed_derivative=n/a guidance_stop_epoch=89 train_acc=74.26% val_acc=28.43% best=30.17% lr=7.0316e-05 time=14.6s avg_epoch=15.8s est_planned=1h 19m 04s elapsed=1h 01m 38s
[OURS][231/300] loss=1.1043 ce=1.1043 align=0.0000 fuse=0.0000 feature=0.0000 beta=0.0000 guidance_active_next=False alg_raw_derivative=n/a alg_smoothed_derivative=n/a guidance_stop_epoch=89 train_acc=73.71% val_acc=27.93% best=30.17% lr=6.85717e-05 time=12.3s avg_epoch=15.8s est_planned=1h 19m 00s elapsed=1h 01m 51s
[OURS][232/300] loss=1.0765 ce=1.0765 align=0.0000 fuse=0.0000 feature=0.0000 beta=0.0000 guidance_active_next=False alg_raw_derivative=n/a alg_smoothed_derivative=n/a guidance_stop_epoch=89 train_acc=74.82% val_acc=27.77% best=30.17% lr=6.68475e-05 time=13.8s avg_epoch=15.8s est_planned=1h 18m 57s elapsed=1h 02m 05s
[OURS][233/300] loss=1.1043 ce=1.1043 align=0.0000 fuse=0.0000 feature=0.0000 beta=0.0000 guidance_active_next=False alg_raw_derivative=n/a alg_smoothed_derivative=n/a guidance_stop_epoch=89 train_acc=74.34% val_acc=28.58% best=30.17% lr=6.51437e-05 time=13.8s avg_epoch=15.8s est_planned=1h 18m 54s elapsed=1h 02m 19s
[OURS][234/300] loss=1.1028 ce=1.1028 align=0.0000 fuse=0.0000 feature=0.0000 beta=0.0000 guidance_active_next=False alg_raw_derivative=n/a alg_smoothed_derivative=n/a guidance_stop_epoch=89 train_acc=74.65% val_acc=28.18% best=30.17% lr=6.34605e-05 time=12.4s avg_epoch=15.8s est_planned=1h 18m 50s elapsed=1h 02m 32s
[OURS][235/300] loss=1.0747 ce=1.0747 align=0.0000 fuse=0.0000 feature=0.0000 beta=0.0000 guidance_active_next=False alg_raw_derivative=n/a alg_smoothed_derivative=n/a guidance_stop_epoch=89 train_acc=74.75% val_acc=28.36% best=30.17% lr=6.1798e-05 time=11.4s avg_epoch=15.7s est_planned=1h 18m 44s elapsed=1h 02m 43s
[OURS][236/300] loss=0.9952 ce=0.9952 align=0.0000 fuse=0.0000 feature=0.0000 beta=0.0000 guidance_active_next=False alg_raw_derivative=n/a alg_smoothed_derivative=n/a guidance_stop_epoch=89 train_acc=76.51% val_acc=28.43% best=30.17% lr=6.01564e-05 time=12.8s avg_epoch=15.7s est_planned=1h 18m 41s elapsed=1h 02m 56s
[OURS][237/300] loss=1.0737 ce=1.0737 align=0.0000 fuse=0.0000 feature=0.0000 beta=0.0000 guidance_active_next=False alg_raw_derivative=n/a alg_smoothed_derivative=n/a guidance_stop_epoch=89 train_acc=74.48% val_acc=27.94% best=30.17% lr=5.85359e-05 time=14.4s avg_epoch=15.7s est_planned=1h 18m 39s elapsed=1h 03m 11s
[OURS][238/300] loss=1.0698 ce=1.0698 align=0.0000 fuse=0.0000 feature=0.0000 beta=0.0000 guidance_active_next=False alg_raw_derivative=n/a alg_smoothed_derivative=n/a guidance_stop_epoch=89 train_acc=75.10% val_acc=29.05% best=30.17% lr=5.69366e-05 time=12.9s avg_epoch=15.7s est_planned=1h 18m 36s elapsed=1h 03m 24s
[OURS][239/300] loss=1.0605 ce=1.0605 align=0.0000 fuse=0.0000 feature=0.0000 beta=0.0000 guidance_active_next=False alg_raw_derivative=n/a alg_smoothed_derivative=n/a guidance_stop_epoch=89 train_acc=74.48% val_acc=28.58% best=30.17% lr=5.53588e-05 time=12.8s avg_epoch=15.7s est_planned=1h 18m 32s elapsed=1h 03m 37s
[OURS][240/300] loss=1.0696 ce=1.0696 align=0.0000 fuse=0.0000 feature=0.0000 beta=0.0000 guidance_active_next=False alg_raw_derivative=n/a alg_smoothed_derivative=n/a guidance_stop_epoch=89 train_acc=75.24% val_acc=28.49% best=30.17% lr=5.38027e-05 time=12.4s avg_epoch=15.7s est_planned=1h 18m 28s elapsed=1h 03m 50s
[OURS][241/300] loss=1.0718 ce=1.0718 align=0.0000 fuse=0.0000 feature=0.0000 beta=0.0000 guidance_active_next=False alg_raw_derivative=n/a alg_smoothed_derivative=n/a guidance_stop_epoch=89 train_acc=74.75% val_acc=28.93% best=30.17% lr=5.22683e-05 time=12.5s avg_epoch=15.7s est_planned=1h 18m 24s elapsed=1h 04m 02s
[OURS][242/300] loss=1.0537 ce=1.0537 align=0.0000 fuse=0.0000 feature=0.0000 beta=0.0000 guidance_active_next=False alg_raw_derivative=n/a alg_smoothed_derivative=n/a guidance_stop_epoch=89 train_acc=74.95% val_acc=28.34% best=30.17% lr=5.07559e-05 time=12.5s avg_epoch=15.7s est_planned=1h 18m 20s elapsed=1h 04m 15s
[OURS][243/300] loss=1.0594 ce=1.0594 align=0.0000 fuse=0.0000 feature=0.0000 beta=0.0000 guidance_active_next=False alg_raw_derivative=n/a alg_smoothed_derivative=n/a guidance_stop_epoch=89 train_acc=75.60% val_acc=28.77% best=30.17% lr=4.92656e-05 time=14.3s avg_epoch=15.7s est_planned=1h 18m 18s elapsed=1h 04m 30s
[OURS][244/300] loss=1.0415 ce=1.0415 align=0.0000 fuse=0.0000 feature=0.0000 beta=0.0000 guidance_active_next=False alg_raw_derivative=n/a alg_smoothed_derivative=n/a guidance_stop_epoch=89 train_acc=75.57% val_acc=29.39% best=30.17% lr=4.77976e-05 time=13.5s avg_epoch=15.7s est_planned=1h 18m 16s elapsed=1h 04m 43s
[OURS][245/300] loss=1.0542 ce=1.0542 align=0.0000 fuse=0.0000 feature=0.0000 beta=0.0000 guidance_active_next=False alg_raw_derivative=n/a alg_smoothed_derivative=n/a guidance_stop_epoch=89 train_acc=75.00% val_acc=29.13% best=30.17% lr=4.6352e-05 time=12.3s avg_epoch=15.6s est_planned=1h 18m 11s elapsed=1h 04m 56s
[OURS][246/300] loss=1.0375 ce=1.0375 align=0.0000 fuse=0.0000 feature=0.0000 beta=0.0000 guidance_active_next=False alg_raw_derivative=n/a alg_smoothed_derivative=n/a guidance_stop_epoch=89 train_acc=76.13% val_acc=28.79% best=30.17% lr=4.4929e-05 time=12.6s avg_epoch=15.6s est_planned=1h 18m 08s elapsed=1h 05m 09s
[OURS][247/300] loss=1.0549 ce=1.0549 align=0.0000 fuse=0.0000 feature=0.0000 beta=0.0000 guidance_active_next=False alg_raw_derivative=n/a alg_smoothed_derivative=n/a guidance_stop_epoch=89 train_acc=75.64% val_acc=29.01% best=30.17% lr=4.35288e-05 time=13.3s avg_epoch=15.6s est_planned=1h 18m 05s elapsed=1h 05m 22s
[OURS][248/300] loss=1.0149 ce=1.0149 align=0.0000 fuse=0.0000 feature=0.0000 beta=0.0000 guidance_active_next=False alg_raw_derivative=n/a alg_smoothed_derivative=n/a guidance_stop_epoch=89 train_acc=75.87% val_acc=29.20% best=30.17% lr=4.21516e-05 time=13.4s avg_epoch=15.6s est_planned=1h 18m 02s elapsed=1h 05m 36s
[OURS][249/300] loss=1.0149 ce=1.0149 align=0.0000 fuse=0.0000 feature=0.0000 beta=0.0000 guidance_active_next=False alg_raw_derivative=n/a alg_smoothed_derivative=n/a guidance_stop_epoch=89 train_acc=75.86% val_acc=29.36% best=30.17% lr=4.07973e-05 time=11.5s avg_epoch=15.6s est_planned=1h 17m 57s elapsed=1h 05m 48s
[OURS][250/300] loss=0.9929 ce=0.9929 align=0.0000 fuse=0.0000 feature=0.0000 beta=0.0000 guidance_active_next=False alg_raw_derivative=n/a alg_smoothed_derivative=n/a guidance_stop_epoch=89 train_acc=76.56% val_acc=29.10% best=30.17% lr=3.94663e-05 time=12.3s avg_epoch=15.6s est_planned=1h 17m 53s elapsed=1h 06m 00s
[OURS][251/300] loss=1.0000 ce=1.0000 align=0.0000 fuse=0.0000 feature=0.0000 beta=0.0000 guidance_active_next=False alg_raw_derivative=n/a alg_smoothed_derivative=n/a guidance_stop_epoch=89 train_acc=76.34% val_acc=29.10% best=30.17% lr=3.81587e-05 time=13.2s avg_epoch=15.6s est_planned=1h 17m 51s elapsed=1h 06m 14s
[OURS][252/300] loss=1.0399 ce=1.0399 align=0.0000 fuse=0.0000 feature=0.0000 beta=0.0000 guidance_active_next=False alg_raw_derivative=n/a alg_smoothed_derivative=n/a guidance_stop_epoch=89 train_acc=75.71% val_acc=29.69% best=30.17% lr=3.68746e-05 time=13.8s avg_epoch=15.6s est_planned=1h 17m 49s elapsed=1h 06m 28s
[OURS][253/300] loss=1.0086 ce=1.0086 align=0.0000 fuse=0.0000 feature=0.0000 beta=0.0000 guidance_active_next=False alg_raw_derivative=n/a alg_smoothed_derivative=n/a guidance_stop_epoch=89 train_acc=76.58% val_acc=29.15% best=30.17% lr=3.56141e-05 time=13.7s avg_epoch=15.6s est_planned=1h 17m 46s elapsed=1h 06m 42s
[OURS][254/300] loss=1.0323 ce=1.0323 align=0.0000 fuse=0.0000 feature=0.0000 beta=0.0000 guidance_active_next=False alg_raw_derivative=n/a alg_smoothed_derivative=n/a guidance_stop_epoch=89 train_acc=76.11% val_acc=29.27% best=30.17% lr=3.43774e-05 time=11.7s avg_epoch=15.5s est_planned=1h 17m 42s elapsed=1h 06m 54s
[OURS][255/300] loss=0.9872 ce=0.9872 align=0.0000 fuse=0.0000 feature=0.0000 beta=0.0000 guidance_active_next=False alg_raw_derivative=n/a alg_smoothed_derivative=n/a guidance_stop_epoch=89 train_acc=76.90% val_acc=29.06% best=30.17% lr=3.31646e-05 time=11.5s avg_epoch=15.5s est_planned=1h 17m 37s elapsed=1h 07m 05s
[OURS][256/300] loss=1.0281 ce=1.0281 align=0.0000 fuse=0.0000 feature=0.0000 beta=0.0000 guidance_active_next=False alg_raw_derivative=n/a alg_smoothed_derivative=n/a guidance_stop_epoch=89 train_acc=76.14% val_acc=28.68% best=30.17% lr=3.19759e-05 time=12.3s avg_epoch=15.5s est_planned=1h 17m 33s elapsed=1h 07m 18s
[OURS][257/300] loss=1.0090 ce=1.0090 align=0.0000 fuse=0.0000 feature=0.0000 beta=0.0000 guidance_active_next=False alg_raw_derivative=n/a alg_smoothed_derivative=n/a guidance_stop_epoch=89 train_acc=76.44% val_acc=29.03% best=30.17% lr=3.08113e-05 time=12.4s avg_epoch=15.5s est_planned=1h 17m 30s elapsed=1h 07m 30s
[OURS][258/300] loss=0.9870 ce=0.9870 align=0.0000 fuse=0.0000 feature=0.0000 beta=0.0000 guidance_active_next=False alg_raw_derivative=n/a alg_smoothed_derivative=n/a guidance_stop_epoch=89 train_acc=76.01% val_acc=29.27% best=30.17% lr=2.96711e-05 time=12.7s avg_epoch=15.5s est_planned=1h 17m 26s elapsed=1h 07m 43s
[OURS][259/300] loss=0.9739 ce=0.9739 align=0.0000 fuse=0.0000 feature=0.0000 beta=0.0000 guidance_active_next=False alg_raw_derivative=n/a alg_smoothed_derivative=n/a guidance_stop_epoch=89 train_acc=77.00% val_acc=29.39% best=30.17% lr=2.85553e-05 time=12.0s avg_epoch=15.5s est_planned=1h 17m 22s elapsed=1h 07m 56s
[OURS][260/300] loss=0.9796 ce=0.9796 align=0.0000 fuse=0.0000 feature=0.0000 beta=0.0000 guidance_active_next=False alg_raw_derivative=n/a alg_smoothed_derivative=n/a guidance_stop_epoch=89 train_acc=76.71% val_acc=29.39% best=30.17% lr=2.74641e-05 time=11.5s avg_epoch=15.5s est_planned=1h 17m 18s elapsed=1h 08m 07s
[OURS][261/300] loss=1.0034 ce=1.0034 align=0.0000 fuse=0.0000 feature=0.0000 beta=0.0000 guidance_active_next=False alg_raw_derivative=n/a alg_smoothed_derivative=n/a guidance_stop_epoch=89 train_acc=76.38% val_acc=29.17% best=30.17% lr=2.63975e-05 time=12.4s avg_epoch=15.4s est_planned=1h 17m 14s elapsed=1h 08m 20s
[OURS][262/300] loss=0.9505 ce=0.9505 align=0.0000 fuse=0.0000 feature=0.0000 beta=0.0000 guidance_active_next=False alg_raw_derivative=n/a alg_smoothed_derivative=n/a guidance_stop_epoch=89 train_acc=78.01% val_acc=29.34% best=30.17% lr=2.53557e-05 time=13.0s avg_epoch=15.4s est_planned=1h 17m 12s elapsed=1h 08m 33s
[OURS][263/300] loss=0.9816 ce=0.9816 align=0.0000 fuse=0.0000 feature=0.0000 beta=0.0000 guidance_active_next=False alg_raw_derivative=n/a alg_smoothed_derivative=n/a guidance_stop_epoch=89 train_acc=76.76% val_acc=29.17% best=30.17% lr=2.43389e-05 time=13.0s avg_epoch=15.4s est_planned=1h 17m 09s elapsed=1h 08m 47s
[OURS][264/300] loss=0.9870 ce=0.9870 align=0.0000 fuse=0.0000 feature=0.0000 beta=0.0000 guidance_active_next=False alg_raw_derivative=n/a alg_smoothed_derivative=n/a guidance_stop_epoch=89 train_acc=76.70% val_acc=29.05% best=30.17% lr=2.3347e-05 time=11.4s avg_epoch=15.4s est_planned=1h 17m 04s elapsed=1h 08m 58s
[OURS][265/300] loss=1.0389 ce=1.0389 align=0.0000 fuse=0.0000 feature=0.0000 beta=0.0000 guidance_active_next=False alg_raw_derivative=n/a alg_smoothed_derivative=n/a guidance_stop_epoch=89 train_acc=75.52% val_acc=28.98% best=30.17% lr=2.23803e-05 time=12.2s avg_epoch=15.4s est_planned=1h 17m 01s elapsed=1h 09m 11s
[OURS][266/300] loss=0.9720 ce=0.9720 align=0.0000 fuse=0.0000 feature=0.0000 beta=0.0000 guidance_active_next=False alg_raw_derivative=n/a alg_smoothed_derivative=n/a guidance_stop_epoch=89 train_acc=77.52% val_acc=29.06% best=30.17% lr=2.14388e-05 time=13.1s avg_epoch=15.4s est_planned=1h 16m 58s elapsed=1h 09m 24s
[OURS][267/300] loss=0.9682 ce=0.9682 align=0.0000 fuse=0.0000 feature=0.0000 beta=0.0000 guidance_active_next=False alg_raw_derivative=n/a alg_smoothed_derivative=n/a guidance_stop_epoch=89 train_acc=77.52% val_acc=29.10% best=30.17% lr=2.05227e-05 time=15.2s avg_epoch=15.4s est_planned=1h 16m 58s elapsed=1h 09m 39s
[OURS][268/300] loss=0.9490 ce=0.9490 align=0.0000 fuse=0.0000 feature=0.0000 beta=0.0000 guidance_active_next=False alg_raw_derivative=n/a alg_smoothed_derivative=n/a guidance_stop_epoch=89 train_acc=78.16% val_acc=28.56% best=30.17% lr=1.9632e-05 time=14.7s avg_epoch=15.4s est_planned=1h 16m 57s elapsed=1h 09m 54s
[OURS][269/300] loss=0.9815 ce=0.9815 align=0.0000 fuse=0.0000 feature=0.0000 beta=0.0000 guidance_active_next=False alg_raw_derivative=n/a alg_smoothed_derivative=n/a guidance_stop_epoch=89 train_acc=76.41% val_acc=28.86% best=30.17% lr=1.87668e-05 time=13.7s avg_epoch=15.4s est_planned=1h 16m 55s elapsed=1h 10m 08s
[OURS][270/300] loss=1.0081 ce=1.0081 align=0.0000 fuse=0.0000 feature=0.0000 beta=0.0000 guidance_active_next=False alg_raw_derivative=n/a alg_smoothed_derivative=n/a guidance_stop_epoch=89 train_acc=76.41% val_acc=28.87% best=30.17% lr=1.79273e-05 time=13.1s avg_epoch=15.4s est_planned=1h 16m 52s elapsed=1h 10m 21s
[OURS][271/300] loss=0.9606 ce=0.9606 align=0.0000 fuse=0.0000 feature=0.0000 beta=0.0000 guidance_active_next=False alg_raw_derivative=n/a alg_smoothed_derivative=n/a guidance_stop_epoch=89 train_acc=77.52% val_acc=28.67% best=30.17% lr=1.71135e-05 time=13.1s avg_epoch=15.4s est_planned=1h 16m 50s elapsed=1h 10m 35s
[OURS][272/300] loss=0.9778 ce=0.9778 align=0.0000 fuse=0.0000 feature=0.0000 beta=0.0000 guidance_active_next=False alg_raw_derivative=n/a alg_smoothed_derivative=n/a guidance_stop_epoch=89 train_acc=77.23% val_acc=28.84% best=30.17% lr=1.63255e-05 time=13.3s avg_epoch=15.4s est_planned=1h 16m 48s elapsed=1h 10m 48s
[OURS][273/300] loss=0.9445 ce=0.9445 align=0.0000 fuse=0.0000 feature=0.0000 beta=0.0000 guidance_active_next=False alg_raw_derivative=n/a alg_smoothed_derivative=n/a guidance_stop_epoch=89 train_acc=77.74% val_acc=29.12% best=30.17% lr=1.55634e-05 time=13.5s avg_epoch=15.4s est_planned=1h 16m 46s elapsed=1h 11m 02s
[OURS][274/300] loss=0.9376 ce=0.9376 align=0.0000 fuse=0.0000 feature=0.0000 beta=0.0000 guidance_active_next=False alg_raw_derivative=n/a alg_smoothed_derivative=n/a guidance_stop_epoch=89 train_acc=77.74% val_acc=28.75% best=30.17% lr=1.48273e-05 time=13.0s avg_epoch=15.3s est_planned=1h 16m 43s elapsed=1h 11m 15s
[OURS][275/300] loss=0.9617 ce=0.9617 align=0.0000 fuse=0.0000 feature=0.0000 beta=0.0000 guidance_active_next=False alg_raw_derivative=n/a alg_smoothed_derivative=n/a guidance_stop_epoch=89 train_acc=77.39% val_acc=28.62% best=30.17% lr=1.41173e-05 time=13.7s avg_epoch=15.3s est_planned=1h 16m 41s elapsed=1h 11m 29s
[OURS][276/300] loss=0.9403 ce=0.9403 align=0.0000 fuse=0.0000 feature=0.0000 beta=0.0000 guidance_active_next=False alg_raw_derivative=n/a alg_smoothed_derivative=n/a guidance_stop_epoch=89 train_acc=78.16% val_acc=29.08% best=30.17% lr=1.34334e-05 time=13.2s avg_epoch=15.3s est_planned=1h 16m 39s elapsed=1h 11m 43s
[OURS][277/300] loss=0.9462 ce=0.9462 align=0.0000 fuse=0.0000 feature=0.0000 beta=0.0000 guidance_active_next=False alg_raw_derivative=n/a alg_smoothed_derivative=n/a guidance_stop_epoch=89 train_acc=77.44% val_acc=28.84% best=30.17% lr=1.27757e-05 time=11.5s avg_epoch=15.3s est_planned=1h 16m 35s elapsed=1h 11m 54s
[OURS][278/300] loss=0.9571 ce=0.9571 align=0.0000 fuse=0.0000 feature=0.0000 beta=0.0000 guidance_active_next=False alg_raw_derivative=n/a alg_smoothed_derivative=n/a guidance_stop_epoch=89 train_acc=77.76% val_acc=29.03% best=30.17% lr=1.21443e-05 time=13.3s avg_epoch=15.3s est_planned=1h 16m 32s elapsed=1h 12m 08s
[OURS][279/300] loss=0.9053 ce=0.9053 align=0.0000 fuse=0.0000 feature=0.0000 beta=0.0000 guidance_active_next=False alg_raw_derivative=n/a alg_smoothed_derivative=n/a guidance_stop_epoch=89 train_acc=78.75% val_acc=29.03% best=30.17% lr=1.15392e-05 time=13.6s avg_epoch=15.3s est_planned=1h 16m 31s elapsed=1h 12m 22s
[OURS][280/300] loss=0.9622 ce=0.9622 align=0.0000 fuse=0.0000 feature=0.0000 beta=0.0000 guidance_active_next=False alg_raw_derivative=n/a alg_smoothed_derivative=n/a guidance_stop_epoch=89 train_acc=77.35% val_acc=28.94% best=30.17% lr=1.09606e-05 time=11.4s avg_epoch=15.3s est_planned=1h 16m 26s elapsed=1h 12m 33s
[OURS][281/300] loss=0.9387 ce=0.9387 align=0.0000 fuse=0.0000 feature=0.0000 beta=0.0000 guidance_active_next=False alg_raw_derivative=n/a alg_smoothed_derivative=n/a guidance_stop_epoch=89 train_acc=77.82% val_acc=29.24% best=30.17% lr=1.04085e-05 time=11.6s avg_epoch=15.3s est_planned=1h 16m 22s elapsed=1h 12m 45s
[OURS][282/300] loss=0.9457 ce=0.9457 align=0.0000 fuse=0.0000 feature=0.0000 beta=0.0000 guidance_active_next=False alg_raw_derivative=n/a alg_smoothed_derivative=n/a guidance_stop_epoch=89 train_acc=78.11% val_acc=28.87% best=30.17% lr=9.88288e-06 time=14.0s avg_epoch=15.3s est_planned=1h 16m 21s elapsed=1h 12m 59s
[OURS][283/300] loss=0.9161 ce=0.9161 align=0.0000 fuse=0.0000 feature=0.0000 beta=0.0000 guidance_active_next=False alg_raw_derivative=n/a alg_smoothed_derivative=n/a guidance_stop_epoch=89 train_acc=78.29% val_acc=29.08% best=30.17% lr=9.38391e-06 time=12.7s avg_epoch=15.3s est_planned=1h 16m 18s elapsed=1h 13m 12s
[OURS][284/300] loss=0.9191 ce=0.9191 align=0.0000 fuse=0.0000 feature=0.0000 beta=0.0000 guidance_active_next=False alg_raw_derivative=n/a alg_smoothed_derivative=n/a guidance_stop_epoch=89 train_acc=78.39% val_acc=28.75% best=30.17% lr=8.91159e-06 time=12.9s avg_epoch=15.3s est_planned=1h 16m 16s elapsed=1h 13m 25s
[OURS][285/300] loss=0.9396 ce=0.9396 align=0.0000 fuse=0.0000 feature=0.0000 beta=0.0000 guidance_active_next=False alg_raw_derivative=n/a alg_smoothed_derivative=n/a guidance_stop_epoch=89 train_acc=77.82% val_acc=28.84% best=30.17% lr=8.46598e-06 time=13.0s avg_epoch=15.2s est_planned=1h 16m 13s elapsed=1h 13m 39s
[OURS][286/300] loss=0.9467 ce=0.9467 align=0.0000 fuse=0.0000 feature=0.0000 beta=0.0000 guidance_active_next=False alg_raw_derivative=n/a alg_smoothed_derivative=n/a guidance_stop_epoch=89 train_acc=78.26% val_acc=28.96% best=30.17% lr=8.04714e-06 time=14.1s avg_epoch=15.2s est_planned=1h 16m 12s elapsed=1h 13m 53s
[OURS][287/300] loss=0.9450 ce=0.9450 align=0.0000 fuse=0.0000 feature=0.0000 beta=0.0000 guidance_active_next=False alg_raw_derivative=n/a alg_smoothed_derivative=n/a guidance_stop_epoch=89 train_acc=78.14% val_acc=28.89% best=30.17% lr=7.6551e-06 time=11.6s avg_epoch=15.2s est_planned=1h 16m 08s elapsed=1h 14m 05s
[OURS][288/300] loss=0.9264 ce=0.9264 align=0.0000 fuse=0.0000 feature=0.0000 beta=0.0000 guidance_active_next=False alg_raw_derivative=n/a alg_smoothed_derivative=n/a guidance_stop_epoch=89 train_acc=77.91% val_acc=29.00% best=30.17% lr=7.28991e-06 time=12.0s avg_epoch=15.2s est_planned=1h 16m 05s elapsed=1h 14m 17s
[OURS][289/300] loss=0.9443 ce=0.9443 align=0.0000 fuse=0.0000 feature=0.0000 beta=0.0000 guidance_active_next=False alg_raw_derivative=n/a alg_smoothed_derivative=n/a guidance_stop_epoch=89 train_acc=77.57% val_acc=29.10% best=30.17% lr=6.95161e-06 time=13.2s avg_epoch=15.2s est_planned=1h 16m 03s elapsed=1h 14m 30s
[OURS][290/300] loss=0.9278 ce=0.9278 align=0.0000 fuse=0.0000 feature=0.0000 beta=0.0000 guidance_active_next=False alg_raw_derivative=n/a alg_smoothed_derivative=n/a guidance_stop_epoch=89 train_acc=77.70% val_acc=29.08% best=30.17% lr=6.64024e-06 time=14.5s avg_epoch=15.2s est_planned=1h 16m 02s elapsed=1h 14m 45s
[OURS][291/300] loss=0.9471 ce=0.9471 align=0.0000 fuse=0.0000 feature=0.0000 beta=0.0000 guidance_active_next=False alg_raw_derivative=n/a alg_smoothed_derivative=n/a guidance_stop_epoch=89 train_acc=77.72% val_acc=29.00% best=30.17% lr=6.35583e-06 time=13.4s avg_epoch=15.2s est_planned=1h 16m 00s elapsed=1h 14m 59s
[OURS][292/300] loss=0.9247 ce=0.9247 align=0.0000 fuse=0.0000 feature=0.0000 beta=0.0000 guidance_active_next=False alg_raw_derivative=n/a alg_smoothed_derivative=n/a guidance_stop_epoch=89 train_acc=78.46% val_acc=28.93% best=30.17% lr=6.09841e-06 time=11.6s avg_epoch=15.2s est_planned=1h 15m 57s elapsed=1h 15m 11s
[OURS][293/300] loss=0.9510 ce=0.9510 align=0.0000 fuse=0.0000 feature=0.0000 beta=0.0000 guidance_active_next=False alg_raw_derivative=n/a alg_smoothed_derivative=n/a guidance_stop_epoch=89 train_acc=77.97% val_acc=28.74% best=30.17% lr=5.86802e-06 time=11.6s avg_epoch=15.2s est_planned=1h 15m 53s elapsed=1h 15m 23s
[OURS][294/300] loss=0.9276 ce=0.9276 align=0.0000 fuse=0.0000 feature=0.0000 beta=0.0000 guidance_active_next=False alg_raw_derivative=n/a alg_smoothed_derivative=n/a guidance_stop_epoch=89 train_acc=78.29% val_acc=28.94% best=30.17% lr=5.66467e-06 time=13.4s avg_epoch=15.2s est_planned=1h 15m 51s elapsed=1h 15m 36s
[OURS][295/300] loss=0.9100 ce=0.9100 align=0.0000 fuse=0.0000 feature=0.0000 beta=0.0000 guidance_active_next=False alg_raw_derivative=n/a alg_smoothed_derivative=n/a guidance_stop_epoch=89 train_acc=78.61% val_acc=28.98% best=30.17% lr=5.48838e-06 time=13.0s avg_epoch=15.2s est_planned=1h 15m 49s elapsed=1h 15m 49s
[OURS][296/300] loss=0.9557 ce=0.9557 align=0.0000 fuse=0.0000 feature=0.0000 beta=0.0000 guidance_active_next=False alg_raw_derivative=n/a alg_smoothed_derivative=n/a guidance_stop_epoch=89 train_acc=77.72% val_acc=29.12% best=30.17% lr=5.33919e-06 time=13.2s avg_epoch=15.2s est_planned=1h 15m 47s elapsed=1h 16m 03s
[OURS][297/300] loss=0.9303 ce=0.9303 align=0.0000 fuse=0.0000 feature=0.0000 beta=0.0000 guidance_active_next=False alg_raw_derivative=n/a alg_smoothed_derivative=n/a guidance_stop_epoch=89 train_acc=78.49% val_acc=29.03% best=30.17% lr=5.2171e-06 time=12.6s avg_epoch=15.1s est_planned=1h 15m 44s elapsed=1h 16m 16s
[OURS][298/300] loss=0.9091 ce=0.9091 align=0.0000 fuse=0.0000 feature=0.0000 beta=0.0000 guidance_active_next=False alg_raw_derivative=n/a alg_smoothed_derivative=n/a guidance_stop_epoch=89 train_acc=78.48% val_acc=29.03% best=30.17% lr=5.12213e-06 time=12.5s avg_epoch=15.1s est_planned=1h 15m 42s elapsed=1h 16m 28s
[OURS][299/300] loss=0.9567 ce=0.9567 align=0.0000 fuse=0.0000 feature=0.0000 beta=0.0000 guidance_active_next=False alg_raw_derivative=n/a alg_smoothed_derivative=n/a guidance_stop_epoch=89 train_acc=77.57% val_acc=29.08% best=30.17% lr=5.05428e-06 time=14.8s avg_epoch=15.1s est_planned=1h 15m 41s elapsed=1h 16m 43s
[OURS][300/300] loss=0.9274 ce=0.9274 align=0.0000 fuse=0.0000 feature=0.0000 beta=0.0000 guidance_active_next=False alg_raw_derivative=n/a alg_smoothed_derivative=n/a guidance_stop_epoch=89 train_acc=78.09% val_acc=29.01% best=30.17% lr=5.01357e-06 time=13.6s avg_epoch=15.1s est_planned=1h 15m 40s elapsed=1h 16m 57s
========================================================================
[FINAL_RESULT] ours_best_top1=30.17% vanilla_top1=not_run gain_over_vanilla=not_available
[TIMING] avg_epoch=15.1s planned_epochs=300 estimated_total=1h 15m 40s elapsed=1h 16m 57s
[AGGREGATION_FINAL] stage1[b2=0.097,b8=0.097,b1=0.092] stage2[b8=0.092,b9=0.092,b7=0.091] stage3[b9=0.096,b10=0.094,b11=0.093]
[BETA_FINAL] schedule=alg stop_epoch=89 guided_epochs=89 ce_only_epochs=211 full_history_saved_in=summary.json
[FINAL_RESULT] best_checkpoint=/app/output/cub200_resnet50_224_scratch_all_full_seed1/Ours/cub200_resnet50_224_scratch/ours_cub200_resnet50_224_scratch_deit_ti_300ep_seed1/student_best.pt
[FINAL_RESULT] latest_checkpoint=/app/output/cub200_resnet50_224_scratch_all_full_seed1/Ours/cub200_resnet50_224_scratch/ours_cub200_resnet50_224_scratch_deit_ti_300ep_seed1/student_latest.pt
[FINAL_RESULT] summary=/app/output/cub200_resnet50_224_scratch_all_full_seed1/Ours/cub200_resnet50_224_scratch/ours_cub200_resnet50_224_scratch_deit_ti_300ep_seed1/summary.json
[DONE] Ours training completed successfully; resources may be released.
================================================================================================
[SEQUENCE_DONE_224_SCRATCH] completed_tasks=6/6
[POD_LIMIT_CHECK_224_SCRATCH] status=PASS estimated_minutes=382.1 limit_minutes=600 margin_minutes=217.9
[FINAL_RESULT_224_SCRATCH] sequence_status=/app/output/cub200_resnet50_224_scratch_all_full_seed1/sequence_status.json
[FINAL_TOP1_SUMMARY_224_SCRATCH] TeacherScratch224=48.31% VanillaB128=17.52% LG=29.67% ALG=26.67% VanillaB64=16.86% Ours=30.17%
