[BOOT] installing complete pinned Table-1 requirements; missing_or_mismatched=['timm', 'fvcore', 'iopath', 'yacs']
WARNING: Running pip as the 'root' user can result in broken permissions and conflicting behaviour with the system package manager, possibly rendering your system unusable. It is recommended to use a virtual environment instead: https://pip.pypa.io/warnings/venv. Use the --root-user-action option if you know what you are doing and want to suppress this warning.
[BOOT] complete pinned Table-1 requirements installed successfully
================================================================================================
TABLE-1 CUB-200: PVTV2-B0 ALL FIVE SETTINGS
================================================================================================
[PROTOCOL_LOCK_TABLE1_CUB200_BACKBONE_ALL] student=PVTv2-B0 scratch input=224 epochs=300 order=VanillaB128,LG,ALG,OursB64,OursB128 teacher=Build543-ResNet56-scratch-32 guided_only=True seed=1 fp32=True
[FIXED_TEACHER_CHECK_TABLE1_CUB200] status=PASS build=543 epoch=275 top1=36.40% input=32 sha256=06f75192b1c108c89e480843cb4f72dfb28aa762d7b11e7ac327333dd54b51f5
[POD_LIMIT_CHECK_TABLE1_CUB200_BACKBONE_ALL] student=PVTv2-B0 limit=600m estimated=6h 14m 53s status=PASS
------------------------------------------------------------------------------------------------
[TASK_START] 1/5 PVTv2-B0/Vanilla
[COMMAND][Vanilla] /usr/bin/python /app/scratch/input/kau-aimslab_554/methods/table1_cub200/train.py --full-run --student pvtv2_b0 --method vanilla --batch-size 128 --data-dir /app/output/table1_cub200_pvtv2_b0_all_full_seed1/data/cub200 --teacher-root /app/scratch/input/kau-aimslab_554/teachers/checkpoints/cub200_table1_resnet56_32 --output-dir /app/output/table1_cub200_pvtv2_b0_all_full_seed1/students --run-name table1_cub200_pvtv2_b0_vanilla_b128_full_300ep_seed1 --num-workers 4
[BOOT] Python process started: /usr/bin/python
[BOOT] complete Table-1 runtime dependencies already available
/usr/local/lib/python3.10/dist-packages/timm/models/layers/__init__.py:49: FutureWarning: Importing from timm.models.layers is deprecated, please import via timm.layers
  warnings.warn(f"Importing from {__name__} is deprecated, please import via timm.layers", FutureWarning)
========================================================================================
CUB-200 TABLE-1 EXTENSION
========================================================================================
[TASK] student=PVTv2-B0 method=VANILLA batch=128 mode=full_300ep
[MODE] actual_epochs=300 planned_epochs=300
[PROTOCOL_LOCK] dataset=CUB-200-2011 split=5994/5794 teacher=ResNet56-scratch-32 student=scratch-224 epochs=300 AdamW=5e-4->5e-6 wd=0.05 warmup=20 seed=1 fp32=True
[SOURCE] official_lg_repo=https://github.com/lkhl/tiny-transformers commit=d2165f74049c906b0afc9f957491960fb3c0cc8b
[MODEL] params=3,461,160 feature_dims=(32, 32, 64, 64, 160, 160, 256, 256) selected_lg=(0, 3, 7)
[FEATURE_CHECK] student=((2, 32, 56, 56), (2, 32, 56, 56), (2, 64, 28, 28), (2, 64, 28, 28), (2, 160, 14, 14), (2, 160, 14, 14), (2, 256, 7, 7), (2, 256, 7, 7)) teacher=None guidance_probe=0.000000
[OPTIMIZER] contract=official_lg_no_decay_exclusions
[VANILLA:PVTv2-B0][001/300] loss=5.3152 ce=5.3152 guidance=0.0000 beta=0.00 train_acc=0.44% test_acc=0.24% best=0.24% lr=5e-07 time=15.3s est_300=1h 16m 15s
[VANILLA:PVTv2-B0][002/300] loss=5.3041 ce=5.3041 guidance=0.0000 beta=0.00 train_acc=0.63% test_acc=0.69% best=0.69% lr=2.5475e-05 time=14.2s est_300=1h 13m 44s
[VANILLA:PVTv2-B0][003/300] loss=5.2794 ce=5.2794 guidance=0.0000 beta=0.00 train_acc=0.73% test_acc=1.00% best=1.00% lr=5.045e-05 time=13.2s est_300=1h 11m 08s
[VANILLA:PVTv2-B0][004/300] loss=5.2589 ce=5.2589 guidance=0.0000 beta=0.00 train_acc=0.93% test_acc=1.04% best=1.04% lr=7.5425e-05 time=11.2s est_300=1h 07m 20s
[VANILLA:PVTv2-B0][005/300] loss=5.2412 ce=5.2412 guidance=0.0000 beta=0.00 train_acc=0.88% test_acc=0.98% best=1.04% lr=0.0001004 time=11.9s est_300=1h 05m 45s
[VANILLA:PVTv2-B0][006/300] loss=5.2199 ce=5.2199 guidance=0.0000 beta=0.00 train_acc=1.32% test_acc=0.88% best=1.04% lr=0.000125375 time=12.5s est_300=1h 05m 11s
[VANILLA:PVTv2-B0][007/300] loss=5.2065 ce=5.2065 guidance=0.0000 beta=0.00 train_acc=1.10% test_acc=1.45% best=1.45% lr=0.00015035 time=12.8s est_300=1h 05m 01s
[VANILLA:PVTv2-B0][008/300] loss=5.1940 ce=5.1940 guidance=0.0000 beta=0.00 train_acc=0.93% test_acc=1.71% best=1.71% lr=0.000175325 time=13.7s est_300=1h 05m 26s
[VANILLA:PVTv2-B0][009/300] loss=5.1507 ce=5.1507 guidance=0.0000 beta=0.00 train_acc=1.27% test_acc=1.54% best=1.71% lr=0.0002003 time=12.1s est_300=1h 04m 54s
[VANILLA:PVTv2-B0][010/300] loss=5.1389 ce=5.1389 guidance=0.0000 beta=0.00 train_acc=1.22% test_acc=1.52% best=1.71% lr=0.000225275 time=12.4s est_300=1h 04m 38s
[VANILLA:PVTv2-B0][011/300] loss=5.1129 ce=5.1129 guidance=0.0000 beta=0.00 train_acc=1.53% test_acc=2.23% best=2.23% lr=0.00025025 time=13.5s est_300=1h 04m 53s
[VANILLA:PVTv2-B0][012/300] loss=5.0884 ce=5.0884 guidance=0.0000 beta=0.00 train_acc=1.63% test_acc=2.36% best=2.36% lr=0.000275225 time=13.3s est_300=1h 05m 00s
[VANILLA:PVTv2-B0][013/300] loss=5.0598 ce=5.0598 guidance=0.0000 beta=0.00 train_acc=1.82% test_acc=2.47% best=2.47% lr=0.0003002 time=12.6s est_300=1h 04m 51s
[VANILLA:PVTv2-B0][014/300] loss=5.0207 ce=5.0207 guidance=0.0000 beta=0.00 train_acc=2.06% test_acc=2.68% best=2.68% lr=0.000325175 time=12.5s est_300=1h 04m 41s
[VANILLA:PVTv2-B0][015/300] loss=4.9795 ce=4.9795 guidance=0.0000 beta=0.00 train_acc=2.16% test_acc=2.92% best=2.92% lr=0.00035015 time=13.7s est_300=1h 04m 55s
[VANILLA:PVTv2-B0][016/300] loss=4.9391 ce=4.9391 guidance=0.0000 beta=0.00 train_acc=2.73% test_acc=3.21% best=3.21% lr=0.000375125 time=13.6s est_300=1h 05m 07s
[VANILLA:PVTv2-B0][017/300] loss=4.8915 ce=4.8915 guidance=0.0000 beta=0.00 train_acc=2.82% test_acc=4.00% best=4.00% lr=0.0004001 time=13.2s est_300=1h 05m 10s
[VANILLA:PVTv2-B0][018/300] loss=4.8382 ce=4.8382 guidance=0.0000 beta=0.00 train_acc=3.24% test_acc=3.52% best=4.00% lr=0.000425075 time=12.4s est_300=1h 05m 00s
[VANILLA:PVTv2-B0][019/300] loss=4.7693 ce=4.7693 guidance=0.0000 beta=0.00 train_acc=3.79% test_acc=4.44% best=4.44% lr=0.00045005 time=11.9s est_300=1h 04m 43s
[VANILLA:PVTv2-B0][020/300] loss=4.7881 ce=4.7881 guidance=0.0000 beta=0.00 train_acc=3.82% test_acc=4.69% best=4.69% lr=0.000475025 time=13.0s est_300=1h 04m 44s
[VANILLA:PVTv2-B0][021/300] loss=4.7282 ce=4.7282 guidance=0.0000 beta=0.00 train_acc=3.96% test_acc=4.71% best=4.71% lr=0.00049459153 time=12.1s est_300=1h 04m 33s
[VANILLA:PVTv2-B0][022/300] loss=4.6783 ce=4.6783 guidance=0.0000 beta=0.00 train_acc=4.50% test_acc=5.95% best=5.95% lr=0.0004940394 time=13.4s est_300=1h 04m 40s
[VANILLA:PVTv2-B0][023/300] loss=4.6393 ce=4.6393 guidance=0.0000 beta=0.00 train_acc=4.89% test_acc=6.02% best=6.02% lr=0.00049346078 time=14.3s est_300=1h 04m 57s
[VANILLA:PVTv2-B0][024/300] loss=4.6021 ce=4.6021 guidance=0.0000 beta=0.00 train_acc=5.06% test_acc=6.01% best=6.02% lr=0.00049285573 time=13.7s est_300=1h 05m 06s
[VANILLA:PVTv2-B0][025/300] loss=4.5709 ce=4.5709 guidance=0.0000 beta=0.00 train_acc=5.71% test_acc=6.21% best=6.21% lr=0.00049222433 time=13.4s est_300=1h 05m 10s
[VANILLA:PVTv2-B0][026/300] loss=4.5282 ce=4.5282 guidance=0.0000 beta=0.00 train_acc=6.22% test_acc=7.78% best=7.78% lr=0.00049156664 time=12.4s est_300=1h 05m 03s
[VANILLA:PVTv2-B0][027/300] loss=4.4773 ce=4.4773 guidance=0.0000 beta=0.00 train_acc=6.49% test_acc=7.99% best=7.99% lr=0.00049088274 time=11.9s est_300=1h 04m 51s
[VANILLA:PVTv2-B0][028/300] loss=4.4627 ce=4.4627 guidance=0.0000 beta=0.00 train_acc=6.78% test_acc=8.37% best=8.37% lr=0.00049017269 time=11.8s est_300=1h 04m 39s
[VANILLA:PVTv2-B0][029/300] loss=4.4315 ce=4.4315 guidance=0.0000 beta=0.00 train_acc=7.15% test_acc=7.75% best=8.37% lr=0.00048943658 time=12.0s est_300=1h 04m 29s
[VANILLA:PVTv2-B0][030/300] loss=4.3591 ce=4.3591 guidance=0.0000 beta=0.00 train_acc=8.03% test_acc=9.11% best=9.11% lr=0.00048867448 time=13.2s est_300=1h 04m 32s
[VANILLA:PVTv2-B0][031/300] loss=4.3673 ce=4.3673 guidance=0.0000 beta=0.00 train_acc=7.91% test_acc=9.35% best=9.35% lr=0.00048788649 time=12.3s est_300=1h 04m 26s
[VANILLA:PVTv2-B0][032/300] loss=4.3260 ce=4.3260 guidance=0.0000 beta=0.00 train_acc=9.04% test_acc=9.73% best=9.73% lr=0.00048707268 time=12.2s est_300=1h 04m 19s
[VANILLA:PVTv2-B0][033/300] loss=4.2839 ce=4.2839 guidance=0.0000 beta=0.00 train_acc=8.95% test_acc=10.65% best=10.65% lr=0.00048623315 time=12.1s est_300=1h 04m 13s
[VANILLA:PVTv2-B0][034/300] loss=4.2739 ce=4.2739 guidance=0.0000 beta=0.00 train_acc=9.10% test_acc=10.23% best=10.65% lr=0.00048536799 time=12.0s est_300=1h 04m 06s
[VANILLA:PVTv2-B0][035/300] loss=4.2322 ce=4.2322 guidance=0.0000 beta=0.00 train_acc=9.77% test_acc=12.01% best=12.01% lr=0.00048447729 time=12.7s est_300=1h 04m 05s
[VANILLA:PVTv2-B0][036/300] loss=4.2183 ce=4.2183 guidance=0.0000 beta=0.00 train_acc=9.95% test_acc=12.91% best=12.91% lr=0.00048356116 time=11.9s est_300=1h 03m 57s
[VANILLA:PVTv2-B0][037/300] loss=4.1766 ce=4.1766 guidance=0.0000 beta=0.00 train_acc=10.11% test_acc=12.20% best=12.91% lr=0.00048261968 time=11.8s est_300=1h 03m 49s
[VANILLA:PVTv2-B0][038/300] loss=4.1165 ce=4.1165 guidance=0.0000 beta=0.00 train_acc=11.09% test_acc=12.32% best=12.91% lr=0.00048165297 time=13.3s est_300=1h 03m 53s
[VANILLA:PVTv2-B0][039/300] loss=4.1079 ce=4.1079 guidance=0.0000 beta=0.00 train_acc=11.85% test_acc=13.44% best=13.44% lr=0.00048066113 time=12.8s est_300=1h 03m 53s
[VANILLA:PVTv2-B0][040/300] loss=4.1141 ce=4.1141 guidance=0.0000 beta=0.00 train_acc=11.09% test_acc=13.07% best=13.44% lr=0.00047964427 time=11.2s est_300=1h 03m 41s
[VANILLA:PVTv2-B0][041/300] loss=4.0545 ce=4.0545 guidance=0.0000 beta=0.00 train_acc=12.16% test_acc=14.17% best=14.17% lr=0.0004786025 time=13.6s est_300=1h 03m 47s
[VANILLA:PVTv2-B0][042/300] loss=4.0435 ce=4.0435 guidance=0.0000 beta=0.00 train_acc=13.47% test_acc=15.83% best=15.83% lr=0.00047753594 time=13.5s est_300=1h 03m 53s
[VANILLA:PVTv2-B0][043/300] loss=3.9799 ce=3.9799 guidance=0.0000 beta=0.00 train_acc=13.15% test_acc=16.09% best=16.09% lr=0.0004764447 time=13.0s est_300=1h 03m 55s
[VANILLA:PVTv2-B0][044/300] loss=3.9762 ce=3.9762 guidance=0.0000 beta=0.00 train_acc=13.30% test_acc=15.88% best=16.09% lr=0.0004753289 time=11.6s est_300=1h 03m 47s
[VANILLA:PVTv2-B0][045/300] loss=3.9450 ce=3.9450 guidance=0.0000 beta=0.00 train_acc=14.37% test_acc=16.09% best=16.09% lr=0.00047418866 time=13.3s est_300=1h 03m 50s
[VANILLA:PVTv2-B0][046/300] loss=3.9272 ce=3.9272 guidance=0.0000 beta=0.00 train_acc=14.35% test_acc=16.15% best=16.15% lr=0.00047302411 time=13.1s est_300=1h 03m 52s
[VANILLA:PVTv2-B0][047/300] loss=3.8856 ce=3.8856 guidance=0.0000 beta=0.00 train_acc=14.59% test_acc=15.98% best=16.15% lr=0.00047183539 time=12.9s est_300=1h 03m 53s
[VANILLA:PVTv2-B0][048/300] loss=3.9127 ce=3.9127 guidance=0.0000 beta=0.00 train_acc=14.98% test_acc=16.45% best=16.45% lr=0.0004706226 time=11.5s est_300=1h 03m 44s
[VANILLA:PVTv2-B0][049/300] loss=3.8272 ce=3.8272 guidance=0.0000 beta=0.00 train_acc=16.17% test_acc=17.40% best=17.40% lr=0.0004693859 time=12.3s est_300=1h 03m 42s
[VANILLA:PVTv2-B0][050/300] loss=3.8177 ce=3.8177 guidance=0.0000 beta=0.00 train_acc=15.73% test_acc=18.55% best=18.55% lr=0.00046812542 time=13.7s est_300=1h 03m 48s
[VANILLA:PVTv2-B0][051/300] loss=3.7751 ce=3.7751 guidance=0.0000 beta=0.00 train_acc=16.13% test_acc=18.29% best=18.55% lr=0.00046684129 time=12.0s est_300=1h 03m 43s
[VANILLA:PVTv2-B0][052/300] loss=3.7847 ce=3.7847 guidance=0.0000 beta=0.00 train_acc=16.97% test_acc=18.21% best=18.55% lr=0.00046553365 time=11.6s est_300=1h 03m 37s
[VANILLA:PVTv2-B0][053/300] loss=3.7423 ce=3.7423 guidance=0.0000 beta=0.00 train_acc=17.49% test_acc=19.26% best=19.26% lr=0.00046420265 time=14.2s est_300=1h 03m 45s
[VANILLA:PVTv2-B0][054/300] loss=3.6357 ce=3.6357 guidance=0.0000 beta=0.00 train_acc=19.21% test_acc=19.19% best=19.26% lr=0.00046284844 time=12.6s est_300=1h 03m 44s
[VANILLA:PVTv2-B0][055/300] loss=3.7015 ce=3.7015 guidance=0.0000 beta=0.00 train_acc=17.78% test_acc=19.62% best=19.62% lr=0.00046147116 time=12.0s est_300=1h 03m 40s
[VANILLA:PVTv2-B0][056/300] loss=3.6608 ce=3.6608 guidance=0.0000 beta=0.00 train_acc=18.78% test_acc=20.49% best=20.49% lr=0.00046007097 time=11.5s est_300=1h 03m 33s
[VANILLA:PVTv2-B0][057/300] loss=3.6361 ce=3.6361 guidance=0.0000 beta=0.00 train_acc=19.31% test_acc=19.76% best=20.49% lr=0.00045864801 time=11.9s est_300=1h 03m 29s
[VANILLA:PVTv2-B0][058/300] loss=3.6195 ce=3.6195 guidance=0.0000 beta=0.00 train_acc=19.26% test_acc=21.28% best=21.28% lr=0.00045720244 time=12.6s est_300=1h 03m 29s
[VANILLA:PVTv2-B0][059/300] loss=3.5087 ce=3.5087 guidance=0.0000 beta=0.00 train_acc=20.79% test_acc=22.99% best=22.99% lr=0.00045573443 time=13.1s est_300=1h 03m 30s
[VANILLA:PVTv2-B0][060/300] loss=3.5587 ce=3.5587 guidance=0.0000 beta=0.00 train_acc=20.67% test_acc=22.75% best=22.99% lr=0.00045424413 time=13.3s est_300=1h 03m 33s
[VANILLA:PVTv2-B0][061/300] loss=3.5038 ce=3.5038 guidance=0.0000 beta=0.00 train_acc=20.92% test_acc=22.85% best=22.99% lr=0.00045273171 time=13.2s est_300=1h 03m 36s
[VANILLA:PVTv2-B0][062/300] loss=3.4993 ce=3.4993 guidance=0.0000 beta=0.00 train_acc=21.82% test_acc=22.95% best=22.99% lr=0.00045119733 time=12.3s est_300=1h 03m 34s
[VANILLA:PVTv2-B0][063/300] loss=3.5079 ce=3.5079 guidance=0.0000 beta=0.00 train_acc=21.18% test_acc=22.83% best=22.99% lr=0.00044964115 time=12.4s est_300=1h 03m 32s
[VANILLA:PVTv2-B0][064/300] loss=3.4888 ce=3.4888 guidance=0.0000 beta=0.00 train_acc=22.01% test_acc=23.21% best=23.21% lr=0.00044806337 time=12.8s est_300=1h 03m 33s
[VANILLA:PVTv2-B0][065/300] loss=3.4590 ce=3.4590 guidance=0.0000 beta=0.00 train_acc=22.28% test_acc=25.54% best=25.54% lr=0.00044646413 time=13.5s est_300=1h 03m 37s
[VANILLA:PVTv2-B0][066/300] loss=3.3939 ce=3.3939 guidance=0.0000 beta=0.00 train_acc=23.62% test_acc=23.97% best=25.54% lr=0.00044484363 time=13.1s est_300=1h 03m 38s
[VANILLA:PVTv2-B0][067/300] loss=3.3791 ce=3.3791 guidance=0.0000 beta=0.00 train_acc=24.39% test_acc=26.08% best=26.08% lr=0.00044320203 time=12.4s est_300=1h 03m 37s
[VANILLA:PVTv2-B0][068/300] loss=3.3574 ce=3.3574 guidance=0.0000 beta=0.00 train_acc=23.93% test_acc=26.10% best=26.10% lr=0.00044153952 time=13.5s est_300=1h 03m 40s
[VANILLA:PVTv2-B0][069/300] loss=3.3415 ce=3.3415 guidance=0.0000 beta=0.00 train_acc=24.08% test_acc=24.84% best=26.10% lr=0.00043985628 time=12.8s est_300=1h 03m 41s
[VANILLA:PVTv2-B0][070/300] loss=3.3151 ce=3.3151 guidance=0.0000 beta=0.00 train_acc=25.56% test_acc=25.72% best=26.10% lr=0.00043815249 time=12.6s est_300=1h 03m 40s
[VANILLA:PVTv2-B0][071/300] loss=3.3195 ce=3.3195 guidance=0.0000 beta=0.00 train_acc=24.42% test_acc=26.53% best=26.53% lr=0.00043642834 time=12.2s est_300=1h 03m 38s
[VANILLA:PVTv2-B0][072/300] loss=3.2493 ce=3.2493 guidance=0.0000 beta=0.00 train_acc=26.26% test_acc=26.91% best=26.91% lr=0.00043468403 time=13.1s est_300=1h 03m 39s
[VANILLA:PVTv2-B0][073/300] loss=3.1956 ce=3.1956 guidance=0.0000 beta=0.00 train_acc=26.99% test_acc=27.96% best=27.96% lr=0.00043291974 time=12.1s est_300=1h 03m 37s
[VANILLA:PVTv2-B0][074/300] loss=3.2131 ce=3.2131 guidance=0.0000 beta=0.00 train_acc=26.36% test_acc=27.15% best=27.96% lr=0.00043113566 time=13.3s est_300=1h 03m 39s
[VANILLA:PVTv2-B0][075/300] loss=3.1713 ce=3.1713 guidance=0.0000 beta=0.00 train_acc=28.26% test_acc=25.99% best=27.96% lr=0.00042933199 time=12.7s est_300=1h 03m 39s
[VANILLA:PVTv2-B0][076/300] loss=3.1642 ce=3.1642 guidance=0.0000 beta=0.00 train_acc=27.46% test_acc=28.81% best=28.81% lr=0.00042750893 time=13.4s est_300=1h 03m 41s
[VANILLA:PVTv2-B0][077/300] loss=3.1478 ce=3.1478 guidance=0.0000 beta=0.00 train_acc=28.33% test_acc=29.03% best=29.03% lr=0.00042566668 time=12.6s est_300=1h 03m 41s
[VANILLA:PVTv2-B0][078/300] loss=3.1274 ce=3.1274 guidance=0.0000 beta=0.00 train_acc=28.87% test_acc=28.81% best=29.03% lr=0.00042380544 time=12.9s est_300=1h 03m 41s
[VANILLA:PVTv2-B0][079/300] loss=3.1675 ce=3.1675 guidance=0.0000 beta=0.00 train_acc=27.58% test_acc=29.20% best=29.20% lr=0.00042192541 time=13.5s est_300=1h 03m 44s
[VANILLA:PVTv2-B0][080/300] loss=3.0583 ce=3.0583 guidance=0.0000 beta=0.00 train_acc=29.31% test_acc=28.29% best=29.20% lr=0.0004200268 time=13.4s est_300=1h 03m 47s
[VANILLA:PVTv2-B0][081/300] loss=3.0652 ce=3.0652 guidance=0.0000 beta=0.00 train_acc=29.03% test_acc=30.96% best=30.96% lr=0.00041810983 time=12.2s est_300=1h 03m 44s
[VANILLA:PVTv2-B0][082/300] loss=3.0353 ce=3.0353 guidance=0.0000 beta=0.00 train_acc=30.26% test_acc=30.81% best=30.96% lr=0.00041617469 time=12.1s est_300=1h 03m 42s
[VANILLA:PVTv2-B0][083/300] loss=2.9992 ce=2.9992 guidance=0.0000 beta=0.00 train_acc=31.05% test_acc=31.19% best=31.19% lr=0.0004142216 time=12.0s est_300=1h 03m 39s
[VANILLA:PVTv2-B0][084/300] loss=2.9833 ce=2.9833 guidance=0.0000 beta=0.00 train_acc=31.81% test_acc=30.93% best=31.19% lr=0.00041225078 time=12.1s est_300=1h 03m 37s
[VANILLA:PVTv2-B0][085/300] loss=2.9949 ce=2.9949 guidance=0.0000 beta=0.00 train_acc=31.86% test_acc=32.53% best=32.53% lr=0.00041026244 time=12.4s est_300=1h 03m 36s
[VANILLA:PVTv2-B0][086/300] loss=2.9296 ce=2.9296 guidance=0.0000 beta=0.00 train_acc=33.08% test_acc=31.58% best=32.53% lr=0.0004082568 time=12.5s est_300=1h 03m 35s
[VANILLA:PVTv2-B0][087/300] loss=2.9238 ce=2.9238 guidance=0.0000 beta=0.00 train_acc=32.27% test_acc=31.26% best=32.53% lr=0.00040623408 time=12.7s est_300=1h 03m 35s
[VANILLA:PVTv2-B0][088/300] loss=2.8719 ce=2.8719 guidance=0.0000 beta=0.00 train_acc=32.76% test_acc=32.57% best=32.57% lr=0.0004041945 time=13.0s est_300=1h 03m 36s
[VANILLA:PVTv2-B0][089/300] loss=2.8668 ce=2.8668 guidance=0.0000 beta=0.00 train_acc=34.17% test_acc=32.03% best=32.57% lr=0.00040213828 time=12.0s est_300=1h 03m 34s
[VANILLA:PVTv2-B0][090/300] loss=2.8769 ce=2.8769 guidance=0.0000 beta=0.00 train_acc=33.27% test_acc=31.91% best=32.57% lr=0.00040006566 time=12.5s est_300=1h 03m 33s
[VANILLA:PVTv2-B0][091/300] loss=2.8435 ce=2.8435 guidance=0.0000 beta=0.00 train_acc=33.85% test_acc=34.95% best=34.95% lr=0.00039797685 time=13.9s est_300=1h 03m 37s
[VANILLA:PVTv2-B0][092/300] loss=2.8195 ce=2.8195 guidance=0.0000 beta=0.00 train_acc=35.38% test_acc=34.24% best=34.95% lr=0.00039587209 time=13.0s est_300=1h 03m 38s
[VANILLA:PVTv2-B0][093/300] loss=2.7691 ce=2.7691 guidance=0.0000 beta=0.00 train_acc=35.63% test_acc=34.98% best=34.98% lr=0.00039375161 time=13.0s est_300=1h 03m 39s
[VANILLA:PVTv2-B0][094/300] loss=2.7619 ce=2.7619 guidance=0.0000 beta=0.00 train_acc=35.67% test_acc=34.78% best=34.98% lr=0.00039161564 time=12.9s est_300=1h 03m 39s
[VANILLA:PVTv2-B0][095/300] loss=2.7396 ce=2.7396 guidance=0.0000 beta=0.00 train_acc=35.31% test_acc=34.16% best=34.98% lr=0.00038946441 time=12.2s est_300=1h 03m 38s
[VANILLA:PVTv2-B0][096/300] loss=2.7262 ce=2.7262 guidance=0.0000 beta=0.00 train_acc=36.40% test_acc=35.12% best=35.12% lr=0.00038729816 time=13.3s est_300=1h 03m 39s
[VANILLA:PVTv2-B0][097/300] loss=2.7007 ce=2.7007 guidance=0.0000 beta=0.00 train_acc=37.26% test_acc=34.59% best=35.12% lr=0.00038511713 time=12.3s est_300=1h 03m 38s
[VANILLA:PVTv2-B0][098/300] loss=2.6667 ce=2.6667 guidance=0.0000 beta=0.00 train_acc=37.74% test_acc=35.07% best=35.12% lr=0.00038292156 time=12.4s est_300=1h 03m 37s
[VANILLA:PVTv2-B0][099/300] loss=2.6372 ce=2.6372 guidance=0.0000 beta=0.00 train_acc=37.84% test_acc=35.48% best=35.48% lr=0.00038071168 time=12.4s est_300=1h 03m 36s
[VANILLA:PVTv2-B0][100/300] loss=2.6462 ce=2.6462 guidance=0.0000 beta=0.00 train_acc=38.69% test_acc=36.76% best=36.76% lr=0.00037848775 time=13.5s est_300=1h 03m 38s
[VANILLA:PVTv2-B0][101/300] loss=2.6307 ce=2.6307 guidance=0.0000 beta=0.00 train_acc=37.89% test_acc=36.12% best=36.76% lr=0.00037625 time=13.4s est_300=1h 03m 40s
[VANILLA:PVTv2-B0][102/300] loss=2.6154 ce=2.6154 guidance=0.0000 beta=0.00 train_acc=38.77% test_acc=35.59% best=36.76% lr=0.00037399868 time=13.5s est_300=1h 03m 43s
[VANILLA:PVTv2-B0][103/300] loss=2.5991 ce=2.5991 guidance=0.0000 beta=0.00 train_acc=39.42% test_acc=36.16% best=36.76% lr=0.00037173403 time=12.8s est_300=1h 03m 43s
[VANILLA:PVTv2-B0][104/300] loss=2.5490 ce=2.5490 guidance=0.0000 beta=0.00 train_acc=40.34% test_acc=36.57% best=36.76% lr=0.00036945631 time=12.8s est_300=1h 03m 43s
[VANILLA:PVTv2-B0][105/300] loss=2.5324 ce=2.5324 guidance=0.0000 beta=0.00 train_acc=39.93% test_acc=36.18% best=36.76% lr=0.00036716577 time=12.9s est_300=1h 03m 44s
[VANILLA:PVTv2-B0][106/300] loss=2.5515 ce=2.5515 guidance=0.0000 beta=0.00 train_acc=40.25% test_acc=37.59% best=37.59% lr=0.00036486265 time=13.8s est_300=1h 03m 46s
[VANILLA:PVTv2-B0][107/300] loss=2.5286 ce=2.5286 guidance=0.0000 beta=0.00 train_acc=41.24% test_acc=36.90% best=37.59% lr=0.00036254721 time=12.9s est_300=1h 03m 47s
[VANILLA:PVTv2-B0][108/300] loss=2.5310 ce=2.5310 guidance=0.0000 beta=0.00 train_acc=41.32% test_acc=36.24% best=37.59% lr=0.0003602197 time=13.4s est_300=1h 03m 49s
[VANILLA:PVTv2-B0][109/300] loss=2.5210 ce=2.5210 guidance=0.0000 beta=0.00 train_acc=41.39% test_acc=37.76% best=37.76% lr=0.00035788037 time=13.4s est_300=1h 03m 50s
[VANILLA:PVTv2-B0][110/300] loss=2.4843 ce=2.4843 guidance=0.0000 beta=0.00 train_acc=41.81% test_acc=37.31% best=37.76% lr=0.0003555295 time=12.9s est_300=1h 03m 51s
[VANILLA:PVTv2-B0][111/300] loss=2.4864 ce=2.4864 guidance=0.0000 beta=0.00 train_acc=41.12% test_acc=37.37% best=37.76% lr=0.00035316732 time=12.7s est_300=1h 03m 50s
[VANILLA:PVTv2-B0][112/300] loss=2.4771 ce=2.4771 guidance=0.0000 beta=0.00 train_acc=42.12% test_acc=37.80% best=37.80% lr=0.0003507941 time=11.6s est_300=1h 03m 47s
[VANILLA:PVTv2-B0][113/300] loss=2.4337 ce=2.4337 guidance=0.0000 beta=0.00 train_acc=42.27% test_acc=38.75% best=38.75% lr=0.00034841011 time=11.3s est_300=1h 03m 43s
[VANILLA:PVTv2-B0][114/300] loss=2.4288 ce=2.4288 guidance=0.0000 beta=0.00 train_acc=42.90% test_acc=37.81% best=38.75% lr=0.00034601559 time=13.1s est_300=1h 03m 44s
[VANILLA:PVTv2-B0][115/300] loss=2.3774 ce=2.3774 guidance=0.0000 beta=0.00 train_acc=44.09% test_acc=39.94% best=39.94% lr=0.00034361083 time=11.8s est_300=1h 03m 42s
[VANILLA:PVTv2-B0][116/300] loss=2.3828 ce=2.3828 guidance=0.0000 beta=0.00 train_acc=43.63% test_acc=38.73% best=39.94% lr=0.00034119607 time=11.4s est_300=1h 03m 38s
[VANILLA:PVTv2-B0][117/300] loss=2.4012 ce=2.4012 guidance=0.0000 beta=0.00 train_acc=43.04% test_acc=39.92% best=39.94% lr=0.00033877158 time=11.5s est_300=1h 03m 35s
[VANILLA:PVTv2-B0][118/300] loss=2.3489 ce=2.3489 guidance=0.0000 beta=0.00 train_acc=44.65% test_acc=39.80% best=39.94% lr=0.00033633764 time=12.0s est_300=1h 03m 33s
[VANILLA:PVTv2-B0][119/300] loss=2.3150 ce=2.3150 guidance=0.0000 beta=0.00 train_acc=45.43% test_acc=39.45% best=39.94% lr=0.0003338945 time=13.4s est_300=1h 03m 35s
[VANILLA:PVTv2-B0][120/300] loss=2.3227 ce=2.3227 guidance=0.0000 beta=0.00 train_acc=45.94% test_acc=38.76% best=39.94% lr=0.00033144243 time=12.6s est_300=1h 03m 35s
[VANILLA:PVTv2-B0][121/300] loss=2.2891 ce=2.2891 guidance=0.0000 beta=0.00 train_acc=45.69% test_acc=39.07% best=39.94% lr=0.00032898171 time=12.6s est_300=1h 03m 34s
[VANILLA:PVTv2-B0][122/300] loss=2.2588 ce=2.2588 guidance=0.0000 beta=0.00 train_acc=46.74% test_acc=40.08% best=40.08% lr=0.0003265126 time=11.9s est_300=1h 03m 32s
[VANILLA:PVTv2-B0][123/300] loss=2.2628 ce=2.2628 guidance=0.0000 beta=0.00 train_acc=46.88% test_acc=39.78% best=40.08% lr=0.00032403537 time=12.8s est_300=1h 03m 32s
[VANILLA:PVTv2-B0][124/300] loss=2.2496 ce=2.2496 guidance=0.0000 beta=0.00 train_acc=48.13% test_acc=39.37% best=40.08% lr=0.0003215503 time=12.3s est_300=1h 03m 32s
[VANILLA:PVTv2-B0][125/300] loss=2.2789 ce=2.2789 guidance=0.0000 beta=0.00 train_acc=46.69% test_acc=39.85% best=40.08% lr=0.00031905766 time=13.4s est_300=1h 03m 33s
[VANILLA:PVTv2-B0][126/300] loss=2.2051 ce=2.2051 guidance=0.0000 beta=0.00 train_acc=47.42% test_acc=40.02% best=40.08% lr=0.00031655771 time=13.1s est_300=1h 03m 34s
[VANILLA:PVTv2-B0][127/300] loss=2.1615 ce=2.1615 guidance=0.0000 beta=0.00 train_acc=48.85% test_acc=40.25% best=40.25% lr=0.00031405075 time=11.6s est_300=1h 03m 31s
[VANILLA:PVTv2-B0][128/300] loss=2.1608 ce=2.1608 guidance=0.0000 beta=0.00 train_acc=49.01% test_acc=40.73% best=40.73% lr=0.00031153703 time=12.8s est_300=1h 03m 32s
[VANILLA:PVTv2-B0][129/300] loss=2.1535 ce=2.1535 guidance=0.0000 beta=0.00 train_acc=49.22% test_acc=39.45% best=40.73% lr=0.00030901684 time=12.1s est_300=1h 03m 30s
[VANILLA:PVTv2-B0][130/300] loss=2.1548 ce=2.1548 guidance=0.0000 beta=0.00 train_acc=48.06% test_acc=40.28% best=40.73% lr=0.00030649045 time=11.4s est_300=1h 03m 27s
[VANILLA:PVTv2-B0][131/300] loss=2.1726 ce=2.1726 guidance=0.0000 beta=0.00 train_acc=48.85% test_acc=40.68% best=40.73% lr=0.00030395814 time=11.5s est_300=1h 03m 24s
[VANILLA:PVTv2-B0][132/300] loss=2.1243 ce=2.1243 guidance=0.0000 beta=0.00 train_acc=50.05% test_acc=40.35% best=40.73% lr=0.00030142019 time=12.7s est_300=1h 03m 24s
[VANILLA:PVTv2-B0][133/300] loss=2.1351 ce=2.1351 guidance=0.0000 beta=0.00 train_acc=49.59% test_acc=40.54% best=40.73% lr=0.00029887688 time=12.4s est_300=1h 03m 24s
[VANILLA:PVTv2-B0][134/300] loss=2.1049 ce=2.1049 guidance=0.0000 beta=0.00 train_acc=49.98% test_acc=40.70% best=40.73% lr=0.00029632847 time=11.6s est_300=1h 03m 21s
[VANILLA:PVTv2-B0][135/300] loss=2.0867 ce=2.0867 guidance=0.0000 beta=0.00 train_acc=51.21% test_acc=41.54% best=41.54% lr=0.00029377526 time=10.9s est_300=1h 03m 17s
[VANILLA:PVTv2-B0][136/300] loss=2.1172 ce=2.1172 guidance=0.0000 beta=0.00 train_acc=50.41% test_acc=41.04% best=41.54% lr=0.00029121753 time=11.5s est_300=1h 03m 15s
[VANILLA:PVTv2-B0][137/300] loss=2.1156 ce=2.1156 guidance=0.0000 beta=0.00 train_acc=50.53% test_acc=41.77% best=41.77% lr=0.00028865555 time=10.6s est_300=1h 03m 10s
[VANILLA:PVTv2-B0][138/300] loss=2.0725 ce=2.0725 guidance=0.0000 beta=0.00 train_acc=51.83% test_acc=41.18% best=41.77% lr=0.0002860896 time=10.7s est_300=1h 03m 06s
[VANILLA:PVTv2-B0][139/300] loss=2.0061 ce=2.0061 guidance=0.0000 beta=0.00 train_acc=53.19% test_acc=41.09% best=41.77% lr=0.00028351998 time=12.6s est_300=1h 03m 06s
[VANILLA:PVTv2-B0][140/300] loss=2.0561 ce=2.0561 guidance=0.0000 beta=0.00 train_acc=51.36% test_acc=40.90% best=41.77% lr=0.00028094694 time=13.7s est_300=1h 03m 09s
[VANILLA:PVTv2-B0][141/300] loss=2.0000 ce=2.0000 guidance=0.0000 beta=0.00 train_acc=52.55% test_acc=41.66% best=41.77% lr=0.00027837079 time=12.7s est_300=1h 03m 09s
[VANILLA:PVTv2-B0][142/300] loss=1.9945 ce=1.9945 guidance=0.0000 beta=0.00 train_acc=53.23% test_acc=41.87% best=41.87% lr=0.00027579181 time=12.1s est_300=1h 03m 08s
[VANILLA:PVTv2-B0][143/300] loss=1.9933 ce=1.9933 guidance=0.0000 beta=0.00 train_acc=53.07% test_acc=41.97% best=41.97% lr=0.00027321027 time=12.1s est_300=1h 03m 07s
[VANILLA:PVTv2-B0][144/300] loss=1.9856 ce=1.9856 guidance=0.0000 beta=0.00 train_acc=53.38% test_acc=41.46% best=41.97% lr=0.00027062645 time=11.5s est_300=1h 03m 04s
[VANILLA:PVTv2-B0][145/300] loss=1.9904 ce=1.9904 guidance=0.0000 beta=0.00 train_acc=53.38% test_acc=42.30% best=42.30% lr=0.00026804065 time=11.5s est_300=1h 03m 02s
[VANILLA:PVTv2-B0][146/300] loss=1.9586 ce=1.9586 guidance=0.0000 beta=0.00 train_acc=53.86% test_acc=42.27% best=42.30% lr=0.00026545315 time=11.5s est_300=1h 03m 00s
[VANILLA:PVTv2-B0][147/300] loss=1.9492 ce=1.9492 guidance=0.0000 beta=0.00 train_acc=53.57% test_acc=42.30% best=42.30% lr=0.00026286422 time=12.7s est_300=1h 03m 00s
[VANILLA:PVTv2-B0][148/300] loss=1.9467 ce=1.9467 guidance=0.0000 beta=0.00 train_acc=53.33% test_acc=41.61% best=42.30% lr=0.00026027416 time=12.6s est_300=1h 03m 00s
[VANILLA:PVTv2-B0][149/300] loss=1.9191 ce=1.9191 guidance=0.0000 beta=0.00 train_acc=53.91% test_acc=42.11% best=42.30% lr=0.00025768325 time=12.0s est_300=1h 02m 59s
[VANILLA:PVTv2-B0][150/300] loss=1.9004 ce=1.9004 guidance=0.0000 beta=0.00 train_acc=55.06% test_acc=42.39% best=42.39% lr=0.00025509177 time=12.0s est_300=1h 02m 58s
[VANILLA:PVTv2-B0][151/300] loss=1.9438 ce=1.9438 guidance=0.0000 beta=0.00 train_acc=54.01% test_acc=42.98% best=42.98% lr=0.0002525 time=13.9s est_300=1h 03m 00s
[VANILLA:PVTv2-B0][152/300] loss=1.8811 ce=1.8811 guidance=0.0000 beta=0.00 train_acc=55.50% test_acc=43.15% best=43.15% lr=0.00024990823 time=13.7s est_300=1h 03m 02s
[VANILLA:PVTv2-B0][153/300] loss=1.9104 ce=1.9104 guidance=0.0000 beta=0.00 train_acc=54.53% test_acc=41.97% best=43.15% lr=0.00024731675 time=12.1s est_300=1h 03m 01s
[VANILLA:PVTv2-B0][154/300] loss=1.8453 ce=1.8453 guidance=0.0000 beta=0.00 train_acc=55.45% test_acc=42.72% best=43.15% lr=0.00024472584 time=12.1s est_300=1h 03m 00s
[VANILLA:PVTv2-B0][155/300] loss=1.8434 ce=1.8434 guidance=0.0000 beta=0.00 train_acc=56.62% test_acc=44.13% best=44.13% lr=0.00024213578 time=12.1s est_300=1h 02m 59s
[VANILLA:PVTv2-B0][156/300] loss=1.8502 ce=1.8502 guidance=0.0000 beta=0.00 train_acc=56.13% test_acc=43.10% best=44.13% lr=0.00023954685 time=12.1s est_300=1h 02m 58s
[VANILLA:PVTv2-B0][157/300] loss=1.8272 ce=1.8272 guidance=0.0000 beta=0.00 train_acc=56.88% test_acc=43.04% best=44.13% lr=0.00023695935 time=11.5s est_300=1h 02m 56s
[VANILLA:PVTv2-B0][158/300] loss=1.8574 ce=1.8574 guidance=0.0000 beta=0.00 train_acc=56.59% test_acc=43.65% best=44.13% lr=0.00023437355 time=13.2s est_300=1h 02m 57s
[VANILLA:PVTv2-B0][159/300] loss=1.8261 ce=1.8261 guidance=0.0000 beta=0.00 train_acc=57.46% test_acc=42.11% best=44.13% lr=0.00023178973 time=12.7s est_300=1h 02m 58s
[VANILLA:PVTv2-B0][160/300] loss=1.8419 ce=1.8419 guidance=0.0000 beta=0.00 train_acc=56.22% test_acc=43.86% best=44.13% lr=0.00022920819 time=12.7s est_300=1h 02m 58s
[VANILLA:PVTv2-B0][161/300] loss=1.7869 ce=1.7869 guidance=0.0000 beta=0.00 train_acc=57.74% test_acc=42.87% best=44.13% lr=0.00022662921 time=13.2s est_300=1h 02m 59s
[VANILLA:PVTv2-B0][162/300] loss=1.8589 ce=1.8589 guidance=0.0000 beta=0.00 train_acc=56.27% test_acc=42.61% best=44.13% lr=0.00022405306 time=12.6s est_300=1h 02m 59s
[VANILLA:PVTv2-B0][163/300] loss=1.8143 ce=1.8143 guidance=0.0000 beta=0.00 train_acc=57.49% test_acc=43.30% best=44.13% lr=0.00022148002 time=12.9s est_300=1h 02m 59s
[VANILLA:PVTv2-B0][164/300] loss=1.7747 ce=1.7747 guidance=0.0000 beta=0.00 train_acc=57.98% test_acc=42.63% best=44.13% lr=0.0002189104 time=13.2s est_300=1h 03m 00s
[VANILLA:PVTv2-B0][165/300] loss=1.7633 ce=1.7633 guidance=0.0000 beta=0.00 train_acc=58.08% test_acc=42.70% best=44.13% lr=0.00021634445 time=12.7s est_300=1h 03m 01s
[VANILLA:PVTv2-B0][166/300] loss=1.7773 ce=1.7773 guidance=0.0000 beta=0.00 train_acc=58.20% test_acc=44.72% best=44.72% lr=0.00021378247 time=12.7s est_300=1h 03m 01s
[VANILLA:PVTv2-B0][167/300] loss=1.7773 ce=1.7773 guidance=0.0000 beta=0.00 train_acc=57.97% test_acc=43.61% best=44.72% lr=0.00021122474 time=13.1s est_300=1h 03m 02s
[VANILLA:PVTv2-B0][168/300] loss=1.7601 ce=1.7601 guidance=0.0000 beta=0.00 train_acc=58.54% test_acc=43.82% best=44.72% lr=0.00020867153 time=12.0s est_300=1h 03m 01s
[VANILLA:PVTv2-B0][169/300] loss=1.7155 ce=1.7155 guidance=0.0000 beta=0.00 train_acc=60.77% test_acc=43.58% best=44.72% lr=0.00020612312 time=10.6s est_300=1h 02m 57s
[VANILLA:PVTv2-B0][170/300] loss=1.7833 ce=1.7833 guidance=0.0000 beta=0.00 train_acc=58.44% test_acc=43.55% best=44.72% lr=0.00020357981 time=10.7s est_300=1h 02m 54s
[VANILLA:PVTv2-B0][171/300] loss=1.7318 ce=1.7318 guidance=0.0000 beta=0.00 train_acc=59.14% test_acc=43.08% best=44.72% lr=0.00020104186 time=11.4s est_300=1h 02m 52s
[VANILLA:PVTv2-B0][172/300] loss=1.7027 ce=1.7027 guidance=0.0000 beta=0.00 train_acc=59.49% test_acc=44.01% best=44.72% lr=0.00019850955 time=12.2s est_300=1h 02m 51s
[VANILLA:PVTv2-B0][173/300] loss=1.7245 ce=1.7245 guidance=0.0000 beta=0.00 train_acc=59.00% test_acc=43.92% best=44.72% lr=0.00019598316 time=12.9s est_300=1h 02m 52s
[VANILLA:PVTv2-B0][174/300] loss=1.7270 ce=1.7270 guidance=0.0000 beta=0.00 train_acc=58.61% test_acc=43.20% best=44.72% lr=0.00019346297 time=12.4s est_300=1h 02m 51s
[VANILLA:PVTv2-B0][175/300] loss=1.6327 ce=1.6327 guidance=0.0000 beta=0.00 train_acc=61.16% test_acc=43.99% best=44.72% lr=0.00019094925 time=11.5s est_300=1h 02m 49s
[VANILLA:PVTv2-B0][176/300] loss=1.7089 ce=1.7089 guidance=0.0000 beta=0.00 train_acc=59.87% test_acc=43.80% best=44.72% lr=0.00018844229 time=11.4s est_300=1h 02m 47s
[VANILLA:PVTv2-B0][177/300] loss=1.6722 ce=1.6722 guidance=0.0000 beta=0.00 train_acc=60.43% test_acc=43.99% best=44.72% lr=0.00018594234 time=12.9s est_300=1h 02m 48s
[VANILLA:PVTv2-B0][178/300] loss=1.6440 ce=1.6440 guidance=0.0000 beta=0.00 train_acc=61.35% test_acc=43.99% best=44.72% lr=0.0001834497 time=13.8s est_300=1h 02m 50s
[VANILLA:PVTv2-B0][179/300] loss=1.6525 ce=1.6525 guidance=0.0000 beta=0.00 train_acc=61.09% test_acc=43.86% best=44.72% lr=0.00018096463 time=13.2s est_300=1h 02m 51s
[VANILLA:PVTv2-B0][180/300] loss=1.6311 ce=1.6311 guidance=0.0000 beta=0.00 train_acc=61.31% test_acc=43.63% best=44.72% lr=0.0001784874 time=12.3s est_300=1h 02m 51s
[VANILLA:PVTv2-B0][181/300] loss=1.6937 ce=1.6937 guidance=0.0000 beta=0.00 train_acc=59.66% test_acc=43.72% best=44.72% lr=0.00017601829 time=12.4s est_300=1h 02m 51s
[VANILLA:PVTv2-B0][182/300] loss=1.6126 ce=1.6126 guidance=0.0000 beta=0.00 train_acc=62.02% test_acc=44.41% best=44.72% lr=0.00017355757 time=12.5s est_300=1h 02m 50s
[VANILLA:PVTv2-B0][183/300] loss=1.6313 ce=1.6313 guidance=0.0000 beta=0.00 train_acc=61.02% test_acc=43.96% best=44.72% lr=0.0001711055 time=12.2s est_300=1h 02m 50s
[VANILLA:PVTv2-B0][184/300] loss=1.6134 ce=1.6134 guidance=0.0000 beta=0.00 train_acc=62.11% test_acc=43.96% best=44.72% lr=0.00016866236 time=11.5s est_300=1h 02m 48s
[VANILLA:PVTv2-B0][185/300] loss=1.6062 ce=1.6062 guidance=0.0000 beta=0.00 train_acc=61.89% test_acc=44.89% best=44.89% lr=0.00016622842 time=12.4s est_300=1h 02m 48s
[VANILLA:PVTv2-B0][186/300] loss=1.6456 ce=1.6456 guidance=0.0000 beta=0.00 train_acc=61.46% test_acc=44.86% best=44.89% lr=0.00016380393 time=11.5s est_300=1h 02m 46s
[VANILLA:PVTv2-B0][187/300] loss=1.5720 ce=1.5720 guidance=0.0000 beta=0.00 train_acc=62.77% test_acc=44.43% best=44.89% lr=0.00016138917 time=11.3s est_300=1h 02m 44s
[VANILLA:PVTv2-B0][188/300] loss=1.5992 ce=1.5992 guidance=0.0000 beta=0.00 train_acc=61.72% test_acc=45.17% best=45.17% lr=0.00015898441 time=12.2s est_300=1h 02m 44s
[VANILLA:PVTv2-B0][189/300] loss=1.6211 ce=1.6211 guidance=0.0000 beta=0.00 train_acc=61.85% test_acc=45.18% best=45.18% lr=0.00015658989 time=11.4s est_300=1h 02m 42s
[VANILLA:PVTv2-B0][190/300] loss=1.5853 ce=1.5853 guidance=0.0000 beta=0.00 train_acc=62.18% test_acc=44.79% best=45.18% lr=0.0001542059 time=11.9s est_300=1h 02m 41s
[VANILLA:PVTv2-B0][191/300] loss=1.5908 ce=1.5908 guidance=0.0000 beta=0.00 train_acc=62.70% test_acc=44.44% best=45.18% lr=0.00015183268 time=13.6s est_300=1h 02m 42s
[VANILLA:PVTv2-B0][192/300] loss=1.5406 ce=1.5406 guidance=0.0000 beta=0.00 train_acc=62.75% test_acc=44.17% best=45.18% lr=0.0001494705 time=12.5s est_300=1h 02m 42s
[VANILLA:PVTv2-B0][193/300] loss=1.5633 ce=1.5633 guidance=0.0000 beta=0.00 train_acc=62.70% test_acc=44.87% best=45.18% lr=0.00014711963 time=10.6s est_300=1h 02m 39s
[VANILLA:PVTv2-B0][194/300] loss=1.5611 ce=1.5611 guidance=0.0000 beta=0.00 train_acc=63.15% test_acc=44.51% best=45.18% lr=0.0001447803 time=12.0s est_300=1h 02m 39s
[VANILLA:PVTv2-B0][195/300] loss=1.5586 ce=1.5586 guidance=0.0000 beta=0.00 train_acc=62.65% test_acc=44.51% best=45.18% lr=0.00014245279 time=12.4s est_300=1h 02m 38s
[VANILLA:PVTv2-B0][196/300] loss=1.5353 ce=1.5353 guidance=0.0000 beta=0.00 train_acc=63.65% test_acc=45.01% best=45.18% lr=0.00014013735 time=13.4s est_300=1h 02m 40s
[VANILLA:PVTv2-B0][197/300] loss=1.4948 ce=1.4948 guidance=0.0000 beta=0.00 train_acc=64.10% test_acc=43.92% best=45.18% lr=0.00013783423 time=11.5s est_300=1h 02m 38s
[VANILLA:PVTv2-B0][198/300] loss=1.5215 ce=1.5215 guidance=0.0000 beta=0.00 train_acc=64.37% test_acc=44.70% best=45.18% lr=0.00013554369 time=11.5s est_300=1h 02m 36s
[VANILLA:PVTv2-B0][199/300] loss=1.5220 ce=1.5220 guidance=0.0000 beta=0.00 train_acc=64.49% test_acc=45.60% best=45.60% lr=0.00013326597 time=10.9s est_300=1h 02m 34s
[VANILLA:PVTv2-B0][200/300] loss=1.4902 ce=1.4902 guidance=0.0000 beta=0.00 train_acc=64.61% test_acc=45.60% best=45.60% lr=0.00013100132 time=12.9s est_300=1h 02m 35s
[VANILLA:PVTv2-B0][201/300] loss=1.5059 ce=1.5059 guidance=0.0000 beta=0.00 train_acc=64.16% test_acc=45.17% best=45.60% lr=0.00012875 time=13.4s est_300=1h 02m 36s
[VANILLA:PVTv2-B0][202/300] loss=1.5378 ce=1.5378 guidance=0.0000 beta=0.00 train_acc=63.26% test_acc=45.41% best=45.60% lr=0.00012651225 time=12.4s est_300=1h 02m 36s
[VANILLA:PVTv2-B0][203/300] loss=1.4758 ce=1.4758 guidance=0.0000 beta=0.00 train_acc=65.00% test_acc=45.75% best=45.75% lr=0.00012428832 time=11.8s est_300=1h 02m 35s
[VANILLA:PVTv2-B0][204/300] loss=1.4803 ce=1.4803 guidance=0.0000 beta=0.00 train_acc=64.67% test_acc=44.60% best=45.75% lr=0.00012207844 time=11.8s est_300=1h 02m 34s
[VANILLA:PVTv2-B0][205/300] loss=1.4543 ce=1.4543 guidance=0.0000 beta=0.00 train_acc=65.62% test_acc=45.77% best=45.77% lr=0.00011988287 time=11.4s est_300=1h 02m 32s
[VANILLA:PVTv2-B0][206/300] loss=1.4951 ce=1.4951 guidance=0.0000 beta=0.00 train_acc=64.20% test_acc=45.24% best=45.77% lr=0.00011770184 time=12.7s est_300=1h 02m 33s
[VANILLA:PVTv2-B0][207/300] loss=1.4936 ce=1.4936 guidance=0.0000 beta=0.00 train_acc=65.08% test_acc=45.20% best=45.77% lr=0.00011553559 time=12.4s est_300=1h 02m 32s
[VANILLA:PVTv2-B0][208/300] loss=1.5180 ce=1.5180 guidance=0.0000 beta=0.00 train_acc=64.25% test_acc=44.87% best=45.77% lr=0.00011338436 time=11.5s est_300=1h 02m 31s
[VANILLA:PVTv2-B0][209/300] loss=1.5217 ce=1.5217 guidance=0.0000 beta=0.00 train_acc=65.10% test_acc=45.13% best=45.77% lr=0.00011124839 time=13.0s est_300=1h 02m 32s
[VANILLA:PVTv2-B0][210/300] loss=1.4602 ce=1.4602 guidance=0.0000 beta=0.00 train_acc=64.86% test_acc=45.37% best=45.77% lr=0.00010912791 time=11.6s est_300=1h 02m 30s
[VANILLA:PVTv2-B0][211/300] loss=1.4671 ce=1.4671 guidance=0.0000 beta=0.00 train_acc=65.29% test_acc=45.13% best=45.77% lr=0.00010702315 time=11.4s est_300=1h 02m 29s
[VANILLA:PVTv2-B0][212/300] loss=1.4043 ce=1.4043 guidance=0.0000 beta=0.00 train_acc=66.85% test_acc=45.58% best=45.77% lr=0.00010493434 time=11.5s est_300=1h 02m 27s
[VANILLA:PVTv2-B0][213/300] loss=1.4932 ce=1.4932 guidance=0.0000 beta=0.00 train_acc=65.44% test_acc=45.22% best=45.77% lr=0.00010286172 time=13.3s est_300=1h 02m 29s
[VANILLA:PVTv2-B0][214/300] loss=1.4576 ce=1.4576 guidance=0.0000 beta=0.00 train_acc=65.47% test_acc=45.27% best=45.77% lr=0.0001008055 time=12.8s est_300=1h 02m 29s
[VANILLA:PVTv2-B0][215/300] loss=1.4414 ce=1.4414 guidance=0.0000 beta=0.00 train_acc=65.98% test_acc=45.18% best=45.77% lr=9.8765924e-05 time=11.9s est_300=1h 02m 28s
[VANILLA:PVTv2-B0][216/300] loss=1.4311 ce=1.4311 guidance=0.0000 beta=0.00 train_acc=66.17% test_acc=45.70% best=45.77% lr=9.6743203e-05 time=12.7s est_300=1h 02m 28s
[VANILLA:PVTv2-B0][217/300] loss=1.4216 ce=1.4216 guidance=0.0000 beta=0.00 train_acc=66.42% test_acc=45.81% best=45.81% lr=9.4737563e-05 time=12.0s est_300=1h 02m 28s
[VANILLA:PVTv2-B0][218/300] loss=1.4276 ce=1.4276 guidance=0.0000 beta=0.00 train_acc=67.05% test_acc=45.94% best=45.94% lr=9.2749222e-05 time=12.2s est_300=1h 02m 27s
[VANILLA:PVTv2-B0][219/300] loss=1.4255 ce=1.4255 guidance=0.0000 beta=0.00 train_acc=66.36% test_acc=45.72% best=45.94% lr=9.0778401e-05 time=12.9s est_300=1h 02m 28s
[VANILLA:PVTv2-B0][220/300] loss=1.4271 ce=1.4271 guidance=0.0000 beta=0.00 train_acc=65.98% test_acc=46.03% best=46.03% lr=8.8825313e-05 time=14.0s est_300=1h 02m 30s
[VANILLA:PVTv2-B0][221/300] loss=1.3916 ce=1.3916 guidance=0.0000 beta=0.00 train_acc=67.68% test_acc=45.72% best=46.03% lr=8.6890175e-05 time=13.3s est_300=1h 02m 31s
[VANILLA:PVTv2-B0][222/300] loss=1.4017 ce=1.4017 guidance=0.0000 beta=0.00 train_acc=66.15% test_acc=46.24% best=46.24% lr=8.4973198e-05 time=12.9s est_300=1h 02m 32s
[VANILLA:PVTv2-B0][223/300] loss=1.4087 ce=1.4087 guidance=0.0000 beta=0.00 train_acc=66.32% test_acc=45.86% best=46.24% lr=8.3074591e-05 time=11.5s est_300=1h 02m 30s
[VANILLA:PVTv2-B0][224/300] loss=1.3963 ce=1.3963 guidance=0.0000 beta=0.00 train_acc=67.36% test_acc=46.96% best=46.96% lr=8.1194564e-05 time=11.5s est_300=1h 02m 29s
[VANILLA:PVTv2-B0][225/300] loss=1.4063 ce=1.4063 guidance=0.0000 beta=0.00 train_acc=67.37% test_acc=46.06% best=46.96% lr=7.9333323e-05 time=12.8s est_300=1h 02m 29s
[VANILLA:PVTv2-B0][226/300] loss=1.4229 ce=1.4229 guidance=0.0000 beta=0.00 train_acc=66.51% test_acc=46.00% best=46.96% lr=7.7491072e-05 time=11.3s est_300=1h 02m 28s
[VANILLA:PVTv2-B0][227/300] loss=1.3506 ce=1.3506 guidance=0.0000 beta=0.00 train_acc=67.87% test_acc=46.20% best=46.96% lr=7.5668012e-05 time=11.8s est_300=1h 02m 27s
[VANILLA:PVTv2-B0][228/300] loss=1.3754 ce=1.3754 guidance=0.0000 beta=0.00 train_acc=67.14% test_acc=46.43% best=46.96% lr=7.3864344e-05 time=13.0s est_300=1h 02m 28s
[VANILLA:PVTv2-B0][229/300] loss=1.4257 ce=1.4257 guidance=0.0000 beta=0.00 train_acc=65.76% test_acc=46.57% best=46.96% lr=7.2080265e-05 time=12.4s est_300=1h 02m 27s
[VANILLA:PVTv2-B0][230/300] loss=1.4203 ce=1.4203 guidance=0.0000 beta=0.00 train_acc=66.08% test_acc=45.91% best=46.96% lr=7.0315971e-05 time=12.6s est_300=1h 02m 28s
[VANILLA:PVTv2-B0][231/300] loss=1.4325 ce=1.4325 guidance=0.0000 beta=0.00 train_acc=66.51% test_acc=45.96% best=46.96% lr=6.8571656e-05 time=12.7s est_300=1h 02m 28s
[VANILLA:PVTv2-B0][232/300] loss=1.4066 ce=1.4066 guidance=0.0000 beta=0.00 train_acc=66.93% test_acc=46.03% best=46.96% lr=6.684751e-05 time=12.0s est_300=1h 02m 27s
[VANILLA:PVTv2-B0][233/300] loss=1.3923 ce=1.3923 guidance=0.0000 beta=0.00 train_acc=67.60% test_acc=46.29% best=46.96% lr=6.5143724e-05 time=12.1s est_300=1h 02m 27s
[VANILLA:PVTv2-B0][234/300] loss=1.3844 ce=1.3844 guidance=0.0000 beta=0.00 train_acc=67.43% test_acc=46.27% best=46.96% lr=6.3460483e-05 time=13.4s est_300=1h 02m 28s
[VANILLA:PVTv2-B0][235/300] loss=1.3806 ce=1.3806 guidance=0.0000 beta=0.00 train_acc=67.49% test_acc=45.72% best=46.96% lr=6.1797972e-05 time=13.8s est_300=1h 02m 29s
[VANILLA:PVTv2-B0][236/300] loss=1.3534 ce=1.3534 guidance=0.0000 beta=0.00 train_acc=68.12% test_acc=46.05% best=46.96% lr=6.0156375e-05 time=13.6s est_300=1h 02m 31s
[VANILLA:PVTv2-B0][237/300] loss=1.3397 ce=1.3397 guidance=0.0000 beta=0.00 train_acc=68.16% test_acc=46.24% best=46.96% lr=5.8535869e-05 time=14.0s est_300=1h 02m 33s
[VANILLA:PVTv2-B0][238/300] loss=1.3946 ce=1.3946 guidance=0.0000 beta=0.00 train_acc=67.09% test_acc=45.88% best=46.96% lr=5.6936634e-05 time=13.3s est_300=1h 02m 34s
[VANILLA:PVTv2-B0][239/300] loss=1.3816 ce=1.3816 guidance=0.0000 beta=0.00 train_acc=67.53% test_acc=46.41% best=46.96% lr=5.5358845e-05 time=12.8s est_300=1h 02m 34s
[VANILLA:PVTv2-B0][240/300] loss=1.3525 ce=1.3525 guidance=0.0000 beta=0.00 train_acc=67.75% test_acc=46.36% best=46.96% lr=5.3802675e-05 time=13.3s est_300=1h 02m 35s
[VANILLA:PVTv2-B0][241/300] loss=1.3481 ce=1.3481 guidance=0.0000 beta=0.00 train_acc=67.76% test_acc=46.44% best=46.96% lr=5.2268294e-05 time=12.3s est_300=1h 02m 35s
[VANILLA:PVTv2-B0][242/300] loss=1.3499 ce=1.3499 guidance=0.0000 beta=0.00 train_acc=68.72% test_acc=45.89% best=46.96% lr=5.0755871e-05 time=12.5s est_300=1h 02m 35s
[VANILLA:PVTv2-B0][243/300] loss=1.3296 ce=1.3296 guidance=0.0000 beta=0.00 train_acc=68.46% test_acc=46.13% best=46.96% lr=4.9265571e-05 time=13.6s est_300=1h 02m 36s
[VANILLA:PVTv2-B0][244/300] loss=1.3191 ce=1.3191 guidance=0.0000 beta=0.00 train_acc=68.72% test_acc=46.29% best=46.96% lr=4.7797558e-05 time=12.9s est_300=1h 02m 36s
[VANILLA:PVTv2-B0][245/300] loss=1.3134 ce=1.3134 guidance=0.0000 beta=0.00 train_acc=69.19% test_acc=46.08% best=46.96% lr=4.6351993e-05 time=12.1s est_300=1h 02m 36s
[VANILLA:PVTv2-B0][246/300] loss=1.2878 ce=1.2878 guidance=0.0000 beta=0.00 train_acc=69.60% test_acc=46.00% best=46.96% lr=4.4929034e-05 time=13.7s est_300=1h 02m 37s
[VANILLA:PVTv2-B0][247/300] loss=1.3023 ce=1.3023 guidance=0.0000 beta=0.00 train_acc=69.43% test_acc=46.06% best=46.96% lr=4.3528838e-05 time=13.9s est_300=1h 02m 39s
[VANILLA:PVTv2-B0][248/300] loss=1.3079 ce=1.3079 guidance=0.0000 beta=0.00 train_acc=69.67% test_acc=46.51% best=46.96% lr=4.2151558e-05 time=13.9s est_300=1h 02m 41s
[VANILLA:PVTv2-B0][249/300] loss=1.3264 ce=1.3264 guidance=0.0000 beta=0.00 train_acc=68.39% test_acc=46.31% best=46.96% lr=4.0797346e-05 time=12.8s est_300=1h 02m 41s
[VANILLA:PVTv2-B0][250/300] loss=1.3173 ce=1.3173 guidance=0.0000 beta=0.00 train_acc=68.75% test_acc=46.67% best=46.96% lr=3.9466348e-05 time=11.3s est_300=1h 02m 40s
[VANILLA:PVTv2-B0][251/300] loss=1.3135 ce=1.3135 guidance=0.0000 beta=0.00 train_acc=69.33% test_acc=46.44% best=46.96% lr=3.8158713e-05 time=11.9s est_300=1h 02m 39s
[VANILLA:PVTv2-B0][252/300] loss=1.2953 ce=1.2953 guidance=0.0000 beta=0.00 train_acc=69.34% test_acc=46.46% best=46.96% lr=3.6874582e-05 time=12.4s est_300=1h 02m 39s
[VANILLA:PVTv2-B0][253/300] loss=1.2911 ce=1.2911 guidance=0.0000 beta=0.00 train_acc=70.01% test_acc=46.03% best=46.96% lr=3.5614097e-05 time=13.1s est_300=1h 02m 39s
[VANILLA:PVTv2-B0][254/300] loss=1.3530 ce=1.3530 guidance=0.0000 beta=0.00 train_acc=67.56% test_acc=46.13% best=46.96% lr=3.4377396e-05 time=13.4s est_300=1h 02m 40s
[VANILLA:PVTv2-B0][255/300] loss=1.3324 ce=1.3324 guidance=0.0000 beta=0.00 train_acc=69.06% test_acc=46.03% best=46.96% lr=3.3164614e-05 time=11.8s est_300=1h 02m 39s
[VANILLA:PVTv2-B0][256/300] loss=1.2909 ce=1.2909 guidance=0.0000 beta=0.00 train_acc=69.68% test_acc=46.01% best=46.96% lr=3.1975885e-05 time=10.6s est_300=1h 02m 37s
[VANILLA:PVTv2-B0][257/300] loss=1.2917 ce=1.2917 guidance=0.0000 beta=0.00 train_acc=69.53% test_acc=46.34% best=46.96% lr=3.0811339e-05 time=10.6s est_300=1h 02m 35s
[VANILLA:PVTv2-B0][258/300] loss=1.3185 ce=1.3185 guidance=0.0000 beta=0.00 train_acc=68.99% test_acc=46.15% best=46.96% lr=2.9671104e-05 time=10.7s est_300=1h 02m 33s
[VANILLA:PVTv2-B0][259/300] loss=1.2810 ce=1.2810 guidance=0.0000 beta=0.00 train_acc=70.35% test_acc=47.07% best=47.07% lr=2.8555305e-05 time=12.0s est_300=1h 02m 32s
[VANILLA:PVTv2-B0][260/300] loss=1.3186 ce=1.3186 guidance=0.0000 beta=0.00 train_acc=69.04% test_acc=46.38% best=47.07% lr=2.7464063e-05 time=12.9s est_300=1h 02m 33s
[VANILLA:PVTv2-B0][261/300] loss=1.2983 ce=1.2983 guidance=0.0000 beta=0.00 train_acc=69.02% test_acc=46.13% best=47.07% lr=2.6397499e-05 time=12.0s est_300=1h 02m 32s
[VANILLA:PVTv2-B0][262/300] loss=1.2705 ce=1.2705 guidance=0.0000 beta=0.00 train_acc=69.62% test_acc=46.12% best=47.07% lr=2.535573e-05 time=12.7s est_300=1h 02m 32s
[VANILLA:PVTv2-B0][263/300] loss=1.2792 ce=1.2792 guidance=0.0000 beta=0.00 train_acc=69.63% test_acc=46.46% best=47.07% lr=2.433887e-05 time=13.4s est_300=1h 02m 33s
[VANILLA:PVTv2-B0][264/300] loss=1.2914 ce=1.2914 guidance=0.0000 beta=0.00 train_acc=69.09% test_acc=46.46% best=47.07% lr=2.334703e-05 time=12.8s est_300=1h 02m 34s
[VANILLA:PVTv2-B0][265/300] loss=1.2682 ce=1.2682 guidance=0.0000 beta=0.00 train_acc=69.38% test_acc=46.50% best=47.07% lr=2.238032e-05 time=12.2s est_300=1h 02m 33s
[VANILLA:PVTv2-B0][266/300] loss=1.3069 ce=1.3069 guidance=0.0000 beta=0.00 train_acc=69.38% test_acc=46.77% best=47.07% lr=2.1438844e-05 time=11.5s est_300=1h 02m 32s
[VANILLA:PVTv2-B0][267/300] loss=1.2703 ce=1.2703 guidance=0.0000 beta=0.00 train_acc=69.87% test_acc=46.96% best=47.07% lr=2.0522708e-05 time=12.9s est_300=1h 02m 33s
[VANILLA:PVTv2-B0][268/300] loss=1.2734 ce=1.2734 guidance=0.0000 beta=0.00 train_acc=70.18% test_acc=46.91% best=47.07% lr=1.963201e-05 time=13.0s est_300=1h 02m 33s
[VANILLA:PVTv2-B0][269/300] loss=1.2853 ce=1.2853 guidance=0.0000 beta=0.00 train_acc=69.79% test_acc=46.69% best=47.07% lr=1.8766848e-05 time=12.7s est_300=1h 02m 33s
[VANILLA:PVTv2-B0][270/300] loss=1.2721 ce=1.2721 guidance=0.0000 beta=0.00 train_acc=70.16% test_acc=46.81% best=47.07% lr=1.7927319e-05 time=12.3s est_300=1h 02m 33s
[VANILLA:PVTv2-B0][271/300] loss=1.2972 ce=1.2972 guidance=0.0000 beta=0.00 train_acc=69.50% test_acc=46.74% best=47.07% lr=1.7113512e-05 time=12.9s est_300=1h 02m 34s
[VANILLA:PVTv2-B0][272/300] loss=1.2833 ce=1.2833 guidance=0.0000 beta=0.00 train_acc=69.77% test_acc=46.65% best=47.07% lr=1.6325519e-05 time=12.2s est_300=1h 02m 33s
[VANILLA:PVTv2-B0][273/300] loss=1.3142 ce=1.3142 guidance=0.0000 beta=0.00 train_acc=68.83% test_acc=46.88% best=47.07% lr=1.5563424e-05 time=12.1s est_300=1h 02m 33s
[VANILLA:PVTv2-B0][274/300] loss=1.2830 ce=1.2830 guidance=0.0000 beta=0.00 train_acc=70.30% test_acc=46.58% best=47.07% lr=1.4827313e-05 time=13.8s est_300=1h 02m 34s
[VANILLA:PVTv2-B0][275/300] loss=1.3074 ce=1.3074 guidance=0.0000 beta=0.00 train_acc=69.55% test_acc=46.65% best=47.07% lr=1.4117265e-05 time=13.7s est_300=1h 02m 36s
[VANILLA:PVTv2-B0][276/300] loss=1.3008 ce=1.3008 guidance=0.0000 beta=0.00 train_acc=69.45% test_acc=46.82% best=47.07% lr=1.3433358e-05 time=11.7s est_300=1h 02m 35s
[VANILLA:PVTv2-B0][277/300] loss=1.2760 ce=1.2760 guidance=0.0000 beta=0.00 train_acc=69.90% test_acc=47.15% best=47.15% lr=1.2775668e-05 time=12.0s est_300=1h 02m 34s
[VANILLA:PVTv2-B0][278/300] loss=1.2782 ce=1.2782 guidance=0.0000 beta=0.00 train_acc=69.77% test_acc=46.76% best=47.15% lr=1.2144266e-05 time=11.2s est_300=1h 02m 33s
[VANILLA:PVTv2-B0][279/300] loss=1.2942 ce=1.2942 guidance=0.0000 beta=0.00 train_acc=69.62% test_acc=46.70% best=47.15% lr=1.1539222e-05 time=11.4s est_300=1h 02m 32s
[VANILLA:PVTv2-B0][280/300] loss=1.2739 ce=1.2739 guidance=0.0000 beta=0.00 train_acc=70.26% test_acc=46.69% best=47.15% lr=1.0960601e-05 time=11.5s est_300=1h 02m 30s
[VANILLA:PVTv2-B0][281/300] loss=1.2780 ce=1.2780 guidance=0.0000 beta=0.00 train_acc=70.70% test_acc=46.79% best=47.15% lr=1.0408469e-05 time=12.2s est_300=1h 02m 30s
[VANILLA:PVTv2-B0][282/300] loss=1.3080 ce=1.3080 guidance=0.0000 beta=0.00 train_acc=69.40% test_acc=46.69% best=47.15% lr=9.8828843e-06 time=12.8s est_300=1h 02m 30s
[VANILLA:PVTv2-B0][283/300] loss=1.2874 ce=1.2874 guidance=0.0000 beta=0.00 train_acc=69.68% test_acc=46.89% best=47.15% lr=9.3839054e-06 time=13.3s est_300=1h 02m 31s
[VANILLA:PVTv2-B0][284/300] loss=1.2798 ce=1.2798 guidance=0.0000 beta=0.00 train_acc=70.06% test_acc=46.95% best=47.15% lr=8.911587e-06 time=12.8s est_300=1h 02m 32s
[VANILLA:PVTv2-B0][285/300] loss=1.2832 ce=1.2832 guidance=0.0000 beta=0.00 train_acc=69.84% test_acc=46.76% best=47.15% lr=8.4659808e-06 time=12.4s est_300=1h 02m 32s
[VANILLA:PVTv2-B0][286/300] loss=1.2829 ce=1.2829 guidance=0.0000 beta=0.00 train_acc=69.87% test_acc=46.95% best=47.15% lr=8.0471357e-06 time=12.3s est_300=1h 02m 31s
[VANILLA:PVTv2-B0][287/300] loss=1.2796 ce=1.2796 guidance=0.0000 beta=0.00 train_acc=69.82% test_acc=46.77% best=47.15% lr=7.6550976e-06 time=12.8s est_300=1h 02m 32s
[VANILLA:PVTv2-B0][288/300] loss=1.2738 ce=1.2738 guidance=0.0000 beta=0.00 train_acc=70.11% test_acc=46.65% best=47.15% lr=7.2899095e-06 time=12.2s est_300=1h 02m 31s
[VANILLA:PVTv2-B0][289/300] loss=1.2610 ce=1.2610 guidance=0.0000 beta=0.00 train_acc=70.53% test_acc=46.62% best=47.15% lr=6.9516114e-06 time=11.9s est_300=1h 02m 31s
[VANILLA:PVTv2-B0][290/300] loss=1.2787 ce=1.2787 guidance=0.0000 beta=0.00 train_acc=70.21% test_acc=46.60% best=47.15% lr=6.6402405e-06 time=12.0s est_300=1h 02m 30s
[VANILLA:PVTv2-B0][291/300] loss=1.3019 ce=1.3019 guidance=0.0000 beta=0.00 train_acc=69.46% test_acc=46.70% best=47.15% lr=6.3558309e-06 time=10.6s est_300=1h 02m 28s
[VANILLA:PVTv2-B0][292/300] loss=1.2299 ce=1.2299 guidance=0.0000 beta=0.00 train_acc=70.50% test_acc=46.67% best=47.15% lr=6.0984138e-06 time=12.3s est_300=1h 02m 28s
[VANILLA:PVTv2-B0][293/300] loss=1.2723 ce=1.2723 guidance=0.0000 beta=0.00 train_acc=69.45% test_acc=46.79% best=47.15% lr=5.8680173e-06 time=12.8s est_300=1h 02m 28s
[VANILLA:PVTv2-B0][294/300] loss=1.2721 ce=1.2721 guidance=0.0000 beta=0.00 train_acc=69.53% test_acc=46.70% best=47.15% lr=5.6646669e-06 time=11.4s est_300=1h 02m 27s
[VANILLA:PVTv2-B0][295/300] loss=1.2885 ce=1.2885 guidance=0.0000 beta=0.00 train_acc=70.11% test_acc=46.72% best=47.15% lr=5.4883847e-06 time=12.8s est_300=1h 02m 27s
[VANILLA:PVTv2-B0][296/300] loss=1.2692 ce=1.2692 guidance=0.0000 beta=0.00 train_acc=70.13% test_acc=46.63% best=47.15% lr=5.3391901e-06 time=12.6s est_300=1h 02m 28s
[VANILLA:PVTv2-B0][297/300] loss=1.2620 ce=1.2620 guidance=0.0000 beta=0.00 train_acc=70.11% test_acc=46.70% best=47.15% lr=5.2170996e-06 time=12.9s est_300=1h 02m 28s
[VANILLA:PVTv2-B0][298/300] loss=1.2859 ce=1.2859 guidance=0.0000 beta=0.00 train_acc=69.48% test_acc=46.82% best=47.15% lr=5.1221263e-06 time=13.0s est_300=1h 02m 28s
[VANILLA:PVTv2-B0][299/300] loss=1.2782 ce=1.2782 guidance=0.0000 beta=0.00 train_acc=69.80% test_acc=46.69% best=47.15% lr=5.0542808e-06 time=12.6s est_300=1h 02m 29s
[VANILLA:PVTv2-B0][300/300] loss=1.2635 ce=1.2635 guidance=0.0000 beta=0.00 train_acc=70.38% test_acc=46.70% best=47.15% lr=5.0135706e-06 time=11.4s est_300=1h 02m 27s
[TIMING_RESULT] student=PVTv2-B0 method=VANILLA batch=128 avg_epoch=12.49s estimated_300=1h 02m 27s
[FINAL_RESULT] summary=/app/output/table1_cub200_pvtv2_b0_all_full_seed1/students/table1_cub200_pvtv2_b0_vanilla_b128_full_300ep_seed1/summary.json
[DONE] Table-1 CUB student task completed successfully.
[STUDENT_IDENTITY_CHECK_TABLE1_CUB200] status=PASS student=PVTv2-B0 method=Vanilla batch=128 teacher=none
[TASK_DONE] 1/5 PVTv2-B0/Vanilla elapsed=1h 03m 51s
------------------------------------------------------------------------------------------------
[TASK_START] 2/5 PVTv2-B0/LG
[COMMAND][LG] /usr/bin/python /app/scratch/input/kau-aimslab_554/methods/table1_cub200/train.py --full-run --student pvtv2_b0 --method lg --batch-size 128 --data-dir /app/output/table1_cub200_pvtv2_b0_all_full_seed1/data/cub200 --teacher-root /app/scratch/input/kau-aimslab_554/teachers/checkpoints/cub200_table1_resnet56_32 --output-dir /app/output/table1_cub200_pvtv2_b0_all_full_seed1/students --run-name table1_cub200_pvtv2_b0_lg_b128_full_300ep_seed1 --num-workers 4
[BOOT] Python process started: /usr/bin/python
[BOOT] complete Table-1 runtime dependencies already available
/usr/local/lib/python3.10/dist-packages/timm/models/layers/__init__.py:49: FutureWarning: Importing from timm.models.layers is deprecated, please import via timm.layers
  warnings.warn(f"Importing from {__name__} is deprecated, please import via timm.layers", FutureWarning)
========================================================================================
CUB-200 TABLE-1 EXTENSION
========================================================================================
[TASK] student=PVTv2-B0 method=LG batch=128 mode=full_300ep
[MODE] actual_epochs=300 planned_epochs=300
[PROTOCOL_LOCK] dataset=CUB-200-2011 split=5994/5794 teacher=ResNet56-scratch-32 student=scratch-224 epochs=300 AdamW=5e-4->5e-6 wd=0.05 warmup=20 seed=1 fp32=True
[FIXED_TEACHER_TABLE1_CUB200] h200_build=543 root=/app/scratch/input/kau-aimslab_554/teachers/checkpoints/cub200_table1_resnet56_32 sha256=06f75192b1c108c89e480843cb4f72dfb28aa762d7b11e7ac327333dd54b51f5
[SOURCE] official_lg_repo=https://github.com/lkhl/tiny-transformers commit=d2165f74049c906b0afc9f957491960fb3c0cc8b
[MODEL] params=3,461,160 feature_dims=(32, 32, 64, 64, 160, 160, 256, 256) selected_lg=(0, 3, 7)
[FEATURE_CHECK] student=((2, 32, 56, 56), (2, 32, 56, 56), (2, 64, 28, 28), (2, 64, 28, 28), (2, 160, 14, 14), (2, 160, 14, 14), (2, 256, 7, 7), (2, 256, 7, 7)) teacher=((2, 16, 32, 32), (2, 32, 16, 16), (2, 64, 8, 8)) guidance_probe=10.970138
[OPTIMIZER] contract=official_lg_no_decay_exclusions
[LG:PVTv2-B0][001/300] loss=91.3179 ce=5.3155 guidance=34.4010 beta=2.50 train_acc=0.46% test_acc=0.24% best=0.24% lr=5e-07 time=15.4s est_300=1h 16m 56s
[LG:PVTv2-B0][002/300] loss=88.6839 ce=5.3157 guidance=33.3473 beta=2.50 train_acc=0.71% test_acc=0.52% best=0.52% lr=2.5475e-05 time=13.3s est_300=1h 11m 43s
[LG:PVTv2-B0][003/300] loss=82.1388 ce=5.3225 guidance=30.7265 beta=2.50 train_acc=0.71% test_acc=0.76% best=0.76% lr=5.045e-05 time=12.4s est_300=1h 08m 34s
[LG:PVTv2-B0][004/300] loss=70.7889 ce=5.3091 guidance=26.1919 beta=2.50 train_acc=0.48% test_acc=0.83% best=0.83% lr=7.5425e-05 time=12.9s est_300=1h 07m 34s
[LG:PVTv2-B0][005/300] loss=62.5450 ce=5.2959 guidance=22.8996 beta=2.50 train_acc=0.51% test_acc=0.90% best=0.90% lr=0.0001004 time=13.2s est_300=1h 07m 13s
[LG:PVTv2-B0][006/300] loss=54.5864 ce=5.2778 guidance=19.7234 beta=2.50 train_acc=0.58% test_acc=0.98% best=0.98% lr=0.000125375 time=13.1s est_300=1h 06m 54s
[LG:PVTv2-B0][007/300] loss=50.6573 ce=5.2609 guidance=18.1586 beta=2.50 train_acc=0.78% test_acc=1.47% best=1.47% lr=0.00015035 time=10.9s est_300=1h 05m 09s
[LG:PVTv2-B0][008/300] loss=48.9691 ce=5.2472 guidance=17.4888 beta=2.50 train_acc=0.93% test_acc=1.35% best=1.47% lr=0.000175325 time=12.3s est_300=1h 04m 41s
[LG:PVTv2-B0][009/300] loss=48.2421 ce=5.2022 guidance=17.2159 beta=2.50 train_acc=1.39% test_acc=1.62% best=1.62% lr=0.0002003 time=11.6s est_300=1h 03m 57s
[LG:PVTv2-B0][010/300] loss=46.4601 ce=5.1705 guidance=16.5159 beta=2.50 train_acc=1.55% test_acc=1.95% best=1.95% lr=0.000225275 time=13.4s est_300=1h 04m 15s
[LG:PVTv2-B0][011/300] loss=44.9739 ce=5.1152 guidance=15.9435 beta=2.50 train_acc=2.04% test_acc=2.38% best=2.38% lr=0.00025025 time=11.9s est_300=1h 03m 49s
[LG:PVTv2-B0][012/300] loss=43.3279 ce=5.0574 guidance=15.3082 beta=2.50 train_acc=2.24% test_acc=3.09% best=3.09% lr=0.000275225 time=12.9s est_300=1h 03m 53s
[LG:PVTv2-B0][013/300] loss=41.4841 ce=4.9945 guidance=14.5959 beta=2.50 train_acc=2.90% test_acc=3.99% best=3.99% lr=0.0003002 time=12.6s est_300=1h 03m 49s
[LG:PVTv2-B0][014/300] loss=40.2925 ce=4.9098 guidance=14.1531 beta=2.50 train_acc=3.28% test_acc=4.69% best=4.69% lr=0.000325175 time=13.5s est_300=1h 04m 06s
[LG:PVTv2-B0][015/300] loss=38.8820 ce=4.8340 guidance=13.6192 beta=2.50 train_acc=4.23% test_acc=5.32% best=5.32% lr=0.00035015 time=12.5s est_300=1h 04m 00s
[LG:PVTv2-B0][016/300] loss=37.6640 ce=4.7555 guidance=13.1634 beta=2.50 train_acc=4.76% test_acc=5.73% best=5.73% lr=0.000375125 time=12.1s est_300=1h 03m 47s
[LG:PVTv2-B0][017/300] loss=36.6052 ce=4.6710 guidance=12.7737 beta=2.50 train_acc=5.08% test_acc=6.97% best=6.97% lr=0.0004001 time=12.2s est_300=1h 03m 36s
[LG:PVTv2-B0][018/300] loss=35.3368 ce=4.5808 guidance=12.3024 beta=2.50 train_acc=6.50% test_acc=6.77% best=6.97% lr=0.000425075 time=13.5s est_300=1h 03m 49s
[LG:PVTv2-B0][019/300] loss=34.6209 ce=4.4802 guidance=12.0563 beta=2.50 train_acc=6.78% test_acc=8.66% best=8.66% lr=0.00045005 time=12.5s est_300=1h 03m 45s
[LG:PVTv2-B0][020/300] loss=33.8298 ce=4.4344 guidance=11.7581 beta=2.50 train_acc=7.49% test_acc=9.51% best=9.51% lr=0.000475025 time=13.1s est_300=1h 03m 51s
[LG:PVTv2-B0][021/300] loss=33.7053 ce=4.3672 guidance=11.7352 beta=2.50 train_acc=8.68% test_acc=10.51% best=10.51% lr=0.00049459153 time=13.5s est_300=1h 04m 01s
[LG:PVTv2-B0][022/300] loss=31.9137 ce=4.2336 guidance=11.0720 beta=2.50 train_acc=10.28% test_acc=10.86% best=10.86% lr=0.0004940394 time=12.9s est_300=1h 04m 03s
[LG:PVTv2-B0][023/300] loss=31.4640 ce=4.1913 guidance=10.9091 beta=2.50 train_acc=10.80% test_acc=12.41% best=12.41% lr=0.00049346078 time=12.1s est_300=1h 03m 53s
[LG:PVTv2-B0][024/300] loss=30.4109 ce=4.0834 guidance=10.5310 beta=2.50 train_acc=12.72% test_acc=14.19% best=14.19% lr=0.00049285573 time=12.1s est_300=1h 03m 44s
[LG:PVTv2-B0][025/300] loss=29.7137 ce=4.0148 guidance=10.2795 beta=2.50 train_acc=13.32% test_acc=15.93% best=15.93% lr=0.00049222433 time=11.5s est_300=1h 03m 30s
[LG:PVTv2-B0][026/300] loss=29.3306 ce=3.9571 guidance=10.1494 beta=2.50 train_acc=13.52% test_acc=16.21% best=16.21% lr=0.00049156664 time=11.5s est_300=1h 03m 16s
[LG:PVTv2-B0][027/300] loss=28.8190 ce=3.9022 guidance=9.9667 beta=2.50 train_acc=15.03% test_acc=18.81% best=18.81% lr=0.00049088274 time=14.0s est_300=1h 03m 31s
[LG:PVTv2-B0][028/300] loss=28.1733 ce=3.8376 guidance=9.7343 beta=2.50 train_acc=16.20% test_acc=19.16% best=19.16% lr=0.00049017269 time=13.5s est_300=1h 03m 39s
[LG:PVTv2-B0][029/300] loss=27.7654 ce=3.7770 guidance=9.5954 beta=2.50 train_acc=17.48% test_acc=20.38% best=20.38% lr=0.00048943658 time=14.2s est_300=1h 03m 54s
[LG:PVTv2-B0][030/300] loss=27.4519 ce=3.7295 guidance=9.4890 beta=2.50 train_acc=17.29% test_acc=22.11% best=22.11% lr=0.00048867448 time=12.9s est_300=1h 03m 55s
[LG:PVTv2-B0][031/300] loss=26.9757 ce=3.6640 guidance=9.3247 beta=2.50 train_acc=18.55% test_acc=22.28% best=22.28% lr=0.00048788649 time=13.6s est_300=1h 04m 03s
[LG:PVTv2-B0][032/300] loss=26.7279 ce=3.6296 guidance=9.2393 beta=2.50 train_acc=19.70% test_acc=22.89% best=22.89% lr=0.00048707268 time=12.3s est_300=1h 03m 58s
[LG:PVTv2-B0][033/300] loss=26.3886 ce=3.5771 guidance=9.1246 beta=2.50 train_acc=20.53% test_acc=24.21% best=24.21% lr=0.00048623315 time=12.9s est_300=1h 03m 59s
[LG:PVTv2-B0][034/300] loss=26.1647 ce=3.5315 guidance=9.0532 beta=2.50 train_acc=21.13% test_acc=23.71% best=24.21% lr=0.00048536799 time=12.5s est_300=1h 03m 57s
[LG:PVTv2-B0][035/300] loss=25.9504 ce=3.5017 guidance=8.9795 beta=2.50 train_acc=21.86% test_acc=26.03% best=26.03% lr=0.00048447729 time=11.4s est_300=1h 03m 45s
[LG:PVTv2-B0][036/300] loss=25.3752 ce=3.4500 guidance=8.7701 beta=2.50 train_acc=22.54% test_acc=26.25% best=26.25% lr=0.00048356116 time=12.6s est_300=1h 03m 44s
[LG:PVTv2-B0][037/300] loss=25.3759 ce=3.4185 guidance=8.7830 beta=2.50 train_acc=23.86% test_acc=27.20% best=27.20% lr=0.00048261968 time=14.1s est_300=1h 03m 55s
[LG:PVTv2-B0][038/300] loss=25.2080 ce=3.3812 guidance=8.7307 beta=2.50 train_acc=24.47% test_acc=27.22% best=27.22% lr=0.00048165297 time=13.6s est_300=1h 04m 01s
[LG:PVTv2-B0][039/300] loss=24.8921 ce=3.3372 guidance=8.6220 beta=2.50 train_acc=25.19% test_acc=26.67% best=27.22% lr=0.00048066113 time=13.3s est_300=1h 04m 05s
[LG:PVTv2-B0][040/300] loss=24.7537 ce=3.3101 guidance=8.5774 beta=2.50 train_acc=25.53% test_acc=27.89% best=27.89% lr=0.00047964427 time=12.1s est_300=1h 04m 00s
[LG:PVTv2-B0][041/300] loss=24.4105 ce=3.2564 guidance=8.4617 beta=2.50 train_acc=26.10% test_acc=28.62% best=28.62% lr=0.0004786025 time=11.3s est_300=1h 03m 49s
[LG:PVTv2-B0][042/300] loss=24.2815 ce=3.2687 guidance=8.4051 beta=2.50 train_acc=26.21% test_acc=29.70% best=29.70% lr=0.00047753594 time=12.8s est_300=1h 03m 49s
[LG:PVTv2-B0][043/300] loss=24.2080 ce=3.2181 guidance=8.3960 beta=2.50 train_acc=26.80% test_acc=29.51% best=29.70% lr=0.0004764447 time=12.8s est_300=1h 03m 49s
[LG:PVTv2-B0][044/300] loss=23.9075 ce=3.2260 guidance=8.2726 beta=2.50 train_acc=27.39% test_acc=30.93% best=30.93% lr=0.0004753289 time=13.7s est_300=1h 03m 56s
[LG:PVTv2-B0][045/300] loss=23.7433 ce=3.1535 guidance=8.2359 beta=2.50 train_acc=28.80% test_acc=31.67% best=31.67% lr=0.00047418866 time=13.1s est_300=1h 03m 57s
[LG:PVTv2-B0][046/300] loss=23.5783 ce=3.1515 guidance=8.1707 beta=2.50 train_acc=27.77% test_acc=32.17% best=32.17% lr=0.00047302411 time=11.9s est_300=1h 03m 52s
[LG:PVTv2-B0][047/300] loss=23.4622 ce=3.0982 guidance=8.1456 beta=2.50 train_acc=28.89% test_acc=32.29% best=32.29% lr=0.00047183539 time=13.3s est_300=1h 03m 55s
[LG:PVTv2-B0][048/300] loss=23.3145 ce=3.1380 guidance=8.0706 beta=2.50 train_acc=28.55% test_acc=30.96% best=32.29% lr=0.0004706226 time=11.5s est_300=1h 03m 47s
[LG:PVTv2-B0][049/300] loss=23.0978 ce=3.0191 guidance=8.0315 beta=2.50 train_acc=31.23% test_acc=32.34% best=32.34% lr=0.0004693859 time=12.8s est_300=1h 03m 47s
[LG:PVTv2-B0][050/300] loss=23.0473 ce=3.0203 guidance=8.0108 beta=2.50 train_acc=30.52% test_acc=33.17% best=33.17% lr=0.00046812542 time=12.6s est_300=1h 03m 47s
[LG:PVTv2-B0][051/300] loss=22.7497 ce=2.9914 guidance=7.9033 beta=2.50 train_acc=30.96% test_acc=32.78% best=33.17% lr=0.00046684129 time=13.6s est_300=1h 03m 51s
[LG:PVTv2-B0][052/300] loss=22.8632 ce=2.9816 guidance=7.9527 beta=2.50 train_acc=31.56% test_acc=33.31% best=33.31% lr=0.00046553365 time=13.5s est_300=1h 03m 56s
[LG:PVTv2-B0][053/300] loss=22.6850 ce=2.9541 guidance=7.8924 beta=2.50 train_acc=31.81% test_acc=33.31% best=33.31% lr=0.00046420265 time=13.3s est_300=1h 03m 58s
[LG:PVTv2-B0][054/300] loss=22.5620 ce=2.9151 guidance=7.8588 beta=2.50 train_acc=32.64% test_acc=33.74% best=33.74% lr=0.00046284844 time=13.3s est_300=1h 04m 01s
[LG:PVTv2-B0][055/300] loss=22.4161 ce=2.9272 guidance=7.7956 beta=2.50 train_acc=32.81% test_acc=34.41% best=34.41% lr=0.00046147116 time=12.1s est_300=1h 03m 57s
[LG:PVTv2-B0][056/300] loss=22.3878 ce=2.9151 guidance=7.7891 beta=2.50 train_acc=32.95% test_acc=34.40% best=34.41% lr=0.00046007097 time=13.3s est_300=1h 04m 00s
[LG:PVTv2-B0][057/300] loss=22.2919 ce=2.9006 guidance=7.7565 beta=2.50 train_acc=33.03% test_acc=34.23% best=34.41% lr=0.00045864801 time=13.5s est_300=1h 04m 04s
[LG:PVTv2-B0][058/300] loss=22.2753 ce=2.8694 guidance=7.7624 beta=2.50 train_acc=33.41% test_acc=35.09% best=35.09% lr=0.00045720244 time=13.4s est_300=1h 04m 07s
[LG:PVTv2-B0][059/300] loss=21.9770 ce=2.7896 guidance=7.6749 beta=2.50 train_acc=35.36% test_acc=35.04% best=35.09% lr=0.00045573443 time=12.9s est_300=1h 04m 07s
[LG:PVTv2-B0][060/300] loss=21.9991 ce=2.8449 guidance=7.6617 beta=2.50 train_acc=34.54% test_acc=35.92% best=35.92% lr=0.00045424413 time=13.5s est_300=1h 04m 10s
[LG:PVTv2-B0][061/300] loss=21.8745 ce=2.8179 guidance=7.6226 beta=2.50 train_acc=34.54% test_acc=36.21% best=36.21% lr=0.00045273171 time=11.7s est_300=1h 04m 05s
[LG:PVTv2-B0][062/300] loss=21.6245 ce=2.7855 guidance=7.5356 beta=2.50 train_acc=35.55% test_acc=36.24% best=36.24% lr=0.00045119733 time=11.6s est_300=1h 03m 59s
[LG:PVTv2-B0][063/300] loss=21.6315 ce=2.7825 guidance=7.5396 beta=2.50 train_acc=35.17% test_acc=36.14% best=36.24% lr=0.00044964115 time=13.1s est_300=1h 04m 01s
[LG:PVTv2-B0][064/300] loss=21.7410 ce=2.8046 guidance=7.5745 beta=2.50 train_acc=35.53% test_acc=36.18% best=36.24% lr=0.00044806337 time=12.9s est_300=1h 04m 01s
[LG:PVTv2-B0][065/300] loss=21.4828 ce=2.7626 guidance=7.4881 beta=2.50 train_acc=36.67% test_acc=36.38% best=36.38% lr=0.00044646413 time=10.8s est_300=1h 03m 51s
[LG:PVTv2-B0][066/300] loss=21.4019 ce=2.7154 guidance=7.4746 beta=2.50 train_acc=36.85% test_acc=37.44% best=37.44% lr=0.00044484363 time=13.0s est_300=1h 03m 53s
[LG:PVTv2-B0][067/300] loss=21.3278 ce=2.6805 guidance=7.4589 beta=2.50 train_acc=37.13% test_acc=36.76% best=37.44% lr=0.00044320203 time=12.1s est_300=1h 03m 50s
[LG:PVTv2-B0][068/300] loss=21.2543 ce=2.7079 guidance=7.4186 beta=2.50 train_acc=36.70% test_acc=37.47% best=37.47% lr=0.00044153952 time=12.2s est_300=1h 03m 47s
[LG:PVTv2-B0][069/300] loss=21.2026 ce=2.7266 guidance=7.3904 beta=2.50 train_acc=37.11% test_acc=36.93% best=37.47% lr=0.00043985628 time=13.4s est_300=1h 03m 50s
[LG:PVTv2-B0][070/300] loss=21.1197 ce=2.6869 guidance=7.3731 beta=2.50 train_acc=36.60% test_acc=37.80% best=37.80% lr=0.00043815249 time=11.8s est_300=1h 03m 46s
[LG:PVTv2-B0][071/300] loss=20.9423 ce=2.6700 guidance=7.3089 beta=2.50 train_acc=37.53% test_acc=38.14% best=38.14% lr=0.00043642834 time=10.8s est_300=1h 03m 38s
[LG:PVTv2-B0][072/300] loss=20.9775 ce=2.6223 guidance=7.3421 beta=2.50 train_acc=38.99% test_acc=39.04% best=39.04% lr=0.00043468403 time=11.0s est_300=1h 03m 30s
[LG:PVTv2-B0][073/300] loss=20.8686 ce=2.6043 guidance=7.3057 beta=2.50 train_acc=38.69% test_acc=38.33% best=39.04% lr=0.00043291974 time=10.9s est_300=1h 03m 23s
[LG:PVTv2-B0][074/300] loss=20.9157 ce=2.5998 guidance=7.3263 beta=2.50 train_acc=39.35% test_acc=38.23% best=39.04% lr=0.00043113566 time=11.5s est_300=1h 03m 18s
[LG:PVTv2-B0][075/300] loss=20.8855 ce=2.6047 guidance=7.3123 beta=2.50 train_acc=38.88% test_acc=37.42% best=39.04% lr=0.00042933199 time=11.8s est_300=1h 03m 15s
[LG:PVTv2-B0][076/300] loss=20.8110 ce=2.5831 guidance=7.2912 beta=2.50 train_acc=38.91% test_acc=38.70% best=39.04% lr=0.00042750893 time=10.8s est_300=1h 03m 07s
[LG:PVTv2-B0][077/300] loss=20.6643 ce=2.5789 guidance=7.2342 beta=2.50 train_acc=38.99% test_acc=39.35% best=39.35% lr=0.00042566668 time=11.8s est_300=1h 03m 04s
[LG:PVTv2-B0][078/300] loss=20.6199 ce=2.5879 guidance=7.2128 beta=2.50 train_acc=39.08% test_acc=38.32% best=39.35% lr=0.00042380544 time=13.3s est_300=1h 03m 07s
[LG:PVTv2-B0][079/300] loss=20.5430 ce=2.6170 guidance=7.1704 beta=2.50 train_acc=38.32% test_acc=38.47% best=39.35% lr=0.00042192541 time=12.3s est_300=1h 03m 06s
[LG:PVTv2-B0][080/300] loss=20.6195 ce=2.5698 guidance=7.2199 beta=2.50 train_acc=39.32% test_acc=39.45% best=39.45% lr=0.0004200268 time=13.5s est_300=1h 03m 09s
[LG:PVTv2-B0][081/300] loss=20.4926 ce=2.5427 guidance=7.1800 beta=2.50 train_acc=40.29% test_acc=38.95% best=39.45% lr=0.00041810983 time=11.9s est_300=1h 03m 06s
[LG:PVTv2-B0][082/300] loss=20.4818 ce=2.5321 guidance=7.1799 beta=2.50 train_acc=40.85% test_acc=38.68% best=39.45% lr=0.00041617469 time=13.0s est_300=1h 03m 08s
[LG:PVTv2-B0][083/300] loss=20.2907 ce=2.5419 guidance=7.0995 beta=2.50 train_acc=40.12% test_acc=38.89% best=39.45% lr=0.0004142216 time=12.9s est_300=1h 03m 09s
[LG:PVTv2-B0][084/300] loss=20.2378 ce=2.5230 guidance=7.0859 beta=2.50 train_acc=40.96% test_acc=38.94% best=39.45% lr=0.00041225078 time=11.7s est_300=1h 03m 06s
[LG:PVTv2-B0][085/300] loss=20.1996 ce=2.5523 guidance=7.0589 beta=2.50 train_acc=40.08% test_acc=39.01% best=39.45% lr=0.00041026244 time=12.3s est_300=1h 03m 04s
[LG:PVTv2-B0][086/300] loss=20.3045 ce=2.4644 guidance=7.1360 beta=2.50 train_acc=41.81% test_acc=38.61% best=39.45% lr=0.0004082568 time=13.5s est_300=1h 03m 07s
[LG:PVTv2-B0][087/300] loss=20.2706 ce=2.4761 guidance=7.1178 beta=2.50 train_acc=41.64% test_acc=39.63% best=39.63% lr=0.00040623408 time=12.7s est_300=1h 03m 08s
[LG:PVTv2-B0][088/300] loss=20.1360 ce=2.4346 guidance=7.0806 beta=2.50 train_acc=43.09% test_acc=39.97% best=39.97% lr=0.0004041945 time=13.4s est_300=1h 03m 10s
[LG:PVTv2-B0][089/300] loss=20.1537 ce=2.4592 guidance=7.0778 beta=2.50 train_acc=41.20% test_acc=38.64% best=39.97% lr=0.00040213828 time=12.6s est_300=1h 03m 10s
[LG:PVTv2-B0][090/300] loss=20.0570 ce=2.4532 guidance=7.0415 beta=2.50 train_acc=42.27% test_acc=40.09% best=40.09% lr=0.00040006566 time=11.6s est_300=1h 03m 07s
[LG:PVTv2-B0][091/300] loss=20.0284 ce=2.4461 guidance=7.0329 beta=2.50 train_acc=41.54% test_acc=39.70% best=40.09% lr=0.00039797685 time=10.8s est_300=1h 03m 01s
[LG:PVTv2-B0][092/300] loss=19.8854 ce=2.3995 guidance=6.9944 beta=2.50 train_acc=42.99% test_acc=39.14% best=40.09% lr=0.00039587209 time=10.9s est_300=1h 02m 55s
[LG:PVTv2-B0][093/300] loss=19.9812 ce=2.3899 guidance=7.0365 beta=2.50 train_acc=42.88% test_acc=39.89% best=40.09% lr=0.00039375161 time=10.8s est_300=1h 02m 49s
[LG:PVTv2-B0][094/300] loss=19.9151 ce=2.3926 guidance=7.0090 beta=2.50 train_acc=43.07% test_acc=40.39% best=40.39% lr=0.00039161564 time=11.6s est_300=1h 02m 46s
[LG:PVTv2-B0][095/300] loss=19.8364 ce=2.4040 guidance=6.9730 beta=2.50 train_acc=43.17% test_acc=39.56% best=40.39% lr=0.00038946441 time=11.6s est_300=1h 02m 43s
[LG:PVTv2-B0][096/300] loss=19.7394 ce=2.3817 guidance=6.9431 beta=2.50 train_acc=42.88% test_acc=40.25% best=40.39% lr=0.00038729816 time=11.6s est_300=1h 02m 40s
[LG:PVTv2-B0][097/300] loss=19.7730 ce=2.3467 guidance=6.9705 beta=2.50 train_acc=44.19% test_acc=40.11% best=40.39% lr=0.00038511713 time=11.8s est_300=1h 02m 38s
[LG:PVTv2-B0][098/300] loss=19.8840 ce=2.3545 guidance=7.0118 beta=2.50 train_acc=44.24% test_acc=40.42% best=40.42% lr=0.00038292156 time=12.3s est_300=1h 02m 37s
[LG:PVTv2-B0][099/300] loss=19.7365 ce=2.3568 guidance=6.9519 beta=2.50 train_acc=44.29% test_acc=40.66% best=40.66% lr=0.00038071168 time=12.3s est_300=1h 02m 36s
[LG:PVTv2-B0][100/300] loss=19.6750 ce=2.3451 guidance=6.9320 beta=2.50 train_acc=44.85% test_acc=40.44% best=40.66% lr=0.00037848775 time=13.1s est_300=1h 02m 38s
[LG:PVTv2-B0][101/300] loss=19.6612 ce=2.3556 guidance=6.9222 beta=2.50 train_acc=44.02% test_acc=40.73% best=40.73% lr=0.00037625 time=12.6s est_300=1h 02m 38s
[LG:PVTv2-B0][102/300] loss=19.4897 ce=2.3590 guidance=6.8523 beta=2.50 train_acc=44.50% test_acc=39.59% best=40.73% lr=0.00037399868 time=10.8s est_300=1h 02m 34s
[LG:PVTv2-B0][103/300] loss=19.4458 ce=2.3488 guidance=6.8388 beta=2.50 train_acc=44.41% test_acc=41.28% best=41.28% lr=0.00037173403 time=12.1s est_300=1h 02m 32s
[LG:PVTv2-B0][104/300] loss=19.5103 ce=2.3092 guidance=6.8805 beta=2.50 train_acc=45.24% test_acc=39.92% best=41.28% lr=0.00036945631 time=11.7s est_300=1h 02m 30s
[LG:PVTv2-B0][105/300] loss=19.5990 ce=2.3164 guidance=6.9131 beta=2.50 train_acc=45.74% test_acc=41.42% best=41.42% lr=0.00036716577 time=13.3s est_300=1h 02m 32s
[LG:PVTv2-B0][106/300] loss=19.5356 ce=2.3305 guidance=6.8820 beta=2.50 train_acc=45.13% test_acc=41.04% best=41.42% lr=0.00036486265 time=12.4s est_300=1h 02m 32s
[LG:PVTv2-B0][107/300] loss=19.3646 ce=2.2949 guidance=6.8279 beta=2.50 train_acc=45.47% test_acc=40.13% best=41.42% lr=0.00036254721 time=12.8s est_300=1h 02m 33s
[LG:PVTv2-B0][108/300] loss=19.4267 ce=2.3041 guidance=6.8490 beta=2.50 train_acc=44.94% test_acc=40.96% best=41.42% lr=0.0003602197 time=11.9s est_300=1h 02m 31s
[LG:PVTv2-B0][109/300] loss=19.3359 ce=2.3003 guidance=6.8142 beta=2.50 train_acc=45.72% test_acc=41.49% best=41.49% lr=0.00035788037 time=12.8s est_300=1h 02m 32s
[LG:PVTv2-B0][110/300] loss=19.3952 ce=2.2934 guidance=6.8407 beta=2.50 train_acc=45.31% test_acc=40.42% best=41.49% lr=0.0003555295 time=12.8s est_300=1h 02m 33s
[LG:PVTv2-B0][111/300] loss=19.4603 ce=2.2874 guidance=6.8691 beta=2.50 train_acc=45.43% test_acc=40.73% best=41.49% lr=0.00035316732 time=12.6s est_300=1h 02m 33s
[LG:PVTv2-B0][112/300] loss=19.3134 ce=2.2897 guidance=6.8095 beta=2.50 train_acc=45.91% test_acc=40.52% best=41.49% lr=0.0003507941 time=12.5s est_300=1h 02m 33s
[LG:PVTv2-B0][113/300] loss=19.0497 ce=2.2689 guidance=6.7123 beta=2.50 train_acc=45.26% test_acc=40.90% best=41.49% lr=0.00034841011 time=12.0s est_300=1h 02m 32s
[LG:PVTv2-B0][114/300] loss=19.1671 ce=2.2608 guidance=6.7625 beta=2.50 train_acc=45.89% test_acc=40.73% best=41.49% lr=0.00034601559 time=13.3s est_300=1h 02m 34s
[LG:PVTv2-B0][115/300] loss=19.0784 ce=2.2280 guidance=6.7402 beta=2.50 train_acc=46.82% test_acc=40.84% best=41.49% lr=0.00034361083 time=12.3s est_300=1h 02m 33s
[LG:PVTv2-B0][116/300] loss=19.1261 ce=2.2597 guidance=6.7466 beta=2.50 train_acc=46.08% test_acc=40.71% best=41.49% lr=0.00034119607 time=10.9s est_300=1h 02m 29s
[LG:PVTv2-B0][117/300] loss=19.0675 ce=2.2681 guidance=6.7198 beta=2.50 train_acc=45.82% test_acc=41.25% best=41.49% lr=0.00033877158 time=12.4s est_300=1h 02m 29s
[LG:PVTv2-B0][118/300] loss=19.0359 ce=2.2455 guidance=6.7161 beta=2.50 train_acc=46.67% test_acc=42.01% best=42.01% lr=0.00033633764 time=12.6s est_300=1h 02m 29s
[LG:PVTv2-B0][119/300] loss=19.0461 ce=2.2295 guidance=6.7266 beta=2.50 train_acc=47.32% test_acc=41.18% best=42.01% lr=0.0003338945 time=12.4s est_300=1h 02m 29s
[LG:PVTv2-B0][120/300] loss=19.0886 ce=2.2099 guidance=6.7515 beta=2.50 train_acc=48.28% test_acc=40.47% best=42.01% lr=0.00033144243 time=13.2s est_300=1h 02m 31s
[LG:PVTv2-B0][121/300] loss=18.9472 ce=2.2152 guidance=6.6928 beta=2.50 train_acc=47.01% test_acc=41.68% best=42.01% lr=0.00032898171 time=13.3s est_300=1h 02m 33s
[LG:PVTv2-B0][122/300] loss=19.0044 ce=2.1880 guidance=6.7265 beta=2.50 train_acc=47.35% test_acc=41.82% best=42.01% lr=0.0003265126 time=12.6s est_300=1h 02m 33s
[LG:PVTv2-B0][123/300] loss=18.9499 ce=2.2013 guidance=6.6994 beta=2.50 train_acc=48.34% test_acc=41.27% best=42.01% lr=0.00032403537 time=12.1s est_300=1h 02m 32s
[LG:PVTv2-B0][124/300] loss=18.8642 ce=2.1639 guidance=6.6801 beta=2.50 train_acc=48.96% test_acc=41.47% best=42.01% lr=0.0003215503 time=12.8s est_300=1h 02m 33s
[LG:PVTv2-B0][125/300] loss=18.8256 ce=2.2066 guidance=6.6476 beta=2.50 train_acc=47.76% test_acc=41.85% best=42.01% lr=0.00031905766 time=13.0s est_300=1h 02m 34s
[LG:PVTv2-B0][126/300] loss=18.8623 ce=2.1765 guidance=6.6743 beta=2.50 train_acc=48.71% test_acc=41.78% best=42.01% lr=0.00031655771 time=13.0s est_300=1h 02m 35s
[LG:PVTv2-B0][127/300] loss=18.8897 ce=2.1366 guidance=6.7012 beta=2.50 train_acc=48.18% test_acc=41.80% best=42.01% lr=0.00031405075 time=13.5s est_300=1h 02m 37s
[LG:PVTv2-B0][128/300] loss=18.7454 ce=2.1474 guidance=6.6392 beta=2.50 train_acc=48.51% test_acc=41.87% best=42.01% lr=0.00031153703 time=11.2s est_300=1h 02m 34s
[LG:PVTv2-B0][129/300] loss=18.9046 ce=2.1233 guidance=6.7125 beta=2.50 train_acc=49.52% test_acc=42.03% best=42.03% lr=0.00030901684 time=13.2s est_300=1h 02m 36s
[LG:PVTv2-B0][130/300] loss=18.8095 ce=2.1648 guidance=6.6579 beta=2.50 train_acc=48.17% test_acc=41.99% best=42.03% lr=0.00030649045 time=13.4s est_300=1h 02m 38s
[LG:PVTv2-B0][131/300] loss=18.8719 ce=2.1602 guidance=6.6847 beta=2.50 train_acc=48.62% test_acc=41.53% best=42.03% lr=0.00030395814 time=12.9s est_300=1h 02m 39s
[LG:PVTv2-B0][132/300] loss=18.6711 ce=2.1360 guidance=6.6141 beta=2.50 train_acc=48.78% test_acc=42.53% best=42.53% lr=0.00030142019 time=13.4s est_300=1h 02m 41s
[LG:PVTv2-B0][133/300] loss=18.6824 ce=2.1166 guidance=6.6263 beta=2.50 train_acc=49.78% test_acc=42.01% best=42.53% lr=0.00029887688 time=13.2s est_300=1h 02m 42s
[LG:PVTv2-B0][134/300] loss=18.5902 ce=2.1247 guidance=6.5862 beta=2.50 train_acc=49.05% test_acc=42.22% best=42.53% lr=0.00029632847 time=13.7s est_300=1h 02m 45s
[LG:PVTv2-B0][135/300] loss=18.6752 ce=2.1071 guidance=6.6273 beta=2.50 train_acc=50.02% test_acc=42.68% best=42.68% lr=0.00029377526 time=12.8s est_300=1h 02m 45s
[LG:PVTv2-B0][136/300] loss=18.5669 ce=2.1131 guidance=6.5815 beta=2.50 train_acc=50.02% test_acc=42.73% best=42.73% lr=0.00029121753 time=13.5s est_300=1h 02m 47s
[LG:PVTv2-B0][137/300] loss=18.5441 ce=2.1402 guidance=6.5615 beta=2.50 train_acc=49.39% test_acc=42.37% best=42.73% lr=0.00028865555 time=13.1s est_300=1h 02m 49s
[LG:PVTv2-B0][138/300] loss=18.5772 ce=2.1191 guidance=6.5832 beta=2.50 train_acc=49.63% test_acc=42.47% best=42.73% lr=0.0002860896 time=12.3s est_300=1h 02m 48s
[LG:PVTv2-B0][139/300] loss=18.4901 ce=2.0491 guidance=6.5764 beta=2.50 train_acc=50.49% test_acc=41.78% best=42.73% lr=0.00028351998 time=10.7s est_300=1h 02m 44s
[LG:PVTv2-B0][140/300] loss=18.4761 ce=2.0976 guidance=6.5514 beta=2.50 train_acc=50.15% test_acc=42.11% best=42.73% lr=0.00028094694 time=12.9s est_300=1h 02m 45s
[LG:PVTv2-B0][141/300] loss=18.4673 ce=2.0516 guidance=6.5663 beta=2.50 train_acc=51.60% test_acc=42.96% best=42.96% lr=0.00027837079 time=12.8s est_300=1h 02m 45s
[LG:PVTv2-B0][142/300] loss=18.4710 ce=2.0726 guidance=6.5593 beta=2.50 train_acc=50.92% test_acc=42.61% best=42.96% lr=0.00027579181 time=12.2s est_300=1h 02m 45s
[LG:PVTv2-B0][143/300] loss=18.4137 ce=2.0396 guidance=6.5496 beta=2.50 train_acc=51.29% test_acc=42.94% best=42.96% lr=0.00027321027 time=12.1s est_300=1h 02m 44s
[LG:PVTv2-B0][144/300] loss=18.4157 ce=2.0403 guidance=6.5502 beta=2.50 train_acc=50.87% test_acc=41.72% best=42.96% lr=0.00027062645 time=10.8s est_300=1h 02m 40s
[LG:PVTv2-B0][145/300] loss=18.5182 ce=2.0790 guidance=6.5757 beta=2.50 train_acc=50.80% test_acc=42.41% best=42.96% lr=0.00026804065 time=11.6s est_300=1h 02m 38s
[LG:PVTv2-B0][146/300] loss=18.3155 ce=2.0598 guidance=6.5023 beta=2.50 train_acc=50.49% test_acc=42.65% best=42.96% lr=0.00026545315 time=11.8s est_300=1h 02m 37s
[LG:PVTv2-B0][147/300] loss=18.4467 ce=2.0382 guidance=6.5634 beta=2.50 train_acc=51.78% test_acc=41.75% best=42.96% lr=0.00026286422 time=11.2s est_300=1h 02m 34s
[LG:PVTv2-B0][148/300] loss=18.3222 ce=2.0610 guidance=6.5045 beta=2.50 train_acc=50.32% test_acc=42.65% best=42.96% lr=0.00026027416 time=13.2s est_300=1h 02m 35s
[LG:PVTv2-B0][149/300] loss=18.2530 ce=2.0067 guidance=6.4985 beta=2.50 train_acc=51.94% test_acc=42.84% best=42.96% lr=0.00025768325 time=12.6s est_300=1h 02m 35s
[LG:PVTv2-B0][150/300] loss=18.2861 ce=2.0061 guidance=6.5120 beta=2.50 train_acc=52.14% test_acc=42.72% best=42.96% lr=0.00025509177 time=12.5s est_300=1h 02m 35s
[LG:PVTv2-B0][151/300] loss=18.2438 ce=2.0533 guidance=6.4762 beta=2.50 train_acc=51.89% test_acc=43.30% best=43.30% lr=0.0002525 time=11.3s est_300=1h 02m 33s
[LG:PVTv2-B0][152/300] loss=18.3600 ce=1.9982 guidance=6.5447 beta=2.50 train_acc=51.75% test_acc=42.99% best=43.30% lr=0.00024990823 time=12.6s est_300=1h 02m 33s
[LG:PVTv2-B0][153/300] loss=18.0880 ce=2.0411 guidance=6.4188 beta=2.50 train_acc=51.83% test_acc=42.82% best=43.30% lr=0.00024731675 time=12.3s est_300=1h 02m 33s
[LG:PVTv2-B0][154/300] loss=18.1802 ce=2.0093 guidance=6.4684 beta=2.50 train_acc=51.38% test_acc=42.87% best=43.30% lr=0.00024472584 time=12.7s est_300=1h 02m 33s
[LG:PVTv2-B0][155/300] loss=18.3664 ce=1.9927 guidance=6.5495 beta=2.50 train_acc=51.82% test_acc=42.06% best=43.30% lr=0.00024213578 time=12.2s est_300=1h 02m 32s
[LG:PVTv2-B0][156/300] loss=18.1957 ce=2.0292 guidance=6.4666 beta=2.50 train_acc=51.78% test_acc=43.56% best=43.56% lr=0.00023954685 time=12.6s est_300=1h 02m 32s
[LG:PVTv2-B0][157/300] loss=18.1517 ce=1.9934 guidance=6.4633 beta=2.50 train_acc=52.48% test_acc=42.73% best=43.56% lr=0.00023695935 time=11.7s est_300=1h 02m 31s
[LG:PVTv2-B0][158/300] loss=18.1972 ce=2.0145 guidance=6.4731 beta=2.50 train_acc=52.11% test_acc=42.63% best=43.56% lr=0.00023437355 time=12.9s est_300=1h 02m 31s
[LG:PVTv2-B0][159/300] loss=18.1045 ce=1.9721 guidance=6.4530 beta=2.50 train_acc=53.60% test_acc=43.03% best=43.56% lr=0.00023178973 time=13.3s est_300=1h 02m 33s
[LG:PVTv2-B0][160/300] loss=18.1917 ce=1.9815 guidance=6.4841 beta=2.50 train_acc=52.58% test_acc=43.01% best=43.56% lr=0.00022920819 time=12.2s est_300=1h 02m 32s
[LG:PVTv2-B0][161/300] loss=18.1264 ce=1.9615 guidance=6.4660 beta=2.50 train_acc=53.16% test_acc=42.60% best=43.56% lr=0.00022662921 time=12.7s est_300=1h 02m 33s
[LG:PVTv2-B0][162/300] loss=18.0417 ce=1.9984 guidance=6.4173 beta=2.50 train_acc=52.07% test_acc=42.70% best=43.56% lr=0.00022405306 time=12.0s est_300=1h 02m 32s
[LG:PVTv2-B0][163/300] loss=18.1564 ce=1.9843 guidance=6.4688 beta=2.50 train_acc=52.89% test_acc=43.15% best=43.56% lr=0.00022148002 time=13.2s est_300=1h 02m 33s
[LG:PVTv2-B0][164/300] loss=18.1255 ce=1.9615 guidance=6.4656 beta=2.50 train_acc=53.74% test_acc=43.79% best=43.79% lr=0.0002189104 time=11.9s est_300=1h 02m 32s
[LG:PVTv2-B0][165/300] loss=18.0800 ce=1.9617 guidance=6.4473 beta=2.50 train_acc=53.79% test_acc=43.01% best=43.79% lr=0.00021634445 time=11.6s est_300=1h 02m 30s
[LG:PVTv2-B0][166/300] loss=18.0482 ce=1.9543 guidance=6.4375 beta=2.50 train_acc=53.45% test_acc=43.56% best=43.79% lr=0.00021378247 time=12.0s est_300=1h 02m 29s
[LG:PVTv2-B0][167/300] loss=17.8646 ce=1.9449 guidance=6.3679 beta=2.50 train_acc=53.41% test_acc=43.86% best=43.86% lr=0.00021122474 time=12.5s est_300=1h 02m 30s
[LG:PVTv2-B0][168/300] loss=17.8572 ce=1.9466 guidance=6.3642 beta=2.50 train_acc=53.70% test_acc=44.05% best=44.05% lr=0.00020867153 time=11.6s est_300=1h 02m 28s
[LG:PVTv2-B0][169/300] loss=18.0228 ce=1.8937 guidance=6.4516 beta=2.50 train_acc=54.84% test_acc=43.84% best=44.05% lr=0.00020612312 time=11.4s est_300=1h 02m 26s
[LG:PVTv2-B0][170/300] loss=17.9849 ce=1.9849 guidance=6.4000 beta=2.50 train_acc=53.02% test_acc=44.01% best=44.05% lr=0.00020357981 time=11.9s est_300=1h 02m 25s
[LG:PVTv2-B0][171/300] loss=17.9178 ce=1.9685 guidance=6.3797 beta=2.50 train_acc=52.67% test_acc=44.46% best=44.46% lr=0.00020104186 time=10.8s est_300=1h 02m 22s
[LG:PVTv2-B0][172/300] loss=17.8394 ce=1.9105 guidance=6.3715 beta=2.50 train_acc=55.38% test_acc=43.73% best=44.46% lr=0.00019850955 time=10.8s est_300=1h 02m 19s
[LG:PVTv2-B0][173/300] loss=17.8805 ce=1.9485 guidance=6.3728 beta=2.50 train_acc=53.55% test_acc=43.72% best=44.46% lr=0.00019598316 time=10.7s est_300=1h 02m 16s
[LG:PVTv2-B0][174/300] loss=17.9021 ce=1.9684 guidance=6.3735 beta=2.50 train_acc=53.48% test_acc=44.03% best=44.46% lr=0.00019346297 time=11.5s est_300=1h 02m 15s
[LG:PVTv2-B0][175/300] loss=17.9534 ce=1.8882 guidance=6.4261 beta=2.50 train_acc=54.72% test_acc=43.84% best=44.46% lr=0.00019094925 time=11.6s est_300=1h 02m 13s
[LG:PVTv2-B0][176/300] loss=17.7551 ce=1.9030 guidance=6.3408 beta=2.50 train_acc=54.94% test_acc=43.80% best=44.46% lr=0.00018844229 time=12.5s est_300=1h 02m 13s
[LG:PVTv2-B0][177/300] loss=17.8008 ce=1.8914 guidance=6.3637 beta=2.50 train_acc=54.59% test_acc=44.25% best=44.46% lr=0.00018594234 time=13.3s est_300=1h 02m 15s
[LG:PVTv2-B0][178/300] loss=17.8007 ce=1.8967 guidance=6.3616 beta=2.50 train_acc=54.91% test_acc=43.22% best=44.46% lr=0.0001834497 time=13.0s est_300=1h 02m 16s
[LG:PVTv2-B0][179/300] loss=17.7478 ce=1.9103 guidance=6.3350 beta=2.50 train_acc=54.21% test_acc=43.46% best=44.46% lr=0.00018096463 time=13.7s est_300=1h 02m 18s
[LG:PVTv2-B0][180/300] loss=17.7700 ce=1.8732 guidance=6.3588 beta=2.50 train_acc=55.03% test_acc=44.10% best=44.46% lr=0.0001784874 time=13.4s est_300=1h 02m 19s
[LG:PVTv2-B0][181/300] loss=17.8927 ce=1.9378 guidance=6.3820 beta=2.50 train_acc=54.42% test_acc=43.10% best=44.46% lr=0.00017601829 time=12.9s est_300=1h 02m 20s
[LG:PVTv2-B0][182/300] loss=17.7532 ce=1.8721 guidance=6.3524 beta=2.50 train_acc=56.13% test_acc=43.86% best=44.46% lr=0.00017355757 time=11.6s est_300=1h 02m 19s
[LG:PVTv2-B0][183/300] loss=17.6940 ce=1.8723 guidance=6.3287 beta=2.50 train_acc=55.79% test_acc=43.86% best=44.46% lr=0.0001711055 time=11.3s est_300=1h 02m 17s
[LG:PVTv2-B0][184/300] loss=17.7566 ce=1.8616 guidance=6.3580 beta=2.50 train_acc=55.66% test_acc=44.05% best=44.46% lr=0.00016866236 time=11.9s est_300=1h 02m 16s
[LG:PVTv2-B0][185/300] loss=17.7216 ce=1.8786 guidance=6.3372 beta=2.50 train_acc=55.60% test_acc=44.48% best=44.48% lr=0.00016622842 time=12.0s est_300=1h 02m 15s
[LG:PVTv2-B0][186/300] loss=17.7504 ce=1.8986 guidance=6.3407 beta=2.50 train_acc=55.06% test_acc=43.77% best=44.48% lr=0.00016380393 time=11.5s est_300=1h 02m 13s
[LG:PVTv2-B0][187/300] loss=17.7286 ce=1.8735 guidance=6.3420 beta=2.50 train_acc=55.16% test_acc=44.06% best=44.48% lr=0.00016138917 time=13.1s est_300=1h 02m 14s
[LG:PVTv2-B0][188/300] loss=17.7088 ce=1.8778 guidance=6.3324 beta=2.50 train_acc=55.42% test_acc=44.25% best=44.48% lr=0.00015898441 time=11.9s est_300=1h 02m 14s
[LG:PVTv2-B0][189/300] loss=17.7117 ce=1.8634 guidance=6.3393 beta=2.50 train_acc=55.23% test_acc=43.96% best=44.48% lr=0.00015658989 time=12.9s est_300=1h 02m 14s
[LG:PVTv2-B0][190/300] loss=17.6062 ce=1.8485 guidance=6.3031 beta=2.50 train_acc=55.84% test_acc=43.68% best=44.48% lr=0.0001542059 time=11.8s est_300=1h 02m 13s
[LG:PVTv2-B0][191/300] loss=17.6012 ce=1.8748 guidance=6.2906 beta=2.50 train_acc=55.08% test_acc=43.55% best=44.48% lr=0.00015183268 time=11.4s est_300=1h 02m 11s
[LG:PVTv2-B0][192/300] loss=17.6047 ce=1.8209 guidance=6.3135 beta=2.50 train_acc=56.06% test_acc=44.56% best=44.56% lr=0.0001494705 time=11.7s est_300=1h 02m 10s
[LG:PVTv2-B0][193/300] loss=17.6452 ce=1.8530 guidance=6.3169 beta=2.50 train_acc=55.59% test_acc=43.55% best=44.56% lr=0.00014711963 time=11.8s est_300=1h 02m 09s
[LG:PVTv2-B0][194/300] loss=17.5585 ce=1.8397 guidance=6.2875 beta=2.50 train_acc=55.52% test_acc=43.63% best=44.56% lr=0.0001447803 time=14.0s est_300=1h 02m 12s
[LG:PVTv2-B0][195/300] loss=17.4518 ce=1.8335 guidance=6.2473 beta=2.50 train_acc=56.88% test_acc=44.05% best=44.56% lr=0.00014245279 time=13.3s est_300=1h 02m 13s
[LG:PVTv2-B0][196/300] loss=17.6785 ce=1.8248 guidance=6.3415 beta=2.50 train_acc=56.27% test_acc=44.36% best=44.56% lr=0.00014013735 time=11.5s est_300=1h 02m 12s
[LG:PVTv2-B0][197/300] loss=17.4913 ce=1.8313 guidance=6.2640 beta=2.50 train_acc=56.27% test_acc=44.30% best=44.56% lr=0.00013783423 time=11.3s est_300=1h 02m 10s
[LG:PVTv2-B0][198/300] loss=17.5498 ce=1.8038 guidance=6.2984 beta=2.50 train_acc=57.29% test_acc=43.89% best=44.56% lr=0.00013554369 time=12.9s est_300=1h 02m 11s
[LG:PVTv2-B0][199/300] loss=17.6613 ce=1.8306 guidance=6.3323 beta=2.50 train_acc=55.79% test_acc=44.60% best=44.60% lr=0.00013326597 time=11.1s est_300=1h 02m 09s
[LG:PVTv2-B0][200/300] loss=17.5008 ce=1.7989 guidance=6.2808 beta=2.50 train_acc=57.49% test_acc=44.43% best=44.60% lr=0.00013100132 time=12.3s est_300=1h 02m 09s
[LG:PVTv2-B0][201/300] loss=17.5203 ce=1.8340 guidance=6.2745 beta=2.50 train_acc=55.93% test_acc=44.55% best=44.60% lr=0.00012875 time=11.7s est_300=1h 02m 08s
[LG:PVTv2-B0][202/300] loss=17.4450 ce=1.8415 guidance=6.2414 beta=2.50 train_acc=55.66% test_acc=44.74% best=44.74% lr=0.00012651225 time=11.6s est_300=1h 02m 06s
[LG:PVTv2-B0][203/300] loss=17.5733 ce=1.8176 guidance=6.3023 beta=2.50 train_acc=56.52% test_acc=44.55% best=44.74% lr=0.00012428832 time=13.1s est_300=1h 02m 08s
[LG:PVTv2-B0][204/300] loss=17.4805 ce=1.8047 guidance=6.2703 beta=2.50 train_acc=57.10% test_acc=44.32% best=44.74% lr=0.00012207844 time=12.7s est_300=1h 02m 08s
[LG:PVTv2-B0][205/300] loss=17.5504 ce=1.7927 guidance=6.3031 beta=2.50 train_acc=57.39% test_acc=44.36% best=44.74% lr=0.00011988287 time=11.5s est_300=1h 02m 07s
[LG:PVTv2-B0][206/300] loss=17.4531 ce=1.8138 guidance=6.2557 beta=2.50 train_acc=57.44% test_acc=44.60% best=44.74% lr=0.00011770184 time=11.9s est_300=1h 02m 06s
[LG:PVTv2-B0][207/300] loss=17.4402 ce=1.8085 guidance=6.2527 beta=2.50 train_acc=56.91% test_acc=44.63% best=44.74% lr=0.00011553559 time=12.6s est_300=1h 02m 06s
[LG:PVTv2-B0][208/300] loss=17.3556 ce=1.8166 guidance=6.2156 beta=2.50 train_acc=57.13% test_acc=43.87% best=44.74% lr=0.00011338436 time=12.0s est_300=1h 02m 05s
[LG:PVTv2-B0][209/300] loss=17.4935 ce=1.8372 guidance=6.2625 beta=2.50 train_acc=56.42% test_acc=44.36% best=44.74% lr=0.00011124839 time=10.7s est_300=1h 02m 03s
[LG:PVTv2-B0][210/300] loss=17.4781 ce=1.7588 guidance=6.2877 beta=2.50 train_acc=58.63% test_acc=43.84% best=44.74% lr=0.00010912791 time=12.9s est_300=1h 02m 04s
[LG:PVTv2-B0][211/300] loss=17.3928 ce=1.8062 guidance=6.2346 beta=2.50 train_acc=57.27% test_acc=44.24% best=44.74% lr=0.00010702315 time=12.8s est_300=1h 02m 04s
[LG:PVTv2-B0][212/300] loss=17.4436 ce=1.7266 guidance=6.2868 beta=2.50 train_acc=58.54% test_acc=44.17% best=44.74% lr=0.00010493434 time=13.3s est_300=1h 02m 06s
[LG:PVTv2-B0][213/300] loss=17.4264 ce=1.8318 guidance=6.2378 beta=2.50 train_acc=57.15% test_acc=44.46% best=44.74% lr=0.00010286172 time=13.7s est_300=1h 02m 07s
[LG:PVTv2-B0][214/300] loss=17.4023 ce=1.8103 guidance=6.2368 beta=2.50 train_acc=56.56% test_acc=44.25% best=44.74% lr=0.0001008055 time=13.5s est_300=1h 02m 09s
[LG:PVTv2-B0][215/300] loss=17.3094 ce=1.7889 guidance=6.2082 beta=2.50 train_acc=57.22% test_acc=44.41% best=44.74% lr=9.8765924e-05 time=13.5s est_300=1h 02m 10s
[LG:PVTv2-B0][216/300] loss=17.2560 ce=1.7848 guidance=6.1885 beta=2.50 train_acc=57.68% test_acc=44.36% best=44.74% lr=9.6743203e-05 time=13.3s est_300=1h 02m 12s
[LG:PVTv2-B0][217/300] loss=17.2834 ce=1.7738 guidance=6.2038 beta=2.50 train_acc=57.95% test_acc=43.99% best=44.74% lr=9.4737563e-05 time=12.2s est_300=1h 02m 11s
[LG:PVTv2-B0][218/300] loss=17.3612 ce=1.7807 guidance=6.2322 beta=2.50 train_acc=58.03% test_acc=44.22% best=44.74% lr=9.2749222e-05 time=13.6s est_300=1h 02m 13s
[LG:PVTv2-B0][219/300] loss=17.2647 ce=1.7591 guidance=6.2022 beta=2.50 train_acc=57.69% test_acc=44.15% best=44.74% lr=9.0778401e-05 time=13.2s est_300=1h 02m 14s
[LG:PVTv2-B0][220/300] loss=17.2523 ce=1.7817 guidance=6.1882 beta=2.50 train_acc=57.93% test_acc=44.25% best=44.74% lr=8.8825313e-05 time=13.3s est_300=1h 02m 15s
[LG:PVTv2-B0][221/300] loss=17.3318 ce=1.7459 guidance=6.2343 beta=2.50 train_acc=58.05% test_acc=44.29% best=44.74% lr=8.6890175e-05 time=13.0s est_300=1h 02m 16s
[LG:PVTv2-B0][222/300] loss=17.3293 ce=1.7378 guidance=6.2366 beta=2.50 train_acc=58.73% test_acc=44.93% best=44.93% lr=8.4973198e-05 time=14.2s est_300=1h 02m 18s
[LG:PVTv2-B0][223/300] loss=17.2656 ce=1.7603 guidance=6.2021 beta=2.50 train_acc=58.07% test_acc=44.43% best=44.93% lr=8.3074591e-05 time=13.7s est_300=1h 02m 20s
[LG:PVTv2-B0][224/300] loss=17.2138 ce=1.7257 guidance=6.1952 beta=2.50 train_acc=59.19% test_acc=43.99% best=44.93% lr=8.1194564e-05 time=13.1s est_300=1h 02m 21s
[LG:PVTv2-B0][225/300] loss=17.2054 ce=1.7435 guidance=6.1848 beta=2.50 train_acc=58.02% test_acc=44.80% best=44.93% lr=7.9333323e-05 time=11.4s est_300=1h 02m 19s
[LG:PVTv2-B0][226/300] loss=17.2049 ce=1.7465 guidance=6.1834 beta=2.50 train_acc=58.47% test_acc=44.41% best=44.93% lr=7.7491072e-05 time=13.1s est_300=1h 02m 20s
[LG:PVTv2-B0][227/300] loss=17.2136 ce=1.7274 guidance=6.1945 beta=2.50 train_acc=58.36% test_acc=44.46% best=44.93% lr=7.5668012e-05 time=11.6s est_300=1h 02m 19s
[LG:PVTv2-B0][228/300] loss=17.1982 ce=1.7400 guidance=6.1833 beta=2.50 train_acc=58.37% test_acc=44.67% best=44.93% lr=7.3864344e-05 time=12.8s est_300=1h 02m 19s
[LG:PVTv2-B0][229/300] loss=17.2502 ce=1.7639 guidance=6.1945 beta=2.50 train_acc=58.32% test_acc=44.41% best=44.93% lr=7.2080265e-05 time=11.7s est_300=1h 02m 18s
[LG:PVTv2-B0][230/300] loss=17.1379 ce=1.7566 guidance=6.1525 beta=2.50 train_acc=57.85% test_acc=44.25% best=44.93% lr=7.0315971e-05 time=11.6s est_300=1h 02m 17s
[LG:PVTv2-B0][231/300] loss=17.1600 ce=1.7654 guidance=6.1578 beta=2.50 train_acc=58.27% test_acc=44.27% best=44.93% lr=6.8571656e-05 time=12.1s est_300=1h 02m 17s
[LG:PVTv2-B0][232/300] loss=17.2346 ce=1.7534 guidance=6.1925 beta=2.50 train_acc=58.76% test_acc=44.70% best=44.93% lr=6.684751e-05 time=12.3s est_300=1h 02m 17s
[LG:PVTv2-B0][233/300] loss=17.1471 ce=1.7461 guidance=6.1604 beta=2.50 train_acc=58.19% test_acc=44.72% best=44.93% lr=6.5143724e-05 time=10.8s est_300=1h 02m 15s
[LG:PVTv2-B0][234/300] loss=17.1685 ce=1.7527 guidance=6.1663 beta=2.50 train_acc=58.36% test_acc=44.46% best=44.93% lr=6.3460483e-05 time=10.8s est_300=1h 02m 12s
[LG:PVTv2-B0][235/300] loss=17.1574 ce=1.7479 guidance=6.1638 beta=2.50 train_acc=58.70% test_acc=44.48% best=44.93% lr=6.1797972e-05 time=12.7s est_300=1h 02m 13s
[LG:PVTv2-B0][236/300] loss=17.1587 ce=1.7114 guidance=6.1789 beta=2.50 train_acc=58.95% test_acc=44.60% best=44.93% lr=6.0156375e-05 time=13.3s est_300=1h 02m 14s
[LG:PVTv2-B0][237/300] loss=17.0647 ce=1.6993 guidance=6.1462 beta=2.50 train_acc=59.75% test_acc=44.27% best=44.93% lr=5.8535869e-05 time=11.8s est_300=1h 02m 13s
[LG:PVTv2-B0][238/300] loss=17.1856 ce=1.7514 guidance=6.1737 beta=2.50 train_acc=58.22% test_acc=44.91% best=44.93% lr=5.6936634e-05 time=11.4s est_300=1h 02m 12s
[LG:PVTv2-B0][239/300] loss=17.1800 ce=1.7568 guidance=6.1693 beta=2.50 train_acc=58.44% test_acc=44.86% best=44.93% lr=5.5358845e-05 time=12.8s est_300=1h 02m 12s
[LG:PVTv2-B0][240/300] loss=17.1352 ce=1.6996 guidance=6.1743 beta=2.50 train_acc=60.09% test_acc=44.48% best=44.93% lr=5.3802675e-05 time=12.8s est_300=1h 02m 13s
[LG:PVTv2-B0][241/300] loss=17.1372 ce=1.7125 guidance=6.1699 beta=2.50 train_acc=59.92% test_acc=44.72% best=44.93% lr=5.2268294e-05 time=12.8s est_300=1h 02m 13s
[LG:PVTv2-B0][242/300] loss=17.1375 ce=1.7177 guidance=6.1679 beta=2.50 train_acc=59.05% test_acc=44.44% best=44.93% lr=5.0755871e-05 time=12.9s est_300=1h 02m 14s
[LG:PVTv2-B0][243/300] loss=17.1547 ce=1.7329 guidance=6.1687 beta=2.50 train_acc=58.85% test_acc=44.55% best=44.93% lr=4.9265571e-05 time=13.7s est_300=1h 02m 15s
[LG:PVTv2-B0][244/300] loss=17.1165 ce=1.7111 guidance=6.1622 beta=2.50 train_acc=59.70% test_acc=44.91% best=44.93% lr=4.7797558e-05 time=13.2s est_300=1h 02m 16s
[LG:PVTv2-B0][245/300] loss=17.1666 ce=1.6981 guidance=6.1874 beta=2.50 train_acc=59.99% test_acc=44.80% best=44.93% lr=4.6351993e-05 time=12.1s est_300=1h 02m 16s
[LG:PVTv2-B0][246/300] loss=16.9804 ce=1.6603 guidance=6.1280 beta=2.50 train_acc=60.34% test_acc=45.43% best=45.43% lr=4.4929034e-05 time=11.3s est_300=1h 02m 14s
[LG:PVTv2-B0][247/300] loss=17.0324 ce=1.6891 guidance=6.1373 beta=2.50 train_acc=59.90% test_acc=45.25% best=45.43% lr=4.3528838e-05 time=12.9s est_300=1h 02m 15s
[LG:PVTv2-B0][248/300] loss=17.0366 ce=1.6821 guidance=6.1418 beta=2.50 train_acc=60.28% test_acc=44.89% best=45.43% lr=4.2151558e-05 time=12.8s est_300=1h 02m 15s
[LG:PVTv2-B0][249/300] loss=17.0594 ce=1.7075 guidance=6.1407 beta=2.50 train_acc=59.17% test_acc=44.91% best=45.43% lr=4.0797346e-05 time=12.8s est_300=1h 02m 16s
[LG:PVTv2-B0][250/300] loss=17.0276 ce=1.6804 guidance=6.1389 beta=2.50 train_acc=60.09% test_acc=45.29% best=45.43% lr=3.9466348e-05 time=12.9s est_300=1h 02m 16s
[LG:PVTv2-B0][251/300] loss=16.9283 ce=1.6793 guidance=6.0996 beta=2.50 train_acc=59.94% test_acc=45.13% best=45.43% lr=3.8158713e-05 time=12.3s est_300=1h 02m 16s
[LG:PVTv2-B0][252/300] loss=17.0250 ce=1.6649 guidance=6.1440 beta=2.50 train_acc=60.92% test_acc=44.91% best=45.43% lr=3.6874582e-05 time=12.4s est_300=1h 02m 16s
[LG:PVTv2-B0][253/300] loss=16.8948 ce=1.6849 guidance=6.0840 beta=2.50 train_acc=60.07% test_acc=44.93% best=45.43% lr=3.5614097e-05 time=13.0s est_300=1h 02m 16s
[LG:PVTv2-B0][254/300] loss=17.1592 ce=1.7324 guidance=6.1707 beta=2.50 train_acc=58.97% test_acc=44.62% best=45.43% lr=3.4377396e-05 time=11.2s est_300=1h 02m 15s
[LG:PVTv2-B0][255/300] loss=17.0719 ce=1.7247 guidance=6.1389 beta=2.50 train_acc=59.48% test_acc=44.82% best=45.43% lr=3.3164614e-05 time=11.7s est_300=1h 02m 14s
[LG:PVTv2-B0][256/300] loss=16.9763 ce=1.6565 guidance=6.1279 beta=2.50 train_acc=60.70% test_acc=44.79% best=45.43% lr=3.1975885e-05 time=11.6s est_300=1h 02m 13s
[LG:PVTv2-B0][257/300] loss=17.0286 ce=1.6822 guidance=6.1386 beta=2.50 train_acc=60.05% test_acc=44.96% best=45.43% lr=3.0811339e-05 time=11.9s est_300=1h 02m 12s
[LG:PVTv2-B0][258/300] loss=16.9999 ce=1.7165 guidance=6.1134 beta=2.50 train_acc=59.15% test_acc=44.93% best=45.43% lr=2.9671104e-05 time=14.1s est_300=1h 02m 14s
[LG:PVTv2-B0][259/300] loss=17.0391 ce=1.6433 guidance=6.1583 beta=2.50 train_acc=60.65% test_acc=44.89% best=45.43% lr=2.8555305e-05 time=11.4s est_300=1h 02m 13s
[LG:PVTv2-B0][260/300] loss=16.9703 ce=1.6864 guidance=6.1136 beta=2.50 train_acc=59.88% test_acc=45.06% best=45.43% lr=2.7464063e-05 time=12.0s est_300=1h 02m 13s
[LG:PVTv2-B0][261/300] loss=17.0268 ce=1.6899 guidance=6.1347 beta=2.50 train_acc=59.60% test_acc=44.99% best=45.43% lr=2.6397499e-05 time=13.1s est_300=1h 02m 13s
[LG:PVTv2-B0][262/300] loss=17.0291 ce=1.6734 guidance=6.1423 beta=2.50 train_acc=60.02% test_acc=44.82% best=45.43% lr=2.535573e-05 time=11.6s est_300=1h 02m 12s
[LG:PVTv2-B0][263/300] loss=16.9998 ce=1.6861 guidance=6.1255 beta=2.50 train_acc=59.63% test_acc=44.91% best=45.43% lr=2.433887e-05 time=14.2s est_300=1h 02m 14s
[LG:PVTv2-B0][264/300] loss=17.0056 ce=1.7000 guidance=6.1223 beta=2.50 train_acc=59.94% test_acc=45.20% best=45.43% lr=2.334703e-05 time=13.6s est_300=1h 02m 16s
[LG:PVTv2-B0][265/300] loss=17.0332 ce=1.6317 guidance=6.1606 beta=2.50 train_acc=61.07% test_acc=44.79% best=45.43% lr=2.238032e-05 time=14.0s est_300=1h 02m 17s
[LG:PVTv2-B0][266/300] loss=16.9793 ce=1.6756 guidance=6.1215 beta=2.50 train_acc=60.17% test_acc=44.93% best=45.43% lr=2.1438844e-05 time=13.3s est_300=1h 02m 18s
[LG:PVTv2-B0][267/300] loss=16.8406 ce=1.6481 guidance=6.0770 beta=2.50 train_acc=60.17% test_acc=44.84% best=45.43% lr=2.0522708e-05 time=13.8s est_300=1h 02m 20s
[LG:PVTv2-B0][268/300] loss=16.8745 ce=1.6607 guidance=6.0855 beta=2.50 train_acc=60.70% test_acc=44.98% best=45.43% lr=1.963201e-05 time=12.7s est_300=1h 02m 20s
[LG:PVTv2-B0][269/300] loss=16.9466 ce=1.6867 guidance=6.1040 beta=2.50 train_acc=59.77% test_acc=44.82% best=45.43% lr=1.8766848e-05 time=10.9s est_300=1h 02m 18s
[LG:PVTv2-B0][270/300] loss=17.0131 ce=1.7070 guidance=6.1224 beta=2.50 train_acc=59.43% test_acc=45.01% best=45.43% lr=1.7927319e-05 time=11.4s est_300=1h 02m 17s
[LG:PVTv2-B0][271/300] loss=16.9674 ce=1.6997 guidance=6.1071 beta=2.50 train_acc=60.38% test_acc=44.93% best=45.43% lr=1.7113512e-05 time=10.8s est_300=1h 02m 15s
[LG:PVTv2-B0][272/300] loss=16.9336 ce=1.7011 guidance=6.0930 beta=2.50 train_acc=60.26% test_acc=44.67% best=45.43% lr=1.6325519e-05 time=12.3s est_300=1h 02m 15s
[LG:PVTv2-B0][273/300] loss=17.0858 ce=1.7184 guidance=6.1470 beta=2.50 train_acc=59.36% test_acc=44.87% best=45.43% lr=1.5563424e-05 time=13.2s est_300=1h 02m 16s
[LG:PVTv2-B0][274/300] loss=16.9708 ce=1.6573 guidance=6.1254 beta=2.50 train_acc=61.21% test_acc=45.05% best=45.43% lr=1.4827313e-05 time=11.5s est_300=1h 02m 15s
[LG:PVTv2-B0][275/300] loss=16.8548 ce=1.6881 guidance=6.0667 beta=2.50 train_acc=60.19% test_acc=45.10% best=45.43% lr=1.4117265e-05 time=11.0s est_300=1h 02m 13s
[LG:PVTv2-B0][276/300] loss=16.8961 ce=1.6966 guidance=6.0798 beta=2.50 train_acc=60.29% test_acc=44.98% best=45.43% lr=1.3433358e-05 time=12.4s est_300=1h 02m 13s
[LG:PVTv2-B0][277/300] loss=16.9120 ce=1.6613 guidance=6.1003 beta=2.50 train_acc=61.11% test_acc=44.94% best=45.43% lr=1.2775668e-05 time=12.3s est_300=1h 02m 13s
[LG:PVTv2-B0][278/300] loss=17.0435 ce=1.6733 guidance=6.1481 beta=2.50 train_acc=60.26% test_acc=44.96% best=45.43% lr=1.2144266e-05 time=13.6s est_300=1h 02m 14s
[LG:PVTv2-B0][279/300] loss=17.0193 ce=1.6891 guidance=6.1321 beta=2.50 train_acc=59.19% test_acc=44.98% best=45.43% lr=1.1539222e-05 time=12.9s est_300=1h 02m 15s
[LG:PVTv2-B0][280/300] loss=16.9410 ce=1.6707 guidance=6.1081 beta=2.50 train_acc=60.00% test_acc=44.93% best=45.43% lr=1.0960601e-05 time=11.9s est_300=1h 02m 14s
[LG:PVTv2-B0][281/300] loss=17.0011 ce=1.6447 guidance=6.1425 beta=2.50 train_acc=61.11% test_acc=44.94% best=45.43% lr=1.0408469e-05 time=12.8s est_300=1h 02m 14s
[LG:PVTv2-B0][282/300] loss=16.8732 ce=1.7083 guidance=6.0660 beta=2.50 train_acc=60.16% test_acc=44.86% best=45.43% lr=9.8828843e-06 time=12.2s est_300=1h 02m 14s
[LG:PVTv2-B0][283/300] loss=16.9285 ce=1.6850 guidance=6.0974 beta=2.50 train_acc=59.97% test_acc=44.94% best=45.43% lr=9.3839054e-06 time=12.8s est_300=1h 02m 14s
[LG:PVTv2-B0][284/300] loss=16.9253 ce=1.6963 guidance=6.0916 beta=2.50 train_acc=60.05% test_acc=44.70% best=45.43% lr=8.911587e-06 time=11.6s est_300=1h 02m 14s
[LG:PVTv2-B0][285/300] loss=16.9271 ce=1.6784 guidance=6.0995 beta=2.50 train_acc=59.68% test_acc=44.86% best=45.43% lr=8.4659808e-06 time=13.2s est_300=1h 02m 14s
[LG:PVTv2-B0][286/300] loss=16.9479 ce=1.6907 guidance=6.1029 beta=2.50 train_acc=59.77% test_acc=44.79% best=45.43% lr=8.0471357e-06 time=12.6s est_300=1h 02m 14s
[LG:PVTv2-B0][287/300] loss=16.9318 ce=1.6849 guidance=6.0988 beta=2.50 train_acc=59.26% test_acc=44.99% best=45.43% lr=7.6550976e-06 time=13.3s est_300=1h 02m 15s
[LG:PVTv2-B0][288/300] loss=16.9224 ce=1.6509 guidance=6.1086 beta=2.50 train_acc=60.68% test_acc=45.15% best=45.43% lr=7.2899095e-06 time=13.1s est_300=1h 02m 16s
[LG:PVTv2-B0][289/300] loss=16.9601 ce=1.6764 guidance=6.1135 beta=2.50 train_acc=60.19% test_acc=44.96% best=45.43% lr=6.9516114e-06 time=13.6s est_300=1h 02m 17s
[LG:PVTv2-B0][290/300] loss=16.8761 ce=1.6673 guidance=6.0835 beta=2.50 train_acc=60.07% test_acc=44.79% best=45.43% lr=6.6402405e-06 time=12.9s est_300=1h 02m 18s
[LG:PVTv2-B0][291/300] loss=16.9634 ce=1.7071 guidance=6.1025 beta=2.50 train_acc=59.68% test_acc=44.96% best=45.43% lr=6.3558309e-06 time=13.1s est_300=1h 02m 18s
[LG:PVTv2-B0][292/300] loss=16.8940 ce=1.6399 guidance=6.1016 beta=2.50 train_acc=61.31% test_acc=45.01% best=45.43% lr=6.0984138e-06 time=12.5s est_300=1h 02m 18s
[LG:PVTv2-B0][293/300] loss=16.9662 ce=1.6707 guidance=6.1182 beta=2.50 train_acc=60.24% test_acc=44.87% best=45.43% lr=5.8680173e-06 time=13.4s est_300=1h 02m 19s
[LG:PVTv2-B0][294/300] loss=16.8611 ce=1.6654 guidance=6.0783 beta=2.50 train_acc=60.24% test_acc=45.12% best=45.43% lr=5.6646669e-06 time=13.8s est_300=1h 02m 21s
[LG:PVTv2-B0][295/300] loss=16.8643 ce=1.6735 guidance=6.0763 beta=2.50 train_acc=60.02% test_acc=45.20% best=45.43% lr=5.4883847e-06 time=12.7s est_300=1h 02m 21s
[LG:PVTv2-B0][296/300] loss=16.9682 ce=1.6437 guidance=6.1298 beta=2.50 train_acc=61.62% test_acc=45.08% best=45.43% lr=5.3391901e-06 time=12.4s est_300=1h 02m 21s
[LG:PVTv2-B0][297/300] loss=16.8593 ce=1.6525 guidance=6.0827 beta=2.50 train_acc=60.63% test_acc=45.13% best=45.43% lr=5.2170996e-06 time=12.4s est_300=1h 02m 21s
[LG:PVTv2-B0][298/300] loss=16.9565 ce=1.6954 guidance=6.1045 beta=2.50 train_acc=59.71% test_acc=45.08% best=45.43% lr=5.1221263e-06 time=11.8s est_300=1h 02m 20s
[LG:PVTv2-B0][299/300] loss=16.9681 ce=1.6622 guidance=6.1224 beta=2.50 train_acc=60.44% test_acc=44.94% best=45.43% lr=5.0542808e-06 time=13.3s est_300=1h 02m 21s
[LG:PVTv2-B0][300/300] loss=16.9342 ce=1.6535 guidance=6.1123 beta=2.50 train_acc=60.78% test_acc=45.32% best=45.43% lr=5.0135706e-06 time=12.5s est_300=1h 02m 21s
[TIMING_RESULT] student=PVTv2-B0 method=LG batch=128 avg_epoch=12.47s estimated_300=1h 02m 21s
[FINAL_RESULT] summary=/app/output/table1_cub200_pvtv2_b0_all_full_seed1/students/table1_cub200_pvtv2_b0_lg_b128_full_300ep_seed1/summary.json
[DONE] Table-1 CUB student task completed successfully.
[STUDENT_IDENTITY_CHECK_TABLE1_CUB200] status=PASS student=PVTv2-B0 method=LG batch=128 teacher=06f75192b1c108c89e480843cb4f72dfb28aa762d7b11e7ac327333dd54b51f5
[TASK_DONE] 2/5 PVTv2-B0/LG elapsed=1h 02m 40s
------------------------------------------------------------------------------------------------
[TASK_START] 3/5 PVTv2-B0/ALG
[COMMAND][ALG] /usr/bin/python /app/scratch/input/kau-aimslab_554/methods/table1_cub200/train.py --full-run --student pvtv2_b0 --method alg --batch-size 128 --data-dir /app/output/table1_cub200_pvtv2_b0_all_full_seed1/data/cub200 --teacher-root /app/scratch/input/kau-aimslab_554/teachers/checkpoints/cub200_table1_resnet56_32 --output-dir /app/output/table1_cub200_pvtv2_b0_all_full_seed1/students --run-name table1_cub200_pvtv2_b0_alg_b128_full_300ep_seed1 --num-workers 4
[BOOT] Python process started: /usr/bin/python
[BOOT] complete Table-1 runtime dependencies already available
/usr/local/lib/python3.10/dist-packages/timm/models/layers/__init__.py:49: FutureWarning: Importing from timm.models.layers is deprecated, please import via timm.layers
  warnings.warn(f"Importing from {__name__} is deprecated, please import via timm.layers", FutureWarning)
========================================================================================
CUB-200 TABLE-1 EXTENSION
========================================================================================
[TASK] student=PVTv2-B0 method=ALG batch=128 mode=full_300ep
[MODE] actual_epochs=300 planned_epochs=300
[PROTOCOL_LOCK] dataset=CUB-200-2011 split=5994/5794 teacher=ResNet56-scratch-32 student=scratch-224 epochs=300 AdamW=5e-4->5e-6 wd=0.05 warmup=20 seed=1 fp32=True
[FIXED_TEACHER_TABLE1_CUB200] h200_build=543 root=/app/scratch/input/kau-aimslab_554/teachers/checkpoints/cub200_table1_resnet56_32 sha256=06f75192b1c108c89e480843cb4f72dfb28aa762d7b11e7ac327333dd54b51f5
[SOURCE] official_lg_repo=https://github.com/lkhl/tiny-transformers commit=d2165f74049c906b0afc9f957491960fb3c0cc8b
[MODEL] params=3,461,160 feature_dims=(32, 32, 64, 64, 160, 160, 256, 256) selected_lg=(0, 3, 7)
[FEATURE_CHECK] student=((2, 32, 56, 56), (2, 32, 56, 56), (2, 64, 28, 28), (2, 64, 28, 28), (2, 160, 14, 14), (2, 160, 14, 14), (2, 256, 7, 7), (2, 256, 7, 7)) teacher=((2, 16, 32, 32), (2, 32, 16, 16), (2, 64, 8, 8)) guidance_probe=10.970138
[OPTIMIZER] contract=official_lg_no_decay_exclusions
[ALG:PVTv2-B0][001/300] loss=91.3179 ce=5.3155 guidance=34.4010 beta=2.50 train_acc=0.46% test_acc=0.24% best=0.24% lr=5e-07 time=15.7s est_300=1h 18m 37s
[ALG:PVTv2-B0][002/300] loss=88.6839 ce=5.3157 guidance=33.3473 beta=2.50 train_acc=0.71% test_acc=0.52% best=0.52% lr=2.5475e-05 time=14.1s est_300=1h 14m 34s
[ALG:PVTv2-B0][003/300] loss=82.1388 ce=5.3225 guidance=30.7265 beta=2.50 train_acc=0.71% test_acc=0.76% best=0.76% lr=5.045e-05 time=13.8s est_300=1h 12m 42s
[ALG:PVTv2-B0][004/300] loss=70.7889 ce=5.3091 guidance=26.1919 beta=2.50 train_acc=0.48% test_acc=0.83% best=0.83% lr=7.5425e-05 time=13.8s est_300=1h 11m 50s
[ALG:PVTv2-B0][005/300] loss=62.5449 ce=5.2959 guidance=22.8996 beta=2.50 train_acc=0.51% test_acc=0.90% best=0.90% lr=0.0001004 time=13.4s est_300=1h 10m 52s
[ALG:PVTv2-B0][006/300] loss=54.5864 ce=5.2778 guidance=19.7234 beta=2.50 train_acc=0.58% test_acc=0.98% best=0.98% lr=0.000125375 time=13.0s est_300=1h 09m 52s
[ALG:PVTv2-B0][007/300] loss=50.6572 ce=5.2609 guidance=18.1585 beta=2.50 train_acc=0.78% test_acc=1.47% best=1.47% lr=0.00015035 time=13.0s est_300=1h 09m 08s
[ALG:PVTv2-B0][008/300] loss=48.9691 ce=5.2472 guidance=17.4888 beta=2.50 train_acc=0.93% test_acc=1.33% best=1.47% lr=0.000175325 time=12.1s est_300=1h 08m 04s
[ALG:PVTv2-B0][009/300] loss=48.2421 ce=5.2022 guidance=17.2160 beta=2.50 train_acc=1.39% test_acc=1.62% best=1.62% lr=0.0002003 time=11.7s est_300=1h 07m 01s
[ALG:PVTv2-B0][010/300] loss=46.4602 ce=5.1705 guidance=16.5159 beta=2.50 train_acc=1.55% test_acc=1.95% best=1.95% lr=0.000225275 time=12.3s est_300=1h 06m 27s
[ALG:PVTv2-B0][011/300] loss=44.9577 ce=5.1152 guidance=15.9370 beta=2.50 train_acc=2.04% test_acc=2.33% best=2.33% lr=0.00025025 time=12.3s est_300=1h 06m 00s
[ALG:PVTv2-B0][012/300] loss=43.3199 ce=5.0573 guidance=15.3050 beta=2.50 train_acc=2.29% test_acc=3.12% best=3.12% lr=0.000275225 time=11.4s est_300=1h 05m 15s
[ALG:PVTv2-B0][013/300] loss=41.4790 ce=4.9945 guidance=14.5938 beta=2.50 train_acc=2.94% test_acc=4.02% best=4.02% lr=0.0003002 time=12.1s est_300=1h 04m 53s
[ALG:PVTv2-B0][014/300] loss=40.2921 ce=4.9100 guidance=14.1528 beta=2.50 train_acc=3.28% test_acc=4.68% best=4.68% lr=0.000325175 time=11.4s est_300=1h 04m 20s
[ALG:PVTv2-B0][015/300] loss=38.8814 ce=4.8341 guidance=13.6189 beta=2.50 train_acc=4.23% test_acc=5.26% best=5.26% lr=0.00035015 time=11.5s est_300=1h 03m 52s
[ALG:PVTv2-B0][016/300] loss=37.6699 ce=4.7549 guidance=13.1660 beta=2.50 train_acc=4.70% test_acc=5.73% best=5.73% lr=0.000375125 time=12.3s est_300=1h 03m 43s
[ALG:PVTv2-B0][017/300] loss=36.5998 ce=4.6715 guidance=12.7713 beta=2.50 train_acc=5.08% test_acc=6.94% best=6.94% lr=0.0004001 time=12.0s est_300=1h 03m 29s
[ALG:PVTv2-B0][018/300] loss=35.3275 ce=4.5803 guidance=12.2989 beta=2.50 train_acc=6.40% test_acc=6.82% best=6.94% lr=0.000425075 time=12.4s est_300=1h 03m 24s
[ALG:PVTv2-B0][019/300] loss=34.8717 ce=4.4950 guidance=12.1507 beta=2.50 train_acc=6.64% test_acc=8.63% best=8.63% lr=0.00045005 time=12.2s est_300=1h 03m 17s
[ALG:PVTv2-B0][020/300] loss=33.8077 ce=4.4362 guidance=11.7486 beta=2.50 train_acc=7.73% test_acc=9.41% best=9.41% lr=0.000475025 time=13.8s est_300=1h 03m 34s
[ALG:PVTv2-B0][021/300] loss=32.9905 ce=4.3322 guidance=11.4633 beta=2.50 train_acc=8.78% test_acc=10.67% best=10.67% lr=0.00049459153 time=13.6s est_300=1h 03m 46s
[ALG:PVTv2-B0][022/300] loss=31.8731 ce=4.2330 guidance=11.0560 beta=2.50 train_acc=10.22% test_acc=11.25% best=11.25% lr=0.0004940394 time=13.2s est_300=1h 03m 53s
[ALG:PVTv2-B0][023/300] loss=31.5028 ce=4.1957 guidance=10.9228 beta=2.50 train_acc=10.72% test_acc=12.24% best=12.24% lr=0.00049346078 time=12.2s est_300=1h 03m 45s
[ALG:PVTv2-B0][024/300] loss=30.4756 ce=4.0870 guidance=10.5554 beta=2.50 train_acc=12.58% test_acc=14.41% best=14.41% lr=0.00049285573 time=11.0s est_300=1h 03m 24s
[ALG:PVTv2-B0][025/300] loss=29.6872 ce=4.0151 guidance=10.2688 beta=2.50 train_acc=13.42% test_acc=15.84% best=15.84% lr=0.00049222433 time=11.8s est_300=1h 03m 13s
[ALG:PVTv2-B0][026/300] loss=29.2937 ce=3.9576 guidance=10.1344 beta=2.50 train_acc=13.57% test_acc=16.28% best=16.28% lr=0.00049156664 time=11.5s est_300=1h 03m 00s
[ALG:PVTv2-B0][027/300] loss=28.7592 ce=3.8970 guidance=9.9449 beta=2.50 train_acc=14.62% test_acc=18.45% best=18.45% lr=0.00049088274 time=12.9s est_300=1h 03m 04s
[ALG:PVTv2-B0][028/300] loss=28.2151 ce=3.8425 guidance=9.7491 beta=2.50 train_acc=16.29% test_acc=19.12% best=19.12% lr=0.00049017269 time=12.9s est_300=1h 03m 07s
[ALG:PVTv2-B0][029/300] loss=27.7374 ce=3.7778 guidance=9.5838 beta=2.50 train_acc=17.56% test_acc=20.49% best=20.49% lr=0.00048943658 time=12.9s est_300=1h 03m 10s
[ALG:PVTv2-B0][030/300] loss=27.4229 ce=3.7275 guidance=9.4781 beta=2.50 train_acc=17.75% test_acc=22.20% best=22.20% lr=0.00048867448 time=12.6s est_300=1h 03m 09s
[ALG:PVTv2-B0][031/300] loss=26.9583 ce=3.6622 guidance=9.3184 beta=2.50 train_acc=18.27% test_acc=22.13% best=22.20% lr=0.00048788649 time=13.7s est_300=1h 03m 20s
[ALG:PVTv2-B0][032/300] loss=26.7006 ce=3.6260 guidance=9.2298 beta=2.50 train_acc=19.74% test_acc=23.06% best=23.06% lr=0.00048707268 time=13.5s est_300=1h 03m 28s
[ALG:PVTv2-B0][033/300] loss=26.3352 ce=3.5724 guidance=9.1051 beta=2.50 train_acc=20.69% test_acc=24.02% best=24.02% lr=0.00048623315 time=13.3s est_300=1h 03m 33s
[ALG:PVTv2-B0][034/300] loss=26.1448 ce=3.5293 guidance=9.0462 beta=2.50 train_acc=20.94% test_acc=24.13% best=24.13% lr=0.00048536799 time=12.3s est_300=1h 03m 30s
[ALG:PVTv2-B0][035/300] loss=25.9079 ce=3.4993 guidance=8.9634 beta=2.50 train_acc=21.54% test_acc=26.01% best=26.01% lr=0.00048447729 time=11.5s est_300=1h 03m 20s
[ALG:PVTv2-B0][036/300] loss=25.3674 ce=3.4506 guidance=8.7667 beta=2.50 train_acc=22.45% test_acc=26.61% best=26.61% lr=0.00048356116 time=13.8s est_300=1h 03m 29s
[ALG:PVTv2-B0][037/300] loss=25.3513 ce=3.4178 guidance=8.7734 beta=2.50 train_acc=23.83% test_acc=27.44% best=27.44% lr=0.00048261968 time=11.9s est_300=1h 03m 23s
[ALG:PVTv2-B0][038/300] loss=25.1648 ce=3.3770 guidance=8.7151 beta=2.50 train_acc=24.54% test_acc=27.42% best=27.44% lr=0.00048165297 time=13.7s est_300=1h 03m 31s
[ALG:PVTv2-B0][039/300] loss=24.8689 ce=3.3339 guidance=8.6140 beta=2.50 train_acc=25.20% test_acc=26.94% best=27.44% lr=0.00048066113 time=13.8s est_300=1h 03m 39s
[ALG:PVTv2-B0][040/300] loss=24.7671 ce=3.3109 guidance=8.5825 beta=2.50 train_acc=25.25% test_acc=27.91% best=27.91% lr=0.00047964427 time=13.9s est_300=1h 03m 48s
[ALG:PVTv2-B0][041/300] loss=24.3951 ce=3.2563 guidance=8.4555 beta=2.50 train_acc=25.93% test_acc=28.87% best=28.87% lr=0.0004786025 time=12.8s est_300=1h 03m 48s
[ALG:PVTv2-B0][042/300] loss=24.2423 ce=3.2653 guidance=8.3908 beta=2.50 train_acc=26.09% test_acc=29.89% best=29.89% lr=0.00047753594 time=13.0s est_300=1h 03m 50s
[ALG:PVTv2-B0][043/300] loss=24.2020 ce=3.2165 guidance=8.3942 beta=2.50 train_acc=26.90% test_acc=29.77% best=29.89% lr=0.0004764447 time=12.9s est_300=1h 03m 50s
[ALG:PVTv2-B0][044/300] loss=23.8755 ce=3.2229 guidance=8.2611 beta=2.50 train_acc=27.46% test_acc=31.01% best=31.01% lr=0.0004753289 time=12.9s est_300=1h 03m 51s
[ALG:PVTv2-B0][045/300] loss=23.7213 ce=3.1503 guidance=8.2284 beta=2.50 train_acc=28.82% test_acc=31.53% best=31.53% lr=0.00047418866 time=12.9s est_300=1h 03m 52s
[ALG:PVTv2-B0][046/300] loss=23.5620 ce=3.1503 guidance=8.1647 beta=2.50 train_acc=27.65% test_acc=32.34% best=32.34% lr=0.00047302411 time=12.4s est_300=1h 03m 50s
[ALG:PVTv2-B0][047/300] loss=23.4472 ce=3.0970 guidance=8.1401 beta=2.50 train_acc=28.74% test_acc=32.29% best=32.34% lr=0.00047183539 time=11.5s est_300=1h 03m 42s
[ALG:PVTv2-B0][048/300] loss=23.3040 ce=3.1378 guidance=8.0665 beta=2.50 train_acc=28.84% test_acc=31.08% best=32.34% lr=0.0004706226 time=12.2s est_300=1h 03m 38s
[ALG:PVTv2-B0][049/300] loss=23.0864 ce=3.0182 guidance=8.0273 beta=2.50 train_acc=31.35% test_acc=32.43% best=32.43% lr=0.0004693859 time=12.4s est_300=1h 03m 36s
[ALG:PVTv2-B0][050/300] loss=23.0385 ce=3.0203 guidance=8.0073 beta=2.50 train_acc=30.66% test_acc=33.21% best=33.21% lr=0.00046812542 time=12.7s est_300=1h 03m 36s
[ALG:PVTv2-B0][051/300] loss=22.7372 ce=2.9898 guidance=7.8990 beta=2.50 train_acc=31.18% test_acc=32.90% best=33.21% lr=0.00046684129 time=13.1s est_300=1h 03m 38s
[ALG:PVTv2-B0][052/300] loss=22.8377 ce=2.9778 guidance=7.9439 beta=2.50 train_acc=31.56% test_acc=33.05% best=33.21% lr=0.00046553365 time=13.3s est_300=1h 03m 42s
[ALG:PVTv2-B0][053/300] loss=22.6584 ce=2.9510 guidance=7.8829 beta=2.50 train_acc=31.93% test_acc=33.52% best=33.52% lr=0.00046420265 time=12.3s est_300=1h 03m 39s
[ALG:PVTv2-B0][054/300] loss=22.5357 ce=2.9119 guidance=7.8495 beta=2.50 train_acc=32.69% test_acc=33.97% best=33.97% lr=0.00046284844 time=13.1s est_300=1h 03m 41s
[ALG:PVTv2-B0][055/300] loss=22.3979 ce=2.9260 guidance=7.7888 beta=2.50 train_acc=33.20% test_acc=34.59% best=34.59% lr=0.00046147116 time=12.7s est_300=1h 03m 41s
[ALG:PVTv2-B0][056/300] loss=22.3715 ce=2.9143 guidance=7.7829 beta=2.50 train_acc=32.93% test_acc=34.67% best=34.67% lr=0.00046007097 time=10.9s est_300=1h 03m 31s
[ALG:PVTv2-B0][057/300] loss=22.2798 ce=2.8967 guidance=7.7532 beta=2.50 train_acc=33.07% test_acc=34.14% best=34.67% lr=0.00045864801 time=12.7s est_300=1h 03m 31s
[ALG:PVTv2-B0][058/300] loss=22.2645 ce=2.8688 guidance=7.7583 beta=2.50 train_acc=33.46% test_acc=35.36% best=35.36% lr=0.00045720244 time=12.7s est_300=1h 03m 31s
[ALG:PVTv2-B0][059/300] loss=21.9646 ce=2.7879 guidance=7.6707 beta=2.50 train_acc=35.24% test_acc=35.48% best=35.48% lr=0.00045573443 time=11.5s est_300=1h 03m 25s
[ALG:PVTv2-B0][060/300] loss=21.9824 ce=2.8416 guidance=7.6563 beta=2.50 train_acc=34.68% test_acc=35.81% best=35.81% lr=0.00045424413 time=12.2s est_300=1h 03m 22s
[ALG:PVTv2-B0][061/300] loss=21.8650 ce=2.8155 guidance=7.6198 beta=2.50 train_acc=34.92% test_acc=36.47% best=36.47% lr=0.00045273171 time=13.2s est_300=1h 03m 25s
[ALG:PVTv2-B0][062/300] loss=21.6099 ce=2.7836 guidance=7.5305 beta=2.50 train_acc=35.51% test_acc=36.30% best=36.47% lr=0.00045119733 time=11.5s est_300=1h 03m 19s
[ALG:PVTv2-B0][063/300] loss=21.6186 ce=2.7799 guidance=7.5355 beta=2.50 train_acc=35.44% test_acc=36.56% best=36.56% lr=0.00044964115 time=12.3s est_300=1h 03m 17s
[ALG:PVTv2-B0][064/300] loss=21.7267 ce=2.8037 guidance=7.5692 beta=2.50 train_acc=35.50% test_acc=36.14% best=36.56% lr=0.00044806337 time=12.2s est_300=1h 03m 15s
[ALG:PVTv2-B0][065/300] loss=21.4740 ce=2.7611 guidance=7.4852 beta=2.50 train_acc=36.38% test_acc=36.30% best=36.56% lr=0.00044646413 time=12.1s est_300=1h 03m 12s
[ALG:PVTv2-B0][066/300] loss=21.3859 ce=2.7125 guidance=7.4694 beta=2.50 train_acc=36.92% test_acc=37.52% best=37.52% lr=0.00044484363 time=12.1s est_300=1h 03m 10s
[ALG:PVTv2-B0][067/300] loss=21.3231 ce=2.6799 guidance=7.4573 beta=2.50 train_acc=36.96% test_acc=36.80% best=37.52% lr=0.00044320203 time=13.2s est_300=1h 03m 12s
[ALG:PVTv2-B0][068/300] loss=21.2436 ce=2.7054 guidance=7.4153 beta=2.50 train_acc=36.94% test_acc=37.37% best=37.52% lr=0.00044153952 time=12.2s est_300=1h 03m 10s
[ALG:PVTv2-B0][069/300] loss=21.1890 ce=2.7239 guidance=7.3860 beta=2.50 train_acc=37.28% test_acc=37.07% best=37.52% lr=0.00043985628 time=11.4s est_300=1h 03m 05s
[ALG:PVTv2-B0][070/300] loss=21.1092 ce=2.6854 guidance=7.3695 beta=2.50 train_acc=36.62% test_acc=37.63% best=37.63% lr=0.00043815249 time=11.4s est_300=1h 03m 00s
[ALG:PVTv2-B0][071/300] loss=20.9313 ce=2.6675 guidance=7.3055 beta=2.50 train_acc=37.43% test_acc=37.94% best=37.94% lr=0.00043642834 time=11.1s est_300=1h 02m 53s
[ALG:PVTv2-B0][072/300] loss=20.9670 ce=2.6212 guidance=7.3383 beta=2.50 train_acc=38.88% test_acc=39.07% best=39.07% lr=0.00043468403 time=11.3s est_300=1h 02m 48s
[ALG:PVTv2-B0][073/300] loss=20.8512 ce=2.5997 guidance=7.3006 beta=2.50 train_acc=38.60% test_acc=38.21% best=39.07% lr=0.00043291974 time=11.8s est_300=1h 02m 45s
[ALG:PVTv2-B0][074/300] loss=20.9054 ce=2.5995 guidance=7.3224 beta=2.50 train_acc=39.06% test_acc=37.92% best=39.07% lr=0.00043113566 time=12.0s est_300=1h 02m 43s
[ALG:PVTv2-B0][075/300] loss=20.8681 ce=2.6021 guidance=7.3064 beta=2.50 train_acc=38.93% test_acc=37.56% best=39.07% lr=0.00042933199 time=12.3s est_300=1h 02m 42s
[ALG:PVTv2-B0][076/300] loss=20.7866 ce=2.5802 guidance=7.2826 beta=2.50 train_acc=38.55% test_acc=38.95% best=39.07% lr=0.00042750893 time=11.5s est_300=1h 02m 38s
[ALG:PVTv2-B0][077/300] loss=20.6590 ce=2.5777 guidance=7.2325 beta=2.50 train_acc=38.94% test_acc=39.16% best=39.16% lr=0.00042566668 time=13.5s est_300=1h 02m 41s
[ALG:PVTv2-B0][078/300] loss=20.6169 ce=2.5861 guidance=7.2123 beta=2.50 train_acc=39.05% test_acc=38.42% best=39.16% lr=0.00042380544 time=12.0s est_300=1h 02m 40s
[ALG:PVTv2-B0][079/300] loss=20.5307 ce=2.6161 guidance=7.1658 beta=2.50 train_acc=38.52% test_acc=38.49% best=39.16% lr=0.00042192541 time=12.6s est_300=1h 02m 40s
[ALG:PVTv2-B0][080/300] loss=20.6170 ce=2.5697 guidance=7.2189 beta=2.50 train_acc=39.39% test_acc=39.73% best=39.73% lr=0.0004200268 time=11.2s est_300=1h 02m 35s
[ALG:PVTv2-B0][081/300] loss=20.4949 ce=2.5419 guidance=7.1812 beta=2.50 train_acc=40.29% test_acc=39.18% best=39.73% lr=0.00041810983 time=12.6s est_300=1h 02m 35s
[ALG:PVTv2-B0][082/300] loss=20.4825 ce=2.5328 guidance=7.1799 beta=2.50 train_acc=40.56% test_acc=38.94% best=39.73% lr=0.00041617469 time=11.3s est_300=1h 02m 31s
[ALG:PVTv2-B0][083/300] loss=20.2915 ce=2.5425 guidance=7.0996 beta=2.50 train_acc=39.98% test_acc=39.14% best=39.73% lr=0.0004142216 time=12.3s est_300=1h 02m 30s
[ALG:PVTv2-B0][084/300] loss=20.2308 ce=2.5222 guidance=7.0835 beta=2.50 train_acc=40.85% test_acc=39.33% best=39.73% lr=0.00041225078 time=13.7s est_300=1h 02m 34s
[ALG:PVTv2-B0][085/300] loss=20.1904 ce=2.5490 guidance=7.0565 beta=2.50 train_acc=40.15% test_acc=38.87% best=39.73% lr=0.00041026244 time=13.6s est_300=1h 02m 38s
[ALG:PVTv2-B0][086/300] loss=20.2916 ce=2.4617 guidance=7.1320 beta=2.50 train_acc=41.66% test_acc=38.92% best=39.73% lr=0.0004082568 time=14.1s est_300=1h 02m 43s
[ALG:PVTv2-B0][087/300] loss=20.2647 ce=2.4740 guidance=7.1162 beta=2.50 train_acc=41.88% test_acc=39.54% best=39.73% lr=0.00040623408 time=13.4s est_300=1h 02m 46s
[ALG:PVTv2-B0][088/300] loss=20.1280 ce=2.4335 guidance=7.0778 beta=2.50 train_acc=43.14% test_acc=40.09% best=40.09% lr=0.0004041945 time=13.3s est_300=1h 02m 49s
[ALG:PVTv2-B0][089/300] loss=20.1484 ce=2.4582 guidance=7.0761 beta=2.50 train_acc=41.29% test_acc=38.70% best=40.09% lr=0.00040213828 time=12.7s est_300=1h 02m 49s
[ALG:PVTv2-B0][090/300] loss=20.0436 ce=2.4517 guidance=7.0368 beta=2.50 train_acc=42.05% test_acc=39.80% best=40.09% lr=0.00040006566 time=12.9s est_300=1h 02m 50s
[ALG:PVTv2-B0][091/300] loss=20.0180 ce=2.4447 guidance=7.0293 beta=2.50 train_acc=41.73% test_acc=39.85% best=40.09% lr=0.00039797685 time=13.2s est_300=1h 02m 53s
[ALG:PVTv2-B0][092/300] loss=19.8861 ce=2.3990 guidance=6.9949 beta=2.50 train_acc=43.04% test_acc=38.94% best=40.09% lr=0.00039587209 time=12.8s est_300=1h 02m 53s
[ALG:PVTv2-B0][093/300] loss=19.9757 ce=2.3877 guidance=7.0352 beta=2.50 train_acc=42.85% test_acc=39.90% best=40.09% lr=0.00039375161 time=12.1s est_300=1h 02m 52s
[ALG:PVTv2-B0][094/300] loss=19.9174 ce=2.3936 guidance=7.0095 beta=2.50 train_acc=43.19% test_acc=40.47% best=40.47% lr=0.00039161564 time=11.5s est_300=1h 02m 48s
[ALG:PVTv2-B0][095/300] loss=19.8296 ce=2.4029 guidance=6.9707 beta=2.50 train_acc=43.34% test_acc=39.47% best=40.47% lr=0.00038946441 time=12.0s est_300=1h 02m 47s
[ALG:PVTv2-B0][096/300] loss=19.7300 ce=2.3801 guidance=6.9400 beta=2.50 train_acc=42.87% test_acc=40.56% best=40.56% lr=0.00038729816 time=12.7s est_300=1h 02m 47s
[ALG:PVTv2-B0][097/300] loss=19.7734 ce=2.3465 guidance=6.9707 beta=2.50 train_acc=44.55% test_acc=40.25% best=40.56% lr=0.00038511713 time=12.2s est_300=1h 02m 46s
[ALG:PVTv2-B0][098/300] loss=19.8753 ce=2.3522 guidance=7.0093 beta=2.50 train_acc=44.48% test_acc=40.33% best=40.56% lr=0.00038292156 time=12.0s est_300=1h 02m 44s
[ALG:PVTv2-B0][099/300] loss=19.7455 ce=2.3579 guidance=6.9550 beta=2.50 train_acc=44.33% test_acc=41.13% best=41.13% lr=0.00038071168 time=11.5s est_300=1h 02m 41s
[ALG:PVTv2-B0][100/300] loss=19.6850 ce=2.3461 guidance=6.9355 beta=2.50 train_acc=44.79% test_acc=40.33% best=41.13% lr=0.00037848775 time=12.4s est_300=1h 02m 41s
[ALG:PVTv2-B0][101/300] loss=19.6607 ce=2.3553 guidance=6.9221 beta=2.50 train_acc=44.02% test_acc=40.63% best=41.13% lr=0.00037625 time=11.6s est_300=1h 02m 38s
[ALG:PVTv2-B0][102/300] loss=19.4864 ce=2.3569 guidance=6.8518 beta=2.50 train_acc=44.62% test_acc=39.97% best=41.13% lr=0.00037399868 time=11.6s est_300=1h 02m 35s
[ALG:PVTv2-B0][103/300] loss=19.4374 ce=2.3471 guidance=6.8361 beta=2.50 train_acc=44.53% test_acc=41.01% best=41.13% lr=0.00037173403 time=13.0s est_300=1h 02m 36s
[ALG:PVTv2-B0][104/300] loss=19.5060 ce=2.3059 guidance=6.8800 beta=2.50 train_acc=45.43% test_acc=40.13% best=41.13% lr=0.00036945631 time=12.7s est_300=1h 02m 37s
[ALG:PVTv2-B0][105/300] loss=19.6045 ce=2.3146 guidance=6.9160 beta=2.50 train_acc=45.86% test_acc=41.34% best=41.34% lr=0.00036716577 time=12.6s est_300=1h 02m 37s
[ALG:PVTv2-B0][106/300] loss=19.5334 ce=2.3278 guidance=6.8822 beta=2.50 train_acc=45.07% test_acc=41.04% best=41.34% lr=0.00036486265 time=12.4s est_300=1h 02m 37s
[ALG:PVTv2-B0][107/300] loss=19.3817 ce=2.2960 guidance=6.8343 beta=2.50 train_acc=45.52% test_acc=40.40% best=41.34% lr=0.00036254721 time=11.7s est_300=1h 02m 35s
[ALG:PVTv2-B0][108/300] loss=19.4333 ce=2.3049 guidance=6.8514 beta=2.50 train_acc=45.50% test_acc=41.08% best=41.34% lr=0.0003602197 time=13.2s est_300=1h 02m 37s
[ALG:PVTv2-B0][109/300] loss=19.3456 ce=2.3036 guidance=6.8168 beta=2.50 train_acc=45.74% test_acc=41.30% best=41.34% lr=0.00035788037 time=12.8s est_300=1h 02m 37s
[ALG:PVTv2-B0][110/300] loss=19.3970 ce=2.2926 guidance=6.8417 beta=2.50 train_acc=45.50% test_acc=40.51% best=41.34% lr=0.0003555295 time=13.0s est_300=1h 02m 39s
[ALG:PVTv2-B0][111/300] loss=19.4527 ce=2.2874 guidance=6.8661 beta=2.50 train_acc=45.30% test_acc=40.61% best=41.34% lr=0.00035316732 time=13.4s est_300=1h 02m 41s
[ALG:PVTv2-B0][112/300] loss=19.3199 ce=2.2927 guidance=6.8109 beta=2.50 train_acc=45.94% test_acc=40.65% best=41.34% lr=0.0003507941 time=11.4s est_300=1h 02m 38s
[ALG:PVTv2-B0][113/300] loss=19.0512 ce=2.2690 guidance=6.7129 beta=2.50 train_acc=45.26% test_acc=41.16% best=41.34% lr=0.00034841011 time=11.5s est_300=1h 02m 35s
[ALG:PVTv2-B0][114/300] loss=19.1676 ce=2.2635 guidance=6.7616 beta=2.50 train_acc=46.08% test_acc=40.94% best=41.34% lr=0.00034601559 time=12.7s est_300=1h 02m 36s
[ALG:PVTv2-B0][115/300] loss=19.0707 ce=2.2279 guidance=6.7371 beta=2.50 train_acc=46.98% test_acc=41.22% best=41.34% lr=0.00034361083 time=12.3s est_300=1h 02m 35s
[ALG:PVTv2-B0][116/300] loss=19.1196 ce=2.2580 guidance=6.7446 beta=2.50 train_acc=46.25% test_acc=40.70% best=41.34% lr=0.00034119607 time=12.1s est_300=1h 02m 34s
[ALG:PVTv2-B0][117/300] loss=19.0712 ce=2.2668 guidance=6.7218 beta=2.50 train_acc=45.64% test_acc=41.39% best=41.39% lr=0.00033877158 time=12.9s est_300=1h 02m 35s
[ALG:PVTv2-B0][118/300] loss=19.0399 ce=2.2467 guidance=6.7173 beta=2.50 train_acc=46.43% test_acc=41.97% best=41.97% lr=0.00033633764 time=13.4s est_300=1h 02m 37s
[ALG:PVTv2-B0][119/300] loss=19.0468 ce=2.2285 guidance=6.7273 beta=2.50 train_acc=47.28% test_acc=41.54% best=41.97% lr=0.0003338945 time=12.9s est_300=1h 02m 38s
[ALG:PVTv2-B0][120/300] loss=19.0848 ce=2.2092 guidance=6.7502 beta=2.50 train_acc=48.20% test_acc=40.59% best=41.97% lr=0.00033144243 time=11.4s est_300=1h 02m 35s
[ALG:PVTv2-B0][121/300] loss=18.9684 ce=2.2186 guidance=6.6999 beta=2.50 train_acc=47.04% test_acc=41.54% best=41.97% lr=0.00032898171 time=10.9s est_300=1h 02m 31s
[ALG:PVTv2-B0][122/300] loss=18.9860 ce=2.1832 guidance=6.7211 beta=2.50 train_acc=47.27% test_acc=41.89% best=41.97% lr=0.0003265126 time=10.8s est_300=1h 02m 27s
[ALG:PVTv2-B0][123/300] loss=18.9387 ce=2.1979 guidance=6.6963 beta=2.50 train_acc=48.32% test_acc=41.44% best=41.97% lr=0.00032403537 time=12.7s est_300=1h 02m 28s
[ALG:PVTv2-B0][124/300] loss=18.8567 ce=2.1628 guidance=6.6775 beta=2.50 train_acc=48.83% test_acc=41.46% best=41.97% lr=0.0003215503 time=11.8s est_300=1h 02m 26s
[ALG:PVTv2-B0][125/300] loss=18.8318 ce=2.2073 guidance=6.6498 beta=2.50 train_acc=47.55% test_acc=42.13% best=42.13% lr=0.00031905766 time=11.4s est_300=1h 02m 23s
[ALG:PVTv2-B0][126/300] loss=18.8569 ce=2.1743 guidance=6.6730 beta=2.50 train_acc=48.25% test_acc=42.15% best=42.15% lr=0.00031655771 time=12.4s est_300=1h 02m 23s
[ALG:PVTv2-B0][127/300] loss=18.8835 ce=2.1343 guidance=6.6997 beta=2.50 train_acc=48.42% test_acc=41.99% best=42.15% lr=0.00031405075 time=12.3s est_300=1h 02m 23s
[ALG:PVTv2-B0][128/300] loss=18.7449 ce=2.1460 guidance=6.6396 beta=2.50 train_acc=48.62% test_acc=42.11% best=42.15% lr=0.00031153703 time=13.9s est_300=1h 02m 26s
[ALG:PVTv2-B0][129/300] loss=18.9055 ce=2.1248 guidance=6.7122 beta=2.50 train_acc=49.59% test_acc=42.16% best=42.16% lr=0.00030901684 time=12.2s est_300=1h 02m 25s
[ALG:PVTv2-B0][130/300] loss=18.8053 ce=2.1638 guidance=6.6566 beta=2.50 train_acc=48.22% test_acc=41.92% best=42.16% lr=0.00030649045 time=12.9s est_300=1h 02m 26s
[ALG:PVTv2-B0][131/300] loss=18.8619 ce=2.1563 guidance=6.6822 beta=2.50 train_acc=48.64% test_acc=41.66% best=42.16% lr=0.00030395814 time=13.4s est_300=1h 02m 29s
[ALG:PVTv2-B0][132/300] loss=18.6690 ce=2.1329 guidance=6.6144 beta=2.50 train_acc=48.93% test_acc=42.46% best=42.46% lr=0.00030142019 time=13.2s est_300=1h 02m 30s
[ALG:PVTv2-B0][133/300] loss=2.1465 ce=2.1465 guidance=0.0000 beta=0.00 train_acc=49.18% test_acc=42.27% best=42.46% lr=0.00029887688 time=13.5s est_300=1h 02m 33s
[ALG:PVTv2-B0][134/300] loss=2.0915 ce=2.0915 guidance=0.0000 beta=0.00 train_acc=49.75% test_acc=42.92% best=42.92% lr=0.00029632847 time=13.3s est_300=1h 02m 34s
[ALG:PVTv2-B0][135/300] loss=2.0576 ce=2.0576 guidance=0.0000 beta=0.00 train_acc=50.88% test_acc=43.67% best=43.67% lr=0.00029377526 time=12.8s est_300=1h 02m 35s
[ALG:PVTv2-B0][136/300] loss=2.0259 ce=2.0259 guidance=0.0000 beta=0.00 train_acc=51.61% test_acc=42.65% best=43.67% lr=0.00029121753 time=12.4s est_300=1h 02m 35s
[ALG:PVTv2-B0][137/300] loss=2.0494 ce=2.0494 guidance=0.0000 beta=0.00 train_acc=50.97% test_acc=43.41% best=43.67% lr=0.00028865555 time=12.9s est_300=1h 02m 35s
[ALG:PVTv2-B0][138/300] loss=2.0228 ce=2.0228 guidance=0.0000 beta=0.00 train_acc=51.55% test_acc=44.08% best=44.08% lr=0.0002860896 time=13.6s est_300=1h 02m 38s
[ALG:PVTv2-B0][139/300] loss=1.9283 ce=1.9283 guidance=0.0000 beta=0.00 train_acc=53.18% test_acc=43.48% best=44.08% lr=0.00028351998 time=13.2s est_300=1h 02m 39s
[ALG:PVTv2-B0][140/300] loss=1.9710 ce=1.9710 guidance=0.0000 beta=0.00 train_acc=52.21% test_acc=43.25% best=44.08% lr=0.00028094694 time=14.0s est_300=1h 02m 42s
[ALG:PVTv2-B0][141/300] loss=1.9243 ce=1.9243 guidance=0.0000 beta=0.00 train_acc=53.63% test_acc=44.10% best=44.10% lr=0.00027837079 time=13.6s est_300=1h 02m 45s
[ALG:PVTv2-B0][142/300] loss=1.9303 ce=1.9303 guidance=0.0000 beta=0.00 train_acc=53.82% test_acc=44.24% best=44.24% lr=0.00027579181 time=11.4s est_300=1h 02m 42s
[ALG:PVTv2-B0][143/300] loss=1.8955 ce=1.8955 guidance=0.0000 beta=0.00 train_acc=53.82% test_acc=45.17% best=45.17% lr=0.00027321027 time=13.3s est_300=1h 02m 44s
[ALG:PVTv2-B0][144/300] loss=1.8999 ce=1.8999 guidance=0.0000 beta=0.00 train_acc=54.25% test_acc=44.93% best=45.17% lr=0.00027062645 time=12.6s est_300=1h 02m 44s
[ALG:PVTv2-B0][145/300] loss=1.9208 ce=1.9208 guidance=0.0000 beta=0.00 train_acc=53.52% test_acc=44.77% best=45.17% lr=0.00026804065 time=12.3s est_300=1h 02m 43s
[ALG:PVTv2-B0][146/300] loss=1.8992 ce=1.8992 guidance=0.0000 beta=0.00 train_acc=53.65% test_acc=44.34% best=45.17% lr=0.00026545315 time=12.0s est_300=1h 02m 42s
[ALG:PVTv2-B0][147/300] loss=1.8689 ce=1.8689 guidance=0.0000 beta=0.00 train_acc=54.96% test_acc=43.89% best=45.17% lr=0.00026286422 time=11.4s est_300=1h 02m 40s
[ALG:PVTv2-B0][148/300] loss=1.8742 ce=1.8742 guidance=0.0000 beta=0.00 train_acc=54.16% test_acc=45.29% best=45.29% lr=0.00026027416 time=13.0s est_300=1h 02m 41s
[ALG:PVTv2-B0][149/300] loss=1.8254 ce=1.8254 guidance=0.0000 beta=0.00 train_acc=55.43% test_acc=44.29% best=45.29% lr=0.00025768325 time=12.4s est_300=1h 02m 41s
[ALG:PVTv2-B0][150/300] loss=1.8307 ce=1.8307 guidance=0.0000 beta=0.00 train_acc=55.42% test_acc=45.55% best=45.55% lr=0.00025509177 time=11.5s est_300=1h 02m 38s
[ALG:PVTv2-B0][151/300] loss=1.8630 ce=1.8630 guidance=0.0000 beta=0.00 train_acc=55.25% test_acc=46.32% best=46.32% lr=0.0002525 time=14.1s est_300=1h 02m 42s
[ALG:PVTv2-B0][152/300] loss=1.7959 ce=1.7959 guidance=0.0000 beta=0.00 train_acc=55.50% test_acc=45.17% best=46.32% lr=0.00024990823 time=12.5s est_300=1h 02m 42s
[ALG:PVTv2-B0][153/300] loss=1.8431 ce=1.8431 guidance=0.0000 beta=0.00 train_acc=55.60% test_acc=46.05% best=46.32% lr=0.00024731675 time=13.5s est_300=1h 02m 43s
[ALG:PVTv2-B0][154/300] loss=1.7605 ce=1.7605 guidance=0.0000 beta=0.00 train_acc=56.54% test_acc=45.58% best=46.32% lr=0.00024472584 time=12.3s est_300=1h 02m 43s
[ALG:PVTv2-B0][155/300] loss=1.7570 ce=1.7570 guidance=0.0000 beta=0.00 train_acc=56.62% test_acc=45.60% best=46.32% lr=0.00024213578 time=13.2s est_300=1h 02m 44s
[ALG:PVTv2-B0][156/300] loss=1.8030 ce=1.8030 guidance=0.0000 beta=0.00 train_acc=56.18% test_acc=45.50% best=46.32% lr=0.00023954685 time=13.2s est_300=1h 02m 45s
[ALG:PVTv2-B0][157/300] loss=1.7638 ce=1.7638 guidance=0.0000 beta=0.00 train_acc=56.62% test_acc=45.55% best=46.32% lr=0.00023695935 time=12.8s est_300=1h 02m 46s
[ALG:PVTv2-B0][158/300] loss=1.7903 ce=1.7903 guidance=0.0000 beta=0.00 train_acc=56.71% test_acc=45.94% best=46.32% lr=0.00023437355 time=12.8s est_300=1h 02m 47s
[ALG:PVTv2-B0][159/300] loss=1.7418 ce=1.7418 guidance=0.0000 beta=0.00 train_acc=57.97% test_acc=45.48% best=46.32% lr=0.00023178973 time=13.4s est_300=1h 02m 48s
[ALG:PVTv2-B0][160/300] loss=1.7328 ce=1.7328 guidance=0.0000 beta=0.00 train_acc=57.66% test_acc=45.94% best=46.32% lr=0.00022920819 time=13.0s est_300=1h 02m 49s
[ALG:PVTv2-B0][161/300] loss=1.7001 ce=1.7001 guidance=0.0000 beta=0.00 train_acc=58.02% test_acc=45.74% best=46.32% lr=0.00022662921 time=11.3s est_300=1h 02m 47s
[ALG:PVTv2-B0][162/300] loss=1.7481 ce=1.7481 guidance=0.0000 beta=0.00 train_acc=56.81% test_acc=45.50% best=46.32% lr=0.00022405306 time=11.4s est_300=1h 02m 44s
[ALG:PVTv2-B0][163/300] loss=1.7001 ce=1.7001 guidance=0.0000 beta=0.00 train_acc=58.56% test_acc=45.93% best=46.32% lr=0.00022148002 time=12.0s est_300=1h 02m 43s
[ALG:PVTv2-B0][164/300] loss=1.6984 ce=1.6984 guidance=0.0000 beta=0.00 train_acc=58.64% test_acc=46.32% best=46.32% lr=0.0002189104 time=11.9s est_300=1h 02m 42s
[ALG:PVTv2-B0][165/300] loss=1.6859 ce=1.6859 guidance=0.0000 beta=0.00 train_acc=59.05% test_acc=46.55% best=46.55% lr=0.00021634445 time=13.3s est_300=1h 02m 43s
[ALG:PVTv2-B0][166/300] loss=1.6870 ce=1.6870 guidance=0.0000 beta=0.00 train_acc=58.68% test_acc=46.24% best=46.55% lr=0.00021378247 time=12.5s est_300=1h 02m 43s
[ALG:PVTv2-B0][167/300] loss=1.6697 ce=1.6697 guidance=0.0000 beta=0.00 train_acc=60.38% test_acc=46.72% best=46.72% lr=0.00021122474 time=12.7s est_300=1h 02m 44s
[ALG:PVTv2-B0][168/300] loss=1.6790 ce=1.6790 guidance=0.0000 beta=0.00 train_acc=59.31% test_acc=46.32% best=46.72% lr=0.00020867153 time=11.3s est_300=1h 02m 41s
[ALG:PVTv2-B0][169/300] loss=1.6305 ce=1.6305 guidance=0.0000 beta=0.00 train_acc=60.87% test_acc=46.31% best=46.72% lr=0.00020612312 time=11.5s est_300=1h 02m 40s
[ALG:PVTv2-B0][170/300] loss=1.6943 ce=1.6943 guidance=0.0000 beta=0.00 train_acc=59.22% test_acc=46.34% best=46.72% lr=0.00020357981 time=13.3s est_300=1h 02m 41s
[ALG:PVTv2-B0][171/300] loss=1.6515 ce=1.6515 guidance=0.0000 beta=0.00 train_acc=60.05% test_acc=46.41% best=46.72% lr=0.00020104186 time=12.6s est_300=1h 02m 41s
[ALG:PVTv2-B0][172/300] loss=1.6297 ce=1.6297 guidance=0.0000 beta=0.00 train_acc=60.44% test_acc=45.46% best=46.72% lr=0.00019850955 time=11.5s est_300=1h 02m 39s
[ALG:PVTv2-B0][173/300] loss=1.6425 ce=1.6425 guidance=0.0000 beta=0.00 train_acc=60.00% test_acc=46.10% best=46.72% lr=0.00019598316 time=10.8s est_300=1h 02m 36s
[ALG:PVTv2-B0][174/300] loss=1.6665 ce=1.6665 guidance=0.0000 beta=0.00 train_acc=60.38% test_acc=47.03% best=47.03% lr=0.00019346297 time=12.0s est_300=1h 02m 35s
[ALG:PVTv2-B0][175/300] loss=1.6024 ce=1.6024 guidance=0.0000 beta=0.00 train_acc=60.33% test_acc=45.84% best=47.03% lr=0.00019094925 time=12.2s est_300=1h 02m 35s
[ALG:PVTv2-B0][176/300] loss=1.5916 ce=1.5916 guidance=0.0000 beta=0.00 train_acc=61.60% test_acc=47.76% best=47.76% lr=0.00018844229 time=11.7s est_300=1h 02m 34s
[ALG:PVTv2-B0][177/300] loss=1.5801 ce=1.5801 guidance=0.0000 beta=0.00 train_acc=62.18% test_acc=46.89% best=47.76% lr=0.00018594234 time=13.3s est_300=1h 02m 35s
[ALG:PVTv2-B0][178/300] loss=1.5683 ce=1.5683 guidance=0.0000 beta=0.00 train_acc=62.09% test_acc=45.86% best=47.76% lr=0.0001834497 time=12.5s est_300=1h 02m 35s
[ALG:PVTv2-B0][179/300] loss=1.5725 ce=1.5725 guidance=0.0000 beta=0.00 train_acc=61.33% test_acc=46.91% best=47.76% lr=0.00018096463 time=13.5s est_300=1h 02m 37s
[ALG:PVTv2-B0][180/300] loss=1.5307 ce=1.5307 guidance=0.0000 beta=0.00 train_acc=62.58% test_acc=47.64% best=47.76% lr=0.0001784874 time=13.1s est_300=1h 02m 38s
[ALG:PVTv2-B0][181/300] loss=1.6143 ce=1.6143 guidance=0.0000 beta=0.00 train_acc=61.40% test_acc=47.10% best=47.76% lr=0.00017601829 time=12.6s est_300=1h 02m 38s
[ALG:PVTv2-B0][182/300] loss=1.5465 ce=1.5465 guidance=0.0000 beta=0.00 train_acc=62.67% test_acc=47.34% best=47.76% lr=0.00017355757 time=12.5s est_300=1h 02m 38s
[ALG:PVTv2-B0][183/300] loss=1.5445 ce=1.5445 guidance=0.0000 beta=0.00 train_acc=61.91% test_acc=45.96% best=47.76% lr=0.0001711055 time=12.2s est_300=1h 02m 37s
[ALG:PVTv2-B0][184/300] loss=1.5271 ce=1.5271 guidance=0.0000 beta=0.00 train_acc=63.62% test_acc=46.86% best=47.76% lr=0.00016866236 time=11.0s est_300=1h 02m 35s
[ALG:PVTv2-B0][185/300] loss=1.5251 ce=1.5251 guidance=0.0000 beta=0.00 train_acc=63.23% test_acc=47.46% best=47.76% lr=0.00016622842 time=11.3s est_300=1h 02m 33s
[ALG:PVTv2-B0][186/300] loss=1.5431 ce=1.5431 guidance=0.0000 beta=0.00 train_acc=62.48% test_acc=47.69% best=47.76% lr=0.00016380393 time=13.8s est_300=1h 02m 35s
[ALG:PVTv2-B0][187/300] loss=1.5051 ce=1.5051 guidance=0.0000 beta=0.00 train_acc=63.35% test_acc=47.74% best=47.76% lr=0.00016138917 time=12.1s est_300=1h 02m 35s
[ALG:PVTv2-B0][188/300] loss=1.5032 ce=1.5032 guidance=0.0000 beta=0.00 train_acc=63.67% test_acc=46.53% best=47.76% lr=0.00015898441 time=13.3s est_300=1h 02m 36s
[ALG:PVTv2-B0][189/300] loss=1.5039 ce=1.5039 guidance=0.0000 beta=0.00 train_acc=63.47% test_acc=46.84% best=47.76% lr=0.00015658989 time=13.0s est_300=1h 02m 37s
[ALG:PVTv2-B0][190/300] loss=1.4965 ce=1.4965 guidance=0.0000 beta=0.00 train_acc=63.23% test_acc=47.17% best=47.76% lr=0.0001542059 time=13.3s est_300=1h 02m 38s
[ALG:PVTv2-B0][191/300] loss=1.5015 ce=1.5015 guidance=0.0000 beta=0.00 train_acc=64.27% test_acc=46.29% best=47.76% lr=0.00015183268 time=12.1s est_300=1h 02m 37s
[ALG:PVTv2-B0][192/300] loss=1.4286 ce=1.4286 guidance=0.0000 beta=0.00 train_acc=65.03% test_acc=48.14% best=48.14% lr=0.0001494705 time=10.7s est_300=1h 02m 34s
[ALG:PVTv2-B0][193/300] loss=1.4792 ce=1.4792 guidance=0.0000 beta=0.00 train_acc=63.84% test_acc=46.63% best=48.14% lr=0.00014711963 time=11.6s est_300=1h 02m 33s
[ALG:PVTv2-B0][194/300] loss=1.4725 ce=1.4725 guidance=0.0000 beta=0.00 train_acc=64.01% test_acc=47.01% best=48.14% lr=0.0001447803 time=10.8s est_300=1h 02m 30s
[ALG:PVTv2-B0][195/300] loss=1.4693 ce=1.4693 guidance=0.0000 beta=0.00 train_acc=63.86% test_acc=47.69% best=48.14% lr=0.00014245279 time=12.7s est_300=1h 02m 31s
[ALG:PVTv2-B0][196/300] loss=1.4401 ce=1.4401 guidance=0.0000 beta=0.00 train_acc=65.00% test_acc=48.07% best=48.14% lr=0.00014013735 time=12.7s est_300=1h 02m 31s
[ALG:PVTv2-B0][197/300] loss=1.4306 ce=1.4306 guidance=0.0000 beta=0.00 train_acc=64.30% test_acc=46.34% best=48.14% lr=0.00013783423 time=12.4s est_300=1h 02m 31s
[ALG:PVTv2-B0][198/300] loss=1.4354 ce=1.4354 guidance=0.0000 beta=0.00 train_acc=65.59% test_acc=46.22% best=48.14% lr=0.00013554369 time=11.5s est_300=1h 02m 29s
[ALG:PVTv2-B0][199/300] loss=1.4400 ce=1.4400 guidance=0.0000 beta=0.00 train_acc=64.66% test_acc=47.24% best=48.14% lr=0.00013326597 time=12.9s est_300=1h 02m 30s
[ALG:PVTv2-B0][200/300] loss=1.4224 ce=1.4224 guidance=0.0000 beta=0.00 train_acc=65.52% test_acc=47.29% best=48.14% lr=0.00013100132 time=11.6s est_300=1h 02m 28s
[ALG:PVTv2-B0][201/300] loss=1.4075 ce=1.4075 guidance=0.0000 beta=0.00 train_acc=65.96% test_acc=47.79% best=48.14% lr=0.00012875 time=11.5s est_300=1h 02m 27s
[ALG:PVTv2-B0][202/300] loss=1.4357 ce=1.4357 guidance=0.0000 beta=0.00 train_acc=65.62% test_acc=47.81% best=48.14% lr=0.00012651225 time=12.4s est_300=1h 02m 27s
[ALG:PVTv2-B0][203/300] loss=1.4176 ce=1.4176 guidance=0.0000 beta=0.00 train_acc=65.69% test_acc=48.17% best=48.17% lr=0.00012428832 time=12.7s est_300=1h 02m 27s
[ALG:PVTv2-B0][204/300] loss=1.3840 ce=1.3840 guidance=0.0000 beta=0.00 train_acc=66.19% test_acc=47.22% best=48.17% lr=0.00012207844 time=12.5s est_300=1h 02m 27s
[ALG:PVTv2-B0][205/300] loss=1.3503 ce=1.3503 guidance=0.0000 beta=0.00 train_acc=67.76% test_acc=48.21% best=48.21% lr=0.00011988287 time=10.7s est_300=1h 02m 24s
[ALG:PVTv2-B0][206/300] loss=1.3994 ce=1.3994 guidance=0.0000 beta=0.00 train_acc=66.80% test_acc=48.08% best=48.21% lr=0.00011770184 time=11.3s est_300=1h 02m 23s
[ALG:PVTv2-B0][207/300] loss=1.3851 ce=1.3851 guidance=0.0000 beta=0.00 train_acc=66.64% test_acc=47.67% best=48.21% lr=0.00011553559 time=11.5s est_300=1h 02m 21s
[ALG:PVTv2-B0][208/300] loss=1.3886 ce=1.3886 guidance=0.0000 beta=0.00 train_acc=66.80% test_acc=48.48% best=48.48% lr=0.00011338436 time=11.8s est_300=1h 02m 20s
[ALG:PVTv2-B0][209/300] loss=1.4228 ce=1.4228 guidance=0.0000 beta=0.00 train_acc=65.83% test_acc=47.45% best=48.48% lr=0.00011124839 time=11.3s est_300=1h 02m 18s
[ALG:PVTv2-B0][210/300] loss=1.3427 ce=1.3427 guidance=0.0000 beta=0.00 train_acc=67.22% test_acc=47.77% best=48.48% lr=0.00010912791 time=11.7s est_300=1h 02m 17s
[ALG:PVTv2-B0][211/300] loss=1.3588 ce=1.3588 guidance=0.0000 beta=0.00 train_acc=66.97% test_acc=47.29% best=48.48% lr=0.00010702315 time=12.4s est_300=1h 02m 17s
[ALG:PVTv2-B0][212/300] loss=1.2941 ce=1.2941 guidance=0.0000 beta=0.00 train_acc=69.24% test_acc=47.34% best=48.48% lr=0.00010493434 time=10.7s est_300=1h 02m 15s
[ALG:PVTv2-B0][213/300] loss=1.3848 ce=1.3848 guidance=0.0000 beta=0.00 train_acc=66.76% test_acc=47.48% best=48.48% lr=0.00010286172 time=12.1s est_300=1h 02m 14s
[ALG:PVTv2-B0][214/300] loss=1.3753 ce=1.3753 guidance=0.0000 beta=0.00 train_acc=66.73% test_acc=48.17% best=48.48% lr=0.0001008055 time=11.2s est_300=1h 02m 13s
[ALG:PVTv2-B0][215/300] loss=1.3493 ce=1.3493 guidance=0.0000 beta=0.00 train_acc=67.97% test_acc=48.33% best=48.48% lr=9.8765924e-05 time=13.5s est_300=1h 02m 14s
[ALG:PVTv2-B0][216/300] loss=1.3473 ce=1.3473 guidance=0.0000 beta=0.00 train_acc=67.07% test_acc=48.33% best=48.48% lr=9.6743203e-05 time=13.4s est_300=1h 02m 15s
[ALG:PVTv2-B0][217/300] loss=1.3242 ce=1.3242 guidance=0.0000 beta=0.00 train_acc=67.82% test_acc=48.43% best=48.48% lr=9.4737563e-05 time=11.6s est_300=1h 02m 14s
[ALG:PVTv2-B0][218/300] loss=1.3201 ce=1.3201 guidance=0.0000 beta=0.00 train_acc=68.77% test_acc=47.67% best=48.48% lr=9.2749222e-05 time=12.2s est_300=1h 02m 14s
[ALG:PVTv2-B0][219/300] loss=1.2995 ce=1.2995 guidance=0.0000 beta=0.00 train_acc=67.95% test_acc=48.12% best=48.48% lr=9.0778401e-05 time=11.4s est_300=1h 02m 12s
[ALG:PVTv2-B0][220/300] loss=1.3070 ce=1.3070 guidance=0.0000 beta=0.00 train_acc=68.92% test_acc=48.33% best=48.48% lr=8.8825313e-05 time=12.0s est_300=1h 02m 12s
[ALG:PVTv2-B0][221/300] loss=1.2771 ce=1.2771 guidance=0.0000 beta=0.00 train_acc=69.33% test_acc=48.71% best=48.71% lr=8.6890175e-05 time=12.2s est_300=1h 02m 12s
[ALG:PVTv2-B0][222/300] loss=1.2722 ce=1.2722 guidance=0.0000 beta=0.00 train_acc=69.33% test_acc=49.53% best=49.53% lr=8.4973198e-05 time=12.6s est_300=1h 02m 12s
[ALG:PVTv2-B0][223/300] loss=1.2899 ce=1.2899 guidance=0.0000 beta=0.00 train_acc=68.70% test_acc=48.34% best=49.53% lr=8.3074591e-05 time=11.5s est_300=1h 02m 11s
[ALG:PVTv2-B0][224/300] loss=1.2917 ce=1.2917 guidance=0.0000 beta=0.00 train_acc=69.55% test_acc=48.64% best=49.53% lr=8.1194564e-05 time=12.1s est_300=1h 02m 10s
[ALG:PVTv2-B0][225/300] loss=1.2761 ce=1.2761 guidance=0.0000 beta=0.00 train_acc=68.60% test_acc=49.14% best=49.53% lr=7.9333323e-05 time=12.2s est_300=1h 02m 10s
[ALG:PVTv2-B0][226/300] loss=1.2680 ce=1.2680 guidance=0.0000 beta=0.00 train_acc=69.24% test_acc=48.98% best=49.53% lr=7.7491072e-05 time=14.2s est_300=1h 02m 12s
[ALG:PVTv2-B0][227/300] loss=1.2567 ce=1.2567 guidance=0.0000 beta=0.00 train_acc=69.51% test_acc=48.64% best=49.53% lr=7.5668012e-05 time=13.6s est_300=1h 02m 14s
[ALG:PVTv2-B0][228/300] loss=1.2494 ce=1.2494 guidance=0.0000 beta=0.00 train_acc=69.36% test_acc=48.65% best=49.53% lr=7.3864344e-05 time=13.5s est_300=1h 02m 15s
[ALG:PVTv2-B0][229/300] loss=1.2983 ce=1.2983 guidance=0.0000 beta=0.00 train_acc=69.36% test_acc=48.36% best=49.53% lr=7.2080265e-05 time=14.0s est_300=1h 02m 17s
[ALG:PVTv2-B0][230/300] loss=1.2826 ce=1.2826 guidance=0.0000 beta=0.00 train_acc=68.38% test_acc=48.19% best=49.53% lr=7.0315971e-05 time=12.5s est_300=1h 02m 17s
[ALG:PVTv2-B0][231/300] loss=1.2715 ce=1.2715 guidance=0.0000 beta=0.00 train_acc=69.36% test_acc=48.53% best=49.53% lr=6.8571656e-05 time=11.5s est_300=1h 02m 16s
[ALG:PVTv2-B0][232/300] loss=1.2547 ce=1.2547 guidance=0.0000 beta=0.00 train_acc=70.18% test_acc=48.74% best=49.53% lr=6.684751e-05 time=12.0s est_300=1h 02m 15s
[ALG:PVTv2-B0][233/300] loss=1.2554 ce=1.2554 guidance=0.0000 beta=0.00 train_acc=69.57% test_acc=48.58% best=49.53% lr=6.5143724e-05 time=11.5s est_300=1h 02m 14s
[ALG:PVTv2-B0][234/300] loss=1.2722 ce=1.2722 guidance=0.0000 beta=0.00 train_acc=69.21% test_acc=48.93% best=49.53% lr=6.3460483e-05 time=12.0s est_300=1h 02m 14s
[ALG:PVTv2-B0][235/300] loss=1.2482 ce=1.2482 guidance=0.0000 beta=0.00 train_acc=70.55% test_acc=48.81% best=49.53% lr=6.1797972e-05 time=12.7s est_300=1h 02m 14s
[ALG:PVTv2-B0][236/300] loss=1.2235 ce=1.2235 guidance=0.0000 beta=0.00 train_acc=70.11% test_acc=48.79% best=49.53% lr=6.0156375e-05 time=11.5s est_300=1h 02m 13s
[ALG:PVTv2-B0][237/300] loss=1.2007 ce=1.2007 guidance=0.0000 beta=0.00 train_acc=70.65% test_acc=48.45% best=49.53% lr=5.8535869e-05 time=11.6s est_300=1h 02m 12s
[ALG:PVTv2-B0][238/300] loss=1.2630 ce=1.2630 guidance=0.0000 beta=0.00 train_acc=69.96% test_acc=48.77% best=49.53% lr=5.6936634e-05 time=13.2s est_300=1h 02m 13s
[ALG:PVTv2-B0][239/300] loss=1.2449 ce=1.2449 guidance=0.0000 beta=0.00 train_acc=70.01% test_acc=48.58% best=49.53% lr=5.5358845e-05 time=13.5s est_300=1h 02m 14s
[ALG:PVTv2-B0][240/300] loss=1.2236 ce=1.2236 guidance=0.0000 beta=0.00 train_acc=70.81% test_acc=48.58% best=49.53% lr=5.3802675e-05 time=11.6s est_300=1h 02m 13s
[ALG:PVTv2-B0][241/300] loss=1.2248 ce=1.2248 guidance=0.0000 beta=0.00 train_acc=71.04% test_acc=49.33% best=49.53% lr=5.2268294e-05 time=12.6s est_300=1h 02m 13s
[ALG:PVTv2-B0][242/300] loss=1.1825 ce=1.1825 guidance=0.0000 beta=0.00 train_acc=71.71% test_acc=49.33% best=49.53% lr=5.0755871e-05 time=13.9s est_300=1h 02m 15s
[ALG:PVTv2-B0][243/300] loss=1.2160 ce=1.2160 guidance=0.0000 beta=0.00 train_acc=70.43% test_acc=48.65% best=49.53% lr=4.9265571e-05 time=14.2s est_300=1h 02m 17s
[ALG:PVTv2-B0][244/300] loss=1.1719 ce=1.1719 guidance=0.0000 beta=0.00 train_acc=71.64% test_acc=49.28% best=49.53% lr=4.7797558e-05 time=14.0s est_300=1h 02m 19s
[ALG:PVTv2-B0][245/300] loss=1.2003 ce=1.2003 guidance=0.0000 beta=0.00 train_acc=70.62% test_acc=48.45% best=49.53% lr=4.6351993e-05 time=13.4s est_300=1h 02m 20s
[ALG:PVTv2-B0][246/300] loss=1.1628 ce=1.1628 guidance=0.0000 beta=0.00 train_acc=72.10% test_acc=49.12% best=49.53% lr=4.4929034e-05 time=12.7s est_300=1h 02m 20s
[ALG:PVTv2-B0][247/300] loss=1.1600 ce=1.1600 guidance=0.0000 beta=0.00 train_acc=72.18% test_acc=49.19% best=49.53% lr=4.3528838e-05 time=13.9s est_300=1h 02m 22s
[ALG:PVTv2-B0][248/300] loss=1.1892 ce=1.1892 guidance=0.0000 beta=0.00 train_acc=71.67% test_acc=49.50% best=49.53% lr=4.2151558e-05 time=14.0s est_300=1h 02m 24s
[ALG:PVTv2-B0][249/300] loss=1.1699 ce=1.1699 guidance=0.0000 beta=0.00 train_acc=71.11% test_acc=49.12% best=49.53% lr=4.0797346e-05 time=12.9s est_300=1h 02m 25s
[ALG:PVTv2-B0][250/300] loss=1.1725 ce=1.1725 guidance=0.0000 beta=0.00 train_acc=71.65% test_acc=48.91% best=49.53% lr=3.9466348e-05 time=12.8s est_300=1h 02m 25s
[ALG:PVTv2-B0][251/300] loss=1.1684 ce=1.1684 guidance=0.0000 beta=0.00 train_acc=71.76% test_acc=49.31% best=49.53% lr=3.8158713e-05 time=12.6s est_300=1h 02m 25s
[ALG:PVTv2-B0][252/300] loss=1.1741 ce=1.1741 guidance=0.0000 beta=0.00 train_acc=71.33% test_acc=49.19% best=49.53% lr=3.6874582e-05 time=12.3s est_300=1h 02m 25s
[ALG:PVTv2-B0][253/300] loss=1.1550 ce=1.1550 guidance=0.0000 beta=0.00 train_acc=72.30% test_acc=49.88% best=49.88% lr=3.5614097e-05 time=11.5s est_300=1h 02m 24s
[ALG:PVTv2-B0][254/300] loss=1.1990 ce=1.1990 guidance=0.0000 beta=0.00 train_acc=71.08% test_acc=49.79% best=49.88% lr=3.4377396e-05 time=12.4s est_300=1h 02m 24s
[ALG:PVTv2-B0][255/300] loss=1.1920 ce=1.1920 guidance=0.0000 beta=0.00 train_acc=71.21% test_acc=49.05% best=49.88% lr=3.3164614e-05 time=12.5s est_300=1h 02m 24s
[ALG:PVTv2-B0][256/300] loss=1.1368 ce=1.1368 guidance=0.0000 beta=0.00 train_acc=72.98% test_acc=49.22% best=49.88% lr=3.1975885e-05 time=12.8s est_300=1h 02m 24s
[ALG:PVTv2-B0][257/300] loss=1.1675 ce=1.1675 guidance=0.0000 beta=0.00 train_acc=72.59% test_acc=49.12% best=49.88% lr=3.0811339e-05 time=12.2s est_300=1h 02m 24s
[ALG:PVTv2-B0][258/300] loss=1.1765 ce=1.1765 guidance=0.0000 beta=0.00 train_acc=71.67% test_acc=49.17% best=49.88% lr=2.9671104e-05 time=13.3s est_300=1h 02m 25s
[ALG:PVTv2-B0][259/300] loss=1.1313 ce=1.1313 guidance=0.0000 beta=0.00 train_acc=72.47% test_acc=49.26% best=49.88% lr=2.8555305e-05 time=12.3s est_300=1h 02m 24s
[ALG:PVTv2-B0][260/300] loss=1.1511 ce=1.1511 guidance=0.0000 beta=0.00 train_acc=72.10% test_acc=49.69% best=49.88% lr=2.7464063e-05 time=12.7s est_300=1h 02m 25s
[ALG:PVTv2-B0][261/300] loss=1.1498 ce=1.1498 guidance=0.0000 beta=0.00 train_acc=72.21% test_acc=48.83% best=49.88% lr=2.6397499e-05 time=13.7s est_300=1h 02m 26s
[ALG:PVTv2-B0][262/300] loss=1.1449 ce=1.1449 guidance=0.0000 beta=0.00 train_acc=72.37% test_acc=48.86% best=49.88% lr=2.535573e-05 time=13.5s est_300=1h 02m 27s
[ALG:PVTv2-B0][263/300] loss=1.1407 ce=1.1407 guidance=0.0000 beta=0.00 train_acc=72.45% test_acc=49.45% best=49.88% lr=2.433887e-05 time=13.5s est_300=1h 02m 28s
[ALG:PVTv2-B0][264/300] loss=1.1691 ce=1.1691 guidance=0.0000 beta=0.00 train_acc=72.15% test_acc=48.88% best=49.88% lr=2.334703e-05 time=13.5s est_300=1h 02m 29s
[ALG:PVTv2-B0][265/300] loss=1.1128 ce=1.1128 guidance=0.0000 beta=0.00 train_acc=72.54% test_acc=49.36% best=49.88% lr=2.238032e-05 time=12.8s est_300=1h 02m 30s
[ALG:PVTv2-B0][266/300] loss=1.1503 ce=1.1503 guidance=0.0000 beta=0.00 train_acc=72.21% test_acc=49.55% best=49.88% lr=2.1438844e-05 time=13.3s est_300=1h 02m 31s
[ALG:PVTv2-B0][267/300] loss=1.1292 ce=1.1292 guidance=0.0000 beta=0.00 train_acc=72.66% test_acc=48.96% best=49.88% lr=2.0522708e-05 time=12.5s est_300=1h 02m 31s
[ALG:PVTv2-B0][268/300] loss=1.1144 ce=1.1144 guidance=0.0000 beta=0.00 train_acc=73.59% test_acc=49.53% best=49.88% lr=1.963201e-05 time=12.6s est_300=1h 02m 31s
[ALG:PVTv2-B0][269/300] loss=1.1271 ce=1.1271 guidance=0.0000 beta=0.00 train_acc=73.13% test_acc=49.24% best=49.88% lr=1.8766848e-05 time=12.6s est_300=1h 02m 31s
[ALG:PVTv2-B0][270/300] loss=1.1523 ce=1.1523 guidance=0.0000 beta=0.00 train_acc=72.91% test_acc=49.28% best=49.88% lr=1.7927319e-05 time=12.6s est_300=1h 02m 31s
[ALG:PVTv2-B0][271/300] loss=1.1421 ce=1.1421 guidance=0.0000 beta=0.00 train_acc=72.74% test_acc=49.03% best=49.88% lr=1.7113512e-05 time=13.5s est_300=1h 02m 32s
[ALG:PVTv2-B0][272/300] loss=1.1341 ce=1.1341 guidance=0.0000 beta=0.00 train_acc=72.81% test_acc=49.38% best=49.88% lr=1.6325519e-05 time=12.4s est_300=1h 02m 32s
[ALG:PVTv2-B0][273/300] loss=1.1695 ce=1.1695 guidance=0.0000 beta=0.00 train_acc=72.32% test_acc=49.10% best=49.88% lr=1.5563424e-05 time=13.2s est_300=1h 02m 33s
[ALG:PVTv2-B0][274/300] loss=1.1099 ce=1.1099 guidance=0.0000 beta=0.00 train_acc=73.73% test_acc=49.50% best=49.88% lr=1.4827313e-05 time=13.6s est_300=1h 02m 34s
[ALG:PVTv2-B0][275/300] loss=1.1442 ce=1.1442 guidance=0.0000 beta=0.00 train_acc=72.67% test_acc=49.65% best=49.88% lr=1.4117265e-05 time=14.3s est_300=1h 02m 36s
[ALG:PVTv2-B0][276/300] loss=1.1662 ce=1.1662 guidance=0.0000 beta=0.00 train_acc=71.82% test_acc=49.60% best=49.88% lr=1.3433358e-05 time=13.5s est_300=1h 02m 37s
[ALG:PVTv2-B0][277/300] loss=1.1149 ce=1.1149 guidance=0.0000 beta=0.00 train_acc=73.76% test_acc=49.88% best=49.88% lr=1.2775668e-05 time=13.2s est_300=1h 02m 38s
[ALG:PVTv2-B0][278/300] loss=1.1179 ce=1.1179 guidance=0.0000 beta=0.00 train_acc=73.52% test_acc=49.71% best=49.88% lr=1.2144266e-05 time=13.3s est_300=1h 02m 39s
[ALG:PVTv2-B0][279/300] loss=1.1276 ce=1.1276 guidance=0.0000 beta=0.00 train_acc=72.50% test_acc=49.50% best=49.88% lr=1.1539222e-05 time=13.1s est_300=1h 02m 39s
[ALG:PVTv2-B0][280/300] loss=1.1140 ce=1.1140 guidance=0.0000 beta=0.00 train_acc=72.94% test_acc=49.34% best=49.88% lr=1.0960601e-05 time=13.7s est_300=1h 02m 40s
[ALG:PVTv2-B0][281/300] loss=1.1070 ce=1.1070 guidance=0.0000 beta=0.00 train_acc=73.90% test_acc=49.48% best=49.88% lr=1.0408469e-05 time=13.9s est_300=1h 02m 42s
[ALG:PVTv2-B0][282/300] loss=1.1597 ce=1.1597 guidance=0.0000 beta=0.00 train_acc=72.61% test_acc=49.71% best=49.88% lr=9.8828843e-06 time=13.8s est_300=1h 02m 43s
[ALG:PVTv2-B0][283/300] loss=1.1394 ce=1.1394 guidance=0.0000 beta=0.00 train_acc=72.42% test_acc=49.59% best=49.88% lr=9.3839054e-06 time=13.0s est_300=1h 02m 44s
[ALG:PVTv2-B0][284/300] loss=1.1446 ce=1.1446 guidance=0.0000 beta=0.00 train_acc=72.55% test_acc=49.76% best=49.88% lr=8.911587e-06 time=13.6s est_300=1h 02m 45s
[ALG:PVTv2-B0][285/300] loss=1.1358 ce=1.1358 guidance=0.0000 beta=0.00 train_acc=71.72% test_acc=49.52% best=49.88% lr=8.4659808e-06 time=12.7s est_300=1h 02m 45s
[ALG:PVTv2-B0][286/300] loss=1.1380 ce=1.1380 guidance=0.0000 beta=0.00 train_acc=72.50% test_acc=49.53% best=49.88% lr=8.0471357e-06 time=11.1s est_300=1h 02m 44s
[ALG:PVTv2-B0][287/300] loss=1.1290 ce=1.1290 guidance=0.0000 beta=0.00 train_acc=72.86% test_acc=49.62% best=49.88% lr=7.6550976e-06 time=12.0s est_300=1h 02m 43s
[ALG:PVTv2-B0][288/300] loss=1.1150 ce=1.1150 guidance=0.0000 beta=0.00 train_acc=73.20% test_acc=49.69% best=49.88% lr=7.2899095e-06 time=13.1s est_300=1h 02m 44s
[ALG:PVTv2-B0][289/300] loss=1.1247 ce=1.1247 guidance=0.0000 beta=0.00 train_acc=73.62% test_acc=49.55% best=49.88% lr=6.9516114e-06 time=13.4s est_300=1h 02m 45s
[ALG:PVTv2-B0][290/300] loss=1.1194 ce=1.1194 guidance=0.0000 beta=0.00 train_acc=73.30% test_acc=49.81% best=49.88% lr=6.6402405e-06 time=12.7s est_300=1h 02m 45s
[ALG:PVTv2-B0][291/300] loss=1.1451 ce=1.1451 guidance=0.0000 beta=0.00 train_acc=72.40% test_acc=50.05% best=50.05% lr=6.3558309e-06 time=13.3s est_300=1h 02m 45s
[ALG:PVTv2-B0][292/300] loss=1.0684 ce=1.0684 guidance=0.0000 beta=0.00 train_acc=74.25% test_acc=49.67% best=50.05% lr=6.0984138e-06 time=11.9s est_300=1h 02m 45s
[ALG:PVTv2-B0][293/300] loss=1.1105 ce=1.1105 guidance=0.0000 beta=0.00 train_acc=73.06% test_acc=49.36% best=50.05% lr=5.8680173e-06 time=12.9s est_300=1h 02m 45s
[ALG:PVTv2-B0][294/300] loss=1.1051 ce=1.1051 guidance=0.0000 beta=0.00 train_acc=72.96% test_acc=49.71% best=50.05% lr=5.6646669e-06 time=13.8s est_300=1h 02m 46s
[ALG:PVTv2-B0][295/300] loss=1.1209 ce=1.1209 guidance=0.0000 beta=0.00 train_acc=73.20% test_acc=49.83% best=50.05% lr=5.4883847e-06 time=12.2s est_300=1h 02m 46s
[ALG:PVTv2-B0][296/300] loss=1.0979 ce=1.0979 guidance=0.0000 beta=0.00 train_acc=73.71% test_acc=49.81% best=50.05% lr=5.3391901e-06 time=11.9s est_300=1h 02m 45s
[ALG:PVTv2-B0][297/300] loss=1.1171 ce=1.1171 guidance=0.0000 beta=0.00 train_acc=73.15% test_acc=49.86% best=50.05% lr=5.2170996e-06 time=13.1s est_300=1h 02m 46s
[ALG:PVTv2-B0][298/300] loss=1.1390 ce=1.1390 guidance=0.0000 beta=0.00 train_acc=72.67% test_acc=49.71% best=50.05% lr=5.1221263e-06 time=12.4s est_300=1h 02m 46s
[ALG:PVTv2-B0][299/300] loss=1.1255 ce=1.1255 guidance=0.0000 beta=0.00 train_acc=72.71% test_acc=49.86% best=50.05% lr=5.0542808e-06 time=12.0s est_300=1h 02m 45s
[ALG:PVTv2-B0][300/300] loss=1.0997 ce=1.0997 guidance=0.0000 beta=0.00 train_acc=73.15% test_acc=49.86% best=50.05% lr=5.0135706e-06 time=12.6s est_300=1h 02m 45s
[TIMING_RESULT] student=PVTv2-B0 method=ALG batch=128 avg_epoch=12.55s estimated_300=1h 02m 45s
[FINAL_RESULT] summary=/app/output/table1_cub200_pvtv2_b0_all_full_seed1/students/table1_cub200_pvtv2_b0_alg_b128_full_300ep_seed1/summary.json
[DONE] Table-1 CUB student task completed successfully.
[STUDENT_IDENTITY_CHECK_TABLE1_CUB200] status=PASS student=PVTv2-B0 method=ALG batch=128 teacher=06f75192b1c108c89e480843cb4f72dfb28aa762d7b11e7ac327333dd54b51f5
[TASK_DONE] 3/5 PVTv2-B0/ALG elapsed=1h 03m 03s
------------------------------------------------------------------------------------------------
[TASK_START] 4/5 PVTv2-B0/OursB64
[COMMAND][OursB64] /usr/bin/python /app/scratch/input/kau-aimslab_554/methods/table1_cub200/train.py --full-run --student pvtv2_b0 --method ours --batch-size 64 --data-dir /app/output/table1_cub200_pvtv2_b0_all_full_seed1/data/cub200 --teacher-root /app/scratch/input/kau-aimslab_554/teachers/checkpoints/cub200_table1_resnet56_32 --output-dir /app/output/table1_cub200_pvtv2_b0_all_full_seed1/students --run-name table1_cub200_pvtv2_b0_ours_b64_full_300ep_seed1 --num-workers 4
[BOOT] Python process started: /usr/bin/python
[BOOT] complete Table-1 runtime dependencies already available
/usr/local/lib/python3.10/dist-packages/timm/models/layers/__init__.py:49: FutureWarning: Importing from timm.models.layers is deprecated, please import via timm.layers
  warnings.warn(f"Importing from {__name__} is deprecated, please import via timm.layers", FutureWarning)
========================================================================================
CUB-200 TABLE-1 EXTENSION
========================================================================================
[TASK] student=PVTv2-B0 method=OURS batch=64 mode=full_300ep
[MODE] actual_epochs=300 planned_epochs=300
[PROTOCOL_LOCK] dataset=CUB-200-2011 split=5994/5794 teacher=ResNet56-scratch-32 student=scratch-224 epochs=300 AdamW=5e-4->5e-6 wd=0.05 warmup=20 seed=1 fp32=True
[FIXED_TEACHER_TABLE1_CUB200] h200_build=543 root=/app/scratch/input/kau-aimslab_554/teachers/checkpoints/cub200_table1_resnet56_32 sha256=06f75192b1c108c89e480843cb4f72dfb28aa762d7b11e7ac327333dd54b51f5
[SOURCE] official_lg_repo=https://github.com/lkhl/tiny-transformers commit=d2165f74049c906b0afc9f957491960fb3c0cc8b
[MODEL] params=3,461,160 feature_dims=(32, 32, 64, 64, 160, 160, 256, 256) selected_lg=(0, 3, 7)
[FEATURE_CHECK] student=((2, 32, 56, 56), (2, 32, 56, 56), (2, 64, 28, 28), (2, 64, 28, 28), (2, 160, 14, 14), (2, 160, 14, 14), (2, 256, 7, 7), (2, 256, 7, 7)) teacher=((2, 16, 32, 32), (2, 32, 16, 16), (2, 64, 8, 8)) guidance_probe=11.696442
[OURS_ADAPTER] all_blocks=True common_channels=192 common_grid=14 adapter_params=198,144 ours_params=55,889
[OPTIMIZER] contract=ours_single_group_all_parameters_decay_0.05
[OURS:PVTv2-B0][001/300] loss=97.0218 ce=5.3152 guidance=36.6826 beta=2.50 train_acc=0.50% test_acc=0.22% best=0.22% lr=5e-07 time=17.6s est_300=1h 27m 46s
[OURS:PVTv2-B0][002/300] loss=90.4904 ce=5.3253 guidance=34.0660 beta=2.50 train_acc=0.62% test_acc=0.55% best=0.55% lr=2.5475e-05 time=15.8s est_300=1h 23m 30s
[OURS:PVTv2-B0][003/300] loss=74.4223 ce=5.3244 guidance=27.6392 beta=2.50 train_acc=0.32% test_acc=0.90% best=0.90% lr=5.045e-05 time=14.0s est_300=1h 19m 00s
[OURS:PVTv2-B0][004/300] loss=67.1392 ce=5.3163 guidance=24.7292 beta=2.50 train_acc=0.29% test_acc=0.52% best=0.90% lr=7.5425e-05 time=15.7s est_300=1h 18m 52s
[OURS:PVTv2-B0][005/300] loss=61.1049 ce=5.3192 guidance=22.3143 beta=2.50 train_acc=0.42% test_acc=0.59% best=0.90% lr=0.0001004 time=15.7s est_300=1h 18m 49s
[OURS:PVTv2-B0][006/300] loss=56.9269 ce=5.3165 guidance=20.6441 beta=2.50 train_acc=0.29% test_acc=0.45% best=0.90% lr=0.000125375 time=15.5s est_300=1h 18m 37s
[OURS:PVTv2-B0][007/300] loss=54.4821 ce=5.3145 guidance=19.6670 beta=2.50 train_acc=0.35% test_acc=1.24% best=1.24% lr=0.00015035 time=14.5s est_300=1h 17m 46s
[OURS:PVTv2-B0][008/300] loss=51.7862 ce=5.3032 guidance=18.5932 beta=2.50 train_acc=0.55% test_acc=1.10% best=1.24% lr=0.000175325 time=15.4s est_300=1h 17m 40s
[OURS:PVTv2-B0][009/300] loss=49.8511 ce=5.2691 guidance=17.8328 beta=2.50 train_acc=0.71% test_acc=1.59% best=1.59% lr=0.0002003 time=16.5s est_300=1h 18m 11s
[OURS:PVTv2-B0][010/300] loss=47.9427 ce=5.1732 guidance=17.1078 beta=2.50 train_acc=1.31% test_acc=1.93% best=1.93% lr=0.000225275 time=16.3s est_300=1h 18m 32s
[OURS:PVTv2-B0][011/300] loss=45.5485 ce=5.0701 guidance=16.1913 beta=2.50 train_acc=1.50% test_acc=2.33% best=2.33% lr=0.00025025 time=15.9s est_300=1h 18m 39s
[OURS:PVTv2-B0][012/300] loss=44.0644 ce=4.9727 guidance=15.6367 beta=2.50 train_acc=1.85% test_acc=3.26% best=3.26% lr=0.000275225 time=16.1s est_300=1h 18m 47s
[OURS:PVTv2-B0][013/300] loss=41.9416 ce=4.8475 guidance=14.8376 beta=2.50 train_acc=2.97% test_acc=4.28% best=4.28% lr=0.0003002 time=16.0s est_300=1h 18m 53s
[OURS:PVTv2-B0][014/300] loss=40.3767 ce=4.7408 guidance=14.2544 beta=2.50 train_acc=3.56% test_acc=5.20% best=5.20% lr=0.000325175 time=15.9s est_300=1h 18m 56s
[OURS:PVTv2-B0][015/300] loss=39.0728 ce=4.6307 guidance=13.7768 beta=2.50 train_acc=4.87% test_acc=6.96% best=6.96% lr=0.00035015 time=15.3s est_300=1h 18m 45s
[OURS:PVTv2-B0][016/300] loss=37.7040 ce=4.4945 guidance=13.2838 beta=2.50 train_acc=5.34% test_acc=7.51% best=7.51% lr=0.000375125 time=15.1s est_300=1h 18m 32s
[OURS:PVTv2-B0][017/300] loss=36.3363 ce=4.4290 guidance=12.7629 beta=2.50 train_acc=6.84% test_acc=8.56% best=8.56% lr=0.0004001 time=15.1s est_300=1h 18m 21s
[OURS:PVTv2-B0][018/300] loss=35.3545 ce=4.3191 guidance=12.4142 beta=2.50 train_acc=7.56% test_acc=9.91% best=9.91% lr=0.000425075 time=15.5s est_300=1h 18m 19s
[OURS:PVTv2-B0][019/300] loss=34.4447 ce=4.2468 guidance=12.0792 beta=2.50 train_acc=8.53% test_acc=11.20% best=11.20% lr=0.00045005 time=15.3s est_300=1h 18m 14s
[OURS:PVTv2-B0][020/300] loss=33.5807 ce=4.1536 guidance=11.7709 beta=2.50 train_acc=9.85% test_acc=13.20% best=13.20% lr=0.000475025 time=14.8s est_300=1h 18m 02s
[OURS:PVTv2-B0][021/300] loss=32.7489 ce=4.0474 guidance=11.4806 beta=2.50 train_acc=10.77% test_acc=15.12% best=15.12% lr=0.00049459153 time=15.0s est_300=1h 17m 53s
[OURS:PVTv2-B0][022/300] loss=31.8864 ce=3.9556 guidance=11.1723 beta=2.50 train_acc=13.44% test_acc=16.07% best=16.07% lr=0.0004940394 time=14.8s est_300=1h 17m 43s
[OURS:PVTv2-B0][023/300] loss=31.4737 ce=3.8877 guidance=11.0344 beta=2.50 train_acc=14.16% test_acc=19.30% best=19.30% lr=0.00049346078 time=15.2s est_300=1h 17m 38s
[OURS:PVTv2-B0][024/300] loss=30.7521 ce=3.8026 guidance=10.7798 beta=2.50 train_acc=15.51% test_acc=20.95% best=20.95% lr=0.00049285573 time=15.5s est_300=1h 17m 38s
[OURS:PVTv2-B0][025/300] loss=30.1530 ce=3.7452 guidance=10.5631 beta=2.50 train_acc=16.21% test_acc=21.32% best=21.32% lr=0.00049222433 time=16.2s est_300=1h 17m 46s
[OURS:PVTv2-B0][026/300] loss=29.7857 ce=3.6730 guidance=10.4451 beta=2.50 train_acc=17.44% test_acc=22.87% best=22.87% lr=0.00049156664 time=16.1s est_300=1h 17m 52s
[OURS:PVTv2-B0][027/300] loss=29.2961 ce=3.6287 guidance=10.2670 beta=2.50 train_acc=18.68% test_acc=23.20% best=23.20% lr=0.00049088274 time=16.3s est_300=1h 18m 00s
[OURS:PVTv2-B0][028/300] loss=28.8237 ce=3.5706 guidance=10.1012 beta=2.50 train_acc=19.89% test_acc=24.37% best=24.37% lr=0.00049017269 time=15.5s est_300=1h 17m 59s
[OURS:PVTv2-B0][029/300] loss=28.4621 ce=3.5457 guidance=9.9666 beta=2.50 train_acc=21.24% test_acc=26.34% best=26.34% lr=0.00048943658 time=16.2s est_300=1h 18m 06s
[OURS:PVTv2-B0][030/300] loss=28.1177 ce=3.4648 guidance=9.8611 beta=2.50 train_acc=21.37% test_acc=26.48% best=26.48% lr=0.00048867448 time=15.4s est_300=1h 18m 03s
[OURS:PVTv2-B0][031/300] loss=27.8484 ce=3.4118 guidance=9.7746 beta=2.50 train_acc=23.10% test_acc=27.74% best=27.74% lr=0.00048788649 time=15.2s est_300=1h 17m 59s
[OURS:PVTv2-B0][032/300] loss=27.5622 ce=3.3237 guidance=9.6954 beta=2.50 train_acc=24.41% test_acc=28.10% best=28.10% lr=0.00048707268 time=15.0s est_300=1h 17m 54s
[OURS:PVTv2-B0][033/300] loss=27.2662 ce=3.3317 guidance=9.5738 beta=2.50 train_acc=23.87% test_acc=28.58% best=28.58% lr=0.00048623315 time=15.6s est_300=1h 17m 54s
[OURS:PVTv2-B0][034/300] loss=27.1812 ce=3.2778 guidance=9.5614 beta=2.50 train_acc=24.92% test_acc=30.45% best=30.45% lr=0.00048536799 time=15.7s est_300=1h 17m 55s
[OURS:PVTv2-B0][035/300] loss=26.9041 ce=3.2211 guidance=9.4732 beta=2.50 train_acc=26.31% test_acc=31.74% best=31.74% lr=0.00048447729 time=15.9s est_300=1h 17m 58s
[OURS:PVTv2-B0][036/300] loss=26.6608 ce=3.2048 guidance=9.3824 beta=2.50 train_acc=26.39% test_acc=31.33% best=31.74% lr=0.00048356116 time=14.8s est_300=1h 17m 51s
[OURS:PVTv2-B0][037/300] loss=26.5989 ce=3.1729 guidance=9.3704 beta=2.50 train_acc=27.49% test_acc=32.78% best=32.78% lr=0.00048261968 time=14.9s est_300=1h 17m 45s
[OURS:PVTv2-B0][038/300] loss=26.1422 ce=3.0954 guidance=9.2187 beta=2.50 train_acc=28.86% test_acc=31.74% best=32.78% lr=0.00048165297 time=15.6s est_300=1h 17m 46s
[OURS:PVTv2-B0][039/300] loss=26.0275 ce=3.0629 guidance=9.1859 beta=2.50 train_acc=29.67% test_acc=32.86% best=32.86% lr=0.00048066113 time=15.2s est_300=1h 17m 43s
[OURS:PVTv2-B0][040/300] loss=25.7186 ce=3.0344 guidance=9.0737 beta=2.50 train_acc=29.65% test_acc=33.14% best=33.14% lr=0.00047964427 time=14.7s est_300=1h 17m 37s
[OURS:PVTv2-B0][041/300] loss=25.5314 ce=3.0263 guidance=9.0021 beta=2.50 train_acc=30.02% test_acc=33.19% best=33.19% lr=0.0004786025 time=15.7s est_300=1h 17m 38s
[OURS:PVTv2-B0][042/300] loss=25.4940 ce=2.9582 guidance=9.0143 beta=2.50 train_acc=31.47% test_acc=34.86% best=34.86% lr=0.00047753594 time=16.1s est_300=1h 17m 42s
[OURS:PVTv2-B0][043/300] loss=25.3960 ce=2.9813 guidance=8.9659 beta=2.50 train_acc=31.05% test_acc=34.95% best=34.95% lr=0.0004764447 time=16.0s est_300=1h 17m 45s
[OURS:PVTv2-B0][044/300] loss=25.2278 ce=2.9204 guidance=8.9230 beta=2.50 train_acc=32.44% test_acc=35.05% best=35.05% lr=0.0004753289 time=16.0s est_300=1h 17m 48s
[OURS:PVTv2-B0][045/300] loss=25.0612 ce=2.8833 guidance=8.8712 beta=2.50 train_acc=32.39% test_acc=35.90% best=35.90% lr=0.00047418866 time=16.2s est_300=1h 17m 52s
[OURS:PVTv2-B0][046/300] loss=25.0278 ce=2.8737 guidance=8.8616 beta=2.50 train_acc=33.40% test_acc=36.45% best=36.45% lr=0.00047302411 time=16.2s est_300=1h 17m 56s
[OURS:PVTv2-B0][047/300] loss=24.8460 ce=2.8698 guidance=8.7905 beta=2.50 train_acc=33.70% test_acc=36.33% best=36.45% lr=0.00047183539 time=15.9s est_300=1h 17m 59s
[OURS:PVTv2-B0][048/300] loss=24.7666 ce=2.8409 guidance=8.7703 beta=2.50 train_acc=34.24% test_acc=37.09% best=37.09% lr=0.0004706226 time=15.5s est_300=1h 17m 58s
[OURS:PVTv2-B0][049/300] loss=24.6252 ce=2.8284 guidance=8.7187 beta=2.50 train_acc=33.00% test_acc=35.99% best=37.09% lr=0.0004693859 time=15.5s est_300=1h 17m 57s
[OURS:PVTv2-B0][050/300] loss=24.4022 ce=2.7531 guidance=8.6596 beta=2.50 train_acc=35.35% test_acc=37.30% best=37.30% lr=0.00046812542 time=14.6s est_300=1h 17m 52s
[OURS:PVTv2-B0][051/300] loss=24.3793 ce=2.7447 guidance=8.6538 beta=2.50 train_acc=35.37% test_acc=37.64% best=37.64% lr=0.00046684129 time=15.2s est_300=1h 17m 49s
[OURS:PVTv2-B0][052/300] loss=24.3776 ce=2.7779 guidance=8.6399 beta=2.50 train_acc=35.13% test_acc=37.00% best=37.64% lr=0.00046553365 time=14.2s est_300=1h 17m 41s
[OURS:PVTv2-B0][053/300] loss=24.2209 ce=2.7266 guidance=8.5977 beta=2.50 train_acc=35.87% test_acc=38.16% best=38.16% lr=0.00046420265 time=14.9s est_300=1h 17m 38s
[OURS:PVTv2-B0][054/300] loss=24.2405 ce=2.6967 guidance=8.6175 beta=2.50 train_acc=36.61% test_acc=38.61% best=38.61% lr=0.00046284844 time=15.0s est_300=1h 17m 35s
[OURS:PVTv2-B0][055/300] loss=24.2156 ce=2.6621 guidance=8.6214 beta=2.50 train_acc=37.95% test_acc=39.28% best=39.28% lr=0.00046147116 time=14.6s est_300=1h 17m 30s
[OURS:PVTv2-B0][056/300] loss=23.9909 ce=2.6768 guidance=8.5257 beta=2.50 train_acc=37.28% test_acc=38.40% best=39.28% lr=0.00046007097 time=14.6s est_300=1h 17m 25s
[OURS:PVTv2-B0][057/300] loss=24.0385 ce=2.6334 guidance=8.5621 beta=2.50 train_acc=38.39% test_acc=39.02% best=39.28% lr=0.00045864801 time=16.0s est_300=1h 17m 28s
[OURS:PVTv2-B0][058/300] loss=23.8561 ce=2.6419 guidance=8.4857 beta=2.50 train_acc=38.17% test_acc=38.57% best=39.28% lr=0.00045720244 time=15.6s est_300=1h 17m 28s
[OURS:PVTv2-B0][059/300] loss=23.7843 ce=2.6127 guidance=8.4686 beta=2.50 train_acc=38.94% test_acc=39.09% best=39.28% lr=0.00045573443 time=15.3s est_300=1h 17m 27s
[OURS:PVTv2-B0][060/300] loss=23.6971 ce=2.5742 guidance=8.4491 beta=2.50 train_acc=38.96% test_acc=38.26% best=39.28% lr=0.00045424413 time=16.1s est_300=1h 17m 30s
[OURS:PVTv2-B0][061/300] loss=23.7211 ce=2.6113 guidance=8.4439 beta=2.50 train_acc=38.26% test_acc=40.42% best=40.42% lr=0.00045273171 time=15.2s est_300=1h 17m 28s
[OURS:PVTv2-B0][062/300] loss=23.4688 ce=2.5678 guidance=8.3604 beta=2.50 train_acc=39.72% test_acc=39.07% best=40.42% lr=0.00045119733 time=15.2s est_300=1h 17m 27s
[OURS:PVTv2-B0][063/300] loss=23.4967 ce=2.5323 guidance=8.3858 beta=2.50 train_acc=40.09% test_acc=41.39% best=41.39% lr=0.00044964115 time=15.7s est_300=1h 17m 28s
[OURS:PVTv2-B0][064/300] loss=23.4155 ce=2.5399 guidance=8.3502 beta=2.50 train_acc=40.26% test_acc=39.61% best=41.39% lr=0.00044806337 time=14.2s est_300=1h 17m 21s
[OURS:PVTv2-B0][065/300] loss=23.3391 ce=2.5411 guidance=8.3192 beta=2.50 train_acc=40.10% test_acc=40.58% best=41.39% lr=0.00044646413 time=14.7s est_300=1h 17m 18s
[OURS:PVTv2-B0][066/300] loss=23.4586 ce=2.4918 guidance=8.3867 beta=2.50 train_acc=41.62% test_acc=41.15% best=41.39% lr=0.00044484363 time=16.0s est_300=1h 17m 20s
[OURS:PVTv2-B0][067/300] loss=23.2630 ce=2.4950 guidance=8.3072 beta=2.50 train_acc=40.26% test_acc=40.71% best=41.39% lr=0.00044320203 time=16.0s est_300=1h 17m 23s
[OURS:PVTv2-B0][068/300] loss=23.1194 ce=2.5059 guidance=8.2454 beta=2.50 train_acc=41.08% test_acc=39.83% best=41.39% lr=0.00044153952 time=16.1s est_300=1h 17m 26s
[OURS:PVTv2-B0][069/300] loss=23.2647 ce=2.4846 guidance=8.3120 beta=2.50 train_acc=42.05% test_acc=40.68% best=41.39% lr=0.00043985628 time=16.3s est_300=1h 17m 29s
[OURS:PVTv2-B0][070/300] loss=23.1856 ce=2.4413 guidance=8.2977 beta=2.50 train_acc=42.31% test_acc=41.11% best=41.39% lr=0.00043815249 time=16.3s est_300=1h 17m 32s
[OURS:PVTv2-B0][071/300] loss=23.0326 ce=2.4306 guidance=8.2408 beta=2.50 train_acc=42.86% test_acc=40.63% best=41.39% lr=0.00043642834 time=16.2s est_300=1h 17m 35s
[OURS:PVTv2-B0][072/300] loss=23.0638 ce=2.4151 guidance=8.2595 beta=2.50 train_acc=42.88% test_acc=41.23% best=41.39% lr=0.00043468403 time=16.1s est_300=1h 17m 38s
[OURS:PVTv2-B0][073/300] loss=23.0091 ce=2.4003 guidance=8.2435 beta=2.50 train_acc=44.09% test_acc=41.39% best=41.39% lr=0.00043291974 time=15.4s est_300=1h 17m 37s
[OURS:PVTv2-B0][074/300] loss=22.9237 ce=2.3988 guidance=8.2099 beta=2.50 train_acc=42.52% test_acc=40.78% best=41.39% lr=0.00043113566 time=14.6s est_300=1h 17m 33s
[OURS:PVTv2-B0][075/300] loss=22.9230 ce=2.3670 guidance=8.2224 beta=2.50 train_acc=43.33% test_acc=41.44% best=41.44% lr=0.00042933199 time=13.7s est_300=1h 17m 26s
[OURS:PVTv2-B0][076/300] loss=23.0268 ce=2.3830 guidance=8.2575 beta=2.50 train_acc=43.11% test_acc=42.08% best=42.08% lr=0.00042750893 time=15.0s est_300=1h 17m 24s
[OURS:PVTv2-B0][077/300] loss=22.7482 ce=2.3821 guidance=8.1464 beta=2.50 train_acc=43.25% test_acc=42.51% best=42.51% lr=0.00042566668 time=15.4s est_300=1h 17m 24s
[OURS:PVTv2-B0][078/300] loss=22.7925 ce=2.3614 guidance=8.1725 beta=2.50 train_acc=43.93% test_acc=41.63% best=42.51% lr=0.00042380544 time=15.1s est_300=1h 17m 23s
[OURS:PVTv2-B0][079/300] loss=22.6852 ce=2.3282 guidance=8.1428 beta=2.50 train_acc=45.13% test_acc=40.87% best=42.51% lr=0.00042192541 time=15.4s est_300=1h 17m 23s
[OURS:PVTv2-B0][080/300] loss=22.5935 ce=2.3312 guidance=8.1049 beta=2.50 train_acc=44.54% test_acc=42.11% best=42.51% lr=0.0004200268 time=16.1s est_300=1h 17m 25s
[OURS:PVTv2-B0][081/300] loss=22.6661 ce=2.3721 guidance=8.1176 beta=2.50 train_acc=44.00% test_acc=42.10% best=42.51% lr=0.00041810983 time=15.7s est_300=1h 17m 26s
[OURS:PVTv2-B0][082/300] loss=22.6000 ce=2.3342 guidance=8.1063 beta=2.50 train_acc=44.37% test_acc=42.82% best=42.82% lr=0.00041617469 time=15.5s est_300=1h 17m 26s
[OURS:PVTv2-B0][083/300] loss=22.5844 ce=2.3300 guidance=8.1018 beta=2.50 train_acc=44.51% test_acc=41.56% best=42.82% lr=0.0004142216 time=14.8s est_300=1h 17m 23s
[OURS:PVTv2-B0][084/300] loss=22.5331 ce=2.2685 guidance=8.1058 beta=2.50 train_acc=46.34% test_acc=42.25% best=42.82% lr=0.00041225078 time=15.8s est_300=1h 17m 24s
[OURS:PVTv2-B0][085/300] loss=22.5160 ce=2.2837 guidance=8.0929 beta=2.50 train_acc=46.64% test_acc=42.15% best=42.82% lr=0.00041026244 time=15.3s est_300=1h 17m 24s
[OURS:PVTv2-B0][086/300] loss=22.5312 ce=2.2738 guidance=8.1030 beta=2.50 train_acc=45.35% test_acc=42.37% best=42.82% lr=0.0004082568 time=15.1s est_300=1h 17m 22s
[OURS:PVTv2-B0][087/300] loss=22.3413 ce=2.2639 guidance=8.0309 beta=2.50 train_acc=46.47% test_acc=42.51% best=42.82% lr=0.00040623408 time=15.1s est_300=1h 17m 21s
[OURS:PVTv2-B0][088/300] loss=22.5002 ce=2.2677 guidance=8.0930 beta=2.50 train_acc=45.80% test_acc=42.91% best=42.91% lr=0.0004041945 time=15.5s est_300=1h 17m 21s
[OURS:PVTv2-B0][089/300] loss=22.4831 ce=2.2502 guidance=8.0932 beta=2.50 train_acc=45.50% test_acc=42.30% best=42.91% lr=0.00040213828 time=15.5s est_300=1h 17m 21s
[OURS:PVTv2-B0][090/300] loss=22.2906 ce=2.1872 guidance=8.0414 beta=2.50 train_acc=47.98% test_acc=42.46% best=42.91% lr=0.00040006566 time=15.7s est_300=1h 17m 22s
[OURS:PVTv2-B0][091/300] loss=22.4140 ce=2.2338 guidance=8.0721 beta=2.50 train_acc=46.71% test_acc=42.92% best=42.92% lr=0.00039797685 time=15.6s est_300=1h 17m 22s
[OURS:PVTv2-B0][092/300] loss=22.3629 ce=2.2161 guidance=8.0587 beta=2.50 train_acc=47.70% test_acc=43.30% best=43.30% lr=0.00039587209 time=15.6s est_300=1h 17m 23s
[OURS:PVTv2-B0][093/300] loss=22.2041 ce=2.1765 guidance=8.0110 beta=2.50 train_acc=47.93% test_acc=42.58% best=43.30% lr=0.00039375161 time=14.1s est_300=1h 17m 18s
[OURS:PVTv2-B0][094/300] loss=22.1217 ce=2.1510 guidance=7.9883 beta=2.50 train_acc=48.62% test_acc=42.61% best=43.30% lr=0.00039161564 time=15.6s est_300=1h 17m 19s
[OURS:PVTv2-B0][095/300] loss=22.1893 ce=2.1649 guidance=8.0098 beta=2.50 train_acc=47.92% test_acc=43.79% best=43.79% lr=0.00038946441 time=15.6s est_300=1h 17m 19s
[OURS:PVTv2-B0][096/300] loss=22.2409 ce=2.1970 guidance=8.0175 beta=2.50 train_acc=47.85% test_acc=43.63% best=43.79% lr=0.00038729816 time=15.5s est_300=1h 17m 19s
[OURS:PVTv2-B0][097/300] loss=22.0482 ce=2.1185 guidance=7.9719 beta=2.50 train_acc=49.82% test_acc=43.25% best=43.79% lr=0.00038511713 time=15.5s est_300=1h 17m 19s
[OURS:PVTv2-B0][098/300] loss=22.0678 ce=2.1405 guidance=7.9709 beta=2.50 train_acc=47.92% test_acc=43.42% best=43.79% lr=0.00038292156 time=15.8s est_300=1h 17m 20s
[OURS:PVTv2-B0][099/300] loss=22.1215 ce=2.1461 guidance=7.9902 beta=2.50 train_acc=48.14% test_acc=42.98% best=43.79% lr=0.00038071168 time=15.4s est_300=1h 17m 20s
[OURS:PVTv2-B0][100/300] loss=22.0304 ce=2.1497 guidance=7.9523 beta=2.50 train_acc=48.74% test_acc=43.55% best=43.79% lr=0.00037848775 time=15.1s est_300=1h 17m 19s
[OURS:PVTv2-B0][101/300] loss=21.8606 ce=2.1361 guidance=7.8898 beta=2.50 train_acc=49.29% test_acc=42.63% best=43.79% lr=0.00037625 time=15.3s est_300=1h 17m 18s
[OURS:PVTv2-B0][102/300] loss=21.9535 ce=2.0930 guidance=7.9442 beta=2.50 train_acc=49.97% test_acc=44.05% best=44.05% lr=0.00037399868 time=15.8s est_300=1h 17m 20s
[OURS:PVTv2-B0][103/300] loss=21.9345 ce=2.0927 guidance=7.9367 beta=2.50 train_acc=50.24% test_acc=43.04% best=44.05% lr=0.00037173403 time=15.8s est_300=1h 17m 21s
[OURS:PVTv2-B0][104/300] loss=22.0473 ce=2.1051 guidance=7.9769 beta=2.50 train_acc=50.22% test_acc=43.84% best=44.05% lr=0.00036945631 time=15.5s est_300=1h 17m 21s
[OURS:PVTv2-B0][105/300] loss=21.8663 ce=2.0587 guidance=7.9230 beta=2.50 train_acc=50.32% test_acc=43.13% best=44.05% lr=0.00036716577 time=15.7s est_300=1h 17m 21s
[OURS:PVTv2-B0][106/300] loss=21.9447 ce=2.1068 guidance=7.9352 beta=2.50 train_acc=49.71% test_acc=42.77% best=44.05% lr=0.00036486265 time=15.6s est_300=1h 17m 22s
[OURS:PVTv2-B0][107/300] loss=21.9334 ce=2.0767 guidance=7.9427 beta=2.50 train_acc=51.09% test_acc=42.13% best=44.05% lr=0.00036254721 time=15.6s est_300=1h 17m 22s
[OURS:PVTv2-B0][108/300] loss=21.9018 ce=2.0859 guidance=7.9263 beta=2.50 train_acc=50.29% test_acc=43.25% best=44.05% lr=0.0003602197 time=15.4s est_300=1h 17m 22s
[OURS:PVTv2-B0][109/300] loss=21.8498 ce=2.0363 guidance=7.9254 beta=2.50 train_acc=50.84% test_acc=43.91% best=44.05% lr=0.00035788037 time=15.6s est_300=1h 17m 22s
[OURS:PVTv2-B0][110/300] loss=21.6114 ce=1.9839 guidance=7.8510 beta=2.50 train_acc=52.12% test_acc=43.61% best=44.05% lr=0.0003555295 time=15.6s est_300=1h 17m 23s
[OURS:PVTv2-B0][111/300] loss=21.7380 ce=1.9923 guidance=7.8983 beta=2.50 train_acc=52.07% test_acc=43.51% best=44.05% lr=0.00035316732 time=14.6s est_300=1h 17m 21s
[OURS:PVTv2-B0][112/300] loss=21.5735 ce=2.0062 guidance=7.8269 beta=2.50 train_acc=52.18% test_acc=44.37% best=44.37% lr=0.0003507941 time=15.0s est_300=1h 17m 19s
[OURS:PVTv2-B0][113/300] loss=21.6266 ce=2.0199 guidance=7.8427 beta=2.50 train_acc=51.86% test_acc=43.87% best=44.37% lr=0.00034841011 time=15.5s est_300=1h 17m 19s
[OURS:PVTv2-B0][114/300] loss=21.5471 ce=2.0165 guidance=7.8122 beta=2.50 train_acc=51.65% test_acc=44.77% best=44.77% lr=0.00034601559 time=14.4s est_300=1h 17m 17s
[OURS:PVTv2-B0][115/300] loss=21.6526 ce=1.9845 guidance=7.8672 beta=2.50 train_acc=52.72% test_acc=44.34% best=44.77% lr=0.00034361083 time=16.2s est_300=1h 17m 19s
[OURS:PVTv2-B0][116/300] loss=21.5950 ce=2.0156 guidance=7.8317 beta=2.50 train_acc=51.81% test_acc=44.24% best=44.77% lr=0.00034119607 time=15.9s est_300=1h 17m 20s
[OURS:PVTv2-B0][117/300] loss=21.5882 ce=1.9539 guidance=7.8537 beta=2.50 train_acc=53.07% test_acc=44.32% best=44.77% lr=0.00033877158 time=15.9s est_300=1h 17m 21s
[OURS:PVTv2-B0][118/300] loss=21.5313 ce=1.9634 guidance=7.8272 beta=2.50 train_acc=53.66% test_acc=44.53% best=44.77% lr=0.00033633764 time=15.7s est_300=1h 17m 21s
[OURS:PVTv2-B0][119/300] loss=21.5016 ce=1.9376 guidance=7.8256 beta=2.50 train_acc=53.63% test_acc=43.63% best=44.77% lr=0.0003338945 time=15.4s est_300=1h 17m 21s
[OURS:PVTv2-B0][120/300] loss=21.5375 ce=1.9477 guidance=7.8359 beta=2.50 train_acc=53.33% test_acc=44.30% best=44.77% lr=0.00033144243 time=15.6s est_300=1h 17m 21s
[OURS:PVTv2-B0][121/300] loss=21.4497 ce=1.9676 guidance=7.7929 beta=2.50 train_acc=52.55% test_acc=43.98% best=44.77% lr=0.00032898171 time=15.0s est_300=1h 17m 20s
[OURS:PVTv2-B0][122/300] loss=21.4647 ce=1.9591 guidance=7.8023 beta=2.50 train_acc=53.18% test_acc=43.96% best=44.77% lr=0.0003265126 time=15.6s est_300=1h 17m 21s
[OURS:PVTv2-B0][123/300] loss=21.4647 ce=1.9431 guidance=7.8086 beta=2.50 train_acc=53.43% test_acc=44.05% best=44.77% lr=0.00032403537 time=15.4s est_300=1h 17m 21s
[OURS:PVTv2-B0][124/300] loss=2.0298 ce=2.0298 guidance=0.0000 beta=0.00 train_acc=51.75% test_acc=44.43% best=44.77% lr=0.0003215503 time=13.5s est_300=1h 17m 16s
[OURS:PVTv2-B0][125/300] loss=1.9691 ce=1.9691 guidance=0.0000 beta=0.00 train_acc=52.50% test_acc=44.87% best=44.87% lr=0.00031905766 time=13.4s est_300=1h 17m 11s
[OURS:PVTv2-B0][126/300] loss=2.0059 ce=2.0059 guidance=0.0000 beta=0.00 train_acc=52.32% test_acc=45.94% best=45.94% lr=0.00031655771 time=13.3s est_300=1h 17m 06s
[OURS:PVTv2-B0][127/300] loss=1.9459 ce=1.9459 guidance=0.0000 beta=0.00 train_acc=53.78% test_acc=45.74% best=45.94% lr=0.00031405075 time=13.0s est_300=1h 17m 00s
[OURS:PVTv2-B0][128/300] loss=1.8673 ce=1.8673 guidance=0.0000 beta=0.00 train_acc=54.86% test_acc=45.93% best=45.94% lr=0.00031153703 time=13.1s est_300=1h 16m 55s
[OURS:PVTv2-B0][129/300] loss=1.8368 ce=1.8368 guidance=0.0000 beta=0.00 train_acc=56.00% test_acc=43.32% best=45.94% lr=0.00030901684 time=13.4s est_300=1h 16m 50s
[OURS:PVTv2-B0][130/300] loss=1.8724 ce=1.8724 guidance=0.0000 beta=0.00 train_acc=55.16% test_acc=46.53% best=46.53% lr=0.00030649045 time=13.9s est_300=1h 16m 47s
[OURS:PVTv2-B0][131/300] loss=1.8504 ce=1.8504 guidance=0.0000 beta=0.00 train_acc=55.59% test_acc=46.41% best=46.53% lr=0.00030395814 time=13.1s est_300=1h 16m 42s
[OURS:PVTv2-B0][132/300] loss=1.8329 ce=1.8329 guidance=0.0000 beta=0.00 train_acc=55.70% test_acc=45.55% best=46.53% lr=0.00030142019 time=13.1s est_300=1h 16m 36s
[OURS:PVTv2-B0][133/300] loss=1.8137 ce=1.8137 guidance=0.0000 beta=0.00 train_acc=55.17% test_acc=46.24% best=46.53% lr=0.00029887688 time=13.3s est_300=1h 16m 32s
[OURS:PVTv2-B0][134/300] loss=1.7706 ce=1.7706 guidance=0.0000 beta=0.00 train_acc=57.16% test_acc=47.91% best=47.91% lr=0.00029632847 time=12.4s est_300=1h 16m 25s
[OURS:PVTv2-B0][135/300] loss=1.7634 ce=1.7634 guidance=0.0000 beta=0.00 train_acc=57.51% test_acc=47.03% best=47.91% lr=0.00029377526 time=12.9s est_300=1h 16m 20s
[OURS:PVTv2-B0][136/300] loss=1.7658 ce=1.7658 guidance=0.0000 beta=0.00 train_acc=57.09% test_acc=46.60% best=47.91% lr=0.00029121753 time=12.9s est_300=1h 16m 15s
[OURS:PVTv2-B0][137/300] loss=1.7128 ce=1.7128 guidance=0.0000 beta=0.00 train_acc=58.89% test_acc=46.32% best=47.91% lr=0.00028865555 time=12.3s est_300=1h 16m 08s
[OURS:PVTv2-B0][138/300] loss=1.7303 ce=1.7303 guidance=0.0000 beta=0.00 train_acc=57.61% test_acc=47.20% best=47.91% lr=0.0002860896 time=13.2s est_300=1h 16m 04s
[OURS:PVTv2-B0][139/300] loss=1.6825 ce=1.6825 guidance=0.0000 beta=0.00 train_acc=59.16% test_acc=47.19% best=47.91% lr=0.00028351998 time=13.3s est_300=1h 16m 00s
[OURS:PVTv2-B0][140/300] loss=1.7438 ce=1.7438 guidance=0.0000 beta=0.00 train_acc=57.54% test_acc=46.41% best=47.91% lr=0.00028094694 time=12.5s est_300=1h 15m 54s
[OURS:PVTv2-B0][141/300] loss=1.7042 ce=1.7042 guidance=0.0000 beta=0.00 train_acc=58.55% test_acc=47.01% best=47.91% lr=0.00027837079 time=13.6s est_300=1h 15m 51s
[OURS:PVTv2-B0][142/300] loss=1.7117 ce=1.7117 guidance=0.0000 beta=0.00 train_acc=59.21% test_acc=48.46% best=48.46% lr=0.00027579181 time=13.4s est_300=1h 15m 47s
[OURS:PVTv2-B0][143/300] loss=1.6784 ce=1.6784 guidance=0.0000 beta=0.00 train_acc=59.85% test_acc=47.17% best=48.46% lr=0.00027321027 time=13.8s est_300=1h 15m 44s
[OURS:PVTv2-B0][144/300] loss=1.6284 ce=1.6284 guidance=0.0000 beta=0.00 train_acc=61.44% test_acc=46.05% best=48.46% lr=0.00027062645 time=13.0s est_300=1h 15m 40s
[OURS:PVTv2-B0][145/300] loss=1.6082 ce=1.6082 guidance=0.0000 beta=0.00 train_acc=61.24% test_acc=47.29% best=48.46% lr=0.00026804065 time=14.2s est_300=1h 15m 38s
[OURS:PVTv2-B0][146/300] loss=1.6248 ce=1.6248 guidance=0.0000 beta=0.00 train_acc=60.20% test_acc=46.48% best=48.46% lr=0.00026545315 time=14.0s est_300=1h 15m 36s
[OURS:PVTv2-B0][147/300] loss=1.6338 ce=1.6338 guidance=0.0000 beta=0.00 train_acc=60.72% test_acc=48.50% best=48.50% lr=0.00026286422 time=13.0s est_300=1h 15m 31s
[OURS:PVTv2-B0][148/300] loss=1.6007 ce=1.6007 guidance=0.0000 beta=0.00 train_acc=62.01% test_acc=47.74% best=48.50% lr=0.00026027416 time=13.2s est_300=1h 15m 27s
[OURS:PVTv2-B0][149/300] loss=1.6082 ce=1.6082 guidance=0.0000 beta=0.00 train_acc=61.96% test_acc=47.77% best=48.50% lr=0.00025768325 time=12.8s est_300=1h 15m 23s
[OURS:PVTv2-B0][150/300] loss=1.6403 ce=1.6403 guidance=0.0000 beta=0.00 train_acc=60.22% test_acc=47.48% best=48.50% lr=0.00025509177 time=13.6s est_300=1h 15m 20s
[OURS:PVTv2-B0][151/300] loss=1.5710 ce=1.5710 guidance=0.0000 beta=0.00 train_acc=61.63% test_acc=47.41% best=48.50% lr=0.0002525 time=13.5s est_300=1h 15m 17s
[OURS:PVTv2-B0][152/300] loss=1.5915 ce=1.5915 guidance=0.0000 beta=0.00 train_acc=61.69% test_acc=46.46% best=48.50% lr=0.00024990823 time=13.4s est_300=1h 15m 14s
[OURS:PVTv2-B0][153/300] loss=1.5380 ce=1.5380 guidance=0.0000 beta=0.00 train_acc=62.92% test_acc=48.15% best=48.50% lr=0.00024731675 time=13.5s est_300=1h 15m 11s
[OURS:PVTv2-B0][154/300] loss=1.5236 ce=1.5236 guidance=0.0000 beta=0.00 train_acc=62.72% test_acc=48.93% best=48.93% lr=0.00024472584 time=13.5s est_300=1h 15m 08s
[OURS:PVTv2-B0][155/300] loss=1.5381 ce=1.5381 guidance=0.0000 beta=0.00 train_acc=62.63% test_acc=47.60% best=48.93% lr=0.00024213578 time=13.2s est_300=1h 15m 04s
[OURS:PVTv2-B0][156/300] loss=1.5411 ce=1.5411 guidance=0.0000 beta=0.00 train_acc=62.90% test_acc=49.53% best=49.53% lr=0.00023954685 time=13.4s est_300=1h 15m 01s
[OURS:PVTv2-B0][157/300] loss=1.4869 ce=1.4869 guidance=0.0000 beta=0.00 train_acc=63.94% test_acc=48.07% best=49.53% lr=0.00023695935 time=13.4s est_300=1h 14m 58s
[OURS:PVTv2-B0][158/300] loss=1.5533 ce=1.5533 guidance=0.0000 beta=0.00 train_acc=62.00% test_acc=48.60% best=49.53% lr=0.00023437355 time=13.1s est_300=1h 14m 54s
[OURS:PVTv2-B0][159/300] loss=1.4912 ce=1.4912 guidance=0.0000 beta=0.00 train_acc=63.89% test_acc=47.60% best=49.53% lr=0.00023178973 time=13.2s est_300=1h 14m 51s
[OURS:PVTv2-B0][160/300] loss=1.4903 ce=1.4903 guidance=0.0000 beta=0.00 train_acc=63.68% test_acc=48.62% best=49.53% lr=0.00022920819 time=13.3s est_300=1h 14m 47s
[OURS:PVTv2-B0][161/300] loss=1.4648 ce=1.4648 guidance=0.0000 beta=0.00 train_acc=64.25% test_acc=48.41% best=49.53% lr=0.00022662921 time=13.1s est_300=1h 14m 44s
[OURS:PVTv2-B0][162/300] loss=1.5005 ce=1.5005 guidance=0.0000 beta=0.00 train_acc=64.00% test_acc=48.58% best=49.53% lr=0.00022405306 time=13.4s est_300=1h 14m 41s
[OURS:PVTv2-B0][163/300] loss=1.4852 ce=1.4852 guidance=0.0000 beta=0.00 train_acc=64.01% test_acc=48.07% best=49.53% lr=0.00022148002 time=13.2s est_300=1h 14m 38s
[OURS:PVTv2-B0][164/300] loss=1.4395 ce=1.4395 guidance=0.0000 beta=0.00 train_acc=65.44% test_acc=48.05% best=49.53% lr=0.0002189104 time=13.4s est_300=1h 14m 35s
[OURS:PVTv2-B0][165/300] loss=1.4721 ce=1.4721 guidance=0.0000 beta=0.00 train_acc=64.53% test_acc=47.69% best=49.53% lr=0.00021634445 time=13.4s est_300=1h 14m 32s
[OURS:PVTv2-B0][166/300] loss=1.4070 ce=1.4070 guidance=0.0000 beta=0.00 train_acc=66.20% test_acc=49.53% best=49.53% lr=0.00021378247 time=13.3s est_300=1h 14m 30s
[OURS:PVTv2-B0][167/300] loss=1.3968 ce=1.3968 guidance=0.0000 beta=0.00 train_acc=66.75% test_acc=49.88% best=49.88% lr=0.00021122474 time=12.3s est_300=1h 14m 25s
[OURS:PVTv2-B0][168/300] loss=1.4044 ce=1.4044 guidance=0.0000 beta=0.00 train_acc=66.23% test_acc=48.55% best=49.88% lr=0.00020867153 time=12.5s est_300=1h 14m 21s
[OURS:PVTv2-B0][169/300] loss=1.4237 ce=1.4237 guidance=0.0000 beta=0.00 train_acc=65.00% test_acc=49.05% best=49.88% lr=0.00020612312 time=11.9s est_300=1h 14m 15s
[OURS:PVTv2-B0][170/300] loss=1.4052 ce=1.4052 guidance=0.0000 beta=0.00 train_acc=65.57% test_acc=49.46% best=49.88% lr=0.00020357981 time=11.8s est_300=1h 14m 10s
[OURS:PVTv2-B0][171/300] loss=1.3846 ce=1.3846 guidance=0.0000 beta=0.00 train_acc=66.62% test_acc=49.03% best=49.88% lr=0.00020104186 time=12.5s est_300=1h 14m 06s
[OURS:PVTv2-B0][172/300] loss=1.4175 ce=1.4175 guidance=0.0000 beta=0.00 train_acc=65.66% test_acc=49.05% best=49.88% lr=0.00019850955 time=13.4s est_300=1h 14m 03s
[OURS:PVTv2-B0][173/300] loss=1.3864 ce=1.3864 guidance=0.0000 beta=0.00 train_acc=65.81% test_acc=49.41% best=49.88% lr=0.00019598316 time=14.4s est_300=1h 14m 03s
[OURS:PVTv2-B0][174/300] loss=1.3868 ce=1.3868 guidance=0.0000 beta=0.00 train_acc=66.45% test_acc=49.50% best=49.88% lr=0.00019346297 time=14.0s est_300=1h 14m 01s
[OURS:PVTv2-B0][175/300] loss=1.3330 ce=1.3330 guidance=0.0000 beta=0.00 train_acc=66.97% test_acc=49.59% best=49.88% lr=0.00019094925 time=13.8s est_300=1h 13m 59s
[OURS:PVTv2-B0][176/300] loss=1.3629 ce=1.3629 guidance=0.0000 beta=0.00 train_acc=67.02% test_acc=49.46% best=49.88% lr=0.00018844229 time=13.7s est_300=1h 13m 58s
[OURS:PVTv2-B0][177/300] loss=1.3376 ce=1.3376 guidance=0.0000 beta=0.00 train_acc=67.47% test_acc=50.81% best=50.81% lr=0.00018594234 time=13.1s est_300=1h 13m 55s
[OURS:PVTv2-B0][178/300] loss=1.3267 ce=1.3267 guidance=0.0000 beta=0.00 train_acc=67.73% test_acc=49.38% best=50.81% lr=0.0001834497 time=13.5s est_300=1h 13m 52s
[OURS:PVTv2-B0][179/300] loss=1.3478 ce=1.3478 guidance=0.0000 beta=0.00 train_acc=67.76% test_acc=49.28% best=50.81% lr=0.00018096463 time=11.9s est_300=1h 13m 48s
[OURS:PVTv2-B0][180/300] loss=1.3123 ce=1.3123 guidance=0.0000 beta=0.00 train_acc=68.31% test_acc=48.57% best=50.81% lr=0.0001784874 time=11.8s est_300=1h 13m 43s
[OURS:PVTv2-B0][181/300] loss=1.2877 ce=1.2877 guidance=0.0000 beta=0.00 train_acc=69.25% test_acc=50.35% best=50.81% lr=0.00017601829 time=11.8s est_300=1h 13m 38s
[OURS:PVTv2-B0][182/300] loss=1.3285 ce=1.3285 guidance=0.0000 beta=0.00 train_acc=68.45% test_acc=49.00% best=50.81% lr=0.00017355757 time=12.4s est_300=1h 13m 34s
[OURS:PVTv2-B0][183/300] loss=1.3187 ce=1.3187 guidance=0.0000 beta=0.00 train_acc=68.21% test_acc=48.81% best=50.81% lr=0.0001711055 time=12.2s est_300=1h 13m 30s
[OURS:PVTv2-B0][184/300] loss=1.2316 ce=1.2316 guidance=0.0000 beta=0.00 train_acc=70.45% test_acc=49.07% best=50.81% lr=0.00016866236 time=12.8s est_300=1h 13m 27s
[OURS:PVTv2-B0][185/300] loss=1.2710 ce=1.2710 guidance=0.0000 beta=0.00 train_acc=68.93% test_acc=49.38% best=50.81% lr=0.00016622842 time=11.4s est_300=1h 13m 21s
[OURS:PVTv2-B0][186/300] loss=1.2620 ce=1.2620 guidance=0.0000 beta=0.00 train_acc=69.42% test_acc=50.14% best=50.81% lr=0.00016380393 time=13.1s est_300=1h 13m 19s
[OURS:PVTv2-B0][187/300] loss=1.2339 ce=1.2339 guidance=0.0000 beta=0.00 train_acc=70.04% test_acc=49.19% best=50.81% lr=0.00016138917 time=12.7s est_300=1h 13m 16s
[OURS:PVTv2-B0][188/300] loss=1.2364 ce=1.2364 guidance=0.0000 beta=0.00 train_acc=70.45% test_acc=50.26% best=50.81% lr=0.00015898441 time=12.4s est_300=1h 13m 12s
[OURS:PVTv2-B0][189/300] loss=1.2617 ce=1.2617 guidance=0.0000 beta=0.00 train_acc=69.52% test_acc=50.97% best=50.97% lr=0.00015658989 time=13.0s est_300=1h 13m 10s
[OURS:PVTv2-B0][190/300] loss=1.2087 ce=1.2087 guidance=0.0000 beta=0.00 train_acc=70.61% test_acc=50.17% best=50.97% lr=0.0001542059 time=12.7s est_300=1h 13m 07s
[OURS:PVTv2-B0][191/300] loss=1.2292 ce=1.2292 guidance=0.0000 beta=0.00 train_acc=70.48% test_acc=50.52% best=50.97% lr=0.00015183268 time=12.4s est_300=1h 13m 03s
[OURS:PVTv2-B0][192/300] loss=1.2491 ce=1.2491 guidance=0.0000 beta=0.00 train_acc=69.96% test_acc=49.88% best=50.97% lr=0.0001494705 time=13.6s est_300=1h 13m 01s
[OURS:PVTv2-B0][193/300] loss=1.2131 ce=1.2131 guidance=0.0000 beta=0.00 train_acc=70.70% test_acc=50.12% best=50.97% lr=0.00014711963 time=12.6s est_300=1h 12m 58s
[OURS:PVTv2-B0][194/300] loss=1.1834 ce=1.1834 guidance=0.0000 beta=0.00 train_acc=71.98% test_acc=49.90% best=50.97% lr=0.0001447803 time=13.4s est_300=1h 12m 56s
[OURS:PVTv2-B0][195/300] loss=1.1898 ce=1.1898 guidance=0.0000 beta=0.00 train_acc=71.40% test_acc=50.64% best=50.97% lr=0.00014245279 time=13.0s est_300=1h 12m 54s
[OURS:PVTv2-B0][196/300] loss=1.1844 ce=1.1844 guidance=0.0000 beta=0.00 train_acc=71.84% test_acc=49.79% best=50.97% lr=0.00014013735 time=12.5s est_300=1h 12m 51s
[OURS:PVTv2-B0][197/300] loss=1.1674 ce=1.1674 guidance=0.0000 beta=0.00 train_acc=71.74% test_acc=49.78% best=50.97% lr=0.00013783423 time=12.4s est_300=1h 12m 47s
[OURS:PVTv2-B0][198/300] loss=1.1766 ce=1.1766 guidance=0.0000 beta=0.00 train_acc=71.62% test_acc=50.29% best=50.97% lr=0.00013554369 time=12.4s est_300=1h 12m 44s
[OURS:PVTv2-B0][199/300] loss=1.2336 ce=1.2336 guidance=0.0000 beta=0.00 train_acc=70.13% test_acc=50.38% best=50.97% lr=0.00013326597 time=12.7s est_300=1h 12m 41s
[OURS:PVTv2-B0][200/300] loss=1.1704 ce=1.1704 guidance=0.0000 beta=0.00 train_acc=72.26% test_acc=49.74% best=50.97% lr=0.00013100132 time=12.2s est_300=1h 12m 38s
[OURS:PVTv2-B0][201/300] loss=1.1319 ce=1.1319 guidance=0.0000 beta=0.00 train_acc=72.61% test_acc=50.28% best=50.97% lr=0.00012875 time=13.0s est_300=1h 12m 36s
[OURS:PVTv2-B0][202/300] loss=1.1421 ce=1.1421 guidance=0.0000 beta=0.00 train_acc=72.19% test_acc=50.95% best=50.97% lr=0.00012651225 time=12.7s est_300=1h 12m 33s
[OURS:PVTv2-B0][203/300] loss=1.1479 ce=1.1479 guidance=0.0000 beta=0.00 train_acc=72.28% test_acc=49.90% best=50.97% lr=0.00012428832 time=12.6s est_300=1h 12m 30s
[OURS:PVTv2-B0][204/300] loss=1.2062 ce=1.2062 guidance=0.0000 beta=0.00 train_acc=70.83% test_acc=50.62% best=50.97% lr=0.00012207844 time=12.5s est_300=1h 12m 27s
[OURS:PVTv2-B0][205/300] loss=1.1420 ce=1.1420 guidance=0.0000 beta=0.00 train_acc=72.77% test_acc=50.21% best=50.97% lr=0.00011988287 time=13.7s est_300=1h 12m 26s
[OURS:PVTv2-B0][206/300] loss=1.1853 ce=1.1853 guidance=0.0000 beta=0.00 train_acc=71.93% test_acc=50.57% best=50.97% lr=0.00011770184 time=13.1s est_300=1h 12m 24s
[OURS:PVTv2-B0][207/300] loss=1.1084 ce=1.1084 guidance=0.0000 beta=0.00 train_acc=73.27% test_acc=50.48% best=50.97% lr=0.00011553559 time=12.7s est_300=1h 12m 21s
[OURS:PVTv2-B0][208/300] loss=1.1229 ce=1.1229 guidance=0.0000 beta=0.00 train_acc=72.90% test_acc=50.31% best=50.97% lr=0.00011338436 time=12.7s est_300=1h 12m 19s
[OURS:PVTv2-B0][209/300] loss=1.0651 ce=1.0651 guidance=0.0000 beta=0.00 train_acc=74.31% test_acc=50.90% best=50.97% lr=0.00011124839 time=13.2s est_300=1h 12m 17s
[OURS:PVTv2-B0][210/300] loss=1.1085 ce=1.1085 guidance=0.0000 beta=0.00 train_acc=73.56% test_acc=50.54% best=50.97% lr=0.00010912791 time=13.2s est_300=1h 12m 15s
[OURS:PVTv2-B0][211/300] loss=1.0879 ce=1.0879 guidance=0.0000 beta=0.00 train_acc=73.35% test_acc=50.71% best=50.97% lr=0.00010702315 time=13.0s est_300=1h 12m 13s
[OURS:PVTv2-B0][212/300] loss=1.1099 ce=1.1099 guidance=0.0000 beta=0.00 train_acc=73.64% test_acc=51.57% best=51.57% lr=0.00010493434 time=13.1s est_300=1h 12m 11s
[OURS:PVTv2-B0][213/300] loss=1.0611 ce=1.0611 guidance=0.0000 beta=0.00 train_acc=73.89% test_acc=51.26% best=51.57% lr=0.00010286172 time=12.9s est_300=1h 12m 09s
[OURS:PVTv2-B0][214/300] loss=1.0851 ce=1.0851 guidance=0.0000 beta=0.00 train_acc=73.74% test_acc=49.97% best=51.57% lr=0.0001008055 time=12.5s est_300=1h 12m 06s
[OURS:PVTv2-B0][215/300] loss=1.0796 ce=1.0796 guidance=0.0000 beta=0.00 train_acc=73.98% test_acc=50.78% best=51.57% lr=9.8765924e-05 time=13.4s est_300=1h 12m 05s
[OURS:PVTv2-B0][216/300] loss=1.0941 ce=1.0941 guidance=0.0000 beta=0.00 train_acc=73.54% test_acc=50.97% best=51.57% lr=9.6743203e-05 time=13.1s est_300=1h 12m 03s
[OURS:PVTv2-B0][217/300] loss=1.0687 ce=1.0687 guidance=0.0000 beta=0.00 train_acc=74.04% test_acc=50.79% best=51.57% lr=9.4737563e-05 time=13.2s est_300=1h 12m 01s
[OURS:PVTv2-B0][218/300] loss=1.1232 ce=1.1232 guidance=0.0000 beta=0.00 train_acc=72.85% test_acc=50.38% best=51.57% lr=9.2749222e-05 time=12.9s est_300=1h 11m 59s
[OURS:PVTv2-B0][219/300] loss=1.0603 ce=1.0603 guidance=0.0000 beta=0.00 train_acc=74.65% test_acc=50.57% best=51.57% lr=9.0778401e-05 time=13.3s est_300=1h 11m 58s
[OURS:PVTv2-B0][220/300] loss=1.0275 ce=1.0275 guidance=0.0000 beta=0.00 train_acc=75.27% test_acc=51.83% best=51.83% lr=8.8825313e-05 time=13.2s est_300=1h 11m 56s
[OURS:PVTv2-B0][221/300] loss=1.0439 ce=1.0439 guidance=0.0000 beta=0.00 train_acc=74.80% test_acc=51.31% best=51.83% lr=8.6890175e-05 time=12.5s est_300=1h 11m 54s
[OURS:PVTv2-B0][222/300] loss=1.0865 ce=1.0865 guidance=0.0000 beta=0.00 train_acc=73.74% test_acc=51.74% best=51.83% lr=8.4973198e-05 time=13.9s est_300=1h 11m 53s
[OURS:PVTv2-B0][223/300] loss=1.0554 ce=1.0554 guidance=0.0000 beta=0.00 train_acc=75.17% test_acc=51.52% best=51.83% lr=8.3074591e-05 time=13.8s est_300=1h 11m 52s
[OURS:PVTv2-B0][224/300] loss=1.0578 ce=1.0578 guidance=0.0000 beta=0.00 train_acc=74.50% test_acc=50.93% best=51.83% lr=8.1194564e-05 time=13.2s est_300=1h 11m 51s
[OURS:PVTv2-B0][225/300] loss=1.0703 ce=1.0703 guidance=0.0000 beta=0.00 train_acc=74.16% test_acc=51.71% best=51.83% lr=7.9333323e-05 time=12.6s est_300=1h 11m 48s
[OURS:PVTv2-B0][226/300] loss=1.0349 ce=1.0349 guidance=0.0000 beta=0.00 train_acc=75.32% test_acc=50.64% best=51.83% lr=7.7491072e-05 time=13.4s est_300=1h 11m 47s
[OURS:PVTv2-B0][227/300] loss=1.0090 ce=1.0090 guidance=0.0000 beta=0.00 train_acc=75.86% test_acc=51.04% best=51.83% lr=7.5668012e-05 time=13.5s est_300=1h 11m 46s
[OURS:PVTv2-B0][228/300] loss=1.0506 ce=1.0506 guidance=0.0000 beta=0.00 train_acc=74.70% test_acc=51.66% best=51.83% lr=7.3864344e-05 time=12.9s est_300=1h 11m 44s
[OURS:PVTv2-B0][229/300] loss=1.0503 ce=1.0503 guidance=0.0000 beta=0.00 train_acc=74.95% test_acc=51.21% best=51.83% lr=7.2080265e-05 time=12.5s est_300=1h 11m 41s
[OURS:PVTv2-B0][230/300] loss=0.9685 ce=0.9685 guidance=0.0000 beta=0.00 train_acc=76.63% test_acc=50.74% best=51.83% lr=7.0315971e-05 time=12.1s est_300=1h 11m 38s
[OURS:PVTv2-B0][231/300] loss=1.0364 ce=1.0364 guidance=0.0000 beta=0.00 train_acc=75.08% test_acc=51.10% best=51.83% lr=6.8571656e-05 time=12.5s est_300=1h 11m 36s
[OURS:PVTv2-B0][232/300] loss=1.0009 ce=1.0009 guidance=0.0000 beta=0.00 train_acc=75.84% test_acc=52.52% best=52.52% lr=6.684751e-05 time=13.4s est_300=1h 11m 35s
[OURS:PVTv2-B0][233/300] loss=0.9784 ce=0.9784 guidance=0.0000 beta=0.00 train_acc=76.65% test_acc=52.07% best=52.52% lr=6.5143724e-05 time=13.4s est_300=1h 11m 34s
[OURS:PVTv2-B0][234/300] loss=1.0400 ce=1.0400 guidance=0.0000 beta=0.00 train_acc=74.75% test_acc=50.69% best=52.52% lr=6.3460483e-05 time=13.5s est_300=1h 11m 33s
[OURS:PVTv2-B0][235/300] loss=0.9872 ce=0.9872 guidance=0.0000 beta=0.00 train_acc=76.63% test_acc=51.97% best=52.52% lr=6.1797972e-05 time=13.2s est_300=1h 11m 31s
[OURS:PVTv2-B0][236/300] loss=0.9441 ce=0.9441 guidance=0.0000 beta=0.00 train_acc=77.03% test_acc=51.71% best=52.52% lr=6.0156375e-05 time=12.9s est_300=1h 11m 29s
[OURS:PVTv2-B0][237/300] loss=0.9882 ce=0.9882 guidance=0.0000 beta=0.00 train_acc=76.60% test_acc=50.95% best=52.52% lr=5.8535869e-05 time=13.6s est_300=1h 11m 29s
[OURS:PVTv2-B0][238/300] loss=0.9949 ce=0.9949 guidance=0.0000 beta=0.00 train_acc=76.08% test_acc=51.50% best=52.52% lr=5.6936634e-05 time=14.1s est_300=1h 11m 28s
[OURS:PVTv2-B0][239/300] loss=0.9553 ce=0.9553 guidance=0.0000 beta=0.00 train_acc=76.68% test_acc=51.55% best=52.52% lr=5.5358845e-05 time=13.8s est_300=1h 11m 28s
[OURS:PVTv2-B0][240/300] loss=0.9685 ce=0.9685 guidance=0.0000 beta=0.00 train_acc=77.12% test_acc=51.83% best=52.52% lr=5.3802675e-05 time=13.5s est_300=1h 11m 27s
[OURS:PVTv2-B0][241/300] loss=0.9857 ce=0.9857 guidance=0.0000 beta=0.00 train_acc=76.85% test_acc=51.42% best=52.52% lr=5.2268294e-05 time=12.8s est_300=1h 11m 25s
[OURS:PVTv2-B0][242/300] loss=0.9707 ce=0.9707 guidance=0.0000 beta=0.00 train_acc=76.43% test_acc=51.69% best=52.52% lr=5.0755871e-05 time=12.5s est_300=1h 11m 23s
[OURS:PVTv2-B0][243/300] loss=0.9779 ce=0.9779 guidance=0.0000 beta=0.00 train_acc=76.31% test_acc=51.74% best=52.52% lr=4.9265571e-05 time=12.6s est_300=1h 11m 21s
[OURS:PVTv2-B0][244/300] loss=0.9921 ce=0.9921 guidance=0.0000 beta=0.00 train_acc=76.24% test_acc=51.64% best=52.52% lr=4.7797558e-05 time=12.9s est_300=1h 11m 19s
[OURS:PVTv2-B0][245/300] loss=0.9656 ce=0.9656 guidance=0.0000 beta=0.00 train_acc=76.90% test_acc=52.40% best=52.52% lr=4.6351993e-05 time=12.5s est_300=1h 11m 17s
[OURS:PVTv2-B0][246/300] loss=0.9519 ce=0.9519 guidance=0.0000 beta=0.00 train_acc=76.90% test_acc=51.85% best=52.52% lr=4.4929034e-05 time=12.5s est_300=1h 11m 15s
[OURS:PVTv2-B0][247/300] loss=0.9897 ce=0.9897 guidance=0.0000 beta=0.00 train_acc=76.85% test_acc=51.64% best=52.52% lr=4.3528838e-05 time=12.5s est_300=1h 11m 12s
[OURS:PVTv2-B0][248/300] loss=0.9327 ce=0.9327 guidance=0.0000 beta=0.00 train_acc=77.57% test_acc=51.64% best=52.52% lr=4.2151558e-05 time=13.0s est_300=1h 11m 11s
[OURS:PVTv2-B0][249/300] loss=0.9431 ce=0.9431 guidance=0.0000 beta=0.00 train_acc=76.93% test_acc=51.83% best=52.52% lr=4.0797346e-05 time=13.9s est_300=1h 11m 11s
[OURS:PVTv2-B0][250/300] loss=0.9225 ce=0.9225 guidance=0.0000 beta=0.00 train_acc=78.02% test_acc=51.04% best=52.52% lr=3.9466348e-05 time=12.5s est_300=1h 11m 09s
[OURS:PVTv2-B0][251/300] loss=0.9315 ce=0.9315 guidance=0.0000 beta=0.00 train_acc=77.89% test_acc=51.59% best=52.52% lr=3.8158713e-05 time=12.1s est_300=1h 11m 06s
[OURS:PVTv2-B0][252/300] loss=0.9331 ce=0.9331 guidance=0.0000 beta=0.00 train_acc=77.76% test_acc=52.23% best=52.52% lr=3.6874582e-05 time=13.1s est_300=1h 11m 05s
[OURS:PVTv2-B0][253/300] loss=0.9343 ce=0.9343 guidance=0.0000 beta=0.00 train_acc=77.70% test_acc=51.90% best=52.52% lr=3.5614097e-05 time=12.9s est_300=1h 11m 03s
[OURS:PVTv2-B0][254/300] loss=0.9428 ce=0.9428 guidance=0.0000 beta=0.00 train_acc=76.92% test_acc=51.78% best=52.52% lr=3.4377396e-05 time=13.8s est_300=1h 11m 03s
[OURS:PVTv2-B0][255/300] loss=0.9292 ce=0.9292 guidance=0.0000 beta=0.00 train_acc=77.60% test_acc=51.85% best=52.52% lr=3.3164614e-05 time=13.4s est_300=1h 11m 02s
[OURS:PVTv2-B0][256/300] loss=0.9425 ce=0.9425 guidance=0.0000 beta=0.00 train_acc=77.42% test_acc=52.47% best=52.52% lr=3.1975885e-05 time=13.2s est_300=1h 11m 01s
[OURS:PVTv2-B0][257/300] loss=0.9357 ce=0.9357 guidance=0.0000 beta=0.00 train_acc=77.60% test_acc=52.30% best=52.52% lr=3.0811339e-05 time=14.0s est_300=1h 11m 00s
[OURS:PVTv2-B0][258/300] loss=0.9137 ce=0.9137 guidance=0.0000 beta=0.00 train_acc=78.26% test_acc=51.90% best=52.52% lr=2.9671104e-05 time=14.0s est_300=1h 11m 00s
[OURS:PVTv2-B0][259/300] loss=0.9270 ce=0.9270 guidance=0.0000 beta=0.00 train_acc=77.82% test_acc=52.31% best=52.52% lr=2.8555305e-05 time=13.9s est_300=1h 11m 00s
[OURS:PVTv2-B0][260/300] loss=0.8880 ce=0.8880 guidance=0.0000 beta=0.00 train_acc=78.93% test_acc=52.61% best=52.61% lr=2.7464063e-05 time=12.7s est_300=1h 10m 58s
[OURS:PVTv2-B0][261/300] loss=0.9413 ce=0.9413 guidance=0.0000 beta=0.00 train_acc=77.81% test_acc=51.95% best=52.61% lr=2.6397499e-05 time=13.3s est_300=1h 10m 57s
[OURS:PVTv2-B0][262/300] loss=0.9169 ce=0.9169 guidance=0.0000 beta=0.00 train_acc=77.08% test_acc=52.36% best=52.61% lr=2.535573e-05 time=13.2s est_300=1h 10m 56s
[OURS:PVTv2-B0][263/300] loss=0.9131 ce=0.9131 guidance=0.0000 beta=0.00 train_acc=77.72% test_acc=52.42% best=52.61% lr=2.433887e-05 time=13.8s est_300=1h 10m 56s
[OURS:PVTv2-B0][264/300] loss=0.9331 ce=0.9331 guidance=0.0000 beta=0.00 train_acc=77.60% test_acc=52.47% best=52.61% lr=2.334703e-05 time=13.8s est_300=1h 10m 55s
[OURS:PVTv2-B0][265/300] loss=0.9484 ce=0.9484 guidance=0.0000 beta=0.00 train_acc=77.03% test_acc=51.83% best=52.61% lr=2.238032e-05 time=13.2s est_300=1h 10m 54s
[OURS:PVTv2-B0][266/300] loss=0.9511 ce=0.9511 guidance=0.0000 beta=0.00 train_acc=77.69% test_acc=52.00% best=52.61% lr=2.1438844e-05 time=13.1s est_300=1h 10m 53s
[OURS:PVTv2-B0][267/300] loss=0.8858 ce=0.8858 guidance=0.0000 beta=0.00 train_acc=78.58% test_acc=52.16% best=52.61% lr=2.0522708e-05 time=13.1s est_300=1h 10m 52s
[OURS:PVTv2-B0][268/300] loss=0.9000 ce=0.9000 guidance=0.0000 beta=0.00 train_acc=78.76% test_acc=52.19% best=52.61% lr=1.963201e-05 time=13.5s est_300=1h 10m 51s
[OURS:PVTv2-B0][269/300] loss=0.9262 ce=0.9262 guidance=0.0000 beta=0.00 train_acc=77.91% test_acc=52.05% best=52.61% lr=1.8766848e-05 time=13.2s est_300=1h 10m 50s
[OURS:PVTv2-B0][270/300] loss=0.9302 ce=0.9302 guidance=0.0000 beta=0.00 train_acc=77.25% test_acc=51.98% best=52.61% lr=1.7927319e-05 time=13.2s est_300=1h 10m 49s
[OURS:PVTv2-B0][271/300] loss=0.8774 ce=0.8774 guidance=0.0000 beta=0.00 train_acc=78.97% test_acc=52.30% best=52.61% lr=1.7113512e-05 time=12.8s est_300=1h 10m 47s
[OURS:PVTv2-B0][272/300] loss=0.9085 ce=0.9085 guidance=0.0000 beta=0.00 train_acc=78.41% test_acc=51.98% best=52.61% lr=1.6325519e-05 time=12.9s est_300=1h 10m 46s
[OURS:PVTv2-B0][273/300] loss=0.9174 ce=0.9174 guidance=0.0000 beta=0.00 train_acc=77.86% test_acc=52.50% best=52.61% lr=1.5563424e-05 time=13.5s est_300=1h 10m 45s
[OURS:PVTv2-B0][274/300] loss=0.8922 ce=0.8922 guidance=0.0000 beta=0.00 train_acc=78.48% test_acc=52.73% best=52.73% lr=1.4827313e-05 time=13.1s est_300=1h 10m 44s
[OURS:PVTv2-B0][275/300] loss=0.8926 ce=0.8926 guidance=0.0000 beta=0.00 train_acc=78.51% test_acc=52.40% best=52.73% lr=1.4117265e-05 time=13.1s est_300=1h 10m 43s
[OURS:PVTv2-B0][276/300] loss=0.8683 ce=0.8683 guidance=0.0000 beta=0.00 train_acc=79.22% test_acc=52.54% best=52.73% lr=1.3433358e-05 time=13.4s est_300=1h 10m 42s
[OURS:PVTv2-B0][277/300] loss=0.9104 ce=0.9104 guidance=0.0000 beta=0.00 train_acc=77.81% test_acc=52.17% best=52.73% lr=1.2775668e-05 time=12.9s est_300=1h 10m 41s
[OURS:PVTv2-B0][278/300] loss=0.8974 ce=0.8974 guidance=0.0000 beta=0.00 train_acc=78.16% test_acc=52.09% best=52.73% lr=1.2144266e-05 time=12.7s est_300=1h 10m 39s
[OURS:PVTv2-B0][279/300] loss=0.8757 ce=0.8757 guidance=0.0000 beta=0.00 train_acc=78.85% test_acc=52.45% best=52.73% lr=1.1539222e-05 time=13.1s est_300=1h 10m 38s
[OURS:PVTv2-B0][280/300] loss=0.9137 ce=0.9137 guidance=0.0000 beta=0.00 train_acc=78.12% test_acc=52.33% best=52.73% lr=1.0960601e-05 time=13.9s est_300=1h 10m 38s
[OURS:PVTv2-B0][281/300] loss=0.8967 ce=0.8967 guidance=0.0000 beta=0.00 train_acc=78.43% test_acc=52.61% best=52.73% lr=1.0408469e-05 time=13.6s est_300=1h 10m 37s
[OURS:PVTv2-B0][282/300] loss=0.8845 ce=0.8845 guidance=0.0000 beta=0.00 train_acc=78.38% test_acc=52.12% best=52.73% lr=9.8828843e-06 time=14.0s est_300=1h 10m 37s
[OURS:PVTv2-B0][283/300] loss=0.8874 ce=0.8874 guidance=0.0000 beta=0.00 train_acc=78.04% test_acc=52.30% best=52.73% lr=9.3839054e-06 time=13.2s est_300=1h 10m 36s
[OURS:PVTv2-B0][284/300] loss=0.8591 ce=0.8591 guidance=0.0000 beta=0.00 train_acc=80.09% test_acc=52.35% best=52.73% lr=8.911587e-06 time=12.3s est_300=1h 10m 34s
[OURS:PVTv2-B0][285/300] loss=0.8923 ce=0.8923 guidance=0.0000 beta=0.00 train_acc=78.19% test_acc=52.19% best=52.73% lr=8.4659808e-06 time=12.5s est_300=1h 10m 33s
[OURS:PVTv2-B0][286/300] loss=0.8862 ce=0.8862 guidance=0.0000 beta=0.00 train_acc=78.95% test_acc=52.43% best=52.73% lr=8.0471357e-06 time=13.9s est_300=1h 10m 32s
[OURS:PVTv2-B0][287/300] loss=0.9048 ce=0.9048 guidance=0.0000 beta=0.00 train_acc=78.38% test_acc=52.26% best=52.73% lr=7.6550976e-06 time=13.2s est_300=1h 10m 31s
[OURS:PVTv2-B0][288/300] loss=0.8798 ce=0.8798 guidance=0.0000 beta=0.00 train_acc=78.29% test_acc=52.26% best=52.73% lr=7.2899095e-06 time=13.1s est_300=1h 10m 30s
[OURS:PVTv2-B0][289/300] loss=0.8684 ce=0.8684 guidance=0.0000 beta=0.00 train_acc=78.83% test_acc=51.95% best=52.73% lr=6.9516114e-06 time=13.4s est_300=1h 10m 30s
[OURS:PVTv2-B0][290/300] loss=0.8448 ce=0.8448 guidance=0.0000 beta=0.00 train_acc=80.02% test_acc=52.71% best=52.73% lr=6.6402405e-06 time=13.4s est_300=1h 10m 29s
[OURS:PVTv2-B0][291/300] loss=0.9054 ce=0.9054 guidance=0.0000 beta=0.00 train_acc=78.98% test_acc=52.49% best=52.73% lr=6.3558309e-06 time=13.5s est_300=1h 10m 28s
[OURS:PVTv2-B0][292/300] loss=0.8767 ce=0.8767 guidance=0.0000 beta=0.00 train_acc=78.21% test_acc=52.31% best=52.73% lr=6.0984138e-06 time=13.3s est_300=1h 10m 27s
[OURS:PVTv2-B0][293/300] loss=0.9007 ce=0.9007 guidance=0.0000 beta=0.00 train_acc=78.24% test_acc=52.47% best=52.73% lr=5.8680173e-06 time=13.1s est_300=1h 10m 26s
[OURS:PVTv2-B0][294/300] loss=0.8836 ce=0.8836 guidance=0.0000 beta=0.00 train_acc=78.75% test_acc=52.43% best=52.73% lr=5.6646669e-06 time=13.5s est_300=1h 10m 26s
[OURS:PVTv2-B0][295/300] loss=0.8463 ce=0.8463 guidance=0.0000 beta=0.00 train_acc=79.47% test_acc=52.38% best=52.73% lr=5.4883847e-06 time=13.0s est_300=1h 10m 25s
[OURS:PVTv2-B0][296/300] loss=0.8901 ce=0.8901 guidance=0.0000 beta=0.00 train_acc=78.29% test_acc=52.31% best=52.73% lr=5.3391901e-06 time=13.1s est_300=1h 10m 24s
[OURS:PVTv2-B0][297/300] loss=0.8780 ce=0.8780 guidance=0.0000 beta=0.00 train_acc=79.32% test_acc=52.49% best=52.73% lr=5.2170996e-06 time=13.6s est_300=1h 10m 23s
[OURS:PVTv2-B0][298/300] loss=0.8560 ce=0.8560 guidance=0.0000 beta=0.00 train_acc=79.81% test_acc=52.24% best=52.73% lr=5.1221263e-06 time=12.8s est_300=1h 10m 22s
[OURS:PVTv2-B0][299/300] loss=0.8927 ce=0.8927 guidance=0.0000 beta=0.00 train_acc=78.26% test_acc=52.38% best=52.73% lr=5.0542808e-06 time=12.3s est_300=1h 10m 20s
[OURS:PVTv2-B0][300/300] loss=0.8703 ce=0.8703 guidance=0.0000 beta=0.00 train_acc=78.66% test_acc=52.24% best=52.73% lr=5.0135706e-06 time=12.7s est_300=1h 10m 19s
[TIMING_RESULT] student=PVTv2-B0 method=OURS batch=64 avg_epoch=14.06s estimated_300=1h 10m 19s
[FINAL_RESULT] summary=/app/output/table1_cub200_pvtv2_b0_all_full_seed1/students/table1_cub200_pvtv2_b0_ours_b64_full_300ep_seed1/summary.json
[DONE] Table-1 CUB student task completed successfully.
[STUDENT_IDENTITY_CHECK_TABLE1_CUB200] status=PASS student=PVTv2-B0 method=OursB64 batch=64 teacher=06f75192b1c108c89e480843cb4f72dfb28aa762d7b11e7ac327333dd54b51f5
[TASK_DONE] 4/5 PVTv2-B0/OursB64 elapsed=1h 10m 39s
------------------------------------------------------------------------------------------------
[TASK_START] 5/5 PVTv2-B0/OursB128
[COMMAND][OursB128] /usr/bin/python /app/scratch/input/kau-aimslab_554/methods/table1_cub200/train.py --full-run --student pvtv2_b0 --method ours --batch-size 128 --data-dir /app/output/table1_cub200_pvtv2_b0_all_full_seed1/data/cub200 --teacher-root /app/scratch/input/kau-aimslab_554/teachers/checkpoints/cub200_table1_resnet56_32 --output-dir /app/output/table1_cub200_pvtv2_b0_all_full_seed1/students --run-name table1_cub200_pvtv2_b0_ours_b128_full_300ep_seed1 --num-workers 4
[BOOT] Python process started: /usr/bin/python
[BOOT] complete Table-1 runtime dependencies already available
/usr/local/lib/python3.10/dist-packages/timm/models/layers/__init__.py:49: FutureWarning: Importing from timm.models.layers is deprecated, please import via timm.layers
  warnings.warn(f"Importing from {__name__} is deprecated, please import via timm.layers", FutureWarning)
========================================================================================
CUB-200 TABLE-1 EXTENSION
========================================================================================
[TASK] student=PVTv2-B0 method=OURS batch=128 mode=full_300ep
[MODE] actual_epochs=300 planned_epochs=300
[PROTOCOL_LOCK] dataset=CUB-200-2011 split=5994/5794 teacher=ResNet56-scratch-32 student=scratch-224 epochs=300 AdamW=5e-4->5e-6 wd=0.05 warmup=20 seed=1 fp32=True
[FIXED_TEACHER_TABLE1_CUB200] h200_build=543 root=/app/scratch/input/kau-aimslab_554/teachers/checkpoints/cub200_table1_resnet56_32 sha256=06f75192b1c108c89e480843cb4f72dfb28aa762d7b11e7ac327333dd54b51f5
[SOURCE] official_lg_repo=https://github.com/lkhl/tiny-transformers commit=d2165f74049c906b0afc9f957491960fb3c0cc8b
[MODEL] params=3,461,160 feature_dims=(32, 32, 64, 64, 160, 160, 256, 256) selected_lg=(0, 3, 7)
[FEATURE_CHECK] student=((2, 32, 56, 56), (2, 32, 56, 56), (2, 64, 28, 28), (2, 64, 28, 28), (2, 160, 14, 14), (2, 160, 14, 14), (2, 256, 7, 7), (2, 256, 7, 7)) teacher=((2, 16, 32, 32), (2, 32, 16, 16), (2, 64, 8, 8)) guidance_probe=11.696442
[OURS_ADAPTER] all_blocks=True common_channels=192 common_grid=14 adapter_params=198,144 ours_params=55,889
[OPTIMIZER] contract=ours_single_group_all_parameters_decay_0.05
[OURS:PVTv2-B0][001/300] loss=96.5237 ce=5.3154 guidance=36.4833 beta=2.50 train_acc=0.46% test_acc=0.22% best=0.22% lr=5e-07 time=16.0s est_300=1h 20m 05s
[OURS:PVTv2-B0][002/300] loss=95.2605 ce=5.3125 guidance=35.9792 beta=2.50 train_acc=0.61% test_acc=0.62% best=0.62% lr=2.5475e-05 time=13.6s est_300=1h 14m 04s
[OURS:PVTv2-B0][003/300] loss=82.6239 ce=5.3316 guidance=30.9169 beta=2.50 train_acc=0.39% test_acc=0.54% best=0.62% lr=5.045e-05 time=14.4s est_300=1h 13m 21s
[OURS:PVTv2-B0][004/300] loss=73.4062 ce=5.3160 guidance=27.2361 beta=2.50 train_acc=0.32% test_acc=0.52% best=0.62% lr=7.5425e-05 time=13.9s est_300=1h 12m 21s
[OURS:PVTv2-B0][005/300] loss=67.9705 ce=5.3131 guidance=25.0629 beta=2.50 train_acc=0.37% test_acc=0.59% best=0.62% lr=0.0001004 time=13.5s est_300=1h 11m 24s
[OURS:PVTv2-B0][006/300] loss=63.7441 ce=5.3139 guidance=23.3721 beta=2.50 train_acc=0.29% test_acc=0.54% best=0.62% lr=0.000125375 time=13.8s est_300=1h 10m 59s
[OURS:PVTv2-B0][007/300] loss=59.7329 ce=5.3126 guidance=21.7681 beta=2.50 train_acc=0.27% test_acc=0.50% best=0.62% lr=0.00015035 time=13.9s est_300=1h 10m 48s
[OURS:PVTv2-B0][008/300] loss=57.0134 ce=5.3136 guidance=20.6799 beta=2.50 train_acc=0.41% test_acc=0.69% best=0.69% lr=0.000175325 time=14.4s est_300=1h 10m 55s
[OURS:PVTv2-B0][009/300] loss=55.6946 ce=5.3113 guidance=20.1533 beta=2.50 train_acc=0.27% test_acc=0.83% best=0.83% lr=0.0002003 time=14.1s est_300=1h 10m 51s
[OURS:PVTv2-B0][010/300] loss=53.4634 ce=5.3051 guidance=19.2633 beta=2.50 train_acc=0.58% test_acc=0.76% best=0.83% lr=0.000225275 time=13.2s est_300=1h 10m 23s
[OURS:PVTv2-B0][011/300] loss=51.5115 ce=5.2918 guidance=18.4879 beta=2.50 train_acc=0.66% test_acc=1.35% best=1.35% lr=0.00025025 time=13.5s est_300=1h 10m 07s
[OURS:PVTv2-B0][012/300] loss=50.1468 ce=5.2645 guidance=17.9529 beta=2.50 train_acc=0.95% test_acc=1.57% best=1.57% lr=0.000275225 time=14.1s est_300=1h 10m 11s
[OURS:PVTv2-B0][013/300] loss=48.2973 ce=5.1887 guidance=17.2434 beta=2.50 train_acc=1.17% test_acc=1.97% best=1.97% lr=0.0003002 time=13.5s est_300=1h 09m 58s
[OURS:PVTv2-B0][014/300] loss=47.0336 ce=5.0966 guidance=16.7748 beta=2.50 train_acc=1.53% test_acc=1.95% best=1.97% lr=0.000325175 time=12.6s est_300=1h 09m 28s
[OURS:PVTv2-B0][015/300] loss=45.4119 ce=5.0154 guidance=16.1586 beta=2.50 train_acc=1.80% test_acc=2.54% best=2.54% lr=0.00035015 time=13.0s est_300=1h 09m 09s
[OURS:PVTv2-B0][016/300] loss=43.7211 ce=4.9317 guidance=15.5158 beta=2.50 train_acc=2.04% test_acc=3.33% best=3.33% lr=0.000375125 time=14.1s est_300=1h 09m 15s
[OURS:PVTv2-B0][017/300] loss=42.6159 ce=4.8581 guidance=15.1031 beta=2.50 train_acc=2.53% test_acc=4.26% best=4.26% lr=0.0004001 time=13.5s est_300=1h 09m 09s
[OURS:PVTv2-B0][018/300] loss=40.9638 ce=4.7527 guidance=14.4844 beta=2.50 train_acc=3.57% test_acc=5.06% best=5.06% lr=0.000425075 time=13.7s est_300=1h 09m 07s
[OURS:PVTv2-B0][019/300] loss=40.0396 ce=4.6574 guidance=14.1529 beta=2.50 train_acc=4.25% test_acc=5.75% best=5.75% lr=0.00045005 time=13.3s est_300=1h 08m 59s
[OURS:PVTv2-B0][020/300] loss=38.8076 ce=4.5934 guidance=13.6857 beta=2.50 train_acc=5.16% test_acc=7.21% best=7.21% lr=0.000475025 time=13.6s est_300=1h 08m 56s
[OURS:PVTv2-B0][021/300] loss=37.9803 ce=4.4800 guidance=13.4001 beta=2.50 train_acc=6.45% test_acc=8.99% best=8.99% lr=0.00049459153 time=13.3s est_300=1h 08m 49s
[OURS:PVTv2-B0][022/300] loss=36.9420 ce=4.3651 guidance=13.0308 beta=2.50 train_acc=7.08% test_acc=9.51% best=9.51% lr=0.0004940394 time=12.4s est_300=1h 08m 30s
[OURS:PVTv2-B0][023/300] loss=36.2984 ce=4.3120 guidance=12.7945 beta=2.50 train_acc=7.86% test_acc=10.18% best=10.18% lr=0.00049346078 time=13.2s est_300=1h 08m 24s
[OURS:PVTv2-B0][024/300] loss=35.3922 ce=4.2204 guidance=12.4687 beta=2.50 train_acc=9.51% test_acc=11.01% best=11.01% lr=0.00049285573 time=13.8s est_300=1h 08m 26s
[OURS:PVTv2-B0][025/300] loss=34.4983 ce=4.1652 guidance=12.1332 beta=2.50 train_acc=9.90% test_acc=11.75% best=11.75% lr=0.00049222433 time=14.4s est_300=1h 08m 35s
[OURS:PVTv2-B0][026/300] loss=34.2314 ce=4.1009 guidance=12.0522 beta=2.50 train_acc=10.78% test_acc=13.96% best=13.96% lr=0.00049156664 time=13.7s est_300=1h 08m 34s
[OURS:PVTv2-B0][027/300] loss=33.5093 ce=4.0353 guidance=11.7896 beta=2.50 train_acc=12.13% test_acc=15.57% best=15.57% lr=0.00049088274 time=14.2s est_300=1h 08m 39s
[OURS:PVTv2-B0][028/300] loss=32.9730 ce=3.9667 guidance=11.6025 beta=2.50 train_acc=12.50% test_acc=16.40% best=16.40% lr=0.00049017269 time=12.4s est_300=1h 08m 25s
[OURS:PVTv2-B0][029/300] loss=32.5722 ce=3.9203 guidance=11.4608 beta=2.50 train_acc=14.13% test_acc=18.47% best=18.47% lr=0.00048943658 time=12.0s est_300=1h 08m 08s
[OURS:PVTv2-B0][030/300] loss=32.0293 ce=3.8507 guidance=11.2714 beta=2.50 train_acc=14.67% test_acc=18.73% best=18.73% lr=0.00048867448 time=11.9s est_300=1h 07m 50s
[OURS:PVTv2-B0][031/300] loss=31.4869 ce=3.7989 guidance=11.0752 beta=2.50 train_acc=15.56% test_acc=19.62% best=19.62% lr=0.00048788649 time=12.4s est_300=1h 07m 39s
[OURS:PVTv2-B0][032/300] loss=31.2147 ce=3.7511 guidance=10.9854 beta=2.50 train_acc=16.39% test_acc=19.05% best=19.62% lr=0.00048707268 time=13.1s est_300=1h 07m 34s
[OURS:PVTv2-B0][033/300] loss=30.8186 ce=3.6866 guidance=10.8528 beta=2.50 train_acc=17.29% test_acc=21.45% best=21.45% lr=0.00048623315 time=12.8s est_300=1h 07m 28s
[OURS:PVTv2-B0][034/300] loss=30.5050 ce=3.6494 guidance=10.7422 beta=2.50 train_acc=17.70% test_acc=21.69% best=21.69% lr=0.00048536799 time=13.0s est_300=1h 07m 24s
[OURS:PVTv2-B0][035/300] loss=30.2509 ce=3.6168 guidance=10.6536 beta=2.50 train_acc=19.58% test_acc=23.51% best=23.51% lr=0.00048447729 time=12.3s est_300=1h 07m 14s
[OURS:PVTv2-B0][036/300] loss=29.7307 ce=3.5517 guidance=10.4716 beta=2.50 train_acc=19.97% test_acc=23.71% best=23.71% lr=0.00048356116 time=13.8s est_300=1h 07m 17s
[OURS:PVTv2-B0][037/300] loss=29.5751 ce=3.5127 guidance=10.4250 beta=2.50 train_acc=20.81% test_acc=23.49% best=23.71% lr=0.00048261968 time=12.5s est_300=1h 07m 09s
[OURS:PVTv2-B0][038/300] loss=29.4002 ce=3.4917 guidance=10.3634 beta=2.50 train_acc=21.71% test_acc=25.28% best=25.28% lr=0.00048165297 time=13.4s est_300=1h 07m 09s
[OURS:PVTv2-B0][039/300] loss=28.9852 ce=3.4418 guidance=10.2174 beta=2.50 train_acc=21.72% test_acc=25.27% best=25.28% lr=0.00048066113 time=12.5s est_300=1h 07m 02s
[OURS:PVTv2-B0][040/300] loss=28.8245 ce=3.4202 guidance=10.1617 beta=2.50 train_acc=22.25% test_acc=25.84% best=25.84% lr=0.00047964427 time=12.2s est_300=1h 06m 53s
[OURS:PVTv2-B0][041/300] loss=28.6058 ce=3.3836 guidance=10.0889 beta=2.50 train_acc=22.83% test_acc=25.99% best=25.99% lr=0.0004786025 time=13.6s est_300=1h 06m 55s
[OURS:PVTv2-B0][042/300] loss=28.3349 ce=3.3615 guidance=9.9893 beta=2.50 train_acc=23.73% test_acc=28.51% best=28.51% lr=0.00047753594 time=13.5s est_300=1h 06m 55s
[OURS:PVTv2-B0][043/300] loss=28.1421 ce=3.3071 guidance=9.9340 beta=2.50 train_acc=24.44% test_acc=27.67% best=28.51% lr=0.0004764447 time=13.3s est_300=1h 06m 55s
[OURS:PVTv2-B0][044/300] loss=27.8203 ce=3.3178 guidance=9.8010 beta=2.50 train_acc=24.39% test_acc=28.91% best=28.91% lr=0.0004753289 time=13.9s est_300=1h 06m 59s
[OURS:PVTv2-B0][045/300] loss=27.7103 ce=3.2368 guidance=9.7894 beta=2.50 train_acc=25.99% test_acc=29.46% best=29.46% lr=0.00047418866 time=13.5s est_300=1h 06m 59s
[OURS:PVTv2-B0][046/300] loss=27.4844 ce=3.2592 guidance=9.6901 beta=2.50 train_acc=25.10% test_acc=28.91% best=29.46% lr=0.00047302411 time=13.4s est_300=1h 06m 59s
[OURS:PVTv2-B0][047/300] loss=27.4304 ce=3.1925 guidance=9.6952 beta=2.50 train_acc=26.65% test_acc=30.07% best=30.07% lr=0.00047183539 time=13.6s est_300=1h 07m 00s
[OURS:PVTv2-B0][048/300] loss=27.1355 ce=3.2108 guidance=9.5699 beta=2.50 train_acc=26.38% test_acc=30.62% best=30.62% lr=0.0004706226 time=14.1s est_300=1h 07m 05s
[OURS:PVTv2-B0][049/300] loss=26.9422 ce=3.1002 guidance=9.5368 beta=2.50 train_acc=28.87% test_acc=31.12% best=31.12% lr=0.0004693859 time=13.5s est_300=1h 07m 05s
[OURS:PVTv2-B0][050/300] loss=26.9771 ce=3.1156 guidance=9.5446 beta=2.50 train_acc=28.43% test_acc=32.46% best=32.46% lr=0.00046812542 time=12.9s est_300=1h 07m 02s
[OURS:PVTv2-B0][051/300] loss=26.5460 ce=3.0713 guidance=9.3899 beta=2.50 train_acc=29.52% test_acc=32.50% best=32.50% lr=0.00046684129 time=13.4s est_300=1h 07m 02s
[OURS:PVTv2-B0][052/300] loss=26.5589 ce=3.0436 guidance=9.4061 beta=2.50 train_acc=30.23% test_acc=33.47% best=33.47% lr=0.00046553365 time=11.6s est_300=1h 06m 52s
[OURS:PVTv2-B0][053/300] loss=26.4314 ce=3.0220 guidance=9.3637 beta=2.50 train_acc=30.74% test_acc=33.88% best=33.88% lr=0.00046420265 time=13.1s est_300=1h 06m 51s
[OURS:PVTv2-B0][054/300] loss=26.2104 ce=2.9570 guidance=9.3014 beta=2.50 train_acc=31.30% test_acc=33.86% best=33.88% lr=0.00046284844 time=13.9s est_300=1h 06m 53s
[OURS:PVTv2-B0][055/300] loss=26.0888 ce=2.9789 guidance=9.2440 beta=2.50 train_acc=30.93% test_acc=34.45% best=34.45% lr=0.00046147116 time=13.3s est_300=1h 06m 53s
[OURS:PVTv2-B0][056/300] loss=26.0010 ce=2.9757 guidance=9.2101 beta=2.50 train_acc=31.45% test_acc=33.86% best=34.45% lr=0.00046007097 time=13.1s est_300=1h 06m 51s
[OURS:PVTv2-B0][057/300] loss=25.9116 ce=2.9464 guidance=9.1861 beta=2.50 train_acc=32.40% test_acc=33.97% best=34.45% lr=0.00045864801 time=13.7s est_300=1h 06m 52s
[OURS:PVTv2-B0][058/300] loss=25.9608 ce=2.9166 guidance=9.2177 beta=2.50 train_acc=32.24% test_acc=34.78% best=34.78% lr=0.00045720244 time=13.8s est_300=1h 06m 55s
[OURS:PVTv2-B0][059/300] loss=25.6172 ce=2.8410 guidance=9.1105 beta=2.50 train_acc=33.78% test_acc=36.87% best=36.87% lr=0.00045573443 time=12.9s est_300=1h 06m 52s
[OURS:PVTv2-B0][060/300] loss=25.5694 ce=2.8850 guidance=9.0738 beta=2.50 train_acc=33.25% test_acc=35.21% best=36.87% lr=0.00045424413 time=13.0s est_300=1h 06m 50s
[OURS:PVTv2-B0][061/300] loss=25.3931 ce=2.8401 guidance=9.0212 beta=2.50 train_acc=33.95% test_acc=37.04% best=37.04% lr=0.00045273171 time=12.5s est_300=1h 06m 46s
[OURS:PVTv2-B0][062/300] loss=25.3124 ce=2.8331 guidance=8.9917 beta=2.50 train_acc=34.58% test_acc=36.59% best=37.04% lr=0.00045119733 time=13.0s est_300=1h 06m 44s
[OURS:PVTv2-B0][063/300] loss=25.3361 ce=2.8200 guidance=9.0064 beta=2.50 train_acc=33.47% test_acc=36.83% best=37.04% lr=0.00044964115 time=12.9s est_300=1h 06m 42s
[OURS:PVTv2-B0][064/300] loss=25.3580 ce=2.8371 guidance=9.0084 beta=2.50 train_acc=34.53% test_acc=36.92% best=37.04% lr=0.00044806337 time=11.6s est_300=1h 06m 34s
[OURS:PVTv2-B0][065/300] loss=25.0395 ce=2.7936 guidance=8.8984 beta=2.50 train_acc=35.44% test_acc=36.83% best=37.04% lr=0.00044646413 time=12.3s est_300=1h 06m 30s
[OURS:PVTv2-B0][066/300] loss=25.0069 ce=2.7307 guidance=8.9105 beta=2.50 train_acc=36.04% test_acc=37.04% best=37.04% lr=0.00044484363 time=12.7s est_300=1h 06m 27s
[OURS:PVTv2-B0][067/300] loss=25.0536 ce=2.7018 guidance=8.9407 beta=2.50 train_acc=36.16% test_acc=37.97% best=37.97% lr=0.00044320203 time=12.2s est_300=1h 06m 22s
[OURS:PVTv2-B0][068/300] loss=24.8041 ce=2.7170 guidance=8.8349 beta=2.50 train_acc=37.09% test_acc=37.78% best=37.97% lr=0.00044153952 time=12.3s est_300=1h 06m 18s
[OURS:PVTv2-B0][069/300] loss=24.7266 ce=2.7458 guidance=8.7923 beta=2.50 train_acc=35.97% test_acc=38.45% best=38.45% lr=0.00043985628 time=12.3s est_300=1h 06m 14s
[OURS:PVTv2-B0][070/300] loss=24.6843 ce=2.6999 guidance=8.7938 beta=2.50 train_acc=36.53% test_acc=38.95% best=38.95% lr=0.00043815249 time=13.5s est_300=1h 06m 15s
[OURS:PVTv2-B0][071/300] loss=24.4814 ce=2.6830 guidance=8.7194 beta=2.50 train_acc=37.35% test_acc=39.23% best=39.23% lr=0.00043642834 time=13.3s est_300=1h 06m 15s
[OURS:PVTv2-B0][072/300] loss=24.4588 ce=2.6376 guidance=8.7285 beta=2.50 train_acc=39.06% test_acc=39.58% best=39.58% lr=0.00043468403 time=13.3s est_300=1h 06m 15s
[OURS:PVTv2-B0][073/300] loss=24.4324 ce=2.6369 guidance=8.7182 beta=2.50 train_acc=37.94% test_acc=38.83% best=39.58% lr=0.00043291974 time=13.2s est_300=1h 06m 15s
[OURS:PVTv2-B0][074/300] loss=24.3465 ce=2.6038 guidance=8.6971 beta=2.50 train_acc=39.23% test_acc=39.20% best=39.58% lr=0.00043113566 time=12.6s est_300=1h 06m 12s
[OURS:PVTv2-B0][075/300] loss=24.4642 ce=2.6103 guidance=8.7415 beta=2.50 train_acc=39.06% test_acc=37.69% best=39.58% lr=0.00042933199 time=13.0s est_300=1h 06m 11s
[OURS:PVTv2-B0][076/300] loss=24.3713 ce=2.5995 guidance=8.7087 beta=2.50 train_acc=38.62% test_acc=39.61% best=39.61% lr=0.00042750893 time=11.6s est_300=1h 06m 05s
[OURS:PVTv2-B0][077/300] loss=24.1790 ce=2.5933 guidance=8.6343 beta=2.50 train_acc=39.11% test_acc=39.42% best=39.61% lr=0.00042566668 time=12.0s est_300=1h 06m 00s
[OURS:PVTv2-B0][078/300] loss=24.0980 ce=2.6002 guidance=8.5991 beta=2.50 train_acc=38.55% test_acc=38.92% best=39.61% lr=0.00042380544 time=12.2s est_300=1h 05m 56s
[OURS:PVTv2-B0][079/300] loss=24.0166 ce=2.6197 guidance=8.5588 beta=2.50 train_acc=38.37% test_acc=38.95% best=39.61% lr=0.00042192541 time=12.3s est_300=1h 05m 53s
[OURS:PVTv2-B0][080/300] loss=24.1798 ce=2.5694 guidance=8.6442 beta=2.50 train_acc=39.89% test_acc=40.25% best=40.25% lr=0.0004200268 time=13.0s est_300=1h 05m 52s
[OURS:PVTv2-B0][081/300] loss=24.1178 ce=2.5541 guidance=8.6254 beta=2.50 train_acc=40.34% test_acc=40.32% best=40.32% lr=0.00041810983 time=12.3s est_300=1h 05m 49s
[OURS:PVTv2-B0][082/300] loss=24.0600 ce=2.5520 guidance=8.6032 beta=2.50 train_acc=40.54% test_acc=40.35% best=40.35% lr=0.00041617469 time=12.4s est_300=1h 05m 46s
[OURS:PVTv2-B0][083/300] loss=23.8109 ce=2.5260 guidance=8.5139 beta=2.50 train_acc=41.56% test_acc=40.06% best=40.35% lr=0.0004142216 time=12.3s est_300=1h 05m 43s
[OURS:PVTv2-B0][084/300] loss=23.7434 ce=2.5233 guidance=8.4881 beta=2.50 train_acc=40.66% test_acc=40.18% best=40.35% lr=0.00041225078 time=13.2s est_300=1h 05m 43s
[OURS:PVTv2-B0][085/300] loss=23.7565 ce=2.5483 guidance=8.4833 beta=2.50 train_acc=40.25% test_acc=39.97% best=40.35% lr=0.00041026244 time=11.7s est_300=1h 05m 38s
[OURS:PVTv2-B0][086/300] loss=23.7891 ce=2.4706 guidance=8.5274 beta=2.50 train_acc=41.37% test_acc=40.14% best=40.35% lr=0.0004082568 time=12.4s est_300=1h 05m 35s
[OURS:PVTv2-B0][087/300] loss=23.7136 ce=2.4780 guidance=8.4942 beta=2.50 train_acc=41.20% test_acc=40.01% best=40.35% lr=0.00040623408 time=12.7s est_300=1h 05m 34s
[OURS:PVTv2-B0][088/300] loss=23.6394 ce=2.4247 guidance=8.4859 beta=2.50 train_acc=42.39% test_acc=40.90% best=40.90% lr=0.0004041945 time=11.9s est_300=1h 05m 30s
[OURS:PVTv2-B0][089/300] loss=23.6121 ce=2.4499 guidance=8.4649 beta=2.50 train_acc=42.00% test_acc=40.85% best=40.90% lr=0.00040213828 time=12.5s est_300=1h 05m 28s
[OURS:PVTv2-B0][090/300] loss=23.5441 ce=2.4595 guidance=8.4338 beta=2.50 train_acc=41.64% test_acc=40.97% best=40.97% lr=0.00040006566 time=13.7s est_300=1h 05m 30s
[OURS:PVTv2-B0][091/300] loss=23.4486 ce=2.4253 guidance=8.4093 beta=2.50 train_acc=42.26% test_acc=40.52% best=40.97% lr=0.00039797685 time=12.9s est_300=1h 05m 29s
[OURS:PVTv2-B0][092/300] loss=23.4475 ce=2.4130 guidance=8.4138 beta=2.50 train_acc=42.56% test_acc=40.08% best=40.97% lr=0.00039587209 time=12.5s est_300=1h 05m 27s
[OURS:PVTv2-B0][093/300] loss=23.4483 ce=2.3761 guidance=8.4289 beta=2.50 train_acc=44.02% test_acc=41.20% best=41.20% lr=0.00039375161 time=12.8s est_300=1h 05m 26s
[OURS:PVTv2-B0][094/300] loss=23.3904 ce=2.3986 guidance=8.3967 beta=2.50 train_acc=42.87% test_acc=41.82% best=41.82% lr=0.00039161564 time=12.8s est_300=1h 05m 25s
[OURS:PVTv2-B0][095/300] loss=23.3034 ce=2.3711 guidance=8.3729 beta=2.50 train_acc=43.43% test_acc=41.66% best=41.82% lr=0.00038946441 time=12.6s est_300=1h 05m 24s
[OURS:PVTv2-B0][096/300] loss=23.2517 ce=2.3697 guidance=8.3528 beta=2.50 train_acc=43.73% test_acc=41.72% best=41.82% lr=0.00038729816 time=11.6s est_300=1h 05m 19s
[OURS:PVTv2-B0][097/300] loss=23.2792 ce=2.3232 guidance=8.3824 beta=2.50 train_acc=45.19% test_acc=40.59% best=41.82% lr=0.00038511713 time=13.8s est_300=1h 05m 21s
[OURS:PVTv2-B0][098/300] loss=23.3051 ce=2.3107 guidance=8.3978 beta=2.50 train_acc=45.24% test_acc=41.37% best=41.82% lr=0.00038292156 time=13.6s est_300=1h 05m 23s
[OURS:PVTv2-B0][099/300] loss=23.2346 ce=2.3393 guidance=8.3581 beta=2.50 train_acc=44.40% test_acc=41.94% best=41.94% lr=0.00038071168 time=12.8s est_300=1h 05m 22s
[OURS:PVTv2-B0][100/300] loss=23.2075 ce=2.3307 guidance=8.3507 beta=2.50 train_acc=44.70% test_acc=40.94% best=41.94% lr=0.00037848775 time=13.4s est_300=1h 05m 23s
[OURS:PVTv2-B0][101/300] loss=23.1357 ce=2.3392 guidance=8.3186 beta=2.50 train_acc=44.00% test_acc=42.16% best=42.16% lr=0.00037625 time=13.6s est_300=1h 05m 25s
[OURS:PVTv2-B0][102/300] loss=23.0108 ce=2.3429 guidance=8.2672 beta=2.50 train_acc=44.16% test_acc=42.13% best=42.16% lr=0.00037399868 time=13.5s est_300=1h 05m 26s
[OURS:PVTv2-B0][103/300] loss=22.9205 ce=2.3121 guidance=8.2434 beta=2.50 train_acc=45.55% test_acc=41.61% best=42.16% lr=0.00037173403 time=13.6s est_300=1h 05m 27s
[OURS:PVTv2-B0][104/300] loss=22.9671 ce=2.2793 guidance=8.2751 beta=2.50 train_acc=46.01% test_acc=41.46% best=42.16% lr=0.00036945631 time=12.3s est_300=1h 05m 25s
[OURS:PVTv2-B0][105/300] loss=23.0427 ce=2.2992 guidance=8.2974 beta=2.50 train_acc=46.09% test_acc=42.44% best=42.44% lr=0.00036716577 time=12.3s est_300=1h 05m 23s
[OURS:PVTv2-B0][106/300] loss=22.9908 ce=2.2934 guidance=8.2790 beta=2.50 train_acc=45.58% test_acc=42.58% best=42.58% lr=0.00036486265 time=13.3s est_300=1h 05m 23s
[OURS:PVTv2-B0][107/300] loss=22.8502 ce=2.2642 guidance=8.2344 beta=2.50 train_acc=45.77% test_acc=41.66% best=42.58% lr=0.00036254721 time=13.9s est_300=1h 05m 26s
[OURS:PVTv2-B0][108/300] loss=22.9786 ce=2.2681 guidance=8.2842 beta=2.50 train_acc=46.50% test_acc=42.32% best=42.58% lr=0.0003602197 time=13.7s est_300=1h 05m 27s
[OURS:PVTv2-B0][109/300] loss=22.8216 ce=2.2744 guidance=8.2189 beta=2.50 train_acc=46.72% test_acc=42.99% best=42.99% lr=0.00035788037 time=14.0s est_300=1h 05m 30s
[OURS:PVTv2-B0][110/300] loss=22.7769 ce=2.2576 guidance=8.2077 beta=2.50 train_acc=47.13% test_acc=42.37% best=42.99% lr=0.0003555295 time=12.4s est_300=1h 05m 28s
[OURS:PVTv2-B0][111/300] loss=22.8785 ce=2.2351 guidance=8.2574 beta=2.50 train_acc=46.33% test_acc=42.22% best=42.99% lr=0.00035316732 time=12.5s est_300=1h 05m 26s
[OURS:PVTv2-B0][112/300] loss=22.7984 ce=2.2498 guidance=8.2194 beta=2.50 train_acc=46.65% test_acc=42.91% best=42.99% lr=0.0003507941 time=12.5s est_300=1h 05m 24s
[OURS:PVTv2-B0][113/300] loss=22.4557 ce=2.2303 guidance=8.0902 beta=2.50 train_acc=46.16% test_acc=43.56% best=43.56% lr=0.00034841011 time=12.0s est_300=1h 05m 21s
[OURS:PVTv2-B0][114/300] loss=22.6260 ce=2.2105 guidance=8.1662 beta=2.50 train_acc=47.01% test_acc=43.29% best=43.56% lr=0.00034601559 time=12.9s est_300=1h 05m 21s
[OURS:PVTv2-B0][115/300] loss=22.5809 ce=2.2084 guidance=8.1490 beta=2.50 train_acc=47.57% test_acc=42.85% best=43.56% lr=0.00034361083 time=13.2s est_300=1h 05m 21s
[OURS:PVTv2-B0][116/300] loss=22.5937 ce=2.2119 guidance=8.1527 beta=2.50 train_acc=47.54% test_acc=43.49% best=43.56% lr=0.00034119607 time=11.8s est_300=1h 05m 18s
[OURS:PVTv2-B0][117/300] loss=22.5629 ce=2.2466 guidance=8.1265 beta=2.50 train_acc=46.74% test_acc=42.73% best=43.56% lr=0.00033877158 time=13.1s est_300=1h 05m 18s
[OURS:PVTv2-B0][118/300] loss=22.5150 ce=2.2049 guidance=8.1241 beta=2.50 train_acc=47.57% test_acc=43.70% best=43.70% lr=0.00033633764 time=13.0s est_300=1h 05m 18s
[OURS:PVTv2-B0][119/300] loss=22.4870 ce=2.1800 guidance=8.1228 beta=2.50 train_acc=47.45% test_acc=42.92% best=43.70% lr=0.0003338945 time=12.0s est_300=1h 05m 15s
[OURS:PVTv2-B0][120/300] loss=22.5619 ce=2.1509 guidance=8.1644 beta=2.50 train_acc=48.68% test_acc=42.54% best=43.70% lr=0.00033144243 time=13.8s est_300=1h 05m 17s
[OURS:PVTv2-B0][121/300] loss=22.4103 ce=2.1651 guidance=8.0981 beta=2.50 train_acc=47.71% test_acc=42.42% best=43.70% lr=0.00032898171 time=13.2s est_300=1h 05m 17s
[OURS:PVTv2-B0][122/300] loss=22.5083 ce=2.1469 guidance=8.1446 beta=2.50 train_acc=48.40% test_acc=43.48% best=43.70% lr=0.0003265126 time=12.7s est_300=1h 05m 16s
[OURS:PVTv2-B0][123/300] loss=22.4563 ce=2.1624 guidance=8.1176 beta=2.50 train_acc=50.15% test_acc=42.94% best=43.70% lr=0.00032403537 time=11.8s est_300=1h 05m 13s
[OURS:PVTv2-B0][124/300] loss=22.3581 ce=2.1197 guidance=8.0954 beta=2.50 train_acc=49.80% test_acc=42.96% best=43.70% lr=0.0003215503 time=12.1s est_300=1h 05m 11s
[OURS:PVTv2-B0][125/300] loss=22.3326 ce=2.1647 guidance=8.0671 beta=2.50 train_acc=49.03% test_acc=42.85% best=43.70% lr=0.00031905766 time=13.0s est_300=1h 05m 11s
[OURS:PVTv2-B0][126/300] loss=22.3884 ce=2.1371 guidance=8.1005 beta=2.50 train_acc=48.56% test_acc=43.82% best=43.82% lr=0.00031655771 time=12.6s est_300=1h 05m 10s
[OURS:PVTv2-B0][127/300] loss=22.3101 ce=2.0752 guidance=8.0939 beta=2.50 train_acc=50.29% test_acc=43.98% best=43.98% lr=0.00031405075 time=12.8s est_300=1h 05m 09s
[OURS:PVTv2-B0][128/300] loss=22.2129 ce=2.0942 guidance=8.0475 beta=2.50 train_acc=49.95% test_acc=44.06% best=44.06% lr=0.00031153703 time=12.0s est_300=1h 05m 07s
[OURS:PVTv2-B0][129/300] loss=22.3558 ce=2.0687 guidance=8.1148 beta=2.50 train_acc=50.32% test_acc=43.27% best=44.06% lr=0.00030901684 time=11.5s est_300=1h 05m 04s
[OURS:PVTv2-B0][130/300] loss=22.2479 ce=2.0910 guidance=8.0627 beta=2.50 train_acc=49.56% test_acc=43.60% best=44.06% lr=0.00030649045 time=12.3s est_300=1h 05m 02s
[OURS:PVTv2-B0][131/300] loss=22.3547 ce=2.0916 guidance=8.1052 beta=2.50 train_acc=50.02% test_acc=43.37% best=44.06% lr=0.00030395814 time=12.3s est_300=1h 05m 00s
[OURS:PVTv2-B0][132/300] loss=22.2106 ce=2.0799 guidance=8.0523 beta=2.50 train_acc=49.61% test_acc=44.20% best=44.20% lr=0.00030142019 time=12.4s est_300=1h 04m 59s
[OURS:PVTv2-B0][133/300] loss=22.1735 ce=2.0576 guidance=8.0463 beta=2.50 train_acc=51.00% test_acc=44.46% best=44.46% lr=0.00029887688 time=12.9s est_300=1h 04m 58s
[OURS:PVTv2-B0][134/300] loss=22.1361 ce=2.0558 guidance=8.0321 beta=2.50 train_acc=50.25% test_acc=43.68% best=44.46% lr=0.00029632847 time=12.4s est_300=1h 04m 57s
[OURS:PVTv2-B0][135/300] loss=22.2359 ce=2.0473 guidance=8.0755 beta=2.50 train_acc=51.39% test_acc=43.99% best=44.46% lr=0.00029377526 time=12.8s est_300=1h 04m 57s
[OURS:PVTv2-B0][136/300] loss=2.0954 ce=2.0954 guidance=0.0000 beta=0.00 train_acc=50.27% test_acc=44.60% best=44.60% lr=0.00029121753 time=11.1s est_300=1h 04m 52s
[OURS:PVTv2-B0][137/300] loss=2.0835 ce=2.0835 guidance=0.0000 beta=0.00 train_acc=50.22% test_acc=44.60% best=44.60% lr=0.00028865555 time=12.3s est_300=1h 04m 51s
[OURS:PVTv2-B0][138/300] loss=2.0474 ce=2.0474 guidance=0.0000 beta=0.00 train_acc=51.27% test_acc=43.99% best=44.60% lr=0.0002860896 time=12.2s est_300=1h 04m 49s
[OURS:PVTv2-B0][139/300] loss=1.9824 ce=1.9824 guidance=0.0000 beta=0.00 train_acc=52.41% test_acc=43.87% best=44.60% lr=0.00028351998 time=11.4s est_300=1h 04m 46s
[OURS:PVTv2-B0][140/300] loss=2.0138 ce=2.0138 guidance=0.0000 beta=0.00 train_acc=51.65% test_acc=45.55% best=45.55% lr=0.00028094694 time=13.4s est_300=1h 04m 47s
[OURS:PVTv2-B0][141/300] loss=1.9568 ce=1.9568 guidance=0.0000 beta=0.00 train_acc=53.04% test_acc=44.48% best=45.55% lr=0.00027837079 time=10.8s est_300=1h 04m 42s
[OURS:PVTv2-B0][142/300] loss=1.9628 ce=1.9628 guidance=0.0000 beta=0.00 train_acc=52.06% test_acc=45.51% best=45.55% lr=0.00027579181 time=12.2s est_300=1h 04m 41s
[OURS:PVTv2-B0][143/300] loss=1.9164 ce=1.9164 guidance=0.0000 beta=0.00 train_acc=54.72% test_acc=45.51% best=45.55% lr=0.00027321027 time=11.6s est_300=1h 04m 38s
[OURS:PVTv2-B0][144/300] loss=1.9283 ce=1.9283 guidance=0.0000 beta=0.00 train_acc=53.65% test_acc=45.03% best=45.55% lr=0.00027062645 time=12.8s est_300=1h 04m 38s
[OURS:PVTv2-B0][145/300] loss=1.9052 ce=1.9052 guidance=0.0000 beta=0.00 train_acc=53.77% test_acc=46.00% best=46.00% lr=0.00026804065 time=10.8s est_300=1h 04m 33s
[OURS:PVTv2-B0][146/300] loss=1.9188 ce=1.9188 guidance=0.0000 beta=0.00 train_acc=53.57% test_acc=45.91% best=46.00% lr=0.00026545315 time=12.4s est_300=1h 04m 33s
[OURS:PVTv2-B0][147/300] loss=1.8912 ce=1.8912 guidance=0.0000 beta=0.00 train_acc=54.47% test_acc=45.53% best=46.00% lr=0.00026286422 time=10.8s est_300=1h 04m 28s
[OURS:PVTv2-B0][148/300] loss=1.9034 ce=1.9034 guidance=0.0000 beta=0.00 train_acc=53.87% test_acc=46.84% best=46.84% lr=0.00026027416 time=12.9s est_300=1h 04m 28s
[OURS:PVTv2-B0][149/300] loss=1.8313 ce=1.8313 guidance=0.0000 beta=0.00 train_acc=55.47% test_acc=44.68% best=46.84% lr=0.00025768325 time=12.3s est_300=1h 04m 27s
[OURS:PVTv2-B0][150/300] loss=1.8432 ce=1.8432 guidance=0.0000 beta=0.00 train_acc=54.70% test_acc=46.62% best=46.84% lr=0.00025509177 time=13.7s est_300=1h 04m 28s
[OURS:PVTv2-B0][151/300] loss=1.8647 ce=1.8647 guidance=0.0000 beta=0.00 train_acc=55.32% test_acc=46.98% best=46.98% lr=0.0002525 time=12.2s est_300=1h 04m 27s
[OURS:PVTv2-B0][152/300] loss=1.8067 ce=1.8067 guidance=0.0000 beta=0.00 train_acc=55.89% test_acc=45.56% best=46.98% lr=0.00024990823 time=12.3s est_300=1h 04m 26s
[OURS:PVTv2-B0][153/300] loss=1.8480 ce=1.8480 guidance=0.0000 beta=0.00 train_acc=55.45% test_acc=46.15% best=46.98% lr=0.00024731675 time=12.2s est_300=1h 04m 24s
[OURS:PVTv2-B0][154/300] loss=1.7757 ce=1.7757 guidance=0.0000 beta=0.00 train_acc=56.28% test_acc=46.13% best=46.98% lr=0.00024472584 time=11.0s est_300=1h 04m 21s
[OURS:PVTv2-B0][155/300] loss=1.7810 ce=1.7810 guidance=0.0000 beta=0.00 train_acc=56.90% test_acc=46.82% best=46.98% lr=0.00024213578 time=12.1s est_300=1h 04m 19s
[OURS:PVTv2-B0][156/300] loss=1.7873 ce=1.7873 guidance=0.0000 beta=0.00 train_acc=57.01% test_acc=47.00% best=47.00% lr=0.00023954685 time=11.6s est_300=1h 04m 17s
[OURS:PVTv2-B0][157/300] loss=1.7481 ce=1.7481 guidance=0.0000 beta=0.00 train_acc=57.71% test_acc=46.96% best=47.00% lr=0.00023695935 time=10.9s est_300=1h 04m 13s
[OURS:PVTv2-B0][158/300] loss=1.7641 ce=1.7641 guidance=0.0000 beta=0.00 train_acc=57.64% test_acc=46.57% best=47.00% lr=0.00023437355 time=11.6s est_300=1h 04m 11s
[OURS:PVTv2-B0][159/300] loss=1.7380 ce=1.7380 guidance=0.0000 beta=0.00 train_acc=57.78% test_acc=45.75% best=47.00% lr=0.00023178973 time=11.1s est_300=1h 04m 07s
[OURS:PVTv2-B0][160/300] loss=1.7484 ce=1.7484 guidance=0.0000 beta=0.00 train_acc=57.83% test_acc=46.76% best=47.00% lr=0.00022920819 time=11.8s est_300=1h 04m 05s
[OURS:PVTv2-B0][161/300] loss=1.6808 ce=1.6808 guidance=0.0000 beta=0.00 train_acc=58.92% test_acc=47.07% best=47.07% lr=0.00022662921 time=11.7s est_300=1h 04m 03s
[OURS:PVTv2-B0][162/300] loss=1.7539 ce=1.7539 guidance=0.0000 beta=0.00 train_acc=57.01% test_acc=46.15% best=47.07% lr=0.00022405306 time=10.9s est_300=1h 04m 00s
[OURS:PVTv2-B0][163/300] loss=1.7363 ce=1.7363 guidance=0.0000 beta=0.00 train_acc=57.86% test_acc=47.00% best=47.07% lr=0.00022148002 time=11.0s est_300=1h 03m 57s
[OURS:PVTv2-B0][164/300] loss=1.6881 ce=1.6881 guidance=0.0000 beta=0.00 train_acc=59.85% test_acc=46.62% best=47.07% lr=0.0002189104 time=10.8s est_300=1h 03m 53s
[OURS:PVTv2-B0][165/300] loss=1.7001 ce=1.7001 guidance=0.0000 beta=0.00 train_acc=58.78% test_acc=47.98% best=47.98% lr=0.00021634445 time=11.9s est_300=1h 03m 51s
[OURS:PVTv2-B0][166/300] loss=1.6907 ce=1.6907 guidance=0.0000 beta=0.00 train_acc=58.70% test_acc=47.31% best=47.98% lr=0.00021378247 time=13.5s est_300=1h 03m 53s
[OURS:PVTv2-B0][167/300] loss=1.6681 ce=1.6681 guidance=0.0000 beta=0.00 train_acc=60.38% test_acc=48.02% best=48.02% lr=0.00021122474 time=12.4s est_300=1h 03m 52s
[OURS:PVTv2-B0][168/300] loss=1.6881 ce=1.6881 guidance=0.0000 beta=0.00 train_acc=59.83% test_acc=48.27% best=48.27% lr=0.00020867153 time=11.3s est_300=1h 03m 50s
[OURS:PVTv2-B0][169/300] loss=1.6400 ce=1.6400 guidance=0.0000 beta=0.00 train_acc=60.14% test_acc=47.55% best=48.27% lr=0.00020612312 time=10.8s est_300=1h 03m 46s
[OURS:PVTv2-B0][170/300] loss=1.6670 ce=1.6670 guidance=0.0000 beta=0.00 train_acc=59.85% test_acc=47.69% best=48.27% lr=0.00020357981 time=10.8s est_300=1h 03m 43s
[OURS:PVTv2-B0][171/300] loss=1.6548 ce=1.6548 guidance=0.0000 beta=0.00 train_acc=59.71% test_acc=48.31% best=48.31% lr=0.00020104186 time=11.3s est_300=1h 03m 40s
[OURS:PVTv2-B0][172/300] loss=1.6153 ce=1.6153 guidance=0.0000 beta=0.00 train_acc=60.85% test_acc=47.24% best=48.31% lr=0.00019850955 time=10.9s est_300=1h 03m 37s
[OURS:PVTv2-B0][173/300] loss=1.6317 ce=1.6317 guidance=0.0000 beta=0.00 train_acc=60.46% test_acc=48.22% best=48.31% lr=0.00019598316 time=12.2s est_300=1h 03m 36s
[OURS:PVTv2-B0][174/300] loss=1.6626 ce=1.6626 guidance=0.0000 beta=0.00 train_acc=60.07% test_acc=47.84% best=48.31% lr=0.00019346297 time=13.0s est_300=1h 03m 37s
[OURS:PVTv2-B0][175/300] loss=1.5602 ce=1.5602 guidance=0.0000 beta=0.00 train_acc=61.82% test_acc=47.13% best=48.31% lr=0.00019094925 time=12.5s est_300=1h 03m 36s
[OURS:PVTv2-B0][176/300] loss=1.6205 ce=1.6205 guidance=0.0000 beta=0.00 train_acc=61.41% test_acc=47.77% best=48.31% lr=0.00018844229 time=11.7s est_300=1h 03m 35s
[OURS:PVTv2-B0][177/300] loss=1.5575 ce=1.5575 guidance=0.0000 beta=0.00 train_acc=62.36% test_acc=48.27% best=48.31% lr=0.00018594234 time=10.9s est_300=1h 03m 31s
[OURS:PVTv2-B0][178/300] loss=1.5664 ce=1.5664 guidance=0.0000 beta=0.00 train_acc=61.99% test_acc=47.77% best=48.31% lr=0.0001834497 time=12.1s est_300=1h 03m 30s
[OURS:PVTv2-B0][179/300] loss=1.5783 ce=1.5783 guidance=0.0000 beta=0.00 train_acc=61.06% test_acc=47.88% best=48.31% lr=0.00018096463 time=11.5s est_300=1h 03m 28s
[OURS:PVTv2-B0][180/300] loss=1.5531 ce=1.5531 guidance=0.0000 beta=0.00 train_acc=63.08% test_acc=48.76% best=48.76% lr=0.0001784874 time=10.6s est_300=1h 03m 25s
[OURS:PVTv2-B0][181/300] loss=1.6192 ce=1.6192 guidance=0.0000 beta=0.00 train_acc=60.82% test_acc=48.33% best=48.76% lr=0.00017601829 time=12.5s est_300=1h 03m 25s
[OURS:PVTv2-B0][182/300] loss=1.5361 ce=1.5361 guidance=0.0000 beta=0.00 train_acc=62.84% test_acc=48.39% best=48.76% lr=0.00017355757 time=10.8s est_300=1h 03m 22s
[OURS:PVTv2-B0][183/300] loss=1.5367 ce=1.5367 guidance=0.0000 beta=0.00 train_acc=62.43% test_acc=48.96% best=48.96% lr=0.0001711055 time=10.7s est_300=1h 03m 19s
[OURS:PVTv2-B0][184/300] loss=1.5374 ce=1.5374 guidance=0.0000 beta=0.00 train_acc=63.18% test_acc=49.36% best=49.36% lr=0.00016866236 time=10.7s est_300=1h 03m 15s
[OURS:PVTv2-B0][185/300] loss=1.5370 ce=1.5370 guidance=0.0000 beta=0.00 train_acc=62.50% test_acc=48.41% best=49.36% lr=0.00016622842 time=11.6s est_300=1h 03m 14s
[OURS:PVTv2-B0][186/300] loss=1.5708 ce=1.5708 guidance=0.0000 beta=0.00 train_acc=61.75% test_acc=49.74% best=49.74% lr=0.00016380393 time=12.2s est_300=1h 03m 13s
[OURS:PVTv2-B0][187/300] loss=1.4989 ce=1.4989 guidance=0.0000 beta=0.00 train_acc=63.86% test_acc=49.15% best=49.74% lr=0.00016138917 time=12.4s est_300=1h 03m 13s
[OURS:PVTv2-B0][188/300] loss=1.5233 ce=1.5233 guidance=0.0000 beta=0.00 train_acc=62.48% test_acc=47.38% best=49.74% lr=0.00015898441 time=12.2s est_300=1h 03m 12s
[OURS:PVTv2-B0][189/300] loss=1.5145 ce=1.5145 guidance=0.0000 beta=0.00 train_acc=63.43% test_acc=49.88% best=49.88% lr=0.00015658989 time=10.8s est_300=1h 03m 09s
[OURS:PVTv2-B0][190/300] loss=1.4870 ce=1.4870 guidance=0.0000 beta=0.00 train_acc=63.72% test_acc=49.57% best=49.88% lr=0.0001542059 time=11.1s est_300=1h 03m 07s
[OURS:PVTv2-B0][191/300] loss=1.4949 ce=1.4949 guidance=0.0000 beta=0.00 train_acc=64.33% test_acc=47.81% best=49.88% lr=0.00015183268 time=11.5s est_300=1h 03m 05s
[OURS:PVTv2-B0][192/300] loss=1.4424 ce=1.4424 guidance=0.0000 beta=0.00 train_acc=64.62% test_acc=48.57% best=49.88% lr=0.0001494705 time=10.9s est_300=1h 03m 02s
[OURS:PVTv2-B0][193/300] loss=1.4754 ce=1.4754 guidance=0.0000 beta=0.00 train_acc=64.52% test_acc=48.31% best=49.88% lr=0.00014711963 time=11.5s est_300=1h 03m 01s
[OURS:PVTv2-B0][194/300] loss=1.4560 ce=1.4560 guidance=0.0000 beta=0.00 train_acc=65.15% test_acc=50.07% best=50.07% lr=0.0001447803 time=11.0s est_300=1h 02m 58s
[OURS:PVTv2-B0][195/300] loss=1.4603 ce=1.4603 guidance=0.0000 beta=0.00 train_acc=64.76% test_acc=48.95% best=50.07% lr=0.00014245279 time=10.9s est_300=1h 02m 55s
[OURS:PVTv2-B0][196/300] loss=1.4425 ce=1.4425 guidance=0.0000 beta=0.00 train_acc=65.12% test_acc=50.10% best=50.10% lr=0.00014013735 time=10.9s est_300=1h 02m 53s
[OURS:PVTv2-B0][197/300] loss=1.4112 ce=1.4112 guidance=0.0000 beta=0.00 train_acc=65.25% test_acc=48.43% best=50.10% lr=0.00013783423 time=11.1s est_300=1h 02m 50s
[OURS:PVTv2-B0][198/300] loss=1.4052 ce=1.4052 guidance=0.0000 beta=0.00 train_acc=66.02% test_acc=48.83% best=50.10% lr=0.00013554369 time=10.8s est_300=1h 02m 48s
[OURS:PVTv2-B0][199/300] loss=1.4453 ce=1.4453 guidance=0.0000 beta=0.00 train_acc=64.71% test_acc=49.34% best=50.10% lr=0.00013326597 time=11.9s est_300=1h 02m 47s
[OURS:PVTv2-B0][200/300] loss=1.4137 ce=1.4137 guidance=0.0000 beta=0.00 train_acc=65.88% test_acc=49.90% best=50.10% lr=0.00013100132 time=12.8s est_300=1h 02m 47s
[OURS:PVTv2-B0][201/300] loss=1.4177 ce=1.4177 guidance=0.0000 beta=0.00 train_acc=65.71% test_acc=49.86% best=50.10% lr=0.00012875 time=12.8s est_300=1h 02m 48s
[OURS:PVTv2-B0][202/300] loss=1.4218 ce=1.4218 guidance=0.0000 beta=0.00 train_acc=65.00% test_acc=49.79% best=50.10% lr=0.00012651225 time=12.3s est_300=1h 02m 47s
[OURS:PVTv2-B0][203/300] loss=1.3954 ce=1.3954 guidance=0.0000 beta=0.00 train_acc=66.02% test_acc=50.16% best=50.16% lr=0.00012428832 time=12.4s est_300=1h 02m 47s
[OURS:PVTv2-B0][204/300] loss=1.4003 ce=1.4003 guidance=0.0000 beta=0.00 train_acc=66.30% test_acc=50.16% best=50.16% lr=0.00012207844 time=12.4s est_300=1h 02m 47s
[OURS:PVTv2-B0][205/300] loss=1.3545 ce=1.3545 guidance=0.0000 beta=0.00 train_acc=67.76% test_acc=50.48% best=50.48% lr=0.00011988287 time=12.2s est_300=1h 02m 46s
[OURS:PVTv2-B0][206/300] loss=1.3966 ce=1.3966 guidance=0.0000 beta=0.00 train_acc=66.22% test_acc=51.10% best=51.10% lr=0.00011770184 time=12.6s est_300=1h 02m 46s
[OURS:PVTv2-B0][207/300] loss=1.4171 ce=1.4171 guidance=0.0000 beta=0.00 train_acc=65.81% test_acc=50.33% best=51.10% lr=0.00011553559 time=11.6s est_300=1h 02m 45s
[OURS:PVTv2-B0][208/300] loss=1.3904 ce=1.3904 guidance=0.0000 beta=0.00 train_acc=66.25% test_acc=50.43% best=51.10% lr=0.00011338436 time=11.6s est_300=1h 02m 43s
[OURS:PVTv2-B0][209/300] loss=1.4124 ce=1.4124 guidance=0.0000 beta=0.00 train_acc=66.49% test_acc=48.95% best=51.10% lr=0.00011124839 time=11.0s est_300=1h 02m 41s
[OURS:PVTv2-B0][210/300] loss=1.3413 ce=1.3413 guidance=0.0000 beta=0.00 train_acc=67.12% test_acc=50.66% best=51.10% lr=0.00010912791 time=11.4s est_300=1h 02m 39s
[OURS:PVTv2-B0][211/300] loss=1.3464 ce=1.3464 guidance=0.0000 beta=0.00 train_acc=67.88% test_acc=49.91% best=51.10% lr=0.00010702315 time=10.8s est_300=1h 02m 37s
[OURS:PVTv2-B0][212/300] loss=1.3254 ce=1.3254 guidance=0.0000 beta=0.00 train_acc=67.85% test_acc=49.62% best=51.10% lr=0.00010493434 time=11.9s est_300=1h 02m 36s
[OURS:PVTv2-B0][213/300] loss=1.4005 ce=1.4005 guidance=0.0000 beta=0.00 train_acc=66.30% test_acc=50.74% best=51.10% lr=0.00010286172 time=12.4s est_300=1h 02m 36s
[OURS:PVTv2-B0][214/300] loss=1.3966 ce=1.3966 guidance=0.0000 beta=0.00 train_acc=66.07% test_acc=50.93% best=51.10% lr=0.0001008055 time=12.8s est_300=1h 02m 36s
[OURS:PVTv2-B0][215/300] loss=1.3520 ce=1.3520 guidance=0.0000 beta=0.00 train_acc=67.82% test_acc=50.85% best=51.10% lr=9.8765924e-05 time=11.8s est_300=1h 02m 35s
[OURS:PVTv2-B0][216/300] loss=1.3480 ce=1.3480 guidance=0.0000 beta=0.00 train_acc=67.88% test_acc=50.10% best=51.10% lr=9.6743203e-05 time=11.6s est_300=1h 02m 34s
[OURS:PVTv2-B0][217/300] loss=1.3227 ce=1.3227 guidance=0.0000 beta=0.00 train_acc=68.14% test_acc=50.52% best=51.10% lr=9.4737563e-05 time=11.5s est_300=1h 02m 33s
[OURS:PVTv2-B0][218/300] loss=1.3298 ce=1.3298 guidance=0.0000 beta=0.00 train_acc=68.61% test_acc=50.09% best=51.10% lr=9.2749222e-05 time=12.2s est_300=1h 02m 32s
[OURS:PVTv2-B0][219/300] loss=1.3172 ce=1.3172 guidance=0.0000 beta=0.00 train_acc=67.83% test_acc=49.88% best=51.10% lr=9.0778401e-05 time=12.1s est_300=1h 02m 32s
[OURS:PVTv2-B0][220/300] loss=1.3149 ce=1.3149 guidance=0.0000 beta=0.00 train_acc=68.33% test_acc=50.67% best=51.10% lr=8.8825313e-05 time=11.0s est_300=1h 02m 30s
[OURS:PVTv2-B0][221/300] loss=1.2746 ce=1.2746 guidance=0.0000 beta=0.00 train_acc=69.29% test_acc=51.17% best=51.17% lr=8.6890175e-05 time=11.1s est_300=1h 02m 28s
[OURS:PVTv2-B0][222/300] loss=1.2700 ce=1.2700 guidance=0.0000 beta=0.00 train_acc=69.84% test_acc=51.43% best=51.43% lr=8.4973198e-05 time=13.4s est_300=1h 02m 29s
[OURS:PVTv2-B0][223/300] loss=1.2946 ce=1.2946 guidance=0.0000 beta=0.00 train_acc=69.24% test_acc=50.67% best=51.43% lr=8.3074591e-05 time=13.4s est_300=1h 02m 30s
[OURS:PVTv2-B0][224/300] loss=1.2828 ce=1.2828 guidance=0.0000 beta=0.00 train_acc=69.24% test_acc=50.97% best=51.43% lr=8.1194564e-05 time=13.1s est_300=1h 02m 31s
[OURS:PVTv2-B0][225/300] loss=1.2829 ce=1.2829 guidance=0.0000 beta=0.00 train_acc=69.62% test_acc=50.93% best=51.43% lr=7.9333323e-05 time=11.1s est_300=1h 02m 29s
[OURS:PVTv2-B0][226/300] loss=1.2972 ce=1.2972 guidance=0.0000 beta=0.00 train_acc=68.75% test_acc=50.52% best=51.43% lr=7.7491072e-05 time=12.4s est_300=1h 02m 29s
[OURS:PVTv2-B0][227/300] loss=1.2638 ce=1.2638 guidance=0.0000 beta=0.00 train_acc=69.16% test_acc=50.47% best=51.43% lr=7.5668012e-05 time=12.0s est_300=1h 02m 28s
[OURS:PVTv2-B0][228/300] loss=1.2472 ce=1.2472 guidance=0.0000 beta=0.00 train_acc=69.72% test_acc=50.35% best=51.43% lr=7.3864344e-05 time=11.6s est_300=1h 02m 27s
[OURS:PVTv2-B0][229/300] loss=1.3020 ce=1.3020 guidance=0.0000 beta=0.00 train_acc=69.00% test_acc=50.95% best=51.43% lr=7.2080265e-05 time=14.1s est_300=1h 02m 29s
[OURS:PVTv2-B0][230/300] loss=1.2958 ce=1.2958 guidance=0.0000 beta=0.00 train_acc=68.68% test_acc=50.24% best=51.43% lr=7.0315971e-05 time=13.3s est_300=1h 02m 30s
[OURS:PVTv2-B0][231/300] loss=1.3019 ce=1.3019 guidance=0.0000 beta=0.00 train_acc=68.80% test_acc=51.33% best=51.43% lr=6.8571656e-05 time=12.2s est_300=1h 02m 30s
[OURS:PVTv2-B0][232/300] loss=1.2718 ce=1.2718 guidance=0.0000 beta=0.00 train_acc=69.24% test_acc=51.33% best=51.43% lr=6.684751e-05 time=12.2s est_300=1h 02m 29s
[OURS:PVTv2-B0][233/300] loss=1.2696 ce=1.2696 guidance=0.0000 beta=0.00 train_acc=69.11% test_acc=51.35% best=51.43% lr=6.5143724e-05 time=11.7s est_300=1h 02m 28s
[OURS:PVTv2-B0][234/300] loss=1.2858 ce=1.2858 guidance=0.0000 beta=0.00 train_acc=69.07% test_acc=50.57% best=51.43% lr=6.3460483e-05 time=11.1s est_300=1h 02m 27s
[OURS:PVTv2-B0][235/300] loss=1.2602 ce=1.2602 guidance=0.0000 beta=0.00 train_acc=69.80% test_acc=50.66% best=51.43% lr=6.1797972e-05 time=10.9s est_300=1h 02m 25s
[OURS:PVTv2-B0][236/300] loss=1.2247 ce=1.2247 guidance=0.0000 beta=0.00 train_acc=70.94% test_acc=51.59% best=51.59% lr=6.0156375e-05 time=12.3s est_300=1h 02m 24s
[OURS:PVTv2-B0][237/300] loss=1.2288 ce=1.2288 guidance=0.0000 beta=0.00 train_acc=70.40% test_acc=50.88% best=51.59% lr=5.8535869e-05 time=11.6s est_300=1h 02m 23s
[OURS:PVTv2-B0][238/300] loss=1.2441 ce=1.2441 guidance=0.0000 beta=0.00 train_acc=70.19% test_acc=50.88% best=51.59% lr=5.6936634e-05 time=10.8s est_300=1h 02m 21s
[OURS:PVTv2-B0][239/300] loss=1.2774 ce=1.2774 guidance=0.0000 beta=0.00 train_acc=69.84% test_acc=50.95% best=51.59% lr=5.5358845e-05 time=12.7s est_300=1h 02m 21s
[OURS:PVTv2-B0][240/300] loss=1.2349 ce=1.2349 guidance=0.0000 beta=0.00 train_acc=70.33% test_acc=51.42% best=51.59% lr=5.3802675e-05 time=13.3s est_300=1h 02m 23s
[OURS:PVTv2-B0][241/300] loss=1.2334 ce=1.2334 guidance=0.0000 beta=0.00 train_acc=70.11% test_acc=51.59% best=51.59% lr=5.2268294e-05 time=11.7s est_300=1h 02m 22s
[OURS:PVTv2-B0][242/300] loss=1.2049 ce=1.2049 guidance=0.0000 beta=0.00 train_acc=70.97% test_acc=51.83% best=51.83% lr=5.0755871e-05 time=11.6s est_300=1h 02m 20s
[OURS:PVTv2-B0][243/300] loss=1.2192 ce=1.2192 guidance=0.0000 beta=0.00 train_acc=70.67% test_acc=51.69% best=51.83% lr=4.9265571e-05 time=11.5s est_300=1h 02m 19s
[OURS:PVTv2-B0][244/300] loss=1.1946 ce=1.1946 guidance=0.0000 beta=0.00 train_acc=71.76% test_acc=50.98% best=51.83% lr=4.7797558e-05 time=12.2s est_300=1h 02m 19s
[OURS:PVTv2-B0][245/300] loss=1.2165 ce=1.2165 guidance=0.0000 beta=0.00 train_acc=70.87% test_acc=51.66% best=51.83% lr=4.6351993e-05 time=11.6s est_300=1h 02m 18s
[OURS:PVTv2-B0][246/300] loss=1.1730 ce=1.1730 guidance=0.0000 beta=0.00 train_acc=71.62% test_acc=51.90% best=51.90% lr=4.4929034e-05 time=10.8s est_300=1h 02m 16s
[OURS:PVTv2-B0][247/300] loss=1.1688 ce=1.1688 guidance=0.0000 beta=0.00 train_acc=72.54% test_acc=51.64% best=51.90% lr=4.3528838e-05 time=11.5s est_300=1h 02m 15s
[OURS:PVTv2-B0][248/300] loss=1.1947 ce=1.1947 guidance=0.0000 beta=0.00 train_acc=71.43% test_acc=51.69% best=51.90% lr=4.2151558e-05 time=12.8s est_300=1h 02m 15s
[OURS:PVTv2-B0][249/300] loss=1.1965 ce=1.1965 guidance=0.0000 beta=0.00 train_acc=70.60% test_acc=52.38% best=52.38% lr=4.0797346e-05 time=11.2s est_300=1h 02m 14s
[OURS:PVTv2-B0][250/300] loss=1.1644 ce=1.1644 guidance=0.0000 beta=0.00 train_acc=72.03% test_acc=52.40% best=52.40% lr=3.9466348e-05 time=10.8s est_300=1h 02m 12s
[OURS:PVTv2-B0][251/300] loss=1.1793 ce=1.1793 guidance=0.0000 beta=0.00 train_acc=71.64% test_acc=51.95% best=52.40% lr=3.8158713e-05 time=12.1s est_300=1h 02m 11s
[OURS:PVTv2-B0][252/300] loss=1.1936 ce=1.1936 guidance=0.0000 beta=0.00 train_acc=71.33% test_acc=52.19% best=52.40% lr=3.6874582e-05 time=12.8s est_300=1h 02m 12s
[OURS:PVTv2-B0][253/300] loss=1.1761 ce=1.1761 guidance=0.0000 beta=0.00 train_acc=72.25% test_acc=51.86% best=52.40% lr=3.5614097e-05 time=12.3s est_300=1h 02m 11s
[OURS:PVTv2-B0][254/300] loss=1.2266 ce=1.2266 guidance=0.0000 beta=0.00 train_acc=70.14% test_acc=52.69% best=52.69% lr=3.4377396e-05 time=10.8s est_300=1h 02m 10s
[OURS:PVTv2-B0][255/300] loss=1.2043 ce=1.2043 guidance=0.0000 beta=0.00 train_acc=70.77% test_acc=52.19% best=52.69% lr=3.3164614e-05 time=12.4s est_300=1h 02m 10s
[OURS:PVTv2-B0][256/300] loss=1.1572 ce=1.1572 guidance=0.0000 beta=0.00 train_acc=71.93% test_acc=51.97% best=52.69% lr=3.1975885e-05 time=12.1s est_300=1h 02m 09s
[OURS:PVTv2-B0][257/300] loss=1.1799 ce=1.1799 guidance=0.0000 beta=0.00 train_acc=72.50% test_acc=51.55% best=52.69% lr=3.0811339e-05 time=12.1s est_300=1h 02m 09s
[OURS:PVTv2-B0][258/300] loss=1.2045 ce=1.2045 guidance=0.0000 beta=0.00 train_acc=71.31% test_acc=51.74% best=52.69% lr=2.9671104e-05 time=12.9s est_300=1h 02m 09s
[OURS:PVTv2-B0][259/300] loss=1.1528 ce=1.1528 guidance=0.0000 beta=0.00 train_acc=72.23% test_acc=52.28% best=52.69% lr=2.8555305e-05 time=11.5s est_300=1h 02m 08s
[OURS:PVTv2-B0][260/300] loss=1.1823 ce=1.1823 guidance=0.0000 beta=0.00 train_acc=71.77% test_acc=51.29% best=52.69% lr=2.7464063e-05 time=11.3s est_300=1h 02m 07s
[OURS:PVTv2-B0][261/300] loss=1.1723 ce=1.1723 guidance=0.0000 beta=0.00 train_acc=72.03% test_acc=51.61% best=52.69% lr=2.6397499e-05 time=11.5s est_300=1h 02m 06s
[OURS:PVTv2-B0][262/300] loss=1.1591 ce=1.1591 guidance=0.0000 beta=0.00 train_acc=72.27% test_acc=51.29% best=52.69% lr=2.535573e-05 time=12.2s est_300=1h 02m 06s
[OURS:PVTv2-B0][263/300] loss=1.1502 ce=1.1502 guidance=0.0000 beta=0.00 train_acc=72.06% test_acc=52.19% best=52.69% lr=2.433887e-05 time=13.9s est_300=1h 02m 07s
[OURS:PVTv2-B0][264/300] loss=1.1691 ce=1.1691 guidance=0.0000 beta=0.00 train_acc=72.44% test_acc=51.95% best=52.69% lr=2.334703e-05 time=11.9s est_300=1h 02m 07s
[OURS:PVTv2-B0][265/300] loss=1.1271 ce=1.1271 guidance=0.0000 beta=0.00 train_acc=73.05% test_acc=51.62% best=52.69% lr=2.238032e-05 time=11.5s est_300=1h 02m 06s
[OURS:PVTv2-B0][266/300] loss=1.1856 ce=1.1856 guidance=0.0000 beta=0.00 train_acc=71.77% test_acc=51.47% best=52.69% lr=2.1438844e-05 time=11.8s est_300=1h 02m 05s
[OURS:PVTv2-B0][267/300] loss=1.1379 ce=1.1379 guidance=0.0000 beta=0.00 train_acc=72.91% test_acc=51.73% best=52.69% lr=2.0522708e-05 time=11.8s est_300=1h 02m 04s
[OURS:PVTv2-B0][268/300] loss=1.1452 ce=1.1452 guidance=0.0000 beta=0.00 train_acc=72.40% test_acc=52.24% best=52.69% lr=1.963201e-05 time=11.7s est_300=1h 02m 03s
[OURS:PVTv2-B0][269/300] loss=1.1626 ce=1.1626 guidance=0.0000 beta=0.00 train_acc=72.57% test_acc=52.00% best=52.69% lr=1.8766848e-05 time=11.6s est_300=1h 02m 02s
[OURS:PVTv2-B0][270/300] loss=1.1710 ce=1.1710 guidance=0.0000 beta=0.00 train_acc=71.74% test_acc=51.78% best=52.69% lr=1.7927319e-05 time=12.4s est_300=1h 02m 02s
[OURS:PVTv2-B0][271/300] loss=1.1749 ce=1.1749 guidance=0.0000 beta=0.00 train_acc=72.52% test_acc=51.79% best=52.69% lr=1.7113512e-05 time=12.5s est_300=1h 02m 03s
[OURS:PVTv2-B0][272/300] loss=1.1629 ce=1.1629 guidance=0.0000 beta=0.00 train_acc=71.64% test_acc=51.50% best=52.69% lr=1.6325519e-05 time=13.3s est_300=1h 02m 03s
[OURS:PVTv2-B0][273/300] loss=1.1847 ce=1.1847 guidance=0.0000 beta=0.00 train_acc=71.67% test_acc=51.67% best=52.69% lr=1.5563424e-05 time=13.6s est_300=1h 02m 05s
[OURS:PVTv2-B0][274/300] loss=1.1451 ce=1.1451 guidance=0.0000 beta=0.00 train_acc=72.76% test_acc=51.97% best=52.69% lr=1.4827313e-05 time=13.0s est_300=1h 02m 05s
[OURS:PVTv2-B0][275/300] loss=1.1772 ce=1.1772 guidance=0.0000 beta=0.00 train_acc=71.57% test_acc=51.79% best=52.69% lr=1.4117265e-05 time=12.7s est_300=1h 02m 06s
[OURS:PVTv2-B0][276/300] loss=1.1627 ce=1.1627 guidance=0.0000 beta=0.00 train_acc=72.38% test_acc=51.81% best=52.69% lr=1.3433358e-05 time=11.7s est_300=1h 02m 05s
[OURS:PVTv2-B0][277/300] loss=1.1263 ce=1.1263 guidance=0.0000 beta=0.00 train_acc=73.25% test_acc=52.21% best=52.69% lr=1.2775668e-05 time=12.6s est_300=1h 02m 05s
[OURS:PVTv2-B0][278/300] loss=1.1495 ce=1.1495 guidance=0.0000 beta=0.00 train_acc=72.74% test_acc=51.97% best=52.69% lr=1.2144266e-05 time=11.6s est_300=1h 02m 04s
[OURS:PVTv2-B0][279/300] loss=1.1519 ce=1.1519 guidance=0.0000 beta=0.00 train_acc=72.13% test_acc=52.07% best=52.69% lr=1.1539222e-05 time=12.7s est_300=1h 02m 05s
[OURS:PVTv2-B0][280/300] loss=1.1449 ce=1.1449 guidance=0.0000 beta=0.00 train_acc=73.01% test_acc=52.07% best=52.69% lr=1.0960601e-05 time=12.8s est_300=1h 02m 05s
[OURS:PVTv2-B0][281/300] loss=1.1297 ce=1.1297 guidance=0.0000 beta=0.00 train_acc=73.28% test_acc=52.23% best=52.69% lr=1.0408469e-05 time=12.6s est_300=1h 02m 05s
[OURS:PVTv2-B0][282/300] loss=1.1900 ce=1.1900 guidance=0.0000 beta=0.00 train_acc=71.37% test_acc=51.92% best=52.69% lr=9.8828843e-06 time=13.4s est_300=1h 02m 06s
[OURS:PVTv2-B0][283/300] loss=1.1598 ce=1.1598 guidance=0.0000 beta=0.00 train_acc=72.10% test_acc=51.85% best=52.69% lr=9.3839054e-06 time=12.5s est_300=1h 02m 07s
[OURS:PVTv2-B0][284/300] loss=1.1550 ce=1.1550 guidance=0.0000 beta=0.00 train_acc=71.88% test_acc=52.14% best=52.69% lr=8.911587e-06 time=10.8s est_300=1h 02m 05s
[OURS:PVTv2-B0][285/300] loss=1.1589 ce=1.1589 guidance=0.0000 beta=0.00 train_acc=72.30% test_acc=51.90% best=52.69% lr=8.4659808e-06 time=13.4s est_300=1h 02m 06s
[OURS:PVTv2-B0][286/300] loss=1.1479 ce=1.1479 guidance=0.0000 beta=0.00 train_acc=72.08% test_acc=52.16% best=52.69% lr=8.0471357e-06 time=13.7s est_300=1h 02m 07s
[OURS:PVTv2-B0][287/300] loss=1.1492 ce=1.1492 guidance=0.0000 beta=0.00 train_acc=72.71% test_acc=51.76% best=52.69% lr=7.6550976e-06 time=13.1s est_300=1h 02m 08s
[OURS:PVTv2-B0][288/300] loss=1.1344 ce=1.1344 guidance=0.0000 beta=0.00 train_acc=72.54% test_acc=51.90% best=52.69% lr=7.2899095e-06 time=12.4s est_300=1h 02m 08s
[OURS:PVTv2-B0][289/300] loss=1.1378 ce=1.1378 guidance=0.0000 beta=0.00 train_acc=72.62% test_acc=51.79% best=52.69% lr=6.9516114e-06 time=13.4s est_300=1h 02m 09s
[OURS:PVTv2-B0][290/300] loss=1.1411 ce=1.1411 guidance=0.0000 beta=0.00 train_acc=72.49% test_acc=52.07% best=52.69% lr=6.6402405e-06 time=13.9s est_300=1h 02m 10s
[OURS:PVTv2-B0][291/300] loss=1.1749 ce=1.1749 guidance=0.0000 beta=0.00 train_acc=71.72% test_acc=51.88% best=52.69% lr=6.3558309e-06 time=13.5s est_300=1h 02m 11s
[OURS:PVTv2-B0][292/300] loss=1.1052 ce=1.1052 guidance=0.0000 beta=0.00 train_acc=73.83% test_acc=52.02% best=52.69% lr=6.0984138e-06 time=13.1s est_300=1h 02m 12s
[OURS:PVTv2-B0][293/300] loss=1.1253 ce=1.1253 guidance=0.0000 beta=0.00 train_acc=72.94% test_acc=51.90% best=52.69% lr=5.8680173e-06 time=13.1s est_300=1h 02m 13s
[OURS:PVTv2-B0][294/300] loss=1.1449 ce=1.1449 guidance=0.0000 beta=0.00 train_acc=72.20% test_acc=51.83% best=52.69% lr=5.6646669e-06 time=11.7s est_300=1h 02m 12s
[OURS:PVTv2-B0][295/300] loss=1.1561 ce=1.1561 guidance=0.0000 beta=0.00 train_acc=71.89% test_acc=51.79% best=52.69% lr=5.4883847e-06 time=12.3s est_300=1h 02m 12s
[OURS:PVTv2-B0][296/300] loss=1.1223 ce=1.1223 guidance=0.0000 beta=0.00 train_acc=73.13% test_acc=51.54% best=52.69% lr=5.3391901e-06 time=13.3s est_300=1h 02m 13s
[OURS:PVTv2-B0][297/300] loss=1.1227 ce=1.1227 guidance=0.0000 beta=0.00 train_acc=73.32% test_acc=52.11% best=52.69% lr=5.2170996e-06 time=14.1s est_300=1h 02m 14s
[OURS:PVTv2-B0][298/300] loss=1.1558 ce=1.1558 guidance=0.0000 beta=0.00 train_acc=72.83% test_acc=51.92% best=52.69% lr=5.1221263e-06 time=12.6s est_300=1h 02m 15s
[OURS:PVTv2-B0][299/300] loss=1.1347 ce=1.1347 guidance=0.0000 beta=0.00 train_acc=72.50% test_acc=51.85% best=52.69% lr=5.0542808e-06 time=11.7s est_300=1h 02m 14s
[OURS:PVTv2-B0][300/300] loss=1.1141 ce=1.1141 guidance=0.0000 beta=0.00 train_acc=73.06% test_acc=52.04% best=52.69% lr=5.0135706e-06 time=10.7s est_300=1h 02m 12s
[TIMING_RESULT] student=PVTv2-B0 method=OURS batch=128 avg_epoch=12.44s estimated_300=1h 02m 12s
[FINAL_RESULT] summary=/app/output/table1_cub200_pvtv2_b0_all_full_seed1/students/table1_cub200_pvtv2_b0_ours_b128_full_300ep_seed1/summary.json
[DONE] Table-1 CUB student task completed successfully.
[STUDENT_IDENTITY_CHECK_TABLE1_CUB200] status=PASS student=PVTv2-B0 method=OursB128 batch=128 teacher=06f75192b1c108c89e480843cb4f72dfb28aa762d7b11e7ac327333dd54b51f5
[TASK_DONE] 5/5 PVTv2-B0/OursB128 elapsed=1h 02m 35s
================================================================================================
[FINAL_TOP1_SUMMARY_TABLE1_CUB200_BACKBONE_ALL] student=PVTv2-B0 Teacher=36.40% Vanilla=47.15% LG=45.43% ALG=50.05% OursB64=52.73% OursB128=52.69%
[SEQUENCE_DONE_TABLE1_CUB200_BACKBONE_ALL] student=PVTv2-B0 completed_tasks=5/5
[FINAL_RESULT] summary=/app/output/table1_cub200_pvtv2_b0_all_full_seed1/final_summary.json
