[BOOT] Python process started: /usr/bin/python
[BOOT] timm not found; installing timm==1.0.27
Collecting timm==1.0.27
  Downloading timm-1.0.27-py3-none-any.whl.metadata (40 kB)
Requirement already satisfied: torch in /usr/local/lib/python3.10/dist-packages (from timm==1.0.27) (2.11.0)
Requirement already satisfied: torchvision in /usr/local/lib/python3.10/dist-packages (from timm==1.0.27) (0.26.0)
Requirement already satisfied: pyyaml in /usr/local/lib/python3.10/dist-packages (from timm==1.0.27) (6.0.3)
Requirement already satisfied: huggingface_hub in /usr/local/lib/python3.10/dist-packages (from timm==1.0.27) (1.17.0)
Requirement already satisfied: safetensors in /usr/local/lib/python3.10/dist-packages (from timm==1.0.27) (0.7.0)
Requirement already satisfied: click>=8.4.0 in /usr/local/lib/python3.10/dist-packages (from huggingface_hub->timm==1.0.27) (8.4.1)
Requirement already satisfied: filelock>=3.10.0 in /usr/local/lib/python3.10/dist-packages (from huggingface_hub->timm==1.0.27) (3.29.0)
Requirement already satisfied: fsspec>=2023.5.0 in /usr/local/lib/python3.10/dist-packages (from huggingface_hub->timm==1.0.27) (2026.2.0)
Requirement already satisfied: hf-xet<2.0.0,>=1.4.3 in /usr/local/lib/python3.10/dist-packages (from huggingface_hub->timm==1.0.27) (1.5.0)
Requirement already satisfied: httpx<1,>=0.23.0 in /usr/local/lib/python3.10/dist-packages (from huggingface_hub->timm==1.0.27) (0.28.1)
Requirement already satisfied: packaging>=20.9 in /usr/local/lib/python3.10/dist-packages (from huggingface_hub->timm==1.0.27) (26.2)
Requirement already satisfied: tqdm>=4.42.1 in /usr/local/lib/python3.10/dist-packages (from huggingface_hub->timm==1.0.27) (4.67.3)
Requirement already satisfied: typer<0.26.0,>=0.20.0 in /usr/local/lib/python3.10/dist-packages (from huggingface_hub->timm==1.0.27) (0.25.1)
Requirement already satisfied: typing-extensions>=4.1.0 in /usr/local/lib/python3.10/dist-packages (from huggingface_hub->timm==1.0.27) (4.15.0)
Requirement already satisfied: anyio in /usr/local/lib/python3.10/dist-packages (from httpx<1,>=0.23.0->huggingface_hub->timm==1.0.27) (4.13.0)
Requirement already satisfied: certifi in /usr/local/lib/python3.10/dist-packages (from httpx<1,>=0.23.0->huggingface_hub->timm==1.0.27) (2026.5.20)
Requirement already satisfied: httpcore==1.* in /usr/local/lib/python3.10/dist-packages (from httpx<1,>=0.23.0->huggingface_hub->timm==1.0.27) (1.0.9)
Requirement already satisfied: idna in /usr/local/lib/python3.10/dist-packages (from httpx<1,>=0.23.0->huggingface_hub->timm==1.0.27) (3.18)
Requirement already satisfied: h11>=0.16 in /usr/local/lib/python3.10/dist-packages (from httpcore==1.*->httpx<1,>=0.23.0->huggingface_hub->timm==1.0.27) (0.16.0)
Requirement already satisfied: shellingham>=1.3.0 in /usr/local/lib/python3.10/dist-packages (from typer<0.26.0,>=0.20.0->huggingface_hub->timm==1.0.27) (1.5.4)
Requirement already satisfied: rich>=13.8.0 in /usr/local/lib/python3.10/dist-packages (from typer<0.26.0,>=0.20.0->huggingface_hub->timm==1.0.27) (15.0.0)
Requirement already satisfied: annotated-doc>=0.0.2 in /usr/local/lib/python3.10/dist-packages (from typer<0.26.0,>=0.20.0->huggingface_hub->timm==1.0.27) (0.0.4)
Requirement already satisfied: markdown-it-py>=2.2.0 in /usr/local/lib/python3.10/dist-packages (from rich>=13.8.0->typer<0.26.0,>=0.20.0->huggingface_hub->timm==1.0.27) (4.2.0)
Requirement already satisfied: pygments<3.0.0,>=2.13.0 in /usr/local/lib/python3.10/dist-packages (from rich>=13.8.0->typer<0.26.0,>=0.20.0->huggingface_hub->timm==1.0.27) (2.20.0)
Requirement already satisfied: mdurl~=0.1 in /usr/local/lib/python3.10/dist-packages (from markdown-it-py>=2.2.0->rich>=13.8.0->typer<0.26.0,>=0.20.0->huggingface_hub->timm==1.0.27) (0.1.2)
Requirement already satisfied: exceptiongroup>=1.0.2 in /usr/local/lib/python3.10/dist-packages (from anyio->httpx<1,>=0.23.0->huggingface_hub->timm==1.0.27) (1.3.1)
Requirement already satisfied: setuptools<82 in /usr/local/lib/python3.10/dist-packages (from torch->timm==1.0.27) (70.2.0)
Requirement already satisfied: sympy>=1.13.3 in /usr/local/lib/python3.10/dist-packages (from torch->timm==1.0.27) (1.14.0)
Requirement already satisfied: networkx>=2.5.1 in /usr/local/lib/python3.10/dist-packages (from torch->timm==1.0.27) (3.4.2)
Requirement already satisfied: jinja2 in /usr/local/lib/python3.10/dist-packages (from torch->timm==1.0.27) (3.1.6)
Requirement already satisfied: cuda-toolkit==13.0.2 in /usr/local/lib/python3.10/dist-packages (from cuda-toolkit[cublas,cudart,cufft,cufile,cupti,curand,cusolver,cusparse,nvjitlink,nvrtc,nvtx]==13.0.2; platform_system == "Linux"->torch->timm==1.0.27) (13.0.2)
Requirement already satisfied: cuda-bindings<14,>=13.0.3 in /usr/local/lib/python3.10/dist-packages (from torch->timm==1.0.27) (13.3.1)
Requirement already satisfied: nvidia-cudnn-cu13==9.19.0.56 in /usr/local/lib/python3.10/dist-packages (from torch->timm==1.0.27) (9.19.0.56)
Requirement already satisfied: nvidia-cusparselt-cu13==0.8.0 in /usr/local/lib/python3.10/dist-packages (from torch->timm==1.0.27) (0.8.0)
Requirement already satisfied: nvidia-nccl-cu13==2.28.9 in /usr/local/lib/python3.10/dist-packages (from torch->timm==1.0.27) (2.28.9)
Requirement already satisfied: nvidia-nvshmem-cu13==3.4.5 in /usr/local/lib/python3.10/dist-packages (from torch->timm==1.0.27) (3.4.5)
Requirement already satisfied: triton==3.6.0 in /usr/local/lib/python3.10/dist-packages (from torch->timm==1.0.27) (3.6.0)
Requirement already satisfied: nvidia-cuda-runtime==13.0.96.* in /usr/local/lib/python3.10/dist-packages (from cuda-toolkit[cublas,cudart,cufft,cufile,cupti,curand,cusolver,cusparse,nvjitlink,nvrtc,nvtx]==13.0.2; platform_system == "Linux"->torch->timm==1.0.27) (13.0.96)
Requirement already satisfied: nvidia-cublas==13.1.0.3.* in /usr/local/lib/python3.10/dist-packages (from cuda-toolkit[cublas,cudart,cufft,cufile,cupti,curand,cusolver,cusparse,nvjitlink,nvrtc,nvtx]==13.0.2; platform_system == "Linux"->torch->timm==1.0.27) (13.1.0.3)
Requirement already satisfied: nvidia-nvjitlink==13.0.88.* in /usr/local/lib/python3.10/dist-packages (from cuda-toolkit[cublas,cudart,cufft,cufile,cupti,curand,cusolver,cusparse,nvjitlink,nvrtc,nvtx]==13.0.2; platform_system == "Linux"->torch->timm==1.0.27) (13.0.88)
Requirement already satisfied: nvidia-cuda-cupti==13.0.85.* in /usr/local/lib/python3.10/dist-packages (from cuda-toolkit[cublas,cudart,cufft,cufile,cupti,curand,cusolver,cusparse,nvjitlink,nvrtc,nvtx]==13.0.2; platform_system == "Linux"->torch->timm==1.0.27) (13.0.85)
Requirement already satisfied: nvidia-cuda-nvrtc==13.0.88.* in /usr/local/lib/python3.10/dist-packages (from cuda-toolkit[cublas,cudart,cufft,cufile,cupti,curand,cusolver,cusparse,nvjitlink,nvrtc,nvtx]==13.0.2; platform_system == "Linux"->torch->timm==1.0.27) (13.0.88)
Requirement already satisfied: nvidia-cusolver==12.0.4.66.* in /usr/local/lib/python3.10/dist-packages (from cuda-toolkit[cublas,cudart,cufft,cufile,cupti,curand,cusolver,cusparse,nvjitlink,nvrtc,nvtx]==13.0.2; platform_system == "Linux"->torch->timm==1.0.27) (12.0.4.66)
Requirement already satisfied: nvidia-nvtx==13.0.85.* in /usr/local/lib/python3.10/dist-packages (from cuda-toolkit[cublas,cudart,cufft,cufile,cupti,curand,cusolver,cusparse,nvjitlink,nvrtc,nvtx]==13.0.2; platform_system == "Linux"->torch->timm==1.0.27) (13.0.85)
Requirement already satisfied: nvidia-cusparse==12.6.3.3.* in /usr/local/lib/python3.10/dist-packages (from cuda-toolkit[cublas,cudart,cufft,cufile,cupti,curand,cusolver,cusparse,nvjitlink,nvrtc,nvtx]==13.0.2; platform_system == "Linux"->torch->timm==1.0.27) (12.6.3.3)
Requirement already satisfied: nvidia-cufft==12.0.0.61.* in /usr/local/lib/python3.10/dist-packages (from cuda-toolkit[cublas,cudart,cufft,cufile,cupti,curand,cusolver,cusparse,nvjitlink,nvrtc,nvtx]==13.0.2; platform_system == "Linux"->torch->timm==1.0.27) (12.0.0.61)
Requirement already satisfied: nvidia-cufile==1.15.1.6.* in /usr/local/lib/python3.10/dist-packages (from cuda-toolkit[cublas,cudart,cufft,cufile,cupti,curand,cusolver,cusparse,nvjitlink,nvrtc,nvtx]==13.0.2; platform_system == "Linux"->torch->timm==1.0.27) (1.15.1.6)
Requirement already satisfied: nvidia-curand==10.4.0.35.* in /usr/local/lib/python3.10/dist-packages (from cuda-toolkit[cublas,cudart,cufft,cufile,cupti,curand,cusolver,cusparse,nvjitlink,nvrtc,nvtx]==13.0.2; platform_system == "Linux"->torch->timm==1.0.27) (10.4.0.35)
Requirement already satisfied: cuda-pathfinder>=1.4.2 in /usr/local/lib/python3.10/dist-packages (from cuda-bindings<14,>=13.0.3->torch->timm==1.0.27) (1.5.5)
Requirement already satisfied: mpmath<1.4,>=1.1.0 in /usr/local/lib/python3.10/dist-packages (from sympy>=1.13.3->torch->timm==1.0.27) (1.3.0)
Requirement already satisfied: MarkupSafe>=2.0 in /usr/local/lib/python3.10/dist-packages (from jinja2->torch->timm==1.0.27) (3.0.3)
Requirement already satisfied: numpy in /usr/local/lib/python3.10/dist-packages (from torchvision->timm==1.0.27) (2.2.6)
Requirement already satisfied: pillow!=8.3.*,>=5.3.0 in /usr/local/lib/python3.10/dist-packages (from torchvision->timm==1.0.27) (12.2.0)
Downloading timm-1.0.27-py3-none-any.whl (2.6 MB)
   ━━━━━━━━━━━━━━━━━━━━━━━━━━━━━━━━━━━━━━━━ 2.6/2.6 MB 28.6 MB/s  0:00:00
Installing collected packages: timm
Successfully installed timm-1.0.27
WARNING: Running pip as the 'root' user can result in broken permissions and conflicting behaviour with the system package manager, possibly rendering your system unusable. It is recommended to use a virtual environment instead: https://pip.pypa.io/warnings/venv. Use the --root-user-action option if you know what you are doing and want to suppress this warning.
[BOOT] timm installation completed
========================================================================
OURS / TEACHER-32 -> DEIT-TI
========================================================================
[ENV] python=3.10.12 torch=2.11.0+cu130 timm=1.0.27 torchvision=0.26.0+cu130
[ENV] cuda_available=True cuda_device_count=1
[ENV] gpu_name=NVIDIA H200 NVL
[ENV] gpu_memory_gib=139.80
[ENV] device=cuda amp=False seed=1
[PATH] data_dir=/app/scratch/input/kau-aimslab_522/data
[PATH] teacher_root=/app/scratch/input/kau-aimslab_522/teachers/checkpoints
[PATH] run_dir=/app/output/ours_v1_cifar100_batch128_300ep_seed1
[MODE] smoke=False timing_run=False student_epochs=300 planned_epochs=300
[PROTOCOL] name=cifar100_deit_ti_ours_researcher_sync_v1_batch128 optimizer=AdamW lr=0.0005 min_lr=5e-06 weight_decay=0.05 warmup=20 cosine batch=128 image=224 label_smoothing=0.0 drop_path=0.1 student_pretrained=False student_pretrained_source=none base=lg_official
[ALG_BASE] eval_batch=200 warmup_factor=0.001 fp32=True color_jitter=0.4 auto_augment=rand-m9-mstd0.5-inc1 random_erasing=0.25/pixel/1 interpolation=bicubic normalization=ImageNet drop_last_train=True
[INPUT] shared_geometry=True student=224x224(cifar100 norm) teacher=student_view_to_32x32(ImageNet norm) eval_resize=direct
[OURS] loss=CE+beta(e)*(lambda*L_fuse+(1-lambda)*L_align) beta_on=2.5 lambda=0.5
[OURS] student_blocks=all_12 aggregation=learnable_uniform_init teacher_stages=1/2/3 teacher_input=32 student_grid=14x14 stage_grid=larger projection=1x1 deform_kernel=5 qkv_kernel=1 heads=4
[BETA] schedule=researcher_exact beta_on=2.5 metric=L_feature_combined threshold=-0.02 smoothing_window=50 controller_warm_up=20 stop_condition=smoothed_derivative>threshold epoch_numbering=one_based_adapter
[BETA] Researcher implementation: record epoch-average complete guidance loss, do not stop before warm-up, then permanently switch to CE-only when the smoothed derivative is strictly above tau.
[SOURCE] provided_snippet_sha256=8649078970b93d750a956994611b65cdec0c24f907d35d86f29d635e8a3b8624
[REPRO_STATUS] Paper-confirmed: default lambda=0.5; active lambda=0.5, ALG beta=2.5, tau=-0.02 and 50-epoch smoothing, all-block aggregation, 1x1 projection/QKV, bilinear grid alignment, 5x5 deformable attention, and frozen teacher. Active grid policy=supplied-source larger-grid policy.
[REPRO_STATUS] Researcher-synchronized choices: the complete 0.5*L_fuse+0.5*L_align guidance loss drives the controller; the controller has a 20-epoch stop warm-up and no descent-first guard. Attention heads/reduction/loss reduction follow the supplied source.
[DATA] CIFAR-100 root=/app/scratch/input/kau-aimslab_522/data
[DATA] Preparing CIFAR-100 with verified mirror fallback
[DATA] Attempt source=Hugging Face mirror try=1/2
[DATA] Download source=Hugging Face mirror url=https://huggingface.co/datasets/nakroy/cifar100-python/resolve/201a32345d2c6b970e1a36c582930c83e09c96d2/cifar-100-python.tar.gz
[DATA] Download progress source=Hugging Face mirror 10% (17.0 MiB)
[DATA] Download progress source=Hugging Face mirror 20% (33.0 MiB)
[DATA] Download progress source=Hugging Face mirror 30% (49.0 MiB)
[DATA] Download progress source=Hugging Face mirror 40% (65.0 MiB)
[DATA] Download progress source=Hugging Face mirror 50% (81.0 MiB)
[DATA] Download progress source=Hugging Face mirror 60% (97.0 MiB)
[DATA] Download progress source=Hugging Face mirror 70% (113.0 MiB)
[DATA] Download progress source=Hugging Face mirror 80% (129.0 MiB)
[DATA] Download progress source=Hugging Face mirror 90% (146.0 MiB)
[DATA] Download progress source=Hugging Face mirror 100% (161.2 MiB)
[DATA] Download verified source=Hugging Face mirror size=161.2 MiB md5=eb9058c3a382ffc7106e4002c42a8d85
[DATA] Extracting verified archive from Hugging Face mirror
[DATA] CIFAR-100 ready from Hugging Face mirror
[DATA] train_samples=50000 test_samples=10000
[DATA] student_image=224 teacher_image=32 train_batch=128 eval_batch=200 num_workers=4 drop_last_train=True smoke=False split=train:official_train eval:official_test eval_interpolation=bicubic
[TEACHER] selected=best epoch=300 top1=71.91% sha256=e4ec5192d1e3fd06bbf8eb4e6b53790a73917bcdfb4e4e31083bc388f6488052
[TEACHER_NATIVE_AUDIT] checkpoint_top1=71.91% native_direct_32px_top1=71.90% gap=-0.01pp
[TEACHER_SHARED_VIEW] resize_224_to_32px_top1=71.91% gap_to_native_checkpoint=+0.00pp diagnostic_only=True feature_path=source_faithful
[MODEL] teacher_params=861,620 student=deit_tiny_patch16_224 student_params=5,543,716 ours_trainable_params=55,901
[FEATURE_CHECK] teacher_raw=[(2, 16, 32, 32), (2, 32, 16, 16), (2, 64, 8, 8)] student_blocks=12x(2, 192, 14, 14) stage_targets=[(2, 16, 32, 32), (2, 32, 16, 16), (2, 64, 14, 14)] aligned=[(2, 16, 32, 32), (2, 32, 16, 16), (2, 64, 14, 14)] fused=[(2, 16, 32, 32), (2, 32, 16, 16), (2, 64, 14, 14)] probe_align=14.0865 probe_fuse=16.4521
[AGGREGATION_INIT] stage1[b9=0.083,b7=0.083,b8=0.083] stage2[b9=0.083,b7=0.083,b8=0.083] stage3[b9=0.083,b7=0.083,b8=0.083]
[STUDENT] optimizer=adamw lr=0.0005 weight_decay=0.05 epochs=300 effective_warmup=20
[OURS][001/300] loss=107.6493 ce=4.6254 align=39.6598 fuse=42.7593 feature=41.2095 beta=2.5000 guidance_active_next=True alg_raw_derivative=n/a alg_smoothed_derivative=n/a guidance_stop_epoch=None train_acc=1.14% val_acc=1.63% best=1.63% lr=5e-07 time=45.0s avg_epoch=45.0s est_planned=3h 45m 04s elapsed=45s saved_best
[OURS][002/300] loss=79.3380 ce=4.6123 align=22.6343 fuse=37.1463 feature=29.8903 beta=2.5000 guidance_active_next=True alg_raw_derivative=-5.659624 alg_smoothed_derivative=n/a guidance_stop_epoch=None train_acc=1.05% val_acc=1.71% best=1.71% lr=2.5475e-05 time=46.3s avg_epoch=45.7s est_planned=3h 48m 17s elapsed=1m 31s saved_best
[OURS][003/300] loss=62.1711 ce=4.5738 align=19.2231 fuse=26.8547 feature=23.0389 beta=2.5000 guidance_active_next=True alg_raw_derivative=-4.170332 alg_smoothed_derivative=n/a guidance_stop_epoch=None train_acc=1.76% val_acc=2.89% best=2.89% lr=5.045e-05 time=43.8s avg_epoch=45.0s est_planned=3h 45m 13s elapsed=2m 15s saved_best
[OURS][004/300] loss=54.1597 ce=4.4444 align=17.9164 fuse=21.8559 feature=19.8861 beta=2.5000 guidance_active_next=True alg_raw_derivative=-2.873370 alg_smoothed_derivative=n/a guidance_stop_epoch=None train_acc=3.38% val_acc=7.46% best=7.46% lr=7.5425e-05 time=44.5s avg_epoch=44.9s est_planned=3h 44m 35s elapsed=3m 00s saved_best
[OURS][005/300] loss=50.0935 ce=4.2284 align=16.9877 fuse=19.7045 feature=18.3461 beta=2.5000 guidance_active_next=True alg_raw_derivative=-2.032031 alg_smoothed_derivative=n/a guidance_stop_epoch=None train_acc=6.47% val_acc=12.37% best=12.37% lr=0.0001004 time=46.3s avg_epoch=45.2s est_planned=3h 45m 56s elapsed=3m 46s saved_best
[OURS][006/300] loss=46.8694 ce=3.9814 align=16.2364 fuse=18.0740 feature=17.1552 beta=2.5000 guidance_active_next=True alg_raw_derivative=-1.553165 alg_smoothed_derivative=n/a guidance_stop_epoch=None train_acc=9.73% val_acc=18.06% best=18.06% lr=0.000125375 time=45.0s avg_epoch=45.1s est_planned=3h 45m 45s elapsed=4m 31s saved_best
[OURS][007/300] loss=44.2323 ce=3.7545 align=15.7689 fuse=16.6134 feature=16.1911 beta=2.5000 guidance_active_next=True alg_raw_derivative=-1.247127 alg_smoothed_derivative=n/a guidance_stop_epoch=None train_acc=13.17% val_acc=22.79% best=22.79% lr=0.00015035 time=44.2s avg_epoch=45.0s est_planned=3h 45m 03s elapsed=5m 16s saved_best
[OURS][008/300] loss=41.4367 ce=3.5810 align=15.3045 fuse=14.9801 feature=15.1423 beta=2.5000 guidance_active_next=True alg_raw_derivative=-1.066451 alg_smoothed_derivative=n/a guidance_stop_epoch=None train_acc=16.11% val_acc=25.47% best=25.47% lr=0.000175325 time=46.1s avg_epoch=45.1s est_planned=3h 45m 42s elapsed=6m 02s saved_best
[OURS][009/300] loss=38.8163 ce=3.4369 align=14.8506 fuse=13.4530 feature=14.1518 beta=2.5000 guidance_active_next=True alg_raw_derivative=-0.939520 alg_smoothed_derivative=n/a guidance_stop_epoch=None train_acc=18.16% val_acc=30.63% best=30.63% lr=0.0002003 time=45.7s avg_epoch=45.2s est_planned=3h 46m 01s elapsed=6m 48s saved_best
[OURS][010/300] loss=36.6900 ce=3.3144 align=14.3695 fuse=12.3309 feature=13.3502 beta=2.5000 guidance_active_next=True alg_raw_derivative=-0.831769 alg_smoothed_derivative=n/a guidance_stop_epoch=None train_acc=20.58% val_acc=34.92% best=34.92% lr=0.000225275 time=44.6s avg_epoch=45.1s est_planned=3h 45m 44s elapsed=7m 33s saved_best
[OURS][011/300] loss=35.0875 ce=3.1801 align=13.9836 fuse=11.5423 feature=12.7629 beta=2.5000 guidance_active_next=True alg_raw_derivative=-0.733928 alg_smoothed_derivative=n/a guidance_stop_epoch=None train_acc=23.15% val_acc=38.95% best=38.95% lr=0.00025025 time=44.4s avg_epoch=45.1s est_planned=3h 45m 23s elapsed=8m 17s saved_best
[OURS][012/300] loss=33.7457 ce=3.0625 align=13.6463 fuse=10.9003 feature=12.2733 beta=2.5000 guidance_active_next=True alg_raw_derivative=-0.652411 alg_smoothed_derivative=n/a guidance_stop_epoch=None train_acc=25.21% val_acc=41.36% best=41.36% lr=0.000275225 time=46.0s avg_epoch=45.2s est_planned=3h 45m 47s elapsed=9m 03s saved_best
[OURS][013/300] loss=32.4118 ce=2.9648 align=13.2620 fuse=10.2956 feature=11.7788 beta=2.5000 guidance_active_next=True alg_raw_derivative=-0.590080 alg_smoothed_derivative=n/a guidance_stop_epoch=None train_acc=27.05% val_acc=45.24% best=45.24% lr=0.0003002 time=45.1s avg_epoch=45.1s est_planned=3h 45m 45s elapsed=9m 48s saved_best
[OURS][014/300] loss=30.7860 ce=2.8637 align=12.7693 fuse=9.5686 feature=11.1689 beta=2.5000 guidance_active_next=True alg_raw_derivative=-0.549342 alg_smoothed_derivative=n/a guidance_stop_epoch=None train_acc=29.09% val_acc=47.68% best=47.68% lr=0.000325175 time=44.7s avg_epoch=45.1s est_planned=3h 45m 36s elapsed=10m 33s saved_best
[OURS][015/300] loss=29.3160 ce=2.7730 align=12.2583 fuse=8.9761 feature=10.6172 beta=2.5000 guidance_active_next=True alg_raw_derivative=-0.512881 alg_smoothed_derivative=n/a guidance_stop_epoch=None train_acc=31.04% val_acc=49.82% best=49.82% lr=0.00035015 time=44.8s avg_epoch=45.1s est_planned=3h 45m 29s elapsed=11m 18s saved_best
[OURS][016/300] loss=28.0382 ce=2.6832 align=11.7977 fuse=8.4863 feature=10.1420 beta=2.5000 guidance_active_next=True alg_raw_derivative=-0.478472 alg_smoothed_derivative=n/a guidance_stop_epoch=None train_acc=32.63% val_acc=51.85% best=51.85% lr=0.000375125 time=45.8s avg_epoch=45.1s est_planned=3h 45m 42s elapsed=12m 04s saved_best
[OURS][017/300] loss=26.9547 ce=2.6027 align=11.3972 fuse=8.0843 feature=9.7408 beta=2.5000 guidance_active_next=True alg_raw_derivative=-0.445780 alg_smoothed_derivative=n/a guidance_stop_epoch=None train_acc=34.40% val_acc=53.95% best=53.95% lr=0.0004001 time=45.2s avg_epoch=45.1s est_planned=3h 45m 44s elapsed=12m 49s saved_best
[OURS][018/300] loss=26.0066 ce=2.5344 align=11.0326 fuse=7.7452 feature=9.3889 beta=2.5000 guidance_active_next=True alg_raw_derivative=-0.415799 alg_smoothed_derivative=n/a guidance_stop_epoch=None train_acc=35.93% val_acc=55.81% best=55.81% lr=0.000425075 time=46.1s avg_epoch=45.2s est_planned=3h 45m 59s elapsed=13m 36s saved_best
[OURS][019/300] loss=25.1460 ce=2.4647 align=10.6980 fuse=7.4471 feature=9.0725 beta=2.5000 guidance_active_next=True alg_raw_derivative=-0.388680 alg_smoothed_derivative=n/a guidance_stop_epoch=None train_acc=37.62% val_acc=58.40% best=58.40% lr=0.00045005 time=45.0s avg_epoch=45.2s est_planned=3h 45m 56s elapsed=14m 21s saved_best
[OURS][020/300] loss=24.5033 ce=2.4022 align=10.4406 fuse=7.2403 feature=8.8404 beta=2.5000 guidance_active_next=True alg_raw_derivative=-0.361417 alg_smoothed_derivative=-1.342220 guidance_stop_epoch=None train_acc=38.92% val_acc=59.95% best=59.95% lr=0.000475025 time=45.4s avg_epoch=45.2s est_planned=3h 45m 59s elapsed=15m 06s saved_best
[OURS][021/300] loss=23.8306 ce=2.3424 align=10.1631 fuse=7.0275 feature=8.5953 beta=2.5000 guidance_active_next=True alg_raw_derivative=-0.338671 alg_smoothed_derivative=-1.292042 guidance_stop_epoch=None train_acc=40.09% val_acc=60.48% best=60.48% lr=0.000494592 time=45.8s avg_epoch=45.2s est_planned=3h 46m 07s elapsed=15m 52s saved_best
[OURS][022/300] loss=23.2223 ce=2.2897 align=9.9067 fuse=6.8393 feature=8.3730 beta=2.5000 guidance_active_next=True alg_raw_derivative=-0.317985 alg_smoothed_derivative=-1.245659 guidance_stop_epoch=None train_acc=41.38% val_acc=62.73% best=62.73% lr=0.000494039 time=45.3s avg_epoch=45.2s est_planned=3h 46m 09s elapsed=16m 38s saved_best
[OURS][023/300] loss=22.6811 ce=2.2274 align=9.6897 fuse=6.6733 feature=8.1815 beta=2.5000 guidance_active_next=True alg_raw_derivative=-0.298661 alg_smoothed_derivative=-1.202613 guidance_stop_epoch=None train_acc=42.70% val_acc=63.27% best=63.27% lr=0.000493461 time=45.4s avg_epoch=45.2s est_planned=3h 46m 12s elapsed=17m 23s saved_best
[OURS][024/300] loss=22.1856 ce=2.1944 align=9.4794 fuse=6.5136 feature=7.9965 beta=2.5000 guidance_active_next=True alg_raw_derivative=-0.281481 alg_smoothed_derivative=-1.162564 guidance_stop_epoch=None train_acc=43.60% val_acc=64.21% best=64.21% lr=0.000492856 time=45.8s avg_epoch=45.3s est_planned=3h 46m 18s elapsed=18m 09s saved_best
[OURS][025/300] loss=21.7322 ce=2.1384 align=9.3043 fuse=6.3707 feature=7.8375 beta=2.5000 guidance_active_next=True alg_raw_derivative=-0.265322 alg_smoothed_derivative=-1.125179 guidance_stop_epoch=None train_acc=44.64% val_acc=66.14% best=66.14% lr=0.000492224 time=45.6s avg_epoch=45.3s est_planned=3h 46m 23s elapsed=18m 55s saved_best
[OURS][026/300] loss=21.3160 ce=2.0974 align=9.1416 fuse=6.2333 feature=7.6875 beta=2.5000 guidance_active_next=True alg_raw_derivative=-0.250684 alg_smoothed_derivative=-1.090199 guidance_stop_epoch=None train_acc=45.51% val_acc=64.89% best=66.14% lr=0.000491567 time=46.5s avg_epoch=45.3s est_planned=3h 46m 37s elapsed=19m 41s
[OURS][027/300] loss=20.9527 ce=2.0832 align=8.9867 fuse=6.1090 feature=7.5478 beta=2.5000 guidance_active_next=True alg_raw_derivative=-0.237287 alg_smoothed_derivative=-1.057395 guidance_stop_epoch=None train_acc=46.03% val_acc=66.37% best=66.37% lr=0.000490883 time=44.0s avg_epoch=45.3s est_planned=3h 46m 22s elapsed=20m 25s saved_best
[OURS][028/300] loss=20.6301 ce=2.0495 align=8.8552 fuse=6.0092 feature=7.4322 beta=2.5000 guidance_active_next=True alg_raw_derivative=-0.224466 alg_smoothed_derivative=-1.026546 guidance_stop_epoch=None train_acc=46.92% val_acc=67.15% best=67.15% lr=0.000490173 time=45.0s avg_epoch=45.3s est_planned=3h 46m 19s elapsed=21m 11s saved_best
[OURS][029/300] loss=20.3741 ce=2.0176 align=8.7552 fuse=5.9300 feature=7.3426 beta=2.5000 guidance_active_next=True alg_raw_derivative=-0.212076 alg_smoothed_derivative=-0.997458 guidance_stop_epoch=None train_acc=47.55% val_acc=67.62% best=67.62% lr=0.000489437 time=44.2s avg_epoch=45.2s est_planned=3h 46m 08s elapsed=21m 55s saved_best
[OURS][030/300] loss=20.1429 ce=1.9966 align=8.6618 fuse=5.8552 feature=7.2585 beta=2.5000 guidance_active_next=True alg_raw_derivative=-0.200741 alg_smoothed_derivative=-0.969985 guidance_stop_epoch=None train_acc=47.86% val_acc=68.32% best=68.32% lr=0.000488674 time=45.5s avg_epoch=45.2s est_planned=3h 46m 11s elapsed=22m 41s saved_best
[OURS][031/300] loss=19.8432 ce=1.9702 align=8.5395 fuse=5.7589 feature=7.1492 beta=2.5000 guidance_active_next=True alg_raw_derivative=-0.191315 alg_smoothed_derivative=-0.944029 guidance_stop_epoch=None train_acc=48.58% val_acc=69.60% best=69.60% lr=0.000487886 time=42.2s avg_epoch=45.1s est_planned=3h 45m 41s elapsed=23m 23s saved_best
[OURS][032/300] loss=19.6110 ce=1.9371 align=8.4498 fuse=5.6894 feature=7.0696 beta=2.5000 guidance_active_next=True alg_raw_derivative=-0.181846 alg_smoothed_derivative=-0.919442 guidance_stop_epoch=None train_acc=49.36% val_acc=69.40% best=69.60% lr=0.000487073 time=45.7s avg_epoch=45.2s est_planned=3h 45m 47s elapsed=24m 09s
[OURS][033/300] loss=19.4516 ce=1.9324 align=8.3856 fuse=5.6298 feature=7.0077 beta=2.5000 guidance_active_next=True alg_raw_derivative=-0.172701 alg_smoothed_derivative=-0.896107 guidance_stop_epoch=None train_acc=49.58% val_acc=69.72% best=69.72% lr=0.000486233 time=43.0s avg_epoch=45.1s est_planned=3h 45m 28s elapsed=24m 52s saved_best
[OURS][034/300] loss=19.2177 ce=1.9070 align=8.2899 fuse=5.5586 feature=6.9242 beta=2.5000 guidance_active_next=True alg_raw_derivative=-0.164996 alg_smoothed_derivative=-0.873952 guidance_stop_epoch=None train_acc=50.23% val_acc=69.65% best=69.72% lr=0.000485368 time=44.7s avg_epoch=45.1s est_planned=3h 45m 25s elapsed=25m 37s
[OURS][035/300] loss=19.0116 ce=1.8989 align=8.1977 fuse=5.4924 feature=6.8451 beta=2.5000 guidance_active_next=True alg_raw_derivative=-0.157830 alg_smoothed_derivative=-0.852890 guidance_stop_epoch=None train_acc=50.36% val_acc=69.73% best=69.73% lr=0.000484477 time=45.6s avg_epoch=45.1s est_planned=3h 45m 29s elapsed=26m 22s saved_best
[OURS][036/300] loss=18.8408 ce=1.8811 align=8.1289 fuse=5.4389 feature=6.7839 beta=2.5000 guidance_active_next=True alg_raw_derivative=-0.150762 alg_smoothed_derivative=-0.832829 guidance_stop_epoch=None train_acc=50.71% val_acc=69.90% best=69.90% lr=0.000483561 time=45.5s avg_epoch=45.1s est_planned=3h 45m 32s elapsed=27m 08s saved_best
[OURS][037/300] loss=18.6476 ce=1.8659 align=8.0449 fuse=5.3805 feature=6.7127 beta=2.5000 guidance_active_next=True alg_raw_derivative=-0.144537 alg_smoothed_derivative=-0.813710 guidance_stop_epoch=None train_acc=51.16% val_acc=70.41% best=70.41% lr=0.00048262 time=46.8s avg_epoch=45.2s est_planned=3h 45m 45s elapsed=27m 55s saved_best
[OURS][038/300] loss=18.5834 ce=1.8431 align=8.0284 fuse=5.3639 feature=6.6961 beta=2.5000 guidance_active_next=True alg_raw_derivative=-0.137365 alg_smoothed_derivative=-0.795430 guidance_stop_epoch=None train_acc=51.77% val_acc=71.22% best=71.22% lr=0.000481653 time=42.6s avg_epoch=45.1s est_planned=3h 45m 25s elapsed=28m 37s saved_best
[OURS][039/300] loss=18.4026 ce=1.8315 align=7.9495 fuse=5.3074 feature=6.6284 beta=2.5000 guidance_active_next=True alg_raw_derivative=-0.132056 alg_smoothed_derivative=-0.777973 guidance_stop_epoch=None train_acc=51.83% val_acc=70.96% best=71.22% lr=0.000480661 time=45.5s avg_epoch=45.1s est_planned=3h 45m 29s elapsed=29m 23s
[OURS][040/300] loss=18.2409 ce=1.8287 align=7.8761 fuse=5.2537 feature=6.5649 beta=2.5000 guidance_active_next=True alg_raw_derivative=-0.127042 alg_smoothed_derivative=-0.761282 guidance_stop_epoch=None train_acc=51.85% val_acc=71.62% best=71.62% lr=0.000479644 time=43.8s avg_epoch=45.1s est_planned=3h 45m 19s elapsed=30m 07s saved_best
[OURS][041/300] loss=18.0583 ce=1.8189 align=7.7890 fuse=5.2025 feature=6.4957 beta=2.5000 guidance_active_next=True alg_raw_derivative=-0.122532 alg_smoothed_derivative=-0.745313 guidance_stop_epoch=None train_acc=52.16% val_acc=70.74% best=71.62% lr=0.000478603 time=46.3s avg_epoch=45.1s est_planned=3h 45m 28s elapsed=30m 53s
[OURS][042/300] loss=17.9793 ce=1.7983 align=7.7668 fuse=5.1779 feature=6.4724 beta=2.5000 guidance_active_next=True alg_raw_derivative=-0.117253 alg_smoothed_derivative=-0.729995 guidance_stop_epoch=None train_acc=52.66% val_acc=71.39% best=71.62% lr=0.000477536 time=45.1s avg_epoch=45.1s est_planned=3h 45m 28s elapsed=31m 38s
[OURS][043/300] loss=17.8239 ce=1.7805 align=7.6979 fuse=5.1368 feature=6.4174 beta=2.5000 guidance_active_next=True alg_raw_derivative=-0.113079 alg_smoothed_derivative=-0.715306 guidance_stop_epoch=None train_acc=53.18% val_acc=71.98% best=71.98% lr=0.000476445 time=45.2s avg_epoch=45.1s est_planned=3h 45m 29s elapsed=32m 24s saved_best
[OURS][044/300] loss=17.7254 ce=1.7758 align=7.6522 fuse=5.1074 feature=6.3798 beta=2.5000 guidance_active_next=True alg_raw_derivative=-0.108792 alg_smoothed_derivative=-0.701201 guidance_stop_epoch=None train_acc=53.10% val_acc=71.91% best=71.98% lr=0.000475329 time=41.7s avg_epoch=45.0s est_planned=3h 45m 05s elapsed=33m 05s
[OURS][045/300] loss=17.6649 ce=1.7634 align=7.6335 fuse=5.0877 feature=6.3606 beta=2.5000 guidance_active_next=True alg_raw_derivative=-0.104384 alg_smoothed_derivative=-0.687637 guidance_stop_epoch=None train_acc=53.69% val_acc=71.16% best=71.98% lr=0.000474189 time=45.9s avg_epoch=45.0s est_planned=3h 45m 11s elapsed=33m 51s
[OURS][046/300] loss=17.4643 ce=1.7448 align=7.5413 fuse=5.0343 feature=6.2878 beta=2.5000 guidance_active_next=True alg_raw_derivative=-0.101429 alg_smoothed_derivative=-0.674611 guidance_stop_epoch=None train_acc=54.04% val_acc=71.94% best=71.98% lr=0.000473024 time=44.9s avg_epoch=45.0s est_planned=3h 45m 10s elapsed=34m 36s
[OURS][047/300] loss=17.4488 ce=1.7483 align=7.5350 fuse=5.0254 feature=6.2802 beta=2.5000 guidance_active_next=True alg_raw_derivative=-0.097274 alg_smoothed_derivative=-0.662060 guidance_stop_epoch=None train_acc=53.90% val_acc=72.18% best=72.18% lr=0.000471835 time=44.7s avg_epoch=45.0s est_planned=3h 45m 08s elapsed=35m 21s saved_best
[OURS][048/300] loss=17.3548 ce=1.7322 align=7.4957 fuse=5.0023 feature=6.2490 beta=2.5000 guidance_active_next=True alg_raw_derivative=-0.093870 alg_smoothed_derivative=-0.649971 guidance_stop_epoch=None train_acc=54.36% val_acc=71.73% best=72.18% lr=0.000470623 time=45.0s avg_epoch=45.0s est_planned=3h 45m 08s elapsed=36m 06s
[OURS][049/300] loss=17.2399 ce=1.7253 align=7.4473 fuse=4.9643 feature=6.2058 beta=2.5000 guidance_active_next=True alg_raw_derivative=-0.090921 alg_smoothed_derivative=-0.638324 guidance_stop_epoch=None train_acc=54.68% val_acc=72.20% best=72.20% lr=0.000469386 time=45.9s avg_epoch=45.0s est_planned=3h 45m 13s elapsed=36m 52s saved_best
[OURS][050/300] loss=17.2070 ce=1.7245 align=7.4307 fuse=4.9553 feature=6.1930 beta=2.5000 guidance_active_next=True alg_raw_derivative=-0.087540 alg_smoothed_derivative=-0.627083 guidance_stop_epoch=None train_acc=54.66% val_acc=72.59% best=72.59% lr=0.000468125 time=43.1s avg_epoch=45.0s est_planned=3h 45m 02s elapsed=37m 36s saved_best
[OURS][051/300] loss=17.0819 ce=1.6966 align=7.3810 fuse=4.9273 feature=6.1541 beta=2.5000 guidance_active_next=True alg_raw_derivative=-0.701108 alg_smoothed_derivative=-0.628564 guidance_stop_epoch=None train_acc=55.33% val_acc=72.72% best=72.72% lr=0.000466841 time=46.0s avg_epoch=45.0s est_planned=3h 45m 08s elapsed=38m 22s saved_best
[OURS][052/300] loss=17.0189 ce=1.6994 align=7.3483 fuse=4.9073 feature=6.1278 beta=2.5000 guidance_active_next=True alg_raw_derivative=-0.475250 alg_smoothed_derivative=-0.524876 guidance_stop_epoch=None train_acc=55.09% val_acc=72.29% best=72.72% lr=0.000465534 time=46.9s avg_epoch=45.1s est_planned=3h 45m 19s elapsed=39m 09s
[OURS][053/300] loss=16.9400 ce=1.6993 align=7.3090 fuse=4.8835 feature=6.0962 beta=2.5000 guidance_active_next=True alg_raw_derivative=-0.338854 alg_smoothed_derivative=-0.448247 guidance_stop_epoch=None train_acc=55.26% val_acc=73.18% best=73.18% lr=0.000464203 time=45.9s avg_epoch=45.1s est_planned=3h 45m 23s elapsed=39m 55s saved_best
[OURS][054/300] loss=16.8760 ce=1.6761 align=7.2925 fuse=4.8674 feature=6.0800 beta=2.5000 guidance_active_next=True alg_raw_derivative=-0.276123 alg_smoothed_derivative=-0.396302 guidance_stop_epoch=None train_acc=56.01% val_acc=73.39% best=73.39% lr=0.000462848 time=45.5s avg_epoch=45.1s est_planned=3h 45m 26s elapsed=40m 40s saved_best
[OURS][055/300] loss=16.8227 ce=1.6899 align=7.2594 fuse=4.8468 feature=6.0531 beta=2.5000 guidance_active_next=True alg_raw_derivative=-0.245859 alg_smoothed_derivative=-0.360578 guidance_stop_epoch=None train_acc=55.41% val_acc=72.89% best=73.39% lr=0.000461471 time=44.5s avg_epoch=45.1s est_planned=3h 45m 22s elapsed=41m 25s
[OURS][056/300] loss=16.7208 ce=1.6721 align=7.2199 fuse=4.8191 feature=6.0195 beta=2.5000 guidance_active_next=True alg_raw_derivative=-0.222714 alg_smoothed_derivative=-0.333969 guidance_stop_epoch=None train_acc=55.75% val_acc=73.53% best=73.53% lr=0.000460071 time=43.9s avg_epoch=45.1s est_planned=3h 45m 16s elapsed=42m 09s saved_best
[OURS][057/300] loss=16.7084 ce=1.6669 align=7.2113 fuse=4.8219 feature=6.0166 beta=2.5000 guidance_active_next=True alg_raw_derivative=-0.203491 alg_smoothed_derivative=-0.313097 guidance_stop_epoch=None train_acc=55.79% val_acc=73.33% best=73.53% lr=0.000458648 time=42.8s avg_epoch=45.0s est_planned=3h 45m 04s elapsed=42m 52s
[OURS][058/300] loss=16.6386 ce=1.6473 align=7.1905 fuse=4.8026 feature=5.9965 beta=2.5000 guidance_active_next=True alg_raw_derivative=-0.182915 alg_smoothed_derivative=-0.295426 guidance_stop_epoch=None train_acc=56.49% val_acc=73.96% best=73.96% lr=0.000457202 time=44.5s avg_epoch=45.0s est_planned=3h 45m 02s elapsed=43m 36s saved_best
[OURS][059/300] loss=16.5628 ce=1.6536 align=7.1476 fuse=4.7798 feature=5.9637 beta=2.5000 guidance_active_next=True alg_raw_derivative=-0.163761 alg_smoothed_derivative=-0.279911 guidance_stop_epoch=None train_acc=56.35% val_acc=73.86% best=73.96% lr=0.000455734 time=45.2s avg_epoch=45.0s est_planned=3h 45m 03s elapsed=44m 22s
[OURS][060/300] loss=16.5361 ce=1.6355 align=7.1452 fuse=4.7753 feature=5.9603 beta=2.5000 guidance_active_next=True alg_raw_derivative=-0.147799 alg_smoothed_derivative=-0.266231 guidance_stop_epoch=None train_acc=56.76% val_acc=73.66% best=73.96% lr=0.000454244 time=45.1s avg_epoch=45.0s est_planned=3h 45m 03s elapsed=45m 07s
[OURS][061/300] loss=16.4762 ce=1.6441 align=7.1139 fuse=4.7518 feature=5.9329 beta=2.5000 guidance_active_next=True alg_raw_derivative=-0.136602 alg_smoothed_derivative=-0.254285 guidance_stop_epoch=None train_acc=56.47% val_acc=74.26% best=74.26% lr=0.000452732 time=45.1s avg_epoch=45.0s est_planned=3h 45m 04s elapsed=45m 52s saved_best
[OURS][062/300] loss=16.4352 ce=1.6294 align=7.0994 fuse=4.7452 feature=5.9223 beta=2.5000 guidance_active_next=True alg_raw_derivative=-0.127020 alg_smoothed_derivative=-0.243777 guidance_stop_epoch=None train_acc=56.88% val_acc=73.93% best=74.26% lr=0.000451197 time=42.6s avg_epoch=45.0s est_planned=3h 44m 52s elapsed=46m 35s
[OURS][063/300] loss=16.3582 ce=1.6272 align=7.0641 fuse=4.7207 feature=5.8924 beta=2.5000 guidance_active_next=True alg_raw_derivative=-0.117727 alg_smoothed_derivative=-0.234330 guidance_stop_epoch=None train_acc=56.67% val_acc=73.85% best=74.26% lr=0.000449641 time=45.4s avg_epoch=45.0s est_planned=3h 44m 54s elapsed=47m 20s
[OURS][064/300] loss=16.3166 ce=1.6179 align=7.0473 fuse=4.7117 feature=5.8795 beta=2.5000 guidance_active_next=True alg_raw_derivative=-0.105789 alg_smoothed_derivative=-0.225459 guidance_stop_epoch=None train_acc=57.24% val_acc=73.76% best=74.26% lr=0.000448063 time=44.5s avg_epoch=45.0s est_planned=3h 44m 52s elapsed=48m 05s
[OURS][065/300] loss=16.2752 ce=1.6228 align=7.0213 fuse=4.7007 feature=5.8610 beta=2.5000 guidance_active_next=True alg_raw_derivative=-0.095124 alg_smoothed_derivative=-0.217104 guidance_stop_epoch=None train_acc=56.90% val_acc=73.82% best=74.26% lr=0.000446464 time=44.7s avg_epoch=45.0s est_planned=3h 44m 51s elapsed=48m 49s
[OURS][066/300] loss=16.2418 ce=1.5953 align=7.0236 fuse=4.6936 feature=5.8586 beta=2.5000 guidance_active_next=True alg_raw_derivative=-0.085667 alg_smoothed_derivative=-0.209248 guidance_stop_epoch=None train_acc=57.54% val_acc=74.10% best=74.26% lr=0.000444844 time=45.1s avg_epoch=45.0s est_planned=3h 44m 51s elapsed=49m 35s
[OURS][067/300] loss=16.1966 ce=1.5909 align=7.0040 fuse=4.6806 feature=5.8423 beta=2.5000 guidance_active_next=True alg_raw_derivative=-0.077970 alg_smoothed_derivative=-0.201891 guidance_stop_epoch=None train_acc=57.81% val_acc=73.49% best=74.26% lr=0.000443202 time=46.0s avg_epoch=45.0s est_planned=3h 44m 56s elapsed=50m 21s
[OURS][068/300] loss=16.1570 ce=1.5917 align=6.9819 fuse=4.6704 feature=5.8261 beta=2.5000 guidance_active_next=True alg_raw_derivative=-0.071255 alg_smoothed_derivative=-0.195001 guidance_stop_epoch=None train_acc=57.72% val_acc=73.58% best=74.26% lr=0.00044154 time=44.2s avg_epoch=45.0s est_planned=3h 44m 52s elapsed=51m 05s
[OURS][069/300] loss=16.0805 ce=1.5953 align=6.9421 fuse=4.6461 feature=5.7941 beta=2.5000 guidance_active_next=True alg_raw_derivative=-0.065569 alg_smoothed_derivative=-0.188538 guidance_stop_epoch=None train_acc=57.66% val_acc=73.78% best=74.26% lr=0.000439856 time=45.2s avg_epoch=45.0s est_planned=3h 44m 53s elapsed=51m 50s
[OURS][070/300] loss=16.1137 ce=1.5969 align=6.9595 fuse=4.6540 feature=5.8067 beta=2.5000 guidance_active_next=True alg_raw_derivative=-0.060674 alg_smoothed_derivative=-0.182523 guidance_stop_epoch=None train_acc=57.63% val_acc=74.19% best=74.26% lr=0.000438152 time=45.0s avg_epoch=45.0s est_planned=3h 44m 53s elapsed=52m 35s
[OURS][071/300] loss=16.0535 ce=1.5784 align=6.9410 fuse=4.6392 feature=5.7901 beta=2.5000 guidance_active_next=True alg_raw_derivative=-0.056104 alg_smoothed_derivative=-0.176872 guidance_stop_epoch=None train_acc=58.12% val_acc=74.72% best=74.72% lr=0.000436428 time=46.3s avg_epoch=45.0s est_planned=3h 44m 59s elapsed=53m 22s saved_best
[OURS][072/300] loss=16.0045 ce=1.5765 align=6.9134 fuse=4.6289 feature=5.7712 beta=2.5000 guidance_active_next=True alg_raw_derivative=-0.052037 alg_smoothed_derivative=-0.171553 guidance_stop_epoch=None train_acc=58.10% val_acc=74.45% best=74.72% lr=0.000434684 time=41.7s avg_epoch=45.0s est_planned=3h 44m 45s elapsed=54m 03s
[OURS][073/300] loss=15.9579 ce=1.5658 align=6.9004 fuse=4.6132 feature=5.7568 beta=2.5000 guidance_active_next=True alg_raw_derivative=-0.048494 alg_smoothed_derivative=-0.166550 guidance_stop_epoch=None train_acc=58.21% val_acc=74.75% best=74.75% lr=0.00043292 time=44.9s avg_epoch=44.9s est_planned=3h 44m 45s elapsed=54m 48s saved_best
[OURS][074/300] loss=15.9296 ce=1.5668 align=6.8827 fuse=4.6075 feature=5.7451 beta=2.5000 guidance_active_next=True alg_raw_derivative=-0.045028 alg_smoothed_derivative=-0.161821 guidance_stop_epoch=None train_acc=58.48% val_acc=73.97% best=74.75% lr=0.000431136 time=42.4s avg_epoch=44.9s est_planned=3h 44m 35s elapsed=55m 31s
[OURS][075/300] loss=15.9040 ce=1.5711 align=6.8713 fuse=4.5951 feature=5.7332 beta=2.5000 guidance_active_next=True alg_raw_derivative=-0.042087 alg_smoothed_derivative=-0.157356 guidance_stop_epoch=None train_acc=58.17% val_acc=74.33% best=74.75% lr=0.000429332 time=44.6s avg_epoch=44.9s est_planned=3h 44m 33s elapsed=56m 15s
[OURS][076/300] loss=15.8294 ce=1.5660 align=6.8362 fuse=4.5745 feature=5.7054 beta=2.5000 guidance_active_next=True alg_raw_derivative=-0.039642 alg_smoothed_derivative=-0.153135 guidance_stop_epoch=None train_acc=58.40% val_acc=74.24% best=74.75% lr=0.000427509 time=44.2s avg_epoch=44.9s est_planned=3h 44m 30s elapsed=57m 00s
[OURS][077/300] loss=15.8070 ce=1.5564 align=6.8324 fuse=4.5681 feature=5.7002 beta=2.5000 guidance_active_next=True alg_raw_derivative=-0.036952 alg_smoothed_derivative=-0.149128 guidance_stop_epoch=None train_acc=58.72% val_acc=74.33% best=74.75% lr=0.000425667 time=42.5s avg_epoch=44.9s est_planned=3h 44m 21s elapsed=57m 42s
[OURS][078/300] loss=15.7828 ce=1.5448 align=6.8250 fuse=4.5654 feature=5.6952 beta=2.5000 guidance_active_next=True alg_raw_derivative=-0.034741 alg_smoothed_derivative=-0.145334 guidance_stop_epoch=None train_acc=59.04% val_acc=74.95% best=74.95% lr=0.000423805 time=45.5s avg_epoch=44.9s est_planned=3h 44m 23s elapsed=58m 28s saved_best
[OURS][079/300] loss=15.7401 ce=1.5500 align=6.8039 fuse=4.5482 feature=5.6760 beta=2.5000 guidance_active_next=True alg_raw_derivative=-0.033331 alg_smoothed_derivative=-0.141759 guidance_stop_epoch=None train_acc=58.86% val_acc=74.93% best=74.95% lr=0.000421925 time=45.0s avg_epoch=44.9s est_planned=3h 44m 24s elapsed=59m 13s
[OURS][080/300] loss=15.7470 ce=1.5419 align=6.8061 fuse=4.5580 feature=5.6821 beta=2.5000 guidance_active_next=True alg_raw_derivative=-0.031529 alg_smoothed_derivative=-0.138375 guidance_stop_epoch=None train_acc=58.95% val_acc=74.75% best=74.95% lr=0.000420027 time=45.2s avg_epoch=44.9s est_planned=3h 44m 25s elapsed=59m 58s
[OURS][081/300] loss=15.7075 ce=1.5358 align=6.7929 fuse=4.5445 feature=5.6687 beta=2.5000 guidance_active_next=True alg_raw_derivative=-0.029610 alg_smoothed_derivative=-0.135141 guidance_stop_epoch=None train_acc=59.34% val_acc=74.71% best=74.95% lr=0.00041811 time=42.6s avg_epoch=44.9s est_planned=3h 44m 17s elapsed=1h 00m 41s
[OURS][082/300] loss=15.6932 ce=1.5481 align=6.7799 fuse=4.5362 feature=5.6581 beta=2.5000 guidance_active_next=True alg_raw_derivative=-0.028231 alg_smoothed_derivative=-0.132068 guidance_stop_epoch=None train_acc=58.87% val_acc=74.55% best=74.95% lr=0.000416175 time=45.8s avg_epoch=44.9s est_planned=3h 44m 20s elapsed=1h 01m 27s
[OURS][083/300] loss=15.6580 ce=1.5291 align=6.7729 fuse=4.5302 feature=5.6516 beta=2.5000 guidance_active_next=True alg_raw_derivative=-0.027123 alg_smoothed_derivative=-0.129157 guidance_stop_epoch=None train_acc=59.36% val_acc=74.53% best=74.95% lr=0.000414222 time=45.1s avg_epoch=44.9s est_planned=3h 44m 21s elapsed=1h 02m 12s
[OURS][084/300] loss=15.6288 ce=1.5094 align=6.7705 fuse=4.5250 feature=5.6478 beta=2.5000 guidance_active_next=True alg_raw_derivative=-0.025529 alg_smoothed_derivative=-0.126367 guidance_stop_epoch=None train_acc=59.67% val_acc=74.77% best=74.95% lr=0.000412251 time=44.4s avg_epoch=44.9s est_planned=3h 44m 19s elapsed=1h 02m 56s
[OURS][085/300] loss=15.5154 ce=1.5213 align=6.7084 fuse=4.4869 feature=5.5976 beta=2.5000 guidance_active_next=True alg_raw_derivative=-0.024949 alg_smoothed_derivative=-0.123710 guidance_stop_epoch=None train_acc=59.60% val_acc=74.98% best=74.98% lr=0.000410262 time=45.7s avg_epoch=44.9s est_planned=3h 44m 22s elapsed=1h 03m 42s saved_best
[OURS][086/300] loss=15.5508 ce=1.5300 align=6.7207 fuse=4.4959 feature=5.6083 beta=2.5000 guidance_active_next=True alg_raw_derivative=-0.023511 alg_smoothed_derivative=-0.121165 guidance_stop_epoch=None train_acc=59.27% val_acc=74.50% best=74.98% lr=0.000408257 time=45.9s avg_epoch=44.9s est_planned=3h 44m 26s elapsed=1h 04m 28s
[OURS][087/300] loss=15.5444 ce=1.5120 align=6.7269 fuse=4.4991 feature=5.6130 beta=2.5000 guidance_active_next=True alg_raw_derivative=-0.021994 alg_smoothed_derivative=-0.118714 guidance_stop_epoch=None train_acc=59.81% val_acc=75.11% best=75.11% lr=0.000406234 time=45.6s avg_epoch=44.9s est_planned=3h 44m 28s elapsed=1h 05m 14s saved_best
[OURS][088/300] loss=15.5008 ce=1.5002 align=6.7133 fuse=4.4872 feature=5.6002 beta=2.5000 guidance_active_next=True alg_raw_derivative=-0.021918 alg_smoothed_derivative=-0.116405 guidance_stop_epoch=None train_acc=60.05% val_acc=74.93% best=75.11% lr=0.000404194 time=44.1s avg_epoch=44.9s est_planned=3h 44m 26s elapsed=1h 05m 58s
[OURS][089/300] loss=15.4689 ce=1.5152 align=6.6887 fuse=4.4743 feature=5.5815 beta=2.5000 guidance_active_next=True alg_raw_derivative=-0.020939 alg_smoothed_derivative=-0.114183 guidance_stop_epoch=None train_acc=59.60% val_acc=75.30% best=75.30% lr=0.000402138 time=45.4s avg_epoch=44.9s est_planned=3h 44m 27s elapsed=1h 06m 43s saved_best
[OURS][090/300] loss=15.4252 ce=1.4965 align=6.6745 fuse=4.4685 feature=5.5715 beta=2.5000 guidance_active_next=True alg_raw_derivative=-0.019868 alg_smoothed_derivative=-0.112039 guidance_stop_epoch=None train_acc=59.97% val_acc=75.75% best=75.75% lr=0.000400066 time=42.4s avg_epoch=44.9s est_planned=3h 44m 19s elapsed=1h 07m 26s saved_best
[OURS][091/300] loss=15.3662 ce=1.5145 align=6.6401 fuse=4.4412 feature=5.5407 beta=2.5000 guidance_active_next=True alg_raw_derivative=-0.019101 alg_smoothed_derivative=-0.109971 guidance_stop_epoch=None train_acc=59.97% val_acc=75.03% best=75.75% lr=0.000397977 time=43.5s avg_epoch=44.8s est_planned=3h 44m 15s elapsed=1h 08m 10s
[OURS][092/300] loss=15.4077 ce=1.4993 align=6.6684 fuse=4.4583 feature=5.5634 beta=2.5000 guidance_active_next=True alg_raw_derivative=-0.018180 alg_smoothed_derivative=-0.107989 guidance_stop_epoch=None train_acc=59.78% val_acc=75.25% best=75.75% lr=0.000395872 time=44.5s avg_epoch=44.8s est_planned=3h 44m 13s elapsed=1h 08m 54s
[OURS][093/300] loss=15.3782 ce=1.4911 align=6.6573 fuse=4.4523 feature=5.5548 beta=2.5000 guidance_active_next=True alg_raw_derivative=-0.017251 alg_smoothed_derivative=-0.106073 guidance_stop_epoch=None train_acc=60.30% val_acc=74.76% best=75.75% lr=0.000393752 time=44.7s avg_epoch=44.8s est_planned=3h 44m 13s elapsed=1h 09m 39s
[OURS][094/300] loss=15.3525 ce=1.4793 align=6.6520 fuse=4.4465 feature=5.5493 beta=2.5000 guidance_active_next=True alg_raw_derivative=-0.016611 alg_smoothed_derivative=-0.104229 guidance_stop_epoch=None train_acc=60.35% val_acc=75.82% best=75.82% lr=0.000391616 time=45.3s avg_epoch=44.8s est_planned=3h 44m 14s elapsed=1h 10m 24s saved_best
[OURS][095/300] loss=15.3266 ce=1.4799 align=6.6401 fuse=4.4372 feature=5.5387 beta=2.5000 guidance_active_next=True alg_raw_derivative=-0.016438 alg_smoothed_derivative=-0.102470 guidance_stop_epoch=None train_acc=60.64% val_acc=74.55% best=75.82% lr=0.000389464 time=45.7s avg_epoch=44.9s est_planned=3h 44m 17s elapsed=1h 11m 10s
[OURS][096/300] loss=15.2985 ce=1.4908 align=6.6213 fuse=4.4248 feature=5.5231 beta=2.5000 guidance_active_next=True alg_raw_derivative=-0.015295 alg_smoothed_derivative=-0.100747 guidance_stop_epoch=None train_acc=60.42% val_acc=75.24% best=75.82% lr=0.000387298 time=45.4s avg_epoch=44.9s est_planned=3h 44m 19s elapsed=1h 11m 56s
[OURS][097/300] loss=15.2607 ce=1.4739 align=6.6094 fuse=4.4201 feature=5.5147 beta=2.5000 guidance_active_next=True alg_raw_derivative=-0.015310 alg_smoothed_derivative=-0.099108 guidance_stop_epoch=None train_acc=60.83% val_acc=75.68% best=75.82% lr=0.000385117 time=44.6s avg_epoch=44.9s est_planned=3h 44m 18s elapsed=1h 12m 40s
[OURS][098/300] loss=15.2380 ce=1.4799 align=6.5978 fuse=4.4087 feature=5.5033 beta=2.5000 guidance_active_next=True alg_raw_derivative=-0.014915 alg_smoothed_derivative=-0.097529 guidance_stop_epoch=None train_acc=60.63% val_acc=75.26% best=75.82% lr=0.000382922 time=45.0s avg_epoch=44.9s est_planned=3h 44m 19s elapsed=1h 13m 25s
[OURS][099/300] loss=15.1818 ce=1.4740 align=6.5757 fuse=4.3906 feature=5.4832 beta=2.5000 guidance_active_next=True alg_raw_derivative=-0.014453 alg_smoothed_derivative=-0.096000 guidance_stop_epoch=None train_acc=60.84% val_acc=75.16% best=75.82% lr=0.000380712 time=45.8s avg_epoch=44.9s est_planned=3h 44m 22s elapsed=1h 14m 11s
[OURS][100/300] loss=15.1355 ce=1.4698 align=6.5543 fuse=4.3783 feature=5.4663 beta=2.5000 guidance_active_next=True alg_raw_derivative=-0.014534 alg_smoothed_derivative=-0.094540 guidance_stop_epoch=None train_acc=61.11% val_acc=75.50% best=75.82% lr=0.000378488 time=45.1s avg_epoch=44.9s est_planned=3h 44m 22s elapsed=1h 14m 56s
[OURS][101/300] loss=15.2079 ce=1.4822 align=6.5806 fuse=4.4000 feature=5.4903 beta=2.5000 guidance_active_next=True alg_raw_derivative=-0.013277 alg_smoothed_derivative=-0.080783 guidance_stop_epoch=None train_acc=60.72% val_acc=75.85% best=75.85% lr=0.00037625 time=44.9s avg_epoch=44.9s est_planned=3h 44m 22s elapsed=1h 15m 41s saved_best
[OURS][102/300] loss=15.1839 ce=1.4716 align=6.5742 fuse=4.3956 feature=5.4849 beta=2.5000 guidance_active_next=True alg_raw_derivative=-0.012858 alg_smoothed_derivative=-0.071535 guidance_stop_epoch=None train_acc=60.86% val_acc=75.20% best=75.85% lr=0.000373999 time=41.0s avg_epoch=44.8s est_planned=3h 44m 11s elapsed=1h 16m 22s
[OURS][103/300] loss=15.1374 ce=1.4617 align=6.5572 fuse=4.3833 feature=5.4703 beta=2.5000 guidance_active_next=True alg_raw_derivative=-0.012519 alg_smoothed_derivative=-0.065008 guidance_stop_epoch=None train_acc=60.99% val_acc=75.50% best=75.85% lr=0.000371734 time=45.9s avg_epoch=44.8s est_planned=3h 44m 14s elapsed=1h 17m 08s
[OURS][104/300] loss=15.0890 ce=1.4492 align=6.5391 fuse=4.3727 feature=5.4559 beta=2.5000 guidance_active_next=True alg_raw_derivative=-0.012481 alg_smoothed_derivative=-0.059736 guidance_stop_epoch=None train_acc=61.34% val_acc=75.79% best=75.85% lr=0.000369456 time=44.9s avg_epoch=44.8s est_planned=3h 44m 14s elapsed=1h 17m 53s
[OURS][105/300] loss=15.0873 ce=1.4677 align=6.5291 fuse=4.3666 feature=5.4478 beta=2.5000 guidance_active_next=True alg_raw_derivative=-0.012106 alg_smoothed_derivative=-0.055060 guidance_stop_epoch=None train_acc=60.78% val_acc=74.61% best=75.85% lr=0.000367166 time=45.3s avg_epoch=44.8s est_planned=3h 44m 15s elapsed=1h 18m 39s
[OURS][106/300] loss=15.0763 ce=1.4587 align=6.5300 fuse=4.3641 feature=5.4470 beta=2.5000 guidance_active_next=True alg_raw_derivative=-0.011449 alg_smoothed_derivative=-0.050835 guidance_stop_epoch=None train_acc=61.01% val_acc=75.67% best=75.85% lr=0.000364863 time=45.6s avg_epoch=44.9s est_planned=3h 44m 17s elapsed=1h 19m 24s
[OURS][107/300] loss=15.0636 ce=1.4498 align=6.5271 fuse=4.3640 feature=5.4455 beta=2.5000 guidance_active_next=True alg_raw_derivative=-0.011421 alg_smoothed_derivative=-0.046994 guidance_stop_epoch=None train_acc=61.38% val_acc=75.10% best=75.85% lr=0.000362547 time=44.9s avg_epoch=44.9s est_planned=3h 44m 17s elapsed=1h 20m 09s
[OURS][108/300] loss=14.9783 ce=1.4510 align=6.4852 fuse=4.3366 feature=5.4109 beta=2.5000 guidance_active_next=True alg_raw_derivative=-0.011712 alg_smoothed_derivative=-0.043570 guidance_stop_epoch=None train_acc=61.31% val_acc=75.18% best=75.85% lr=0.00036022 time=45.6s avg_epoch=44.9s est_planned=3h 44m 19s elapsed=1h 20m 55s
[OURS][109/300] loss=15.0160 ce=1.4338 align=6.5120 fuse=4.3538 feature=5.4329 beta=2.5000 guidance_active_next=True alg_raw_derivative=-0.010616 alg_smoothed_derivative=-0.040507 guidance_stop_epoch=None train_acc=61.61% val_acc=75.59% best=75.85% lr=0.00035788 time=46.2s avg_epoch=44.9s est_planned=3h 44m 23s elapsed=1h 21m 41s
[OURS][110/300] loss=14.9432 ce=1.4376 align=6.4758 fuse=4.3288 feature=5.4023 beta=2.5000 guidance_active_next=True alg_raw_derivative=-0.011160 alg_smoothed_derivative=-0.037774 guidance_stop_epoch=None train_acc=61.52% val_acc=75.96% best=75.96% lr=0.000355529 time=45.1s avg_epoch=44.9s est_planned=3h 44m 24s elapsed=1h 22m 26s saved_best
[OURS][111/300] loss=14.9658 ce=1.4309 align=6.4912 fuse=4.3367 feature=5.4139 beta=2.5000 guidance_active_next=True alg_raw_derivative=-0.010378 alg_smoothed_derivative=-0.035250 guidance_stop_epoch=None train_acc=61.96% val_acc=76.16% best=76.16% lr=0.000353167 time=44.8s avg_epoch=44.9s est_planned=3h 44m 24s elapsed=1h 23m 11s saved_best
[OURS][112/300] loss=14.9200 ce=1.4281 align=6.4702 fuse=4.3233 feature=5.3968 beta=2.5000 guidance_active_next=True alg_raw_derivative=-0.010511 alg_smoothed_derivative=-0.032919 guidance_stop_epoch=None train_acc=61.85% val_acc=75.75% best=76.16% lr=0.000350794 time=44.9s avg_epoch=44.9s est_planned=3h 44m 24s elapsed=1h 23m 56s
[OURS][113/300] loss=14.9514 ce=1.4336 align=6.4816 fuse=4.3327 feature=5.4071 beta=2.5000 guidance_active_next=True alg_raw_derivative=-0.009705 alg_smoothed_derivative=-0.030759 guidance_stop_epoch=None train_acc=61.67% val_acc=75.46% best=76.16% lr=0.00034841 time=44.6s avg_epoch=44.9s est_planned=3h 44m 23s elapsed=1h 24m 41s
[OURS][114/300] loss=14.9069 ce=1.4328 align=6.4619 fuse=4.3173 feature=5.3896 beta=2.5000 guidance_active_next=True alg_raw_derivative=-0.009797 alg_smoothed_derivative=-0.028839 guidance_stop_epoch=None train_acc=61.86% val_acc=75.61% best=76.16% lr=0.000346016 time=45.4s avg_epoch=44.9s est_planned=3h 44m 25s elapsed=1h 25m 27s
[OURS][115/300] loss=14.8851 ce=1.4343 align=6.4513 fuse=4.3094 feature=5.3803 beta=2.5000 guidance_active_next=True alg_raw_derivative=-0.009613 alg_smoothed_derivative=-0.027129 guidance_stop_epoch=None train_acc=61.83% val_acc=76.21% best=76.21% lr=0.000343611 time=44.9s avg_epoch=44.9s est_planned=3h 44m 25s elapsed=1h 26m 12s saved_best
[OURS][116/300] loss=14.8612 ce=1.4164 align=6.4457 fuse=4.3101 feature=5.3779 beta=2.5000 guidance_active_next=True alg_raw_derivative=-0.009614 alg_smoothed_derivative=-0.025608 guidance_stop_epoch=None train_acc=62.19% val_acc=75.87% best=76.21% lr=0.000341196 time=46.0s avg_epoch=44.9s est_planned=3h 44m 28s elapsed=1h 26m 58s
[OURS][117/300] loss=14.8441 ce=1.4306 align=6.4306 fuse=4.3001 feature=5.3654 beta=2.5000 guidance_active_next=True alg_raw_derivative=-0.009538 alg_smoothed_derivative=-0.024239 guidance_stop_epoch=None train_acc=61.61% val_acc=75.88% best=76.21% lr=0.000338772 time=44.7s avg_epoch=44.9s est_planned=3h 44m 27s elapsed=1h 27m 42s
[OURS][118/300] loss=14.8370 ce=1.4200 align=6.4320 fuse=4.3016 feature=5.3668 beta=2.5000 guidance_active_next=True alg_raw_derivative=-0.009187 alg_smoothed_derivative=-0.022998 guidance_stop_epoch=None train_acc=61.94% val_acc=76.26% best=76.26% lr=0.000336338 time=45.6s avg_epoch=44.9s est_planned=3h 44m 29s elapsed=1h 28m 28s saved_best
[OURS][119/300] loss=14.8161 ce=1.4130 align=6.4260 fuse=4.2965 feature=5.3613 beta=2.5000 guidance_active_next=True alg_raw_derivative=-0.008657 alg_smoothed_derivative=-0.021860 guidance_stop_epoch=None train_acc=62.32% val_acc=75.95% best=76.26% lr=0.000333894 time=45.5s avg_epoch=44.9s est_planned=3h 44m 30s elapsed=1h 29m 14s
[OURS][120/300] loss=14.7941 ce=1.4164 align=6.4118 fuse=4.2904 feature=5.3511 beta=2.5000 guidance_active_next=True alg_raw_derivative=-0.009113 alg_smoothed_derivative=-0.020828 guidance_stop_epoch=None train_acc=62.01% val_acc=76.26% best=76.26% lr=0.000331442 time=45.9s avg_epoch=44.9s est_planned=3h 44m 33s elapsed=1h 30m 00s saved_best
[BETA_TRANSITION] guidance disabled after epoch=121 L_feature=5.342589 raw_derivative=-0.008950 smoothed_derivative=-0.019885 threshold=-0.02; subsequent epochs are CE-only.
[OURS][121/300] loss=14.7706 ce=1.4141 align=6.4013 fuse=4.2839 feature=5.3426 beta=2.5000 guidance_active_next=False alg_raw_derivative=-0.008950 alg_smoothed_derivative=-0.019885 guidance_stop_epoch=121 train_acc=62.05% val_acc=75.70% best=76.26% lr=0.000328982 time=45.8s avg_epoch=44.9s est_planned=3h 44m 35s elapsed=1h 30m 46s
[OURS][122/300] loss=1.5414 ce=1.5414 align=0.0000 fuse=0.0000 feature=0.0000 beta=0.0000 guidance_active_next=False alg_raw_derivative=n/a alg_smoothed_derivative=n/a guidance_stop_epoch=121 train_acc=59.25% val_acc=74.41% best=76.26% lr=0.000326513 time=34.4s avg_epoch=44.8s est_planned=3h 44m 09s elapsed=1h 31m 20s
[OURS][123/300] loss=1.5337 ce=1.5337 align=0.0000 fuse=0.0000 feature=0.0000 beta=0.0000 guidance_active_next=False alg_raw_derivative=n/a alg_smoothed_derivative=n/a guidance_stop_epoch=121 train_acc=59.48% val_acc=74.08% best=76.26% lr=0.000324035 time=35.0s avg_epoch=44.8s est_planned=3h 43m 45s elapsed=1h 31m 55s
[OURS][124/300] loss=1.5357 ce=1.5357 align=0.0000 fuse=0.0000 feature=0.0000 beta=0.0000 guidance_active_next=False alg_raw_derivative=n/a alg_smoothed_derivative=n/a guidance_stop_epoch=121 train_acc=59.29% val_acc=74.78% best=76.26% lr=0.00032155 time=35.5s avg_epoch=44.7s est_planned=3h 43m 23s elapsed=1h 32m 31s
[OURS][125/300] loss=1.5195 ce=1.5195 align=0.0000 fuse=0.0000 feature=0.0000 beta=0.0000 guidance_active_next=False alg_raw_derivative=n/a alg_smoothed_derivative=n/a guidance_stop_epoch=121 train_acc=59.81% val_acc=75.30% best=76.26% lr=0.000319058 time=32.2s avg_epoch=44.6s est_planned=3h 42m 53s elapsed=1h 33m 03s
[OURS][126/300] loss=1.5037 ce=1.5037 align=0.0000 fuse=0.0000 feature=0.0000 beta=0.0000 guidance_active_next=False alg_raw_derivative=n/a alg_smoothed_derivative=n/a guidance_stop_epoch=121 train_acc=60.05% val_acc=75.35% best=76.26% lr=0.000316558 time=33.5s avg_epoch=44.5s est_planned=3h 42m 26s elapsed=1h 33m 36s
[OURS][127/300] loss=1.4945 ce=1.4945 align=0.0000 fuse=0.0000 feature=0.0000 beta=0.0000 guidance_active_next=False alg_raw_derivative=n/a alg_smoothed_derivative=n/a guidance_stop_epoch=121 train_acc=60.26% val_acc=75.08% best=76.26% lr=0.000314051 time=33.9s avg_epoch=44.4s est_planned=3h 42m 01s elapsed=1h 34m 10s
[OURS][128/300] loss=1.4947 ce=1.4947 align=0.0000 fuse=0.0000 feature=0.0000 beta=0.0000 guidance_active_next=False alg_raw_derivative=n/a alg_smoothed_derivative=n/a guidance_stop_epoch=121 train_acc=60.33% val_acc=75.13% best=76.26% lr=0.000311537 time=33.6s avg_epoch=44.3s est_planned=3h 41m 36s elapsed=1h 34m 44s
[OURS][129/300] loss=1.4798 ce=1.4798 align=0.0000 fuse=0.0000 feature=0.0000 beta=0.0000 guidance_active_next=False alg_raw_derivative=n/a alg_smoothed_derivative=n/a guidance_stop_epoch=121 train_acc=60.82% val_acc=75.60% best=76.26% lr=0.000309017 time=34.3s avg_epoch=44.2s est_planned=3h 41m 13s elapsed=1h 35m 18s
[OURS][130/300] loss=1.4716 ce=1.4716 align=0.0000 fuse=0.0000 feature=0.0000 beta=0.0000 guidance_active_next=False alg_raw_derivative=n/a alg_smoothed_derivative=n/a guidance_stop_epoch=121 train_acc=60.93% val_acc=75.49% best=76.26% lr=0.00030649 time=34.9s avg_epoch=44.2s est_planned=3h 40m 51s elapsed=1h 35m 53s
[OURS][131/300] loss=1.4615 ce=1.4615 align=0.0000 fuse=0.0000 feature=0.0000 beta=0.0000 guidance_active_next=False alg_raw_derivative=n/a alg_smoothed_derivative=n/a guidance_stop_epoch=121 train_acc=61.08% val_acc=76.32% best=76.32% lr=0.000303958 time=34.1s avg_epoch=44.1s est_planned=3h 40m 28s elapsed=1h 36m 28s saved_best
[OURS][132/300] loss=1.4469 ce=1.4469 align=0.0000 fuse=0.0000 feature=0.0000 beta=0.0000 guidance_active_next=False alg_raw_derivative=n/a alg_smoothed_derivative=n/a guidance_stop_epoch=121 train_acc=61.55% val_acc=75.75% best=76.32% lr=0.00030142 time=35.4s avg_epoch=44.0s est_planned=3h 40m 08s elapsed=1h 37m 03s
[OURS][133/300] loss=1.4386 ce=1.4386 align=0.0000 fuse=0.0000 feature=0.0000 beta=0.0000 guidance_active_next=False alg_raw_derivative=n/a alg_smoothed_derivative=n/a guidance_stop_epoch=121 train_acc=61.67% val_acc=76.32% best=76.32% lr=0.000298877 time=34.7s avg_epoch=44.0s est_planned=3h 39m 47s elapsed=1h 37m 38s saved_best
[OURS][134/300] loss=1.4345 ce=1.4345 align=0.0000 fuse=0.0000 feature=0.0000 beta=0.0000 guidance_active_next=False alg_raw_derivative=n/a alg_smoothed_derivative=n/a guidance_stop_epoch=121 train_acc=61.93% val_acc=76.22% best=76.32% lr=0.000296328 time=35.5s avg_epoch=43.9s est_planned=3h 39m 29s elapsed=1h 38m 13s
[OURS][135/300] loss=1.4091 ce=1.4091 align=0.0000 fuse=0.0000 feature=0.0000 beta=0.0000 guidance_active_next=False alg_raw_derivative=n/a alg_smoothed_derivative=n/a guidance_stop_epoch=121 train_acc=62.16% val_acc=76.90% best=76.90% lr=0.000293775 time=31.9s avg_epoch=43.8s est_planned=3h 39m 02s elapsed=1h 38m 45s saved_best
[OURS][136/300] loss=1.4152 ce=1.4152 align=0.0000 fuse=0.0000 feature=0.0000 beta=0.0000 guidance_active_next=False alg_raw_derivative=n/a alg_smoothed_derivative=n/a guidance_stop_epoch=121 train_acc=62.34% val_acc=76.13% best=76.90% lr=0.000291218 time=35.1s avg_epoch=43.7s est_planned=3h 38m 43s elapsed=1h 39m 21s
[OURS][137/300] loss=1.4007 ce=1.4007 align=0.0000 fuse=0.0000 feature=0.0000 beta=0.0000 guidance_active_next=False alg_raw_derivative=n/a alg_smoothed_derivative=n/a guidance_stop_epoch=121 train_acc=62.80% val_acc=77.16% best=77.16% lr=0.000288656 time=34.6s avg_epoch=43.7s est_planned=3h 38m 23s elapsed=1h 39m 55s saved_best
[OURS][138/300] loss=1.3938 ce=1.3938 align=0.0000 fuse=0.0000 feature=0.0000 beta=0.0000 guidance_active_next=False alg_raw_derivative=n/a alg_smoothed_derivative=n/a guidance_stop_epoch=121 train_acc=62.91% val_acc=76.31% best=77.16% lr=0.00028609 time=34.3s avg_epoch=43.6s est_planned=3h 38m 02s elapsed=1h 40m 30s
[OURS][139/300] loss=1.3731 ce=1.3731 align=0.0000 fuse=0.0000 feature=0.0000 beta=0.0000 guidance_active_next=False alg_raw_derivative=n/a alg_smoothed_derivative=n/a guidance_stop_epoch=121 train_acc=63.54% val_acc=77.25% best=77.25% lr=0.00028352 time=32.7s avg_epoch=43.5s est_planned=3h 37m 39s elapsed=1h 41m 03s saved_best
[OURS][140/300] loss=1.3688 ce=1.3688 align=0.0000 fuse=0.0000 feature=0.0000 beta=0.0000 guidance_active_next=False alg_raw_derivative=n/a alg_smoothed_derivative=n/a guidance_stop_epoch=121 train_acc=63.58% val_acc=76.38% best=77.25% lr=0.000280947 time=32.2s avg_epoch=43.4s est_planned=3h 37m 15s elapsed=1h 41m 35s
[OURS][141/300] loss=1.3763 ce=1.3763 align=0.0000 fuse=0.0000 feature=0.0000 beta=0.0000 guidance_active_next=False alg_raw_derivative=n/a alg_smoothed_derivative=n/a guidance_stop_epoch=121 train_acc=63.51% val_acc=76.62% best=77.25% lr=0.000278371 time=33.5s avg_epoch=43.4s est_planned=3h 36m 53s elapsed=1h 42m 08s
[OURS][142/300] loss=1.3474 ce=1.3474 align=0.0000 fuse=0.0000 feature=0.0000 beta=0.0000 guidance_active_next=False alg_raw_derivative=n/a alg_smoothed_derivative=n/a guidance_stop_epoch=121 train_acc=63.99% val_acc=76.39% best=77.25% lr=0.000275792 time=35.2s avg_epoch=43.3s est_planned=3h 36m 36s elapsed=1h 42m 44s
[OURS][143/300] loss=1.3337 ce=1.3337 align=0.0000 fuse=0.0000 feature=0.0000 beta=0.0000 guidance_active_next=False alg_raw_derivative=n/a alg_smoothed_derivative=n/a guidance_stop_epoch=121 train_acc=64.36% val_acc=77.25% best=77.25% lr=0.00027321 time=36.1s avg_epoch=43.3s est_planned=3h 36m 21s elapsed=1h 43m 20s saved_best
[OURS][144/300] loss=1.3219 ce=1.3219 align=0.0000 fuse=0.0000 feature=0.0000 beta=0.0000 guidance_active_next=False alg_raw_derivative=n/a alg_smoothed_derivative=n/a guidance_stop_epoch=121 train_acc=64.81% val_acc=76.49% best=77.25% lr=0.000270626 time=32.4s avg_epoch=43.2s est_planned=3h 35m 58s elapsed=1h 43m 52s
[OURS][145/300] loss=1.3210 ce=1.3210 align=0.0000 fuse=0.0000 feature=0.0000 beta=0.0000 guidance_active_next=False alg_raw_derivative=n/a alg_smoothed_derivative=n/a guidance_stop_epoch=121 train_acc=64.53% val_acc=78.18% best=78.18% lr=0.000268041 time=35.0s avg_epoch=43.1s est_planned=3h 35m 41s elapsed=1h 44m 27s saved_best
[OURS][146/300] loss=1.3200 ce=1.3200 align=0.0000 fuse=0.0000 feature=0.0000 beta=0.0000 guidance_active_next=False alg_raw_derivative=n/a alg_smoothed_derivative=n/a guidance_stop_epoch=121 train_acc=64.94% val_acc=77.64% best=78.18% lr=0.000265453 time=35.0s avg_epoch=43.1s est_planned=3h 35m 25s elapsed=1h 45m 02s
[OURS][147/300] loss=1.2916 ce=1.2916 align=0.0000 fuse=0.0000 feature=0.0000 beta=0.0000 guidance_active_next=False alg_raw_derivative=n/a alg_smoothed_derivative=n/a guidance_stop_epoch=121 train_acc=65.39% val_acc=76.66% best=78.18% lr=0.000262864 time=33.1s avg_epoch=43.0s est_planned=3h 35m 04s elapsed=1h 45m 36s
[OURS][148/300] loss=1.2973 ce=1.2973 align=0.0000 fuse=0.0000 feature=0.0000 beta=0.0000 guidance_active_next=False alg_raw_derivative=n/a alg_smoothed_derivative=n/a guidance_stop_epoch=121 train_acc=65.46% val_acc=77.54% best=78.18% lr=0.000260274 time=33.1s avg_epoch=42.9s est_planned=3h 34m 44s elapsed=1h 46m 09s
[OURS][149/300] loss=1.2926 ce=1.2926 align=0.0000 fuse=0.0000 feature=0.0000 beta=0.0000 guidance_active_next=False alg_raw_derivative=n/a alg_smoothed_derivative=n/a guidance_stop_epoch=121 train_acc=65.47% val_acc=78.22% best=78.22% lr=0.000257683 time=34.3s avg_epoch=42.9s est_planned=3h 34m 27s elapsed=1h 46m 43s saved_best
[OURS][150/300] loss=1.2801 ce=1.2801 align=0.0000 fuse=0.0000 feature=0.0000 beta=0.0000 guidance_active_next=False alg_raw_derivative=n/a alg_smoothed_derivative=n/a guidance_stop_epoch=121 train_acc=65.73% val_acc=78.10% best=78.22% lr=0.000255092 time=33.3s avg_epoch=42.8s est_planned=3h 34m 08s elapsed=1h 47m 17s
[OURS][151/300] loss=1.2820 ce=1.2820 align=0.0000 fuse=0.0000 feature=0.0000 beta=0.0000 guidance_active_next=False alg_raw_derivative=n/a alg_smoothed_derivative=n/a guidance_stop_epoch=121 train_acc=65.82% val_acc=77.92% best=78.22% lr=0.0002525 time=36.1s avg_epoch=42.8s est_planned=3h 33m 54s elapsed=1h 47m 53s
[OURS][152/300] loss=1.2682 ce=1.2682 align=0.0000 fuse=0.0000 feature=0.0000 beta=0.0000 guidance_active_next=False alg_raw_derivative=n/a alg_smoothed_derivative=n/a guidance_stop_epoch=121 train_acc=66.17% val_acc=78.25% best=78.25% lr=0.000249908 time=32.1s avg_epoch=42.7s est_planned=3h 33m 33s elapsed=1h 48m 25s saved_best
[OURS][153/300] loss=1.2353 ce=1.2353 align=0.0000 fuse=0.0000 feature=0.0000 beta=0.0000 guidance_active_next=False alg_raw_derivative=n/a alg_smoothed_derivative=n/a guidance_stop_epoch=121 train_acc=66.99% val_acc=77.86% best=78.25% lr=0.000247317 time=32.1s avg_epoch=42.6s est_planned=3h 33m 13s elapsed=1h 48m 57s
[OURS][154/300] loss=1.2487 ce=1.2487 align=0.0000 fuse=0.0000 feature=0.0000 beta=0.0000 guidance_active_next=False alg_raw_derivative=n/a alg_smoothed_derivative=n/a guidance_stop_epoch=121 train_acc=66.58% val_acc=77.80% best=78.25% lr=0.000244726 time=35.0s avg_epoch=42.6s est_planned=3h 32m 58s elapsed=1h 49m 32s
[OURS][155/300] loss=1.2425 ce=1.2425 align=0.0000 fuse=0.0000 feature=0.0000 beta=0.0000 guidance_active_next=False alg_raw_derivative=n/a alg_smoothed_derivative=n/a guidance_stop_epoch=121 train_acc=66.74% val_acc=78.81% best=78.81% lr=0.000242136 time=34.8s avg_epoch=42.5s est_planned=3h 32m 43s elapsed=1h 50m 07s saved_best
[OURS][156/300] loss=1.2416 ce=1.2416 align=0.0000 fuse=0.0000 feature=0.0000 beta=0.0000 guidance_active_next=False alg_raw_derivative=n/a alg_smoothed_derivative=n/a guidance_stop_epoch=121 train_acc=67.12% val_acc=78.66% best=78.81% lr=0.000239547 time=31.6s avg_epoch=42.5s est_planned=3h 32m 22s elapsed=1h 50m 39s
[OURS][157/300] loss=1.2209 ce=1.2209 align=0.0000 fuse=0.0000 feature=0.0000 beta=0.0000 guidance_active_next=False alg_raw_derivative=n/a alg_smoothed_derivative=n/a guidance_stop_epoch=121 train_acc=67.40% val_acc=78.46% best=78.81% lr=0.000236959 time=33.6s avg_epoch=42.4s est_planned=3h 32m 05s elapsed=1h 51m 12s
[OURS][158/300] loss=1.2163 ce=1.2163 align=0.0000 fuse=0.0000 feature=0.0000 beta=0.0000 guidance_active_next=False alg_raw_derivative=n/a alg_smoothed_derivative=n/a guidance_stop_epoch=121 train_acc=67.53% val_acc=79.17% best=79.17% lr=0.000234374 time=34.1s avg_epoch=42.4s est_planned=3h 31m 49s elapsed=1h 51m 47s saved_best
[OURS][159/300] loss=1.2024 ce=1.2024 align=0.0000 fuse=0.0000 feature=0.0000 beta=0.0000 guidance_active_next=False alg_raw_derivative=n/a alg_smoothed_derivative=n/a guidance_stop_epoch=121 train_acc=67.53% val_acc=77.55% best=79.17% lr=0.00023179 time=33.0s avg_epoch=42.3s est_planned=3h 31m 31s elapsed=1h 52m 20s
[OURS][160/300] loss=1.2073 ce=1.2073 align=0.0000 fuse=0.0000 feature=0.0000 beta=0.0000 guidance_active_next=False alg_raw_derivative=n/a alg_smoothed_derivative=n/a guidance_stop_epoch=121 train_acc=67.83% val_acc=78.20% best=79.17% lr=0.000229208 time=34.9s avg_epoch=42.3s est_planned=3h 31m 17s elapsed=1h 52m 55s
[OURS][161/300] loss=1.1995 ce=1.1995 align=0.0000 fuse=0.0000 feature=0.0000 beta=0.0000 guidance_active_next=False alg_raw_derivative=n/a alg_smoothed_derivative=n/a guidance_stop_epoch=121 train_acc=68.26% val_acc=79.08% best=79.17% lr=0.000226629 time=32.8s avg_epoch=42.2s est_planned=3h 31m 00s elapsed=1h 53m 27s
[OURS][162/300] loss=1.1899 ce=1.1899 align=0.0000 fuse=0.0000 feature=0.0000 beta=0.0000 guidance_active_next=False alg_raw_derivative=n/a alg_smoothed_derivative=n/a guidance_stop_epoch=121 train_acc=68.23% val_acc=78.52% best=79.17% lr=0.000224053 time=34.6s avg_epoch=42.2s est_planned=3h 30m 46s elapsed=1h 54m 02s
[OURS][163/300] loss=1.1807 ce=1.1807 align=0.0000 fuse=0.0000 feature=0.0000 beta=0.0000 guidance_active_next=False alg_raw_derivative=n/a alg_smoothed_derivative=n/a guidance_stop_epoch=121 train_acc=68.50% val_acc=79.08% best=79.17% lr=0.00022148 time=35.3s avg_epoch=42.1s est_planned=3h 30m 33s elapsed=1h 54m 38s
[OURS][164/300] loss=1.1624 ce=1.1624 align=0.0000 fuse=0.0000 feature=0.0000 beta=0.0000 guidance_active_next=False alg_raw_derivative=n/a alg_smoothed_derivative=n/a guidance_stop_epoch=121 train_acc=68.84% val_acc=78.15% best=79.17% lr=0.00021891 time=33.6s avg_epoch=42.1s est_planned=3h 30m 17s elapsed=1h 55m 11s
[OURS][165/300] loss=1.1614 ce=1.1614 align=0.0000 fuse=0.0000 feature=0.0000 beta=0.0000 guidance_active_next=False alg_raw_derivative=n/a alg_smoothed_derivative=n/a guidance_stop_epoch=121 train_acc=68.78% val_acc=78.97% best=79.17% lr=0.000216344 time=35.4s avg_epoch=42.0s est_planned=3h 30m 05s elapsed=1h 55m 47s
[OURS][166/300] loss=1.1628 ce=1.1628 align=0.0000 fuse=0.0000 feature=0.0000 beta=0.0000 guidance_active_next=False alg_raw_derivative=n/a alg_smoothed_derivative=n/a guidance_stop_epoch=121 train_acc=69.16% val_acc=79.72% best=79.72% lr=0.000213782 time=34.1s avg_epoch=42.0s est_planned=3h 29m 51s elapsed=1h 56m 21s saved_best
[OURS][167/300] loss=1.1483 ce=1.1483 align=0.0000 fuse=0.0000 feature=0.0000 beta=0.0000 guidance_active_next=False alg_raw_derivative=n/a alg_smoothed_derivative=n/a guidance_stop_epoch=121 train_acc=69.41% val_acc=78.47% best=79.72% lr=0.000211225 time=32.4s avg_epoch=41.9s est_planned=3h 29m 34s elapsed=1h 56m 53s
[OURS][168/300] loss=1.1455 ce=1.1455 align=0.0000 fuse=0.0000 feature=0.0000 beta=0.0000 guidance_active_next=False alg_raw_derivative=n/a alg_smoothed_derivative=n/a guidance_stop_epoch=121 train_acc=69.38% val_acc=78.66% best=79.72% lr=0.000208672 time=33.8s avg_epoch=41.9s est_planned=3h 29m 19s elapsed=1h 57m 27s
[OURS][169/300] loss=1.1490 ce=1.1490 align=0.0000 fuse=0.0000 feature=0.0000 beta=0.0000 guidance_active_next=False alg_raw_derivative=n/a alg_smoothed_derivative=n/a guidance_stop_epoch=121 train_acc=69.28% val_acc=78.70% best=79.72% lr=0.000206123 time=35.3s avg_epoch=41.8s est_planned=3h 29m 08s elapsed=1h 58m 03s
[OURS][170/300] loss=1.1276 ce=1.1276 align=0.0000 fuse=0.0000 feature=0.0000 beta=0.0000 guidance_active_next=False alg_raw_derivative=n/a alg_smoothed_derivative=n/a guidance_stop_epoch=121 train_acc=69.81% val_acc=78.12% best=79.72% lr=0.00020358 time=33.8s avg_epoch=41.8s est_planned=3h 28m 53s elapsed=1h 58m 36s
[OURS][171/300] loss=1.1270 ce=1.1270 align=0.0000 fuse=0.0000 feature=0.0000 beta=0.0000 guidance_active_next=False alg_raw_derivative=n/a alg_smoothed_derivative=n/a guidance_stop_epoch=121 train_acc=69.68% val_acc=79.14% best=79.72% lr=0.000201042 time=34.8s avg_epoch=41.7s est_planned=3h 28m 41s elapsed=1h 59m 11s
[OURS][172/300] loss=1.1168 ce=1.1168 align=0.0000 fuse=0.0000 feature=0.0000 beta=0.0000 guidance_active_next=False alg_raw_derivative=n/a alg_smoothed_derivative=n/a guidance_stop_epoch=121 train_acc=70.23% val_acc=79.48% best=79.72% lr=0.00019851 time=35.8s avg_epoch=41.7s est_planned=3h 28m 31s elapsed=1h 59m 47s
[OURS][173/300] loss=1.1143 ce=1.1143 align=0.0000 fuse=0.0000 feature=0.0000 beta=0.0000 guidance_active_next=False alg_raw_derivative=n/a alg_smoothed_derivative=n/a guidance_stop_epoch=121 train_acc=70.24% val_acc=79.34% best=79.72% lr=0.000195983 time=35.1s avg_epoch=41.7s est_planned=3h 28m 19s elapsed=2h 00m 22s
[OURS][174/300] loss=1.1014 ce=1.1014 align=0.0000 fuse=0.0000 feature=0.0000 beta=0.0000 guidance_active_next=False alg_raw_derivative=n/a alg_smoothed_derivative=n/a guidance_stop_epoch=121 train_acc=70.55% val_acc=78.89% best=79.72% lr=0.000193463 time=33.0s avg_epoch=41.6s est_planned=3h 28m 04s elapsed=2h 00m 55s
[OURS][175/300] loss=1.0853 ce=1.0853 align=0.0000 fuse=0.0000 feature=0.0000 beta=0.0000 guidance_active_next=False alg_raw_derivative=n/a alg_smoothed_derivative=n/a guidance_stop_epoch=121 train_acc=70.98% val_acc=79.38% best=79.72% lr=0.000190949 time=35.5s avg_epoch=41.6s est_planned=3h 27m 54s elapsed=2h 01m 31s
[OURS][176/300] loss=1.0933 ce=1.0933 align=0.0000 fuse=0.0000 feature=0.0000 beta=0.0000 guidance_active_next=False alg_raw_derivative=n/a alg_smoothed_derivative=n/a guidance_stop_epoch=121 train_acc=70.95% val_acc=79.42% best=79.72% lr=0.000188442 time=31.0s avg_epoch=41.5s est_planned=3h 27m 36s elapsed=2h 02m 02s
[OURS][177/300] loss=1.0906 ce=1.0906 align=0.0000 fuse=0.0000 feature=0.0000 beta=0.0000 guidance_active_next=False alg_raw_derivative=n/a alg_smoothed_derivative=n/a guidance_stop_epoch=121 train_acc=70.70% val_acc=79.48% best=79.72% lr=0.000185942 time=33.7s avg_epoch=41.5s est_planned=3h 27m 23s elapsed=2h 02m 36s
[OURS][178/300] loss=1.0856 ce=1.0856 align=0.0000 fuse=0.0000 feature=0.0000 beta=0.0000 guidance_active_next=False alg_raw_derivative=n/a alg_smoothed_derivative=n/a guidance_stop_epoch=121 train_acc=71.08% val_acc=79.58% best=79.72% lr=0.00018345 time=33.9s avg_epoch=41.4s est_planned=3h 27m 10s elapsed=2h 03m 10s
[OURS][179/300] loss=1.0750 ce=1.0750 align=0.0000 fuse=0.0000 feature=0.0000 beta=0.0000 guidance_active_next=False alg_raw_derivative=n/a alg_smoothed_derivative=n/a guidance_stop_epoch=121 train_acc=71.32% val_acc=79.99% best=79.99% lr=0.000180965 time=35.3s avg_epoch=41.4s est_planned=3h 27m 00s elapsed=2h 03m 45s saved_best
[OURS][180/300] loss=1.0643 ce=1.0643 align=0.0000 fuse=0.0000 feature=0.0000 beta=0.0000 guidance_active_next=False alg_raw_derivative=n/a alg_smoothed_derivative=n/a guidance_stop_epoch=121 train_acc=71.56% val_acc=79.12% best=79.99% lr=0.000178487 time=33.6s avg_epoch=41.4s est_planned=3h 26m 47s elapsed=2h 04m 19s
[OURS][181/300] loss=1.0674 ce=1.0674 align=0.0000 fuse=0.0000 feature=0.0000 beta=0.0000 guidance_active_next=False alg_raw_derivative=n/a alg_smoothed_derivative=n/a guidance_stop_epoch=121 train_acc=71.38% val_acc=80.04% best=80.04% lr=0.000176018 time=33.7s avg_epoch=41.3s est_planned=3h 26m 34s elapsed=2h 04m 53s saved_best
[OURS][182/300] loss=1.0616 ce=1.0616 align=0.0000 fuse=0.0000 feature=0.0000 beta=0.0000 guidance_active_next=False alg_raw_derivative=n/a alg_smoothed_derivative=n/a guidance_stop_epoch=121 train_acc=71.76% val_acc=79.83% best=80.04% lr=0.000173558 time=31.9s avg_epoch=41.3s est_planned=3h 26m 18s elapsed=2h 05m 25s
[OURS][183/300] loss=1.0502 ce=1.0502 align=0.0000 fuse=0.0000 feature=0.0000 beta=0.0000 guidance_active_next=False alg_raw_derivative=n/a alg_smoothed_derivative=n/a guidance_stop_epoch=121 train_acc=72.05% val_acc=79.91% best=80.04% lr=0.000171106 time=33.8s avg_epoch=41.2s est_planned=3h 26m 06s elapsed=2h 05m 58s
[OURS][184/300] loss=1.0400 ce=1.0400 align=0.0000 fuse=0.0000 feature=0.0000 beta=0.0000 guidance_active_next=False alg_raw_derivative=n/a alg_smoothed_derivative=n/a guidance_stop_epoch=121 train_acc=72.12% val_acc=79.58% best=80.04% lr=0.000168662 time=33.9s avg_epoch=41.2s est_planned=3h 25m 54s elapsed=2h 06m 32s
[OURS][185/300] loss=1.0361 ce=1.0361 align=0.0000 fuse=0.0000 feature=0.0000 beta=0.0000 guidance_active_next=False alg_raw_derivative=n/a alg_smoothed_derivative=n/a guidance_stop_epoch=121 train_acc=72.62% val_acc=80.23% best=80.23% lr=0.000166228 time=35.1s avg_epoch=41.1s est_planned=3h 25m 44s elapsed=2h 07m 08s saved_best
[OURS][186/300] loss=1.0355 ce=1.0355 align=0.0000 fuse=0.0000 feature=0.0000 beta=0.0000 guidance_active_next=False alg_raw_derivative=n/a alg_smoothed_derivative=n/a guidance_stop_epoch=121 train_acc=72.59% val_acc=79.73% best=80.23% lr=0.000163804 time=35.0s avg_epoch=41.1s est_planned=3h 25m 35s elapsed=2h 07m 43s
[OURS][187/300] loss=1.0287 ce=1.0287 align=0.0000 fuse=0.0000 feature=0.0000 beta=0.0000 guidance_active_next=False alg_raw_derivative=n/a alg_smoothed_derivative=n/a guidance_stop_epoch=121 train_acc=72.72% val_acc=79.81% best=80.23% lr=0.000161389 time=34.4s avg_epoch=41.1s est_planned=3h 25m 24s elapsed=2h 08m 17s
[OURS][188/300] loss=1.0294 ce=1.0294 align=0.0000 fuse=0.0000 feature=0.0000 beta=0.0000 guidance_active_next=False alg_raw_derivative=n/a alg_smoothed_derivative=n/a guidance_stop_epoch=121 train_acc=72.52% val_acc=79.67% best=80.23% lr=0.000158984 time=32.8s avg_epoch=41.0s est_planned=3h 25m 11s elapsed=2h 08m 50s
[OURS][189/300] loss=1.0133 ce=1.0133 align=0.0000 fuse=0.0000 feature=0.0000 beta=0.0000 guidance_active_next=False alg_raw_derivative=n/a alg_smoothed_derivative=n/a guidance_stop_epoch=121 train_acc=72.90% val_acc=79.65% best=80.23% lr=0.00015659 time=33.9s avg_epoch=41.0s est_planned=3h 24m 59s elapsed=2h 09m 24s
[OURS][190/300] loss=1.0046 ce=1.0046 align=0.0000 fuse=0.0000 feature=0.0000 beta=0.0000 guidance_active_next=False alg_raw_derivative=n/a alg_smoothed_derivative=n/a guidance_stop_epoch=121 train_acc=73.48% val_acc=79.86% best=80.23% lr=0.000154206 time=32.8s avg_epoch=41.0s est_planned=3h 24m 46s elapsed=2h 09m 57s
[OURS][191/300] loss=1.0163 ce=1.0163 align=0.0000 fuse=0.0000 feature=0.0000 beta=0.0000 guidance_active_next=False alg_raw_derivative=n/a alg_smoothed_derivative=n/a guidance_stop_epoch=121 train_acc=72.85% val_acc=80.35% best=80.35% lr=0.000151833 time=33.9s avg_epoch=40.9s est_planned=3h 24m 35s elapsed=2h 10m 31s saved_best
[OURS][192/300] loss=1.0112 ce=1.0112 align=0.0000 fuse=0.0000 feature=0.0000 beta=0.0000 guidance_active_next=False alg_raw_derivative=n/a alg_smoothed_derivative=n/a guidance_stop_epoch=121 train_acc=73.07% val_acc=79.82% best=80.35% lr=0.000149471 time=35.1s avg_epoch=40.9s est_planned=3h 24m 26s elapsed=2h 11m 06s
[OURS][193/300] loss=0.9947 ce=0.9947 align=0.0000 fuse=0.0000 feature=0.0000 beta=0.0000 guidance_active_next=False alg_raw_derivative=n/a alg_smoothed_derivative=n/a guidance_stop_epoch=121 train_acc=73.71% val_acc=80.07% best=80.35% lr=0.00014712 time=34.6s avg_epoch=40.9s est_planned=3h 24m 16s elapsed=2h 11m 41s
[OURS][194/300] loss=0.9780 ce=0.9780 align=0.0000 fuse=0.0000 feature=0.0000 beta=0.0000 guidance_active_next=False alg_raw_derivative=n/a alg_smoothed_derivative=n/a guidance_stop_epoch=121 train_acc=73.66% val_acc=79.99% best=80.35% lr=0.00014478 time=33.4s avg_epoch=40.8s est_planned=3h 24m 05s elapsed=2h 12m 14s
[OURS][195/300] loss=0.9957 ce=0.9957 align=0.0000 fuse=0.0000 feature=0.0000 beta=0.0000 guidance_active_next=False alg_raw_derivative=n/a alg_smoothed_derivative=n/a guidance_stop_epoch=121 train_acc=73.29% val_acc=80.30% best=80.35% lr=0.000142453 time=35.6s avg_epoch=40.8s est_planned=3h 23m 57s elapsed=2h 12m 50s
[OURS][196/300] loss=0.9801 ce=0.9801 align=0.0000 fuse=0.0000 feature=0.0000 beta=0.0000 guidance_active_next=False alg_raw_derivative=n/a alg_smoothed_derivative=n/a guidance_stop_epoch=121 train_acc=73.92% val_acc=80.23% best=80.35% lr=0.000140137 time=32.9s avg_epoch=40.7s est_planned=3h 23m 45s elapsed=2h 13m 23s
[OURS][197/300] loss=0.9762 ce=0.9762 align=0.0000 fuse=0.0000 feature=0.0000 beta=0.0000 guidance_active_next=False alg_raw_derivative=n/a alg_smoothed_derivative=n/a guidance_stop_epoch=121 train_acc=73.75% val_acc=80.09% best=80.35% lr=0.000137834 time=31.8s avg_epoch=40.7s est_planned=3h 23m 31s elapsed=2h 13m 55s
[OURS][198/300] loss=0.9775 ce=0.9775 align=0.0000 fuse=0.0000 feature=0.0000 beta=0.0000 guidance_active_next=False alg_raw_derivative=n/a alg_smoothed_derivative=n/a guidance_stop_epoch=121 train_acc=73.85% val_acc=80.23% best=80.35% lr=0.000135544 time=31.3s avg_epoch=40.7s est_planned=3h 23m 17s elapsed=2h 14m 26s
[OURS][199/300] loss=0.9544 ce=0.9544 align=0.0000 fuse=0.0000 feature=0.0000 beta=0.0000 guidance_active_next=False alg_raw_derivative=n/a alg_smoothed_derivative=n/a guidance_stop_epoch=121 train_acc=74.56% val_acc=80.37% best=80.37% lr=0.000133266 time=35.0s avg_epoch=40.6s est_planned=3h 23m 08s elapsed=2h 15m 01s saved_best
[OURS][200/300] loss=0.9673 ce=0.9673 align=0.0000 fuse=0.0000 feature=0.0000 beta=0.0000 guidance_active_next=False alg_raw_derivative=n/a alg_smoothed_derivative=n/a guidance_stop_epoch=121 train_acc=74.13% val_acc=80.18% best=80.37% lr=0.000131001 time=32.4s avg_epoch=40.6s est_planned=3h 22m 56s elapsed=2h 15m 34s
[OURS][201/300] loss=0.9590 ce=0.9590 align=0.0000 fuse=0.0000 feature=0.0000 beta=0.0000 guidance_active_next=False alg_raw_derivative=n/a alg_smoothed_derivative=n/a guidance_stop_epoch=121 train_acc=74.37% val_acc=80.34% best=80.37% lr=0.00012875 time=35.6s avg_epoch=40.6s est_planned=3h 22m 49s elapsed=2h 16m 09s
[OURS][202/300] loss=0.9435 ce=0.9435 align=0.0000 fuse=0.0000 feature=0.0000 beta=0.0000 guidance_active_next=False alg_raw_derivative=n/a alg_smoothed_derivative=n/a guidance_stop_epoch=121 train_acc=74.82% val_acc=80.66% best=80.66% lr=0.000126512 time=36.0s avg_epoch=40.5s est_planned=3h 22m 42s elapsed=2h 16m 45s saved_best
[OURS][203/300] loss=0.9527 ce=0.9527 align=0.0000 fuse=0.0000 feature=0.0000 beta=0.0000 guidance_active_next=False alg_raw_derivative=n/a alg_smoothed_derivative=n/a guidance_stop_epoch=121 train_acc=74.70% val_acc=80.61% best=80.66% lr=0.000124288 time=34.1s avg_epoch=40.5s est_planned=3h 22m 32s elapsed=2h 17m 19s
[OURS][204/300] loss=0.9288 ce=0.9288 align=0.0000 fuse=0.0000 feature=0.0000 beta=0.0000 guidance_active_next=False alg_raw_derivative=n/a alg_smoothed_derivative=n/a guidance_stop_epoch=121 train_acc=75.32% val_acc=80.30% best=80.66% lr=0.000122078 time=34.9s avg_epoch=40.5s est_planned=3h 22m 24s elapsed=2h 17m 54s
[OURS][205/300] loss=0.9317 ce=0.9317 align=0.0000 fuse=0.0000 feature=0.0000 beta=0.0000 guidance_active_next=False alg_raw_derivative=n/a alg_smoothed_derivative=n/a guidance_stop_epoch=121 train_acc=75.15% val_acc=80.70% best=80.70% lr=0.000119883 time=32.0s avg_epoch=40.4s est_planned=3h 22m 12s elapsed=2h 18m 27s saved_best
[OURS][206/300] loss=0.9320 ce=0.9320 align=0.0000 fuse=0.0000 feature=0.0000 beta=0.0000 guidance_active_next=False alg_raw_derivative=n/a alg_smoothed_derivative=n/a guidance_stop_epoch=121 train_acc=75.29% val_acc=81.12% best=81.12% lr=0.000117702 time=31.0s avg_epoch=40.4s est_planned=3h 21m 58s elapsed=2h 18m 58s saved_best
[OURS][207/300] loss=0.9393 ce=0.9393 align=0.0000 fuse=0.0000 feature=0.0000 beta=0.0000 guidance_active_next=False alg_raw_derivative=n/a alg_smoothed_derivative=n/a guidance_stop_epoch=121 train_acc=74.99% val_acc=80.94% best=81.12% lr=0.000115536 time=34.4s avg_epoch=40.4s est_planned=3h 21m 49s elapsed=2h 19m 32s
[OURS][208/300] loss=0.9225 ce=0.9225 align=0.0000 fuse=0.0000 feature=0.0000 beta=0.0000 guidance_active_next=False alg_raw_derivative=n/a alg_smoothed_derivative=n/a guidance_stop_epoch=121 train_acc=75.54% val_acc=80.75% best=81.12% lr=0.000113384 time=34.9s avg_epoch=40.3s est_planned=3h 21m 41s elapsed=2h 20m 07s
[OURS][209/300] loss=0.9242 ce=0.9242 align=0.0000 fuse=0.0000 feature=0.0000 beta=0.0000 guidance_active_next=False alg_raw_derivative=n/a alg_smoothed_derivative=n/a guidance_stop_epoch=121 train_acc=75.56% val_acc=80.62% best=81.12% lr=0.000111248 time=34.4s avg_epoch=40.3s est_planned=3h 21m 33s elapsed=2h 20m 42s
[OURS][210/300] loss=0.9143 ce=0.9143 align=0.0000 fuse=0.0000 feature=0.0000 beta=0.0000 guidance_active_next=False alg_raw_derivative=n/a alg_smoothed_derivative=n/a guidance_stop_epoch=121 train_acc=75.68% val_acc=81.03% best=81.12% lr=0.000109128 time=32.4s avg_epoch=40.3s est_planned=3h 21m 22s elapsed=2h 21m 14s
[OURS][211/300] loss=0.9030 ce=0.9030 align=0.0000 fuse=0.0000 feature=0.0000 beta=0.0000 guidance_active_next=False alg_raw_derivative=n/a alg_smoothed_derivative=n/a guidance_stop_epoch=121 train_acc=75.91% val_acc=81.28% best=81.28% lr=0.000107023 time=35.5s avg_epoch=40.2s est_planned=3h 21m 15s elapsed=2h 21m 50s saved_best
[OURS][212/300] loss=0.9010 ce=0.9010 align=0.0000 fuse=0.0000 feature=0.0000 beta=0.0000 guidance_active_next=False alg_raw_derivative=n/a alg_smoothed_derivative=n/a guidance_stop_epoch=121 train_acc=76.04% val_acc=80.89% best=81.28% lr=0.000104934 time=34.2s avg_epoch=40.2s est_planned=3h 21m 06s elapsed=2h 22m 24s
[OURS][213/300] loss=0.8897 ce=0.8897 align=0.0000 fuse=0.0000 feature=0.0000 beta=0.0000 guidance_active_next=False alg_raw_derivative=n/a alg_smoothed_derivative=n/a guidance_stop_epoch=121 train_acc=76.23% val_acc=80.75% best=81.28% lr=0.000102862 time=34.4s avg_epoch=40.2s est_planned=3h 20m 58s elapsed=2h 22m 58s
[OURS][214/300] loss=0.8905 ce=0.8905 align=0.0000 fuse=0.0000 feature=0.0000 beta=0.0000 guidance_active_next=False alg_raw_derivative=n/a alg_smoothed_derivative=n/a guidance_stop_epoch=121 train_acc=76.23% val_acc=80.46% best=81.28% lr=0.000100806 time=35.4s avg_epoch=40.2s est_planned=3h 20m 51s elapsed=2h 23m 34s
[OURS][215/300] loss=0.9020 ce=0.9020 align=0.0000 fuse=0.0000 feature=0.0000 beta=0.0000 guidance_active_next=False alg_raw_derivative=n/a alg_smoothed_derivative=n/a guidance_stop_epoch=121 train_acc=76.06% val_acc=81.10% best=81.28% lr=9.87659e-05 time=35.1s avg_epoch=40.1s est_planned=3h 20m 44s elapsed=2h 24m 09s
[OURS][216/300] loss=0.8907 ce=0.8907 align=0.0000 fuse=0.0000 feature=0.0000 beta=0.0000 guidance_active_next=False alg_raw_derivative=n/a alg_smoothed_derivative=n/a guidance_stop_epoch=121 train_acc=76.28% val_acc=80.76% best=81.28% lr=9.67432e-05 time=33.3s avg_epoch=40.1s est_planned=3h 20m 35s elapsed=2h 24m 42s
[OURS][217/300] loss=0.8805 ce=0.8805 align=0.0000 fuse=0.0000 feature=0.0000 beta=0.0000 guidance_active_next=False alg_raw_derivative=n/a alg_smoothed_derivative=n/a guidance_stop_epoch=121 train_acc=76.49% val_acc=80.87% best=81.28% lr=9.47376e-05 time=35.0s avg_epoch=40.1s est_planned=3h 20m 28s elapsed=2h 25m 17s
[OURS][218/300] loss=0.8673 ce=0.8673 align=0.0000 fuse=0.0000 feature=0.0000 beta=0.0000 guidance_active_next=False alg_raw_derivative=n/a alg_smoothed_derivative=n/a guidance_stop_epoch=121 train_acc=76.73% val_acc=80.64% best=81.28% lr=9.27492e-05 time=33.8s avg_epoch=40.1s est_planned=3h 20m 19s elapsed=2h 25m 51s
[OURS][219/300] loss=0.8683 ce=0.8683 align=0.0000 fuse=0.0000 feature=0.0000 beta=0.0000 guidance_active_next=False alg_raw_derivative=n/a alg_smoothed_derivative=n/a guidance_stop_epoch=121 train_acc=76.81% val_acc=80.89% best=81.28% lr=9.07784e-05 time=33.8s avg_epoch=40.0s est_planned=3h 20m 10s elapsed=2h 26m 25s
[OURS][220/300] loss=0.8619 ce=0.8619 align=0.0000 fuse=0.0000 feature=0.0000 beta=0.0000 guidance_active_next=False alg_raw_derivative=n/a alg_smoothed_derivative=n/a guidance_stop_epoch=121 train_acc=77.06% val_acc=80.98% best=81.28% lr=8.88253e-05 time=33.8s avg_epoch=40.0s est_planned=3h 20m 02s elapsed=2h 26m 59s
[OURS][221/300] loss=0.8633 ce=0.8633 align=0.0000 fuse=0.0000 feature=0.0000 beta=0.0000 guidance_active_next=False alg_raw_derivative=n/a alg_smoothed_derivative=n/a guidance_stop_epoch=121 train_acc=77.04% val_acc=81.16% best=81.28% lr=8.68902e-05 time=35.4s avg_epoch=40.0s est_planned=3h 19m 56s elapsed=2h 27m 34s
[OURS][222/300] loss=0.8553 ce=0.8553 align=0.0000 fuse=0.0000 feature=0.0000 beta=0.0000 guidance_active_next=False alg_raw_derivative=n/a alg_smoothed_derivative=n/a guidance_stop_epoch=121 train_acc=77.05% val_acc=81.14% best=81.28% lr=8.49732e-05 time=33.1s avg_epoch=40.0s est_planned=3h 19m 46s elapsed=2h 28m 08s
[OURS][223/300] loss=0.8604 ce=0.8604 align=0.0000 fuse=0.0000 feature=0.0000 beta=0.0000 guidance_active_next=False alg_raw_derivative=n/a alg_smoothed_derivative=n/a guidance_stop_epoch=121 train_acc=77.00% val_acc=81.42% best=81.42% lr=8.30746e-05 time=34.9s avg_epoch=39.9s est_planned=3h 19m 39s elapsed=2h 28m 43s saved_best
[OURS][224/300] loss=0.8436 ce=0.8436 align=0.0000 fuse=0.0000 feature=0.0000 beta=0.0000 guidance_active_next=False alg_raw_derivative=n/a alg_smoothed_derivative=n/a guidance_stop_epoch=121 train_acc=77.54% val_acc=81.14% best=81.42% lr=8.11946e-05 time=32.2s avg_epoch=39.9s est_planned=3h 19m 29s elapsed=2h 29m 15s
[OURS][225/300] loss=0.8460 ce=0.8460 align=0.0000 fuse=0.0000 feature=0.0000 beta=0.0000 guidance_active_next=False alg_raw_derivative=n/a alg_smoothed_derivative=n/a guidance_stop_epoch=121 train_acc=77.56% val_acc=81.71% best=81.71% lr=7.93333e-05 time=34.8s avg_epoch=39.9s est_planned=3h 19m 22s elapsed=2h 29m 50s saved_best
[OURS][226/300] loss=0.8467 ce=0.8467 align=0.0000 fuse=0.0000 feature=0.0000 beta=0.0000 guidance_active_next=False alg_raw_derivative=n/a alg_smoothed_derivative=n/a guidance_stop_epoch=121 train_acc=77.46% val_acc=81.57% best=81.71% lr=7.74911e-05 time=35.6s avg_epoch=39.9s est_planned=3h 19m 17s elapsed=2h 30m 25s
[OURS][227/300] loss=0.8363 ce=0.8363 align=0.0000 fuse=0.0000 feature=0.0000 beta=0.0000 guidance_active_next=False alg_raw_derivative=n/a alg_smoothed_derivative=n/a guidance_stop_epoch=121 train_acc=77.75% val_acc=81.84% best=81.84% lr=7.5668e-05 time=32.9s avg_epoch=39.8s est_planned=3h 19m 07s elapsed=2h 30m 58s saved_best
[OURS][228/300] loss=0.8382 ce=0.8382 align=0.0000 fuse=0.0000 feature=0.0000 beta=0.0000 guidance_active_next=False alg_raw_derivative=n/a alg_smoothed_derivative=n/a guidance_stop_epoch=121 train_acc=77.85% val_acc=81.61% best=81.84% lr=7.38643e-05 time=33.2s avg_epoch=39.8s est_planned=3h 18m 59s elapsed=2h 31m 32s
[OURS][229/300] loss=0.8312 ce=0.8312 align=0.0000 fuse=0.0000 feature=0.0000 beta=0.0000 guidance_active_next=False alg_raw_derivative=n/a alg_smoothed_derivative=n/a guidance_stop_epoch=121 train_acc=77.97% val_acc=81.28% best=81.84% lr=7.20803e-05 time=33.1s avg_epoch=39.8s est_planned=3h 18m 50s elapsed=2h 32m 05s
[OURS][230/300] loss=0.8348 ce=0.8348 align=0.0000 fuse=0.0000 feature=0.0000 beta=0.0000 guidance_active_next=False alg_raw_derivative=n/a alg_smoothed_derivative=n/a guidance_stop_epoch=121 train_acc=77.72% val_acc=81.37% best=81.84% lr=7.0316e-05 time=33.5s avg_epoch=39.7s est_planned=3h 18m 42s elapsed=2h 32m 39s
[OURS][231/300] loss=0.8226 ce=0.8226 align=0.0000 fuse=0.0000 feature=0.0000 beta=0.0000 guidance_active_next=False alg_raw_derivative=n/a alg_smoothed_derivative=n/a guidance_stop_epoch=121 train_acc=78.42% val_acc=81.56% best=81.84% lr=6.85717e-05 time=32.7s avg_epoch=39.7s est_planned=3h 18m 33s elapsed=2h 33m 11s
[OURS][232/300] loss=0.8208 ce=0.8208 align=0.0000 fuse=0.0000 feature=0.0000 beta=0.0000 guidance_active_next=False alg_raw_derivative=n/a alg_smoothed_derivative=n/a guidance_stop_epoch=121 train_acc=78.12% val_acc=81.38% best=81.84% lr=6.68475e-05 time=34.5s avg_epoch=39.7s est_planned=3h 18m 26s elapsed=2h 33m 46s
[OURS][233/300] loss=0.8289 ce=0.8289 align=0.0000 fuse=0.0000 feature=0.0000 beta=0.0000 guidance_active_next=False alg_raw_derivative=n/a alg_smoothed_derivative=n/a guidance_stop_epoch=121 train_acc=77.97% val_acc=81.42% best=81.84% lr=6.51437e-05 time=33.7s avg_epoch=39.7s est_planned=3h 18m 18s elapsed=2h 34m 20s
[OURS][234/300] loss=0.8121 ce=0.8121 align=0.0000 fuse=0.0000 feature=0.0000 beta=0.0000 guidance_active_next=False alg_raw_derivative=n/a alg_smoothed_derivative=n/a guidance_stop_epoch=121 train_acc=78.32% val_acc=80.87% best=81.84% lr=6.34605e-05 time=34.0s avg_epoch=39.6s est_planned=3h 18m 11s elapsed=2h 34m 54s
[OURS][235/300] loss=0.8043 ce=0.8043 align=0.0000 fuse=0.0000 feature=0.0000 beta=0.0000 guidance_active_next=False alg_raw_derivative=n/a alg_smoothed_derivative=n/a guidance_stop_epoch=121 train_acc=78.55% val_acc=81.89% best=81.89% lr=6.1798e-05 time=35.8s avg_epoch=39.6s est_planned=3h 18m 06s elapsed=2h 35m 30s saved_best
[OURS][236/300] loss=0.7995 ce=0.7995 align=0.0000 fuse=0.0000 feature=0.0000 beta=0.0000 guidance_active_next=False alg_raw_derivative=n/a alg_smoothed_derivative=n/a guidance_stop_epoch=121 train_acc=78.66% val_acc=82.17% best=82.17% lr=6.01564e-05 time=32.0s avg_epoch=39.6s est_planned=3h 17m 56s elapsed=2h 36m 02s saved_best
[OURS][237/300] loss=0.7979 ce=0.7979 align=0.0000 fuse=0.0000 feature=0.0000 beta=0.0000 guidance_active_next=False alg_raw_derivative=n/a alg_smoothed_derivative=n/a guidance_stop_epoch=121 train_acc=78.76% val_acc=81.82% best=82.17% lr=5.85359e-05 time=35.1s avg_epoch=39.6s est_planned=3h 17m 51s elapsed=2h 36m 37s
[OURS][238/300] loss=0.7969 ce=0.7969 align=0.0000 fuse=0.0000 feature=0.0000 beta=0.0000 guidance_active_next=False alg_raw_derivative=n/a alg_smoothed_derivative=n/a guidance_stop_epoch=121 train_acc=78.71% val_acc=81.52% best=82.17% lr=5.69366e-05 time=34.9s avg_epoch=39.5s est_planned=3h 17m 45s elapsed=2h 37m 12s
[OURS][239/300] loss=0.7876 ce=0.7876 align=0.0000 fuse=0.0000 feature=0.0000 beta=0.0000 guidance_active_next=False alg_raw_derivative=n/a alg_smoothed_derivative=n/a guidance_stop_epoch=121 train_acc=79.03% val_acc=81.43% best=82.17% lr=5.53588e-05 time=34.5s avg_epoch=39.5s est_planned=3h 17m 38s elapsed=2h 37m 46s
[OURS][240/300] loss=0.7886 ce=0.7886 align=0.0000 fuse=0.0000 feature=0.0000 beta=0.0000 guidance_active_next=False alg_raw_derivative=n/a alg_smoothed_derivative=n/a guidance_stop_epoch=121 train_acc=78.99% val_acc=81.91% best=82.17% lr=5.38027e-05 time=35.8s avg_epoch=39.5s est_planned=3h 17m 34s elapsed=2h 38m 22s
[OURS][241/300] loss=0.7895 ce=0.7895 align=0.0000 fuse=0.0000 feature=0.0000 beta=0.0000 guidance_active_next=False alg_raw_derivative=n/a alg_smoothed_derivative=n/a guidance_stop_epoch=121 train_acc=79.02% val_acc=81.72% best=82.17% lr=5.22683e-05 time=35.1s avg_epoch=39.5s est_planned=3h 17m 28s elapsed=2h 38m 57s
[OURS][242/300] loss=0.7747 ce=0.7747 align=0.0000 fuse=0.0000 feature=0.0000 beta=0.0000 guidance_active_next=False alg_raw_derivative=n/a alg_smoothed_derivative=n/a guidance_stop_epoch=121 train_acc=79.44% val_acc=81.54% best=82.17% lr=5.07559e-05 time=35.0s avg_epoch=39.5s est_planned=3h 17m 23s elapsed=2h 39m 32s
[OURS][243/300] loss=0.7830 ce=0.7830 align=0.0000 fuse=0.0000 feature=0.0000 beta=0.0000 guidance_active_next=False alg_raw_derivative=n/a alg_smoothed_derivative=n/a guidance_stop_epoch=121 train_acc=79.19% val_acc=81.45% best=82.17% lr=4.92656e-05 time=34.7s avg_epoch=39.5s est_planned=3h 17m 17s elapsed=2h 40m 07s
[OURS][244/300] loss=0.7724 ce=0.7724 align=0.0000 fuse=0.0000 feature=0.0000 beta=0.0000 guidance_active_next=False alg_raw_derivative=n/a alg_smoothed_derivative=n/a guidance_stop_epoch=121 train_acc=79.62% val_acc=81.67% best=82.17% lr=4.77976e-05 time=33.4s avg_epoch=39.4s est_planned=3h 17m 09s elapsed=2h 40m 41s
[OURS][245/300] loss=0.7772 ce=0.7772 align=0.0000 fuse=0.0000 feature=0.0000 beta=0.0000 guidance_active_next=False alg_raw_derivative=n/a alg_smoothed_derivative=n/a guidance_stop_epoch=121 train_acc=79.34% val_acc=81.68% best=82.17% lr=4.6352e-05 time=35.7s avg_epoch=39.4s est_planned=3h 17m 05s elapsed=2h 41m 16s
[OURS][246/300] loss=0.7816 ce=0.7816 align=0.0000 fuse=0.0000 feature=0.0000 beta=0.0000 guidance_active_next=False alg_raw_derivative=n/a alg_smoothed_derivative=n/a guidance_stop_epoch=121 train_acc=79.30% val_acc=81.86% best=82.17% lr=4.4929e-05 time=35.5s avg_epoch=39.4s est_planned=3h 17m 00s elapsed=2h 41m 52s
[OURS][247/300] loss=0.7563 ce=0.7563 align=0.0000 fuse=0.0000 feature=0.0000 beta=0.0000 guidance_active_next=False alg_raw_derivative=n/a alg_smoothed_derivative=n/a guidance_stop_epoch=121 train_acc=79.90% val_acc=81.67% best=82.17% lr=4.35288e-05 time=35.0s avg_epoch=39.4s est_planned=3h 16m 55s elapsed=2h 42m 27s
[OURS][248/300] loss=0.7691 ce=0.7691 align=0.0000 fuse=0.0000 feature=0.0000 beta=0.0000 guidance_active_next=False alg_raw_derivative=n/a alg_smoothed_derivative=n/a guidance_stop_epoch=121 train_acc=79.71% val_acc=81.94% best=82.17% lr=4.21516e-05 time=32.9s avg_epoch=39.4s est_planned=3h 16m 47s elapsed=2h 43m 00s
[OURS][249/300] loss=0.7625 ce=0.7625 align=0.0000 fuse=0.0000 feature=0.0000 beta=0.0000 guidance_active_next=False alg_raw_derivative=n/a alg_smoothed_derivative=n/a guidance_stop_epoch=121 train_acc=79.76% val_acc=81.71% best=82.17% lr=4.07973e-05 time=34.5s avg_epoch=39.3s est_planned=3h 16m 41s elapsed=2h 43m 35s
[OURS][250/300] loss=0.7587 ce=0.7587 align=0.0000 fuse=0.0000 feature=0.0000 beta=0.0000 guidance_active_next=False alg_raw_derivative=n/a alg_smoothed_derivative=n/a guidance_stop_epoch=121 train_acc=79.79% val_acc=82.12% best=82.17% lr=3.94663e-05 time=33.1s avg_epoch=39.3s est_planned=3h 16m 33s elapsed=2h 44m 08s
[OURS][251/300] loss=0.7511 ce=0.7511 align=0.0000 fuse=0.0000 feature=0.0000 beta=0.0000 guidance_active_next=False alg_raw_derivative=n/a alg_smoothed_derivative=n/a guidance_stop_epoch=121 train_acc=80.00% val_acc=81.86% best=82.17% lr=3.81587e-05 time=34.5s avg_epoch=39.3s est_planned=3h 16m 28s elapsed=2h 44m 42s
[OURS][252/300] loss=0.7559 ce=0.7559 align=0.0000 fuse=0.0000 feature=0.0000 beta=0.0000 guidance_active_next=False alg_raw_derivative=n/a alg_smoothed_derivative=n/a guidance_stop_epoch=121 train_acc=80.03% val_acc=82.05% best=82.17% lr=3.68746e-05 time=32.2s avg_epoch=39.3s est_planned=3h 16m 19s elapsed=2h 45m 15s
[OURS][253/300] loss=0.7427 ce=0.7427 align=0.0000 fuse=0.0000 feature=0.0000 beta=0.0000 guidance_active_next=False alg_raw_derivative=n/a alg_smoothed_derivative=n/a guidance_stop_epoch=121 train_acc=80.27% val_acc=82.01% best=82.17% lr=3.56141e-05 time=31.7s avg_epoch=39.2s est_planned=3h 16m 10s elapsed=2h 45m 46s
[OURS][254/300] loss=0.7511 ce=0.7511 align=0.0000 fuse=0.0000 feature=0.0000 beta=0.0000 guidance_active_next=False alg_raw_derivative=n/a alg_smoothed_derivative=n/a guidance_stop_epoch=121 train_acc=80.10% val_acc=82.06% best=82.17% lr=3.43774e-05 time=35.2s avg_epoch=39.2s est_planned=3h 16m 05s elapsed=2h 46m 21s
[OURS][255/300] loss=0.7561 ce=0.7561 align=0.0000 fuse=0.0000 feature=0.0000 beta=0.0000 guidance_active_next=False alg_raw_derivative=n/a alg_smoothed_derivative=n/a guidance_stop_epoch=121 train_acc=79.89% val_acc=81.57% best=82.17% lr=3.31646e-05 time=35.3s avg_epoch=39.2s est_planned=3h 16m 01s elapsed=2h 46m 57s
[OURS][256/300] loss=0.7499 ce=0.7499 align=0.0000 fuse=0.0000 feature=0.0000 beta=0.0000 guidance_active_next=False alg_raw_derivative=n/a alg_smoothed_derivative=n/a guidance_stop_epoch=121 train_acc=80.28% val_acc=81.74% best=82.17% lr=3.19759e-05 time=34.2s avg_epoch=39.2s est_planned=3h 15m 55s elapsed=2h 47m 31s
[OURS][257/300] loss=0.7333 ce=0.7333 align=0.0000 fuse=0.0000 feature=0.0000 beta=0.0000 guidance_active_next=False alg_raw_derivative=n/a alg_smoothed_derivative=n/a guidance_stop_epoch=121 train_acc=80.51% val_acc=81.99% best=82.17% lr=3.08113e-05 time=33.4s avg_epoch=39.2s est_planned=3h 15m 48s elapsed=2h 48m 05s
[OURS][258/300] loss=0.7336 ce=0.7336 align=0.0000 fuse=0.0000 feature=0.0000 beta=0.0000 guidance_active_next=False alg_raw_derivative=n/a alg_smoothed_derivative=n/a guidance_stop_epoch=121 train_acc=80.48% val_acc=82.34% best=82.34% lr=2.96711e-05 time=32.6s avg_epoch=39.1s est_planned=3h 15m 41s elapsed=2h 48m 37s saved_best
[OURS][259/300] loss=0.7302 ce=0.7302 align=0.0000 fuse=0.0000 feature=0.0000 beta=0.0000 guidance_active_next=False alg_raw_derivative=n/a alg_smoothed_derivative=n/a guidance_stop_epoch=121 train_acc=80.52% val_acc=82.16% best=82.34% lr=2.85553e-05 time=34.5s avg_epoch=39.1s est_planned=3h 15m 35s elapsed=2h 49m 12s
[OURS][260/300] loss=0.7317 ce=0.7317 align=0.0000 fuse=0.0000 feature=0.0000 beta=0.0000 guidance_active_next=False alg_raw_derivative=n/a alg_smoothed_derivative=n/a guidance_stop_epoch=121 train_acc=80.45% val_acc=82.47% best=82.47% lr=2.74641e-05 time=34.6s avg_epoch=39.1s est_planned=3h 15m 30s elapsed=2h 49m 47s saved_best
[OURS][261/300] loss=0.7311 ce=0.7311 align=0.0000 fuse=0.0000 feature=0.0000 beta=0.0000 guidance_active_next=False alg_raw_derivative=n/a alg_smoothed_derivative=n/a guidance_stop_epoch=121 train_acc=80.57% val_acc=82.02% best=82.47% lr=2.63975e-05 time=33.4s avg_epoch=39.1s est_planned=3h 15m 23s elapsed=2h 50m 20s
[OURS][262/300] loss=0.7276 ce=0.7276 align=0.0000 fuse=0.0000 feature=0.0000 beta=0.0000 guidance_active_next=False alg_raw_derivative=n/a alg_smoothed_derivative=n/a guidance_stop_epoch=121 train_acc=80.54% val_acc=82.04% best=82.47% lr=2.53557e-05 time=35.6s avg_epoch=39.1s est_planned=3h 15m 19s elapsed=2h 50m 56s
[OURS][263/300] loss=0.7280 ce=0.7280 align=0.0000 fuse=0.0000 feature=0.0000 beta=0.0000 guidance_active_next=False alg_raw_derivative=n/a alg_smoothed_derivative=n/a guidance_stop_epoch=121 train_acc=80.67% val_acc=82.24% best=82.47% lr=2.43389e-05 time=33.0s avg_epoch=39.0s est_planned=3h 15m 12s elapsed=2h 51m 29s
[OURS][264/300] loss=0.7333 ce=0.7333 align=0.0000 fuse=0.0000 feature=0.0000 beta=0.0000 guidance_active_next=False alg_raw_derivative=n/a alg_smoothed_derivative=n/a guidance_stop_epoch=121 train_acc=80.65% val_acc=82.17% best=82.47% lr=2.3347e-05 time=34.9s avg_epoch=39.0s est_planned=3h 15m 08s elapsed=2h 52m 04s
[OURS][265/300] loss=0.7186 ce=0.7186 align=0.0000 fuse=0.0000 feature=0.0000 beta=0.0000 guidance_active_next=False alg_raw_derivative=n/a alg_smoothed_derivative=n/a guidance_stop_epoch=121 train_acc=80.93% val_acc=82.14% best=82.47% lr=2.23803e-05 time=33.6s avg_epoch=39.0s est_planned=3h 15m 02s elapsed=2h 52m 37s
[OURS][266/300] loss=0.7229 ce=0.7229 align=0.0000 fuse=0.0000 feature=0.0000 beta=0.0000 guidance_active_next=False alg_raw_derivative=n/a alg_smoothed_derivative=n/a guidance_stop_epoch=121 train_acc=80.82% val_acc=82.18% best=82.47% lr=2.14388e-05 time=35.5s avg_epoch=39.0s est_planned=3h 14m 58s elapsed=2h 53m 13s
[OURS][267/300] loss=0.7180 ce=0.7180 align=0.0000 fuse=0.0000 feature=0.0000 beta=0.0000 guidance_active_next=False alg_raw_derivative=n/a alg_smoothed_derivative=n/a guidance_stop_epoch=121 train_acc=80.91% val_acc=82.11% best=82.47% lr=2.05227e-05 time=33.6s avg_epoch=39.0s est_planned=3h 14m 52s elapsed=2h 53m 47s
[OURS][268/300] loss=0.7154 ce=0.7154 align=0.0000 fuse=0.0000 feature=0.0000 beta=0.0000 guidance_active_next=False alg_raw_derivative=n/a alg_smoothed_derivative=n/a guidance_stop_epoch=121 train_acc=81.05% val_acc=82.19% best=82.47% lr=1.9632e-05 time=33.0s avg_epoch=38.9s est_planned=3h 14m 45s elapsed=2h 54m 20s
[OURS][269/300] loss=0.7219 ce=0.7219 align=0.0000 fuse=0.0000 feature=0.0000 beta=0.0000 guidance_active_next=False alg_raw_derivative=n/a alg_smoothed_derivative=n/a guidance_stop_epoch=121 train_acc=80.84% val_acc=82.53% best=82.53% lr=1.87668e-05 time=35.2s avg_epoch=38.9s est_planned=3h 14m 41s elapsed=2h 54m 55s saved_best
[OURS][270/300] loss=0.7123 ce=0.7123 align=0.0000 fuse=0.0000 feature=0.0000 beta=0.0000 guidance_active_next=False alg_raw_derivative=n/a alg_smoothed_derivative=n/a guidance_stop_epoch=121 train_acc=81.18% val_acc=81.98% best=82.53% lr=1.79273e-05 time=34.2s avg_epoch=38.9s est_planned=3h 14m 36s elapsed=2h 55m 29s
[OURS][271/300] loss=0.7092 ce=0.7092 align=0.0000 fuse=0.0000 feature=0.0000 beta=0.0000 guidance_active_next=False alg_raw_derivative=n/a alg_smoothed_derivative=n/a guidance_stop_epoch=121 train_acc=81.29% val_acc=82.48% best=82.53% lr=1.71135e-05 time=31.1s avg_epoch=38.9s est_planned=3h 14m 27s elapsed=2h 56m 00s
[OURS][272/300] loss=0.7088 ce=0.7088 align=0.0000 fuse=0.0000 feature=0.0000 beta=0.0000 guidance_active_next=False alg_raw_derivative=n/a alg_smoothed_derivative=n/a guidance_stop_epoch=121 train_acc=81.07% val_acc=82.08% best=82.53% lr=1.63255e-05 time=34.7s avg_epoch=38.9s est_planned=3h 14m 22s elapsed=2h 56m 35s
[OURS][273/300] loss=0.7050 ce=0.7050 align=0.0000 fuse=0.0000 feature=0.0000 beta=0.0000 guidance_active_next=False alg_raw_derivative=n/a alg_smoothed_derivative=n/a guidance_stop_epoch=121 train_acc=81.18% val_acc=82.59% best=82.59% lr=1.55634e-05 time=34.2s avg_epoch=38.9s est_planned=3h 14m 17s elapsed=2h 57m 10s saved_best
[OURS][274/300] loss=0.7115 ce=0.7115 align=0.0000 fuse=0.0000 feature=0.0000 beta=0.0000 guidance_active_next=False alg_raw_derivative=n/a alg_smoothed_derivative=n/a guidance_stop_epoch=121 train_acc=81.17% val_acc=82.24% best=82.59% lr=1.48273e-05 time=35.3s avg_epoch=38.8s est_planned=3h 14m 13s elapsed=2h 57m 45s
[OURS][275/300] loss=0.6925 ce=0.6925 align=0.0000 fuse=0.0000 feature=0.0000 beta=0.0000 guidance_active_next=False alg_raw_derivative=n/a alg_smoothed_derivative=n/a guidance_stop_epoch=121 train_acc=81.59% val_acc=82.44% best=82.59% lr=1.41173e-05 time=32.5s avg_epoch=38.8s est_planned=3h 14m 06s elapsed=2h 58m 18s
[OURS][276/300] loss=0.7085 ce=0.7085 align=0.0000 fuse=0.0000 feature=0.0000 beta=0.0000 guidance_active_next=False alg_raw_derivative=n/a alg_smoothed_derivative=n/a guidance_stop_epoch=121 train_acc=81.30% val_acc=82.32% best=82.59% lr=1.34334e-05 time=31.9s avg_epoch=38.8s est_planned=3h 13m 59s elapsed=2h 58m 50s
[OURS][277/300] loss=0.6948 ce=0.6948 align=0.0000 fuse=0.0000 feature=0.0000 beta=0.0000 guidance_active_next=False alg_raw_derivative=n/a alg_smoothed_derivative=n/a guidance_stop_epoch=121 train_acc=81.41% val_acc=82.09% best=82.59% lr=1.27757e-05 time=35.6s avg_epoch=38.8s est_planned=3h 13m 56s elapsed=2h 59m 25s
[OURS][278/300] loss=0.7080 ce=0.7080 align=0.0000 fuse=0.0000 feature=0.0000 beta=0.0000 guidance_active_next=False alg_raw_derivative=n/a alg_smoothed_derivative=n/a guidance_stop_epoch=121 train_acc=81.22% val_acc=82.37% best=82.59% lr=1.21443e-05 time=34.9s avg_epoch=38.8s est_planned=3h 13m 51s elapsed=3h 00m 00s
[OURS][279/300] loss=0.6964 ce=0.6964 align=0.0000 fuse=0.0000 feature=0.0000 beta=0.0000 guidance_active_next=False alg_raw_derivative=n/a alg_smoothed_derivative=n/a guidance_stop_epoch=121 train_acc=81.49% val_acc=82.42% best=82.59% lr=1.15392e-05 time=35.2s avg_epoch=38.8s est_planned=3h 13m 48s elapsed=3h 00m 35s
[OURS][280/300] loss=0.7010 ce=0.7010 align=0.0000 fuse=0.0000 feature=0.0000 beta=0.0000 guidance_active_next=False alg_raw_derivative=n/a alg_smoothed_derivative=n/a guidance_stop_epoch=121 train_acc=81.33% val_acc=82.34% best=82.59% lr=1.09606e-05 time=35.1s avg_epoch=38.7s est_planned=3h 13m 44s elapsed=3h 01m 11s
[OURS][281/300] loss=0.6932 ce=0.6932 align=0.0000 fuse=0.0000 feature=0.0000 beta=0.0000 guidance_active_next=False alg_raw_derivative=n/a alg_smoothed_derivative=n/a guidance_stop_epoch=121 train_acc=81.60% val_acc=82.36% best=82.59% lr=1.04085e-05 time=35.8s avg_epoch=38.7s est_planned=3h 13m 40s elapsed=3h 01m 46s
[OURS][282/300] loss=0.6963 ce=0.6963 align=0.0000 fuse=0.0000 feature=0.0000 beta=0.0000 guidance_active_next=False alg_raw_derivative=n/a alg_smoothed_derivative=n/a guidance_stop_epoch=121 train_acc=81.59% val_acc=82.37% best=82.59% lr=9.88288e-06 time=34.3s avg_epoch=38.7s est_planned=3h 13m 36s elapsed=3h 02m 21s
[OURS][283/300] loss=0.6927 ce=0.6927 align=0.0000 fuse=0.0000 feature=0.0000 beta=0.0000 guidance_active_next=False alg_raw_derivative=n/a alg_smoothed_derivative=n/a guidance_stop_epoch=121 train_acc=81.69% val_acc=82.22% best=82.59% lr=9.38391e-06 time=32.6s avg_epoch=38.7s est_planned=3h 13m 29s elapsed=3h 02m 54s
[OURS][284/300] loss=0.6942 ce=0.6942 align=0.0000 fuse=0.0000 feature=0.0000 beta=0.0000 guidance_active_next=False alg_raw_derivative=n/a alg_smoothed_derivative=n/a guidance_stop_epoch=121 train_acc=81.43% val_acc=82.34% best=82.59% lr=8.91159e-06 time=33.7s avg_epoch=38.7s est_planned=3h 13m 24s elapsed=3h 03m 27s
[OURS][285/300] loss=0.6922 ce=0.6922 align=0.0000 fuse=0.0000 feature=0.0000 beta=0.0000 guidance_active_next=False alg_raw_derivative=n/a alg_smoothed_derivative=n/a guidance_stop_epoch=121 train_acc=81.69% val_acc=82.38% best=82.59% lr=8.46598e-06 time=34.2s avg_epoch=38.7s est_planned=3h 13m 19s elapsed=3h 04m 01s
[OURS][286/300] loss=0.6852 ce=0.6852 align=0.0000 fuse=0.0000 feature=0.0000 beta=0.0000 guidance_active_next=False alg_raw_derivative=n/a alg_smoothed_derivative=n/a guidance_stop_epoch=121 train_acc=81.77% val_acc=82.34% best=82.59% lr=8.04714e-06 time=35.1s avg_epoch=38.7s est_planned=3h 13m 15s elapsed=3h 04m 37s
[OURS][287/300] loss=0.6876 ce=0.6876 align=0.0000 fuse=0.0000 feature=0.0000 beta=0.0000 guidance_active_next=False alg_raw_derivative=n/a alg_smoothed_derivative=n/a guidance_stop_epoch=121 train_acc=81.72% val_acc=82.37% best=82.59% lr=7.6551e-06 time=32.7s avg_epoch=38.6s est_planned=3h 13m 09s elapsed=3h 05m 09s
[OURS][288/300] loss=0.6902 ce=0.6902 align=0.0000 fuse=0.0000 feature=0.0000 beta=0.0000 guidance_active_next=False alg_raw_derivative=n/a alg_smoothed_derivative=n/a guidance_stop_epoch=121 train_acc=81.75% val_acc=82.43% best=82.59% lr=7.28991e-06 time=33.8s avg_epoch=38.6s est_planned=3h 13m 04s elapsed=3h 05m 43s
[OURS][289/300] loss=0.6839 ce=0.6839 align=0.0000 fuse=0.0000 feature=0.0000 beta=0.0000 guidance_active_next=False alg_raw_derivative=n/a alg_smoothed_derivative=n/a guidance_stop_epoch=121 train_acc=81.92% val_acc=82.20% best=82.59% lr=6.95161e-06 time=33.5s avg_epoch=38.6s est_planned=3h 12m 59s elapsed=3h 06m 17s
[OURS][290/300] loss=0.6944 ce=0.6944 align=0.0000 fuse=0.0000 feature=0.0000 beta=0.0000 guidance_active_next=False alg_raw_derivative=n/a alg_smoothed_derivative=n/a guidance_stop_epoch=121 train_acc=81.76% val_acc=82.34% best=82.59% lr=6.64024e-06 time=34.0s avg_epoch=38.6s est_planned=3h 12m 54s elapsed=3h 06m 51s
[OURS][291/300] loss=0.6894 ce=0.6894 align=0.0000 fuse=0.0000 feature=0.0000 beta=0.0000 guidance_active_next=False alg_raw_derivative=n/a alg_smoothed_derivative=n/a guidance_stop_epoch=121 train_acc=81.65% val_acc=82.36% best=82.59% lr=6.35583e-06 time=33.0s avg_epoch=38.6s est_planned=3h 12m 49s elapsed=3h 07m 24s
[OURS][292/300] loss=0.6891 ce=0.6891 align=0.0000 fuse=0.0000 feature=0.0000 beta=0.0000 guidance_active_next=False alg_raw_derivative=n/a alg_smoothed_derivative=n/a guidance_stop_epoch=121 train_acc=81.74% val_acc=82.60% best=82.60% lr=6.09841e-06 time=33.9s avg_epoch=38.5s est_planned=3h 12m 44s elapsed=3h 07m 58s saved_best
[OURS][293/300] loss=0.6922 ce=0.6922 align=0.0000 fuse=0.0000 feature=0.0000 beta=0.0000 guidance_active_next=False alg_raw_derivative=n/a alg_smoothed_derivative=n/a guidance_stop_epoch=121 train_acc=81.58% val_acc=82.43% best=82.60% lr=5.86802e-06 time=33.9s avg_epoch=38.5s est_planned=3h 12m 39s elapsed=3h 08m 32s
[OURS][294/300] loss=0.6891 ce=0.6891 align=0.0000 fuse=0.0000 feature=0.0000 beta=0.0000 guidance_active_next=False alg_raw_derivative=n/a alg_smoothed_derivative=n/a guidance_stop_epoch=121 train_acc=81.81% val_acc=82.44% best=82.60% lr=5.66467e-06 time=35.4s avg_epoch=38.5s est_planned=3h 12m 36s elapsed=3h 09m 08s
[OURS][295/300] loss=0.6885 ce=0.6885 align=0.0000 fuse=0.0000 feature=0.0000 beta=0.0000 guidance_active_next=False alg_raw_derivative=n/a alg_smoothed_derivative=n/a guidance_stop_epoch=121 train_acc=81.83% val_acc=82.17% best=82.60% lr=5.48838e-06 time=35.3s avg_epoch=38.5s est_planned=3h 12m 33s elapsed=3h 09m 43s
[OURS][296/300] loss=0.6933 ce=0.6933 align=0.0000 fuse=0.0000 feature=0.0000 beta=0.0000 guidance_active_next=False alg_raw_derivative=n/a alg_smoothed_derivative=n/a guidance_stop_epoch=121 train_acc=81.66% val_acc=82.27% best=82.60% lr=5.33919e-06 time=34.7s avg_epoch=38.5s est_planned=3h 12m 29s elapsed=3h 10m 18s
[OURS][297/300] loss=0.6810 ce=0.6810 align=0.0000 fuse=0.0000 feature=0.0000 beta=0.0000 guidance_active_next=False alg_raw_derivative=n/a alg_smoothed_derivative=n/a guidance_stop_epoch=121 train_acc=82.16% val_acc=82.44% best=82.60% lr=5.2171e-06 time=34.9s avg_epoch=38.5s est_planned=3h 12m 25s elapsed=3h 10m 53s
[OURS][298/300] loss=0.6916 ce=0.6916 align=0.0000 fuse=0.0000 feature=0.0000 beta=0.0000 guidance_active_next=False alg_raw_derivative=n/a alg_smoothed_derivative=n/a guidance_stop_epoch=121 train_acc=81.82% val_acc=82.50% best=82.60% lr=5.12213e-06 time=35.5s avg_epoch=38.5s est_planned=3h 12m 22s elapsed=3h 11m 28s
[OURS][299/300] loss=0.6825 ce=0.6825 align=0.0000 fuse=0.0000 feature=0.0000 beta=0.0000 guidance_active_next=False alg_raw_derivative=n/a alg_smoothed_derivative=n/a guidance_stop_epoch=121 train_acc=81.78% val_acc=82.47% best=82.60% lr=5.05428e-06 time=33.0s avg_epoch=38.5s est_planned=3h 12m 17s elapsed=3h 12m 01s
[OURS][300/300] loss=0.6852 ce=0.6852 align=0.0000 fuse=0.0000 feature=0.0000 beta=0.0000 guidance_active_next=False alg_raw_derivative=n/a alg_smoothed_derivative=n/a guidance_stop_epoch=121 train_acc=81.90% val_acc=82.46% best=82.60% lr=5.01357e-06 time=33.6s avg_epoch=38.4s est_planned=3h 12m 12s elapsed=3h 12m 35s
========================================================================
[FINAL_RESULT] ours_best_top1=82.60% vanilla_top1=65.08% gain_over_vanilla=+17.52pp
[TIMING] avg_epoch=38.4s planned_epochs=300 estimated_total=3h 12m 12s elapsed=3h 12m 35s
[AGGREGATION_FINAL] stage1[b5=0.460,b4=0.261,b6=0.196] stage2[b6=0.937,b7=0.052,b4=0.002] stage3[b11=0.782,b10=0.121,b0=0.014]
[BETA_FINAL] schedule=alg stop_epoch=121 guided_epochs=121 ce_only_epochs=179 full_history_saved_in=summary.json
[FINAL_RESULT] best_checkpoint=/app/output/ours_v1_cifar100_batch128_300ep_seed1/student_best.pt
[FINAL_RESULT] latest_checkpoint=/app/output/ours_v1_cifar100_batch128_300ep_seed1/student_latest.pt
[FINAL_RESULT] summary=/app/output/ours_v1_cifar100_batch128_300ep_seed1/summary.json
[DONE] Ours training completed successfully; resources may be released.
