[BOOT] installing complete pinned Table-1 requirements; missing_or_mismatched=['timm', 'fvcore', 'iopath', 'yacs']
WARNING: Running pip as the 'root' user can result in broken permissions and conflicting behaviour with the system package manager, possibly rendering your system unusable. It is recommended to use a virtual environment instead: https://pip.pypa.io/warnings/venv. Use the --root-user-action option if you know what you are doing and want to suppress this warning.
[BOOT] complete pinned Table-1 requirements installed successfully
================================================================================================
TABLE-1 CUB-200: T2T-VIT-14 ALL FIVE SETTINGS
================================================================================================
[PROTOCOL_LOCK_TABLE1_CUB200_BACKBONE_ALL] student=T2T-ViT-14 scratch input=224 epochs=300 order=VanillaB128,LG,ALG,OursB64,OursB128 teacher=Build543-ResNet56-scratch-32 guided_only=True seed=1 fp32=True
[FIXED_TEACHER_CHECK_TABLE1_CUB200] status=PASS build=543 epoch=275 top1=36.40% input=32 sha256=06f75192b1c108c89e480843cb4f72dfb28aa762d7b11e7ac327333dd54b51f5
[POD_LIMIT_CHECK_TABLE1_CUB200_BACKBONE_ALL] student=T2T-ViT-14 limit=600m estimated=6h 23m 54s status=PASS
------------------------------------------------------------------------------------------------
[TASK_START] 1/5 T2T-ViT-14/Vanilla
[COMMAND][Vanilla] /usr/bin/python /app/scratch/input/kau-aimslab_556/methods/table1_cub200/train.py --full-run --student t2t_vit_14 --method vanilla --batch-size 128 --data-dir /app/output/table1_cub200_t2t_vit14_all_full_seed1/data/cub200 --teacher-root /app/scratch/input/kau-aimslab_556/teachers/checkpoints/cub200_table1_resnet56_32 --output-dir /app/output/table1_cub200_t2t_vit14_all_full_seed1/students --run-name table1_cub200_t2t_vit_14_vanilla_b128_full_300ep_seed1 --num-workers 4
[BOOT] Python process started: /usr/bin/python
[BOOT] complete Table-1 runtime dependencies already available
/usr/local/lib/python3.10/dist-packages/timm/models/layers/__init__.py:49: FutureWarning: Importing from timm.models.layers is deprecated, please import via timm.layers
  warnings.warn(f"Importing from {__name__} is deprecated, please import via timm.layers", FutureWarning)
========================================================================================
CUB-200 TABLE-1 EXTENSION
========================================================================================
[TASK] student=T2T-ViT-14 method=VANILLA batch=128 mode=full_300ep
[MODE] actual_epochs=300 planned_epochs=300
[PROTOCOL_LOCK] dataset=CUB-200-2011 split=5994/5794 teacher=ResNet56-scratch-32 student=scratch-224 epochs=300 AdamW=5e-4->5e-6 wd=0.05 warmup=20 seed=1 fp32=True
[SOURCE] official_lg_repo=https://github.com/lkhl/tiny-transformers commit=d2165f74049c906b0afc9f957491960fb3c0cc8b
[MODEL] params=21,237,550 feature_dims=(384, 384, 384, 384, 384, 384, 384, 384, 384, 384, 384, 384, 384, 384) selected_lg=(0, 7, 13)
[FEATURE_CHECK] student=((2, 384, 14, 14), (2, 384, 14, 14), (2, 384, 14, 14), (2, 384, 14, 14), (2, 384, 14, 14), (2, 384, 14, 14), (2, 384, 14, 14), (2, 384, 14, 14), (2, 384, 14, 14), (2, 384, 14, 14), (2, 384, 14, 14), (2, 384, 14, 14), (2, 384, 14, 14), (2, 384, 14, 14)) teacher=None guidance_probe=0.000000
[OPTIMIZER] contract=official_lg_no_decay_exclusions
[VANILLA:T2T-ViT-14][001/300] loss=5.3750 ce=5.3750 guidance=0.0000 beta=0.00 train_acc=0.39% test_acc=0.24% best=0.24% lr=5e-07 time=14.1s est_300=1h 10m 25s
[VANILLA:T2T-ViT-14][002/300] loss=5.3310 ce=5.3310 guidance=0.0000 beta=0.00 train_acc=0.46% test_acc=0.66% best=0.66% lr=2.5475e-05 time=14.1s est_300=1h 10m 31s
[VANILLA:T2T-ViT-14][003/300] loss=5.2916 ce=5.2916 guidance=0.0000 beta=0.00 train_acc=0.48% test_acc=0.86% best=0.86% lr=5.045e-05 time=12.9s est_300=1h 08m 25s
[VANILLA:T2T-ViT-14][004/300] loss=5.2445 ce=5.2445 guidance=0.0000 beta=0.00 train_acc=0.65% test_acc=1.17% best=1.17% lr=7.5425e-05 time=14.3s est_300=1h 09m 11s
[VANILLA:T2T-ViT-14][005/300] loss=5.2068 ce=5.2068 guidance=0.0000 beta=0.00 train_acc=0.76% test_acc=1.07% best=1.17% lr=0.0001004 time=12.5s est_300=1h 07m 52s
[VANILLA:T2T-ViT-14][006/300] loss=5.1745 ce=5.1745 guidance=0.0000 beta=0.00 train_acc=0.95% test_acc=1.47% best=1.47% lr=0.000125375 time=12.5s est_300=1h 06m 59s
[VANILLA:T2T-ViT-14][007/300] loss=5.1587 ce=5.1587 guidance=0.0000 beta=0.00 train_acc=0.83% test_acc=1.26% best=1.47% lr=0.00015035 time=14.0s est_300=1h 07m 23s
[VANILLA:T2T-ViT-14][008/300] loss=5.1415 ce=5.1415 guidance=0.0000 beta=0.00 train_acc=0.97% test_acc=2.19% best=2.19% lr=0.000175325 time=13.3s est_300=1h 07m 18s
[VANILLA:T2T-ViT-14][009/300] loss=5.0827 ce=5.0827 guidance=0.0000 beta=0.00 train_acc=1.31% test_acc=1.90% best=2.19% lr=0.0002003 time=13.5s est_300=1h 07m 20s
[VANILLA:T2T-ViT-14][010/300] loss=5.0465 ce=5.0465 guidance=0.0000 beta=0.00 train_acc=2.19% test_acc=2.33% best=2.33% lr=0.000225275 time=13.5s est_300=1h 07m 22s
[VANILLA:T2T-ViT-14][011/300] loss=5.0035 ce=5.0035 guidance=0.0000 beta=0.00 train_acc=2.00% test_acc=2.64% best=2.64% lr=0.00025025 time=12.9s est_300=1h 07m 06s
[VANILLA:T2T-ViT-14][012/300] loss=4.9803 ce=4.9803 guidance=0.0000 beta=0.00 train_acc=2.29% test_acc=3.23% best=3.23% lr=0.000275225 time=13.7s est_300=1h 07m 11s
[VANILLA:T2T-ViT-14][013/300] loss=4.9490 ce=4.9490 guidance=0.0000 beta=0.00 train_acc=2.34% test_acc=3.47% best=3.47% lr=0.0003002 time=14.5s est_300=1h 07m 36s
[VANILLA:T2T-ViT-14][014/300] loss=4.9248 ce=4.9248 guidance=0.0000 beta=0.00 train_acc=2.67% test_acc=3.38% best=3.47% lr=0.000325175 time=13.6s est_300=1h 07m 37s
[VANILLA:T2T-ViT-14][015/300] loss=4.8798 ce=4.8798 guidance=0.0000 beta=0.00 train_acc=2.58% test_acc=3.71% best=3.71% lr=0.00035015 time=13.4s est_300=1h 07m 35s
[VANILLA:T2T-ViT-14][016/300] loss=4.8668 ce=4.8668 guidance=0.0000 beta=0.00 train_acc=2.82% test_acc=4.00% best=4.00% lr=0.000375125 time=13.7s est_300=1h 07m 39s
[VANILLA:T2T-ViT-14][017/300] loss=4.8554 ce=4.8554 guidance=0.0000 beta=0.00 train_acc=3.04% test_acc=4.26% best=4.26% lr=0.0004001 time=13.7s est_300=1h 07m 42s
[VANILLA:T2T-ViT-14][018/300] loss=4.8208 ce=4.8208 guidance=0.0000 beta=0.00 train_acc=3.43% test_acc=4.07% best=4.26% lr=0.000425075 time=13.9s est_300=1h 07m 49s
[VANILLA:T2T-ViT-14][019/300] loss=4.8150 ce=4.8150 guidance=0.0000 beta=0.00 train_acc=3.52% test_acc=5.13% best=5.13% lr=0.00045005 time=13.8s est_300=1h 07m 53s
[VANILLA:T2T-ViT-14][020/300] loss=4.8279 ce=4.8279 guidance=0.0000 beta=0.00 train_acc=3.74% test_acc=4.25% best=5.13% lr=0.000475025 time=13.7s est_300=1h 07m 54s
[VANILLA:T2T-ViT-14][021/300] loss=4.7957 ce=4.7957 guidance=0.0000 beta=0.00 train_acc=3.35% test_acc=3.99% best=5.13% lr=0.00049459153 time=13.2s est_300=1h 07m 49s
[VANILLA:T2T-ViT-14][022/300] loss=4.7745 ce=4.7745 guidance=0.0000 beta=0.00 train_acc=3.74% test_acc=4.69% best=5.13% lr=0.0004940394 time=13.3s est_300=1h 07m 45s
[VANILLA:T2T-ViT-14][023/300] loss=4.7410 ce=4.7410 guidance=0.0000 beta=0.00 train_acc=4.11% test_acc=4.88% best=5.13% lr=0.00049346078 time=12.9s est_300=1h 07m 36s
[VANILLA:T2T-ViT-14][024/300] loss=4.7320 ce=4.7320 guidance=0.0000 beta=0.00 train_acc=3.92% test_acc=4.59% best=5.13% lr=0.00049285573 time=13.5s est_300=1h 07m 35s
[VANILLA:T2T-ViT-14][025/300] loss=4.7053 ce=4.7053 guidance=0.0000 beta=0.00 train_acc=4.48% test_acc=5.61% best=5.61% lr=0.00049222433 time=13.6s est_300=1h 07m 36s
[VANILLA:T2T-ViT-14][026/300] loss=4.6879 ce=4.6879 guidance=0.0000 beta=0.00 train_acc=4.47% test_acc=5.95% best=5.95% lr=0.00049156664 time=13.5s est_300=1h 07m 36s
[VANILLA:T2T-ViT-14][027/300] loss=4.6678 ce=4.6678 guidance=0.0000 beta=0.00 train_acc=4.81% test_acc=5.95% best=5.95% lr=0.00049088274 time=12.8s est_300=1h 07m 29s
[VANILLA:T2T-ViT-14][028/300] loss=4.6422 ce=4.6422 guidance=0.0000 beta=0.00 train_acc=4.64% test_acc=5.75% best=5.95% lr=0.00049017269 time=13.0s est_300=1h 07m 23s
[VANILLA:T2T-ViT-14][029/300] loss=4.6360 ce=4.6360 guidance=0.0000 beta=0.00 train_acc=5.52% test_acc=6.58% best=6.58% lr=0.00048943658 time=13.4s est_300=1h 07m 22s
[VANILLA:T2T-ViT-14][030/300] loss=4.6093 ce=4.6093 guidance=0.0000 beta=0.00 train_acc=5.60% test_acc=7.16% best=7.16% lr=0.00048867448 time=14.2s est_300=1h 07m 30s
[VANILLA:T2T-ViT-14][031/300] loss=4.6028 ce=4.6028 guidance=0.0000 beta=0.00 train_acc=5.03% test_acc=5.99% best=7.16% lr=0.00048788649 time=14.3s est_300=1h 07m 37s
[VANILLA:T2T-ViT-14][032/300] loss=4.6175 ce=4.6175 guidance=0.0000 beta=0.00 train_acc=5.03% test_acc=6.33% best=7.16% lr=0.00048707268 time=13.7s est_300=1h 07m 39s
[VANILLA:T2T-ViT-14][033/300] loss=4.5477 ce=4.5477 guidance=0.0000 beta=0.00 train_acc=6.37% test_acc=6.59% best=7.16% lr=0.00048623315 time=14.0s est_300=1h 07m 43s
[VANILLA:T2T-ViT-14][034/300] loss=4.5808 ce=4.5808 guidance=0.0000 beta=0.00 train_acc=6.27% test_acc=6.78% best=7.16% lr=0.00048536799 time=13.4s est_300=1h 07m 42s
[VANILLA:T2T-ViT-14][035/300] loss=4.5350 ce=4.5350 guidance=0.0000 beta=0.00 train_acc=6.62% test_acc=7.16% best=7.16% lr=0.00048447729 time=13.8s est_300=1h 07m 44s
[VANILLA:T2T-ViT-14][036/300] loss=4.5094 ce=4.5094 guidance=0.0000 beta=0.00 train_acc=6.57% test_acc=7.66% best=7.66% lr=0.00048356116 time=13.6s est_300=1h 07m 45s
[VANILLA:T2T-ViT-14][037/300] loss=4.5073 ce=4.5073 guidance=0.0000 beta=0.00 train_acc=7.17% test_acc=7.59% best=7.66% lr=0.00048261968 time=13.7s est_300=1h 07m 46s
[VANILLA:T2T-ViT-14][038/300] loss=4.4966 ce=4.4966 guidance=0.0000 beta=0.00 train_acc=6.93% test_acc=8.01% best=8.01% lr=0.00048165297 time=13.8s est_300=1h 07m 48s
[VANILLA:T2T-ViT-14][039/300] loss=4.4783 ce=4.4783 guidance=0.0000 beta=0.00 train_acc=7.12% test_acc=7.28% best=8.01% lr=0.00048066113 time=13.3s est_300=1h 07m 46s
[VANILLA:T2T-ViT-14][040/300] loss=4.4547 ce=4.4547 guidance=0.0000 beta=0.00 train_acc=6.79% test_acc=8.08% best=8.08% lr=0.00047964427 time=14.0s est_300=1h 07m 50s
[VANILLA:T2T-ViT-14][041/300] loss=4.4496 ce=4.4496 guidance=0.0000 beta=0.00 train_acc=7.52% test_acc=7.96% best=8.08% lr=0.0004786025 time=13.7s est_300=1h 07m 51s
[VANILLA:T2T-ViT-14][042/300] loss=4.4815 ce=4.4815 guidance=0.0000 beta=0.00 train_acc=7.27% test_acc=7.32% best=8.08% lr=0.00047753594 time=13.7s est_300=1h 07m 51s
[VANILLA:T2T-ViT-14][043/300] loss=4.3984 ce=4.3984 guidance=0.0000 beta=0.00 train_acc=7.71% test_acc=7.56% best=8.08% lr=0.0004764447 time=13.3s est_300=1h 07m 49s
[VANILLA:T2T-ViT-14][044/300] loss=4.4071 ce=4.4071 guidance=0.0000 beta=0.00 train_acc=8.03% test_acc=8.84% best=8.84% lr=0.0004753289 time=13.3s est_300=1h 07m 48s
[VANILLA:T2T-ViT-14][045/300] loss=4.4085 ce=4.4085 guidance=0.0000 beta=0.00 train_acc=7.90% test_acc=8.25% best=8.84% lr=0.00047418866 time=14.2s est_300=1h 07m 52s
[VANILLA:T2T-ViT-14][046/300] loss=4.3929 ce=4.3929 guidance=0.0000 beta=0.00 train_acc=8.25% test_acc=9.11% best=9.11% lr=0.00047302411 time=13.7s est_300=1h 07m 53s
[VANILLA:T2T-ViT-14][047/300] loss=4.3641 ce=4.3641 guidance=0.0000 beta=0.00 train_acc=8.22% test_acc=8.22% best=9.11% lr=0.00047183539 time=13.5s est_300=1h 07m 52s
[VANILLA:T2T-ViT-14][048/300] loss=4.3983 ce=4.3983 guidance=0.0000 beta=0.00 train_acc=8.22% test_acc=9.49% best=9.49% lr=0.0004706226 time=13.4s est_300=1h 07m 52s
[VANILLA:T2T-ViT-14][049/300] loss=4.3255 ce=4.3255 guidance=0.0000 beta=0.00 train_acc=9.48% test_acc=8.96% best=9.49% lr=0.0004693859 time=13.5s est_300=1h 07m 51s
[VANILLA:T2T-ViT-14][050/300] loss=4.3157 ce=4.3157 guidance=0.0000 beta=0.00 train_acc=9.32% test_acc=9.54% best=9.54% lr=0.00046812542 time=13.7s est_300=1h 07m 52s
[VANILLA:T2T-ViT-14][051/300] loss=4.3121 ce=4.3121 guidance=0.0000 beta=0.00 train_acc=9.36% test_acc=9.49% best=9.54% lr=0.00046684129 time=13.7s est_300=1h 07m 53s
[VANILLA:T2T-ViT-14][052/300] loss=4.2985 ce=4.2985 guidance=0.0000 beta=0.00 train_acc=9.07% test_acc=9.22% best=9.54% lr=0.00046553365 time=14.3s est_300=1h 07m 57s
[VANILLA:T2T-ViT-14][053/300] loss=4.2725 ce=4.2725 guidance=0.0000 beta=0.00 train_acc=10.19% test_acc=10.30% best=10.30% lr=0.00046420265 time=13.6s est_300=1h 07m 57s
[VANILLA:T2T-ViT-14][054/300] loss=4.2364 ce=4.2364 guidance=0.0000 beta=0.00 train_acc=10.70% test_acc=9.68% best=10.30% lr=0.00046284844 time=13.6s est_300=1h 07m 57s
[VANILLA:T2T-ViT-14][055/300] loss=4.2169 ce=4.2169 guidance=0.0000 beta=0.00 train_acc=10.70% test_acc=10.01% best=10.30% lr=0.00046147116 time=13.9s est_300=1h 07m 59s
[VANILLA:T2T-ViT-14][056/300] loss=4.2204 ce=4.2204 guidance=0.0000 beta=0.00 train_acc=10.87% test_acc=9.96% best=10.30% lr=0.00046007097 time=13.9s est_300=1h 08m 00s
[VANILLA:T2T-ViT-14][057/300] loss=4.2204 ce=4.2204 guidance=0.0000 beta=0.00 train_acc=10.77% test_acc=9.54% best=10.30% lr=0.00045864801 time=14.2s est_300=1h 08m 03s
[VANILLA:T2T-ViT-14][058/300] loss=4.1919 ce=4.1919 guidance=0.0000 beta=0.00 train_acc=10.82% test_acc=10.98% best=10.98% lr=0.00045720244 time=13.8s est_300=1h 08m 04s
[VANILLA:T2T-ViT-14][059/300] loss=4.1437 ce=4.1437 guidance=0.0000 beta=0.00 train_acc=10.95% test_acc=11.13% best=11.13% lr=0.00045573443 time=13.5s est_300=1h 08m 04s
[VANILLA:T2T-ViT-14][060/300] loss=4.1779 ce=4.1779 guidance=0.0000 beta=0.00 train_acc=10.89% test_acc=10.39% best=11.13% lr=0.00045424413 time=14.1s est_300=1h 08m 06s
[VANILLA:T2T-ViT-14][061/300] loss=4.1807 ce=4.1807 guidance=0.0000 beta=0.00 train_acc=11.38% test_acc=11.05% best=11.13% lr=0.00045273171 time=13.9s est_300=1h 08m 08s
[VANILLA:T2T-ViT-14][062/300] loss=4.1643 ce=4.1643 guidance=0.0000 beta=0.00 train_acc=11.67% test_acc=10.84% best=11.13% lr=0.00045119733 time=14.2s est_300=1h 08m 10s
[VANILLA:T2T-ViT-14][063/300] loss=4.1218 ce=4.1218 guidance=0.0000 beta=0.00 train_acc=11.84% test_acc=10.67% best=11.13% lr=0.00044964115 time=13.6s est_300=1h 08m 10s
[VANILLA:T2T-ViT-14][064/300] loss=4.1230 ce=4.1230 guidance=0.0000 beta=0.00 train_acc=12.01% test_acc=11.41% best=11.41% lr=0.00044806337 time=13.7s est_300=1h 08m 10s
[VANILLA:T2T-ViT-14][065/300] loss=4.0897 ce=4.0897 guidance=0.0000 beta=0.00 train_acc=12.36% test_acc=11.06% best=11.41% lr=0.00044646413 time=13.0s est_300=1h 08m 07s
[VANILLA:T2T-ViT-14][066/300] loss=4.0902 ce=4.0902 guidance=0.0000 beta=0.00 train_acc=12.84% test_acc=11.84% best=11.84% lr=0.00044484363 time=12.6s est_300=1h 08m 03s
[VANILLA:T2T-ViT-14][067/300] loss=4.0419 ce=4.0419 guidance=0.0000 beta=0.00 train_acc=12.82% test_acc=11.05% best=11.84% lr=0.00044320203 time=13.6s est_300=1h 08m 03s
[VANILLA:T2T-ViT-14][068/300] loss=4.0493 ce=4.0493 guidance=0.0000 beta=0.00 train_acc=13.16% test_acc=11.81% best=11.84% lr=0.00044153952 time=13.4s est_300=1h 08m 02s
[VANILLA:T2T-ViT-14][069/300] loss=4.0127 ce=4.0127 guidance=0.0000 beta=0.00 train_acc=13.76% test_acc=11.75% best=11.84% lr=0.00043985628 time=14.0s est_300=1h 08m 03s
[VANILLA:T2T-ViT-14][070/300] loss=4.0026 ce=4.0026 guidance=0.0000 beta=0.00 train_acc=13.50% test_acc=12.46% best=12.46% lr=0.00043815249 time=14.2s est_300=1h 08m 06s
[VANILLA:T2T-ViT-14][071/300] loss=3.9997 ce=3.9997 guidance=0.0000 beta=0.00 train_acc=13.52% test_acc=12.03% best=12.46% lr=0.00043642834 time=14.1s est_300=1h 08m 08s
[VANILLA:T2T-ViT-14][072/300] loss=3.9684 ce=3.9684 guidance=0.0000 beta=0.00 train_acc=14.79% test_acc=12.24% best=12.46% lr=0.00043468403 time=14.2s est_300=1h 08m 11s
[VANILLA:T2T-ViT-14][073/300] loss=3.9567 ce=3.9567 guidance=0.0000 beta=0.00 train_acc=14.49% test_acc=12.56% best=12.56% lr=0.00043291974 time=13.8s est_300=1h 08m 11s
[VANILLA:T2T-ViT-14][074/300] loss=3.9220 ce=3.9220 guidance=0.0000 beta=0.00 train_acc=15.37% test_acc=12.67% best=12.67% lr=0.00043113566 time=13.8s est_300=1h 08m 12s
[VANILLA:T2T-ViT-14][075/300] loss=3.9131 ce=3.9131 guidance=0.0000 beta=0.00 train_acc=15.64% test_acc=12.24% best=12.67% lr=0.00042933199 time=14.0s est_300=1h 08m 13s
[VANILLA:T2T-ViT-14][076/300] loss=3.8807 ce=3.8807 guidance=0.0000 beta=0.00 train_acc=15.66% test_acc=13.15% best=13.15% lr=0.00042750893 time=13.4s est_300=1h 08m 12s
[VANILLA:T2T-ViT-14][077/300] loss=3.8575 ce=3.8575 guidance=0.0000 beta=0.00 train_acc=16.10% test_acc=12.36% best=13.15% lr=0.00042566668 time=12.5s est_300=1h 08m 08s
[VANILLA:T2T-ViT-14][078/300] loss=3.8645 ce=3.8645 guidance=0.0000 beta=0.00 train_acc=15.96% test_acc=13.20% best=13.20% lr=0.00042380544 time=12.8s est_300=1h 08m 05s
[VANILLA:T2T-ViT-14][079/300] loss=3.8713 ce=3.8713 guidance=0.0000 beta=0.00 train_acc=16.10% test_acc=13.60% best=13.60% lr=0.00042192541 time=13.4s est_300=1h 08m 04s
[VANILLA:T2T-ViT-14][080/300] loss=3.7984 ce=3.7984 guidance=0.0000 beta=0.00 train_acc=16.46% test_acc=13.43% best=13.60% lr=0.0004200268 time=13.5s est_300=1h 08m 04s
[VANILLA:T2T-ViT-14][081/300] loss=3.7802 ce=3.7802 guidance=0.0000 beta=0.00 train_acc=17.70% test_acc=12.96% best=13.60% lr=0.00041810983 time=14.1s est_300=1h 08m 05s
[VANILLA:T2T-ViT-14][082/300] loss=3.7917 ce=3.7917 guidance=0.0000 beta=0.00 train_acc=17.26% test_acc=13.95% best=13.95% lr=0.00041617469 time=13.5s est_300=1h 08m 05s
[VANILLA:T2T-ViT-14][083/300] loss=3.7708 ce=3.7708 guidance=0.0000 beta=0.00 train_acc=17.07% test_acc=13.79% best=13.95% lr=0.0004142216 time=12.5s est_300=1h 08m 01s
[VANILLA:T2T-ViT-14][084/300] loss=3.7655 ce=3.7655 guidance=0.0000 beta=0.00 train_acc=17.34% test_acc=13.74% best=13.95% lr=0.00041225078 time=13.0s est_300=1h 07m 59s
[VANILLA:T2T-ViT-14][085/300] loss=3.7705 ce=3.7705 guidance=0.0000 beta=0.00 train_acc=18.50% test_acc=14.08% best=14.08% lr=0.00041026244 time=12.7s est_300=1h 07m 56s
[VANILLA:T2T-ViT-14][086/300] loss=3.6603 ce=3.6603 guidance=0.0000 beta=0.00 train_acc=19.29% test_acc=13.91% best=14.08% lr=0.0004082568 time=12.6s est_300=1h 07m 52s
[VANILLA:T2T-ViT-14][087/300] loss=3.6870 ce=3.6870 guidance=0.0000 beta=0.00 train_acc=19.34% test_acc=14.60% best=14.60% lr=0.00040623408 time=13.8s est_300=1h 07m 53s
[VANILLA:T2T-ViT-14][088/300] loss=3.6274 ce=3.6274 guidance=0.0000 beta=0.00 train_acc=19.96% test_acc=14.91% best=14.91% lr=0.0004041945 time=13.9s est_300=1h 07m 54s
[VANILLA:T2T-ViT-14][089/300] loss=3.6460 ce=3.6460 guidance=0.0000 beta=0.00 train_acc=19.43% test_acc=14.76% best=14.91% lr=0.00040213828 time=14.0s est_300=1h 07m 55s
[VANILLA:T2T-ViT-14][090/300] loss=3.6444 ce=3.6444 guidance=0.0000 beta=0.00 train_acc=19.06% test_acc=14.19% best=14.91% lr=0.00040006566 time=12.6s est_300=1h 07m 52s
[VANILLA:T2T-ViT-14][091/300] loss=3.5992 ce=3.5992 guidance=0.0000 beta=0.00 train_acc=20.60% test_acc=14.43% best=14.91% lr=0.00039797685 time=12.6s est_300=1h 07m 49s
[VANILLA:T2T-ViT-14][092/300] loss=3.5580 ce=3.5580 guidance=0.0000 beta=0.00 train_acc=21.88% test_acc=14.77% best=14.91% lr=0.00039587209 time=13.0s est_300=1h 07m 47s
[VANILLA:T2T-ViT-14][093/300] loss=3.5178 ce=3.5178 guidance=0.0000 beta=0.00 train_acc=22.03% test_acc=14.76% best=14.91% lr=0.00039375161 time=13.4s est_300=1h 07m 47s
[VANILLA:T2T-ViT-14][094/300] loss=3.4943 ce=3.4943 guidance=0.0000 beta=0.00 train_acc=22.67% test_acc=14.98% best=14.98% lr=0.00039161564 time=14.2s est_300=1h 07m 49s
[VANILLA:T2T-ViT-14][095/300] loss=3.5097 ce=3.5097 guidance=0.0000 beta=0.00 train_acc=22.10% test_acc=15.46% best=15.46% lr=0.00038946441 time=14.3s est_300=1h 07m 51s
[VANILLA:T2T-ViT-14][096/300] loss=3.4790 ce=3.4790 guidance=0.0000 beta=0.00 train_acc=23.61% test_acc=14.95% best=15.46% lr=0.00038729816 time=13.3s est_300=1h 07m 50s
[VANILLA:T2T-ViT-14][097/300] loss=3.4247 ce=3.4247 guidance=0.0000 beta=0.00 train_acc=23.76% test_acc=15.10% best=15.46% lr=0.00038511713 time=13.9s est_300=1h 07m 51s
[VANILLA:T2T-ViT-14][098/300] loss=3.4282 ce=3.4282 guidance=0.0000 beta=0.00 train_acc=24.07% test_acc=15.93% best=15.93% lr=0.00038292156 time=13.8s est_300=1h 07m 52s
[VANILLA:T2T-ViT-14][099/300] loss=3.4050 ce=3.4050 guidance=0.0000 beta=0.00 train_acc=24.61% test_acc=16.22% best=16.22% lr=0.00038071168 time=13.6s est_300=1h 07m 52s
[VANILLA:T2T-ViT-14][100/300] loss=3.3858 ce=3.3858 guidance=0.0000 beta=0.00 train_acc=24.66% test_acc=16.40% best=16.40% lr=0.00037848775 time=14.2s est_300=1h 07m 54s
[VANILLA:T2T-ViT-14][101/300] loss=3.3584 ce=3.3584 guidance=0.0000 beta=0.00 train_acc=25.17% test_acc=15.83% best=16.40% lr=0.00037625 time=13.8s est_300=1h 07m 55s
[VANILLA:T2T-ViT-14][102/300] loss=3.3557 ce=3.3557 guidance=0.0000 beta=0.00 train_acc=25.53% test_acc=14.81% best=16.40% lr=0.00037399868 time=14.2s est_300=1h 07m 56s
[VANILLA:T2T-ViT-14][103/300] loss=3.3407 ce=3.3407 guidance=0.0000 beta=0.00 train_acc=26.07% test_acc=15.72% best=16.40% lr=0.00037173403 time=13.5s est_300=1h 07m 56s
[VANILLA:T2T-ViT-14][104/300] loss=3.2929 ce=3.2929 guidance=0.0000 beta=0.00 train_acc=26.83% test_acc=15.90% best=16.40% lr=0.00036945631 time=13.3s est_300=1h 07m 55s
[VANILLA:T2T-ViT-14][105/300] loss=3.2712 ce=3.2712 guidance=0.0000 beta=0.00 train_acc=26.68% test_acc=16.24% best=16.40% lr=0.00036716577 time=13.5s est_300=1h 07m 55s
[VANILLA:T2T-ViT-14][106/300] loss=3.2492 ce=3.2492 guidance=0.0000 beta=0.00 train_acc=27.80% test_acc=16.17% best=16.40% lr=0.00036486265 time=13.4s est_300=1h 07m 55s
[VANILLA:T2T-ViT-14][107/300] loss=3.2213 ce=3.2213 guidance=0.0000 beta=0.00 train_acc=28.21% test_acc=15.96% best=16.40% lr=0.00036254721 time=14.0s est_300=1h 07m 56s
[VANILLA:T2T-ViT-14][108/300] loss=3.2538 ce=3.2538 guidance=0.0000 beta=0.00 train_acc=28.26% test_acc=16.50% best=16.50% lr=0.0003602197 time=13.6s est_300=1h 07m 56s
[VANILLA:T2T-ViT-14][109/300] loss=3.2109 ce=3.2109 guidance=0.0000 beta=0.00 train_acc=29.03% test_acc=16.64% best=16.64% lr=0.00035788037 time=13.7s est_300=1h 07m 56s
[VANILLA:T2T-ViT-14][110/300] loss=3.1666 ce=3.1666 guidance=0.0000 beta=0.00 train_acc=29.87% test_acc=16.48% best=16.64% lr=0.0003555295 time=13.7s est_300=1h 07m 56s
[VANILLA:T2T-ViT-14][111/300] loss=3.1471 ce=3.1471 guidance=0.0000 beta=0.00 train_acc=29.79% test_acc=16.07% best=16.64% lr=0.00035316732 time=13.6s est_300=1h 07m 56s
[VANILLA:T2T-ViT-14][112/300] loss=3.1293 ce=3.1293 guidance=0.0000 beta=0.00 train_acc=29.84% test_acc=16.40% best=16.64% lr=0.0003507941 time=13.7s est_300=1h 07m 57s
[VANILLA:T2T-ViT-14][113/300] loss=3.1140 ce=3.1140 guidance=0.0000 beta=0.00 train_acc=30.81% test_acc=16.00% best=16.64% lr=0.00034841011 time=13.5s est_300=1h 07m 56s
[VANILLA:T2T-ViT-14][114/300] loss=3.1119 ce=3.1119 guidance=0.0000 beta=0.00 train_acc=30.86% test_acc=16.83% best=16.83% lr=0.00034601559 time=13.9s est_300=1h 07m 57s
[VANILLA:T2T-ViT-14][115/300] loss=3.0443 ce=3.0443 guidance=0.0000 beta=0.00 train_acc=32.07% test_acc=16.60% best=16.83% lr=0.00034361083 time=14.5s est_300=1h 08m 00s
[VANILLA:T2T-ViT-14][116/300] loss=3.0354 ce=3.0354 guidance=0.0000 beta=0.00 train_acc=32.44% test_acc=16.76% best=16.83% lr=0.00034119607 time=13.8s est_300=1h 08m 00s
[VANILLA:T2T-ViT-14][117/300] loss=3.0644 ce=3.0644 guidance=0.0000 beta=0.00 train_acc=32.17% test_acc=16.52% best=16.83% lr=0.00033877158 time=13.0s est_300=1h 07m 59s
[VANILLA:T2T-ViT-14][118/300] loss=2.9900 ce=2.9900 guidance=0.0000 beta=0.00 train_acc=33.61% test_acc=17.40% best=17.40% lr=0.00033633764 time=13.0s est_300=1h 07m 57s
[VANILLA:T2T-ViT-14][119/300] loss=2.9849 ce=2.9849 guidance=0.0000 beta=0.00 train_acc=33.37% test_acc=16.22% best=17.40% lr=0.0003338945 time=13.8s est_300=1h 07m 58s
[VANILLA:T2T-ViT-14][120/300] loss=2.9456 ce=2.9456 guidance=0.0000 beta=0.00 train_acc=33.73% test_acc=16.36% best=17.40% lr=0.00033144243 time=14.3s est_300=1h 07m 59s
[VANILLA:T2T-ViT-14][121/300] loss=2.9443 ce=2.9443 guidance=0.0000 beta=0.00 train_acc=34.63% test_acc=17.35% best=17.40% lr=0.00032898171 time=13.9s est_300=1h 08m 00s
[VANILLA:T2T-ViT-14][122/300] loss=2.9064 ce=2.9064 guidance=0.0000 beta=0.00 train_acc=35.09% test_acc=16.93% best=17.40% lr=0.0003265126 time=13.2s est_300=1h 07m 59s
[VANILLA:T2T-ViT-14][123/300] loss=2.8796 ce=2.8796 guidance=0.0000 beta=0.00 train_acc=35.80% test_acc=16.76% best=17.40% lr=0.00032403537 time=13.7s est_300=1h 07m 59s
[VANILLA:T2T-ViT-14][124/300] loss=2.8747 ce=2.8747 guidance=0.0000 beta=0.00 train_acc=36.36% test_acc=16.66% best=17.40% lr=0.0003215503 time=13.8s est_300=1h 08m 00s
[VANILLA:T2T-ViT-14][125/300] loss=2.8348 ce=2.8348 guidance=0.0000 beta=0.00 train_acc=36.97% test_acc=16.33% best=17.40% lr=0.00031905766 time=13.7s est_300=1h 08m 00s
[VANILLA:T2T-ViT-14][126/300] loss=2.8098 ce=2.8098 guidance=0.0000 beta=0.00 train_acc=36.91% test_acc=16.78% best=17.40% lr=0.00031655771 time=14.0s est_300=1h 08m 01s
[VANILLA:T2T-ViT-14][127/300] loss=2.8005 ce=2.8005 guidance=0.0000 beta=0.00 train_acc=37.06% test_acc=17.05% best=17.40% lr=0.00031405075 time=14.0s est_300=1h 08m 02s
[VANILLA:T2T-ViT-14][128/300] loss=2.7324 ce=2.7324 guidance=0.0000 beta=0.00 train_acc=38.33% test_acc=16.95% best=17.40% lr=0.00031153703 time=14.1s est_300=1h 08m 03s
[VANILLA:T2T-ViT-14][129/300] loss=2.7471 ce=2.7471 guidance=0.0000 beta=0.00 train_acc=38.77% test_acc=17.28% best=17.40% lr=0.00030901684 time=13.7s est_300=1h 08m 03s
[VANILLA:T2T-ViT-14][130/300] loss=2.7545 ce=2.7545 guidance=0.0000 beta=0.00 train_acc=38.45% test_acc=16.74% best=17.40% lr=0.00030649045 time=12.8s est_300=1h 08m 01s
[VANILLA:T2T-ViT-14][131/300] loss=2.6901 ce=2.6901 guidance=0.0000 beta=0.00 train_acc=40.51% test_acc=16.69% best=17.40% lr=0.00030395814 time=13.9s est_300=1h 08m 02s
[VANILLA:T2T-ViT-14][132/300] loss=2.6745 ce=2.6745 guidance=0.0000 beta=0.00 train_acc=40.56% test_acc=16.98% best=17.40% lr=0.00030142019 time=13.3s est_300=1h 08m 01s
[VANILLA:T2T-ViT-14][133/300] loss=2.6659 ce=2.6659 guidance=0.0000 beta=0.00 train_acc=41.15% test_acc=17.38% best=17.40% lr=0.00029887688 time=13.9s est_300=1h 08m 02s
[VANILLA:T2T-ViT-14][134/300] loss=2.6256 ce=2.6256 guidance=0.0000 beta=0.00 train_acc=42.09% test_acc=16.95% best=17.40% lr=0.00029632847 time=13.6s est_300=1h 08m 02s
[VANILLA:T2T-ViT-14][135/300] loss=2.6082 ce=2.6082 guidance=0.0000 beta=0.00 train_acc=41.68% test_acc=17.83% best=17.83% lr=0.00029377526 time=13.7s est_300=1h 08m 02s
[VANILLA:T2T-ViT-14][136/300] loss=2.6176 ce=2.6176 guidance=0.0000 beta=0.00 train_acc=42.24% test_acc=16.67% best=17.83% lr=0.00029121753 time=13.9s est_300=1h 08m 03s
[VANILLA:T2T-ViT-14][137/300] loss=2.5726 ce=2.5726 guidance=0.0000 beta=0.00 train_acc=43.10% test_acc=17.29% best=17.83% lr=0.00028865555 time=13.3s est_300=1h 08m 02s
[VANILLA:T2T-ViT-14][138/300] loss=2.5638 ce=2.5638 guidance=0.0000 beta=0.00 train_acc=43.07% test_acc=17.21% best=17.83% lr=0.0002860896 time=12.6s est_300=1h 08m 00s
[VANILLA:T2T-ViT-14][139/300] loss=2.5305 ce=2.5305 guidance=0.0000 beta=0.00 train_acc=43.16% test_acc=17.28% best=17.83% lr=0.00028351998 time=14.1s est_300=1h 08m 01s
[VANILLA:T2T-ViT-14][140/300] loss=2.5189 ce=2.5189 guidance=0.0000 beta=0.00 train_acc=43.90% test_acc=17.73% best=17.83% lr=0.00028094694 time=14.0s est_300=1h 08m 02s
[VANILLA:T2T-ViT-14][141/300] loss=2.4552 ce=2.4552 guidance=0.0000 beta=0.00 train_acc=45.82% test_acc=17.24% best=17.83% lr=0.00027837079 time=13.5s est_300=1h 08m 02s
[VANILLA:T2T-ViT-14][142/300] loss=2.4928 ce=2.4928 guidance=0.0000 beta=0.00 train_acc=44.89% test_acc=17.59% best=17.83% lr=0.00027579181 time=13.5s est_300=1h 08m 02s
[VANILLA:T2T-ViT-14][143/300] loss=2.4230 ce=2.4230 guidance=0.0000 beta=0.00 train_acc=45.30% test_acc=17.35% best=17.83% lr=0.00027321027 time=14.0s est_300=1h 08m 02s
[VANILLA:T2T-ViT-14][144/300] loss=2.4408 ce=2.4408 guidance=0.0000 beta=0.00 train_acc=46.09% test_acc=17.33% best=17.83% lr=0.00027062645 time=13.5s est_300=1h 08m 02s
[VANILLA:T2T-ViT-14][145/300] loss=2.4234 ce=2.4234 guidance=0.0000 beta=0.00 train_acc=45.67% test_acc=17.03% best=17.83% lr=0.00026804065 time=14.1s est_300=1h 08m 03s
[VANILLA:T2T-ViT-14][146/300] loss=2.4232 ce=2.4232 guidance=0.0000 beta=0.00 train_acc=46.43% test_acc=17.67% best=17.83% lr=0.00026545315 time=14.3s est_300=1h 08m 04s
[VANILLA:T2T-ViT-14][147/300] loss=2.3792 ce=2.3792 guidance=0.0000 beta=0.00 train_acc=46.98% test_acc=17.83% best=17.83% lr=0.00026286422 time=13.9s est_300=1h 08m 05s
[VANILLA:T2T-ViT-14][148/300] loss=2.3897 ce=2.3897 guidance=0.0000 beta=0.00 train_acc=47.13% test_acc=17.36% best=17.83% lr=0.00026027416 time=14.6s est_300=1h 08m 07s
[VANILLA:T2T-ViT-14][149/300] loss=2.3375 ce=2.3375 guidance=0.0000 beta=0.00 train_acc=48.34% test_acc=17.71% best=17.83% lr=0.00025768325 time=13.8s est_300=1h 08m 07s
[VANILLA:T2T-ViT-14][150/300] loss=2.3204 ce=2.3204 guidance=0.0000 beta=0.00 train_acc=48.18% test_acc=17.71% best=17.83% lr=0.00025509177 time=12.5s est_300=1h 08m 05s
[VANILLA:T2T-ViT-14][151/300] loss=2.3211 ce=2.3211 guidance=0.0000 beta=0.00 train_acc=48.49% test_acc=17.92% best=17.92% lr=0.0002525 time=13.4s est_300=1h 08m 05s
[VANILLA:T2T-ViT-14][152/300] loss=2.2814 ce=2.2814 guidance=0.0000 beta=0.00 train_acc=49.81% test_acc=17.92% best=17.92% lr=0.00024990823 time=14.2s est_300=1h 08m 06s
[VANILLA:T2T-ViT-14][153/300] loss=2.2924 ce=2.2924 guidance=0.0000 beta=0.00 train_acc=48.93% test_acc=17.55% best=17.92% lr=0.00024731675 time=14.2s est_300=1h 08m 07s
[VANILLA:T2T-ViT-14][154/300] loss=2.2707 ce=2.2707 guidance=0.0000 beta=0.00 train_acc=48.73% test_acc=17.57% best=17.92% lr=0.00024472584 time=13.9s est_300=1h 08m 08s
[VANILLA:T2T-ViT-14][155/300] loss=2.2678 ce=2.2678 guidance=0.0000 beta=0.00 train_acc=49.07% test_acc=17.38% best=17.92% lr=0.00024213578 time=14.1s est_300=1h 08m 08s
[VANILLA:T2T-ViT-14][156/300] loss=2.2754 ce=2.2754 guidance=0.0000 beta=0.00 train_acc=49.18% test_acc=17.76% best=17.92% lr=0.00023954685 time=14.1s est_300=1h 08m 09s
[VANILLA:T2T-ViT-14][157/300] loss=2.1913 ce=2.1913 guidance=0.0000 beta=0.00 train_acc=50.82% test_acc=17.78% best=17.92% lr=0.00023695935 time=14.0s est_300=1h 08m 10s
[VANILLA:T2T-ViT-14][158/300] loss=2.2238 ce=2.2238 guidance=0.0000 beta=0.00 train_acc=50.08% test_acc=17.93% best=17.93% lr=0.00023437355 time=13.5s est_300=1h 08m 10s
[VANILLA:T2T-ViT-14][159/300] loss=2.1610 ce=2.1610 guidance=0.0000 beta=0.00 train_acc=51.58% test_acc=17.88% best=17.93% lr=0.00023178973 time=14.2s est_300=1h 08m 11s
[VANILLA:T2T-ViT-14][160/300] loss=2.1846 ce=2.1846 guidance=0.0000 beta=0.00 train_acc=51.92% test_acc=17.62% best=17.93% lr=0.00022920819 time=14.4s est_300=1h 08m 12s
[VANILLA:T2T-ViT-14][161/300] loss=2.1655 ce=2.1655 guidance=0.0000 beta=0.00 train_acc=51.53% test_acc=17.97% best=17.97% lr=0.00022662921 time=14.0s est_300=1h 08m 13s
[VANILLA:T2T-ViT-14][162/300] loss=2.1595 ce=2.1595 guidance=0.0000 beta=0.00 train_acc=50.87% test_acc=18.04% best=18.04% lr=0.00022405306 time=13.8s est_300=1h 08m 13s
[VANILLA:T2T-ViT-14][163/300] loss=2.1424 ce=2.1424 guidance=0.0000 beta=0.00 train_acc=52.46% test_acc=18.36% best=18.36% lr=0.00022148002 time=13.8s est_300=1h 08m 14s
[VANILLA:T2T-ViT-14][164/300] loss=2.1088 ce=2.1088 guidance=0.0000 beta=0.00 train_acc=52.89% test_acc=18.21% best=18.36% lr=0.0002189104 time=14.1s est_300=1h 08m 15s
[VANILLA:T2T-ViT-14][165/300] loss=2.0940 ce=2.0940 guidance=0.0000 beta=0.00 train_acc=52.67% test_acc=17.76% best=18.36% lr=0.00021634445 time=14.2s est_300=1h 08m 16s
[VANILLA:T2T-ViT-14][166/300] loss=2.0678 ce=2.0678 guidance=0.0000 beta=0.00 train_acc=53.84% test_acc=18.61% best=18.61% lr=0.00021378247 time=14.3s est_300=1h 08m 17s
[VANILLA:T2T-ViT-14][167/300] loss=2.0722 ce=2.0722 guidance=0.0000 beta=0.00 train_acc=53.38% test_acc=18.59% best=18.61% lr=0.00021122474 time=14.1s est_300=1h 08m 18s
[VANILLA:T2T-ViT-14][168/300] loss=2.0597 ce=2.0597 guidance=0.0000 beta=0.00 train_acc=54.50% test_acc=18.07% best=18.61% lr=0.00020867153 time=13.9s est_300=1h 08m 18s
[VANILLA:T2T-ViT-14][169/300] loss=2.0490 ce=2.0490 guidance=0.0000 beta=0.00 train_acc=54.03% test_acc=18.43% best=18.61% lr=0.00020612312 time=13.3s est_300=1h 08m 17s
[VANILLA:T2T-ViT-14][170/300] loss=2.0947 ce=2.0947 guidance=0.0000 beta=0.00 train_acc=52.97% test_acc=18.14% best=18.61% lr=0.00020357981 time=13.9s est_300=1h 08m 18s
[VANILLA:T2T-ViT-14][171/300] loss=2.0351 ce=2.0351 guidance=0.0000 beta=0.00 train_acc=54.18% test_acc=18.45% best=18.61% lr=0.00020104186 time=13.9s est_300=1h 08m 18s
[VANILLA:T2T-ViT-14][172/300] loss=1.9966 ce=1.9966 guidance=0.0000 beta=0.00 train_acc=54.81% test_acc=17.95% best=18.61% lr=0.00019850955 time=13.7s est_300=1h 08m 19s
[VANILLA:T2T-ViT-14][173/300] loss=1.9909 ce=1.9909 guidance=0.0000 beta=0.00 train_acc=55.43% test_acc=18.47% best=18.61% lr=0.00019598316 time=14.1s est_300=1h 08m 19s
[VANILLA:T2T-ViT-14][174/300] loss=1.9810 ce=1.9810 guidance=0.0000 beta=0.00 train_acc=55.25% test_acc=18.05% best=18.61% lr=0.00019346297 time=14.3s est_300=1h 08m 20s
[VANILLA:T2T-ViT-14][175/300] loss=1.9503 ce=1.9503 guidance=0.0000 beta=0.00 train_acc=56.52% test_acc=18.00% best=18.61% lr=0.00019094925 time=14.0s est_300=1h 08m 21s
[VANILLA:T2T-ViT-14][176/300] loss=1.9605 ce=1.9605 guidance=0.0000 beta=0.00 train_acc=55.89% test_acc=18.09% best=18.61% lr=0.00018844229 time=14.0s est_300=1h 08m 22s
[VANILLA:T2T-ViT-14][177/300] loss=1.9698 ce=1.9698 guidance=0.0000 beta=0.00 train_acc=55.66% test_acc=18.26% best=18.61% lr=0.00018594234 time=13.7s est_300=1h 08m 22s
[VANILLA:T2T-ViT-14][178/300] loss=1.9192 ce=1.9192 guidance=0.0000 beta=0.00 train_acc=56.64% test_acc=18.38% best=18.61% lr=0.0001834497 time=13.2s est_300=1h 08m 21s
[VANILLA:T2T-ViT-14][179/300] loss=1.9308 ce=1.9308 guidance=0.0000 beta=0.00 train_acc=56.95% test_acc=18.35% best=18.61% lr=0.00018096463 time=13.0s est_300=1h 08m 20s
[VANILLA:T2T-ViT-14][180/300] loss=1.8981 ce=1.8981 guidance=0.0000 beta=0.00 train_acc=57.46% test_acc=17.76% best=18.61% lr=0.0001784874 time=12.9s est_300=1h 08m 19s
[VANILLA:T2T-ViT-14][181/300] loss=1.9473 ce=1.9473 guidance=0.0000 beta=0.00 train_acc=56.54% test_acc=18.26% best=18.61% lr=0.00017601829 time=14.3s est_300=1h 08m 19s
[VANILLA:T2T-ViT-14][182/300] loss=1.8723 ce=1.8723 guidance=0.0000 beta=0.00 train_acc=57.47% test_acc=18.00% best=18.61% lr=0.00017355757 time=13.4s est_300=1h 08m 19s
[VANILLA:T2T-ViT-14][183/300] loss=1.8929 ce=1.8929 guidance=0.0000 beta=0.00 train_acc=57.35% test_acc=18.74% best=18.74% lr=0.0001711055 time=13.0s est_300=1h 08m 18s
[VANILLA:T2T-ViT-14][184/300] loss=1.8841 ce=1.8841 guidance=0.0000 beta=0.00 train_acc=57.91% test_acc=18.95% best=18.95% lr=0.00016866236 time=12.8s est_300=1h 08m 16s
[VANILLA:T2T-ViT-14][185/300] loss=1.8636 ce=1.8636 guidance=0.0000 beta=0.00 train_acc=58.12% test_acc=18.43% best=18.95% lr=0.00016622842 time=13.8s est_300=1h 08m 17s
[VANILLA:T2T-ViT-14][186/300] loss=1.8662 ce=1.8662 guidance=0.0000 beta=0.00 train_acc=58.22% test_acc=19.12% best=19.12% lr=0.00016380393 time=13.7s est_300=1h 08m 17s
[VANILLA:T2T-ViT-14][187/300] loss=1.8544 ce=1.8544 guidance=0.0000 beta=0.00 train_acc=58.25% test_acc=18.80% best=19.12% lr=0.00016138917 time=13.4s est_300=1h 08m 16s
[VANILLA:T2T-ViT-14][188/300] loss=1.8817 ce=1.8817 guidance=0.0000 beta=0.00 train_acc=57.15% test_acc=18.21% best=19.12% lr=0.00015898441 time=13.6s est_300=1h 08m 16s
[VANILLA:T2T-ViT-14][189/300] loss=1.8579 ce=1.8579 guidance=0.0000 beta=0.00 train_acc=58.36% test_acc=18.73% best=19.12% lr=0.00015658989 time=13.1s est_300=1h 08m 15s
[VANILLA:T2T-ViT-14][190/300] loss=1.8378 ce=1.8378 guidance=0.0000 beta=0.00 train_acc=59.09% test_acc=18.66% best=19.12% lr=0.0001542059 time=12.5s est_300=1h 08m 14s
[VANILLA:T2T-ViT-14][191/300] loss=1.8279 ce=1.8279 guidance=0.0000 beta=0.00 train_acc=58.75% test_acc=18.64% best=19.12% lr=0.00015183268 time=13.7s est_300=1h 08m 14s
[VANILLA:T2T-ViT-14][192/300] loss=1.7637 ce=1.7637 guidance=0.0000 beta=0.00 train_acc=59.53% test_acc=18.05% best=19.12% lr=0.0001494705 time=13.7s est_300=1h 08m 14s
[VANILLA:T2T-ViT-14][193/300] loss=1.7802 ce=1.7802 guidance=0.0000 beta=0.00 train_acc=59.85% test_acc=18.73% best=19.12% lr=0.00014711963 time=13.1s est_300=1h 08m 13s
[VANILLA:T2T-ViT-14][194/300] loss=1.8115 ce=1.8115 guidance=0.0000 beta=0.00 train_acc=59.63% test_acc=18.33% best=19.12% lr=0.0001447803 time=13.6s est_300=1h 08m 13s
[VANILLA:T2T-ViT-14][195/300] loss=1.7948 ce=1.7948 guidance=0.0000 beta=0.00 train_acc=59.78% test_acc=18.54% best=19.12% lr=0.00014245279 time=13.0s est_300=1h 08m 12s
[VANILLA:T2T-ViT-14][196/300] loss=1.7265 ce=1.7265 guidance=0.0000 beta=0.00 train_acc=60.73% test_acc=18.43% best=19.12% lr=0.00014013735 time=13.7s est_300=1h 08m 12s
[VANILLA:T2T-ViT-14][197/300] loss=1.7414 ce=1.7414 guidance=0.0000 beta=0.00 train_acc=60.26% test_acc=18.74% best=19.12% lr=0.00013783423 time=13.5s est_300=1h 08m 12s
[VANILLA:T2T-ViT-14][198/300] loss=1.7128 ce=1.7128 guidance=0.0000 beta=0.00 train_acc=60.99% test_acc=18.50% best=19.12% lr=0.00013554369 time=13.7s est_300=1h 08m 12s
[VANILLA:T2T-ViT-14][199/300] loss=1.7444 ce=1.7444 guidance=0.0000 beta=0.00 train_acc=60.38% test_acc=18.78% best=19.12% lr=0.00013326597 time=13.7s est_300=1h 08m 12s
[VANILLA:T2T-ViT-14][200/300] loss=1.6813 ce=1.6813 guidance=0.0000 beta=0.00 train_acc=62.08% test_acc=18.29% best=19.12% lr=0.00013100132 time=13.8s est_300=1h 08m 12s
[VANILLA:T2T-ViT-14][201/300] loss=1.7188 ce=1.7188 guidance=0.0000 beta=0.00 train_acc=61.31% test_acc=18.85% best=19.12% lr=0.00012875 time=13.9s est_300=1h 08m 13s
[VANILLA:T2T-ViT-14][202/300] loss=1.7232 ce=1.7232 guidance=0.0000 beta=0.00 train_acc=61.02% test_acc=18.42% best=19.12% lr=0.00012651225 time=14.1s est_300=1h 08m 13s
[VANILLA:T2T-ViT-14][203/300] loss=1.6623 ce=1.6623 guidance=0.0000 beta=0.00 train_acc=62.58% test_acc=18.81% best=19.12% lr=0.00012428832 time=13.7s est_300=1h 08m 13s
[VANILLA:T2T-ViT-14][204/300] loss=1.6614 ce=1.6614 guidance=0.0000 beta=0.00 train_acc=62.53% test_acc=18.59% best=19.12% lr=0.00012207844 time=13.5s est_300=1h 08m 13s
[VANILLA:T2T-ViT-14][205/300] loss=1.6560 ce=1.6560 guidance=0.0000 beta=0.00 train_acc=62.19% test_acc=18.95% best=19.12% lr=0.00011988287 time=13.4s est_300=1h 08m 13s
[VANILLA:T2T-ViT-14][206/300] loss=1.6709 ce=1.6709 guidance=0.0000 beta=0.00 train_acc=61.91% test_acc=18.61% best=19.12% lr=0.00011770184 time=13.4s est_300=1h 08m 12s
[VANILLA:T2T-ViT-14][207/300] loss=1.6834 ce=1.6834 guidance=0.0000 beta=0.00 train_acc=61.84% test_acc=19.14% best=19.14% lr=0.00011553559 time=13.4s est_300=1h 08m 12s
[VANILLA:T2T-ViT-14][208/300] loss=1.7040 ce=1.7040 guidance=0.0000 beta=0.00 train_acc=61.82% test_acc=18.57% best=19.14% lr=0.00011338436 time=13.9s est_300=1h 08m 12s
[VANILLA:T2T-ViT-14][209/300] loss=1.6687 ce=1.6687 guidance=0.0000 beta=0.00 train_acc=62.02% test_acc=18.54% best=19.14% lr=0.00011124839 time=13.7s est_300=1h 08m 12s
[VANILLA:T2T-ViT-14][210/300] loss=1.6148 ce=1.6148 guidance=0.0000 beta=0.00 train_acc=63.43% test_acc=18.61% best=19.14% lr=0.00010912791 time=12.8s est_300=1h 08m 11s
[VANILLA:T2T-ViT-14][211/300] loss=1.6024 ce=1.6024 guidance=0.0000 beta=0.00 train_acc=64.18% test_acc=19.04% best=19.14% lr=0.00010702315 time=13.6s est_300=1h 08m 11s
[VANILLA:T2T-ViT-14][212/300] loss=1.5564 ce=1.5564 guidance=0.0000 beta=0.00 train_acc=64.45% test_acc=18.71% best=19.14% lr=0.00010493434 time=12.9s est_300=1h 08m 10s
[VANILLA:T2T-ViT-14][213/300] loss=1.6314 ce=1.6314 guidance=0.0000 beta=0.00 train_acc=63.62% test_acc=18.45% best=19.14% lr=0.00010286172 time=13.4s est_300=1h 08m 10s
[VANILLA:T2T-ViT-14][214/300] loss=1.6178 ce=1.6178 guidance=0.0000 beta=0.00 train_acc=62.89% test_acc=18.64% best=19.14% lr=0.0001008055 time=13.4s est_300=1h 08m 09s
[VANILLA:T2T-ViT-14][215/300] loss=1.6064 ce=1.6064 guidance=0.0000 beta=0.00 train_acc=63.64% test_acc=19.00% best=19.14% lr=9.8765924e-05 time=13.6s est_300=1h 08m 09s
[VANILLA:T2T-ViT-14][216/300] loss=1.6128 ce=1.6128 guidance=0.0000 beta=0.00 train_acc=63.79% test_acc=19.14% best=19.14% lr=9.6743203e-05 time=13.7s est_300=1h 08m 09s
[VANILLA:T2T-ViT-14][217/300] loss=1.5714 ce=1.5714 guidance=0.0000 beta=0.00 train_acc=63.62% test_acc=19.09% best=19.14% lr=9.4737563e-05 time=13.8s est_300=1h 08m 10s
[VANILLA:T2T-ViT-14][218/300] loss=1.5718 ce=1.5718 guidance=0.0000 beta=0.00 train_acc=64.05% test_acc=18.67% best=19.14% lr=9.2749222e-05 time=14.1s est_300=1h 08m 10s
[VANILLA:T2T-ViT-14][219/300] loss=1.5809 ce=1.5809 guidance=0.0000 beta=0.00 train_acc=63.84% test_acc=19.00% best=19.14% lr=9.0778401e-05 time=13.5s est_300=1h 08m 10s
[VANILLA:T2T-ViT-14][220/300] loss=1.5809 ce=1.5809 guidance=0.0000 beta=0.00 train_acc=63.65% test_acc=19.45% best=19.45% lr=8.8825313e-05 time=13.5s est_300=1h 08m 10s
[VANILLA:T2T-ViT-14][221/300] loss=1.5352 ce=1.5352 guidance=0.0000 beta=0.00 train_acc=65.12% test_acc=19.23% best=19.45% lr=8.6890175e-05 time=13.3s est_300=1h 08m 10s
[VANILLA:T2T-ViT-14][222/300] loss=1.5461 ce=1.5461 guidance=0.0000 beta=0.00 train_acc=64.47% test_acc=18.95% best=19.45% lr=8.4973198e-05 time=13.1s est_300=1h 08m 09s
[VANILLA:T2T-ViT-14][223/300] loss=1.5260 ce=1.5260 guidance=0.0000 beta=0.00 train_acc=64.83% test_acc=19.21% best=19.45% lr=8.3074591e-05 time=13.6s est_300=1h 08m 09s
[VANILLA:T2T-ViT-14][224/300] loss=1.5254 ce=1.5254 guidance=0.0000 beta=0.00 train_acc=65.47% test_acc=19.12% best=19.45% lr=8.1194564e-05 time=14.0s est_300=1h 08m 09s
[VANILLA:T2T-ViT-14][225/300] loss=1.5452 ce=1.5452 guidance=0.0000 beta=0.00 train_acc=64.61% test_acc=18.88% best=19.45% lr=7.9333323e-05 time=13.9s est_300=1h 08m 10s
[VANILLA:T2T-ViT-14][226/300] loss=1.5227 ce=1.5227 guidance=0.0000 beta=0.00 train_acc=64.71% test_acc=19.02% best=19.45% lr=7.7491072e-05 time=12.7s est_300=1h 08m 09s
[VANILLA:T2T-ViT-14][227/300] loss=1.4765 ce=1.4765 guidance=0.0000 beta=0.00 train_acc=66.00% test_acc=18.95% best=19.45% lr=7.5668012e-05 time=13.5s est_300=1h 08m 08s
[VANILLA:T2T-ViT-14][228/300] loss=1.5040 ce=1.5040 guidance=0.0000 beta=0.00 train_acc=65.15% test_acc=19.24% best=19.45% lr=7.3864344e-05 time=13.9s est_300=1h 08m 09s
[VANILLA:T2T-ViT-14][229/300] loss=1.5303 ce=1.5303 guidance=0.0000 beta=0.00 train_acc=65.13% test_acc=19.36% best=19.45% lr=7.2080265e-05 time=13.9s est_300=1h 08m 09s
[VANILLA:T2T-ViT-14][230/300] loss=1.5311 ce=1.5311 guidance=0.0000 beta=0.00 train_acc=65.30% test_acc=19.38% best=19.45% lr=7.0315971e-05 time=14.0s est_300=1h 08m 10s
[VANILLA:T2T-ViT-14][231/300] loss=1.5421 ce=1.5421 guidance=0.0000 beta=0.00 train_acc=65.30% test_acc=19.09% best=19.45% lr=6.8571656e-05 time=13.8s est_300=1h 08m 10s
[VANILLA:T2T-ViT-14][232/300] loss=1.5007 ce=1.5007 guidance=0.0000 beta=0.00 train_acc=66.12% test_acc=19.09% best=19.45% lr=6.684751e-05 time=13.5s est_300=1h 08m 10s
[VANILLA:T2T-ViT-14][233/300] loss=1.5023 ce=1.5023 guidance=0.0000 beta=0.00 train_acc=65.08% test_acc=19.54% best=19.54% lr=6.5143724e-05 time=13.4s est_300=1h 08m 09s
[VANILLA:T2T-ViT-14][234/300] loss=1.4999 ce=1.4999 guidance=0.0000 beta=0.00 train_acc=65.78% test_acc=19.12% best=19.54% lr=6.3460483e-05 time=13.4s est_300=1h 08m 09s
[VANILLA:T2T-ViT-14][235/300] loss=1.4747 ce=1.4747 guidance=0.0000 beta=0.00 train_acc=66.59% test_acc=19.14% best=19.54% lr=6.1797972e-05 time=13.4s est_300=1h 08m 09s
[VANILLA:T2T-ViT-14][236/300] loss=1.4644 ce=1.4644 guidance=0.0000 beta=0.00 train_acc=66.51% test_acc=18.93% best=19.54% lr=6.0156375e-05 time=13.9s est_300=1h 08m 09s
[VANILLA:T2T-ViT-14][237/300] loss=1.4351 ce=1.4351 guidance=0.0000 beta=0.00 train_acc=67.48% test_acc=19.24% best=19.54% lr=5.8535869e-05 time=14.0s est_300=1h 08m 09s
[VANILLA:T2T-ViT-14][238/300] loss=1.5074 ce=1.5074 guidance=0.0000 beta=0.00 train_acc=65.34% test_acc=19.16% best=19.54% lr=5.6936634e-05 time=13.5s est_300=1h 08m 09s
[VANILLA:T2T-ViT-14][239/300] loss=1.5128 ce=1.5128 guidance=0.0000 beta=0.00 train_acc=65.46% test_acc=19.05% best=19.54% lr=5.5358845e-05 time=12.5s est_300=1h 08m 08s
[VANILLA:T2T-ViT-14][240/300] loss=1.4439 ce=1.4439 guidance=0.0000 beta=0.00 train_acc=66.95% test_acc=18.92% best=19.54% lr=5.3802675e-05 time=13.4s est_300=1h 08m 08s
[VANILLA:T2T-ViT-14][241/300] loss=1.4286 ce=1.4286 guidance=0.0000 beta=0.00 train_acc=67.44% test_acc=19.26% best=19.54% lr=5.2268294e-05 time=13.3s est_300=1h 08m 07s
[VANILLA:T2T-ViT-14][242/300] loss=1.4545 ce=1.4545 guidance=0.0000 beta=0.00 train_acc=66.98% test_acc=19.19% best=19.54% lr=5.0755871e-05 time=12.6s est_300=1h 08m 06s
[VANILLA:T2T-ViT-14][243/300] loss=1.4447 ce=1.4447 guidance=0.0000 beta=0.00 train_acc=67.49% test_acc=19.16% best=19.54% lr=4.9265571e-05 time=12.5s est_300=1h 08m 05s
[VANILLA:T2T-ViT-14][244/300] loss=1.4341 ce=1.4341 guidance=0.0000 beta=0.00 train_acc=67.44% test_acc=19.40% best=19.54% lr=4.7797558e-05 time=12.6s est_300=1h 08m 03s
[VANILLA:T2T-ViT-14][245/300] loss=1.4317 ce=1.4317 guidance=0.0000 beta=0.00 train_acc=67.15% test_acc=18.99% best=19.54% lr=4.6351993e-05 time=12.6s est_300=1h 08m 02s
[VANILLA:T2T-ViT-14][246/300] loss=1.3654 ce=1.3654 guidance=0.0000 beta=0.00 train_acc=68.80% test_acc=19.09% best=19.54% lr=4.4929034e-05 time=12.9s est_300=1h 08m 01s
[VANILLA:T2T-ViT-14][247/300] loss=1.3827 ce=1.3827 guidance=0.0000 beta=0.00 train_acc=68.53% test_acc=19.45% best=19.54% lr=4.3528838e-05 time=13.1s est_300=1h 08m 01s
[VANILLA:T2T-ViT-14][248/300] loss=1.4011 ce=1.4011 guidance=0.0000 beta=0.00 train_acc=68.16% test_acc=19.49% best=19.54% lr=4.2151558e-05 time=12.6s est_300=1h 08m 00s
[VANILLA:T2T-ViT-14][249/300] loss=1.4024 ce=1.4024 guidance=0.0000 beta=0.00 train_acc=68.17% test_acc=19.23% best=19.54% lr=4.0797346e-05 time=14.1s est_300=1h 08m 00s
[VANILLA:T2T-ViT-14][250/300] loss=1.3973 ce=1.3973 guidance=0.0000 beta=0.00 train_acc=67.61% test_acc=19.47% best=19.54% lr=3.9466348e-05 time=13.0s est_300=1h 07m 59s
[VANILLA:T2T-ViT-14][251/300] loss=1.4044 ce=1.4044 guidance=0.0000 beta=0.00 train_acc=67.66% test_acc=19.81% best=19.81% lr=3.8158713e-05 time=12.6s est_300=1h 07m 58s
[VANILLA:T2T-ViT-14][252/300] loss=1.3691 ce=1.3691 guidance=0.0000 beta=0.00 train_acc=68.60% test_acc=19.36% best=19.81% lr=3.6874582e-05 time=13.4s est_300=1h 07m 58s
[VANILLA:T2T-ViT-14][253/300] loss=1.3772 ce=1.3772 guidance=0.0000 beta=0.00 train_acc=68.33% test_acc=19.23% best=19.81% lr=3.5614097e-05 time=12.4s est_300=1h 07m 57s
[VANILLA:T2T-ViT-14][254/300] loss=1.4228 ce=1.4228 guidance=0.0000 beta=0.00 train_acc=67.36% test_acc=19.31% best=19.81% lr=3.4377396e-05 time=13.5s est_300=1h 07m 56s
[VANILLA:T2T-ViT-14][255/300] loss=1.3875 ce=1.3875 guidance=0.0000 beta=0.00 train_acc=68.14% test_acc=19.33% best=19.81% lr=3.3164614e-05 time=13.7s est_300=1h 07m 57s
[VANILLA:T2T-ViT-14][256/300] loss=1.3446 ce=1.3446 guidance=0.0000 beta=0.00 train_acc=69.04% test_acc=19.36% best=19.81% lr=3.1975885e-05 time=13.3s est_300=1h 07m 56s
[VANILLA:T2T-ViT-14][257/300] loss=1.3461 ce=1.3461 guidance=0.0000 beta=0.00 train_acc=69.57% test_acc=19.80% best=19.81% lr=3.0811339e-05 time=13.6s est_300=1h 07m 56s
[VANILLA:T2T-ViT-14][258/300] loss=1.3928 ce=1.3928 guidance=0.0000 beta=0.00 train_acc=68.99% test_acc=19.57% best=19.81% lr=2.9671104e-05 time=13.8s est_300=1h 07m 57s
[VANILLA:T2T-ViT-14][259/300] loss=1.3740 ce=1.3740 guidance=0.0000 beta=0.00 train_acc=68.50% test_acc=19.54% best=19.81% lr=2.8555305e-05 time=12.6s est_300=1h 07m 55s
[VANILLA:T2T-ViT-14][260/300] loss=1.3797 ce=1.3797 guidance=0.0000 beta=0.00 train_acc=68.63% test_acc=19.66% best=19.81% lr=2.7464063e-05 time=12.6s est_300=1h 07m 54s
[VANILLA:T2T-ViT-14][261/300] loss=1.3678 ce=1.3678 guidance=0.0000 beta=0.00 train_acc=68.83% test_acc=19.30% best=19.81% lr=2.6397499e-05 time=12.6s est_300=1h 07m 53s
[VANILLA:T2T-ViT-14][262/300] loss=1.3513 ce=1.3513 guidance=0.0000 beta=0.00 train_acc=69.17% test_acc=19.57% best=19.81% lr=2.535573e-05 time=13.3s est_300=1h 07m 53s
[VANILLA:T2T-ViT-14][263/300] loss=1.3886 ce=1.3886 guidance=0.0000 beta=0.00 train_acc=67.73% test_acc=19.81% best=19.81% lr=2.433887e-05 time=13.6s est_300=1h 07m 53s
[VANILLA:T2T-ViT-14][264/300] loss=1.3577 ce=1.3577 guidance=0.0000 beta=0.00 train_acc=68.46% test_acc=19.85% best=19.85% lr=2.334703e-05 time=12.5s est_300=1h 07m 52s
[VANILLA:T2T-ViT-14][265/300] loss=1.3446 ce=1.3446 guidance=0.0000 beta=0.00 train_acc=68.72% test_acc=19.43% best=19.85% lr=2.238032e-05 time=13.5s est_300=1h 07m 51s
[VANILLA:T2T-ViT-14][266/300] loss=1.3913 ce=1.3913 guidance=0.0000 beta=0.00 train_acc=68.00% test_acc=19.28% best=19.85% lr=2.1438844e-05 time=13.5s est_300=1h 07m 51s
[VANILLA:T2T-ViT-14][267/300] loss=1.3358 ce=1.3358 guidance=0.0000 beta=0.00 train_acc=68.80% test_acc=19.90% best=19.90% lr=2.0522708e-05 time=12.5s est_300=1h 07m 50s
[VANILLA:T2T-ViT-14][268/300] loss=1.3280 ce=1.3280 guidance=0.0000 beta=0.00 train_acc=69.77% test_acc=19.83% best=19.90% lr=1.963201e-05 time=13.2s est_300=1h 07m 50s
[VANILLA:T2T-ViT-14][269/300] loss=1.3592 ce=1.3592 guidance=0.0000 beta=0.00 train_acc=68.21% test_acc=19.69% best=19.90% lr=1.8766848e-05 time=13.1s est_300=1h 07m 49s
[VANILLA:T2T-ViT-14][270/300] loss=1.3629 ce=1.3629 guidance=0.0000 beta=0.00 train_acc=69.38% test_acc=19.73% best=19.90% lr=1.7927319e-05 time=12.8s est_300=1h 07m 48s
[VANILLA:T2T-ViT-14][271/300] loss=1.3435 ce=1.3435 guidance=0.0000 beta=0.00 train_acc=69.00% test_acc=19.83% best=19.90% lr=1.7113512e-05 time=12.5s est_300=1h 07m 47s
[VANILLA:T2T-ViT-14][272/300] loss=1.3632 ce=1.3632 guidance=0.0000 beta=0.00 train_acc=68.83% test_acc=19.40% best=19.90% lr=1.6325519e-05 time=12.5s est_300=1h 07m 46s
[VANILLA:T2T-ViT-14][273/300] loss=1.3768 ce=1.3768 guidance=0.0000 beta=0.00 train_acc=68.58% test_acc=19.54% best=19.90% lr=1.5563424e-05 time=13.0s est_300=1h 07m 46s
[VANILLA:T2T-ViT-14][274/300] loss=1.3439 ce=1.3439 guidance=0.0000 beta=0.00 train_acc=69.38% test_acc=19.80% best=19.90% lr=1.4827313e-05 time=12.6s est_300=1h 07m 44s
[VANILLA:T2T-ViT-14][275/300] loss=1.3516 ce=1.3516 guidance=0.0000 beta=0.00 train_acc=69.31% test_acc=19.80% best=19.90% lr=1.4117265e-05 time=13.3s est_300=1h 07m 44s
[VANILLA:T2T-ViT-14][276/300] loss=1.3734 ce=1.3734 guidance=0.0000 beta=0.00 train_acc=68.22% test_acc=19.88% best=19.90% lr=1.3433358e-05 time=13.9s est_300=1h 07m 45s
[VANILLA:T2T-ViT-14][277/300] loss=1.3237 ce=1.3237 guidance=0.0000 beta=0.00 train_acc=69.45% test_acc=19.87% best=19.90% lr=1.2775668e-05 time=13.6s est_300=1h 07m 45s
[VANILLA:T2T-ViT-14][278/300] loss=1.3446 ce=1.3446 guidance=0.0000 beta=0.00 train_acc=69.02% test_acc=19.61% best=19.90% lr=1.2144266e-05 time=13.5s est_300=1h 07m 45s
[VANILLA:T2T-ViT-14][279/300] loss=1.3502 ce=1.3502 guidance=0.0000 beta=0.00 train_acc=68.46% test_acc=19.57% best=19.90% lr=1.1539222e-05 time=13.6s est_300=1h 07m 45s
[VANILLA:T2T-ViT-14][280/300] loss=1.3482 ce=1.3482 guidance=0.0000 beta=0.00 train_acc=69.28% test_acc=19.57% best=19.90% lr=1.0960601e-05 time=13.7s est_300=1h 07m 45s
[VANILLA:T2T-ViT-14][281/300] loss=1.3236 ce=1.3236 guidance=0.0000 beta=0.00 train_acc=69.75% test_acc=19.68% best=19.90% lr=1.0408469e-05 time=14.0s est_300=1h 07m 45s
[VANILLA:T2T-ViT-14][282/300] loss=1.3787 ce=1.3787 guidance=0.0000 beta=0.00 train_acc=68.27% test_acc=19.66% best=19.90% lr=9.8828843e-06 time=13.9s est_300=1h 07m 46s
[VANILLA:T2T-ViT-14][283/300] loss=1.3658 ce=1.3658 guidance=0.0000 beta=0.00 train_acc=68.55% test_acc=19.59% best=19.90% lr=9.3839054e-06 time=13.7s est_300=1h 07m 46s
[VANILLA:T2T-ViT-14][284/300] loss=1.3564 ce=1.3564 guidance=0.0000 beta=0.00 train_acc=68.89% test_acc=19.64% best=19.90% lr=8.911587e-06 time=14.0s est_300=1h 07m 46s
[VANILLA:T2T-ViT-14][285/300] loss=1.3573 ce=1.3573 guidance=0.0000 beta=0.00 train_acc=68.85% test_acc=19.73% best=19.90% lr=8.4659808e-06 time=13.9s est_300=1h 07m 47s
[VANILLA:T2T-ViT-14][286/300] loss=1.3171 ce=1.3171 guidance=0.0000 beta=0.00 train_acc=69.45% test_acc=19.49% best=19.90% lr=8.0471357e-06 time=13.7s est_300=1h 07m 47s
[VANILLA:T2T-ViT-14][287/300] loss=1.3279 ce=1.3279 guidance=0.0000 beta=0.00 train_acc=68.92% test_acc=19.62% best=19.90% lr=7.6550976e-06 time=14.1s est_300=1h 07m 47s
[VANILLA:T2T-ViT-14][288/300] loss=1.3260 ce=1.3260 guidance=0.0000 beta=0.00 train_acc=69.38% test_acc=19.81% best=19.90% lr=7.2899095e-06 time=13.4s est_300=1h 07m 47s
[VANILLA:T2T-ViT-14][289/300] loss=1.3010 ce=1.3010 guidance=0.0000 beta=0.00 train_acc=70.50% test_acc=19.36% best=19.90% lr=6.9516114e-06 time=13.2s est_300=1h 07m 47s
[VANILLA:T2T-ViT-14][290/300] loss=1.3268 ce=1.3268 guidance=0.0000 beta=0.00 train_acc=69.62% test_acc=19.57% best=19.90% lr=6.6402405e-06 time=13.2s est_300=1h 07m 46s
[VANILLA:T2T-ViT-14][291/300] loss=1.3525 ce=1.3525 guidance=0.0000 beta=0.00 train_acc=69.02% test_acc=19.74% best=19.90% lr=6.3558309e-06 time=12.4s est_300=1h 07m 45s
[VANILLA:T2T-ViT-14][292/300] loss=1.2814 ce=1.2814 guidance=0.0000 beta=0.00 train_acc=70.58% test_acc=19.45% best=19.90% lr=6.0984138e-06 time=13.7s est_300=1h 07m 45s
[VANILLA:T2T-ViT-14][293/300] loss=1.3108 ce=1.3108 guidance=0.0000 beta=0.00 train_acc=69.60% test_acc=19.47% best=19.90% lr=5.8680173e-06 time=13.6s est_300=1h 07m 45s
[VANILLA:T2T-ViT-14][294/300] loss=1.3484 ce=1.3484 guidance=0.0000 beta=0.00 train_acc=69.00% test_acc=19.54% best=19.90% lr=5.6646669e-06 time=13.9s est_300=1h 07m 46s
[VANILLA:T2T-ViT-14][295/300] loss=1.3238 ce=1.3238 guidance=0.0000 beta=0.00 train_acc=69.72% test_acc=19.52% best=19.90% lr=5.4883847e-06 time=14.0s est_300=1h 07m 46s
[VANILLA:T2T-ViT-14][296/300] loss=1.3241 ce=1.3241 guidance=0.0000 beta=0.00 train_acc=69.70% test_acc=19.69% best=19.90% lr=5.3391901e-06 time=14.0s est_300=1h 07m 47s
[VANILLA:T2T-ViT-14][297/300] loss=1.3297 ce=1.3297 guidance=0.0000 beta=0.00 train_acc=69.77% test_acc=19.68% best=19.90% lr=5.2170996e-06 time=13.4s est_300=1h 07m 47s
[VANILLA:T2T-ViT-14][298/300] loss=1.3748 ce=1.3748 guidance=0.0000 beta=0.00 train_acc=68.90% test_acc=19.55% best=19.90% lr=5.1221263e-06 time=12.4s est_300=1h 07m 45s
[VANILLA:T2T-ViT-14][299/300] loss=1.3241 ce=1.3241 guidance=0.0000 beta=0.00 train_acc=69.43% test_acc=19.66% best=19.90% lr=5.0542808e-06 time=13.3s est_300=1h 07m 45s
[VANILLA:T2T-ViT-14][300/300] loss=1.3082 ce=1.3082 guidance=0.0000 beta=0.00 train_acc=70.28% test_acc=19.57% best=19.90% lr=5.0135706e-06 time=13.1s est_300=1h 07m 45s
[TIMING_RESULT] student=T2T-ViT-14 method=VANILLA batch=128 avg_epoch=13.55s estimated_300=1h 07m 45s
[FINAL_RESULT] summary=/app/output/table1_cub200_t2t_vit14_all_full_seed1/students/table1_cub200_t2t_vit_14_vanilla_b128_full_300ep_seed1/summary.json
[DONE] Table-1 CUB student task completed successfully.
[STUDENT_IDENTITY_CHECK_TABLE1_CUB200] status=PASS student=T2T-ViT-14 method=Vanilla batch=128 teacher=none
[TASK_DONE] 1/5 T2T-ViT-14/Vanilla elapsed=1h 10m 43s
------------------------------------------------------------------------------------------------
[TASK_START] 2/5 T2T-ViT-14/LG
[COMMAND][LG] /usr/bin/python /app/scratch/input/kau-aimslab_556/methods/table1_cub200/train.py --full-run --student t2t_vit_14 --method lg --batch-size 128 --data-dir /app/output/table1_cub200_t2t_vit14_all_full_seed1/data/cub200 --teacher-root /app/scratch/input/kau-aimslab_556/teachers/checkpoints/cub200_table1_resnet56_32 --output-dir /app/output/table1_cub200_t2t_vit14_all_full_seed1/students --run-name table1_cub200_t2t_vit_14_lg_b128_full_300ep_seed1 --num-workers 4
[BOOT] Python process started: /usr/bin/python
[BOOT] complete Table-1 runtime dependencies already available
/usr/local/lib/python3.10/dist-packages/timm/models/layers/__init__.py:49: FutureWarning: Importing from timm.models.layers is deprecated, please import via timm.layers
  warnings.warn(f"Importing from {__name__} is deprecated, please import via timm.layers", FutureWarning)
========================================================================================
CUB-200 TABLE-1 EXTENSION
========================================================================================
[TASK] student=T2T-ViT-14 method=LG batch=128 mode=full_300ep
[MODE] actual_epochs=300 planned_epochs=300
[PROTOCOL_LOCK] dataset=CUB-200-2011 split=5994/5794 teacher=ResNet56-scratch-32 student=scratch-224 epochs=300 AdamW=5e-4->5e-6 wd=0.05 warmup=20 seed=1 fp32=True
[FIXED_TEACHER_TABLE1_CUB200] h200_build=543 root=/app/scratch/input/kau-aimslab_556/teachers/checkpoints/cub200_table1_resnet56_32 sha256=06f75192b1c108c89e480843cb4f72dfb28aa762d7b11e7ac327333dd54b51f5
[SOURCE] official_lg_repo=https://github.com/lkhl/tiny-transformers commit=d2165f74049c906b0afc9f957491960fb3c0cc8b
[MODEL] params=21,237,550 feature_dims=(384, 384, 384, 384, 384, 384, 384, 384, 384, 384, 384, 384, 384, 384) selected_lg=(0, 7, 13)
[FEATURE_CHECK] student=((2, 384, 14, 14), (2, 384, 14, 14), (2, 384, 14, 14), (2, 384, 14, 14), (2, 384, 14, 14), (2, 384, 14, 14), (2, 384, 14, 14), (2, 384, 14, 14), (2, 384, 14, 14), (2, 384, 14, 14), (2, 384, 14, 14), (2, 384, 14, 14), (2, 384, 14, 14), (2, 384, 14, 14)) teacher=((2, 16, 32, 32), (2, 32, 16, 16), (2, 64, 8, 8)) guidance_probe=12.249456
[OPTIMIZER] contract=official_lg_no_decay_exclusions
[LG:T2T-ViT-14][001/300] loss=95.2636 ce=5.3793 guidance=35.9537 beta=2.50 train_acc=0.34% test_acc=0.24% best=0.24% lr=5e-07 time=15.4s est_300=1h 16m 57s
[LG:T2T-ViT-14][002/300] loss=72.0187 ce=5.3591 guidance=26.6639 beta=2.50 train_acc=0.41% test_acc=0.69% best=0.69% lr=2.5475e-05 time=13.8s est_300=1h 13m 00s
[LG:T2T-ViT-14][003/300] loss=59.4915 ce=5.3279 guidance=21.6654 beta=2.50 train_acc=0.53% test_acc=0.55% best=0.69% lr=5.045e-05 time=13.1s est_300=1h 10m 25s
[LG:T2T-ViT-14][004/300] loss=56.2332 ce=5.3142 guidance=20.3676 beta=2.50 train_acc=0.49% test_acc=0.83% best=0.83% lr=7.5425e-05 time=14.0s est_300=1h 10m 21s
[LG:T2T-ViT-14][005/300] loss=53.5343 ce=5.2989 guidance=19.2942 beta=2.50 train_acc=0.46% test_acc=1.31% best=1.31% lr=0.0001004 time=13.7s est_300=1h 09m 59s
[LG:T2T-ViT-14][006/300] loss=51.8481 ce=5.2442 guidance=18.6416 beta=2.50 train_acc=0.73% test_acc=1.38% best=1.38% lr=0.000125375 time=13.9s est_300=1h 09m 56s
[LG:T2T-ViT-14][007/300] loss=49.7165 ce=5.1699 guidance=17.8186 beta=2.50 train_acc=0.93% test_acc=1.76% best=1.76% lr=0.00015035 time=14.9s est_300=1h 10m 34s
[LG:T2T-ViT-14][008/300] loss=47.9492 ce=5.0958 guidance=17.1414 beta=2.50 train_acc=1.41% test_acc=2.07% best=2.07% lr=0.000175325 time=14.0s est_300=1h 10m 32s
[LG:T2T-ViT-14][009/300] loss=47.1278 ce=4.9618 guidance=16.8664 beta=2.50 train_acc=2.45% test_acc=3.88% best=3.88% lr=0.0002003 time=14.1s est_300=1h 10m 31s
[LG:T2T-ViT-14][010/300] loss=45.5011 ce=4.8485 guidance=16.2610 beta=2.50 train_acc=3.99% test_acc=5.21% best=5.21% lr=0.000225275 time=14.5s est_300=1h 10m 42s
[LG:T2T-ViT-14][011/300] loss=44.1807 ce=4.7138 guidance=15.7867 beta=2.50 train_acc=3.89% test_acc=6.61% best=6.61% lr=0.00025025 time=13.9s est_300=1h 10m 35s
[LG:T2T-ViT-14][012/300] loss=43.3501 ce=4.6036 guidance=15.4986 beta=2.50 train_acc=5.45% test_acc=7.82% best=7.82% lr=0.000275225 time=14.8s est_300=1h 10m 52s
[LG:T2T-ViT-14][013/300] loss=42.0056 ce=4.4989 guidance=15.0027 beta=2.50 train_acc=6.47% test_acc=8.84% best=8.84% lr=0.0003002 time=14.9s est_300=1h 11m 09s
[LG:T2T-ViT-14][014/300] loss=41.2586 ce=4.3967 guidance=14.7448 beta=2.50 train_acc=7.88% test_acc=10.04% best=10.04% lr=0.000325175 time=13.4s est_300=1h 10m 51s
[LG:T2T-ViT-14][015/300] loss=40.3007 ce=4.2951 guidance=14.4023 beta=2.50 train_acc=9.12% test_acc=12.46% best=12.46% lr=0.00035015 time=14.4s est_300=1h 10m 56s
[LG:T2T-ViT-14][016/300] loss=39.2765 ce=4.1932 guidance=14.0333 beta=2.50 train_acc=9.68% test_acc=12.79% best=12.79% lr=0.000375125 time=15.0s est_300=1h 11m 11s
[LG:T2T-ViT-14][017/300] loss=38.8194 ce=4.1317 guidance=13.8751 beta=2.50 train_acc=11.57% test_acc=14.41% best=14.41% lr=0.0004001 time=13.7s est_300=1h 11m 01s
[LG:T2T-ViT-14][018/300] loss=37.3373 ce=4.0368 guidance=13.3202 beta=2.50 train_acc=12.30% test_acc=17.19% best=17.19% lr=0.000425075 time=14.0s est_300=1h 10m 58s
[LG:T2T-ViT-14][019/300] loss=36.7651 ce=3.9590 guidance=13.1224 beta=2.50 train_acc=13.08% test_acc=17.73% best=17.73% lr=0.00045005 time=14.0s est_300=1h 10m 55s
[LG:T2T-ViT-14][020/300] loss=36.0912 ce=3.9394 guidance=12.8608 beta=2.50 train_acc=13.89% test_acc=17.88% best=17.88% lr=0.000475025 time=14.3s est_300=1h 10m 57s
[LG:T2T-ViT-14][021/300] loss=35.4261 ce=3.8175 guidance=12.6435 beta=2.50 train_acc=15.35% test_acc=19.54% best=19.54% lr=0.00049459153 time=14.0s est_300=1h 10m 55s
[LG:T2T-ViT-14][022/300] loss=34.5620 ce=3.7217 guidance=12.3361 beta=2.50 train_acc=17.32% test_acc=21.35% best=21.35% lr=0.0004940394 time=14.5s est_300=1h 10m 59s
[LG:T2T-ViT-14][023/300] loss=34.1112 ce=3.6347 guidance=12.1906 beta=2.50 train_acc=18.09% test_acc=23.49% best=23.49% lr=0.00049346078 time=13.7s est_300=1h 10m 53s
[LG:T2T-ViT-14][024/300] loss=33.4153 ce=3.5482 guidance=11.9469 beta=2.50 train_acc=20.21% test_acc=24.87% best=24.87% lr=0.00049285573 time=14.1s est_300=1h 10m 51s
[LG:T2T-ViT-14][025/300] loss=32.6797 ce=3.5024 guidance=11.6709 beta=2.50 train_acc=21.40% test_acc=26.25% best=26.25% lr=0.00049222433 time=14.0s est_300=1h 10m 50s
[LG:T2T-ViT-14][026/300] loss=32.5537 ce=3.4458 guidance=11.6431 beta=2.50 train_acc=21.94% test_acc=27.89% best=27.89% lr=0.00049156664 time=14.2s est_300=1h 10m 50s
[LG:T2T-ViT-14][027/300] loss=31.9084 ce=3.3336 guidance=11.4299 beta=2.50 train_acc=23.98% test_acc=29.08% best=29.08% lr=0.00049088274 time=14.4s est_300=1h 10m 52s
[LG:T2T-ViT-14][028/300] loss=31.4792 ce=3.2976 guidance=11.2727 beta=2.50 train_acc=25.36% test_acc=28.77% best=29.08% lr=0.00049017269 time=14.4s est_300=1h 10m 55s
[LG:T2T-ViT-14][029/300] loss=31.1296 ce=3.2284 guidance=11.1605 beta=2.50 train_acc=26.55% test_acc=31.65% best=31.65% lr=0.00048943658 time=14.0s est_300=1h 10m 53s
[LG:T2T-ViT-14][030/300] loss=30.7323 ce=3.1686 guidance=11.0255 beta=2.50 train_acc=27.67% test_acc=31.98% best=31.98% lr=0.00048867448 time=14.6s est_300=1h 10m 57s
[LG:T2T-ViT-14][031/300] loss=30.2490 ce=3.0940 guidance=10.8620 beta=2.50 train_acc=28.23% test_acc=32.22% best=32.22% lr=0.00048788649 time=14.3s est_300=1h 10m 58s
[LG:T2T-ViT-14][032/300] loss=30.0610 ce=3.0553 guidance=10.8023 beta=2.50 train_acc=30.13% test_acc=32.59% best=32.59% lr=0.00048707268 time=14.1s est_300=1h 10m 58s
[LG:T2T-ViT-14][033/300] loss=29.7794 ce=3.0131 guidance=10.7065 beta=2.50 train_acc=30.45% test_acc=33.50% best=33.50% lr=0.00048623315 time=13.1s est_300=1h 10m 48s
[LG:T2T-ViT-14][034/300] loss=29.5212 ce=2.9684 guidance=10.6211 beta=2.50 train_acc=31.08% test_acc=34.66% best=34.66% lr=0.00048536799 time=14.1s est_300=1h 10m 47s
[LG:T2T-ViT-14][035/300] loss=29.4037 ce=2.9191 guidance=10.5939 beta=2.50 train_acc=31.86% test_acc=35.54% best=35.54% lr=0.00048447729 time=14.0s est_300=1h 10m 45s
[LG:T2T-ViT-14][036/300] loss=28.8838 ce=2.8514 guidance=10.4130 beta=2.50 train_acc=33.44% test_acc=35.74% best=35.74% lr=0.00048356116 time=13.7s est_300=1h 10m 41s
[LG:T2T-ViT-14][037/300] loss=28.7757 ce=2.7952 guidance=10.3922 beta=2.50 train_acc=35.33% test_acc=37.18% best=37.18% lr=0.00048261968 time=13.9s est_300=1h 10m 40s
[LG:T2T-ViT-14][038/300] loss=28.5823 ce=2.7681 guidance=10.3257 beta=2.50 train_acc=35.48% test_acc=37.09% best=37.18% lr=0.00048165297 time=13.3s est_300=1h 10m 33s
[LG:T2T-ViT-14][039/300] loss=28.2861 ce=2.7191 guidance=10.2268 beta=2.50 train_acc=36.29% test_acc=38.06% best=38.06% lr=0.00048066113 time=13.1s est_300=1h 10m 25s
[LG:T2T-ViT-14][040/300] loss=28.1337 ce=2.6950 guidance=10.1755 beta=2.50 train_acc=37.19% test_acc=39.09% best=39.09% lr=0.00047964427 time=14.1s est_300=1h 10m 26s
[LG:T2T-ViT-14][041/300] loss=28.0527 ce=2.6879 guidance=10.1459 beta=2.50 train_acc=36.91% test_acc=38.28% best=39.09% lr=0.0004786025 time=14.1s est_300=1h 10m 26s
[LG:T2T-ViT-14][042/300] loss=27.8501 ce=2.6542 guidance=10.0784 beta=2.50 train_acc=37.43% test_acc=39.33% best=39.33% lr=0.00047753594 time=14.0s est_300=1h 10m 25s
[LG:T2T-ViT-14][043/300] loss=27.5574 ce=2.5745 guidance=9.9931 beta=2.50 train_acc=39.67% test_acc=39.47% best=39.47% lr=0.0004764447 time=14.1s est_300=1h 10m 25s
[LG:T2T-ViT-14][044/300] loss=27.3501 ce=2.5962 guidance=9.9015 beta=2.50 train_acc=38.59% test_acc=38.82% best=39.47% lr=0.0004753289 time=14.2s est_300=1h 10m 26s
[LG:T2T-ViT-14][045/300] loss=27.2520 ce=2.5001 guidance=9.9008 beta=2.50 train_acc=41.17% test_acc=39.37% best=39.47% lr=0.00047418866 time=13.7s est_300=1h 10m 23s
[LG:T2T-ViT-14][046/300] loss=26.9955 ce=2.5059 guidance=9.7958 beta=2.50 train_acc=40.90% test_acc=40.68% best=40.68% lr=0.00047302411 time=14.1s est_300=1h 10m 24s
[LG:T2T-ViT-14][047/300] loss=26.9801 ce=2.4493 guidance=9.8123 beta=2.50 train_acc=42.49% test_acc=40.08% best=40.68% lr=0.00047183539 time=13.2s est_300=1h 10m 18s
[LG:T2T-ViT-14][048/300] loss=26.7070 ce=2.4757 guidance=9.6925 beta=2.50 train_acc=41.93% test_acc=39.70% best=40.68% lr=0.0004706226 time=13.7s est_300=1h 10m 16s
[LG:T2T-ViT-14][049/300] loss=26.4790 ce=2.3395 guidance=9.6558 beta=2.50 train_acc=44.36% test_acc=41.04% best=41.04% lr=0.0004693859 time=13.0s est_300=1h 10m 10s
[LG:T2T-ViT-14][050/300] loss=26.6023 ce=2.3536 guidance=9.6995 beta=2.50 train_acc=44.62% test_acc=41.16% best=41.16% lr=0.00046812542 time=13.4s est_300=1h 10m 06s
[LG:T2T-ViT-14][051/300] loss=26.1859 ce=2.2928 guidance=9.5572 beta=2.50 train_acc=46.33% test_acc=41.66% best=41.66% lr=0.00046684129 time=13.0s est_300=1h 10m 00s
[LG:T2T-ViT-14][052/300] loss=26.1702 ce=2.2944 guidance=9.5503 beta=2.50 train_acc=45.77% test_acc=41.46% best=41.66% lr=0.00046553365 time=14.0s est_300=1h 10m 00s
[LG:T2T-ViT-14][053/300] loss=26.1696 ce=2.2832 guidance=9.5546 beta=2.50 train_acc=45.99% test_acc=41.09% best=41.66% lr=0.00046420265 time=13.8s est_300=1h 09m 59s
[LG:T2T-ViT-14][054/300] loss=26.0189 ce=2.2160 guidance=9.5211 beta=2.50 train_acc=47.79% test_acc=41.70% best=41.70% lr=0.00046284844 time=13.1s est_300=1h 09m 54s
[LG:T2T-ViT-14][055/300] loss=25.7733 ce=2.2240 guidance=9.4197 beta=2.50 train_acc=47.32% test_acc=41.44% best=41.70% lr=0.00046147116 time=13.2s est_300=1h 09m 50s
[LG:T2T-ViT-14][056/300] loss=25.6656 ce=2.2103 guidance=9.3821 beta=2.50 train_acc=48.11% test_acc=41.34% best=41.70% lr=0.00046007097 time=13.2s est_300=1h 09m 46s
[LG:T2T-ViT-14][057/300] loss=25.6463 ce=2.1741 guidance=9.3889 beta=2.50 train_acc=48.90% test_acc=41.92% best=41.92% lr=0.00045864801 time=14.0s est_300=1h 09m 46s
[LG:T2T-ViT-14][058/300] loss=25.6776 ce=2.1172 guidance=9.4242 beta=2.50 train_acc=49.75% test_acc=42.96% best=42.96% lr=0.00045720244 time=14.1s est_300=1h 09m 46s
[LG:T2T-ViT-14][059/300] loss=25.3503 ce=2.0451 guidance=9.3221 beta=2.50 train_acc=51.19% test_acc=43.25% best=43.25% lr=0.00045573443 time=13.9s est_300=1h 09m 46s
[LG:T2T-ViT-14][060/300] loss=25.3890 ce=2.0999 guidance=9.3157 beta=2.50 train_acc=49.63% test_acc=42.18% best=43.25% lr=0.00045424413 time=14.5s est_300=1h 09m 49s
[LG:T2T-ViT-14][061/300] loss=25.1741 ce=2.0713 guidance=9.2411 beta=2.50 train_acc=50.75% test_acc=43.68% best=43.68% lr=0.00045273171 time=14.6s est_300=1h 09m 53s
[LG:T2T-ViT-14][062/300] loss=25.0224 ce=2.0482 guidance=9.1897 beta=2.50 train_acc=51.14% test_acc=43.27% best=43.68% lr=0.00045119733 time=14.4s est_300=1h 09m 55s
[LG:T2T-ViT-14][063/300] loss=24.9853 ce=2.0342 guidance=9.1804 beta=2.50 train_acc=51.15% test_acc=43.73% best=43.73% lr=0.00044964115 time=14.5s est_300=1h 09m 58s
[LG:T2T-ViT-14][064/300] loss=25.0131 ce=2.0034 guidance=9.2039 beta=2.50 train_acc=52.58% test_acc=42.06% best=43.73% lr=0.00044806337 time=14.5s est_300=1h 10m 00s
[LG:T2T-ViT-14][065/300] loss=24.7669 ce=1.9805 guidance=9.1145 beta=2.50 train_acc=53.01% test_acc=42.65% best=43.73% lr=0.00044646413 time=13.3s est_300=1h 09m 57s
[LG:T2T-ViT-14][066/300] loss=24.7795 ce=1.9326 guidance=9.1388 beta=2.50 train_acc=54.45% test_acc=42.73% best=43.73% lr=0.00044484363 time=13.1s est_300=1h 09m 53s
[LG:T2T-ViT-14][067/300] loss=24.7722 ce=1.8788 guidance=9.1573 beta=2.50 train_acc=55.01% test_acc=43.39% best=43.73% lr=0.00044320203 time=14.2s est_300=1h 09m 53s
[LG:T2T-ViT-14][068/300] loss=24.5872 ce=1.9308 guidance=9.0626 beta=2.50 train_acc=53.94% test_acc=42.53% best=43.73% lr=0.00044153952 time=14.5s est_300=1h 09m 56s
[LG:T2T-ViT-14][069/300] loss=24.4856 ce=1.9078 guidance=9.0311 beta=2.50 train_acc=55.20% test_acc=43.49% best=43.73% lr=0.00043985628 time=13.3s est_300=1h 09m 53s
[LG:T2T-ViT-14][070/300] loss=24.4172 ce=1.8722 guidance=9.0180 beta=2.50 train_acc=55.83% test_acc=44.11% best=44.11% lr=0.00043815249 time=14.5s est_300=1h 09m 55s
[LG:T2T-ViT-14][071/300] loss=24.2689 ce=1.8719 guidance=8.9588 beta=2.50 train_acc=55.83% test_acc=43.96% best=44.11% lr=0.00043642834 time=14.2s est_300=1h 09m 56s
[LG:T2T-ViT-14][072/300] loss=24.1902 ce=1.8327 guidance=8.9430 beta=2.50 train_acc=56.56% test_acc=43.86% best=44.11% lr=0.00043468403 time=14.1s est_300=1h 09m 56s
[LG:T2T-ViT-14][073/300] loss=24.1038 ce=1.7698 guidance=8.9336 beta=2.50 train_acc=57.42% test_acc=42.91% best=44.11% lr=0.00043291974 time=13.2s est_300=1h 09m 53s
[LG:T2T-ViT-14][074/300] loss=23.9946 ce=1.7746 guidance=8.8880 beta=2.50 train_acc=57.76% test_acc=44.17% best=44.17% lr=0.00043113566 time=14.1s est_300=1h 09m 54s
[LG:T2T-ViT-14][075/300] loss=24.1307 ce=1.7790 guidance=8.9407 beta=2.50 train_acc=58.36% test_acc=44.15% best=44.17% lr=0.00042933199 time=14.0s est_300=1h 09m 53s
[LG:T2T-ViT-14][076/300] loss=23.9575 ce=1.7067 guidance=8.9003 beta=2.50 train_acc=59.48% test_acc=43.65% best=44.17% lr=0.00042750893 time=13.7s est_300=1h 09m 52s
[LG:T2T-ViT-14][077/300] loss=23.8716 ce=1.7332 guidance=8.8554 beta=2.50 train_acc=58.59% test_acc=42.94% best=44.17% lr=0.00042566668 time=13.9s est_300=1h 09m 52s
[LG:T2T-ViT-14][078/300] loss=23.8041 ce=1.7368 guidance=8.8269 beta=2.50 train_acc=58.78% test_acc=42.79% best=44.17% lr=0.00042380544 time=14.0s est_300=1h 09m 52s
[LG:T2T-ViT-14][079/300] loss=23.7036 ce=1.7538 guidance=8.7799 beta=2.50 train_acc=59.12% test_acc=44.36% best=44.36% lr=0.00042192541 time=14.0s est_300=1h 09m 52s
[LG:T2T-ViT-14][080/300] loss=23.8731 ce=1.7099 guidance=8.8653 beta=2.50 train_acc=59.80% test_acc=44.53% best=44.53% lr=0.0004200268 time=13.7s est_300=1h 09m 51s
[LG:T2T-ViT-14][081/300] loss=23.7655 ce=1.6753 guidance=8.8361 beta=2.50 train_acc=59.75% test_acc=43.55% best=44.53% lr=0.00041810983 time=13.9s est_300=1h 09m 51s
[LG:T2T-ViT-14][082/300] loss=23.6179 ce=1.6682 guidance=8.7799 beta=2.50 train_acc=60.68% test_acc=45.75% best=45.75% lr=0.00041617469 time=14.0s est_300=1h 09m 51s
[LG:T2T-ViT-14][083/300] loss=23.4870 ce=1.6761 guidance=8.7243 beta=2.50 train_acc=59.80% test_acc=44.32% best=45.75% lr=0.0004142216 time=13.8s est_300=1h 09m 51s
[LG:T2T-ViT-14][084/300] loss=23.3872 ce=1.6474 guidance=8.6959 beta=2.50 train_acc=61.14% test_acc=45.13% best=45.75% lr=0.00041225078 time=13.9s est_300=1h 09m 51s
[LG:T2T-ViT-14][085/300] loss=23.3610 ce=1.6589 guidance=8.6808 beta=2.50 train_acc=60.65% test_acc=42.56% best=45.75% lr=0.00041026244 time=14.1s est_300=1h 09m 51s
[LG:T2T-ViT-14][086/300] loss=23.4067 ce=1.6191 guidance=8.7150 beta=2.50 train_acc=62.53% test_acc=44.11% best=45.75% lr=0.0004082568 time=13.9s est_300=1h 09m 51s
[LG:T2T-ViT-14][087/300] loss=23.2706 ce=1.5573 guidance=8.6853 beta=2.50 train_acc=62.47% test_acc=44.03% best=45.75% lr=0.00040623408 time=14.2s est_300=1h 09m 52s
[LG:T2T-ViT-14][088/300] loss=23.3295 ce=1.5428 guidance=8.7147 beta=2.50 train_acc=63.06% test_acc=43.55% best=45.75% lr=0.0004041945 time=14.1s est_300=1h 09m 52s
[LG:T2T-ViT-14][089/300] loss=23.2442 ce=1.5301 guidance=8.6856 beta=2.50 train_acc=63.98% test_acc=43.79% best=45.75% lr=0.00040213828 time=14.8s est_300=1h 09m 55s
[LG:T2T-ViT-14][090/300] loss=23.1084 ce=1.5529 guidance=8.6222 beta=2.50 train_acc=63.50% test_acc=45.29% best=45.75% lr=0.00040006566 time=14.4s est_300=1h 09m 56s
[LG:T2T-ViT-14][091/300] loss=23.0538 ce=1.5324 guidance=8.6086 beta=2.50 train_acc=63.33% test_acc=44.94% best=45.75% lr=0.00039797685 time=14.2s est_300=1h 09m 57s
[LG:T2T-ViT-14][092/300] loss=22.9432 ce=1.4913 guidance=8.5808 beta=2.50 train_acc=64.61% test_acc=44.41% best=45.75% lr=0.00039587209 time=14.2s est_300=1h 09m 58s
[LG:T2T-ViT-14][093/300] loss=23.0419 ce=1.4708 guidance=8.6284 beta=2.50 train_acc=65.86% test_acc=44.93% best=45.75% lr=0.00039375161 time=14.3s est_300=1h 09m 59s
[LG:T2T-ViT-14][094/300] loss=22.9534 ce=1.4752 guidance=8.5913 beta=2.50 train_acc=64.96% test_acc=44.93% best=45.75% lr=0.00039161564 time=14.4s est_300=1h 10m 00s
[LG:T2T-ViT-14][095/300] loss=22.8364 ce=1.4689 guidance=8.5470 beta=2.50 train_acc=65.20% test_acc=45.25% best=45.75% lr=0.00038946441 time=14.8s est_300=1h 10m 02s
[LG:T2T-ViT-14][096/300] loss=22.8885 ce=1.4609 guidance=8.5710 beta=2.50 train_acc=65.32% test_acc=43.56% best=45.75% lr=0.00038729816 time=14.7s est_300=1h 10m 04s
[LG:T2T-ViT-14][097/300] loss=22.9542 ce=1.4262 guidance=8.6112 beta=2.50 train_acc=66.10% test_acc=43.44% best=45.75% lr=0.00038511713 time=14.6s est_300=1h 10m 06s
[LG:T2T-ViT-14][098/300] loss=22.8157 ce=1.4020 guidance=8.5655 beta=2.50 train_acc=67.39% test_acc=45.08% best=45.75% lr=0.00038292156 time=14.5s est_300=1h 10m 08s
[LG:T2T-ViT-14][099/300] loss=22.7102 ce=1.4371 guidance=8.5093 beta=2.50 train_acc=65.59% test_acc=44.80% best=45.75% lr=0.00038071168 time=14.4s est_300=1h 10m 09s
[LG:T2T-ViT-14][100/300] loss=22.7880 ce=1.4474 guidance=8.5362 beta=2.50 train_acc=65.73% test_acc=45.69% best=45.75% lr=0.00037848775 time=14.3s est_300=1h 10m 10s
[LG:T2T-ViT-14][101/300] loss=22.5989 ce=1.3886 guidance=8.4841 beta=2.50 train_acc=66.61% test_acc=44.62% best=45.75% lr=0.00037625 time=14.7s est_300=1h 10m 12s
[LG:T2T-ViT-14][102/300] loss=22.4366 ce=1.4043 guidance=8.4129 beta=2.50 train_acc=66.44% test_acc=45.63% best=45.75% lr=0.00037399868 time=13.6s est_300=1h 10m 11s
[LG:T2T-ViT-14][103/300] loss=22.4792 ce=1.4019 guidance=8.4309 beta=2.50 train_acc=67.22% test_acc=46.05% best=46.05% lr=0.00037173403 time=14.1s est_300=1h 10m 11s
[LG:T2T-ViT-14][104/300] loss=22.4683 ce=1.3425 guidance=8.4503 beta=2.50 train_acc=67.63% test_acc=45.36% best=46.05% lr=0.00036945631 time=15.0s est_300=1h 10m 14s
[LG:T2T-ViT-14][105/300] loss=22.5149 ce=1.3641 guidance=8.4603 beta=2.50 train_acc=67.20% test_acc=45.15% best=46.05% lr=0.00036716577 time=14.8s est_300=1h 10m 16s
[LG:T2T-ViT-14][106/300] loss=22.4138 ce=1.3582 guidance=8.4222 beta=2.50 train_acc=67.49% test_acc=44.20% best=46.05% lr=0.00036486265 time=14.2s est_300=1h 10m 16s
[LG:T2T-ViT-14][107/300] loss=22.2993 ce=1.3304 guidance=8.3876 beta=2.50 train_acc=67.78% test_acc=43.75% best=46.05% lr=0.00036254721 time=14.0s est_300=1h 10m 16s
[LG:T2T-ViT-14][108/300] loss=22.4224 ce=1.3459 guidance=8.4306 beta=2.50 train_acc=68.34% test_acc=43.96% best=46.05% lr=0.0003602197 time=14.5s est_300=1h 10m 17s
[LG:T2T-ViT-14][109/300] loss=22.2793 ce=1.3477 guidance=8.3726 beta=2.50 train_acc=68.55% test_acc=45.36% best=46.05% lr=0.00035788037 time=13.6s est_300=1h 10m 16s
[LG:T2T-ViT-14][110/300] loss=22.2372 ce=1.3206 guidance=8.3666 beta=2.50 train_acc=68.21% test_acc=44.29% best=46.05% lr=0.0003555295 time=14.2s est_300=1h 10m 16s
[LG:T2T-ViT-14][111/300] loss=22.3397 ce=1.3245 guidance=8.4061 beta=2.50 train_acc=68.46% test_acc=44.63% best=46.05% lr=0.00035316732 time=13.7s est_300=1h 10m 15s
[LG:T2T-ViT-14][112/300] loss=22.2713 ce=1.3316 guidance=8.3759 beta=2.50 train_acc=68.29% test_acc=41.73% best=46.05% lr=0.0003507941 time=14.3s est_300=1h 10m 16s
[LG:T2T-ViT-14][113/300] loss=21.9440 ce=1.3189 guidance=8.2500 beta=2.50 train_acc=68.70% test_acc=45.20% best=46.05% lr=0.00034841011 time=14.2s est_300=1h 10m 16s
[LG:T2T-ViT-14][114/300] loss=22.0822 ce=1.2965 guidance=8.3143 beta=2.50 train_acc=69.43% test_acc=45.39% best=46.05% lr=0.00034601559 time=14.1s est_300=1h 10m 16s
[LG:T2T-ViT-14][115/300] loss=21.9764 ce=1.2738 guidance=8.2811 beta=2.50 train_acc=70.01% test_acc=44.67% best=46.05% lr=0.00034361083 time=14.1s est_300=1h 10m 17s
[LG:T2T-ViT-14][116/300] loss=21.8887 ce=1.2611 guidance=8.2510 beta=2.50 train_acc=70.11% test_acc=44.87% best=46.05% lr=0.00034119607 time=14.7s est_300=1h 10m 18s
[LG:T2T-ViT-14][117/300] loss=21.9101 ce=1.2968 guidance=8.2453 beta=2.50 train_acc=69.38% test_acc=45.60% best=46.05% lr=0.00033877158 time=14.7s est_300=1h 10m 20s
[LG:T2T-ViT-14][118/300] loss=21.8420 ce=1.2618 guidance=8.2321 beta=2.50 train_acc=69.97% test_acc=45.25% best=46.05% lr=0.00033633764 time=14.1s est_300=1h 10m 20s
[LG:T2T-ViT-14][119/300] loss=21.7989 ce=1.1928 guidance=8.2424 beta=2.50 train_acc=71.38% test_acc=43.70% best=46.05% lr=0.0003338945 time=14.3s est_300=1h 10m 20s
[LG:T2T-ViT-14][120/300] loss=21.9270 ce=1.2366 guidance=8.2762 beta=2.50 train_acc=70.64% test_acc=46.03% best=46.05% lr=0.00033144243 time=14.3s est_300=1h 10m 21s
[LG:T2T-ViT-14][121/300] loss=21.6967 ce=1.2109 guidance=8.1943 beta=2.50 train_acc=71.20% test_acc=44.98% best=46.05% lr=0.00032898171 time=13.8s est_300=1h 10m 20s
[LG:T2T-ViT-14][122/300] loss=21.8430 ce=1.2245 guidance=8.2474 beta=2.50 train_acc=70.72% test_acc=44.36% best=46.05% lr=0.0003265126 time=13.6s est_300=1h 10m 19s
[LG:T2T-ViT-14][123/300] loss=21.6943 ce=1.1947 guidance=8.1998 beta=2.50 train_acc=72.47% test_acc=44.67% best=46.05% lr=0.00032403537 time=13.9s est_300=1h 10m 19s
[LG:T2T-ViT-14][124/300] loss=21.6861 ce=1.1888 guidance=8.1989 beta=2.50 train_acc=71.76% test_acc=45.25% best=46.05% lr=0.0003215503 time=14.6s est_300=1h 10m 20s
[LG:T2T-ViT-14][125/300] loss=21.5721 ce=1.1949 guidance=8.1509 beta=2.50 train_acc=71.60% test_acc=44.67% best=46.05% lr=0.00031905766 time=14.7s est_300=1h 10m 21s
[LG:T2T-ViT-14][126/300] loss=21.6363 ce=1.1526 guidance=8.1935 beta=2.50 train_acc=72.21% test_acc=43.79% best=46.05% lr=0.00031655771 time=14.7s est_300=1h 10m 23s
[LG:T2T-ViT-14][127/300] loss=21.5944 ce=1.1400 guidance=8.1817 beta=2.50 train_acc=72.61% test_acc=45.56% best=46.05% lr=0.00031405075 time=14.8s est_300=1h 10m 25s
[LG:T2T-ViT-14][128/300] loss=21.5016 ce=1.1227 guidance=8.1516 beta=2.50 train_acc=73.37% test_acc=44.89% best=46.05% lr=0.00031153703 time=14.3s est_300=1h 10m 25s
[LG:T2T-ViT-14][129/300] loss=21.6500 ce=1.1231 guidance=8.2108 beta=2.50 train_acc=73.61% test_acc=44.06% best=46.05% lr=0.00030901684 time=13.8s est_300=1h 10m 25s
[LG:T2T-ViT-14][130/300] loss=21.5025 ce=1.1513 guidance=8.1405 beta=2.50 train_acc=72.49% test_acc=45.13% best=46.05% lr=0.00030649045 time=14.5s est_300=1h 10m 26s
[LG:T2T-ViT-14][131/300] loss=21.5933 ce=1.1265 guidance=8.1867 beta=2.50 train_acc=73.10% test_acc=44.11% best=46.05% lr=0.00030395814 time=14.3s est_300=1h 10m 26s
[LG:T2T-ViT-14][132/300] loss=21.4605 ce=1.1286 guidance=8.1328 beta=2.50 train_acc=72.93% test_acc=43.89% best=46.05% lr=0.00030142019 time=14.2s est_300=1h 10m 26s
[LG:T2T-ViT-14][133/300] loss=21.3447 ce=1.1225 guidance=8.0889 beta=2.50 train_acc=72.93% test_acc=44.79% best=46.05% lr=0.00029887688 time=14.1s est_300=1h 10m 26s
[LG:T2T-ViT-14][134/300] loss=21.3243 ce=1.0994 guidance=8.0899 beta=2.50 train_acc=73.52% test_acc=44.60% best=46.05% lr=0.00029632847 time=14.2s est_300=1h 10m 27s
[LG:T2T-ViT-14][135/300] loss=21.4096 ce=1.0941 guidance=8.1262 beta=2.50 train_acc=73.93% test_acc=43.30% best=46.05% lr=0.00029377526 time=14.5s est_300=1h 10m 28s
[LG:T2T-ViT-14][136/300] loss=21.3260 ce=1.1022 guidance=8.0895 beta=2.50 train_acc=73.96% test_acc=45.20% best=46.05% lr=0.00029121753 time=14.2s est_300=1h 10m 28s
[LG:T2T-ViT-14][137/300] loss=21.2532 ce=1.1438 guidance=8.0437 beta=2.50 train_acc=73.13% test_acc=43.39% best=46.05% lr=0.00028865555 time=14.0s est_300=1h 10m 28s
[LG:T2T-ViT-14][138/300] loss=21.1795 ce=1.0916 guidance=8.0352 beta=2.50 train_acc=73.79% test_acc=43.70% best=46.05% lr=0.0002860896 time=14.2s est_300=1h 10m 28s
[LG:T2T-ViT-14][139/300] loss=21.1479 ce=1.0441 guidance=8.0415 beta=2.50 train_acc=75.08% test_acc=45.05% best=46.05% lr=0.00028351998 time=14.4s est_300=1h 10m 29s
[LG:T2T-ViT-14][140/300] loss=21.1725 ce=1.0956 guidance=8.0308 beta=2.50 train_acc=73.23% test_acc=43.42% best=46.05% lr=0.00028094694 time=14.7s est_300=1h 10m 30s
[LG:T2T-ViT-14][141/300] loss=21.1921 ce=1.0570 guidance=8.0540 beta=2.50 train_acc=74.54% test_acc=44.13% best=46.05% lr=0.00027837079 time=14.4s est_300=1h 10m 31s
[LG:T2T-ViT-14][142/300] loss=21.1449 ce=1.0629 guidance=8.0328 beta=2.50 train_acc=74.69% test_acc=44.13% best=46.05% lr=0.00027579181 time=14.5s est_300=1h 10m 32s
[LG:T2T-ViT-14][143/300] loss=21.0127 ce=0.9959 guidance=8.0067 beta=2.50 train_acc=75.97% test_acc=44.89% best=46.05% lr=0.00027321027 time=14.1s est_300=1h 10m 32s
[LG:T2T-ViT-14][144/300] loss=21.0664 ce=1.0478 guidance=8.0074 beta=2.50 train_acc=75.12% test_acc=42.91% best=46.05% lr=0.00027062645 time=14.1s est_300=1h 10m 32s
[LG:T2T-ViT-14][145/300] loss=21.1542 ce=1.0520 guidance=8.0409 beta=2.50 train_acc=75.44% test_acc=43.63% best=46.05% lr=0.00026804065 time=14.5s est_300=1h 10m 32s
[LG:T2T-ViT-14][146/300] loss=20.9040 ce=1.0299 guidance=7.9496 beta=2.50 train_acc=75.53% test_acc=43.68% best=46.05% lr=0.00026545315 time=14.0s est_300=1h 10m 32s
[LG:T2T-ViT-14][147/300] loss=21.1069 ce=1.0189 guidance=8.0352 beta=2.50 train_acc=75.48% test_acc=43.68% best=46.05% lr=0.00026286422 time=14.3s est_300=1h 10m 33s
[LG:T2T-ViT-14][148/300] loss=20.8793 ce=1.0113 guidance=7.9472 beta=2.50 train_acc=75.07% test_acc=44.32% best=46.05% lr=0.00026027416 time=14.6s est_300=1h 10m 34s
[LG:T2T-ViT-14][149/300] loss=20.8801 ce=0.9841 guidance=7.9584 beta=2.50 train_acc=76.48% test_acc=42.70% best=46.05% lr=0.00025768325 time=14.2s est_300=1h 10m 34s
[LG:T2T-ViT-14][150/300] loss=20.9220 ce=0.9865 guidance=7.9742 beta=2.50 train_acc=76.55% test_acc=43.32% best=46.05% lr=0.00025509177 time=14.2s est_300=1h 10m 34s
[LG:T2T-ViT-14][151/300] loss=20.7485 ce=0.9669 guidance=7.9126 beta=2.50 train_acc=76.77% test_acc=43.22% best=46.05% lr=0.0002525 time=13.9s est_300=1h 10m 34s
[LG:T2T-ViT-14][152/300] loss=20.8951 ce=0.9699 guidance=7.9701 beta=2.50 train_acc=76.82% test_acc=43.29% best=46.05% lr=0.00024990823 time=14.2s est_300=1h 10m 34s
[LG:T2T-ViT-14][153/300] loss=20.7065 ce=1.0244 guidance=7.8728 beta=2.50 train_acc=75.31% test_acc=43.56% best=46.05% lr=0.00024731675 time=14.1s est_300=1h 10m 34s
[LG:T2T-ViT-14][154/300] loss=20.7293 ce=0.9479 guidance=7.9125 beta=2.50 train_acc=77.12% test_acc=44.36% best=46.05% lr=0.00024472584 time=13.9s est_300=1h 10m 34s
[LG:T2T-ViT-14][155/300] loss=21.0361 ce=0.9807 guidance=8.0222 beta=2.50 train_acc=76.70% test_acc=44.51% best=46.05% lr=0.00024213578 time=14.0s est_300=1h 10m 33s
[LG:T2T-ViT-14][156/300] loss=20.7277 ce=0.9693 guidance=7.9034 beta=2.50 train_acc=76.82% test_acc=43.41% best=46.05% lr=0.00023954685 time=14.5s est_300=1h 10m 34s
[LG:T2T-ViT-14][157/300] loss=20.6682 ce=0.9616 guidance=7.8826 beta=2.50 train_acc=77.14% test_acc=44.34% best=46.05% lr=0.00023695935 time=14.1s est_300=1h 10m 34s
[LG:T2T-ViT-14][158/300] loss=20.8341 ce=0.9778 guidance=7.9425 beta=2.50 train_acc=76.77% test_acc=43.87% best=46.05% lr=0.00023437355 time=13.9s est_300=1h 10m 34s
[LG:T2T-ViT-14][159/300] loss=20.8041 ce=0.9493 guidance=7.9419 beta=2.50 train_acc=77.17% test_acc=44.37% best=46.05% lr=0.00023178973 time=14.2s est_300=1h 10m 34s
[LG:T2T-ViT-14][160/300] loss=20.7738 ce=0.9738 guidance=7.9200 beta=2.50 train_acc=77.33% test_acc=44.10% best=46.05% lr=0.00022920819 time=14.7s est_300=1h 10m 35s
[LG:T2T-ViT-14][161/300] loss=20.6642 ce=0.9171 guidance=7.8988 beta=2.50 train_acc=77.89% test_acc=43.72% best=46.05% lr=0.00022662921 time=14.0s est_300=1h 10m 35s
[LG:T2T-ViT-14][162/300] loss=20.5885 ce=0.9312 guidance=7.8629 beta=2.50 train_acc=77.73% test_acc=43.37% best=46.05% lr=0.00022405306 time=14.7s est_300=1h 10m 36s
[LG:T2T-ViT-14][163/300] loss=20.6324 ce=0.9377 guidance=7.8779 beta=2.50 train_acc=77.67% test_acc=44.55% best=46.05% lr=0.00022148002 time=14.2s est_300=1h 10m 36s
[LG:T2T-ViT-14][164/300] loss=20.6616 ce=0.8972 guidance=7.9058 beta=2.50 train_acc=78.69% test_acc=44.39% best=46.05% lr=0.0002189104 time=14.5s est_300=1h 10m 37s
[LG:T2T-ViT-14][165/300] loss=20.6461 ce=0.9389 guidance=7.8829 beta=2.50 train_acc=77.51% test_acc=44.22% best=46.05% lr=0.00021634445 time=13.9s est_300=1h 10m 36s
[LG:T2T-ViT-14][166/300] loss=20.5007 ce=0.9060 guidance=7.8379 beta=2.50 train_acc=77.65% test_acc=43.17% best=46.05% lr=0.00021378247 time=13.9s est_300=1h 10m 36s
[LG:T2T-ViT-14][167/300] loss=20.4782 ce=0.9262 guidance=7.8208 beta=2.50 train_acc=78.01% test_acc=44.70% best=46.05% lr=0.00021122474 time=13.9s est_300=1h 10m 35s
[LG:T2T-ViT-14][168/300] loss=20.3283 ce=0.9247 guidance=7.7614 beta=2.50 train_acc=77.97% test_acc=44.13% best=46.05% lr=0.00020867153 time=14.6s est_300=1h 10m 36s
[LG:T2T-ViT-14][169/300] loss=20.5465 ce=0.8805 guidance=7.8664 beta=2.50 train_acc=78.72% test_acc=43.34% best=46.05% lr=0.00020612312 time=13.2s est_300=1h 10m 35s
[LG:T2T-ViT-14][170/300] loss=20.4754 ce=0.9370 guidance=7.8154 beta=2.50 train_acc=77.53% test_acc=43.39% best=46.05% lr=0.00020357981 time=14.7s est_300=1h 10m 36s
[LG:T2T-ViT-14][171/300] loss=20.4532 ce=0.9247 guidance=7.8114 beta=2.50 train_acc=78.38% test_acc=43.15% best=46.05% lr=0.00020104186 time=14.6s est_300=1h 10m 37s
[LG:T2T-ViT-14][172/300] loss=20.2945 ce=0.8826 guidance=7.7648 beta=2.50 train_acc=78.82% test_acc=43.80% best=46.05% lr=0.00019850955 time=14.3s est_300=1h 10m 37s
[LG:T2T-ViT-14][173/300] loss=20.3399 ce=0.8775 guidance=7.7849 beta=2.50 train_acc=78.79% test_acc=44.41% best=46.05% lr=0.00019598316 time=14.1s est_300=1h 10m 37s
[LG:T2T-ViT-14][174/300] loss=20.3505 ce=0.9114 guidance=7.7756 beta=2.50 train_acc=77.73% test_acc=43.72% best=46.05% lr=0.00019346297 time=14.6s est_300=1h 10m 38s
[LG:T2T-ViT-14][175/300] loss=20.4307 ce=0.8335 guidance=7.8389 beta=2.50 train_acc=80.08% test_acc=43.86% best=46.05% lr=0.00019094925 time=14.2s est_300=1h 10m 38s
[LG:T2T-ViT-14][176/300] loss=20.3202 ce=0.8865 guidance=7.7735 beta=2.50 train_acc=79.23% test_acc=44.96% best=46.05% lr=0.00018844229 time=14.9s est_300=1h 10m 39s
[LG:T2T-ViT-14][177/300] loss=20.2043 ce=0.8539 guidance=7.7402 beta=2.50 train_acc=79.74% test_acc=43.60% best=46.05% lr=0.00018594234 time=13.8s est_300=1h 10m 38s
[LG:T2T-ViT-14][178/300] loss=20.1576 ce=0.8464 guidance=7.7245 beta=2.50 train_acc=80.43% test_acc=43.92% best=46.05% lr=0.0001834497 time=14.9s est_300=1h 10m 40s
[LG:T2T-ViT-14][179/300] loss=20.1767 ce=0.8334 guidance=7.7373 beta=2.50 train_acc=79.60% test_acc=44.58% best=46.05% lr=0.00018096463 time=14.1s est_300=1h 10m 40s
[LG:T2T-ViT-14][180/300] loss=20.1583 ce=0.8315 guidance=7.7307 beta=2.50 train_acc=80.40% test_acc=44.93% best=46.05% lr=0.0001784874 time=14.0s est_300=1h 10m 39s
[LG:T2T-ViT-14][181/300] loss=20.2513 ce=0.8616 guidance=7.7559 beta=2.50 train_acc=79.53% test_acc=43.41% best=46.05% lr=0.00017601829 time=14.0s est_300=1h 10m 39s
[LG:T2T-ViT-14][182/300] loss=20.2065 ce=0.8279 guidance=7.7515 beta=2.50 train_acc=80.04% test_acc=44.18% best=46.05% lr=0.00017355757 time=14.9s est_300=1h 10m 40s
[LG:T2T-ViT-14][183/300] loss=20.0517 ce=0.8167 guidance=7.6940 beta=2.50 train_acc=80.04% test_acc=43.55% best=46.05% lr=0.0001711055 time=13.9s est_300=1h 10m 40s
[LG:T2T-ViT-14][184/300] loss=20.1870 ce=0.8315 guidance=7.7422 beta=2.50 train_acc=80.32% test_acc=43.73% best=46.05% lr=0.00016866236 time=13.8s est_300=1h 10m 39s
[LG:T2T-ViT-14][185/300] loss=20.1193 ce=0.8211 guidance=7.7193 beta=2.50 train_acc=80.30% test_acc=43.30% best=46.05% lr=0.00016622842 time=13.5s est_300=1h 10m 38s
[LG:T2T-ViT-14][186/300] loss=20.1295 ce=0.8420 guidance=7.7150 beta=2.50 train_acc=79.62% test_acc=45.10% best=46.05% lr=0.00016380393 time=14.6s est_300=1h 10m 39s
[LG:T2T-ViT-14][187/300] loss=20.0185 ce=0.7852 guidance=7.6933 beta=2.50 train_acc=81.25% test_acc=44.65% best=46.05% lr=0.00016138917 time=14.6s est_300=1h 10m 40s
[LG:T2T-ViT-14][188/300] loss=20.1317 ce=0.8428 guidance=7.7156 beta=2.50 train_acc=79.99% test_acc=43.75% best=46.05% lr=0.00015898441 time=14.0s est_300=1h 10m 40s
[LG:T2T-ViT-14][189/300] loss=20.0900 ce=0.8099 guidance=7.7121 beta=2.50 train_acc=80.59% test_acc=43.39% best=46.05% lr=0.00015658989 time=14.0s est_300=1h 10m 40s
[LG:T2T-ViT-14][190/300] loss=19.9959 ce=0.8054 guidance=7.6762 beta=2.50 train_acc=80.69% test_acc=44.91% best=46.05% lr=0.0001542059 time=14.0s est_300=1h 10m 39s
[LG:T2T-ViT-14][191/300] loss=19.8367 ce=0.8003 guidance=7.6146 beta=2.50 train_acc=80.94% test_acc=43.48% best=46.05% lr=0.00015183268 time=14.8s est_300=1h 10m 40s
[LG:T2T-ViT-14][192/300] loss=19.9943 ce=0.7573 guidance=7.6948 beta=2.50 train_acc=81.39% test_acc=44.68% best=46.05% lr=0.0001494705 time=13.3s est_300=1h 10m 39s
[LG:T2T-ViT-14][193/300] loss=19.9357 ce=0.7874 guidance=7.6593 beta=2.50 train_acc=80.67% test_acc=43.79% best=46.05% lr=0.00014711963 time=14.8s est_300=1h 10m 40s
[LG:T2T-ViT-14][194/300] loss=19.8550 ce=0.7809 guidance=7.6296 beta=2.50 train_acc=81.11% test_acc=44.08% best=46.05% lr=0.0001447803 time=15.2s est_300=1h 10m 42s
[LG:T2T-ViT-14][195/300] loss=19.8703 ce=0.7932 guidance=7.6308 beta=2.50 train_acc=80.93% test_acc=43.49% best=46.05% lr=0.00014245279 time=14.9s est_300=1h 10m 43s
[LG:T2T-ViT-14][196/300] loss=20.0662 ce=0.7647 guidance=7.7206 beta=2.50 train_acc=81.96% test_acc=43.91% best=46.05% lr=0.00014013735 time=14.3s est_300=1h 10m 43s
[LG:T2T-ViT-14][197/300] loss=19.8133 ce=0.7481 guidance=7.6261 beta=2.50 train_acc=82.03% test_acc=43.39% best=46.05% lr=0.00013783423 time=13.8s est_300=1h 10m 43s
[LG:T2T-ViT-14][198/300] loss=19.8816 ce=0.7483 guidance=7.6533 beta=2.50 train_acc=82.18% test_acc=42.85% best=46.05% lr=0.00013554369 time=14.5s est_300=1h 10m 43s
[LG:T2T-ViT-14][199/300] loss=19.9806 ce=0.7616 guidance=7.6876 beta=2.50 train_acc=81.66% test_acc=43.89% best=46.05% lr=0.00013326597 time=14.6s est_300=1h 10m 44s
[LG:T2T-ViT-14][200/300] loss=19.7998 ce=0.7623 guidance=7.6150 beta=2.50 train_acc=81.54% test_acc=44.06% best=46.05% lr=0.00013100132 time=14.1s est_300=1h 10m 44s
[LG:T2T-ViT-14][201/300] loss=19.8021 ce=0.7675 guidance=7.6139 beta=2.50 train_acc=82.07% test_acc=44.32% best=46.05% lr=0.00012875 time=14.1s est_300=1h 10m 44s
[LG:T2T-ViT-14][202/300] loss=19.6755 ce=0.7710 guidance=7.5618 beta=2.50 train_acc=81.30% test_acc=42.37% best=46.05% lr=0.00012651225 time=13.6s est_300=1h 10m 43s
[LG:T2T-ViT-14][203/300] loss=19.8265 ce=0.7347 guidance=7.6368 beta=2.50 train_acc=82.40% test_acc=43.67% best=46.05% lr=0.00012428832 time=14.1s est_300=1h 10m 43s
[LG:T2T-ViT-14][204/300] loss=19.6876 ce=0.7219 guidance=7.5863 beta=2.50 train_acc=82.66% test_acc=44.72% best=46.05% lr=0.00012207844 time=14.1s est_300=1h 10m 43s
[LG:T2T-ViT-14][205/300] loss=19.7958 ce=0.7428 guidance=7.6212 beta=2.50 train_acc=82.24% test_acc=44.17% best=46.05% lr=0.00011988287 time=14.1s est_300=1h 10m 43s
[LG:T2T-ViT-14][206/300] loss=19.6926 ce=0.7182 guidance=7.5898 beta=2.50 train_acc=83.02% test_acc=43.18% best=46.05% lr=0.00011770184 time=13.8s est_300=1h 10m 42s
[LG:T2T-ViT-14][207/300] loss=19.6656 ce=0.7177 guidance=7.5791 beta=2.50 train_acc=82.93% test_acc=43.63% best=46.05% lr=0.00011553559 time=13.5s est_300=1h 10m 41s
[LG:T2T-ViT-14][208/300] loss=19.6248 ce=0.7513 guidance=7.5494 beta=2.50 train_acc=81.61% test_acc=42.75% best=46.05% lr=0.00011338436 time=13.0s est_300=1h 10m 40s
[LG:T2T-ViT-14][209/300] loss=19.7641 ce=0.7589 guidance=7.6021 beta=2.50 train_acc=81.78% test_acc=43.11% best=46.05% lr=0.00011124839 time=13.1s est_300=1h 10m 38s
[LG:T2T-ViT-14][210/300] loss=19.6964 ce=0.7101 guidance=7.5945 beta=2.50 train_acc=83.15% test_acc=43.03% best=46.05% lr=0.00010912791 time=14.0s est_300=1h 10m 38s
[LG:T2T-ViT-14][211/300] loss=19.5363 ce=0.7217 guidance=7.5258 beta=2.50 train_acc=82.59% test_acc=43.37% best=46.05% lr=0.00010702315 time=13.1s est_300=1h 10m 37s
[LG:T2T-ViT-14][212/300] loss=19.7416 ce=0.6904 guidance=7.6205 beta=2.50 train_acc=83.59% test_acc=43.27% best=46.05% lr=0.00010493434 time=13.2s est_300=1h 10m 35s
[LG:T2T-ViT-14][213/300] loss=19.6957 ce=0.7377 guidance=7.5832 beta=2.50 train_acc=82.44% test_acc=44.48% best=46.05% lr=0.00010286172 time=13.1s est_300=1h 10m 34s
[LG:T2T-ViT-14][214/300] loss=19.5511 ce=0.7208 guidance=7.5321 beta=2.50 train_acc=82.95% test_acc=44.25% best=46.05% lr=0.0001008055 time=13.9s est_300=1h 10m 34s
[LG:T2T-ViT-14][215/300] loss=19.5627 ce=0.7152 guidance=7.5390 beta=2.50 train_acc=82.88% test_acc=43.42% best=46.05% lr=9.8765924e-05 time=14.5s est_300=1h 10m 34s
[LG:T2T-ViT-14][216/300] loss=19.4887 ce=0.7141 guidance=7.5098 beta=2.50 train_acc=83.17% test_acc=43.41% best=46.05% lr=9.6743203e-05 time=14.0s est_300=1h 10m 34s
[LG:T2T-ViT-14][217/300] loss=19.5794 ce=0.6858 guidance=7.5574 beta=2.50 train_acc=83.39% test_acc=43.15% best=46.05% lr=9.4737563e-05 time=13.4s est_300=1h 10m 33s
[LG:T2T-ViT-14][218/300] loss=19.6090 ce=0.7010 guidance=7.5632 beta=2.50 train_acc=83.41% test_acc=44.87% best=46.05% lr=9.2749222e-05 time=14.5s est_300=1h 10m 33s
[LG:T2T-ViT-14][219/300] loss=19.4509 ce=0.6953 guidance=7.5023 beta=2.50 train_acc=83.29% test_acc=43.73% best=46.05% lr=9.0778401e-05 time=14.1s est_300=1h 10m 33s
[LG:T2T-ViT-14][220/300] loss=19.3773 ce=0.6838 guidance=7.4774 beta=2.50 train_acc=83.41% test_acc=43.46% best=46.05% lr=8.8825313e-05 time=13.9s est_300=1h 10m 33s
[LG:T2T-ViT-14][221/300] loss=19.5119 ce=0.6611 guidance=7.5403 beta=2.50 train_acc=83.71% test_acc=43.51% best=46.05% lr=8.6890175e-05 time=13.2s est_300=1h 10m 32s
[LG:T2T-ViT-14][222/300] loss=19.5261 ce=0.6601 guidance=7.5464 beta=2.50 train_acc=83.81% test_acc=45.12% best=46.05% lr=8.4973198e-05 time=13.1s est_300=1h 10m 30s
[LG:T2T-ViT-14][223/300] loss=19.4663 ce=0.6767 guidance=7.5158 beta=2.50 train_acc=83.98% test_acc=43.68% best=46.05% lr=8.3074591e-05 time=13.5s est_300=1h 10m 30s
[LG:T2T-ViT-14][224/300] loss=19.3872 ce=0.6625 guidance=7.4899 beta=2.50 train_acc=84.24% test_acc=43.75% best=46.05% lr=8.1194564e-05 time=13.8s est_300=1h 10m 29s
[LG:T2T-ViT-14][225/300] loss=19.4792 ce=0.6732 guidance=7.5224 beta=2.50 train_acc=83.85% test_acc=43.13% best=46.05% lr=7.9333323e-05 time=14.0s est_300=1h 10m 29s
[LG:T2T-ViT-14][226/300] loss=19.3577 ce=0.6617 guidance=7.4784 beta=2.50 train_acc=84.31% test_acc=43.65% best=46.05% lr=7.7491072e-05 time=13.9s est_300=1h 10m 29s
[LG:T2T-ViT-14][227/300] loss=19.4443 ce=0.6591 guidance=7.5141 beta=2.50 train_acc=84.07% test_acc=43.98% best=46.05% lr=7.5668012e-05 time=13.9s est_300=1h 10m 29s
[LG:T2T-ViT-14][228/300] loss=19.3000 ce=0.6649 guidance=7.4540 beta=2.50 train_acc=84.07% test_acc=43.91% best=46.05% lr=7.3864344e-05 time=13.1s est_300=1h 10m 27s
[LG:T2T-ViT-14][229/300] loss=19.4591 ce=0.6763 guidance=7.5131 beta=2.50 train_acc=83.71% test_acc=42.85% best=46.05% lr=7.2080265e-05 time=14.4s est_300=1h 10m 28s
[LG:T2T-ViT-14][230/300] loss=19.2823 ce=0.6767 guidance=7.4422 beta=2.50 train_acc=83.78% test_acc=43.55% best=46.05% lr=7.0315971e-05 time=14.5s est_300=1h 10m 28s
[LG:T2T-ViT-14][231/300] loss=19.2823 ce=0.6775 guidance=7.4419 beta=2.50 train_acc=83.98% test_acc=43.51% best=46.05% lr=6.8571656e-05 time=14.6s est_300=1h 10m 29s
[LG:T2T-ViT-14][232/300] loss=19.4188 ce=0.6767 guidance=7.4969 beta=2.50 train_acc=83.95% test_acc=43.94% best=46.05% lr=6.684751e-05 time=14.0s est_300=1h 10m 29s
[LG:T2T-ViT-14][233/300] loss=19.2784 ce=0.6740 guidance=7.4418 beta=2.50 train_acc=83.90% test_acc=43.13% best=46.05% lr=6.5143724e-05 time=13.7s est_300=1h 10m 28s
[LG:T2T-ViT-14][234/300] loss=19.3566 ce=0.6672 guidance=7.4757 beta=2.50 train_acc=84.38% test_acc=43.18% best=46.05% lr=6.3460483e-05 time=13.9s est_300=1h 10m 28s
[LG:T2T-ViT-14][235/300] loss=19.3063 ce=0.6727 guidance=7.4535 beta=2.50 train_acc=84.17% test_acc=43.55% best=46.05% lr=6.1797972e-05 time=13.1s est_300=1h 10m 27s
[LG:T2T-ViT-14][236/300] loss=19.2693 ce=0.6338 guidance=7.4542 beta=2.50 train_acc=85.28% test_acc=43.44% best=46.05% lr=6.0156375e-05 time=14.0s est_300=1h 10m 27s
[LG:T2T-ViT-14][237/300] loss=19.1486 ce=0.6307 guidance=7.4071 beta=2.50 train_acc=84.77% test_acc=44.06% best=46.05% lr=5.8535869e-05 time=14.1s est_300=1h 10m 27s
[LG:T2T-ViT-14][238/300] loss=19.2926 ce=0.6386 guidance=7.4616 beta=2.50 train_acc=84.70% test_acc=43.39% best=46.05% lr=5.6936634e-05 time=14.1s est_300=1h 10m 27s
[LG:T2T-ViT-14][239/300] loss=19.2063 ce=0.6729 guidance=7.4134 beta=2.50 train_acc=84.00% test_acc=43.41% best=46.05% lr=5.5358845e-05 time=13.7s est_300=1h 10m 26s
[LG:T2T-ViT-14][240/300] loss=19.2362 ce=0.6302 guidance=7.4424 beta=2.50 train_acc=85.09% test_acc=42.70% best=46.05% lr=5.3802675e-05 time=14.1s est_300=1h 10m 26s
[LG:T2T-ViT-14][241/300] loss=19.1569 ce=0.6283 guidance=7.4114 beta=2.50 train_acc=84.80% test_acc=43.30% best=46.05% lr=5.2268294e-05 time=14.1s est_300=1h 10m 26s
[LG:T2T-ViT-14][242/300] loss=19.2294 ce=0.6175 guidance=7.4448 beta=2.50 train_acc=85.09% test_acc=42.54% best=46.05% lr=5.0755871e-05 time=13.7s est_300=1h 10m 26s
[LG:T2T-ViT-14][243/300] loss=19.2205 ce=0.6303 guidance=7.4361 beta=2.50 train_acc=85.07% test_acc=43.32% best=46.05% lr=4.9265571e-05 time=13.0s est_300=1h 10m 24s
[LG:T2T-ViT-14][244/300] loss=19.1913 ce=0.6283 guidance=7.4252 beta=2.50 train_acc=85.12% test_acc=43.49% best=46.05% lr=4.7797558e-05 time=14.0s est_300=1h 10m 24s
[LG:T2T-ViT-14][245/300] loss=19.2870 ce=0.6232 guidance=7.4655 beta=2.50 train_acc=84.77% test_acc=43.72% best=46.05% lr=4.6351993e-05 time=14.1s est_300=1h 10m 24s
[LG:T2T-ViT-14][246/300] loss=19.0363 ce=0.6033 guidance=7.3732 beta=2.50 train_acc=85.97% test_acc=43.65% best=46.05% lr=4.4929034e-05 time=14.2s est_300=1h 10m 24s
[LG:T2T-ViT-14][247/300] loss=19.1148 ce=0.5926 guidance=7.4089 beta=2.50 train_acc=86.02% test_acc=43.08% best=46.05% lr=4.3528838e-05 time=14.0s est_300=1h 10m 24s
[LG:T2T-ViT-14][248/300] loss=19.0660 ce=0.6130 guidance=7.3812 beta=2.50 train_acc=85.58% test_acc=43.48% best=46.05% lr=4.2151558e-05 time=13.6s est_300=1h 10m 24s
[LG:T2T-ViT-14][249/300] loss=19.1216 ce=0.6016 guidance=7.4080 beta=2.50 train_acc=85.39% test_acc=43.06% best=46.05% lr=4.0797346e-05 time=13.2s est_300=1h 10m 23s
[LG:T2T-ViT-14][250/300] loss=19.1034 ce=0.6201 guidance=7.3933 beta=2.50 train_acc=85.22% test_acc=43.41% best=46.05% lr=3.9466348e-05 time=13.1s est_300=1h 10m 22s
[LG:T2T-ViT-14][251/300] loss=19.0559 ce=0.6225 guidance=7.3733 beta=2.50 train_acc=85.43% test_acc=43.72% best=46.05% lr=3.8158713e-05 time=14.0s est_300=1h 10m 22s
[LG:T2T-ViT-14][252/300] loss=19.1488 ce=0.6174 guidance=7.4126 beta=2.50 train_acc=85.61% test_acc=43.56% best=46.05% lr=3.6874582e-05 time=14.0s est_300=1h 10m 22s
[LG:T2T-ViT-14][253/300] loss=18.9328 ce=0.5974 guidance=7.3341 beta=2.50 train_acc=85.75% test_acc=43.53% best=46.05% lr=3.5614097e-05 time=14.1s est_300=1h 10m 22s
[LG:T2T-ViT-14][254/300] loss=19.2533 ce=0.6297 guidance=7.4494 beta=2.50 train_acc=85.17% test_acc=44.06% best=46.05% lr=3.4377396e-05 time=13.7s est_300=1h 10m 21s
[LG:T2T-ViT-14][255/300] loss=19.0900 ce=0.5931 guidance=7.3988 beta=2.50 train_acc=85.58% test_acc=43.22% best=46.05% lr=3.3164614e-05 time=13.1s est_300=1h 10m 20s
[LG:T2T-ViT-14][256/300] loss=19.0297 ce=0.5764 guidance=7.3813 beta=2.50 train_acc=85.84% test_acc=42.87% best=46.05% lr=3.1975885e-05 time=13.7s est_300=1h 10m 20s
[LG:T2T-ViT-14][257/300] loss=19.0550 ce=0.5937 guidance=7.3845 beta=2.50 train_acc=86.01% test_acc=43.36% best=46.05% lr=3.0811339e-05 time=14.1s est_300=1h 10m 20s
[LG:T2T-ViT-14][258/300] loss=18.9942 ce=0.5985 guidance=7.3583 beta=2.50 train_acc=85.92% test_acc=43.41% best=46.05% lr=2.9671104e-05 time=13.5s est_300=1h 10m 19s
[LG:T2T-ViT-14][259/300] loss=19.0638 ce=0.5613 guidance=7.4010 beta=2.50 train_acc=86.35% test_acc=43.61% best=46.05% lr=2.8555305e-05 time=14.6s est_300=1h 10m 20s
[LG:T2T-ViT-14][260/300] loss=19.0352 ce=0.5976 guidance=7.3751 beta=2.50 train_acc=86.28% test_acc=43.18% best=46.05% lr=2.7464063e-05 time=14.5s est_300=1h 10m 20s
[LG:T2T-ViT-14][261/300] loss=19.0199 ce=0.5761 guidance=7.3775 beta=2.50 train_acc=85.73% test_acc=42.79% best=46.05% lr=2.6397499e-05 time=14.5s est_300=1h 10m 21s
[LG:T2T-ViT-14][262/300] loss=19.0433 ce=0.5939 guidance=7.3798 beta=2.50 train_acc=85.80% test_acc=42.85% best=46.05% lr=2.535573e-05 time=13.1s est_300=1h 10m 20s
[LG:T2T-ViT-14][263/300] loss=19.0559 ce=0.5846 guidance=7.3885 beta=2.50 train_acc=86.01% test_acc=43.32% best=46.05% lr=2.433887e-05 time=13.2s est_300=1h 10m 19s
[LG:T2T-ViT-14][264/300] loss=19.0479 ce=0.5887 guidance=7.3836 beta=2.50 train_acc=85.90% test_acc=42.96% best=46.05% lr=2.334703e-05 time=13.1s est_300=1h 10m 17s
[LG:T2T-ViT-14][265/300] loss=19.1358 ce=0.5644 guidance=7.4286 beta=2.50 train_acc=86.77% test_acc=43.48% best=46.05% lr=2.238032e-05 time=13.3s est_300=1h 10m 17s
[LG:T2T-ViT-14][266/300] loss=18.9667 ce=0.5954 guidance=7.3485 beta=2.50 train_acc=85.72% test_acc=43.15% best=46.05% lr=2.1438844e-05 time=13.9s est_300=1h 10m 16s
[LG:T2T-ViT-14][267/300] loss=18.9101 ce=0.5953 guidance=7.3260 beta=2.50 train_acc=85.78% test_acc=43.44% best=46.05% lr=2.0522708e-05 time=14.5s est_300=1h 10m 17s
[LG:T2T-ViT-14][268/300] loss=18.8272 ce=0.5647 guidance=7.3050 beta=2.50 train_acc=86.67% test_acc=43.49% best=46.05% lr=1.963201e-05 time=14.6s est_300=1h 10m 17s
[LG:T2T-ViT-14][269/300] loss=18.9430 ce=0.5796 guidance=7.3453 beta=2.50 train_acc=86.50% test_acc=42.98% best=46.05% lr=1.8766848e-05 time=13.6s est_300=1h 10m 17s
[LG:T2T-ViT-14][270/300] loss=19.0058 ce=0.5842 guidance=7.3686 beta=2.50 train_acc=85.61% test_acc=42.94% best=46.05% lr=1.7927319e-05 time=14.0s est_300=1h 10m 17s
[LG:T2T-ViT-14][271/300] loss=18.9641 ce=0.5703 guidance=7.3575 beta=2.50 train_acc=86.53% test_acc=43.15% best=46.05% lr=1.7113512e-05 time=13.1s est_300=1h 10m 16s
[LG:T2T-ViT-14][272/300] loss=18.9341 ce=0.5853 guidance=7.3395 beta=2.50 train_acc=86.01% test_acc=43.25% best=46.05% lr=1.6325519e-05 time=14.0s est_300=1h 10m 16s
[LG:T2T-ViT-14][273/300] loss=18.9994 ce=0.6123 guidance=7.3549 beta=2.50 train_acc=85.89% test_acc=42.68% best=46.05% lr=1.5563424e-05 time=14.6s est_300=1h 10m 16s
[LG:T2T-ViT-14][274/300] loss=19.0145 ce=0.5771 guidance=7.3749 beta=2.50 train_acc=86.50% test_acc=43.01% best=46.05% lr=1.4827313e-05 time=14.2s est_300=1h 10m 16s
[LG:T2T-ViT-14][275/300] loss=18.8653 ce=0.6008 guidance=7.3058 beta=2.50 train_acc=85.63% test_acc=43.25% best=46.05% lr=1.4117265e-05 time=14.6s est_300=1h 10m 17s
[LG:T2T-ViT-14][276/300] loss=18.8631 ce=0.5967 guidance=7.3065 beta=2.50 train_acc=85.73% test_acc=43.41% best=46.05% lr=1.3433358e-05 time=14.5s est_300=1h 10m 18s
[LG:T2T-ViT-14][277/300] loss=18.8804 ce=0.5637 guidance=7.3267 beta=2.50 train_acc=86.29% test_acc=43.34% best=46.05% lr=1.2775668e-05 time=14.5s est_300=1h 10m 18s
[LG:T2T-ViT-14][278/300] loss=19.0383 ce=0.5631 guidance=7.3901 beta=2.50 train_acc=86.99% test_acc=42.77% best=46.05% lr=1.2144266e-05 time=14.3s est_300=1h 10m 18s
[LG:T2T-ViT-14][279/300] loss=18.9820 ce=0.5659 guidance=7.3664 beta=2.50 train_acc=86.65% test_acc=43.39% best=46.05% lr=1.1539222e-05 time=14.2s est_300=1h 10m 18s
[LG:T2T-ViT-14][280/300] loss=18.8983 ce=0.5933 guidance=7.3220 beta=2.50 train_acc=86.28% test_acc=43.56% best=46.05% lr=1.0960601e-05 time=14.2s est_300=1h 10m 19s
[LG:T2T-ViT-14][281/300] loss=19.0102 ce=0.5881 guidance=7.3688 beta=2.50 train_acc=86.23% test_acc=43.30% best=46.05% lr=1.0408469e-05 time=14.3s est_300=1h 10m 19s
[LG:T2T-ViT-14][282/300] loss=18.8438 ce=0.5989 guidance=7.2980 beta=2.50 train_acc=85.99% test_acc=43.60% best=46.05% lr=9.8828843e-06 time=14.1s est_300=1h 10m 19s
[LG:T2T-ViT-14][283/300] loss=18.9922 ce=0.5861 guidance=7.3624 beta=2.50 train_acc=86.14% test_acc=43.13% best=46.05% lr=9.3839054e-06 time=13.9s est_300=1h 10m 19s
[LG:T2T-ViT-14][284/300] loss=18.9000 ce=0.5947 guidance=7.3221 beta=2.50 train_acc=85.84% test_acc=43.18% best=46.05% lr=8.911587e-06 time=14.1s est_300=1h 10m 19s
[LG:T2T-ViT-14][285/300] loss=18.9689 ce=0.5735 guidance=7.3582 beta=2.50 train_acc=86.51% test_acc=43.32% best=46.05% lr=8.4659808e-06 time=14.1s est_300=1h 10m 19s
[LG:T2T-ViT-14][286/300] loss=18.8957 ce=0.5739 guidance=7.3287 beta=2.50 train_acc=85.87% test_acc=43.27% best=46.05% lr=8.0471357e-06 time=14.6s est_300=1h 10m 19s
[LG:T2T-ViT-14][287/300] loss=18.9157 ce=0.5705 guidance=7.3381 beta=2.50 train_acc=86.60% test_acc=43.34% best=46.05% lr=7.6550976e-06 time=14.5s est_300=1h 10m 20s
[LG:T2T-ViT-14][288/300] loss=18.9387 ce=0.5803 guidance=7.3434 beta=2.50 train_acc=86.36% test_acc=43.25% best=46.05% lr=7.2899095e-06 time=14.6s est_300=1h 10m 20s
[LG:T2T-ViT-14][289/300] loss=18.9782 ce=0.5805 guidance=7.3591 beta=2.50 train_acc=86.02% test_acc=43.51% best=46.05% lr=6.9516114e-06 time=14.3s est_300=1h 10m 21s
[LG:T2T-ViT-14][290/300] loss=18.8883 ce=0.5788 guidance=7.3238 beta=2.50 train_acc=86.01% test_acc=43.49% best=46.05% lr=6.6402405e-06 time=14.2s est_300=1h 10m 21s
[LG:T2T-ViT-14][291/300] loss=18.8991 ce=0.5843 guidance=7.3259 beta=2.50 train_acc=86.68% test_acc=43.44% best=46.05% lr=6.3558309e-06 time=13.9s est_300=1h 10m 21s
[LG:T2T-ViT-14][292/300] loss=18.8375 ce=0.5629 guidance=7.3099 beta=2.50 train_acc=86.89% test_acc=43.39% best=46.05% lr=6.0984138e-06 time=14.1s est_300=1h 10m 21s
[LG:T2T-ViT-14][293/300] loss=18.9391 ce=0.5440 guidance=7.3580 beta=2.50 train_acc=86.99% test_acc=43.22% best=46.05% lr=5.8680173e-06 time=13.2s est_300=1h 10m 20s
[LG:T2T-ViT-14][294/300] loss=18.8867 ce=0.5740 guidance=7.3251 beta=2.50 train_acc=86.29% test_acc=43.11% best=46.05% lr=5.6646669e-06 time=14.4s est_300=1h 10m 20s
[LG:T2T-ViT-14][295/300] loss=18.7857 ce=0.5598 guidance=7.2904 beta=2.50 train_acc=86.68% test_acc=43.42% best=46.05% lr=5.4883847e-06 time=14.1s est_300=1h 10m 20s
[LG:T2T-ViT-14][296/300] loss=18.9783 ce=0.5756 guidance=7.3611 beta=2.50 train_acc=86.23% test_acc=43.34% best=46.05% lr=5.3391901e-06 time=13.9s est_300=1h 10m 20s
[LG:T2T-ViT-14][297/300] loss=18.7897 ce=0.5662 guidance=7.2894 beta=2.50 train_acc=86.75% test_acc=43.48% best=46.05% lr=5.2170996e-06 time=13.3s est_300=1h 10m 19s
[LG:T2T-ViT-14][298/300] loss=18.9827 ce=0.5837 guidance=7.3596 beta=2.50 train_acc=85.61% test_acc=43.20% best=46.05% lr=5.1221263e-06 time=14.0s est_300=1h 10m 19s
[LG:T2T-ViT-14][299/300] loss=18.9884 ce=0.5662 guidance=7.3689 beta=2.50 train_acc=86.60% test_acc=43.01% best=46.05% lr=5.0542808e-06 time=14.1s est_300=1h 10m 19s
[LG:T2T-ViT-14][300/300] loss=18.9624 ce=0.5439 guidance=7.3674 beta=2.50 train_acc=86.77% test_acc=43.30% best=46.05% lr=5.0135706e-06 time=13.1s est_300=1h 10m 18s
[TIMING_RESULT] student=T2T-ViT-14 method=LG batch=128 avg_epoch=14.06s estimated_300=1h 10m 18s
[FINAL_RESULT] summary=/app/output/table1_cub200_t2t_vit14_all_full_seed1/students/table1_cub200_t2t_vit_14_lg_b128_full_300ep_seed1/summary.json
[DONE] Table-1 CUB student task completed successfully.
[STUDENT_IDENTITY_CHECK_TABLE1_CUB200] status=PASS student=T2T-ViT-14 method=LG batch=128 teacher=06f75192b1c108c89e480843cb4f72dfb28aa762d7b11e7ac327333dd54b51f5
[TASK_DONE] 2/5 T2T-ViT-14/LG elapsed=1h 11m 15s
------------------------------------------------------------------------------------------------
[TASK_START] 3/5 T2T-ViT-14/ALG
[COMMAND][ALG] /usr/bin/python /app/scratch/input/kau-aimslab_556/methods/table1_cub200/train.py --full-run --student t2t_vit_14 --method alg --batch-size 128 --data-dir /app/output/table1_cub200_t2t_vit14_all_full_seed1/data/cub200 --teacher-root /app/scratch/input/kau-aimslab_556/teachers/checkpoints/cub200_table1_resnet56_32 --output-dir /app/output/table1_cub200_t2t_vit14_all_full_seed1/students --run-name table1_cub200_t2t_vit_14_alg_b128_full_300ep_seed1 --num-workers 4
[BOOT] Python process started: /usr/bin/python
[BOOT] complete Table-1 runtime dependencies already available
/usr/local/lib/python3.10/dist-packages/timm/models/layers/__init__.py:49: FutureWarning: Importing from timm.models.layers is deprecated, please import via timm.layers
  warnings.warn(f"Importing from {__name__} is deprecated, please import via timm.layers", FutureWarning)
========================================================================================
CUB-200 TABLE-1 EXTENSION
========================================================================================
[TASK] student=T2T-ViT-14 method=ALG batch=128 mode=full_300ep
[MODE] actual_epochs=300 planned_epochs=300
[PROTOCOL_LOCK] dataset=CUB-200-2011 split=5994/5794 teacher=ResNet56-scratch-32 student=scratch-224 epochs=300 AdamW=5e-4->5e-6 wd=0.05 warmup=20 seed=1 fp32=True
[FIXED_TEACHER_TABLE1_CUB200] h200_build=543 root=/app/scratch/input/kau-aimslab_556/teachers/checkpoints/cub200_table1_resnet56_32 sha256=06f75192b1c108c89e480843cb4f72dfb28aa762d7b11e7ac327333dd54b51f5
[SOURCE] official_lg_repo=https://github.com/lkhl/tiny-transformers commit=d2165f74049c906b0afc9f957491960fb3c0cc8b
[MODEL] params=21,237,550 feature_dims=(384, 384, 384, 384, 384, 384, 384, 384, 384, 384, 384, 384, 384, 384) selected_lg=(0, 7, 13)
[FEATURE_CHECK] student=((2, 384, 14, 14), (2, 384, 14, 14), (2, 384, 14, 14), (2, 384, 14, 14), (2, 384, 14, 14), (2, 384, 14, 14), (2, 384, 14, 14), (2, 384, 14, 14), (2, 384, 14, 14), (2, 384, 14, 14), (2, 384, 14, 14), (2, 384, 14, 14), (2, 384, 14, 14), (2, 384, 14, 14)) teacher=((2, 16, 32, 32), (2, 32, 16, 16), (2, 64, 8, 8)) guidance_probe=12.249456
[OPTIMIZER] contract=official_lg_no_decay_exclusions
[ALG:T2T-ViT-14][001/300] loss=95.2636 ce=5.3793 guidance=35.9537 beta=2.50 train_acc=0.34% test_acc=0.24% best=0.24% lr=5e-07 time=15.4s est_300=1h 17m 02s
[ALG:T2T-ViT-14][002/300] loss=72.0187 ce=5.3591 guidance=26.6639 beta=2.50 train_acc=0.41% test_acc=0.69% best=0.69% lr=2.5475e-05 time=13.3s est_300=1h 11m 50s
[ALG:T2T-ViT-14][003/300] loss=59.4915 ce=5.3279 guidance=21.6654 beta=2.50 train_acc=0.53% test_acc=0.55% best=0.69% lr=5.045e-05 time=13.8s est_300=1h 10m 54s
[ALG:T2T-ViT-14][004/300] loss=56.2332 ce=5.3142 guidance=20.3676 beta=2.50 train_acc=0.49% test_acc=0.83% best=0.83% lr=7.5425e-05 time=13.2s est_300=1h 09m 38s
[ALG:T2T-ViT-14][005/300] loss=53.5343 ce=5.2989 guidance=19.2942 beta=2.50 train_acc=0.46% test_acc=1.31% best=1.31% lr=0.0001004 time=13.9s est_300=1h 09m 38s
[ALG:T2T-ViT-14][006/300] loss=51.8481 ce=5.2442 guidance=18.6416 beta=2.50 train_acc=0.73% test_acc=1.38% best=1.38% lr=0.000125375 time=14.0s est_300=1h 09m 41s
[ALG:T2T-ViT-14][007/300] loss=49.7165 ce=5.1699 guidance=17.8186 beta=2.50 train_acc=0.93% test_acc=1.76% best=1.76% lr=0.00015035 time=14.1s est_300=1h 09m 47s
[ALG:T2T-ViT-14][008/300] loss=47.9492 ce=5.0958 guidance=17.1414 beta=2.50 train_acc=1.41% test_acc=2.07% best=2.07% lr=0.000175325 time=14.1s est_300=1h 09m 52s
[ALG:T2T-ViT-14][009/300] loss=47.1278 ce=4.9618 guidance=16.8664 beta=2.50 train_acc=2.45% test_acc=3.88% best=3.88% lr=0.0002003 time=14.0s est_300=1h 09m 53s
[ALG:T2T-ViT-14][010/300] loss=45.5018 ce=4.8486 guidance=16.2613 beta=2.50 train_acc=4.03% test_acc=5.21% best=5.21% lr=0.000225275 time=14.0s est_300=1h 09m 55s
[ALG:T2T-ViT-14][011/300] loss=44.1918 ce=4.7150 guidance=15.7907 beta=2.50 train_acc=3.91% test_acc=6.59% best=6.59% lr=0.00025025 time=14.6s est_300=1h 10m 12s
[ALG:T2T-ViT-14][012/300] loss=43.2187 ce=4.6001 guidance=15.4475 beta=2.50 train_acc=5.55% test_acc=7.44% best=7.44% lr=0.000275225 time=14.3s est_300=1h 10m 19s
[ALG:T2T-ViT-14][013/300] loss=41.8987 ce=4.4981 guidance=14.9602 beta=2.50 train_acc=6.71% test_acc=8.87% best=8.87% lr=0.0003002 time=14.1s est_300=1h 10m 20s
[ALG:T2T-ViT-14][014/300] loss=41.1781 ce=4.3960 guidance=14.7129 beta=2.50 train_acc=7.69% test_acc=10.29% best=10.29% lr=0.000325175 time=14.6s est_300=1h 10m 32s
[ALG:T2T-ViT-14][015/300] loss=40.3126 ce=4.2997 guidance=14.4052 beta=2.50 train_acc=9.19% test_acc=12.37% best=12.37% lr=0.00035015 time=14.7s est_300=1h 10m 44s
[ALG:T2T-ViT-14][016/300] loss=39.2446 ce=4.1889 guidance=14.0223 beta=2.50 train_acc=10.05% test_acc=12.93% best=12.93% lr=0.000375125 time=14.1s est_300=1h 10m 43s
[ALG:T2T-ViT-14][017/300] loss=38.7947 ce=4.1281 guidance=13.8667 beta=2.50 train_acc=11.65% test_acc=14.34% best=14.34% lr=0.0004001 time=13.9s est_300=1h 10m 39s
[ALG:T2T-ViT-14][018/300] loss=37.3350 ce=4.0358 guidance=13.3197 beta=2.50 train_acc=12.08% test_acc=17.19% best=17.19% lr=0.000425075 time=14.1s est_300=1h 10m 38s
[ALG:T2T-ViT-14][019/300] loss=36.7614 ce=3.9588 guidance=13.1210 beta=2.50 train_acc=12.57% test_acc=17.60% best=17.60% lr=0.00045005 time=14.6s est_300=1h 10m 45s
[ALG:T2T-ViT-14][020/300] loss=36.0032 ce=3.9361 guidance=12.8269 beta=2.50 train_acc=14.08% test_acc=18.54% best=18.54% lr=0.000475025 time=14.4s est_300=1h 10m 49s
[ALG:T2T-ViT-14][021/300] loss=35.4127 ce=3.8131 guidance=12.6398 beta=2.50 train_acc=15.54% test_acc=19.28% best=19.28% lr=0.00049459153 time=14.2s est_300=1h 10m 50s
[ALG:T2T-ViT-14][022/300] loss=34.5381 ce=3.7241 guidance=12.3256 beta=2.50 train_acc=16.97% test_acc=20.97% best=20.97% lr=0.0004940394 time=14.0s est_300=1h 10m 48s
[ALG:T2T-ViT-14][023/300] loss=34.0882 ce=3.6414 guidance=12.1787 beta=2.50 train_acc=18.16% test_acc=23.20% best=23.20% lr=0.00049346078 time=14.1s est_300=1h 10m 48s
[ALG:T2T-ViT-14][024/300] loss=33.2887 ce=3.5378 guidance=11.9003 beta=2.50 train_acc=20.52% test_acc=25.27% best=25.27% lr=0.00049285573 time=13.7s est_300=1h 10m 42s
[ALG:T2T-ViT-14][025/300] loss=32.7863 ce=3.5120 guidance=11.7097 beta=2.50 train_acc=20.70% test_acc=27.06% best=27.06% lr=0.00049222433 time=14.7s est_300=1h 10m 48s
[ALG:T2T-ViT-14][026/300] loss=32.5822 ce=3.4453 guidance=11.6548 beta=2.50 train_acc=22.21% test_acc=27.61% best=27.61% lr=0.00049156664 time=14.6s est_300=1h 10m 54s
[ALG:T2T-ViT-14][027/300] loss=31.9171 ce=3.3336 guidance=11.4334 beta=2.50 train_acc=23.69% test_acc=29.01% best=29.01% lr=0.00049088274 time=14.8s est_300=1h 11m 01s
[ALG:T2T-ViT-14][028/300] loss=31.4001 ce=3.2882 guidance=11.2448 beta=2.50 train_acc=24.81% test_acc=29.05% best=29.05% lr=0.00049017269 time=14.6s est_300=1h 11m 05s
[ALG:T2T-ViT-14][029/300] loss=31.0853 ce=3.2170 guidance=11.1473 beta=2.50 train_acc=26.90% test_acc=31.50% best=31.50% lr=0.00048943658 time=14.8s est_300=1h 11m 11s
[ALG:T2T-ViT-14][030/300] loss=30.7273 ce=3.1655 guidance=11.0247 beta=2.50 train_acc=27.34% test_acc=33.02% best=33.02% lr=0.00048867448 time=14.2s est_300=1h 11m 11s
[ALG:T2T-ViT-14][031/300] loss=30.2707 ce=3.0925 guidance=10.8713 beta=2.50 train_acc=28.36% test_acc=32.38% best=33.02% lr=0.00048788649 time=14.4s est_300=1h 11m 12s
[ALG:T2T-ViT-14][032/300] loss=30.0335 ce=3.0531 guidance=10.7921 beta=2.50 train_acc=29.72% test_acc=32.07% best=33.02% lr=0.00048707268 time=14.2s est_300=1h 11m 12s
[ALG:T2T-ViT-14][033/300] loss=29.7247 ce=3.0062 guidance=10.6874 beta=2.50 train_acc=31.18% test_acc=33.69% best=33.69% lr=0.00048623315 time=14.2s est_300=1h 11m 11s
[ALG:T2T-ViT-14][034/300] loss=29.4897 ce=2.9668 guidance=10.6091 beta=2.50 train_acc=31.18% test_acc=34.78% best=34.78% lr=0.00048536799 time=14.6s est_300=1h 11m 15s
[ALG:T2T-ViT-14][035/300] loss=29.3879 ce=2.9178 guidance=10.5881 beta=2.50 train_acc=32.68% test_acc=35.90% best=35.90% lr=0.00048447729 time=14.6s est_300=1h 11m 17s
[ALG:T2T-ViT-14][036/300] loss=28.8436 ce=2.8464 guidance=10.3989 beta=2.50 train_acc=33.71% test_acc=34.86% best=35.90% lr=0.00048356116 time=14.7s est_300=1h 11m 21s
[ALG:T2T-ViT-14][037/300] loss=28.7486 ce=2.7931 guidance=10.3822 beta=2.50 train_acc=35.09% test_acc=37.14% best=37.14% lr=0.00048261968 time=14.7s est_300=1h 11m 24s
[ALG:T2T-ViT-14][038/300] loss=28.5701 ce=2.7756 guidance=10.3178 beta=2.50 train_acc=35.51% test_acc=37.12% best=37.14% lr=0.00048165297 time=14.7s est_300=1h 11m 27s
[ALG:T2T-ViT-14][039/300] loss=28.2369 ce=2.7074 guidance=10.2118 beta=2.50 train_acc=36.94% test_acc=38.28% best=38.28% lr=0.00048066113 time=14.6s est_300=1h 11m 30s
[ALG:T2T-ViT-14][040/300] loss=28.1119 ce=2.6982 guidance=10.1655 beta=2.50 train_acc=36.65% test_acc=39.28% best=39.28% lr=0.00047964427 time=14.0s est_300=1h 11m 28s
[ALG:T2T-ViT-14][041/300] loss=28.0372 ce=2.6944 guidance=10.1371 beta=2.50 train_acc=37.11% test_acc=38.42% best=39.28% lr=0.0004786025 time=14.2s est_300=1h 11m 27s
[ALG:T2T-ViT-14][042/300] loss=27.7786 ce=2.6504 guidance=10.0513 beta=2.50 train_acc=37.14% test_acc=39.23% best=39.28% lr=0.00047753594 time=13.9s est_300=1h 11m 25s
[ALG:T2T-ViT-14][043/300] loss=27.5532 ce=2.5752 guidance=9.9912 beta=2.50 train_acc=39.61% test_acc=39.61% best=39.61% lr=0.0004764447 time=13.6s est_300=1h 11m 20s
[ALG:T2T-ViT-14][044/300] loss=27.3064 ce=2.5926 guidance=9.8855 beta=2.50 train_acc=38.91% test_acc=38.82% best=39.61% lr=0.0004753289 time=14.7s est_300=1h 11m 23s
[ALG:T2T-ViT-14][045/300] loss=27.2401 ce=2.5042 guidance=9.8944 beta=2.50 train_acc=40.88% test_acc=39.96% best=39.96% lr=0.00047418866 time=14.4s est_300=1h 11m 24s
[ALG:T2T-ViT-14][046/300] loss=26.9630 ce=2.5031 guidance=9.7840 beta=2.50 train_acc=41.15% test_acc=40.51% best=40.51% lr=0.00047302411 time=14.4s est_300=1h 11m 24s
[ALG:T2T-ViT-14][047/300] loss=26.9170 ce=2.4401 guidance=9.7908 beta=2.50 train_acc=42.71% test_acc=40.51% best=40.51% lr=0.00047183539 time=13.4s est_300=1h 11m 19s
[ALG:T2T-ViT-14][048/300] loss=26.6597 ce=2.4682 guidance=9.6766 beta=2.50 train_acc=42.29% test_acc=39.45% best=40.51% lr=0.0004706226 time=13.3s est_300=1h 11m 13s
[ALG:T2T-ViT-14][049/300] loss=26.4659 ce=2.3445 guidance=9.6486 beta=2.50 train_acc=43.87% test_acc=41.06% best=41.06% lr=0.0004693859 time=14.0s est_300=1h 11m 12s
[ALG:T2T-ViT-14][050/300] loss=26.5698 ce=2.3509 guidance=9.6876 beta=2.50 train_acc=44.99% test_acc=41.44% best=41.44% lr=0.00046812542 time=14.2s est_300=1h 11m 12s
[ALG:T2T-ViT-14][051/300] loss=26.1675 ce=2.2924 guidance=9.5501 beta=2.50 train_acc=45.57% test_acc=41.59% best=41.59% lr=0.00046684129 time=14.0s est_300=1h 11m 10s
[ALG:T2T-ViT-14][052/300] loss=26.1271 ce=2.2849 guidance=9.5369 beta=2.50 train_acc=45.87% test_acc=41.92% best=41.92% lr=0.00046553365 time=14.0s est_300=1h 11m 09s
[ALG:T2T-ViT-14][053/300] loss=26.1244 ce=2.2686 guidance=9.5423 beta=2.50 train_acc=46.59% test_acc=41.35% best=41.92% lr=0.00046420265 time=14.5s est_300=1h 11m 10s
[ALG:T2T-ViT-14][054/300] loss=25.9954 ce=2.2070 guidance=9.5153 beta=2.50 train_acc=47.93% test_acc=41.87% best=41.92% lr=0.00046284844 time=14.3s est_300=1h 11m 11s
[ALG:T2T-ViT-14][055/300] loss=25.7365 ce=2.2214 guidance=9.4060 beta=2.50 train_acc=47.37% test_acc=41.08% best=41.92% lr=0.00046147116 time=14.6s est_300=1h 11m 13s
[ALG:T2T-ViT-14][056/300] loss=25.6521 ce=2.2070 guidance=9.3781 beta=2.50 train_acc=48.18% test_acc=41.97% best=41.97% lr=0.00046007097 time=14.4s est_300=1h 11m 14s
[ALG:T2T-ViT-14][057/300] loss=25.6958 ce=2.1820 guidance=9.4055 beta=2.50 train_acc=48.88% test_acc=42.11% best=42.11% lr=0.00045864801 time=14.6s est_300=1h 11m 15s
[ALG:T2T-ViT-14][058/300] loss=25.6442 ce=2.1202 guidance=9.4096 beta=2.50 train_acc=50.03% test_acc=42.75% best=42.75% lr=0.00045720244 time=14.7s est_300=1h 11m 18s
[ALG:T2T-ViT-14][059/300] loss=25.3082 ce=2.0395 guidance=9.3075 beta=2.50 train_acc=51.09% test_acc=42.41% best=42.75% lr=0.00045573443 time=14.1s est_300=1h 11m 17s
[ALG:T2T-ViT-14][060/300] loss=25.2998 ce=2.0974 guidance=9.2809 beta=2.50 train_acc=49.86% test_acc=41.94% best=42.75% lr=0.00045424413 time=13.8s est_300=1h 11m 15s
[ALG:T2T-ViT-14][061/300] loss=25.1228 ce=2.0651 guidance=9.2231 beta=2.50 train_acc=51.04% test_acc=43.36% best=43.36% lr=0.00045273171 time=14.3s est_300=1h 11m 15s
[ALG:T2T-ViT-14][062/300] loss=25.0085 ce=2.0439 guidance=9.1858 beta=2.50 train_acc=51.12% test_acc=42.75% best=43.36% lr=0.00045119733 time=14.1s est_300=1h 11m 14s
[ALG:T2T-ViT-14][063/300] loss=24.9852 ce=2.0313 guidance=9.1816 beta=2.50 train_acc=51.27% test_acc=42.73% best=43.36% lr=0.00044964115 time=14.1s est_300=1h 11m 14s
[ALG:T2T-ViT-14][064/300] loss=24.9925 ce=1.9953 guidance=9.1989 beta=2.50 train_acc=52.73% test_acc=42.29% best=43.36% lr=0.00044806337 time=13.6s est_300=1h 11m 11s
[ALG:T2T-ViT-14][065/300] loss=24.7652 ce=1.9762 guidance=9.1156 beta=2.50 train_acc=53.06% test_acc=43.18% best=43.36% lr=0.00044646413 time=13.4s est_300=1h 11m 07s
[ALG:T2T-ViT-14][066/300] loss=24.7550 ce=1.9311 guidance=9.1296 beta=2.50 train_acc=54.19% test_acc=42.68% best=43.36% lr=0.00044484363 time=14.0s est_300=1h 11m 06s
[ALG:T2T-ViT-14][067/300] loss=24.7321 ce=1.8799 guidance=9.1409 beta=2.50 train_acc=55.32% test_acc=42.72% best=43.36% lr=0.00044320203 time=14.0s est_300=1h 11m 05s
[ALG:T2T-ViT-14][068/300] loss=24.5673 ce=1.9294 guidance=9.0552 beta=2.50 train_acc=53.57% test_acc=42.98% best=43.36% lr=0.00044153952 time=14.0s est_300=1h 11m 04s
[ALG:T2T-ViT-14][069/300] loss=24.4614 ce=1.9000 guidance=9.0245 beta=2.50 train_acc=55.50% test_acc=43.68% best=43.68% lr=0.00043985628 time=14.1s est_300=1h 11m 04s
[ALG:T2T-ViT-14][070/300] loss=24.4080 ce=1.8779 guidance=9.0121 beta=2.50 train_acc=55.66% test_acc=44.89% best=44.89% lr=0.00043815249 time=14.8s est_300=1h 11m 06s
[ALG:T2T-ViT-14][071/300] loss=24.2386 ce=1.8642 guidance=8.9498 beta=2.50 train_acc=55.84% test_acc=44.17% best=44.89% lr=0.00043642834 time=14.3s est_300=1h 11m 06s
[ALG:T2T-ViT-14][072/300] loss=24.2078 ce=1.8406 guidance=8.9469 beta=2.50 train_acc=56.17% test_acc=44.39% best=44.89% lr=0.00043468403 time=14.1s est_300=1h 11m 05s
[ALG:T2T-ViT-14][073/300] loss=24.0708 ce=1.7689 guidance=8.9208 beta=2.50 train_acc=57.42% test_acc=43.30% best=44.89% lr=0.00043291974 time=13.6s est_300=1h 11m 03s
[ALG:T2T-ViT-14][074/300] loss=23.9655 ce=1.7634 guidance=8.8808 beta=2.50 train_acc=58.20% test_acc=44.10% best=44.89% lr=0.00043113566 time=13.1s est_300=1h 10m 59s
[ALG:T2T-ViT-14][075/300] loss=24.1319 ce=1.7827 guidance=8.9397 beta=2.50 train_acc=58.44% test_acc=44.41% best=44.89% lr=0.00042933199 time=13.9s est_300=1h 10m 58s
[ALG:T2T-ViT-14][076/300] loss=23.8841 ce=1.6991 guidance=8.8740 beta=2.50 train_acc=59.58% test_acc=42.99% best=44.89% lr=0.00042750893 time=14.4s est_300=1h 10m 59s
[ALG:T2T-ViT-14][077/300] loss=24.4141 ce=1.7876 guidance=9.0506 beta=2.50 train_acc=57.40% test_acc=43.29% best=44.89% lr=0.00042566668 time=13.5s est_300=1h 10m 56s
[ALG:T2T-ViT-14][078/300] loss=24.0124 ce=1.7584 guidance=8.9016 beta=2.50 train_acc=58.58% test_acc=42.68% best=44.89% lr=0.00042380544 time=13.9s est_300=1h 10m 55s
[ALG:T2T-ViT-14][079/300] loss=23.7322 ce=1.7546 guidance=8.7910 beta=2.50 train_acc=58.80% test_acc=44.75% best=44.89% lr=0.00042192541 time=14.0s est_300=1h 10m 54s
[ALG:T2T-ViT-14][080/300] loss=23.8567 ce=1.7108 guidance=8.8584 beta=2.50 train_acc=59.53% test_acc=43.79% best=44.89% lr=0.0004200268 time=14.2s est_300=1h 10m 54s
[ALG:T2T-ViT-14][081/300] loss=23.7756 ce=1.6805 guidance=8.8380 beta=2.50 train_acc=59.99% test_acc=43.51% best=44.89% lr=0.00041810983 time=13.3s est_300=1h 10m 51s
[ALG:T2T-ViT-14][082/300] loss=23.6393 ce=1.6704 guidance=8.7876 beta=2.50 train_acc=60.92% test_acc=45.84% best=45.84% lr=0.00041617469 time=14.4s est_300=1h 10m 52s
[ALG:T2T-ViT-14][083/300] loss=23.4349 ce=1.6655 guidance=8.7078 beta=2.50 train_acc=60.58% test_acc=43.94% best=45.84% lr=0.0004142216 time=14.0s est_300=1h 10m 51s
[ALG:T2T-ViT-14][084/300] loss=23.3519 ce=1.6402 guidance=8.6847 beta=2.50 train_acc=61.48% test_acc=45.24% best=45.84% lr=0.00041225078 time=13.4s est_300=1h 10m 48s
[ALG:T2T-ViT-14][085/300] loss=23.3671 ce=1.6548 guidance=8.6849 beta=2.50 train_acc=60.55% test_acc=42.60% best=45.84% lr=0.00041026244 time=14.1s est_300=1h 10m 48s
[ALG:T2T-ViT-14][086/300] loss=23.3803 ce=1.6021 guidance=8.7113 beta=2.50 train_acc=62.38% test_acc=44.46% best=45.84% lr=0.0004082568 time=13.2s est_300=1h 10m 45s
[ALG:T2T-ViT-14][087/300] loss=23.2428 ce=1.5480 guidance=8.6779 beta=2.50 train_acc=62.91% test_acc=44.41% best=45.84% lr=0.00040623408 time=13.9s est_300=1h 10m 44s
[ALG:T2T-ViT-14][088/300] loss=23.3129 ce=1.5518 guidance=8.7045 beta=2.50 train_acc=63.23% test_acc=43.79% best=45.84% lr=0.0004041945 time=14.2s est_300=1h 10m 44s
[ALG:T2T-ViT-14][089/300] loss=23.2131 ce=1.5332 guidance=8.6719 beta=2.50 train_acc=64.13% test_acc=44.11% best=45.84% lr=0.00040213828 time=14.1s est_300=1h 10m 44s
[ALG:T2T-ViT-14][090/300] loss=23.1303 ce=1.5686 guidance=8.6247 beta=2.50 train_acc=63.13% test_acc=44.53% best=45.84% lr=0.00040006566 time=14.1s est_300=1h 10m 44s
[ALG:T2T-ViT-14][091/300] loss=23.0581 ce=1.5348 guidance=8.6093 beta=2.50 train_acc=64.01% test_acc=44.62% best=45.84% lr=0.00039797685 time=13.4s est_300=1h 10m 41s
[ALG:T2T-ViT-14][092/300] loss=22.9380 ce=1.4901 guidance=8.5792 beta=2.50 train_acc=64.06% test_acc=44.51% best=45.84% lr=0.00039587209 time=13.4s est_300=1h 10m 39s
[ALG:T2T-ViT-14][093/300] loss=23.0220 ce=1.4637 guidance=8.6233 beta=2.50 train_acc=66.05% test_acc=45.75% best=45.84% lr=0.00039375161 time=13.3s est_300=1h 10m 37s
[ALG:T2T-ViT-14][094/300] loss=22.9033 ce=1.4632 guidance=8.5761 beta=2.50 train_acc=64.93% test_acc=45.10% best=45.84% lr=0.00039161564 time=14.1s est_300=1h 10m 36s
[ALG:T2T-ViT-14][095/300] loss=22.8296 ce=1.4610 guidance=8.5475 beta=2.50 train_acc=65.54% test_acc=44.58% best=45.84% lr=0.00038946441 time=13.4s est_300=1h 10m 34s
[ALG:T2T-ViT-14][096/300] loss=22.7929 ce=1.4508 guidance=8.5368 beta=2.50 train_acc=65.22% test_acc=43.94% best=45.84% lr=0.00038729816 time=14.1s est_300=1h 10m 34s
[ALG:T2T-ViT-14][097/300] loss=22.8609 ce=1.4246 guidance=8.5745 beta=2.50 train_acc=66.15% test_acc=44.58% best=45.84% lr=0.00038511713 time=13.8s est_300=1h 10m 33s
[ALG:T2T-ViT-14][098/300] loss=22.8098 ce=1.3897 guidance=8.5680 beta=2.50 train_acc=67.44% test_acc=44.98% best=45.84% lr=0.00038292156 time=13.3s est_300=1h 10m 31s
[ALG:T2T-ViT-14][099/300] loss=22.7196 ce=1.4387 guidance=8.5123 beta=2.50 train_acc=65.57% test_acc=45.10% best=45.84% lr=0.00038071168 time=14.3s est_300=1h 10m 31s
[ALG:T2T-ViT-14][100/300] loss=22.7602 ce=1.4385 guidance=8.5287 beta=2.50 train_acc=66.27% test_acc=45.39% best=45.84% lr=0.00037848775 time=14.0s est_300=1h 10m 31s
[ALG:T2T-ViT-14][101/300] loss=22.5922 ce=1.3879 guidance=8.4817 beta=2.50 train_acc=67.22% test_acc=44.72% best=45.84% lr=0.00037625 time=14.6s est_300=1h 10m 33s
[ALG:T2T-ViT-14][102/300] loss=22.4315 ce=1.4045 guidance=8.4108 beta=2.50 train_acc=66.49% test_acc=44.96% best=45.84% lr=0.00037399868 time=13.5s est_300=1h 10m 31s
[ALG:T2T-ViT-14][103/300] loss=22.4819 ce=1.4036 guidance=8.4313 beta=2.50 train_acc=66.69% test_acc=45.96% best=45.96% lr=0.00037173403 time=14.9s est_300=1h 10m 33s
[ALG:T2T-ViT-14][104/300] loss=22.4679 ce=1.3533 guidance=8.4458 beta=2.50 train_acc=66.85% test_acc=45.12% best=45.96% lr=0.00036945631 time=14.1s est_300=1h 10m 33s
[ALG:T2T-ViT-14][105/300] loss=22.5096 ce=1.3614 guidance=8.4593 beta=2.50 train_acc=68.16% test_acc=45.65% best=45.96% lr=0.00036716577 time=14.9s est_300=1h 10m 36s
[ALG:T2T-ViT-14][106/300] loss=22.4185 ce=1.3562 guidance=8.4249 beta=2.50 train_acc=67.27% test_acc=44.22% best=45.96% lr=0.00036486265 time=14.8s est_300=1h 10m 37s
[ALG:T2T-ViT-14][107/300] loss=22.3309 ce=1.3241 guidance=8.4027 beta=2.50 train_acc=67.61% test_acc=43.98% best=45.96% lr=0.00036254721 time=14.6s est_300=1h 10m 39s
[ALG:T2T-ViT-14][108/300] loss=22.4238 ce=1.3447 guidance=8.4316 beta=2.50 train_acc=68.05% test_acc=44.29% best=45.96% lr=0.0003602197 time=14.1s est_300=1h 10m 39s
[ALG:T2T-ViT-14][109/300] loss=22.2706 ce=1.3484 guidance=8.3689 beta=2.50 train_acc=68.04% test_acc=45.08% best=45.96% lr=0.00035788037 time=14.1s est_300=1h 10m 39s
[ALG:T2T-ViT-14][110/300] loss=22.2318 ce=1.3139 guidance=8.3671 beta=2.50 train_acc=68.29% test_acc=44.80% best=45.96% lr=0.0003555295 time=14.2s est_300=1h 10m 39s
[ALG:T2T-ViT-14][111/300] loss=22.3273 ce=1.3131 guidance=8.4057 beta=2.50 train_acc=68.77% test_acc=43.60% best=45.96% lr=0.00035316732 time=14.7s est_300=1h 10m 40s
[ALG:T2T-ViT-14][112/300] loss=22.2573 ce=1.3249 guidance=8.3730 beta=2.50 train_acc=68.19% test_acc=41.99% best=45.96% lr=0.0003507941 time=13.6s est_300=1h 10m 39s
[ALG:T2T-ViT-14][113/300] loss=21.9193 ce=1.3106 guidance=8.2435 beta=2.50 train_acc=68.90% test_acc=45.60% best=45.96% lr=0.00034841011 time=14.9s est_300=1h 10m 41s
[ALG:T2T-ViT-14][114/300] loss=22.0914 ce=1.3030 guidance=8.3153 beta=2.50 train_acc=69.41% test_acc=45.34% best=45.96% lr=0.00034601559 time=14.1s est_300=1h 10m 41s
[ALG:T2T-ViT-14][115/300] loss=21.9858 ce=1.2873 guidance=8.2794 beta=2.50 train_acc=69.43% test_acc=44.72% best=45.96% lr=0.00034361083 time=14.0s est_300=1h 10m 40s
[ALG:T2T-ViT-14][116/300] loss=21.8866 ce=1.2675 guidance=8.2477 beta=2.50 train_acc=70.21% test_acc=44.60% best=45.96% lr=0.00034119607 time=14.2s est_300=1h 10m 40s
[ALG:T2T-ViT-14][117/300] loss=21.9027 ce=1.2950 guidance=8.2431 beta=2.50 train_acc=69.75% test_acc=45.01% best=45.96% lr=0.00033877158 time=14.3s est_300=1h 10m 41s
[ALG:T2T-ViT-14][118/300] loss=21.8153 ce=1.2540 guidance=8.2245 beta=2.50 train_acc=70.52% test_acc=46.10% best=46.10% lr=0.00033633764 time=14.8s est_300=1h 10m 42s
[ALG:T2T-ViT-14][119/300] loss=21.7988 ce=1.1961 guidance=8.2411 beta=2.50 train_acc=71.20% test_acc=43.49% best=46.10% lr=0.0003338945 time=14.4s est_300=1h 10m 43s
[ALG:T2T-ViT-14][120/300] loss=21.9160 ce=1.2403 guidance=8.2703 beta=2.50 train_acc=70.67% test_acc=45.60% best=46.10% lr=0.00033144243 time=13.6s est_300=1h 10m 42s
[ALG:T2T-ViT-14][121/300] loss=21.7043 ce=1.2112 guidance=8.1972 beta=2.50 train_acc=71.59% test_acc=45.43% best=46.10% lr=0.00032898171 time=13.3s est_300=1h 10m 40s
[ALG:T2T-ViT-14][122/300] loss=21.8493 ce=1.2211 guidance=8.2513 beta=2.50 train_acc=70.69% test_acc=44.77% best=46.10% lr=0.0003265126 time=14.1s est_300=1h 10m 40s
[ALG:T2T-ViT-14][123/300] loss=21.7179 ce=1.1989 guidance=8.2076 beta=2.50 train_acc=72.10% test_acc=45.65% best=46.10% lr=0.00032403537 time=14.6s est_300=1h 10m 41s
[ALG:T2T-ViT-14][124/300] loss=21.6707 ce=1.1870 guidance=8.1935 beta=2.50 train_acc=71.54% test_acc=45.20% best=46.10% lr=0.0003215503 time=14.1s est_300=1h 10m 41s
[ALG:T2T-ViT-14][125/300] loss=21.5625 ce=1.2141 guidance=8.1394 beta=2.50 train_acc=71.08% test_acc=44.32% best=46.10% lr=0.00031905766 time=14.3s est_300=1h 10m 41s
[ALG:T2T-ViT-14][126/300] loss=21.6445 ce=1.1597 guidance=8.1939 beta=2.50 train_acc=72.62% test_acc=44.62% best=46.10% lr=0.00031655771 time=14.1s est_300=1h 10m 41s
[ALG:T2T-ViT-14][127/300] loss=21.5956 ce=1.1409 guidance=8.1819 beta=2.50 train_acc=72.18% test_acc=45.67% best=46.10% lr=0.00031405075 time=13.9s est_300=1h 10m 40s
[ALG:T2T-ViT-14][128/300] loss=21.5000 ce=1.1207 guidance=8.1517 beta=2.50 train_acc=73.13% test_acc=44.99% best=46.10% lr=0.00031153703 time=14.0s est_300=1h 10m 40s
[ALG:T2T-ViT-14][129/300] loss=21.6336 ce=1.1216 guidance=8.2048 beta=2.50 train_acc=73.57% test_acc=44.87% best=46.10% lr=0.00030901684 time=14.7s est_300=1h 10m 41s
[ALG:T2T-ViT-14][130/300] loss=21.5032 ce=1.1490 guidance=8.1417 beta=2.50 train_acc=72.86% test_acc=45.01% best=46.10% lr=0.00030649045 time=14.0s est_300=1h 10m 41s
[ALG:T2T-ViT-14][131/300] loss=21.5984 ce=1.1276 guidance=8.1883 beta=2.50 train_acc=73.39% test_acc=44.11% best=46.10% lr=0.00030395814 time=13.4s est_300=1h 10m 39s
[ALG:T2T-ViT-14][132/300] loss=21.4499 ce=1.1315 guidance=8.1274 beta=2.50 train_acc=72.50% test_acc=45.12% best=46.10% lr=0.00030142019 time=13.1s est_300=1h 10m 37s
[ALG:T2T-ViT-14][133/300] loss=21.3451 ce=1.1311 guidance=8.0856 beta=2.50 train_acc=72.69% test_acc=46.60% best=46.60% lr=0.00029887688 time=13.9s est_300=1h 10m 37s
[ALG:T2T-ViT-14][134/300] loss=21.2897 ce=1.0875 guidance=8.0809 beta=2.50 train_acc=73.76% test_acc=44.91% best=46.60% lr=0.00029632847 time=14.1s est_300=1h 10m 37s
[ALG:T2T-ViT-14][135/300] loss=21.3901 ce=1.0950 guidance=8.1181 beta=2.50 train_acc=73.93% test_acc=43.37% best=46.60% lr=0.00029377526 time=14.7s est_300=1h 10m 38s
[ALG:T2T-ViT-14][136/300] loss=1.1675 ce=1.1675 guidance=0.0000 beta=0.00 train_acc=71.98% test_acc=43.96% best=46.60% lr=0.00029121753 time=13.8s est_300=1h 10m 37s
[ALG:T2T-ViT-14][137/300] loss=1.1589 ce=1.1589 guidance=0.0000 beta=0.00 train_acc=73.06% test_acc=42.68% best=46.60% lr=0.00028865555 time=13.6s est_300=1h 10m 36s
[ALG:T2T-ViT-14][138/300] loss=1.1044 ce=1.1044 guidance=0.0000 beta=0.00 train_acc=73.51% test_acc=43.91% best=46.60% lr=0.0002860896 time=12.8s est_300=1h 10m 33s
[ALG:T2T-ViT-14][139/300] loss=1.0537 ce=1.0537 guidance=0.0000 beta=0.00 train_acc=74.71% test_acc=43.92% best=46.60% lr=0.00028351998 time=13.5s est_300=1h 10m 32s
[ALG:T2T-ViT-14][140/300] loss=1.0998 ce=1.0998 guidance=0.0000 beta=0.00 train_acc=73.22% test_acc=43.18% best=46.60% lr=0.00028094694 time=12.8s est_300=1h 10m 29s
[ALG:T2T-ViT-14][141/300] loss=1.0484 ce=1.0484 guidance=0.0000 beta=0.00 train_acc=74.75% test_acc=44.39% best=46.60% lr=0.00027837079 time=13.8s est_300=1h 10m 28s
[ALG:T2T-ViT-14][142/300] loss=1.0397 ce=1.0397 guidance=0.0000 beta=0.00 train_acc=75.08% test_acc=43.49% best=46.60% lr=0.00027579181 time=12.8s est_300=1h 10m 26s
[ALG:T2T-ViT-14][143/300] loss=1.0128 ce=1.0128 guidance=0.0000 beta=0.00 train_acc=75.08% test_acc=45.18% best=46.60% lr=0.00027321027 time=13.5s est_300=1h 10m 24s
[ALG:T2T-ViT-14][144/300] loss=1.0220 ce=1.0220 guidance=0.0000 beta=0.00 train_acc=75.75% test_acc=44.22% best=46.60% lr=0.00027062645 time=14.2s est_300=1h 10m 25s
[ALG:T2T-ViT-14][145/300] loss=1.0343 ce=1.0343 guidance=0.0000 beta=0.00 train_acc=75.42% test_acc=44.67% best=46.60% lr=0.00026804065 time=13.6s est_300=1h 10m 24s
[ALG:T2T-ViT-14][146/300] loss=1.0005 ce=1.0005 guidance=0.0000 beta=0.00 train_acc=75.75% test_acc=44.17% best=46.60% lr=0.00026545315 time=13.5s est_300=1h 10m 22s
[ALG:T2T-ViT-14][147/300] loss=0.9858 ce=0.9858 guidance=0.0000 beta=0.00 train_acc=75.92% test_acc=44.55% best=46.60% lr=0.00026286422 time=13.7s est_300=1h 10m 22s
[ALG:T2T-ViT-14][148/300] loss=0.9858 ce=0.9858 guidance=0.0000 beta=0.00 train_acc=76.29% test_acc=45.88% best=46.60% lr=0.00026027416 time=13.5s est_300=1h 10m 21s
[ALG:T2T-ViT-14][149/300] loss=0.9585 ce=0.9585 guidance=0.0000 beta=0.00 train_acc=76.92% test_acc=43.63% best=46.60% lr=0.00025768325 time=13.9s est_300=1h 10m 20s
[ALG:T2T-ViT-14][150/300] loss=0.9390 ce=0.9390 guidance=0.0000 beta=0.00 train_acc=77.60% test_acc=45.72% best=46.60% lr=0.00025509177 time=13.6s est_300=1h 10m 19s
[ALG:T2T-ViT-14][151/300] loss=0.9397 ce=0.9397 guidance=0.0000 beta=0.00 train_acc=77.45% test_acc=45.75% best=46.60% lr=0.0002525 time=13.6s est_300=1h 10m 18s
[ALG:T2T-ViT-14][152/300] loss=0.9174 ce=0.9174 guidance=0.0000 beta=0.00 train_acc=78.65% test_acc=44.60% best=46.60% lr=0.00024990823 time=14.0s est_300=1h 10m 18s
[ALG:T2T-ViT-14][153/300] loss=0.9634 ce=0.9634 guidance=0.0000 beta=0.00 train_acc=76.38% test_acc=44.86% best=46.60% lr=0.00024731675 time=14.2s est_300=1h 10m 19s
[ALG:T2T-ViT-14][154/300] loss=0.8984 ce=0.8984 guidance=0.0000 beta=0.00 train_acc=78.26% test_acc=45.44% best=46.60% lr=0.00024472584 time=14.0s est_300=1h 10m 18s
[ALG:T2T-ViT-14][155/300] loss=0.9291 ce=0.9291 guidance=0.0000 beta=0.00 train_acc=78.12% test_acc=45.39% best=46.60% lr=0.00024213578 time=12.9s est_300=1h 10m 16s
[ALG:T2T-ViT-14][156/300] loss=0.9269 ce=0.9269 guidance=0.0000 beta=0.00 train_acc=77.24% test_acc=46.01% best=46.60% lr=0.00023954685 time=13.3s est_300=1h 10m 15s
[ALG:T2T-ViT-14][157/300] loss=0.9148 ce=0.9148 guidance=0.0000 beta=0.00 train_acc=78.40% test_acc=46.29% best=46.60% lr=0.00023695935 time=13.5s est_300=1h 10m 14s
[ALG:T2T-ViT-14][158/300] loss=0.9163 ce=0.9163 guidance=0.0000 beta=0.00 train_acc=78.26% test_acc=44.05% best=46.60% lr=0.00023437355 time=13.3s est_300=1h 10m 12s
[ALG:T2T-ViT-14][159/300] loss=0.8877 ce=0.8877 guidance=0.0000 beta=0.00 train_acc=78.21% test_acc=45.93% best=46.60% lr=0.00023178973 time=13.9s est_300=1h 10m 12s
[ALG:T2T-ViT-14][160/300] loss=0.9167 ce=0.9167 guidance=0.0000 beta=0.00 train_acc=78.23% test_acc=45.32% best=46.60% lr=0.00022920819 time=13.5s est_300=1h 10m 11s
[ALG:T2T-ViT-14][161/300] loss=0.8589 ce=0.8589 guidance=0.0000 beta=0.00 train_acc=79.06% test_acc=45.32% best=46.60% lr=0.00022662921 time=14.5s est_300=1h 10m 12s
[ALG:T2T-ViT-14][162/300] loss=0.8898 ce=0.8898 guidance=0.0000 beta=0.00 train_acc=78.43% test_acc=45.32% best=46.60% lr=0.00022405306 time=14.4s est_300=1h 10m 12s
[ALG:T2T-ViT-14][163/300] loss=0.8658 ce=0.8658 guidance=0.0000 beta=0.00 train_acc=79.31% test_acc=46.22% best=46.60% lr=0.00022148002 time=14.4s est_300=1h 10m 13s
[ALG:T2T-ViT-14][164/300] loss=0.8463 ce=0.8463 guidance=0.0000 beta=0.00 train_acc=79.23% test_acc=45.27% best=46.60% lr=0.0002189104 time=14.4s est_300=1h 10m 14s
[ALG:T2T-ViT-14][165/300] loss=0.8853 ce=0.8853 guidance=0.0000 beta=0.00 train_acc=78.86% test_acc=45.44% best=46.60% lr=0.00021634445 time=14.0s est_300=1h 10m 14s
[ALG:T2T-ViT-14][166/300] loss=0.8520 ce=0.8520 guidance=0.0000 beta=0.00 train_acc=78.77% test_acc=45.51% best=46.60% lr=0.00021378247 time=12.9s est_300=1h 10m 12s
[ALG:T2T-ViT-14][167/300] loss=0.8573 ce=0.8573 guidance=0.0000 beta=0.00 train_acc=79.77% test_acc=46.13% best=46.60% lr=0.00021122474 time=13.3s est_300=1h 10m 10s
[ALG:T2T-ViT-14][168/300] loss=0.8513 ce=0.8513 guidance=0.0000 beta=0.00 train_acc=79.52% test_acc=46.00% best=46.60% lr=0.00020867153 time=14.3s est_300=1h 10m 11s
[ALG:T2T-ViT-14][169/300] loss=0.8306 ce=0.8306 guidance=0.0000 beta=0.00 train_acc=79.93% test_acc=44.60% best=46.60% lr=0.00020612312 time=13.9s est_300=1h 10m 10s
[ALG:T2T-ViT-14][170/300] loss=0.8779 ce=0.8779 guidance=0.0000 beta=0.00 train_acc=79.59% test_acc=45.82% best=46.60% lr=0.00020357981 time=14.6s est_300=1h 10m 11s
[ALG:T2T-ViT-14][171/300] loss=0.8473 ce=0.8473 guidance=0.0000 beta=0.00 train_acc=79.74% test_acc=45.39% best=46.60% lr=0.00020104186 time=14.7s est_300=1h 10m 13s
[ALG:T2T-ViT-14][172/300] loss=0.8314 ce=0.8314 guidance=0.0000 beta=0.00 train_acc=79.99% test_acc=44.65% best=46.60% lr=0.00019850955 time=14.5s est_300=1h 10m 13s
[ALG:T2T-ViT-14][173/300] loss=0.8101 ce=0.8101 guidance=0.0000 beta=0.00 train_acc=81.05% test_acc=46.13% best=46.60% lr=0.00019598316 time=14.2s est_300=1h 10m 14s
[ALG:T2T-ViT-14][174/300] loss=0.8554 ce=0.8554 guidance=0.0000 beta=0.00 train_acc=79.21% test_acc=44.37% best=46.60% lr=0.00019346297 time=14.3s est_300=1h 10m 14s
[ALG:T2T-ViT-14][175/300] loss=0.7719 ce=0.7719 guidance=0.0000 beta=0.00 train_acc=81.66% test_acc=46.24% best=46.60% lr=0.00019094925 time=14.2s est_300=1h 10m 14s
[ALG:T2T-ViT-14][176/300] loss=0.8342 ce=0.8342 guidance=0.0000 beta=0.00 train_acc=79.59% test_acc=44.68% best=46.60% lr=0.00018844229 time=14.4s est_300=1h 10m 15s
[ALG:T2T-ViT-14][177/300] loss=0.7837 ce=0.7837 guidance=0.0000 beta=0.00 train_acc=81.37% test_acc=45.31% best=46.60% lr=0.00018594234 time=14.3s est_300=1h 10m 15s
[ALG:T2T-ViT-14][178/300] loss=0.7594 ce=0.7594 guidance=0.0000 beta=0.00 train_acc=81.62% test_acc=44.58% best=46.60% lr=0.0001834497 time=13.6s est_300=1h 10m 15s
[ALG:T2T-ViT-14][179/300] loss=0.7583 ce=0.7583 guidance=0.0000 beta=0.00 train_acc=81.32% test_acc=46.67% best=46.67% lr=0.00018096463 time=13.9s est_300=1h 10m 14s
[ALG:T2T-ViT-14][180/300] loss=0.7375 ce=0.7375 guidance=0.0000 beta=0.00 train_acc=82.81% test_acc=46.22% best=46.67% lr=0.0001784874 time=13.2s est_300=1h 10m 13s
[ALG:T2T-ViT-14][181/300] loss=0.7722 ce=0.7722 guidance=0.0000 beta=0.00 train_acc=81.67% test_acc=46.34% best=46.67% lr=0.00017601829 time=13.4s est_300=1h 10m 12s
[ALG:T2T-ViT-14][182/300] loss=0.7458 ce=0.7458 guidance=0.0000 beta=0.00 train_acc=82.39% test_acc=44.82% best=46.67% lr=0.00017355757 time=14.3s est_300=1h 10m 12s
[ALG:T2T-ViT-14][183/300] loss=0.7265 ce=0.7265 guidance=0.0000 beta=0.00 train_acc=82.54% test_acc=45.77% best=46.67% lr=0.0001711055 time=13.7s est_300=1h 10m 12s
[ALG:T2T-ViT-14][184/300] loss=0.7550 ce=0.7550 guidance=0.0000 beta=0.00 train_acc=81.79% test_acc=45.63% best=46.67% lr=0.00016866236 time=12.9s est_300=1h 10m 10s
[ALG:T2T-ViT-14][185/300] loss=0.7088 ce=0.7088 guidance=0.0000 beta=0.00 train_acc=82.91% test_acc=45.41% best=46.67% lr=0.00016622842 time=13.0s est_300=1h 10m 08s
[ALG:T2T-ViT-14][186/300] loss=0.7600 ce=0.7600 guidance=0.0000 beta=0.00 train_acc=82.01% test_acc=46.46% best=46.67% lr=0.00016380393 time=14.0s est_300=1h 10m 08s
[ALG:T2T-ViT-14][187/300] loss=0.7146 ce=0.7146 guidance=0.0000 beta=0.00 train_acc=82.85% test_acc=45.91% best=46.67% lr=0.00016138917 time=13.1s est_300=1h 10m 07s
[ALG:T2T-ViT-14][188/300] loss=0.7484 ce=0.7484 guidance=0.0000 beta=0.00 train_acc=82.10% test_acc=45.39% best=46.67% lr=0.00015898441 time=13.8s est_300=1h 10m 06s
[ALG:T2T-ViT-14][189/300] loss=0.7440 ce=0.7440 guidance=0.0000 beta=0.00 train_acc=82.05% test_acc=46.05% best=46.67% lr=0.00015658989 time=13.2s est_300=1h 10m 05s
[ALG:T2T-ViT-14][190/300] loss=0.7035 ce=0.7035 guidance=0.0000 beta=0.00 train_acc=82.64% test_acc=46.39% best=46.67% lr=0.0001542059 time=12.8s est_300=1h 10m 03s
[ALG:T2T-ViT-14][191/300] loss=0.7027 ce=0.7027 guidance=0.0000 beta=0.00 train_acc=83.25% test_acc=44.72% best=46.67% lr=0.00015183268 time=12.8s est_300=1h 10m 01s
[ALG:T2T-ViT-14][192/300] loss=0.6586 ce=0.6586 guidance=0.0000 beta=0.00 train_acc=84.27% test_acc=45.94% best=46.67% lr=0.0001494705 time=13.9s est_300=1h 10m 01s
[ALG:T2T-ViT-14][193/300] loss=0.6812 ce=0.6812 guidance=0.0000 beta=0.00 train_acc=83.44% test_acc=45.70% best=46.67% lr=0.00014711963 time=13.4s est_300=1h 10m 00s
[ALG:T2T-ViT-14][194/300] loss=0.6766 ce=0.6766 guidance=0.0000 beta=0.00 train_acc=84.26% test_acc=46.55% best=46.67% lr=0.0001447803 time=12.9s est_300=1h 09m 58s
[ALG:T2T-ViT-14][195/300] loss=0.6837 ce=0.6837 guidance=0.0000 beta=0.00 train_acc=84.02% test_acc=44.49% best=46.67% lr=0.00014245279 time=13.6s est_300=1h 09m 58s
[ALG:T2T-ViT-14][196/300] loss=0.6697 ce=0.6697 guidance=0.0000 beta=0.00 train_acc=83.78% test_acc=45.77% best=46.67% lr=0.00014013735 time=13.9s est_300=1h 09m 58s
[ALG:T2T-ViT-14][197/300] loss=0.6539 ce=0.6539 guidance=0.0000 beta=0.00 train_acc=84.10% test_acc=44.93% best=46.67% lr=0.00013783423 time=14.5s est_300=1h 09m 58s
[ALG:T2T-ViT-14][198/300] loss=0.6558 ce=0.6558 guidance=0.0000 beta=0.00 train_acc=84.15% test_acc=44.84% best=46.67% lr=0.00013554369 time=14.6s est_300=1h 09m 59s
[ALG:T2T-ViT-14][199/300] loss=0.6657 ce=0.6657 guidance=0.0000 beta=0.00 train_acc=84.73% test_acc=46.84% best=46.84% lr=0.00013326597 time=13.5s est_300=1h 09m 59s
[ALG:T2T-ViT-14][200/300] loss=0.6586 ce=0.6586 guidance=0.0000 beta=0.00 train_acc=84.26% test_acc=46.27% best=46.84% lr=0.00013100132 time=13.8s est_300=1h 09m 58s
[ALG:T2T-ViT-14][201/300] loss=0.6438 ce=0.6438 guidance=0.0000 beta=0.00 train_acc=84.43% test_acc=47.08% best=47.08% lr=0.00012875 time=14.6s est_300=1h 09m 59s
[ALG:T2T-ViT-14][202/300] loss=0.6712 ce=0.6712 guidance=0.0000 beta=0.00 train_acc=83.87% test_acc=45.58% best=47.08% lr=0.00012651225 time=14.6s est_300=1h 10m 00s
[ALG:T2T-ViT-14][203/300] loss=0.6243 ce=0.6243 guidance=0.0000 beta=0.00 train_acc=84.90% test_acc=47.62% best=47.62% lr=0.00012428832 time=14.4s est_300=1h 10m 01s
[ALG:T2T-ViT-14][204/300] loss=0.6011 ce=0.6011 guidance=0.0000 beta=0.00 train_acc=86.06% test_acc=47.27% best=47.62% lr=0.00012207844 time=13.6s est_300=1h 10m 00s
[ALG:T2T-ViT-14][205/300] loss=0.6209 ce=0.6209 guidance=0.0000 beta=0.00 train_acc=84.49% test_acc=46.88% best=47.62% lr=0.00011988287 time=14.1s est_300=1h 10m 00s
[ALG:T2T-ViT-14][206/300] loss=0.6272 ce=0.6272 guidance=0.0000 beta=0.00 train_acc=85.22% test_acc=46.43% best=47.62% lr=0.00011770184 time=13.5s est_300=1h 09m 59s
[ALG:T2T-ViT-14][207/300] loss=0.6016 ce=0.6016 guidance=0.0000 beta=0.00 train_acc=85.77% test_acc=46.25% best=47.62% lr=0.00011553559 time=13.7s est_300=1h 09m 59s
[ALG:T2T-ViT-14][208/300] loss=0.6400 ce=0.6400 guidance=0.0000 beta=0.00 train_acc=84.95% test_acc=45.86% best=47.62% lr=0.00011338436 time=14.4s est_300=1h 10m 00s
[ALG:T2T-ViT-14][209/300] loss=0.6459 ce=0.6459 guidance=0.0000 beta=0.00 train_acc=84.46% test_acc=46.38% best=47.62% lr=0.00011124839 time=13.7s est_300=1h 09m 59s
[ALG:T2T-ViT-14][210/300] loss=0.5962 ce=0.5962 guidance=0.0000 beta=0.00 train_acc=85.67% test_acc=47.22% best=47.62% lr=0.00010912791 time=14.5s est_300=1h 10m 00s
[ALG:T2T-ViT-14][211/300] loss=0.5818 ce=0.5818 guidance=0.0000 beta=0.00 train_acc=85.68% test_acc=47.03% best=47.62% lr=0.00010702315 time=13.9s est_300=1h 10m 00s
[ALG:T2T-ViT-14][212/300] loss=0.5742 ce=0.5742 guidance=0.0000 beta=0.00 train_acc=86.23% test_acc=46.74% best=47.62% lr=0.00010493434 time=12.6s est_300=1h 09m 58s
[ALG:T2T-ViT-14][213/300] loss=0.6239 ce=0.6239 guidance=0.0000 beta=0.00 train_acc=85.04% test_acc=46.01% best=47.62% lr=0.00010286172 time=12.8s est_300=1h 09m 56s
[ALG:T2T-ViT-14][214/300] loss=0.6042 ce=0.6042 guidance=0.0000 beta=0.00 train_acc=85.26% test_acc=46.67% best=47.62% lr=0.0001008055 time=13.6s est_300=1h 09m 56s
[ALG:T2T-ViT-14][215/300] loss=0.5918 ce=0.5918 guidance=0.0000 beta=0.00 train_acc=85.72% test_acc=46.29% best=47.62% lr=9.8765924e-05 time=14.1s est_300=1h 09m 56s
[ALG:T2T-ViT-14][216/300] loss=0.5812 ce=0.5812 guidance=0.0000 beta=0.00 train_acc=86.21% test_acc=47.12% best=47.62% lr=9.6743203e-05 time=14.3s est_300=1h 09m 56s
[ALG:T2T-ViT-14][217/300] loss=0.5756 ce=0.5756 guidance=0.0000 beta=0.00 train_acc=86.18% test_acc=46.96% best=47.62% lr=9.4737563e-05 time=13.5s est_300=1h 09m 55s
[ALG:T2T-ViT-14][218/300] loss=0.5679 ce=0.5679 guidance=0.0000 beta=0.00 train_acc=86.29% test_acc=47.55% best=47.62% lr=9.2749222e-05 time=14.2s est_300=1h 09m 56s
[ALG:T2T-ViT-14][219/300] loss=0.5714 ce=0.5714 guidance=0.0000 beta=0.00 train_acc=86.19% test_acc=46.55% best=47.62% lr=9.0778401e-05 time=13.7s est_300=1h 09m 55s
[ALG:T2T-ViT-14][220/300] loss=0.5483 ce=0.5483 guidance=0.0000 beta=0.00 train_acc=86.96% test_acc=47.36% best=47.62% lr=8.8825313e-05 time=13.6s est_300=1h 09m 55s
[ALG:T2T-ViT-14][221/300] loss=0.5235 ce=0.5235 guidance=0.0000 beta=0.00 train_acc=87.33% test_acc=47.01% best=47.62% lr=8.6890175e-05 time=13.5s est_300=1h 09m 54s
[ALG:T2T-ViT-14][222/300] loss=0.5216 ce=0.5216 guidance=0.0000 beta=0.00 train_acc=87.75% test_acc=46.96% best=47.62% lr=8.4973198e-05 time=14.5s est_300=1h 09m 55s
[ALG:T2T-ViT-14][223/300] loss=0.5531 ce=0.5531 guidance=0.0000 beta=0.00 train_acc=86.99% test_acc=47.77% best=47.77% lr=8.3074591e-05 time=14.6s est_300=1h 09m 56s
[ALG:T2T-ViT-14][224/300] loss=0.5176 ce=0.5176 guidance=0.0000 beta=0.00 train_acc=87.58% test_acc=47.32% best=47.77% lr=8.1194564e-05 time=14.0s est_300=1h 09m 56s
[ALG:T2T-ViT-14][225/300] loss=0.5281 ce=0.5281 guidance=0.0000 beta=0.00 train_acc=87.55% test_acc=47.15% best=47.77% lr=7.9333323e-05 time=14.2s est_300=1h 09m 56s
[ALG:T2T-ViT-14][226/300] loss=0.5106 ce=0.5106 guidance=0.0000 beta=0.00 train_acc=87.67% test_acc=46.88% best=47.77% lr=7.7491072e-05 time=13.7s est_300=1h 09m 56s
[ALG:T2T-ViT-14][227/300] loss=0.5220 ce=0.5220 guidance=0.0000 beta=0.00 train_acc=87.58% test_acc=45.39% best=47.77% lr=7.5668012e-05 time=14.1s est_300=1h 09m 56s
[ALG:T2T-ViT-14][228/300] loss=0.5162 ce=0.5162 guidance=0.0000 beta=0.00 train_acc=87.58% test_acc=46.34% best=47.77% lr=7.3864344e-05 time=13.9s est_300=1h 09m 56s
[ALG:T2T-ViT-14][229/300] loss=0.5278 ce=0.5278 guidance=0.0000 beta=0.00 train_acc=87.13% test_acc=45.69% best=47.77% lr=7.2080265e-05 time=14.2s est_300=1h 09m 56s
[ALG:T2T-ViT-14][230/300] loss=0.5284 ce=0.5284 guidance=0.0000 beta=0.00 train_acc=87.31% test_acc=47.22% best=47.77% lr=7.0315971e-05 time=14.0s est_300=1h 09m 56s
[ALG:T2T-ViT-14][231/300] loss=0.5394 ce=0.5394 guidance=0.0000 beta=0.00 train_acc=87.14% test_acc=46.84% best=47.77% lr=6.8571656e-05 time=13.7s est_300=1h 09m 56s
[ALG:T2T-ViT-14][232/300] loss=0.5229 ce=0.5229 guidance=0.0000 beta=0.00 train_acc=87.45% test_acc=47.24% best=47.77% lr=6.684751e-05 time=13.7s est_300=1h 09m 55s
[ALG:T2T-ViT-14][233/300] loss=0.5254 ce=0.5254 guidance=0.0000 beta=0.00 train_acc=87.09% test_acc=46.88% best=47.77% lr=6.5143724e-05 time=13.6s est_300=1h 09m 55s
[ALG:T2T-ViT-14][234/300] loss=0.5244 ce=0.5244 guidance=0.0000 beta=0.00 train_acc=87.87% test_acc=46.82% best=47.77% lr=6.3460483e-05 time=13.9s est_300=1h 09m 54s
[ALG:T2T-ViT-14][235/300] loss=0.5180 ce=0.5180 guidance=0.0000 beta=0.00 train_acc=87.74% test_acc=46.70% best=47.77% lr=6.1797972e-05 time=13.7s est_300=1h 09m 54s
[ALG:T2T-ViT-14][236/300] loss=0.4784 ce=0.4784 guidance=0.0000 beta=0.00 train_acc=88.45% test_acc=48.10% best=48.10% lr=6.0156375e-05 time=13.0s est_300=1h 09m 53s
[ALG:T2T-ViT-14][237/300] loss=0.4903 ce=0.4903 guidance=0.0000 beta=0.00 train_acc=88.08% test_acc=47.67% best=48.10% lr=5.8535869e-05 time=12.8s est_300=1h 09m 51s
[ALG:T2T-ViT-14][238/300] loss=0.4703 ce=0.4703 guidance=0.0000 beta=0.00 train_acc=88.21% test_acc=46.32% best=48.10% lr=5.6936634e-05 time=13.9s est_300=1h 09m 51s
[ALG:T2T-ViT-14][239/300] loss=0.5198 ce=0.5198 guidance=0.0000 beta=0.00 train_acc=87.72% test_acc=46.60% best=48.10% lr=5.5358845e-05 time=14.0s est_300=1h 09m 51s
[ALG:T2T-ViT-14][240/300] loss=0.4785 ce=0.4785 guidance=0.0000 beta=0.00 train_acc=88.47% test_acc=47.03% best=48.10% lr=5.3802675e-05 time=13.2s est_300=1h 09m 50s
[ALG:T2T-ViT-14][241/300] loss=0.4741 ce=0.4741 guidance=0.0000 beta=0.00 train_acc=88.89% test_acc=47.43% best=48.10% lr=5.2268294e-05 time=13.1s est_300=1h 09m 49s
[ALG:T2T-ViT-14][242/300] loss=0.4534 ce=0.4534 guidance=0.0000 beta=0.00 train_acc=88.98% test_acc=47.22% best=48.10% lr=5.0755871e-05 time=13.8s est_300=1h 09m 49s
[ALG:T2T-ViT-14][243/300] loss=0.4687 ce=0.4687 guidance=0.0000 beta=0.00 train_acc=89.10% test_acc=47.95% best=48.10% lr=4.9265571e-05 time=13.5s est_300=1h 09m 48s
[ALG:T2T-ViT-14][244/300] loss=0.4638 ce=0.4638 guidance=0.0000 beta=0.00 train_acc=89.11% test_acc=47.34% best=48.10% lr=4.7797558e-05 time=14.1s est_300=1h 09m 49s
[ALG:T2T-ViT-14][245/300] loss=0.4735 ce=0.4735 guidance=0.0000 beta=0.00 train_acc=88.77% test_acc=48.08% best=48.10% lr=4.6351993e-05 time=13.8s est_300=1h 09m 48s
[ALG:T2T-ViT-14][246/300] loss=0.4265 ce=0.4265 guidance=0.0000 beta=0.00 train_acc=89.64% test_acc=47.51% best=48.10% lr=4.4929034e-05 time=13.2s est_300=1h 09m 47s
[ALG:T2T-ViT-14][247/300] loss=0.4333 ce=0.4333 guidance=0.0000 beta=0.00 train_acc=89.72% test_acc=46.98% best=48.10% lr=4.3528838e-05 time=12.7s est_300=1h 09m 46s
[ALG:T2T-ViT-14][248/300] loss=0.4530 ce=0.4530 guidance=0.0000 beta=0.00 train_acc=89.50% test_acc=47.31% best=48.10% lr=4.2151558e-05 time=12.7s est_300=1h 09m 44s
[ALG:T2T-ViT-14][249/300] loss=0.4311 ce=0.4311 guidance=0.0000 beta=0.00 train_acc=89.66% test_acc=47.38% best=48.10% lr=4.0797346e-05 time=13.6s est_300=1h 09m 44s
[ALG:T2T-ViT-14][250/300] loss=0.4565 ce=0.4565 guidance=0.0000 beta=0.00 train_acc=89.16% test_acc=47.08% best=48.10% lr=3.9466348e-05 time=13.6s est_300=1h 09m 44s
[ALG:T2T-ViT-14][251/300] loss=0.4476 ce=0.4476 guidance=0.0000 beta=0.00 train_acc=89.49% test_acc=48.14% best=48.14% lr=3.8158713e-05 time=13.8s est_300=1h 09m 43s
[ALG:T2T-ViT-14][252/300] loss=0.4599 ce=0.4599 guidance=0.0000 beta=0.00 train_acc=89.25% test_acc=48.00% best=48.14% lr=3.6874582e-05 time=13.6s est_300=1h 09m 43s
[ALG:T2T-ViT-14][253/300] loss=0.4362 ce=0.4362 guidance=0.0000 beta=0.00 train_acc=89.57% test_acc=46.82% best=48.14% lr=3.5614097e-05 time=13.6s est_300=1h 09m 43s
[ALG:T2T-ViT-14][254/300] loss=0.4580 ce=0.4580 guidance=0.0000 beta=0.00 train_acc=89.30% test_acc=48.45% best=48.45% lr=3.4377396e-05 time=14.0s est_300=1h 09m 43s
[ALG:T2T-ViT-14][255/300] loss=0.4197 ce=0.4197 guidance=0.0000 beta=0.00 train_acc=89.52% test_acc=47.03% best=48.45% lr=3.3164614e-05 time=14.2s est_300=1h 09m 43s
[ALG:T2T-ViT-14][256/300] loss=0.4186 ce=0.4186 guidance=0.0000 beta=0.00 train_acc=90.00% test_acc=48.02% best=48.45% lr=3.1975885e-05 time=14.2s est_300=1h 09m 43s
[ALG:T2T-ViT-14][257/300] loss=0.4355 ce=0.4355 guidance=0.0000 beta=0.00 train_acc=89.71% test_acc=47.43% best=48.45% lr=3.0811339e-05 time=14.1s est_300=1h 09m 43s
[ALG:T2T-ViT-14][258/300] loss=0.4233 ce=0.4233 guidance=0.0000 beta=0.00 train_acc=89.74% test_acc=46.84% best=48.45% lr=2.9671104e-05 time=13.5s est_300=1h 09m 43s
[ALG:T2T-ViT-14][259/300] loss=0.4033 ce=0.4033 guidance=0.0000 beta=0.00 train_acc=90.29% test_acc=47.74% best=48.45% lr=2.8555305e-05 time=14.0s est_300=1h 09m 43s
[ALG:T2T-ViT-14][260/300] loss=0.4362 ce=0.4362 guidance=0.0000 beta=0.00 train_acc=89.67% test_acc=47.00% best=48.45% lr=2.7464063e-05 time=13.7s est_300=1h 09m 43s
[ALG:T2T-ViT-14][261/300] loss=0.3982 ce=0.3982 guidance=0.0000 beta=0.00 train_acc=90.27% test_acc=46.98% best=48.45% lr=2.6397499e-05 time=13.8s est_300=1h 09m 43s
[ALG:T2T-ViT-14][262/300] loss=0.4175 ce=0.4175 guidance=0.0000 beta=0.00 train_acc=89.74% test_acc=46.38% best=48.45% lr=2.535573e-05 time=14.1s est_300=1h 09m 43s
[ALG:T2T-ViT-14][263/300] loss=0.4140 ce=0.4140 guidance=0.0000 beta=0.00 train_acc=89.91% test_acc=47.12% best=48.45% lr=2.433887e-05 time=14.1s est_300=1h 09m 43s
[ALG:T2T-ViT-14][264/300] loss=0.4079 ce=0.4079 guidance=0.0000 beta=0.00 train_acc=90.54% test_acc=47.19% best=48.45% lr=2.334703e-05 time=14.1s est_300=1h 09m 43s
[ALG:T2T-ViT-14][265/300] loss=0.3999 ce=0.3999 guidance=0.0000 beta=0.00 train_acc=90.32% test_acc=47.36% best=48.45% lr=2.238032e-05 time=14.1s est_300=1h 09m 43s
[ALG:T2T-ViT-14][266/300] loss=0.4101 ce=0.4101 guidance=0.0000 beta=0.00 train_acc=90.06% test_acc=46.88% best=48.45% lr=2.1438844e-05 time=14.1s est_300=1h 09m 44s
[ALG:T2T-ViT-14][267/300] loss=0.4151 ce=0.4151 guidance=0.0000 beta=0.00 train_acc=90.00% test_acc=48.00% best=48.45% lr=2.0522708e-05 time=14.3s est_300=1h 09m 44s
[ALG:T2T-ViT-14][268/300] loss=0.4011 ce=0.4011 guidance=0.0000 beta=0.00 train_acc=90.81% test_acc=47.53% best=48.45% lr=1.963201e-05 time=14.2s est_300=1h 09m 44s
[ALG:T2T-ViT-14][269/300] loss=0.4056 ce=0.4056 guidance=0.0000 beta=0.00 train_acc=90.39% test_acc=46.70% best=48.45% lr=1.8766848e-05 time=14.4s est_300=1h 09m 45s
[ALG:T2T-ViT-14][270/300] loss=0.3936 ce=0.3936 guidance=0.0000 beta=0.00 train_acc=90.56% test_acc=47.29% best=48.45% lr=1.7927319e-05 time=14.1s est_300=1h 09m 45s
[ALG:T2T-ViT-14][271/300] loss=0.3925 ce=0.3925 guidance=0.0000 beta=0.00 train_acc=90.78% test_acc=46.98% best=48.45% lr=1.7113512e-05 time=14.3s est_300=1h 09m 45s
[ALG:T2T-ViT-14][272/300] loss=0.3872 ce=0.3872 guidance=0.0000 beta=0.00 train_acc=90.91% test_acc=47.08% best=48.45% lr=1.6325519e-05 time=14.1s est_300=1h 09m 45s
[ALG:T2T-ViT-14][273/300] loss=0.4313 ce=0.4313 guidance=0.0000 beta=0.00 train_acc=89.71% test_acc=46.95% best=48.45% lr=1.5563424e-05 time=14.4s est_300=1h 09m 46s
[ALG:T2T-ViT-14][274/300] loss=0.4053 ce=0.4053 guidance=0.0000 beta=0.00 train_acc=89.93% test_acc=47.36% best=48.45% lr=1.4827313e-05 time=13.7s est_300=1h 09m 46s
[ALG:T2T-ViT-14][275/300] loss=0.4217 ce=0.4217 guidance=0.0000 beta=0.00 train_acc=90.08% test_acc=47.57% best=48.45% lr=1.4117265e-05 time=13.6s est_300=1h 09m 45s
[ALG:T2T-ViT-14][276/300] loss=0.4219 ce=0.4219 guidance=0.0000 beta=0.00 train_acc=90.27% test_acc=47.77% best=48.45% lr=1.3433358e-05 time=13.1s est_300=1h 09m 44s
[ALG:T2T-ViT-14][277/300] loss=0.3851 ce=0.3851 guidance=0.0000 beta=0.00 train_acc=90.93% test_acc=47.38% best=48.45% lr=1.2775668e-05 time=13.6s est_300=1h 09m 44s
[ALG:T2T-ViT-14][278/300] loss=0.3930 ce=0.3930 guidance=0.0000 beta=0.00 train_acc=90.51% test_acc=47.13% best=48.45% lr=1.2144266e-05 time=13.4s est_300=1h 09m 43s
[ALG:T2T-ViT-14][279/300] loss=0.3955 ce=0.3955 guidance=0.0000 beta=0.00 train_acc=90.44% test_acc=47.88% best=48.45% lr=1.1539222e-05 time=13.3s est_300=1h 09m 43s
[ALG:T2T-ViT-14][280/300] loss=0.4091 ce=0.4091 guidance=0.0000 beta=0.00 train_acc=90.23% test_acc=47.67% best=48.45% lr=1.0960601e-05 time=12.7s est_300=1h 09m 41s
[ALG:T2T-ViT-14][281/300] loss=0.4007 ce=0.4007 guidance=0.0000 beta=0.00 train_acc=90.74% test_acc=47.39% best=48.45% lr=1.0408469e-05 time=13.7s est_300=1h 09m 41s
[ALG:T2T-ViT-14][282/300] loss=0.4460 ce=0.4460 guidance=0.0000 beta=0.00 train_acc=89.37% test_acc=47.43% best=48.45% lr=9.8828843e-06 time=14.1s est_300=1h 09m 41s
[ALG:T2T-ViT-14][283/300] loss=0.4034 ce=0.4034 guidance=0.0000 beta=0.00 train_acc=90.68% test_acc=47.13% best=48.45% lr=9.3839054e-06 time=13.4s est_300=1h 09m 41s
[ALG:T2T-ViT-14][284/300] loss=0.4040 ce=0.4040 guidance=0.0000 beta=0.00 train_acc=90.59% test_acc=46.95% best=48.45% lr=8.911587e-06 time=13.6s est_300=1h 09m 41s
[ALG:T2T-ViT-14][285/300] loss=0.3922 ce=0.3922 guidance=0.0000 beta=0.00 train_acc=90.42% test_acc=47.27% best=48.45% lr=8.4659808e-06 time=13.8s est_300=1h 09m 40s
[ALG:T2T-ViT-14][286/300] loss=0.3907 ce=0.3907 guidance=0.0000 beta=0.00 train_acc=90.81% test_acc=47.32% best=48.45% lr=8.0471357e-06 time=13.8s est_300=1h 09m 40s
[ALG:T2T-ViT-14][287/300] loss=0.4004 ce=0.4004 guidance=0.0000 beta=0.00 train_acc=90.34% test_acc=47.50% best=48.45% lr=7.6550976e-06 time=13.8s est_300=1h 09m 40s
[ALG:T2T-ViT-14][288/300] loss=0.3940 ce=0.3940 guidance=0.0000 beta=0.00 train_acc=90.35% test_acc=47.38% best=48.45% lr=7.2899095e-06 time=13.5s est_300=1h 09m 40s
[ALG:T2T-ViT-14][289/300] loss=0.3842 ce=0.3842 guidance=0.0000 beta=0.00 train_acc=90.57% test_acc=47.22% best=48.45% lr=6.9516114e-06 time=13.2s est_300=1h 09m 39s
[ALG:T2T-ViT-14][290/300] loss=0.3898 ce=0.3898 guidance=0.0000 beta=0.00 train_acc=90.30% test_acc=47.41% best=48.45% lr=6.6402405e-06 time=13.6s est_300=1h 09m 39s
[ALG:T2T-ViT-14][291/300] loss=0.4039 ce=0.4039 guidance=0.0000 beta=0.00 train_acc=90.37% test_acc=47.24% best=48.45% lr=6.3558309e-06 time=13.0s est_300=1h 09m 38s
[ALG:T2T-ViT-14][292/300] loss=0.3855 ce=0.3855 guidance=0.0000 beta=0.00 train_acc=90.79% test_acc=47.39% best=48.45% lr=6.0984138e-06 time=12.9s est_300=1h 09m 37s
[ALG:T2T-ViT-14][293/300] loss=0.3703 ce=0.3703 guidance=0.0000 beta=0.00 train_acc=90.78% test_acc=47.51% best=48.45% lr=5.8680173e-06 time=13.7s est_300=1h 09m 36s
[ALG:T2T-ViT-14][294/300] loss=0.3921 ce=0.3921 guidance=0.0000 beta=0.00 train_acc=90.47% test_acc=47.39% best=48.45% lr=5.6646669e-06 time=13.8s est_300=1h 09m 36s
[ALG:T2T-ViT-14][295/300] loss=0.3852 ce=0.3852 guidance=0.0000 beta=0.00 train_acc=91.02% test_acc=47.00% best=48.45% lr=5.4883847e-06 time=14.0s est_300=1h 09m 36s
[ALG:T2T-ViT-14][296/300] loss=0.3918 ce=0.3918 guidance=0.0000 beta=0.00 train_acc=90.91% test_acc=47.20% best=48.45% lr=5.3391901e-06 time=13.8s est_300=1h 09m 36s
[ALG:T2T-ViT-14][297/300] loss=0.3826 ce=0.3826 guidance=0.0000 beta=0.00 train_acc=91.13% test_acc=47.51% best=48.45% lr=5.2170996e-06 time=13.6s est_300=1h 09m 36s
[ALG:T2T-ViT-14][298/300] loss=0.3904 ce=0.3904 guidance=0.0000 beta=0.00 train_acc=90.44% test_acc=47.41% best=48.45% lr=5.1221263e-06 time=13.7s est_300=1h 09m 36s
[ALG:T2T-ViT-14][299/300] loss=0.3933 ce=0.3933 guidance=0.0000 beta=0.00 train_acc=90.81% test_acc=47.20% best=48.45% lr=5.0542808e-06 time=13.7s est_300=1h 09m 35s
[ALG:T2T-ViT-14][300/300] loss=0.3631 ce=0.3631 guidance=0.0000 beta=0.00 train_acc=91.20% test_acc=47.51% best=48.45% lr=5.0135706e-06 time=13.6s est_300=1h 09m 35s
[TIMING_RESULT] student=T2T-ViT-14 method=ALG batch=128 avg_epoch=13.92s estimated_300=1h 09m 35s
[FINAL_RESULT] summary=/app/output/table1_cub200_t2t_vit14_all_full_seed1/students/table1_cub200_t2t_vit_14_alg_b128_full_300ep_seed1/summary.json
[DONE] Table-1 CUB student task completed successfully.
[STUDENT_IDENTITY_CHECK_TABLE1_CUB200] status=PASS student=T2T-ViT-14 method=ALG batch=128 teacher=06f75192b1c108c89e480843cb4f72dfb28aa762d7b11e7ac327333dd54b51f5
[TASK_DONE] 3/5 T2T-ViT-14/ALG elapsed=1h 10m 33s
------------------------------------------------------------------------------------------------
[TASK_START] 4/5 T2T-ViT-14/OursB64
[COMMAND][OursB64] /usr/bin/python /app/scratch/input/kau-aimslab_556/methods/table1_cub200/train.py --full-run --student t2t_vit_14 --method ours --batch-size 64 --data-dir /app/output/table1_cub200_t2t_vit14_all_full_seed1/data/cub200 --teacher-root /app/scratch/input/kau-aimslab_556/teachers/checkpoints/cub200_table1_resnet56_32 --output-dir /app/output/table1_cub200_t2t_vit14_all_full_seed1/students --run-name table1_cub200_t2t_vit_14_ours_b64_full_300ep_seed1 --num-workers 4
[BOOT] Python process started: /usr/bin/python
[BOOT] complete Table-1 runtime dependencies already available
/usr/local/lib/python3.10/dist-packages/timm/models/layers/__init__.py:49: FutureWarning: Importing from timm.models.layers is deprecated, please import via timm.layers
  warnings.warn(f"Importing from {__name__} is deprecated, please import via timm.layers", FutureWarning)
========================================================================================
CUB-200 TABLE-1 EXTENSION
========================================================================================
[TASK] student=T2T-ViT-14 method=OURS batch=64 mode=full_300ep
[MODE] actual_epochs=300 planned_epochs=300
[PROTOCOL_LOCK] dataset=CUB-200-2011 split=5994/5794 teacher=ResNet56-scratch-32 student=scratch-224 epochs=300 AdamW=5e-4->5e-6 wd=0.05 warmup=20 seed=1 fp32=True
[FIXED_TEACHER_TABLE1_CUB200] h200_build=543 root=/app/scratch/input/kau-aimslab_556/teachers/checkpoints/cub200_table1_resnet56_32 sha256=06f75192b1c108c89e480843cb4f72dfb28aa762d7b11e7ac327333dd54b51f5
[SOURCE] official_lg_repo=https://github.com/lkhl/tiny-transformers commit=d2165f74049c906b0afc9f957491960fb3c0cc8b
[MODEL] params=21,237,550 feature_dims=(384, 384, 384, 384, 384, 384, 384, 384, 384, 384, 384, 384, 384, 384) selected_lg=(0, 7, 13)
[FEATURE_CHECK] student=((2, 384, 14, 14), (2, 384, 14, 14), (2, 384, 14, 14), (2, 384, 14, 14), (2, 384, 14, 14), (2, 384, 14, 14), (2, 384, 14, 14), (2, 384, 14, 14), (2, 384, 14, 14), (2, 384, 14, 14), (2, 384, 14, 14), (2, 384, 14, 14), (2, 384, 14, 14), (2, 384, 14, 14)) teacher=((2, 16, 32, 32), (2, 32, 16, 16), (2, 64, 8, 8)) guidance_probe=12.334789
[OURS_ADAPTER] all_blocks=True common_channels=192 common_grid=14 adapter_params=1,034,880 ours_params=55,907
[OPTIMIZER] contract=ours_single_group_all_parameters_decay_0.05
[OURS:T2T-ViT-14][001/300] loss=100.9387 ce=5.3743 guidance=38.2258 beta=2.50 train_acc=0.60% test_acc=0.22% best=0.22% lr=5e-07 time=17.9s est_300=1h 29m 30s
[OURS:T2T-ViT-14][002/300] loss=86.3467 ce=5.3557 guidance=32.3964 beta=2.50 train_acc=0.42% test_acc=0.52% best=0.52% lr=2.5475e-05 time=16.2s est_300=1h 25m 08s
[OURS:T2T-ViT-14][003/300] loss=77.7777 ce=5.3234 guidance=28.9817 beta=2.50 train_acc=0.39% test_acc=0.93% best=0.93% lr=5.045e-05 time=16.4s est_300=1h 24m 02s
[OURS:T2T-ViT-14][004/300] loss=70.8257 ce=5.3182 guidance=26.2030 beta=2.50 train_acc=0.37% test_acc=0.55% best=0.93% lr=7.5425e-05 time=15.9s est_300=1h 22m 54s
[OURS:T2T-ViT-14][005/300] loss=63.8119 ce=5.3060 guidance=23.4024 beta=2.50 train_acc=0.40% test_acc=1.24% best=1.24% lr=0.0001004 time=16.3s est_300=1h 22m 39s
[OURS:T2T-ViT-14][006/300] loss=57.9865 ce=5.2189 guidance=21.1071 beta=2.50 train_acc=0.94% test_acc=1.31% best=1.31% lr=0.000125375 time=16.6s est_300=1h 22m 43s
[OURS:T2T-ViT-14][007/300] loss=54.3213 ce=5.1193 guidance=19.6808 beta=2.50 train_acc=1.31% test_acc=2.54% best=2.54% lr=0.00015035 time=16.5s est_300=1h 22m 43s
[OURS:T2T-ViT-14][008/300] loss=51.3687 ce=4.9946 guidance=18.5497 beta=2.50 train_acc=2.18% test_acc=3.40% best=3.40% lr=0.000175325 time=17.6s est_300=1h 23m 23s
[OURS:T2T-ViT-14][009/300] loss=49.3388 ce=4.8325 guidance=17.8025 beta=2.50 train_acc=3.33% test_acc=4.66% best=4.66% lr=0.0002003 time=17.6s est_300=1h 23m 54s
[OURS:T2T-ViT-14][010/300] loss=47.5600 ce=4.6687 guidance=17.1565 beta=2.50 train_acc=4.64% test_acc=6.33% best=6.33% lr=0.000225275 time=17.4s est_300=1h 24m 12s
[OURS:T2T-ViT-14][011/300] loss=45.6360 ce=4.5542 guidance=16.4327 beta=2.50 train_acc=4.81% test_acc=8.41% best=8.41% lr=0.00025025 time=17.2s est_300=1h 24m 22s
[OURS:T2T-ViT-14][012/300] loss=44.4811 ce=4.4376 guidance=16.0174 beta=2.50 train_acc=6.97% test_acc=9.65% best=9.65% lr=0.000275225 time=17.6s est_300=1h 24m 39s
[OURS:T2T-ViT-14][013/300] loss=42.7515 ce=4.3403 guidance=15.3645 beta=2.50 train_acc=7.93% test_acc=11.25% best=11.25% lr=0.0003002 time=17.6s est_300=1h 24m 55s
[OURS:T2T-ViT-14][014/300] loss=41.4824 ce=4.2189 guidance=14.9054 beta=2.50 train_acc=9.31% test_acc=13.58% best=13.58% lr=0.000325175 time=17.3s est_300=1h 25m 01s
[OURS:T2T-ViT-14][015/300] loss=40.3730 ce=4.1016 guidance=14.5086 beta=2.50 train_acc=10.95% test_acc=14.31% best=14.31% lr=0.00035015 time=16.6s est_300=1h 24m 53s
[OURS:T2T-ViT-14][016/300] loss=39.3586 ce=4.0145 guidance=14.1377 beta=2.50 train_acc=12.30% test_acc=16.62% best=16.62% lr=0.000375125 time=16.0s est_300=1h 24m 36s
[OURS:T2T-ViT-14][017/300] loss=38.0873 ce=3.9408 guidance=13.6586 beta=2.50 train_acc=14.00% test_acc=17.57% best=17.57% lr=0.0004001 time=16.8s est_300=1h 24m 34s
[OURS:T2T-ViT-14][018/300] loss=37.1861 ce=3.8534 guidance=13.3330 beta=2.50 train_acc=14.57% test_acc=18.88% best=18.88% lr=0.000425075 time=17.2s est_300=1h 24m 39s
[OURS:T2T-ViT-14][019/300] loss=36.2373 ce=3.7732 guidance=12.9856 beta=2.50 train_acc=16.33% test_acc=20.49% best=20.49% lr=0.00045005 time=16.9s est_300=1h 24m 38s
[OURS:T2T-ViT-14][020/300] loss=35.2973 ce=3.7121 guidance=12.6341 beta=2.50 train_acc=17.67% test_acc=22.33% best=22.33% lr=0.000475025 time=16.2s est_300=1h 24m 28s
[OURS:T2T-ViT-14][021/300] loss=34.4395 ce=3.6576 guidance=12.3128 beta=2.50 train_acc=18.30% test_acc=24.85% best=24.85% lr=0.00049459153 time=17.2s est_300=1h 24m 32s
[OURS:T2T-ViT-14][022/300] loss=33.2689 ce=3.5115 guidance=11.9029 beta=2.50 train_acc=20.36% test_acc=25.49% best=25.49% lr=0.0004940394 time=17.3s est_300=1h 24m 38s
[OURS:T2T-ViT-14][023/300] loss=32.6323 ce=3.4119 guidance=11.6882 beta=2.50 train_acc=22.45% test_acc=28.51% best=28.51% lr=0.00049346078 time=17.1s est_300=1h 24m 40s
[OURS:T2T-ViT-14][024/300] loss=31.8229 ce=3.3698 guidance=11.3813 beta=2.50 train_acc=23.24% test_acc=29.98% best=29.98% lr=0.00049285573 time=16.7s est_300=1h 24m 38s
[OURS:T2T-ViT-14][025/300] loss=31.1408 ce=3.2990 guidance=11.1367 beta=2.50 train_acc=24.04% test_acc=29.91% best=29.98% lr=0.00049222433 time=17.0s est_300=1h 24m 39s
[OURS:T2T-ViT-14][026/300] loss=30.6348 ce=3.2073 guidance=10.9710 beta=2.50 train_acc=26.60% test_acc=32.21% best=32.21% lr=0.00049156664 time=17.1s est_300=1h 24m 41s
[OURS:T2T-ViT-14][027/300] loss=30.0227 ce=3.1465 guidance=10.7505 beta=2.50 train_acc=27.92% test_acc=32.45% best=32.45% lr=0.00049088274 time=17.4s est_300=1h 24m 46s
[OURS:T2T-ViT-14][028/300] loss=29.4574 ce=3.0948 guidance=10.5450 beta=2.50 train_acc=28.81% test_acc=32.71% best=32.71% lr=0.00049017269 time=17.5s est_300=1h 24m 52s
[OURS:T2T-ViT-14][029/300] loss=28.9448 ce=3.0287 guidance=10.3664 beta=2.50 train_acc=30.85% test_acc=33.41% best=33.41% lr=0.00048943658 time=17.6s est_300=1h 24m 58s
[OURS:T2T-ViT-14][030/300] loss=28.5839 ce=2.9635 guidance=10.2482 beta=2.50 train_acc=30.49% test_acc=35.07% best=35.07% lr=0.00048867448 time=17.6s est_300=1h 25m 04s
[OURS:T2T-ViT-14][031/300] loss=28.2588 ce=2.9018 guidance=10.1428 beta=2.50 train_acc=32.34% test_acc=35.05% best=35.07% lr=0.00048788649 time=16.7s est_300=1h 25m 01s
[OURS:T2T-ViT-14][032/300] loss=27.8534 ce=2.7690 guidance=10.0338 beta=2.50 train_acc=35.80% test_acc=37.12% best=37.12% lr=0.00048707268 time=16.8s est_300=1h 24m 59s
[OURS:T2T-ViT-14][033/300] loss=27.5982 ce=2.8110 guidance=9.9149 beta=2.50 train_acc=34.83% test_acc=37.00% best=37.12% lr=0.00048623315 time=16.7s est_300=1h 24m 56s
[OURS:T2T-ViT-14][034/300] loss=27.4495 ce=2.7080 guidance=9.8966 beta=2.50 train_acc=36.83% test_acc=38.00% best=38.00% lr=0.00048536799 time=16.2s est_300=1h 24m 49s
[OURS:T2T-ViT-14][035/300] loss=27.0604 ce=2.6485 guidance=9.7647 beta=2.50 train_acc=38.09% test_acc=38.78% best=38.78% lr=0.00048447729 time=16.9s est_300=1h 24m 49s
[OURS:T2T-ViT-14][036/300] loss=26.8354 ce=2.6391 guidance=9.6785 beta=2.50 train_acc=37.74% test_acc=38.49% best=38.78% lr=0.00048356116 time=16.2s est_300=1h 24m 42s
[OURS:T2T-ViT-14][037/300] loss=26.6416 ce=2.5663 guidance=9.6301 beta=2.50 train_acc=39.55% test_acc=39.70% best=39.70% lr=0.00048261968 time=17.2s est_300=1h 24m 44s
[OURS:T2T-ViT-14][038/300] loss=26.1587 ce=2.4811 guidance=9.4710 beta=2.50 train_acc=40.83% test_acc=38.90% best=39.70% lr=0.00048165297 time=17.3s est_300=1h 24m 47s
[OURS:T2T-ViT-14][039/300] loss=25.9960 ce=2.4361 guidance=9.4239 beta=2.50 train_acc=41.73% test_acc=40.70% best=40.70% lr=0.00048066113 time=17.4s est_300=1h 24m 50s
[OURS:T2T-ViT-14][040/300] loss=25.7247 ce=2.4238 guidance=9.3203 beta=2.50 train_acc=42.42% test_acc=41.46% best=41.46% lr=0.00047964427 time=17.1s est_300=1h 24m 51s
[OURS:T2T-ViT-14][041/300] loss=25.4519 ce=2.3657 guidance=9.2345 beta=2.50 train_acc=43.16% test_acc=42.39% best=42.39% lr=0.0004786025 time=16.8s est_300=1h 24m 50s
[OURS:T2T-ViT-14][042/300] loss=25.3998 ce=2.2946 guidance=9.2421 beta=2.50 train_acc=45.78% test_acc=40.87% best=42.39% lr=0.00047753594 time=17.2s est_300=1h 24m 51s
[OURS:T2T-ViT-14][043/300] loss=25.2573 ce=2.3039 guidance=9.1813 beta=2.50 train_acc=45.65% test_acc=42.65% best=42.65% lr=0.0004764447 time=16.8s est_300=1h 24m 50s
[OURS:T2T-ViT-14][044/300] loss=25.0461 ce=2.2156 guidance=9.1322 beta=2.50 train_acc=47.38% test_acc=41.53% best=42.65% lr=0.0004753289 time=17.0s est_300=1h 24m 50s
[OURS:T2T-ViT-14][045/300] loss=24.8661 ce=2.1911 guidance=9.0700 beta=2.50 train_acc=47.73% test_acc=42.60% best=42.65% lr=0.00047418866 time=16.8s est_300=1h 24m 49s
[OURS:T2T-ViT-14][046/300] loss=24.7737 ce=2.1857 guidance=9.0352 beta=2.50 train_acc=48.20% test_acc=41.80% best=42.65% lr=0.00047302411 time=17.6s est_300=1h 24m 53s
[OURS:T2T-ViT-14][047/300] loss=24.5091 ce=2.1437 guidance=8.9462 beta=2.50 train_acc=49.03% test_acc=40.44% best=42.65% lr=0.00047183539 time=17.5s est_300=1h 24m 56s
[OURS:T2T-ViT-14][048/300] loss=24.4393 ce=2.1170 guidance=8.9289 beta=2.50 train_acc=49.56% test_acc=41.72% best=42.65% lr=0.0004706226 time=17.5s est_300=1h 24m 59s
[OURS:T2T-ViT-14][049/300] loss=24.2533 ce=2.1053 guidance=8.8592 beta=2.50 train_acc=50.02% test_acc=43.53% best=43.53% lr=0.0004693859 time=16.9s est_300=1h 24m 58s
[OURS:T2T-ViT-14][050/300] loss=24.0085 ce=2.0243 guidance=8.7937 beta=2.50 train_acc=51.43% test_acc=44.25% best=44.25% lr=0.00046812542 time=16.8s est_300=1h 24m 57s
[OURS:T2T-ViT-14][051/300] loss=23.9252 ce=1.9824 guidance=8.7771 beta=2.50 train_acc=52.23% test_acc=43.41% best=44.25% lr=0.00046684129 time=17.2s est_300=1h 24m 58s
[OURS:T2T-ViT-14][052/300] loss=23.8687 ce=1.9960 guidance=8.7491 beta=2.50 train_acc=52.81% test_acc=44.06% best=44.25% lr=0.00046553365 time=16.8s est_300=1h 24m 57s
[OURS:T2T-ViT-14][053/300] loss=23.7502 ce=1.9703 guidance=8.7120 beta=2.50 train_acc=52.45% test_acc=44.15% best=44.25% lr=0.00046420265 time=16.2s est_300=1h 24m 53s
[OURS:T2T-ViT-14][054/300] loss=23.7318 ce=1.9353 guidance=8.7186 beta=2.50 train_acc=53.95% test_acc=45.56% best=45.56% lr=0.00046284844 time=16.7s est_300=1h 24m 52s
[OURS:T2T-ViT-14][055/300] loss=23.5478 ce=1.8355 guidance=8.6850 beta=2.50 train_acc=55.19% test_acc=44.53% best=45.56% lr=0.00046147116 time=17.3s est_300=1h 24m 53s
[OURS:T2T-ViT-14][056/300] loss=23.3772 ce=1.8856 guidance=8.5966 beta=2.50 train_acc=54.91% test_acc=43.37% best=45.56% lr=0.00046007097 time=17.5s est_300=1h 24m 56s
[OURS:T2T-ViT-14][057/300] loss=23.4763 ce=1.8633 guidance=8.6452 beta=2.50 train_acc=55.68% test_acc=43.58% best=45.56% lr=0.00045864801 time=17.5s est_300=1h 24m 59s
[OURS:T2T-ViT-14][058/300] loss=23.2251 ce=1.8475 guidance=8.5511 beta=2.50 train_acc=56.33% test_acc=44.60% best=45.56% lr=0.00045720244 time=16.7s est_300=1h 24m 57s
[OURS:T2T-ViT-14][059/300] loss=23.0148 ce=1.7644 guidance=8.5002 beta=2.50 train_acc=57.83% test_acc=44.01% best=45.56% lr=0.00045573443 time=16.1s est_300=1h 24m 53s
[OURS:T2T-ViT-14][060/300] loss=23.0197 ce=1.7608 guidance=8.5036 beta=2.50 train_acc=57.71% test_acc=44.79% best=45.56% lr=0.00045424413 time=16.6s est_300=1h 24m 51s
[OURS:T2T-ViT-14][061/300] loss=23.0318 ce=1.7982 guidance=8.4934 beta=2.50 train_acc=57.76% test_acc=44.79% best=45.56% lr=0.00045273171 time=16.9s est_300=1h 24m 50s
[OURS:T2T-ViT-14][062/300] loss=22.7279 ce=1.7246 guidance=8.4013 beta=2.50 train_acc=59.07% test_acc=43.42% best=45.56% lr=0.00045119733 time=16.8s est_300=1h 24m 50s
[OURS:T2T-ViT-14][063/300] loss=22.7122 ce=1.6849 guidance=8.4109 beta=2.50 train_acc=59.86% test_acc=46.10% best=46.10% lr=0.00044964115 time=16.8s est_300=1h 24m 49s
[OURS:T2T-ViT-14][064/300] loss=22.6697 ce=1.7245 guidance=8.3781 beta=2.50 train_acc=59.22% test_acc=44.75% best=46.10% lr=0.00044806337 time=17.1s est_300=1h 24m 50s
[OURS:T2T-ViT-14][065/300] loss=22.5668 ce=1.6979 guidance=8.3476 beta=2.50 train_acc=59.96% test_acc=44.65% best=46.10% lr=0.00044646413 time=17.1s est_300=1h 24m 50s
[OURS:T2T-ViT-14][066/300] loss=22.6137 ce=1.6286 guidance=8.3940 beta=2.50 train_acc=60.38% test_acc=45.43% best=46.10% lr=0.00044484363 time=17.6s est_300=1h 24m 53s
[OURS:T2T-ViT-14][067/300] loss=22.4195 ce=1.6258 guidance=8.3175 beta=2.50 train_acc=61.34% test_acc=44.53% best=46.10% lr=0.00044320203 time=16.0s est_300=1h 24m 49s
[OURS:T2T-ViT-14][068/300] loss=22.2313 ce=1.6287 guidance=8.2410 beta=2.50 train_acc=61.39% test_acc=45.44% best=46.10% lr=0.00044153952 time=16.2s est_300=1h 24m 45s
[OURS:T2T-ViT-14][069/300] loss=22.3226 ce=1.5872 guidance=8.2941 beta=2.50 train_acc=61.98% test_acc=45.84% best=46.10% lr=0.00043985628 time=16.9s est_300=1h 24m 45s
[OURS:T2T-ViT-14][070/300] loss=22.2480 ce=1.5539 guidance=8.2777 beta=2.50 train_acc=62.77% test_acc=44.80% best=46.10% lr=0.00043815249 time=16.8s est_300=1h 24m 45s
[OURS:T2T-ViT-14][071/300] loss=22.1207 ce=1.5652 guidance=8.2222 beta=2.50 train_acc=62.10% test_acc=45.56% best=46.10% lr=0.00043642834 time=17.0s est_300=1h 24m 45s
[OURS:T2T-ViT-14][072/300] loss=22.1395 ce=1.5362 guidance=8.2413 beta=2.50 train_acc=63.83% test_acc=46.05% best=46.10% lr=0.00043468403 time=16.9s est_300=1h 24m 45s
[OURS:T2T-ViT-14][073/300] loss=21.9687 ce=1.5078 guidance=8.1843 beta=2.50 train_acc=64.42% test_acc=45.67% best=46.10% lr=0.00043291974 time=16.9s est_300=1h 24m 44s
[OURS:T2T-ViT-14][074/300] loss=21.9357 ce=1.5112 guidance=8.1698 beta=2.50 train_acc=63.74% test_acc=45.15% best=46.10% lr=0.00043113566 time=17.6s est_300=1h 24m 47s
[OURS:T2T-ViT-14][075/300] loss=21.8500 ce=1.4535 guidance=8.1586 beta=2.50 train_acc=65.32% test_acc=44.74% best=46.10% lr=0.00042933199 time=16.5s est_300=1h 24m 45s
[OURS:T2T-ViT-14][076/300] loss=21.9707 ce=1.4858 guidance=8.1939 beta=2.50 train_acc=63.96% test_acc=44.72% best=46.10% lr=0.00042750893 time=15.9s est_300=1h 24m 41s
[OURS:T2T-ViT-14][077/300] loss=21.6931 ce=1.4575 guidance=8.0942 beta=2.50 train_acc=64.62% test_acc=45.89% best=46.10% lr=0.00042566668 time=16.9s est_300=1h 24m 41s
[OURS:T2T-ViT-14][078/300] loss=21.7201 ce=1.4645 guidance=8.1022 beta=2.50 train_acc=64.77% test_acc=45.24% best=46.10% lr=0.00042380544 time=16.7s est_300=1h 24m 40s
[OURS:T2T-ViT-14][079/300] loss=21.6437 ce=1.4539 guidance=8.0759 beta=2.50 train_acc=65.22% test_acc=45.17% best=46.10% lr=0.00042192541 time=17.3s est_300=1h 24m 42s
[OURS:T2T-ViT-14][080/300] loss=21.5228 ce=1.4272 guidance=8.0383 beta=2.50 train_acc=65.88% test_acc=45.79% best=46.10% lr=0.0004200268 time=17.8s est_300=1h 24m 45s
[OURS:T2T-ViT-14][081/300] loss=21.5521 ce=1.4733 guidance=8.0315 beta=2.50 train_acc=65.34% test_acc=45.75% best=46.10% lr=0.00041810983 time=17.1s est_300=1h 24m 45s
[OURS:T2T-ViT-14][082/300] loss=21.4863 ce=1.4125 guidance=8.0295 beta=2.50 train_acc=65.74% test_acc=45.18% best=46.10% lr=0.00041617469 time=16.6s est_300=1h 24m 44s
[OURS:T2T-ViT-14][083/300] loss=21.4872 ce=1.4097 guidance=8.0310 beta=2.50 train_acc=66.67% test_acc=46.48% best=46.48% lr=0.0004142216 time=17.8s est_300=1h 24m 47s
[OURS:T2T-ViT-14][084/300] loss=21.3800 ce=1.3669 guidance=8.0052 beta=2.50 train_acc=67.31% test_acc=46.34% best=46.48% lr=0.00041225078 time=17.4s est_300=1h 24m 49s
[OURS:T2T-ViT-14][085/300] loss=21.2922 ce=1.3663 guidance=7.9704 beta=2.50 train_acc=68.06% test_acc=46.27% best=46.48% lr=0.00041026244 time=17.1s est_300=1h 24m 49s
[OURS:T2T-ViT-14][086/300] loss=21.3331 ce=1.3559 guidance=7.9909 beta=2.50 train_acc=67.57% test_acc=44.86% best=46.48% lr=0.0004082568 time=17.2s est_300=1h 24m 50s
[OURS:T2T-ViT-14][087/300] loss=21.1397 ce=1.3480 guidance=7.9167 beta=2.50 train_acc=67.74% test_acc=43.96% best=46.48% lr=0.00040623408 time=17.5s est_300=1h 24m 52s
[OURS:T2T-ViT-14][088/300] loss=21.2850 ce=1.3497 guidance=7.9741 beta=2.50 train_acc=67.49% test_acc=45.25% best=46.48% lr=0.0004041945 time=17.4s est_300=1h 24m 54s
[OURS:T2T-ViT-14][089/300] loss=21.2220 ce=1.3272 guidance=7.9579 beta=2.50 train_acc=68.43% test_acc=45.06% best=46.48% lr=0.00040213828 time=17.5s est_300=1h 24m 55s
[OURS:T2T-ViT-14][090/300] loss=21.0442 ce=1.2712 guidance=7.9092 beta=2.50 train_acc=70.11% test_acc=45.01% best=46.48% lr=0.00040006566 time=17.2s est_300=1h 24m 56s
[OURS:T2T-ViT-14][091/300] loss=21.1711 ce=1.3024 guidance=7.9475 beta=2.50 train_acc=68.25% test_acc=45.41% best=46.48% lr=0.00039797685 time=17.1s est_300=1h 24m 57s
[OURS:T2T-ViT-14][092/300] loss=21.0891 ce=1.3131 guidance=7.9104 beta=2.50 train_acc=68.57% test_acc=45.08% best=46.48% lr=0.00039587209 time=16.7s est_300=1h 24m 56s
[OURS:T2T-ViT-14][093/300] loss=20.9126 ce=1.2643 guidance=7.8593 beta=2.50 train_acc=69.56% test_acc=45.72% best=46.48% lr=0.00039375161 time=16.8s est_300=1h 24m 55s
[OURS:T2T-ViT-14][094/300] loss=20.8488 ce=1.2362 guidance=7.8450 beta=2.50 train_acc=70.80% test_acc=45.46% best=46.48% lr=0.00039161564 time=17.0s est_300=1h 24m 55s
[OURS:T2T-ViT-14][095/300] loss=20.8660 ce=1.2312 guidance=7.8539 beta=2.50 train_acc=69.96% test_acc=45.29% best=46.48% lr=0.00038946441 time=17.3s est_300=1h 24m 56s
[OURS:T2T-ViT-14][096/300] loss=20.8961 ce=1.2503 guidance=7.8583 beta=2.50 train_acc=70.67% test_acc=46.38% best=46.48% lr=0.00038729816 time=16.5s est_300=1h 24m 55s
[OURS:T2T-ViT-14][097/300] loss=20.7439 ce=1.2085 guidance=7.8142 beta=2.50 train_acc=71.00% test_acc=45.84% best=46.48% lr=0.00038511713 time=16.6s est_300=1h 24m 53s
[OURS:T2T-ViT-14][098/300] loss=20.7002 ce=1.2067 guidance=7.7974 beta=2.50 train_acc=70.63% test_acc=45.12% best=46.48% lr=0.00038292156 time=16.2s est_300=1h 24m 51s
[OURS:T2T-ViT-14][099/300] loss=20.7447 ce=1.2263 guidance=7.8074 beta=2.50 train_acc=70.45% test_acc=44.27% best=46.48% lr=0.00038071168 time=16.8s est_300=1h 24m 50s
[OURS:T2T-ViT-14][100/300] loss=20.6288 ce=1.2062 guidance=7.7691 beta=2.50 train_acc=71.03% test_acc=45.58% best=46.48% lr=0.00037848775 time=17.1s est_300=1h 24m 51s
[OURS:T2T-ViT-14][101/300] loss=20.4866 ce=1.2205 guidance=7.7065 beta=2.50 train_acc=70.97% test_acc=46.98% best=46.98% lr=0.00037625 time=17.1s est_300=1h 24m 51s
[OURS:T2T-ViT-14][102/300] loss=20.5254 ce=1.1668 guidance=7.7434 beta=2.50 train_acc=72.14% test_acc=45.51% best=46.98% lr=0.00037399868 time=17.0s est_300=1h 24m 51s
[OURS:T2T-ViT-14][103/300] loss=20.5250 ce=1.1764 guidance=7.7394 beta=2.50 train_acc=72.31% test_acc=46.53% best=46.98% lr=0.00037173403 time=16.9s est_300=1h 24m 51s
[OURS:T2T-ViT-14][104/300] loss=20.6410 ce=1.2016 guidance=7.7757 beta=2.50 train_acc=71.56% test_acc=45.88% best=46.98% lr=0.00036945631 time=17.0s est_300=1h 24m 51s
[OURS:T2T-ViT-14][105/300] loss=20.4524 ce=1.1431 guidance=7.7237 beta=2.50 train_acc=72.51% test_acc=44.32% best=46.98% lr=0.00036716577 time=17.1s est_300=1h 24m 51s
[OURS:T2T-ViT-14][106/300] loss=20.5284 ce=1.2008 guidance=7.7310 beta=2.50 train_acc=70.82% test_acc=44.63% best=46.98% lr=0.00036486265 time=16.0s est_300=1h 24m 48s
[OURS:T2T-ViT-14][107/300] loss=20.4796 ce=1.1455 guidance=7.7336 beta=2.50 train_acc=72.50% test_acc=45.79% best=46.98% lr=0.00036254721 time=16.1s est_300=1h 24m 46s
[OURS:T2T-ViT-14][108/300] loss=20.4853 ce=1.1794 guidance=7.7224 beta=2.50 train_acc=72.30% test_acc=45.48% best=46.98% lr=0.0003602197 time=16.0s est_300=1h 24m 43s
[OURS:T2T-ViT-14][109/300] loss=20.4057 ce=1.1226 guidance=7.7133 beta=2.50 train_acc=72.92% test_acc=45.24% best=46.98% lr=0.00035788037 time=16.8s est_300=1h 24m 43s
[OURS:T2T-ViT-14][110/300] loss=20.1566 ce=1.0624 guidance=7.6377 beta=2.50 train_acc=74.28% test_acc=45.62% best=46.98% lr=0.0003555295 time=16.8s est_300=1h 24m 42s
[OURS:T2T-ViT-14][111/300] loss=20.2236 ce=1.0493 guidance=7.6697 beta=2.50 train_acc=74.33% test_acc=44.10% best=46.98% lr=0.00035316732 time=17.1s est_300=1h 24m 43s
[OURS:T2T-ViT-14][112/300] loss=20.0997 ce=1.0869 guidance=7.6051 beta=2.50 train_acc=74.16% test_acc=45.43% best=46.98% lr=0.0003507941 time=16.9s est_300=1h 24m 43s
[OURS:T2T-ViT-14][113/300] loss=20.1041 ce=1.0856 guidance=7.6074 beta=2.50 train_acc=74.13% test_acc=46.70% best=46.98% lr=0.00034841011 time=16.7s est_300=1h 24m 42s
[OURS:T2T-ViT-14][114/300] loss=20.0306 ce=1.0997 guidance=7.5724 beta=2.50 train_acc=73.69% test_acc=45.12% best=46.98% lr=0.00034601559 time=16.7s est_300=1h 24m 42s
[OURS:T2T-ViT-14][115/300] loss=20.0965 ce=1.0570 guidance=7.6158 beta=2.50 train_acc=75.00% test_acc=44.34% best=46.98% lr=0.00034361083 time=17.2s est_300=1h 24m 42s
[OURS:T2T-ViT-14][116/300] loss=20.0896 ce=1.0948 guidance=7.5979 beta=2.50 train_acc=73.87% test_acc=44.30% best=46.98% lr=0.00034119607 time=17.0s est_300=1h 24m 42s
[OURS:T2T-ViT-14][117/300] loss=20.0445 ce=1.0314 guidance=7.6052 beta=2.50 train_acc=75.15% test_acc=45.27% best=46.98% lr=0.00033877158 time=16.9s est_300=1h 24m 42s
[OURS:T2T-ViT-14][118/300] loss=19.9951 ce=1.0474 guidance=7.5791 beta=2.50 train_acc=74.58% test_acc=44.63% best=46.98% lr=0.00033633764 time=16.7s est_300=1h 24m 42s
[OURS:T2T-ViT-14][119/300] loss=19.9817 ce=1.0313 guidance=7.5801 beta=2.50 train_acc=74.92% test_acc=45.10% best=46.98% lr=0.0003338945 time=17.0s est_300=1h 24m 42s
[OURS:T2T-ViT-14][120/300] loss=19.9628 ce=1.0110 guidance=7.5807 beta=2.50 train_acc=75.55% test_acc=45.81% best=46.98% lr=0.00033144243 time=17.1s est_300=1h 24m 42s
[OURS:T2T-ViT-14][121/300] loss=19.8795 ce=1.0349 guidance=7.5378 beta=2.50 train_acc=75.13% test_acc=45.77% best=46.98% lr=0.00032898171 time=16.9s est_300=1h 24m 42s
[OURS:T2T-ViT-14][122/300] loss=19.8920 ce=1.0449 guidance=7.5388 beta=2.50 train_acc=74.83% test_acc=45.17% best=46.98% lr=0.0003265126 time=18.0s est_300=1h 24m 45s
[OURS:T2T-ViT-14][123/300] loss=19.8769 ce=1.0308 guidance=7.5385 beta=2.50 train_acc=75.02% test_acc=44.79% best=46.98% lr=0.00032403537 time=16.8s est_300=1h 24m 44s
[OURS:T2T-ViT-14][124/300] loss=19.8302 ce=1.0431 guidance=7.5148 beta=2.50 train_acc=74.88% test_acc=45.15% best=46.98% lr=0.0003215503 time=16.3s est_300=1h 24m 43s
[OURS:T2T-ViT-14][125/300] loss=19.7044 ce=1.0182 guidance=7.4745 beta=2.50 train_acc=75.71% test_acc=44.99% best=46.98% lr=0.00031905766 time=16.9s est_300=1h 24m 43s
[OURS:T2T-ViT-14][126/300] loss=19.8690 ce=1.0399 guidance=7.5317 beta=2.50 train_acc=75.18% test_acc=44.63% best=46.98% lr=0.00031655771 time=17.0s est_300=1h 24m 43s
[OURS:T2T-ViT-14][127/300] loss=19.8327 ce=1.0187 guidance=7.5256 beta=2.50 train_acc=75.86% test_acc=45.13% best=46.98% lr=0.00031405075 time=16.9s est_300=1h 24m 43s
[OURS:T2T-ViT-14][128/300] loss=19.6108 ce=0.9554 guidance=7.4622 beta=2.50 train_acc=77.05% test_acc=47.26% best=47.26% lr=0.00031153703 time=17.1s est_300=1h 24m 43s
[OURS:T2T-ViT-14][129/300] loss=19.7007 ce=0.9371 guidance=7.5055 beta=2.50 train_acc=77.17% test_acc=45.01% best=47.26% lr=0.00030901684 time=17.0s est_300=1h 24m 43s
[OURS:T2T-ViT-14][130/300] loss=19.7437 ce=0.9730 guidance=7.5083 beta=2.50 train_acc=76.21% test_acc=44.10% best=47.26% lr=0.00030649045 time=17.1s est_300=1h 24m 44s
[OURS:T2T-ViT-14][131/300] loss=19.7303 ce=0.9829 guidance=7.4990 beta=2.50 train_acc=76.31% test_acc=43.96% best=47.26% lr=0.00030395814 time=17.1s est_300=1h 24m 44s
[OURS:T2T-ViT-14][132/300] loss=19.5060 ce=0.9530 guidance=7.4212 beta=2.50 train_acc=76.85% test_acc=44.94% best=47.26% lr=0.00030142019 time=16.9s est_300=1h 24m 44s
[OURS:T2T-ViT-14][133/300] loss=1.0258 ce=1.0258 guidance=0.0000 beta=0.00 train_acc=75.49% test_acc=44.36% best=47.26% lr=0.00029887688 time=14.5s est_300=1h 24m 39s
[OURS:T2T-ViT-14][134/300] loss=0.9742 ce=0.9742 guidance=0.0000 beta=0.00 train_acc=76.68% test_acc=43.27% best=47.26% lr=0.00029632847 time=14.4s est_300=1h 24m 33s
[OURS:T2T-ViT-14][135/300] loss=0.9549 ce=0.9549 guidance=0.0000 beta=0.00 train_acc=77.05% test_acc=45.34% best=47.26% lr=0.00029377526 time=15.1s est_300=1h 24m 29s
[OURS:T2T-ViT-14][136/300] loss=0.9534 ce=0.9534 guidance=0.0000 beta=0.00 train_acc=77.12% test_acc=44.55% best=47.26% lr=0.00029121753 time=14.4s est_300=1h 24m 24s
[OURS:T2T-ViT-14][137/300] loss=0.9387 ce=0.9387 guidance=0.0000 beta=0.00 train_acc=76.90% test_acc=45.67% best=47.26% lr=0.00028865555 time=15.1s est_300=1h 24m 20s
[OURS:T2T-ViT-14][138/300] loss=0.9389 ce=0.9389 guidance=0.0000 beta=0.00 train_acc=77.20% test_acc=43.51% best=47.26% lr=0.0002860896 time=14.7s est_300=1h 24m 15s
[OURS:T2T-ViT-14][139/300] loss=0.9010 ce=0.9010 guidance=0.0000 beta=0.00 train_acc=78.58% test_acc=43.72% best=47.26% lr=0.00028351998 time=14.1s est_300=1h 24m 09s
[OURS:T2T-ViT-14][140/300] loss=0.9594 ce=0.9594 guidance=0.0000 beta=0.00 train_acc=77.10% test_acc=44.60% best=47.26% lr=0.00028094694 time=13.4s est_300=1h 24m 02s
[OURS:T2T-ViT-14][141/300] loss=0.9458 ce=0.9458 guidance=0.0000 beta=0.00 train_acc=77.52% test_acc=44.29% best=47.26% lr=0.00027837079 time=14.8s est_300=1h 23m 58s
[OURS:T2T-ViT-14][142/300] loss=0.9377 ce=0.9377 guidance=0.0000 beta=0.00 train_acc=77.94% test_acc=46.13% best=47.26% lr=0.00027579181 time=14.6s est_300=1h 23m 53s
[OURS:T2T-ViT-14][143/300] loss=0.9131 ce=0.9131 guidance=0.0000 beta=0.00 train_acc=78.14% test_acc=43.72% best=47.26% lr=0.00027321027 time=15.1s est_300=1h 23m 49s
[OURS:T2T-ViT-14][144/300] loss=0.8933 ce=0.8933 guidance=0.0000 beta=0.00 train_acc=78.93% test_acc=43.34% best=47.26% lr=0.00027062645 time=14.6s est_300=1h 23m 45s
[OURS:T2T-ViT-14][145/300] loss=0.8919 ce=0.8919 guidance=0.0000 beta=0.00 train_acc=78.36% test_acc=45.44% best=47.26% lr=0.00026804065 time=13.8s est_300=1h 23m 39s
[OURS:T2T-ViT-14][146/300] loss=0.8532 ce=0.8532 guidance=0.0000 beta=0.00 train_acc=78.90% test_acc=42.94% best=47.26% lr=0.00026545315 time=13.7s est_300=1h 23m 33s
[OURS:T2T-ViT-14][147/300] loss=0.8859 ce=0.8859 guidance=0.0000 beta=0.00 train_acc=78.80% test_acc=45.70% best=47.26% lr=0.00026286422 time=15.3s est_300=1h 23m 30s
[OURS:T2T-ViT-14][148/300] loss=0.8731 ce=0.8731 guidance=0.0000 beta=0.00 train_acc=79.00% test_acc=44.30% best=47.26% lr=0.00026027416 time=15.0s est_300=1h 23m 26s
[OURS:T2T-ViT-14][149/300] loss=0.8680 ce=0.8680 guidance=0.0000 beta=0.00 train_acc=79.22% test_acc=43.87% best=47.26% lr=0.00025768325 time=15.0s est_300=1h 23m 23s
[OURS:T2T-ViT-14][150/300] loss=0.8752 ce=0.8752 guidance=0.0000 beta=0.00 train_acc=78.80% test_acc=47.12% best=47.26% lr=0.00025509177 time=15.2s est_300=1h 23m 20s
[OURS:T2T-ViT-14][151/300] loss=0.8543 ce=0.8543 guidance=0.0000 beta=0.00 train_acc=79.52% test_acc=44.10% best=47.26% lr=0.0002525 time=14.5s est_300=1h 23m 16s
[OURS:T2T-ViT-14][152/300] loss=0.8547 ce=0.8547 guidance=0.0000 beta=0.00 train_acc=79.42% test_acc=43.46% best=47.26% lr=0.00024990823 time=14.5s est_300=1h 23m 11s
[OURS:T2T-ViT-14][153/300] loss=0.8207 ce=0.8207 guidance=0.0000 beta=0.00 train_acc=80.11% test_acc=45.50% best=47.26% lr=0.00024731675 time=15.4s est_300=1h 23m 09s
[OURS:T2T-ViT-14][154/300] loss=0.7928 ce=0.7928 guidance=0.0000 beta=0.00 train_acc=81.01% test_acc=45.24% best=47.26% lr=0.00024472584 time=14.4s est_300=1h 23m 05s
[OURS:T2T-ViT-14][155/300] loss=0.8148 ce=0.8148 guidance=0.0000 beta=0.00 train_acc=79.81% test_acc=45.39% best=47.26% lr=0.00024213578 time=14.4s est_300=1h 23m 00s
[OURS:T2T-ViT-14][156/300] loss=0.8235 ce=0.8235 guidance=0.0000 beta=0.00 train_acc=80.33% test_acc=45.20% best=47.26% lr=0.00023954685 time=14.5s est_300=1h 22m 56s
[OURS:T2T-ViT-14][157/300] loss=0.7686 ce=0.7686 guidance=0.0000 beta=0.00 train_acc=81.35% test_acc=44.86% best=47.26% lr=0.00023695935 time=15.3s est_300=1h 22m 54s
[OURS:T2T-ViT-14][158/300] loss=0.8071 ce=0.8071 guidance=0.0000 beta=0.00 train_acc=80.38% test_acc=45.37% best=47.26% lr=0.00023437355 time=14.6s est_300=1h 22m 50s
[OURS:T2T-ViT-14][159/300] loss=0.8144 ce=0.8144 guidance=0.0000 beta=0.00 train_acc=80.46% test_acc=44.44% best=47.26% lr=0.00023178973 time=14.5s est_300=1h 22m 46s
[OURS:T2T-ViT-14][160/300] loss=0.8056 ce=0.8056 guidance=0.0000 beta=0.00 train_acc=80.53% test_acc=46.62% best=47.26% lr=0.00022920819 time=14.3s est_300=1h 22m 42s
[OURS:T2T-ViT-14][161/300] loss=0.7453 ce=0.7453 guidance=0.0000 beta=0.00 train_acc=81.72% test_acc=46.69% best=47.26% lr=0.00022662921 time=15.1s est_300=1h 22m 39s
[OURS:T2T-ViT-14][162/300] loss=0.7863 ce=0.7863 guidance=0.0000 beta=0.00 train_acc=81.12% test_acc=45.36% best=47.26% lr=0.00022405306 time=14.2s est_300=1h 22m 35s
[OURS:T2T-ViT-14][163/300] loss=0.7820 ce=0.7820 guidance=0.0000 beta=0.00 train_acc=81.15% test_acc=46.58% best=47.26% lr=0.00022148002 time=14.2s est_300=1h 22m 31s
[OURS:T2T-ViT-14][164/300] loss=0.7525 ce=0.7525 guidance=0.0000 beta=0.00 train_acc=82.16% test_acc=45.41% best=47.26% lr=0.0002189104 time=15.4s est_300=1h 22m 29s
[OURS:T2T-ViT-14][165/300] loss=0.7656 ce=0.7656 guidance=0.0000 beta=0.00 train_acc=81.77% test_acc=46.57% best=47.26% lr=0.00021634445 time=14.4s est_300=1h 22m 25s
[OURS:T2T-ViT-14][166/300] loss=0.7009 ce=0.7009 guidance=0.0000 beta=0.00 train_acc=82.96% test_acc=45.44% best=47.26% lr=0.00021378247 time=14.8s est_300=1h 22m 22s
[OURS:T2T-ViT-14][167/300] loss=0.7477 ce=0.7477 guidance=0.0000 beta=0.00 train_acc=81.82% test_acc=46.69% best=47.26% lr=0.00021122474 time=14.6s est_300=1h 22m 18s
[OURS:T2T-ViT-14][168/300] loss=0.7441 ce=0.7441 guidance=0.0000 beta=0.00 train_acc=81.70% test_acc=45.25% best=47.26% lr=0.00020867153 time=14.5s est_300=1h 22m 15s
[OURS:T2T-ViT-14][169/300] loss=0.7104 ce=0.7104 guidance=0.0000 beta=0.00 train_acc=82.81% test_acc=45.51% best=47.26% lr=0.00020612312 time=14.6s est_300=1h 22m 12s
[OURS:T2T-ViT-14][170/300] loss=0.7264 ce=0.7264 guidance=0.0000 beta=0.00 train_acc=82.86% test_acc=46.27% best=47.26% lr=0.00020357981 time=14.5s est_300=1h 22m 08s
[OURS:T2T-ViT-14][171/300] loss=0.6901 ce=0.6901 guidance=0.0000 beta=0.00 train_acc=83.69% test_acc=45.36% best=47.26% lr=0.00020104186 time=14.5s est_300=1h 22m 05s
[OURS:T2T-ViT-14][172/300] loss=0.7249 ce=0.7249 guidance=0.0000 beta=0.00 train_acc=82.53% test_acc=46.43% best=47.26% lr=0.00019850955 time=14.3s est_300=1h 22m 01s
[OURS:T2T-ViT-14][173/300] loss=0.7117 ce=0.7117 guidance=0.0000 beta=0.00 train_acc=83.15% test_acc=45.43% best=47.26% lr=0.00019598316 time=13.9s est_300=1h 21m 57s
[OURS:T2T-ViT-14][174/300] loss=0.6709 ce=0.6709 guidance=0.0000 beta=0.00 train_acc=84.16% test_acc=45.24% best=47.26% lr=0.00019346297 time=13.9s est_300=1h 21m 52s
[OURS:T2T-ViT-14][175/300] loss=0.6590 ce=0.6590 guidance=0.0000 beta=0.00 train_acc=84.09% test_acc=47.13% best=47.26% lr=0.00019094925 time=13.7s est_300=1h 21m 48s
[OURS:T2T-ViT-14][176/300] loss=0.6673 ce=0.6673 guidance=0.0000 beta=0.00 train_acc=84.06% test_acc=46.29% best=47.26% lr=0.00018844229 time=13.5s est_300=1h 21m 43s
[OURS:T2T-ViT-14][177/300] loss=0.6772 ce=0.6772 guidance=0.0000 beta=0.00 train_acc=83.77% test_acc=45.27% best=47.26% lr=0.00018594234 time=14.9s est_300=1h 21m 41s
[OURS:T2T-ViT-14][178/300] loss=0.6783 ce=0.6783 guidance=0.0000 beta=0.00 train_acc=83.87% test_acc=46.79% best=47.26% lr=0.0001834497 time=14.5s est_300=1h 21m 38s
[OURS:T2T-ViT-14][179/300] loss=0.6798 ce=0.6798 guidance=0.0000 beta=0.00 train_acc=83.55% test_acc=46.34% best=47.26% lr=0.00018096463 time=14.2s est_300=1h 21m 34s
[OURS:T2T-ViT-14][180/300] loss=0.6796 ce=0.6796 guidance=0.0000 beta=0.00 train_acc=83.65% test_acc=47.07% best=47.26% lr=0.0001784874 time=12.9s est_300=1h 21m 28s
[OURS:T2T-ViT-14][181/300] loss=0.6389 ce=0.6389 guidance=0.0000 beta=0.00 train_acc=84.41% test_acc=42.51% best=47.26% lr=0.00017601829 time=14.4s est_300=1h 21m 25s
[OURS:T2T-ViT-14][182/300] loss=0.6503 ce=0.6503 guidance=0.0000 beta=0.00 train_acc=83.87% test_acc=46.88% best=47.26% lr=0.00017355757 time=14.3s est_300=1h 21m 22s
[OURS:T2T-ViT-14][183/300] loss=0.6652 ce=0.6652 guidance=0.0000 beta=0.00 train_acc=83.67% test_acc=46.46% best=47.26% lr=0.0001711055 time=14.3s est_300=1h 21m 19s
[OURS:T2T-ViT-14][184/300] loss=0.5984 ce=0.5984 guidance=0.0000 beta=0.00 train_acc=85.48% test_acc=45.39% best=47.26% lr=0.00016866236 time=15.1s est_300=1h 21m 17s
[OURS:T2T-ViT-14][185/300] loss=0.6177 ce=0.6177 guidance=0.0000 beta=0.00 train_acc=85.16% test_acc=45.53% best=47.26% lr=0.00016622842 time=14.6s est_300=1h 21m 14s
[OURS:T2T-ViT-14][186/300] loss=0.6053 ce=0.6053 guidance=0.0000 beta=0.00 train_acc=85.30% test_acc=45.65% best=47.26% lr=0.00016380393 time=14.3s est_300=1h 21m 11s
[OURS:T2T-ViT-14][187/300] loss=0.5924 ce=0.5924 guidance=0.0000 beta=0.00 train_acc=85.33% test_acc=45.39% best=47.26% lr=0.00016138917 time=15.2s est_300=1h 21m 09s
[OURS:T2T-ViT-14][188/300] loss=0.5835 ce=0.5835 guidance=0.0000 beta=0.00 train_acc=85.95% test_acc=45.48% best=47.26% lr=0.00015898441 time=14.5s est_300=1h 21m 07s
[OURS:T2T-ViT-14][189/300] loss=0.6145 ce=0.6145 guidance=0.0000 beta=0.00 train_acc=85.32% test_acc=46.00% best=47.26% lr=0.00015658989 time=14.4s est_300=1h 21m 04s
[OURS:T2T-ViT-14][190/300] loss=0.5843 ce=0.5843 guidance=0.0000 beta=0.00 train_acc=86.11% test_acc=45.74% best=47.26% lr=0.0001542059 time=14.5s est_300=1h 21m 01s
[OURS:T2T-ViT-14][191/300] loss=0.5779 ce=0.5779 guidance=0.0000 beta=0.00 train_acc=85.92% test_acc=45.88% best=47.26% lr=0.00015183268 time=14.6s est_300=1h 20m 58s
[OURS:T2T-ViT-14][192/300] loss=0.5720 ce=0.5720 guidance=0.0000 beta=0.00 train_acc=86.06% test_acc=47.48% best=47.48% lr=0.0001494705 time=14.6s est_300=1h 20m 56s
[OURS:T2T-ViT-14][193/300] loss=0.5770 ce=0.5770 guidance=0.0000 beta=0.00 train_acc=85.92% test_acc=46.27% best=47.48% lr=0.00014711963 time=14.7s est_300=1h 20m 54s
[OURS:T2T-ViT-14][194/300] loss=0.5525 ce=0.5525 guidance=0.0000 beta=0.00 train_acc=86.51% test_acc=46.25% best=47.48% lr=0.0001447803 time=15.1s est_300=1h 20m 52s
[OURS:T2T-ViT-14][195/300] loss=0.5691 ce=0.5691 guidance=0.0000 beta=0.00 train_acc=86.22% test_acc=45.77% best=47.48% lr=0.00014245279 time=14.5s est_300=1h 20m 49s
[OURS:T2T-ViT-14][196/300] loss=0.5751 ce=0.5751 guidance=0.0000 beta=0.00 train_acc=86.17% test_acc=45.65% best=47.48% lr=0.00014013735 time=14.5s est_300=1h 20m 47s
[OURS:T2T-ViT-14][197/300] loss=0.5679 ce=0.5679 guidance=0.0000 beta=0.00 train_acc=85.85% test_acc=45.27% best=47.48% lr=0.00013783423 time=14.5s est_300=1h 20m 44s
[OURS:T2T-ViT-14][198/300] loss=0.5414 ce=0.5414 guidance=0.0000 beta=0.00 train_acc=86.98% test_acc=45.39% best=47.48% lr=0.00013554369 time=14.7s est_300=1h 20m 42s
[OURS:T2T-ViT-14][199/300] loss=0.5507 ce=0.5507 guidance=0.0000 beta=0.00 train_acc=86.91% test_acc=46.63% best=47.48% lr=0.00013326597 time=14.5s est_300=1h 20m 40s
[OURS:T2T-ViT-14][200/300] loss=0.5267 ce=0.5267 guidance=0.0000 beta=0.00 train_acc=87.40% test_acc=45.25% best=47.48% lr=0.00013100132 time=14.6s est_300=1h 20m 37s
[OURS:T2T-ViT-14][201/300] loss=0.5150 ce=0.5150 guidance=0.0000 beta=0.00 train_acc=87.90% test_acc=46.03% best=47.48% lr=0.00012875 time=15.0s est_300=1h 20m 36s
[OURS:T2T-ViT-14][202/300] loss=0.5198 ce=0.5198 guidance=0.0000 beta=0.00 train_acc=87.21% test_acc=47.15% best=47.48% lr=0.00012651225 time=15.1s est_300=1h 20m 34s
[OURS:T2T-ViT-14][203/300] loss=0.5090 ce=0.5090 guidance=0.0000 beta=0.00 train_acc=87.50% test_acc=46.81% best=47.48% lr=0.00012428832 time=14.6s est_300=1h 20m 32s
[OURS:T2T-ViT-14][204/300] loss=0.5571 ce=0.5571 guidance=0.0000 beta=0.00 train_acc=86.71% test_acc=46.96% best=47.48% lr=0.00012207844 time=14.3s est_300=1h 20m 29s
[OURS:T2T-ViT-14][205/300] loss=0.5121 ce=0.5121 guidance=0.0000 beta=0.00 train_acc=87.11% test_acc=44.96% best=47.48% lr=0.00011988287 time=15.0s est_300=1h 20m 28s
[OURS:T2T-ViT-14][206/300] loss=0.5298 ce=0.5298 guidance=0.0000 beta=0.00 train_acc=87.13% test_acc=46.32% best=47.48% lr=0.00011770184 time=14.9s est_300=1h 20m 26s
[OURS:T2T-ViT-14][207/300] loss=0.4931 ce=0.4931 guidance=0.0000 beta=0.00 train_acc=88.07% test_acc=47.01% best=47.48% lr=0.00011553559 time=15.0s est_300=1h 20m 24s
[OURS:T2T-ViT-14][208/300] loss=0.5017 ce=0.5017 guidance=0.0000 beta=0.00 train_acc=87.97% test_acc=47.32% best=47.48% lr=0.00011338436 time=14.4s est_300=1h 20m 22s
[OURS:T2T-ViT-14][209/300] loss=0.4640 ce=0.4640 guidance=0.0000 beta=0.00 train_acc=88.98% test_acc=47.64% best=47.64% lr=0.00011124839 time=15.1s est_300=1h 20m 21s
[OURS:T2T-ViT-14][210/300] loss=0.5073 ce=0.5073 guidance=0.0000 beta=0.00 train_acc=87.72% test_acc=46.25% best=47.64% lr=0.00010912791 time=15.1s est_300=1h 20m 19s
[OURS:T2T-ViT-14][211/300] loss=0.4829 ce=0.4829 guidance=0.0000 beta=0.00 train_acc=87.82% test_acc=45.29% best=47.64% lr=0.00010702315 time=13.9s est_300=1h 20m 16s
[OURS:T2T-ViT-14][212/300] loss=0.4791 ce=0.4791 guidance=0.0000 beta=0.00 train_acc=88.36% test_acc=45.98% best=47.64% lr=0.00010493434 time=14.1s est_300=1h 20m 13s
[OURS:T2T-ViT-14][213/300] loss=0.4510 ce=0.4510 guidance=0.0000 beta=0.00 train_acc=88.89% test_acc=47.62% best=47.64% lr=0.00010286172 time=14.5s est_300=1h 20m 11s
[OURS:T2T-ViT-14][214/300] loss=0.4852 ce=0.4852 guidance=0.0000 beta=0.00 train_acc=88.36% test_acc=47.22% best=47.64% lr=0.0001008055 time=13.9s est_300=1h 20m 08s
[OURS:T2T-ViT-14][215/300] loss=0.4742 ce=0.4742 guidance=0.0000 beta=0.00 train_acc=88.42% test_acc=47.46% best=47.64% lr=9.8765924e-05 time=14.5s est_300=1h 20m 06s
[OURS:T2T-ViT-14][216/300] loss=0.4727 ce=0.4727 guidance=0.0000 beta=0.00 train_acc=88.79% test_acc=46.74% best=47.64% lr=9.6743203e-05 time=15.1s est_300=1h 20m 05s
[OURS:T2T-ViT-14][217/300] loss=0.4568 ce=0.4568 guidance=0.0000 beta=0.00 train_acc=88.96% test_acc=46.81% best=47.64% lr=9.4737563e-05 time=15.3s est_300=1h 20m 04s
[OURS:T2T-ViT-14][218/300] loss=0.4805 ce=0.4805 guidance=0.0000 beta=0.00 train_acc=88.21% test_acc=46.82% best=47.64% lr=9.2749222e-05 time=14.8s est_300=1h 20m 02s
[OURS:T2T-ViT-14][219/300] loss=0.4464 ce=0.4464 guidance=0.0000 beta=0.00 train_acc=89.72% test_acc=46.25% best=47.64% lr=9.0778401e-05 time=15.1s est_300=1h 20m 01s
[OURS:T2T-ViT-14][220/300] loss=0.4264 ce=0.4264 guidance=0.0000 beta=0.00 train_acc=89.87% test_acc=47.20% best=47.64% lr=8.8825313e-05 time=13.8s est_300=1h 19m 58s
[OURS:T2T-ViT-14][221/300] loss=0.4661 ce=0.4661 guidance=0.0000 beta=0.00 train_acc=88.59% test_acc=47.50% best=47.64% lr=8.6890175e-05 time=13.4s est_300=1h 19m 54s
[OURS:T2T-ViT-14][222/300] loss=0.4685 ce=0.4685 guidance=0.0000 beta=0.00 train_acc=89.00% test_acc=46.93% best=47.64% lr=8.4973198e-05 time=15.0s est_300=1h 19m 53s
[OURS:T2T-ViT-14][223/300] loss=0.4605 ce=0.4605 guidance=0.0000 beta=0.00 train_acc=88.84% test_acc=47.24% best=47.64% lr=8.3074591e-05 time=14.6s est_300=1h 19m 51s
[OURS:T2T-ViT-14][224/300] loss=0.4536 ce=0.4536 guidance=0.0000 beta=0.00 train_acc=89.03% test_acc=47.43% best=47.64% lr=8.1194564e-05 time=14.5s est_300=1h 19m 49s
[OURS:T2T-ViT-14][225/300] loss=0.4354 ce=0.4354 guidance=0.0000 beta=0.00 train_acc=89.58% test_acc=48.08% best=48.08% lr=7.9333323e-05 time=14.5s est_300=1h 19m 47s
[OURS:T2T-ViT-14][226/300] loss=0.4381 ce=0.4381 guidance=0.0000 beta=0.00 train_acc=89.47% test_acc=49.00% best=49.00% lr=7.7491072e-05 time=15.3s est_300=1h 19m 46s
[OURS:T2T-ViT-14][227/300] loss=0.4241 ce=0.4241 guidance=0.0000 beta=0.00 train_acc=89.78% test_acc=48.67% best=49.00% lr=7.5668012e-05 time=15.0s est_300=1h 19m 45s
[OURS:T2T-ViT-14][228/300] loss=0.4339 ce=0.4339 guidance=0.0000 beta=0.00 train_acc=89.55% test_acc=48.00% best=49.00% lr=7.3864344e-05 time=15.1s est_300=1h 19m 44s
[OURS:T2T-ViT-14][229/300] loss=0.4203 ce=0.4203 guidance=0.0000 beta=0.00 train_acc=89.92% test_acc=48.02% best=49.00% lr=7.2080265e-05 time=14.2s est_300=1h 19m 42s
[OURS:T2T-ViT-14][230/300] loss=0.3965 ce=0.3965 guidance=0.0000 beta=0.00 train_acc=90.62% test_acc=47.58% best=49.00% lr=7.0315971e-05 time=13.8s est_300=1h 19m 39s
[OURS:T2T-ViT-14][231/300] loss=0.4281 ce=0.4281 guidance=0.0000 beta=0.00 train_acc=89.55% test_acc=47.72% best=49.00% lr=6.8571656e-05 time=15.0s est_300=1h 19m 38s
[OURS:T2T-ViT-14][232/300] loss=0.4188 ce=0.4188 guidance=0.0000 beta=0.00 train_acc=89.58% test_acc=46.57% best=49.00% lr=6.684751e-05 time=14.6s est_300=1h 19m 36s
[OURS:T2T-ViT-14][233/300] loss=0.3988 ce=0.3988 guidance=0.0000 beta=0.00 train_acc=90.47% test_acc=46.01% best=49.00% lr=6.5143724e-05 time=15.1s est_300=1h 19m 35s
[OURS:T2T-ViT-14][234/300] loss=0.4167 ce=0.4167 guidance=0.0000 beta=0.00 train_acc=89.97% test_acc=47.10% best=49.00% lr=6.3460483e-05 time=14.5s est_300=1h 19m 33s
[OURS:T2T-ViT-14][235/300] loss=0.3856 ce=0.3856 guidance=0.0000 beta=0.00 train_acc=90.93% test_acc=47.70% best=49.00% lr=6.1797972e-05 time=14.4s est_300=1h 19m 31s
[OURS:T2T-ViT-14][236/300] loss=0.3758 ce=0.3758 guidance=0.0000 beta=0.00 train_acc=90.86% test_acc=48.36% best=49.00% lr=6.0156375e-05 time=14.6s est_300=1h 19m 30s
[OURS:T2T-ViT-14][237/300] loss=0.3918 ce=0.3918 guidance=0.0000 beta=0.00 train_acc=90.81% test_acc=46.62% best=49.00% lr=5.8535869e-05 time=14.7s est_300=1h 19m 28s
[OURS:T2T-ViT-14][238/300] loss=0.3886 ce=0.3886 guidance=0.0000 beta=0.00 train_acc=90.89% test_acc=48.02% best=49.00% lr=5.6936634e-05 time=14.8s est_300=1h 19m 27s
[OURS:T2T-ViT-14][239/300] loss=0.3593 ce=0.3593 guidance=0.0000 beta=0.00 train_acc=91.47% test_acc=47.03% best=49.00% lr=5.5358845e-05 time=14.3s est_300=1h 19m 25s
[OURS:T2T-ViT-14][240/300] loss=0.3820 ce=0.3820 guidance=0.0000 beta=0.00 train_acc=91.05% test_acc=47.19% best=49.00% lr=5.3802675e-05 time=14.4s est_300=1h 19m 23s
[OURS:T2T-ViT-14][241/300] loss=0.3715 ce=0.3715 guidance=0.0000 beta=0.00 train_acc=91.16% test_acc=47.34% best=49.00% lr=5.2268294e-05 time=14.5s est_300=1h 19m 21s
[OURS:T2T-ViT-14][242/300] loss=0.3846 ce=0.3846 guidance=0.0000 beta=0.00 train_acc=91.05% test_acc=47.98% best=49.00% lr=5.0755871e-05 time=14.7s est_300=1h 19m 20s
[OURS:T2T-ViT-14][243/300] loss=0.3757 ce=0.3757 guidance=0.0000 beta=0.00 train_acc=91.06% test_acc=47.27% best=49.00% lr=4.9265571e-05 time=14.2s est_300=1h 19m 18s
[OURS:T2T-ViT-14][244/300] loss=0.3901 ce=0.3901 guidance=0.0000 beta=0.00 train_acc=90.69% test_acc=47.41% best=49.00% lr=4.7797558e-05 time=13.7s est_300=1h 19m 15s
[OURS:T2T-ViT-14][245/300] loss=0.3817 ce=0.3817 guidance=0.0000 beta=0.00 train_acc=90.73% test_acc=47.95% best=49.00% lr=4.6351993e-05 time=14.1s est_300=1h 19m 13s
[OURS:T2T-ViT-14][246/300] loss=0.3619 ce=0.3619 guidance=0.0000 beta=0.00 train_acc=91.35% test_acc=47.96% best=49.00% lr=4.4929034e-05 time=14.5s est_300=1h 19m 11s
[OURS:T2T-ViT-14][247/300] loss=0.4075 ce=0.4075 guidance=0.0000 beta=0.00 train_acc=90.42% test_acc=48.22% best=49.00% lr=4.3528838e-05 time=15.0s est_300=1h 19m 10s
[OURS:T2T-ViT-14][248/300] loss=0.3758 ce=0.3758 guidance=0.0000 beta=0.00 train_acc=91.30% test_acc=47.65% best=49.00% lr=4.2151558e-05 time=15.1s est_300=1h 19m 09s
[OURS:T2T-ViT-14][249/300] loss=0.3518 ce=0.3518 guidance=0.0000 beta=0.00 train_acc=91.55% test_acc=47.19% best=49.00% lr=4.0797346e-05 time=14.5s est_300=1h 19m 08s
[OURS:T2T-ViT-14][250/300] loss=0.3639 ce=0.3639 guidance=0.0000 beta=0.00 train_acc=91.35% test_acc=47.48% best=49.00% lr=3.9466348e-05 time=15.1s est_300=1h 19m 07s
[OURS:T2T-ViT-14][251/300] loss=0.3606 ce=0.3606 guidance=0.0000 beta=0.00 train_acc=91.48% test_acc=47.32% best=49.00% lr=3.8158713e-05 time=15.5s est_300=1h 19m 06s
[OURS:T2T-ViT-14][252/300] loss=0.3610 ce=0.3610 guidance=0.0000 beta=0.00 train_acc=91.20% test_acc=47.60% best=49.00% lr=3.6874582e-05 time=13.7s est_300=1h 19m 04s
[OURS:T2T-ViT-14][253/300] loss=0.3511 ce=0.3511 guidance=0.0000 beta=0.00 train_acc=91.78% test_acc=47.38% best=49.00% lr=3.5614097e-05 time=14.5s est_300=1h 19m 02s
[OURS:T2T-ViT-14][254/300] loss=0.3768 ce=0.3768 guidance=0.0000 beta=0.00 train_acc=90.99% test_acc=46.12% best=49.00% lr=3.4377396e-05 time=14.5s est_300=1h 19m 01s
[OURS:T2T-ViT-14][255/300] loss=0.3504 ce=0.3504 guidance=0.0000 beta=0.00 train_acc=91.65% test_acc=47.19% best=49.00% lr=3.3164614e-05 time=14.4s est_300=1h 18m 59s
[OURS:T2T-ViT-14][256/300] loss=0.3538 ce=0.3538 guidance=0.0000 beta=0.00 train_acc=91.40% test_acc=48.31% best=49.00% lr=3.1975885e-05 time=14.5s est_300=1h 18m 58s
[OURS:T2T-ViT-14][257/300] loss=0.3734 ce=0.3734 guidance=0.0000 beta=0.00 train_acc=91.35% test_acc=48.07% best=49.00% lr=3.0811339e-05 time=15.1s est_300=1h 18m 57s
[OURS:T2T-ViT-14][258/300] loss=0.3525 ce=0.3525 guidance=0.0000 beta=0.00 train_acc=91.97% test_acc=48.48% best=49.00% lr=2.9671104e-05 time=13.6s est_300=1h 18m 54s
[OURS:T2T-ViT-14][259/300] loss=0.3290 ce=0.3290 guidance=0.0000 beta=0.00 train_acc=92.15% test_acc=47.34% best=49.00% lr=2.8555305e-05 time=14.5s est_300=1h 18m 53s
[OURS:T2T-ViT-14][260/300] loss=0.3361 ce=0.3361 guidance=0.0000 beta=0.00 train_acc=91.77% test_acc=47.57% best=49.00% lr=2.7464063e-05 time=14.5s est_300=1h 18m 51s
[OURS:T2T-ViT-14][261/300] loss=0.3539 ce=0.3539 guidance=0.0000 beta=0.00 train_acc=91.18% test_acc=47.50% best=49.00% lr=2.6397499e-05 time=15.1s est_300=1h 18m 51s
[OURS:T2T-ViT-14][262/300] loss=0.3338 ce=0.3338 guidance=0.0000 beta=0.00 train_acc=92.51% test_acc=48.00% best=49.00% lr=2.535573e-05 time=14.5s est_300=1h 18m 49s
[OURS:T2T-ViT-14][263/300] loss=0.3387 ce=0.3387 guidance=0.0000 beta=0.00 train_acc=91.99% test_acc=48.39% best=49.00% lr=2.433887e-05 time=14.5s est_300=1h 18m 48s
[OURS:T2T-ViT-14][264/300] loss=0.3515 ce=0.3515 guidance=0.0000 beta=0.00 train_acc=91.83% test_acc=48.21% best=49.00% lr=2.334703e-05 time=15.1s est_300=1h 18m 47s
[OURS:T2T-ViT-14][265/300] loss=0.3484 ce=0.3484 guidance=0.0000 beta=0.00 train_acc=91.80% test_acc=47.69% best=49.00% lr=2.238032e-05 time=15.2s est_300=1h 18m 46s
[OURS:T2T-ViT-14][266/300] loss=0.3380 ce=0.3380 guidance=0.0000 beta=0.00 train_acc=92.29% test_acc=47.67% best=49.00% lr=2.1438844e-05 time=15.1s est_300=1h 18m 46s
[OURS:T2T-ViT-14][267/300] loss=0.3202 ce=0.3202 guidance=0.0000 beta=0.00 train_acc=92.36% test_acc=47.79% best=49.00% lr=2.0522708e-05 time=15.2s est_300=1h 18m 45s
[OURS:T2T-ViT-14][268/300] loss=0.3324 ce=0.3324 guidance=0.0000 beta=0.00 train_acc=92.17% test_acc=47.57% best=49.00% lr=1.963201e-05 time=14.3s est_300=1h 18m 43s
[OURS:T2T-ViT-14][269/300] loss=0.3224 ce=0.3224 guidance=0.0000 beta=0.00 train_acc=92.44% test_acc=47.86% best=49.00% lr=1.8766848e-05 time=14.7s est_300=1h 18m 42s
[OURS:T2T-ViT-14][270/300] loss=0.3426 ce=0.3426 guidance=0.0000 beta=0.00 train_acc=91.85% test_acc=47.67% best=49.00% lr=1.7927319e-05 time=14.5s est_300=1h 18m 41s
[OURS:T2T-ViT-14][271/300] loss=0.3205 ce=0.3205 guidance=0.0000 beta=0.00 train_acc=92.32% test_acc=47.53% best=49.00% lr=1.7113512e-05 time=14.4s est_300=1h 18m 39s
[OURS:T2T-ViT-14][272/300] loss=0.3368 ce=0.3368 guidance=0.0000 beta=0.00 train_acc=91.99% test_acc=48.24% best=49.00% lr=1.6325519e-05 time=14.5s est_300=1h 18m 38s
[OURS:T2T-ViT-14][273/300] loss=0.3296 ce=0.3296 guidance=0.0000 beta=0.00 train_acc=92.07% test_acc=47.58% best=49.00% lr=1.5563424e-05 time=14.3s est_300=1h 18m 36s
[OURS:T2T-ViT-14][274/300] loss=0.3166 ce=0.3166 guidance=0.0000 beta=0.00 train_acc=92.62% test_acc=48.17% best=49.00% lr=1.4827313e-05 time=14.9s est_300=1h 18m 36s
[OURS:T2T-ViT-14][275/300] loss=0.3129 ce=0.3129 guidance=0.0000 beta=0.00 train_acc=92.32% test_acc=47.81% best=49.00% lr=1.4117265e-05 time=13.7s est_300=1h 18m 33s
[OURS:T2T-ViT-14][276/300] loss=0.3121 ce=0.3121 guidance=0.0000 beta=0.00 train_acc=92.42% test_acc=48.07% best=49.00% lr=1.3433358e-05 time=13.7s est_300=1h 18m 31s
[OURS:T2T-ViT-14][277/300] loss=0.3313 ce=0.3313 guidance=0.0000 beta=0.00 train_acc=92.04% test_acc=47.27% best=49.00% lr=1.2775668e-05 time=13.6s est_300=1h 18m 29s
[OURS:T2T-ViT-14][278/300] loss=0.3183 ce=0.3183 guidance=0.0000 beta=0.00 train_acc=92.39% test_acc=48.12% best=49.00% lr=1.2144266e-05 time=13.6s est_300=1h 18m 27s
[OURS:T2T-ViT-14][279/300] loss=0.2992 ce=0.2992 guidance=0.0000 beta=0.00 train_acc=92.88% test_acc=47.84% best=49.00% lr=1.1539222e-05 time=15.1s est_300=1h 18m 26s
[OURS:T2T-ViT-14][280/300] loss=0.3075 ce=0.3075 guidance=0.0000 beta=0.00 train_acc=92.86% test_acc=47.84% best=49.00% lr=1.0960601e-05 time=14.6s est_300=1h 18m 25s
[OURS:T2T-ViT-14][281/300] loss=0.3147 ce=0.3147 guidance=0.0000 beta=0.00 train_acc=92.74% test_acc=48.36% best=49.00% lr=1.0408469e-05 time=14.6s est_300=1h 18m 24s
[OURS:T2T-ViT-14][282/300] loss=0.3214 ce=0.3214 guidance=0.0000 beta=0.00 train_acc=92.39% test_acc=47.64% best=49.00% lr=9.8828843e-06 time=14.6s est_300=1h 18m 23s
[OURS:T2T-ViT-14][283/300] loss=0.3055 ce=0.3055 guidance=0.0000 beta=0.00 train_acc=92.73% test_acc=47.64% best=49.00% lr=9.3839054e-06 time=15.2s est_300=1h 18m 22s
[OURS:T2T-ViT-14][284/300] loss=0.3215 ce=0.3215 guidance=0.0000 beta=0.00 train_acc=92.31% test_acc=47.74% best=49.00% lr=8.911587e-06 time=15.4s est_300=1h 18m 22s
[OURS:T2T-ViT-14][285/300] loss=0.2950 ce=0.2950 guidance=0.0000 beta=0.00 train_acc=92.88% test_acc=47.41% best=49.00% lr=8.4659808e-06 time=15.0s est_300=1h 18m 21s
[OURS:T2T-ViT-14][286/300] loss=0.3033 ce=0.3033 guidance=0.0000 beta=0.00 train_acc=92.93% test_acc=47.84% best=49.00% lr=8.0471357e-06 time=14.2s est_300=1h 18m 20s
[OURS:T2T-ViT-14][287/300] loss=0.3161 ce=0.3161 guidance=0.0000 beta=0.00 train_acc=92.56% test_acc=47.88% best=49.00% lr=7.6550976e-06 time=14.3s est_300=1h 18m 18s
[OURS:T2T-ViT-14][288/300] loss=0.3040 ce=0.3040 guidance=0.0000 beta=0.00 train_acc=92.83% test_acc=47.76% best=49.00% lr=7.2899095e-06 time=14.4s est_300=1h 18m 17s
[OURS:T2T-ViT-14][289/300] loss=0.3007 ce=0.3007 guidance=0.0000 beta=0.00 train_acc=93.04% test_acc=47.39% best=49.00% lr=6.9516114e-06 time=14.8s est_300=1h 18m 16s
[OURS:T2T-ViT-14][290/300] loss=0.3045 ce=0.3045 guidance=0.0000 beta=0.00 train_acc=92.73% test_acc=47.69% best=49.00% lr=6.6402405e-06 time=15.0s est_300=1h 18m 15s
[OURS:T2T-ViT-14][291/300] loss=0.3173 ce=0.3173 guidance=0.0000 beta=0.00 train_acc=92.62% test_acc=47.74% best=49.00% lr=6.3558309e-06 time=14.5s est_300=1h 18m 14s
[OURS:T2T-ViT-14][292/300] loss=0.3088 ce=0.3088 guidance=0.0000 beta=0.00 train_acc=92.79% test_acc=48.14% best=49.00% lr=6.0984138e-06 time=14.4s est_300=1h 18m 13s
[OURS:T2T-ViT-14][293/300] loss=0.3130 ce=0.3130 guidance=0.0000 beta=0.00 train_acc=92.34% test_acc=47.83% best=49.00% lr=5.8680173e-06 time=14.7s est_300=1h 18m 12s
[OURS:T2T-ViT-14][294/300] loss=0.2949 ce=0.2949 guidance=0.0000 beta=0.00 train_acc=93.11% test_acc=47.88% best=49.00% lr=5.6646669e-06 time=14.6s est_300=1h 18m 11s
[OURS:T2T-ViT-14][295/300] loss=0.2929 ce=0.2929 guidance=0.0000 beta=0.00 train_acc=93.21% test_acc=48.24% best=49.00% lr=5.4883847e-06 time=15.0s est_300=1h 18m 10s
[OURS:T2T-ViT-14][296/300] loss=0.3126 ce=0.3126 guidance=0.0000 beta=0.00 train_acc=92.10% test_acc=48.22% best=49.00% lr=5.3391901e-06 time=15.2s est_300=1h 18m 10s
[OURS:T2T-ViT-14][297/300] loss=0.3216 ce=0.3216 guidance=0.0000 beta=0.00 train_acc=92.31% test_acc=47.81% best=49.00% lr=5.2170996e-06 time=14.3s est_300=1h 18m 08s
[OURS:T2T-ViT-14][298/300] loss=0.3010 ce=0.3010 guidance=0.0000 beta=0.00 train_acc=93.01% test_acc=47.84% best=49.00% lr=5.1221263e-06 time=14.1s est_300=1h 18m 07s
[OURS:T2T-ViT-14][299/300] loss=0.3184 ce=0.3184 guidance=0.0000 beta=0.00 train_acc=92.71% test_acc=47.86% best=49.00% lr=5.0542808e-06 time=14.5s est_300=1h 18m 05s
[OURS:T2T-ViT-14][300/300] loss=0.3056 ce=0.3056 guidance=0.0000 beta=0.00 train_acc=92.94% test_acc=47.88% best=49.00% lr=5.0135706e-06 time=14.7s est_300=1h 18m 05s
[TIMING_RESULT] student=T2T-ViT-14 method=OURS batch=64 avg_epoch=15.62s estimated_300=1h 18m 05s
[FINAL_RESULT] summary=/app/output/table1_cub200_t2t_vit14_all_full_seed1/students/table1_cub200_t2t_vit_14_ours_b64_full_300ep_seed1/summary.json
[DONE] Table-1 CUB student task completed successfully.
[STUDENT_IDENTITY_CHECK_TABLE1_CUB200] status=PASS student=T2T-ViT-14 method=OursB64 batch=64 teacher=06f75192b1c108c89e480843cb4f72dfb28aa762d7b11e7ac327333dd54b51f5
[TASK_DONE] 4/5 T2T-ViT-14/OursB64 elapsed=1h 19m 06s
------------------------------------------------------------------------------------------------
[TASK_START] 5/5 T2T-ViT-14/OursB128
[COMMAND][OursB128] /usr/bin/python /app/scratch/input/kau-aimslab_556/methods/table1_cub200/train.py --full-run --student t2t_vit_14 --method ours --batch-size 128 --data-dir /app/output/table1_cub200_t2t_vit14_all_full_seed1/data/cub200 --teacher-root /app/scratch/input/kau-aimslab_556/teachers/checkpoints/cub200_table1_resnet56_32 --output-dir /app/output/table1_cub200_t2t_vit14_all_full_seed1/students --run-name table1_cub200_t2t_vit_14_ours_b128_full_300ep_seed1 --num-workers 4
[BOOT] Python process started: /usr/bin/python
[BOOT] complete Table-1 runtime dependencies already available
/usr/local/lib/python3.10/dist-packages/timm/models/layers/__init__.py:49: FutureWarning: Importing from timm.models.layers is deprecated, please import via timm.layers
  warnings.warn(f"Importing from {__name__} is deprecated, please import via timm.layers", FutureWarning)
========================================================================================
CUB-200 TABLE-1 EXTENSION
========================================================================================
[TASK] student=T2T-ViT-14 method=OURS batch=128 mode=full_300ep
[MODE] actual_epochs=300 planned_epochs=300
[PROTOCOL_LOCK] dataset=CUB-200-2011 split=5994/5794 teacher=ResNet56-scratch-32 student=scratch-224 epochs=300 AdamW=5e-4->5e-6 wd=0.05 warmup=20 seed=1 fp32=True
[FIXED_TEACHER_TABLE1_CUB200] h200_build=543 root=/app/scratch/input/kau-aimslab_556/teachers/checkpoints/cub200_table1_resnet56_32 sha256=06f75192b1c108c89e480843cb4f72dfb28aa762d7b11e7ac327333dd54b51f5
[SOURCE] official_lg_repo=https://github.com/lkhl/tiny-transformers commit=d2165f74049c906b0afc9f957491960fb3c0cc8b
[MODEL] params=21,237,550 feature_dims=(384, 384, 384, 384, 384, 384, 384, 384, 384, 384, 384, 384, 384, 384) selected_lg=(0, 7, 13)
[FEATURE_CHECK] student=((2, 384, 14, 14), (2, 384, 14, 14), (2, 384, 14, 14), (2, 384, 14, 14), (2, 384, 14, 14), (2, 384, 14, 14), (2, 384, 14, 14), (2, 384, 14, 14), (2, 384, 14, 14), (2, 384, 14, 14), (2, 384, 14, 14), (2, 384, 14, 14), (2, 384, 14, 14), (2, 384, 14, 14)) teacher=((2, 16, 32, 32), (2, 32, 16, 16), (2, 64, 8, 8)) guidance_probe=12.334789
[OURS_ADAPTER] all_blocks=True common_channels=192 common_grid=14 adapter_params=1,034,880 ours_params=55,907
[OPTIMIZER] contract=ours_single_group_all_parameters_decay_0.05
[OURS:T2T-ViT-14][001/300] loss=100.5404 ce=5.3779 guidance=38.0650 beta=2.50 train_acc=0.39% test_acc=0.21% best=0.21% lr=5e-07 time=16.3s est_300=1h 21m 38s
[OURS:T2T-ViT-14][002/300] loss=90.8759 ce=5.3614 guidance=34.2058 beta=2.50 train_acc=0.61% test_acc=0.52% best=0.52% lr=2.5475e-05 time=15.2s est_300=1h 18m 52s
[OURS:T2T-ViT-14][003/300] loss=81.6344 ce=5.3319 guidance=30.5210 beta=2.50 train_acc=0.48% test_acc=0.52% best=0.52% lr=5.045e-05 time=14.6s est_300=1h 16m 54s
[OURS:T2T-ViT-14][004/300] loss=76.8074 ce=5.3149 guidance=28.5970 beta=2.50 train_acc=0.36% test_acc=0.88% best=0.88% lr=7.5425e-05 time=15.6s est_300=1h 17m 12s
[OURS:T2T-ViT-14][005/300] loss=71.6170 ce=5.3142 guidance=26.5211 beta=2.50 train_acc=0.34% test_acc=0.83% best=0.88% lr=0.0001004 time=15.5s est_300=1h 17m 16s
[OURS:T2T-ViT-14][006/300] loss=66.7757 ce=5.3063 guidance=24.5878 beta=2.50 train_acc=0.54% test_acc=0.95% best=0.95% lr=0.000125375 time=15.4s est_300=1h 17m 12s
[OURS:T2T-ViT-14][007/300] loss=61.8635 ce=5.2783 guidance=22.6340 beta=2.50 train_acc=0.56% test_acc=1.16% best=1.16% lr=0.00015035 time=15.1s est_300=1h 16m 56s
[OURS:T2T-ViT-14][008/300] loss=57.8528 ce=5.1890 guidance=21.0655 beta=2.50 train_acc=0.66% test_acc=1.67% best=1.67% lr=0.000175325 time=14.0s est_300=1h 16m 02s
[OURS:T2T-ViT-14][009/300] loss=55.5233 ce=5.0921 guidance=20.1725 beta=2.50 train_acc=1.24% test_acc=2.62% best=2.62% lr=0.0002003 time=15.0s est_300=1h 15m 54s
[OURS:T2T-ViT-14][010/300] loss=52.9550 ce=5.0182 guidance=19.1747 beta=2.50 train_acc=2.06% test_acc=3.16% best=3.16% lr=0.000225275 time=14.6s est_300=1h 15m 35s
[OURS:T2T-ViT-14][011/300] loss=50.7584 ce=4.8891 guidance=18.3477 beta=2.50 train_acc=2.67% test_acc=4.73% best=4.73% lr=0.00025025 time=14.0s est_300=1h 15m 04s
[OURS:T2T-ViT-14][012/300] loss=49.3560 ce=4.7476 guidance=17.8433 beta=2.50 train_acc=3.92% test_acc=6.13% best=6.13% lr=0.000275225 time=14.9s est_300=1h 15m 02s
[OURS:T2T-ViT-14][013/300] loss=47.6158 ce=4.6553 guidance=17.1842 beta=2.50 train_acc=4.50% test_acc=7.30% best=7.30% lr=0.0003002 time=15.7s est_300=1h 15m 17s
[OURS:T2T-ViT-14][014/300] loss=46.5864 ce=4.5393 guidance=16.8189 beta=2.50 train_acc=6.01% test_acc=8.27% best=8.27% lr=0.000325175 time=15.1s est_300=1h 15m 17s
[OURS:T2T-ViT-14][015/300] loss=45.2484 ce=4.4274 guidance=16.3284 beta=2.50 train_acc=6.67% test_acc=9.72% best=9.72% lr=0.00035015 time=14.4s est_300=1h 15m 04s
[OURS:T2T-ViT-14][016/300] loss=43.8733 ce=4.3465 guidance=15.8107 beta=2.50 train_acc=7.54% test_acc=11.03% best=11.03% lr=0.000375125 time=14.0s est_300=1h 14m 46s
[OURS:T2T-ViT-14][017/300] loss=43.2696 ce=4.2768 guidance=15.5971 beta=2.50 train_acc=9.10% test_acc=11.55% best=11.55% lr=0.0004001 time=14.0s est_300=1h 14m 29s
[OURS:T2T-ViT-14][018/300] loss=41.7489 ce=4.1619 guidance=15.0348 beta=2.50 train_acc=10.07% test_acc=13.69% best=13.69% lr=0.000425075 time=14.0s est_300=1h 14m 14s
[OURS:T2T-ViT-14][019/300] loss=40.9180 ce=4.0742 guidance=14.7375 beta=2.50 train_acc=11.51% test_acc=15.07% best=15.07% lr=0.00045005 time=15.2s est_300=1h 14m 20s
[OURS:T2T-ViT-14][020/300] loss=39.9221 ce=4.0423 guidance=14.3519 beta=2.50 train_acc=12.53% test_acc=15.69% best=15.69% lr=0.000475025 time=15.1s est_300=1h 14m 23s
[OURS:T2T-ViT-14][021/300] loss=39.3211 ce=3.9358 guidance=14.1541 beta=2.50 train_acc=13.59% test_acc=16.22% best=16.22% lr=0.00049459153 time=15.0s est_300=1h 14m 25s
[OURS:T2T-ViT-14][022/300] loss=38.3263 ce=3.8240 guidance=13.8009 beta=2.50 train_acc=15.69% test_acc=17.21% best=17.21% lr=0.0004940394 time=14.9s est_300=1h 14m 25s
[OURS:T2T-ViT-14][023/300] loss=37.7745 ce=3.7486 guidance=13.6104 beta=2.50 train_acc=16.08% test_acc=20.88% best=20.88% lr=0.00049346078 time=15.5s est_300=1h 14m 33s
[OURS:T2T-ViT-14][024/300] loss=36.8101 ce=3.6677 guidance=13.2570 beta=2.50 train_acc=18.61% test_acc=22.06% best=22.06% lr=0.00049285573 time=15.0s est_300=1h 14m 35s
[OURS:T2T-ViT-14][025/300] loss=35.7757 ce=3.6099 guidance=12.8663 beta=2.50 train_acc=19.07% test_acc=24.27% best=24.27% lr=0.00049222433 time=15.6s est_300=1h 14m 43s
[OURS:T2T-ViT-14][026/300] loss=35.3889 ce=3.5144 guidance=12.7498 beta=2.50 train_acc=20.75% test_acc=25.03% best=25.03% lr=0.00049156664 time=15.3s est_300=1h 14m 46s
[OURS:T2T-ViT-14][027/300] loss=34.6048 ce=3.4623 guidance=12.4570 beta=2.50 train_acc=21.42% test_acc=25.41% best=25.41% lr=0.00049088274 time=14.3s est_300=1h 14m 39s
[OURS:T2T-ViT-14][028/300] loss=33.8997 ce=3.4201 guidance=12.1918 beta=2.50 train_acc=22.88% test_acc=26.82% best=26.82% lr=0.00049017269 time=14.1s est_300=1h 14m 30s
[OURS:T2T-ViT-14][029/300] loss=33.3401 ce=3.3286 guidance=12.0046 beta=2.50 train_acc=24.66% test_acc=27.86% best=27.86% lr=0.00048943658 time=14.0s est_300=1h 14m 21s
[OURS:T2T-ViT-14][030/300] loss=32.6750 ce=3.2543 guidance=11.7683 beta=2.50 train_acc=25.49% test_acc=30.07% best=30.07% lr=0.00048867448 time=14.8s est_300=1h 14m 20s
[OURS:T2T-ViT-14][031/300] loss=31.9713 ce=3.1626 guidance=11.5235 beta=2.50 train_acc=26.89% test_acc=31.22% best=31.22% lr=0.00048788649 time=14.0s est_300=1h 14m 12s
[OURS:T2T-ViT-14][032/300] loss=31.6710 ce=3.1083 guidance=11.4251 beta=2.50 train_acc=28.35% test_acc=31.08% best=31.22% lr=0.00048707268 time=14.0s est_300=1h 14m 04s
[OURS:T2T-ViT-14][033/300] loss=31.2278 ce=3.0613 guidance=11.2666 beta=2.50 train_acc=29.36% test_acc=32.21% best=32.21% lr=0.00048623315 time=14.0s est_300=1h 13m 56s
[OURS:T2T-ViT-14][034/300] loss=30.8434 ce=3.0017 guidance=11.1367 beta=2.50 train_acc=30.28% test_acc=32.76% best=32.76% lr=0.00048536799 time=13.9s est_300=1h 13m 49s
[OURS:T2T-ViT-14][035/300] loss=30.5443 ce=2.9618 guidance=11.0330 beta=2.50 train_acc=31.45% test_acc=33.53% best=33.53% lr=0.00048447729 time=13.9s est_300=1h 13m 42s
[OURS:T2T-ViT-14][036/300] loss=29.9951 ce=2.8977 guidance=10.8390 beta=2.50 train_acc=32.85% test_acc=35.00% best=35.00% lr=0.00048356116 time=15.0s est_300=1h 13m 44s
[OURS:T2T-ViT-14][037/300] loss=29.7263 ce=2.8184 guidance=10.7632 beta=2.50 train_acc=34.80% test_acc=36.04% best=36.04% lr=0.00048261968 time=14.0s est_300=1h 13m 38s
[OURS:T2T-ViT-14][038/300] loss=29.4494 ce=2.7901 guidance=10.6637 beta=2.50 train_acc=35.17% test_acc=36.42% best=36.42% lr=0.00048165297 time=14.0s est_300=1h 13m 32s
[OURS:T2T-ViT-14][039/300] loss=28.9744 ce=2.7095 guidance=10.5060 beta=2.50 train_acc=36.51% test_acc=37.19% best=37.19% lr=0.00048066113 time=14.9s est_300=1h 13m 34s
[OURS:T2T-ViT-14][040/300] loss=28.7684 ce=2.6936 guidance=10.4299 beta=2.50 train_acc=36.72% test_acc=37.81% best=37.81% lr=0.00047964427 time=14.9s est_300=1h 13m 35s
[OURS:T2T-ViT-14][041/300] loss=28.4527 ce=2.6495 guidance=10.3213 beta=2.50 train_acc=37.67% test_acc=37.00% best=37.81% lr=0.0004786025 time=14.8s est_300=1h 13m 36s
[OURS:T2T-ViT-14][042/300] loss=28.1960 ce=2.6151 guidance=10.2324 beta=2.50 train_acc=38.62% test_acc=38.45% best=38.45% lr=0.00047753594 time=14.9s est_300=1h 13m 38s
[OURS:T2T-ViT-14][043/300] loss=27.9280 ce=2.5427 guidance=10.1541 beta=2.50 train_acc=39.86% test_acc=39.13% best=39.13% lr=0.0004764447 time=15.0s est_300=1h 13m 40s
[OURS:T2T-ViT-14][044/300] loss=27.6369 ce=2.5584 guidance=10.0314 beta=2.50 train_acc=39.71% test_acc=38.82% best=39.13% lr=0.0004753289 time=15.1s est_300=1h 13m 42s
[OURS:T2T-ViT-14][045/300] loss=27.4541 ce=2.4571 guidance=9.9988 beta=2.50 train_acc=41.92% test_acc=39.44% best=39.44% lr=0.00047418866 time=15.0s est_300=1h 13m 44s
[OURS:T2T-ViT-14][046/300] loss=27.1065 ce=2.4302 guidance=9.8705 beta=2.50 train_acc=41.81% test_acc=39.13% best=39.44% lr=0.00047302411 time=15.1s est_300=1h 13m 46s
[OURS:T2T-ViT-14][047/300] loss=27.0420 ce=2.3942 guidance=9.8591 beta=2.50 train_acc=43.67% test_acc=40.44% best=40.44% lr=0.00047183539 time=15.2s est_300=1h 13m 49s
[OURS:T2T-ViT-14][048/300] loss=26.6734 ce=2.4040 guidance=9.7078 beta=2.50 train_acc=43.95% test_acc=39.25% best=40.44% lr=0.0004706226 time=14.7s est_300=1h 13m 49s
[OURS:T2T-ViT-14][049/300] loss=26.4630 ce=2.2797 guidance=9.6733 beta=2.50 train_acc=45.35% test_acc=39.70% best=40.44% lr=0.0004693859 time=13.9s est_300=1h 13m 44s
[OURS:T2T-ViT-14][050/300] loss=26.5402 ce=2.2956 guidance=9.6979 beta=2.50 train_acc=46.26% test_acc=41.77% best=41.77% lr=0.00046812542 time=14.1s est_300=1h 13m 40s
[OURS:T2T-ViT-14][051/300] loss=26.0400 ce=2.2232 guidance=9.5267 beta=2.50 train_acc=47.30% test_acc=41.51% best=41.77% lr=0.00046684129 time=15.5s est_300=1h 13m 44s
[OURS:T2T-ViT-14][052/300] loss=25.9935 ce=2.1985 guidance=9.5180 beta=2.50 train_acc=47.89% test_acc=41.89% best=41.89% lr=0.00046553365 time=15.4s est_300=1h 13m 48s
[OURS:T2T-ViT-14][053/300] loss=25.8776 ce=2.1624 guidance=9.4861 beta=2.50 train_acc=48.83% test_acc=41.09% best=41.89% lr=0.00046420265 time=14.3s est_300=1h 13m 46s
[OURS:T2T-ViT-14][054/300] loss=25.6450 ce=2.0957 guidance=9.4197 beta=2.50 train_acc=50.44% test_acc=42.99% best=42.99% lr=0.00046284844 time=14.0s est_300=1h 13m 41s
[OURS:T2T-ViT-14][055/300] loss=25.4556 ce=2.1007 guidance=9.3419 beta=2.50 train_acc=50.76% test_acc=42.49% best=42.99% lr=0.00046147116 time=15.0s est_300=1h 13m 43s
[OURS:T2T-ViT-14][056/300] loss=25.3959 ce=2.1061 guidance=9.3159 beta=2.50 train_acc=50.53% test_acc=43.03% best=43.03% lr=0.00046007097 time=15.0s est_300=1h 13m 44s
[OURS:T2T-ViT-14][057/300] loss=25.2544 ce=2.0418 guidance=9.2850 beta=2.50 train_acc=51.73% test_acc=42.94% best=43.03% lr=0.00045864801 time=14.9s est_300=1h 13m 45s
[OURS:T2T-ViT-14][058/300] loss=25.2726 ce=2.0056 guidance=9.3068 beta=2.50 train_acc=52.41% test_acc=42.20% best=43.03% lr=0.00045720244 time=15.0s est_300=1h 13m 46s
[OURS:T2T-ViT-14][059/300] loss=24.9350 ce=1.9380 guidance=9.1988 beta=2.50 train_acc=54.35% test_acc=44.24% best=44.24% lr=0.00045573443 time=14.8s est_300=1h 13m 47s
[OURS:T2T-ViT-14][060/300] loss=24.8607 ce=1.9828 guidance=9.1512 beta=2.50 train_acc=53.52% test_acc=42.96% best=44.24% lr=0.00045424413 time=15.0s est_300=1h 13m 48s
[OURS:T2T-ViT-14][061/300] loss=24.6286 ce=1.9072 guidance=9.0886 beta=2.50 train_acc=55.06% test_acc=43.51% best=44.24% lr=0.00045273171 time=15.4s est_300=1h 13m 51s
[OURS:T2T-ViT-14][062/300] loss=24.5220 ce=1.9182 guidance=9.0415 beta=2.50 train_acc=54.43% test_acc=42.44% best=44.24% lr=0.00045119733 time=14.9s est_300=1h 13m 52s
[OURS:T2T-ViT-14][063/300] loss=24.4869 ce=1.9039 guidance=9.0332 beta=2.50 train_acc=54.98% test_acc=43.39% best=44.24% lr=0.00044964115 time=14.6s est_300=1h 13m 51s
[OURS:T2T-ViT-14][064/300] loss=24.4518 ce=1.8578 guidance=9.0376 beta=2.50 train_acc=55.77% test_acc=43.67% best=44.24% lr=0.00044806337 time=14.0s est_300=1h 13m 47s
[OURS:T2T-ViT-14][065/300] loss=24.1978 ce=1.8414 guidance=8.9426 beta=2.50 train_acc=56.69% test_acc=44.67% best=44.67% lr=0.00044646413 time=14.3s est_300=1h 13m 45s
[OURS:T2T-ViT-14][066/300] loss=24.1251 ce=1.7790 guidance=8.9384 beta=2.50 train_acc=57.56% test_acc=44.65% best=44.67% lr=0.00044484363 time=14.6s est_300=1h 13m 45s
[OURS:T2T-ViT-14][067/300] loss=24.1848 ce=1.7358 guidance=8.9796 beta=2.50 train_acc=58.27% test_acc=43.11% best=44.67% lr=0.00044320203 time=14.8s est_300=1h 13m 45s
[OURS:T2T-ViT-14][068/300] loss=23.9695 ce=1.7945 guidance=8.8700 beta=2.50 train_acc=56.91% test_acc=43.92% best=44.67% lr=0.00044153952 time=14.0s est_300=1h 13m 42s
[OURS:T2T-ViT-14][069/300] loss=23.7724 ce=1.7512 guidance=8.8085 beta=2.50 train_acc=58.31% test_acc=43.98% best=44.67% lr=0.00043985628 time=15.1s est_300=1h 13m 43s
[OURS:T2T-ViT-14][070/300] loss=23.7469 ce=1.7322 guidance=8.8059 beta=2.50 train_acc=58.97% test_acc=44.01% best=44.67% lr=0.00043815249 time=14.5s est_300=1h 13m 42s
[OURS:T2T-ViT-14][071/300] loss=23.5763 ce=1.7068 guidance=8.7478 beta=2.50 train_acc=58.90% test_acc=43.89% best=44.67% lr=0.00043642834 time=14.0s est_300=1h 13m 39s
[OURS:T2T-ViT-14][072/300] loss=23.4701 ce=1.6610 guidance=8.7236 beta=2.50 train_acc=60.78% test_acc=44.03% best=44.67% lr=0.00043468403 time=14.2s est_300=1h 13m 37s
[OURS:T2T-ViT-14][073/300] loss=23.3913 ce=1.6081 guidance=8.7133 beta=2.50 train_acc=61.55% test_acc=43.51% best=44.67% lr=0.00043291974 time=14.9s est_300=1h 13m 38s
[OURS:T2T-ViT-14][074/300] loss=23.3081 ce=1.5964 guidance=8.6847 beta=2.50 train_acc=62.38% test_acc=44.60% best=44.67% lr=0.00043113566 time=14.0s est_300=1h 13m 35s
[OURS:T2T-ViT-14][075/300] loss=23.4399 ce=1.6230 guidance=8.7268 beta=2.50 train_acc=61.43% test_acc=44.18% best=44.67% lr=0.00042933199 time=14.1s est_300=1h 13m 32s
[OURS:T2T-ViT-14][076/300] loss=23.2361 ce=1.5451 guidance=8.6764 beta=2.50 train_acc=63.37% test_acc=45.62% best=45.62% lr=0.00042750893 time=14.1s est_300=1h 13m 30s
[OURS:T2T-ViT-14][077/300] loss=23.1143 ce=1.5676 guidance=8.6187 beta=2.50 train_acc=62.55% test_acc=43.73% best=45.62% lr=0.00042566668 time=14.9s est_300=1h 13m 30s
[OURS:T2T-ViT-14][078/300] loss=23.0715 ce=1.6036 guidance=8.5872 beta=2.50 train_acc=62.02% test_acc=43.86% best=45.62% lr=0.00042380544 time=14.2s est_300=1h 13m 28s
[OURS:T2T-ViT-14][079/300] loss=22.8990 ce=1.5927 guidance=8.5225 beta=2.50 train_acc=62.60% test_acc=44.87% best=45.62% lr=0.00042192541 time=14.1s est_300=1h 13m 26s
[OURS:T2T-ViT-14][080/300] loss=23.0781 ce=1.5630 guidance=8.6060 beta=2.50 train_acc=63.72% test_acc=44.82% best=45.62% lr=0.0004200268 time=14.2s est_300=1h 13m 24s
[OURS:T2T-ViT-14][081/300] loss=22.9773 ce=1.5274 guidance=8.5799 beta=2.50 train_acc=63.42% test_acc=45.08% best=45.62% lr=0.00041810983 time=15.5s est_300=1h 13m 27s
[OURS:T2T-ViT-14][082/300] loss=22.8754 ce=1.5060 guidance=8.5478 beta=2.50 train_acc=64.57% test_acc=44.25% best=45.62% lr=0.00041617469 time=15.0s est_300=1h 13m 29s
[OURS:T2T-ViT-14][083/300] loss=22.6916 ce=1.5260 guidance=8.4663 beta=2.50 train_acc=64.27% test_acc=45.25% best=45.62% lr=0.0004142216 time=14.1s est_300=1h 13m 26s
[OURS:T2T-ViT-14][084/300] loss=22.5493 ce=1.4871 guidance=8.4249 beta=2.50 train_acc=64.50% test_acc=45.15% best=45.62% lr=0.00041225078 time=14.6s est_300=1h 13m 26s
[OURS:T2T-ViT-14][085/300] loss=22.6224 ce=1.5227 guidance=8.4399 beta=2.50 train_acc=64.06% test_acc=43.34% best=45.62% lr=0.00041026244 time=15.1s est_300=1h 13m 27s
[OURS:T2T-ViT-14][086/300] loss=22.5173 ce=1.4267 guidance=8.4362 beta=2.50 train_acc=66.32% test_acc=44.87% best=45.62% lr=0.0004082568 time=15.1s est_300=1h 13m 29s
[OURS:T2T-ViT-14][087/300] loss=22.4267 ce=1.4025 guidance=8.4097 beta=2.50 train_acc=66.80% test_acc=46.17% best=46.17% lr=0.00040623408 time=15.1s est_300=1h 13m 30s
[OURS:T2T-ViT-14][088/300] loss=22.4596 ce=1.3866 guidance=8.4292 beta=2.50 train_acc=66.66% test_acc=43.92% best=46.17% lr=0.0004041945 time=15.3s est_300=1h 13m 32s
[OURS:T2T-ViT-14][089/300] loss=22.3538 ce=1.3817 guidance=8.3888 beta=2.50 train_acc=67.53% test_acc=46.19% best=46.19% lr=0.00040213828 time=14.9s est_300=1h 13m 33s
[OURS:T2T-ViT-14][090/300] loss=22.2672 ce=1.4084 guidance=8.3435 beta=2.50 train_acc=66.83% test_acc=45.84% best=46.19% lr=0.00040006566 time=14.1s est_300=1h 13m 31s
[OURS:T2T-ViT-14][091/300] loss=22.1652 ce=1.3917 guidance=8.3094 beta=2.50 train_acc=67.14% test_acc=45.46% best=46.19% lr=0.00039797685 time=14.0s est_300=1h 13m 29s
[OURS:T2T-ViT-14][092/300] loss=22.0908 ce=1.3308 guidance=8.3040 beta=2.50 train_acc=68.50% test_acc=45.22% best=46.19% lr=0.00039587209 time=14.0s est_300=1h 13m 26s
[OURS:T2T-ViT-14][093/300] loss=22.1385 ce=1.3077 guidance=8.3323 beta=2.50 train_acc=68.77% test_acc=44.49% best=46.19% lr=0.00039375161 time=14.2s est_300=1h 13m 25s
[OURS:T2T-ViT-14][094/300] loss=22.0362 ce=1.3209 guidance=8.2861 beta=2.50 train_acc=68.43% test_acc=45.98% best=46.19% lr=0.00039161564 time=14.0s est_300=1h 13m 23s
[OURS:T2T-ViT-14][095/300] loss=21.9668 ce=1.3177 guidance=8.2596 beta=2.50 train_acc=69.07% test_acc=46.39% best=46.39% lr=0.00038946441 time=15.1s est_300=1h 13m 24s
[OURS:T2T-ViT-14][096/300] loss=21.8482 ce=1.2911 guidance=8.2229 beta=2.50 train_acc=69.02% test_acc=44.60% best=46.39% lr=0.00038729816 time=14.7s est_300=1h 13m 24s
[OURS:T2T-ViT-14][097/300] loss=21.9357 ce=1.2700 guidance=8.2663 beta=2.50 train_acc=70.14% test_acc=45.08% best=46.39% lr=0.00038511713 time=14.9s est_300=1h 13m 25s
[OURS:T2T-ViT-14][098/300] loss=21.9561 ce=1.2800 guidance=8.2704 beta=2.50 train_acc=69.65% test_acc=45.50% best=46.39% lr=0.00038292156 time=15.1s est_300=1h 13m 26s
[OURS:T2T-ViT-14][099/300] loss=21.8266 ce=1.2880 guidance=8.2154 beta=2.50 train_acc=69.48% test_acc=46.25% best=46.39% lr=0.00038071168 time=14.0s est_300=1h 13m 24s
[OURS:T2T-ViT-14][100/300] loss=21.8260 ce=1.2866 guidance=8.2158 beta=2.50 train_acc=69.82% test_acc=45.65% best=46.39% lr=0.00037848775 time=14.1s est_300=1h 13m 22s
[OURS:T2T-ViT-14][101/300] loss=21.7521 ce=1.2645 guidance=8.1950 beta=2.50 train_acc=70.06% test_acc=44.79% best=46.39% lr=0.00037625 time=14.1s est_300=1h 13m 21s
[OURS:T2T-ViT-14][102/300] loss=21.5528 ce=1.2563 guidance=8.1186 beta=2.50 train_acc=70.24% test_acc=46.13% best=46.39% lr=0.00037399868 time=15.1s est_300=1h 13m 22s
[OURS:T2T-ViT-14][103/300] loss=21.5170 ce=1.2446 guidance=8.1090 beta=2.50 train_acc=70.74% test_acc=45.62% best=46.39% lr=0.00037173403 time=15.0s est_300=1h 13m 23s
[OURS:T2T-ViT-14][104/300] loss=21.5551 ce=1.2151 guidance=8.1360 beta=2.50 train_acc=70.94% test_acc=44.11% best=46.39% lr=0.00036945631 time=14.1s est_300=1h 13m 21s
[OURS:T2T-ViT-14][105/300] loss=21.5693 ce=1.2274 guidance=8.1368 beta=2.50 train_acc=70.75% test_acc=46.10% best=46.39% lr=0.00036716577 time=14.1s est_300=1h 13m 19s
[OURS:T2T-ViT-14][106/300] loss=21.4918 ce=1.2040 guidance=8.1151 beta=2.50 train_acc=71.16% test_acc=44.55% best=46.39% lr=0.00036486265 time=14.1s est_300=1h 13m 18s
[OURS:T2T-ViT-14][107/300] loss=21.4014 ce=1.1943 guidance=8.0828 beta=2.50 train_acc=71.03% test_acc=45.43% best=46.39% lr=0.00036254721 time=15.1s est_300=1h 13m 19s
[OURS:T2T-ViT-14][108/300] loss=21.5323 ce=1.2039 guidance=8.1314 beta=2.50 train_acc=71.93% test_acc=45.01% best=46.39% lr=0.0003602197 time=15.0s est_300=1h 13m 20s
[OURS:T2T-ViT-14][109/300] loss=21.3511 ce=1.2135 guidance=8.0550 beta=2.50 train_acc=71.03% test_acc=45.32% best=46.39% lr=0.00035788037 time=14.2s est_300=1h 13m 19s
[OURS:T2T-ViT-14][110/300] loss=21.3005 ce=1.2083 guidance=8.0369 beta=2.50 train_acc=71.33% test_acc=45.79% best=46.39% lr=0.0003555295 time=14.1s est_300=1h 13m 17s
[OURS:T2T-ViT-14][111/300] loss=21.3551 ce=1.1747 guidance=8.0722 beta=2.50 train_acc=72.11% test_acc=44.25% best=46.39% lr=0.00035316732 time=14.1s est_300=1h 13m 16s
[OURS:T2T-ViT-14][112/300] loss=21.2988 ce=1.1986 guidance=8.0401 beta=2.50 train_acc=71.54% test_acc=43.70% best=46.39% lr=0.0003507941 time=14.1s est_300=1h 13m 14s
[OURS:T2T-ViT-14][113/300] loss=20.9926 ce=1.1872 guidance=7.9222 beta=2.50 train_acc=72.06% test_acc=43.94% best=46.39% lr=0.00034841011 time=14.0s est_300=1h 13m 12s
[OURS:T2T-ViT-14][114/300] loss=21.1311 ce=1.1636 guidance=7.9870 beta=2.50 train_acc=72.08% test_acc=44.56% best=46.39% lr=0.00034601559 time=14.1s est_300=1h 13m 11s
[OURS:T2T-ViT-14][115/300] loss=21.0082 ce=1.1263 guidance=7.9528 beta=2.50 train_acc=73.78% test_acc=44.94% best=46.39% lr=0.00034361083 time=15.0s est_300=1h 13m 12s
[OURS:T2T-ViT-14][116/300] loss=21.0086 ce=1.1353 guidance=7.9493 beta=2.50 train_acc=72.74% test_acc=44.36% best=46.39% lr=0.00034119607 time=15.2s est_300=1h 13m 13s
[OURS:T2T-ViT-14][117/300] loss=20.9925 ce=1.1661 guidance=7.9306 beta=2.50 train_acc=72.35% test_acc=44.44% best=46.39% lr=0.00033877158 time=14.7s est_300=1h 13m 13s
[OURS:T2T-ViT-14][118/300] loss=20.9316 ce=1.1336 guidance=7.9192 beta=2.50 train_acc=72.78% test_acc=44.93% best=46.39% lr=0.00033633764 time=14.6s est_300=1h 13m 13s
[OURS:T2T-ViT-14][119/300] loss=20.8663 ce=1.0658 guidance=7.9202 beta=2.50 train_acc=74.32% test_acc=44.46% best=46.39% lr=0.0003338945 time=14.9s est_300=1h 13m 14s
[OURS:T2T-ViT-14][120/300] loss=20.9504 ce=1.0792 guidance=7.9485 beta=2.50 train_acc=74.54% test_acc=45.51% best=46.39% lr=0.00033144243 time=15.0s est_300=1h 13m 15s
[OURS:T2T-ViT-14][121/300] loss=20.7756 ce=1.0664 guidance=7.8837 beta=2.50 train_acc=74.73% test_acc=44.06% best=46.39% lr=0.00032898171 time=14.0s est_300=1h 13m 13s
[OURS:T2T-ViT-14][122/300] loss=20.9175 ce=1.1000 guidance=7.9270 beta=2.50 train_acc=73.96% test_acc=44.29% best=46.39% lr=0.0003265126 time=14.0s est_300=1h 13m 12s
[OURS:T2T-ViT-14][123/300] loss=20.8110 ce=1.0945 guidance=7.8866 beta=2.50 train_acc=74.63% test_acc=44.32% best=46.39% lr=0.00032403537 time=14.0s est_300=1h 13m 10s
[OURS:T2T-ViT-14][124/300] loss=20.7363 ce=1.0766 guidance=7.8639 beta=2.50 train_acc=74.00% test_acc=44.20% best=46.39% lr=0.0003215503 time=14.0s est_300=1h 13m 09s
[OURS:T2T-ViT-14][125/300] loss=20.6754 ce=1.0938 guidance=7.8326 beta=2.50 train_acc=74.35% test_acc=44.75% best=46.39% lr=0.00031905766 time=13.9s est_300=1h 13m 07s
[OURS:T2T-ViT-14][126/300] loss=20.7074 ce=1.0392 guidance=7.8673 beta=2.50 train_acc=75.29% test_acc=45.50% best=46.39% lr=0.00031655771 time=14.4s est_300=1h 13m 06s
[OURS:T2T-ViT-14][127/300] loss=20.6626 ce=1.0161 guidance=7.8586 beta=2.50 train_acc=75.29% test_acc=46.44% best=46.44% lr=0.00031405075 time=15.0s est_300=1h 13m 07s
[OURS:T2T-ViT-14][128/300] loss=20.5623 ce=1.0138 guidance=7.8194 beta=2.50 train_acc=76.43% test_acc=46.36% best=46.44% lr=0.00031153703 time=14.7s est_300=1h 13m 08s
[OURS:T2T-ViT-14][129/300] loss=20.6992 ce=1.0165 guidance=7.8731 beta=2.50 train_acc=76.09% test_acc=45.48% best=46.44% lr=0.00030901684 time=14.7s est_300=1h 13m 08s
[OURS:T2T-ViT-14][130/300] loss=20.5842 ce=1.0397 guidance=7.8178 beta=2.50 train_acc=75.24% test_acc=44.39% best=46.44% lr=0.00030649045 time=14.0s est_300=1h 13m 06s
[OURS:T2T-ViT-14][131/300] loss=20.6762 ce=1.0243 guidance=7.8608 beta=2.50 train_acc=75.78% test_acc=45.39% best=46.44% lr=0.00030395814 time=13.9s est_300=1h 13m 05s
[OURS:T2T-ViT-14][132/300] loss=20.5078 ce=1.0019 guidance=7.8024 beta=2.50 train_acc=76.41% test_acc=44.82% best=46.44% lr=0.00030142019 time=14.0s est_300=1h 13m 03s
[OURS:T2T-ViT-14][133/300] loss=20.4323 ce=1.0187 guidance=7.7655 beta=2.50 train_acc=75.63% test_acc=45.10% best=46.44% lr=0.00029887688 time=14.0s est_300=1h 13m 02s
[OURS:T2T-ViT-14][134/300] loss=20.3927 ce=0.9723 guidance=7.7682 beta=2.50 train_acc=77.02% test_acc=45.74% best=46.44% lr=0.00029632847 time=14.0s est_300=1h 13m 01s
[OURS:T2T-ViT-14][135/300] loss=20.4994 ce=0.9807 guidance=7.8075 beta=2.50 train_acc=76.82% test_acc=46.05% best=46.44% lr=0.00029377526 time=14.2s est_300=1h 13m 00s
[OURS:T2T-ViT-14][136/300] loss=20.4357 ce=0.9799 guidance=7.7823 beta=2.50 train_acc=76.41% test_acc=45.13% best=46.44% lr=0.00029121753 time=14.3s est_300=1h 12m 59s
[OURS:T2T-ViT-14][137/300] loss=20.3319 ce=1.0084 guidance=7.7294 beta=2.50 train_acc=76.00% test_acc=44.51% best=46.44% lr=0.00028865555 time=14.0s est_300=1h 12m 58s
[OURS:T2T-ViT-14][138/300] loss=20.2465 ce=0.9608 guidance=7.7143 beta=2.50 train_acc=76.85% test_acc=43.51% best=46.44% lr=0.0002860896 time=14.0s est_300=1h 12m 56s
[OURS:T2T-ViT-14][139/300] loss=20.2265 ce=0.9253 guidance=7.7205 beta=2.50 train_acc=78.07% test_acc=44.87% best=46.44% lr=0.00028351998 time=14.7s est_300=1h 12m 57s
[OURS:T2T-ViT-14][140/300] loss=20.2269 ce=0.9833 guidance=7.6975 beta=2.50 train_acc=76.29% test_acc=43.73% best=46.44% lr=0.00028094694 time=14.8s est_300=1h 12m 57s
[OURS:T2T-ViT-14][141/300] loss=20.2010 ce=0.9179 guidance=7.7133 beta=2.50 train_acc=77.85% test_acc=44.39% best=46.44% lr=0.00027837079 time=13.9s est_300=1h 12m 56s
[OURS:T2T-ViT-14][142/300] loss=20.2104 ce=0.9448 guidance=7.7062 beta=2.50 train_acc=77.84% test_acc=43.68% best=46.44% lr=0.00027579181 time=14.1s est_300=1h 12m 55s
[OURS:T2T-ViT-14][143/300] loss=20.0882 ce=0.9098 guidance=7.6713 beta=2.50 train_acc=77.62% test_acc=44.51% best=46.44% lr=0.00027321027 time=14.6s est_300=1h 12m 55s
[OURS:T2T-ViT-14][144/300] loss=20.1381 ce=0.9313 guidance=7.6827 beta=2.50 train_acc=77.79% test_acc=44.15% best=46.44% lr=0.00027062645 time=14.1s est_300=1h 12m 54s
[OURS:T2T-ViT-14][145/300] loss=0.9987 ce=0.9987 guidance=0.0000 beta=0.00 train_acc=75.97% test_acc=41.82% best=46.44% lr=0.00026804065 time=13.4s est_300=1h 12m 51s
[OURS:T2T-ViT-14][146/300] loss=0.9998 ce=0.9998 guidance=0.0000 beta=0.00 train_acc=75.65% test_acc=43.91% best=46.44% lr=0.00026545315 time=12.5s est_300=1h 12m 47s
[OURS:T2T-ViT-14][147/300] loss=0.9500 ce=0.9500 guidance=0.0000 beta=0.00 train_acc=76.61% test_acc=43.68% best=46.44% lr=0.00026286422 time=13.4s est_300=1h 12m 45s
[OURS:T2T-ViT-14][148/300] loss=0.9343 ce=0.9343 guidance=0.0000 beta=0.00 train_acc=76.75% test_acc=44.98% best=46.44% lr=0.00026027416 time=12.7s est_300=1h 12m 41s
[OURS:T2T-ViT-14][149/300] loss=0.9195 ce=0.9195 guidance=0.0000 beta=0.00 train_acc=77.43% test_acc=43.01% best=46.44% lr=0.00025768325 time=13.0s est_300=1h 12m 38s
[OURS:T2T-ViT-14][150/300] loss=0.9010 ce=0.9010 guidance=0.0000 beta=0.00 train_acc=78.45% test_acc=45.12% best=46.44% lr=0.00025509177 time=13.4s est_300=1h 12m 36s
[OURS:T2T-ViT-14][151/300] loss=0.8691 ce=0.8691 guidance=0.0000 beta=0.00 train_acc=79.33% test_acc=45.27% best=46.44% lr=0.0002525 time=12.6s est_300=1h 12m 32s
[OURS:T2T-ViT-14][152/300] loss=0.8771 ce=0.8771 guidance=0.0000 beta=0.00 train_acc=78.52% test_acc=44.51% best=46.44% lr=0.00024990823 time=12.5s est_300=1h 12m 28s
[OURS:T2T-ViT-14][153/300] loss=0.9071 ce=0.9071 guidance=0.0000 beta=0.00 train_acc=78.09% test_acc=43.55% best=46.44% lr=0.00024731675 time=12.5s est_300=1h 12m 24s
[OURS:T2T-ViT-14][154/300] loss=0.8538 ce=0.8538 guidance=0.0000 beta=0.00 train_acc=79.48% test_acc=44.56% best=46.44% lr=0.00024472584 time=13.5s est_300=1h 12m 22s
[OURS:T2T-ViT-14][155/300] loss=0.8691 ce=0.8691 guidance=0.0000 beta=0.00 train_acc=79.06% test_acc=44.10% best=46.44% lr=0.00024213578 time=13.7s est_300=1h 12m 21s
[OURS:T2T-ViT-14][156/300] loss=0.8615 ce=0.8615 guidance=0.0000 beta=0.00 train_acc=79.01% test_acc=43.84% best=46.44% lr=0.00023954685 time=13.5s est_300=1h 12m 19s
[OURS:T2T-ViT-14][157/300] loss=0.8653 ce=0.8653 guidance=0.0000 beta=0.00 train_acc=79.98% test_acc=44.11% best=46.44% lr=0.00023695935 time=13.7s est_300=1h 12m 17s
[OURS:T2T-ViT-14][158/300] loss=0.8578 ce=0.8578 guidance=0.0000 beta=0.00 train_acc=79.76% test_acc=42.66% best=46.44% lr=0.00023437355 time=13.7s est_300=1h 12m 16s
[OURS:T2T-ViT-14][159/300] loss=0.8244 ce=0.8244 guidance=0.0000 beta=0.00 train_acc=79.81% test_acc=44.11% best=46.44% lr=0.00023178973 time=13.8s est_300=1h 12m 15s
[OURS:T2T-ViT-14][160/300] loss=0.8658 ce=0.8658 guidance=0.0000 beta=0.00 train_acc=79.25% test_acc=44.11% best=46.44% lr=0.00022920819 time=13.6s est_300=1h 12m 13s
[OURS:T2T-ViT-14][161/300] loss=0.8172 ce=0.8172 guidance=0.0000 beta=0.00 train_acc=80.49% test_acc=44.24% best=46.44% lr=0.00022662921 time=13.8s est_300=1h 12m 12s
[OURS:T2T-ViT-14][162/300] loss=0.8192 ce=0.8192 guidance=0.0000 beta=0.00 train_acc=80.33% test_acc=44.49% best=46.44% lr=0.00022405306 time=12.8s est_300=1h 12m 09s
[OURS:T2T-ViT-14][163/300] loss=0.8319 ce=0.8319 guidance=0.0000 beta=0.00 train_acc=80.33% test_acc=44.56% best=46.44% lr=0.00022148002 time=13.2s est_300=1h 12m 07s
[OURS:T2T-ViT-14][164/300] loss=0.7823 ce=0.7823 guidance=0.0000 beta=0.00 train_acc=81.50% test_acc=44.72% best=46.44% lr=0.0002189104 time=12.5s est_300=1h 12m 03s
[OURS:T2T-ViT-14][165/300] loss=0.8056 ce=0.8056 guidance=0.0000 beta=0.00 train_acc=80.55% test_acc=45.17% best=46.44% lr=0.00021634445 time=12.5s est_300=1h 12m 00s
[OURS:T2T-ViT-14][166/300] loss=0.7891 ce=0.7891 guidance=0.0000 beta=0.00 train_acc=80.94% test_acc=46.58% best=46.58% lr=0.00021378247 time=12.4s est_300=1h 11m 56s
[OURS:T2T-ViT-14][167/300] loss=0.8003 ce=0.8003 guidance=0.0000 beta=0.00 train_acc=81.18% test_acc=45.65% best=46.58% lr=0.00021122474 time=12.4s est_300=1h 11m 53s
[OURS:T2T-ViT-14][168/300] loss=0.8020 ce=0.8020 guidance=0.0000 beta=0.00 train_acc=80.94% test_acc=45.50% best=46.58% lr=0.00020867153 time=12.8s est_300=1h 11m 50s
[OURS:T2T-ViT-14][169/300] loss=0.7817 ce=0.7817 guidance=0.0000 beta=0.00 train_acc=81.44% test_acc=45.15% best=46.58% lr=0.00020612312 time=13.2s est_300=1h 11m 48s
[OURS:T2T-ViT-14][170/300] loss=0.7957 ce=0.7957 guidance=0.0000 beta=0.00 train_acc=80.72% test_acc=44.74% best=46.58% lr=0.00020357981 time=12.8s est_300=1h 11m 45s
[OURS:T2T-ViT-14][171/300] loss=0.8075 ce=0.8075 guidance=0.0000 beta=0.00 train_acc=81.01% test_acc=44.30% best=46.58% lr=0.00020104186 time=13.4s est_300=1h 11m 44s
[OURS:T2T-ViT-14][172/300] loss=0.7406 ce=0.7406 guidance=0.0000 beta=0.00 train_acc=82.25% test_acc=45.62% best=46.58% lr=0.00019850955 time=13.1s est_300=1h 11m 41s
[OURS:T2T-ViT-14][173/300] loss=0.7488 ce=0.7488 guidance=0.0000 beta=0.00 train_acc=82.05% test_acc=44.80% best=46.58% lr=0.00019598316 time=12.5s est_300=1h 11m 38s
[OURS:T2T-ViT-14][174/300] loss=0.7829 ce=0.7829 guidance=0.0000 beta=0.00 train_acc=81.00% test_acc=44.30% best=46.58% lr=0.00019346297 time=12.6s est_300=1h 11m 35s
[OURS:T2T-ViT-14][175/300] loss=0.7227 ce=0.7227 guidance=0.0000 beta=0.00 train_acc=82.46% test_acc=44.98% best=46.58% lr=0.00019094925 time=12.5s est_300=1h 11m 32s
[OURS:T2T-ViT-14][176/300] loss=0.7473 ce=0.7473 guidance=0.0000 beta=0.00 train_acc=82.10% test_acc=44.24% best=46.58% lr=0.00018844229 time=12.5s est_300=1h 11m 29s
[OURS:T2T-ViT-14][177/300] loss=0.7048 ce=0.7048 guidance=0.0000 beta=0.00 train_acc=82.80% test_acc=45.05% best=46.58% lr=0.00018594234 time=12.5s est_300=1h 11m 26s
[OURS:T2T-ViT-14][178/300] loss=0.7218 ce=0.7218 guidance=0.0000 beta=0.00 train_acc=82.80% test_acc=45.79% best=46.58% lr=0.0001834497 time=13.2s est_300=1h 11m 24s
[OURS:T2T-ViT-14][179/300] loss=0.7088 ce=0.7088 guidance=0.0000 beta=0.00 train_acc=83.05% test_acc=44.72% best=46.58% lr=0.00018096463 time=12.6s est_300=1h 11m 21s
[OURS:T2T-ViT-14][180/300] loss=0.6965 ce=0.6965 guidance=0.0000 beta=0.00 train_acc=83.41% test_acc=43.96% best=46.58% lr=0.0001784874 time=13.3s est_300=1h 11m 20s
[OURS:T2T-ViT-14][181/300] loss=0.7086 ce=0.7086 guidance=0.0000 beta=0.00 train_acc=83.05% test_acc=45.27% best=46.58% lr=0.00017601829 time=13.9s est_300=1h 11m 19s
[OURS:T2T-ViT-14][182/300] loss=0.6756 ce=0.6756 guidance=0.0000 beta=0.00 train_acc=84.00% test_acc=44.51% best=46.58% lr=0.00017355757 time=13.9s est_300=1h 11m 18s
[OURS:T2T-ViT-14][183/300] loss=0.6793 ce=0.6793 guidance=0.0000 beta=0.00 train_acc=84.15% test_acc=44.37% best=46.58% lr=0.0001711055 time=12.7s est_300=1h 11m 16s
[OURS:T2T-ViT-14][184/300] loss=0.6978 ce=0.6978 guidance=0.0000 beta=0.00 train_acc=83.75% test_acc=44.75% best=46.58% lr=0.00016866236 time=13.9s est_300=1h 11m 15s
[OURS:T2T-ViT-14][185/300] loss=0.6838 ce=0.6838 guidance=0.0000 beta=0.00 train_acc=83.44% test_acc=45.17% best=46.58% lr=0.00016622842 time=13.0s est_300=1h 11m 13s
[OURS:T2T-ViT-14][186/300] loss=0.6975 ce=0.6975 guidance=0.0000 beta=0.00 train_acc=82.68% test_acc=45.74% best=46.58% lr=0.00016380393 time=12.6s est_300=1h 11m 11s
[OURS:T2T-ViT-14][187/300] loss=0.6378 ce=0.6378 guidance=0.0000 beta=0.00 train_acc=85.31% test_acc=45.10% best=46.58% lr=0.00016138917 time=12.4s est_300=1h 11m 08s
[OURS:T2T-ViT-14][188/300] loss=0.6785 ce=0.6785 guidance=0.0000 beta=0.00 train_acc=83.92% test_acc=44.43% best=46.58% lr=0.00015898441 time=12.5s est_300=1h 11m 05s
[OURS:T2T-ViT-14][189/300] loss=0.6891 ce=0.6891 guidance=0.0000 beta=0.00 train_acc=83.58% test_acc=46.34% best=46.58% lr=0.00015658989 time=12.4s est_300=1h 11m 02s
[OURS:T2T-ViT-14][190/300] loss=0.6575 ce=0.6575 guidance=0.0000 beta=0.00 train_acc=83.98% test_acc=44.84% best=46.58% lr=0.0001542059 time=12.8s est_300=1h 11m 00s
[OURS:T2T-ViT-14][191/300] loss=0.6503 ce=0.6503 guidance=0.0000 beta=0.00 train_acc=84.87% test_acc=44.36% best=46.58% lr=0.00015183268 time=13.4s est_300=1h 10m 59s
[OURS:T2T-ViT-14][192/300] loss=0.6120 ce=0.6120 guidance=0.0000 beta=0.00 train_acc=85.73% test_acc=46.13% best=46.58% lr=0.0001494705 time=12.5s est_300=1h 10m 56s
[OURS:T2T-ViT-14][193/300] loss=0.6379 ce=0.6379 guidance=0.0000 beta=0.00 train_acc=84.56% test_acc=46.79% best=46.79% lr=0.00014711963 time=12.5s est_300=1h 10m 53s
[OURS:T2T-ViT-14][194/300] loss=0.6146 ce=0.6146 guidance=0.0000 beta=0.00 train_acc=85.60% test_acc=45.27% best=46.79% lr=0.0001447803 time=12.5s est_300=1h 10m 51s
[OURS:T2T-ViT-14][195/300] loss=0.6216 ce=0.6216 guidance=0.0000 beta=0.00 train_acc=85.07% test_acc=44.30% best=46.79% lr=0.00014245279 time=12.4s est_300=1h 10m 48s
[OURS:T2T-ViT-14][196/300] loss=0.6176 ce=0.6176 guidance=0.0000 beta=0.00 train_acc=85.07% test_acc=45.20% best=46.79% lr=0.00014013735 time=12.5s est_300=1h 10m 46s
[OURS:T2T-ViT-14][197/300] loss=0.6049 ce=0.6049 guidance=0.0000 beta=0.00 train_acc=85.63% test_acc=44.94% best=46.79% lr=0.00013783423 time=12.5s est_300=1h 10m 43s
[OURS:T2T-ViT-14][198/300] loss=0.5831 ce=0.5831 guidance=0.0000 beta=0.00 train_acc=85.89% test_acc=45.69% best=46.79% lr=0.00013554369 time=12.4s est_300=1h 10m 40s
[OURS:T2T-ViT-14][199/300] loss=0.6137 ce=0.6137 guidance=0.0000 beta=0.00 train_acc=84.99% test_acc=46.86% best=46.86% lr=0.00013326597 time=13.2s est_300=1h 10m 39s
[OURS:T2T-ViT-14][200/300] loss=0.6242 ce=0.6242 guidance=0.0000 beta=0.00 train_acc=85.09% test_acc=45.50% best=46.86% lr=0.00013100132 time=12.5s est_300=1h 10m 36s
[OURS:T2T-ViT-14][201/300] loss=0.5952 ce=0.5952 guidance=0.0000 beta=0.00 train_acc=85.80% test_acc=45.44% best=46.86% lr=0.00012875 time=13.2s est_300=1h 10m 35s
[OURS:T2T-ViT-14][202/300] loss=0.6181 ce=0.6181 guidance=0.0000 beta=0.00 train_acc=85.63% test_acc=46.36% best=46.86% lr=0.00012651225 time=12.4s est_300=1h 10m 33s
[OURS:T2T-ViT-14][203/300] loss=0.5904 ce=0.5904 guidance=0.0000 beta=0.00 train_acc=85.80% test_acc=45.24% best=46.86% lr=0.00012428832 time=12.5s est_300=1h 10m 30s
[OURS:T2T-ViT-14][204/300] loss=0.5825 ce=0.5825 guidance=0.0000 beta=0.00 train_acc=85.85% test_acc=45.88% best=46.86% lr=0.00012207844 time=12.5s est_300=1h 10m 28s
[OURS:T2T-ViT-14][205/300] loss=0.5937 ce=0.5937 guidance=0.0000 beta=0.00 train_acc=85.75% test_acc=45.18% best=46.86% lr=0.00011988287 time=12.5s est_300=1h 10m 25s
[OURS:T2T-ViT-14][206/300] loss=0.5799 ce=0.5799 guidance=0.0000 beta=0.00 train_acc=86.12% test_acc=45.53% best=46.86% lr=0.00011770184 time=12.5s est_300=1h 10m 23s
[OURS:T2T-ViT-14][207/300] loss=0.5766 ce=0.5766 guidance=0.0000 beta=0.00 train_acc=86.16% test_acc=44.65% best=46.86% lr=0.00011553559 time=12.5s est_300=1h 10m 21s
[OURS:T2T-ViT-14][208/300] loss=0.5873 ce=0.5873 guidance=0.0000 beta=0.00 train_acc=85.90% test_acc=44.37% best=46.86% lr=0.00011338436 time=13.1s est_300=1h 10m 19s
[OURS:T2T-ViT-14][209/300] loss=0.5850 ce=0.5850 guidance=0.0000 beta=0.00 train_acc=85.82% test_acc=45.39% best=46.86% lr=0.00011124839 time=12.7s est_300=1h 10m 17s
[OURS:T2T-ViT-14][210/300] loss=0.5638 ce=0.5638 guidance=0.0000 beta=0.00 train_acc=86.45% test_acc=46.57% best=46.86% lr=0.00010912791 time=13.7s est_300=1h 10m 17s
[OURS:T2T-ViT-14][211/300] loss=0.5423 ce=0.5423 guidance=0.0000 beta=0.00 train_acc=87.02% test_acc=43.29% best=46.86% lr=0.00010702315 time=13.7s est_300=1h 10m 16s
[OURS:T2T-ViT-14][212/300] loss=0.5460 ce=0.5460 guidance=0.0000 beta=0.00 train_acc=87.43% test_acc=44.74% best=46.86% lr=0.00010493434 time=13.6s est_300=1h 10m 16s
[OURS:T2T-ViT-14][213/300] loss=0.5802 ce=0.5802 guidance=0.0000 beta=0.00 train_acc=85.90% test_acc=45.50% best=46.86% lr=0.00010286172 time=13.6s est_300=1h 10m 15s
[OURS:T2T-ViT-14][214/300] loss=0.5527 ce=0.5527 guidance=0.0000 beta=0.00 train_acc=86.67% test_acc=45.31% best=46.86% lr=0.0001008055 time=13.2s est_300=1h 10m 14s
[OURS:T2T-ViT-14][215/300] loss=0.5536 ce=0.5536 guidance=0.0000 beta=0.00 train_acc=86.65% test_acc=45.75% best=46.86% lr=9.8765924e-05 time=13.9s est_300=1h 10m 13s
[OURS:T2T-ViT-14][216/300] loss=0.5533 ce=0.5533 guidance=0.0000 beta=0.00 train_acc=87.06% test_acc=45.72% best=46.86% lr=9.6743203e-05 time=13.7s est_300=1h 10m 13s
[OURS:T2T-ViT-14][217/300] loss=0.5498 ce=0.5498 guidance=0.0000 beta=0.00 train_acc=86.45% test_acc=46.03% best=46.86% lr=9.4737563e-05 time=13.6s est_300=1h 10m 12s
[OURS:T2T-ViT-14][218/300] loss=0.5388 ce=0.5388 guidance=0.0000 beta=0.00 train_acc=86.97% test_acc=45.91% best=46.86% lr=9.2749222e-05 time=12.6s est_300=1h 10m 10s
[OURS:T2T-ViT-14][219/300] loss=0.5393 ce=0.5393 guidance=0.0000 beta=0.00 train_acc=87.23% test_acc=45.72% best=46.86% lr=9.0778401e-05 time=13.1s est_300=1h 10m 09s
[OURS:T2T-ViT-14][220/300] loss=0.5097 ce=0.5097 guidance=0.0000 beta=0.00 train_acc=88.06% test_acc=45.58% best=46.86% lr=8.8825313e-05 time=12.8s est_300=1h 10m 07s
[OURS:T2T-ViT-14][221/300] loss=0.5115 ce=0.5115 guidance=0.0000 beta=0.00 train_acc=88.32% test_acc=46.38% best=46.86% lr=8.6890175e-05 time=13.5s est_300=1h 10m 07s
[OURS:T2T-ViT-14][222/300] loss=0.4892 ce=0.4892 guidance=0.0000 beta=0.00 train_acc=88.38% test_acc=45.77% best=46.86% lr=8.4973198e-05 time=13.6s est_300=1h 10m 06s
[OURS:T2T-ViT-14][223/300] loss=0.5105 ce=0.5105 guidance=0.0000 beta=0.00 train_acc=87.58% test_acc=46.93% best=46.93% lr=8.3074591e-05 time=13.7s est_300=1h 10m 05s
[OURS:T2T-ViT-14][224/300] loss=0.4821 ce=0.4821 guidance=0.0000 beta=0.00 train_acc=88.49% test_acc=46.24% best=46.93% lr=8.1194564e-05 time=13.6s est_300=1h 10m 05s
[OURS:T2T-ViT-14][225/300] loss=0.4995 ce=0.4995 guidance=0.0000 beta=0.00 train_acc=88.04% test_acc=45.69% best=46.93% lr=7.9333323e-05 time=12.5s est_300=1h 10m 03s
[OURS:T2T-ViT-14][226/300] loss=0.4816 ce=0.4816 guidance=0.0000 beta=0.00 train_acc=88.77% test_acc=46.22% best=46.93% lr=7.7491072e-05 time=12.7s est_300=1h 10m 01s
[OURS:T2T-ViT-14][227/300] loss=0.4836 ce=0.4836 guidance=0.0000 beta=0.00 train_acc=88.33% test_acc=46.06% best=46.93% lr=7.5668012e-05 time=12.7s est_300=1h 09m 59s
[OURS:T2T-ViT-14][228/300] loss=0.4980 ce=0.4980 guidance=0.0000 beta=0.00 train_acc=87.84% test_acc=45.34% best=46.93% lr=7.3864344e-05 time=13.1s est_300=1h 09m 58s
[OURS:T2T-ViT-14][229/300] loss=0.5181 ce=0.5181 guidance=0.0000 beta=0.00 train_acc=87.52% test_acc=45.44% best=46.93% lr=7.2080265e-05 time=12.7s est_300=1h 09m 57s
[OURS:T2T-ViT-14][230/300] loss=0.5155 ce=0.5155 guidance=0.0000 beta=0.00 train_acc=87.47% test_acc=46.25% best=46.93% lr=7.0315971e-05 time=12.7s est_300=1h 09m 55s
[OURS:T2T-ViT-14][231/300] loss=0.5113 ce=0.5113 guidance=0.0000 beta=0.00 train_acc=88.03% test_acc=46.34% best=46.93% lr=6.8571656e-05 time=12.5s est_300=1h 09m 53s
[OURS:T2T-ViT-14][232/300] loss=0.5132 ce=0.5132 guidance=0.0000 beta=0.00 train_acc=87.69% test_acc=46.98% best=46.98% lr=6.684751e-05 time=12.6s est_300=1h 09m 51s
[OURS:T2T-ViT-14][233/300] loss=0.5047 ce=0.5047 guidance=0.0000 beta=0.00 train_acc=88.11% test_acc=45.10% best=46.98% lr=6.5143724e-05 time=14.0s est_300=1h 09m 51s
[OURS:T2T-ViT-14][234/300] loss=0.5025 ce=0.5025 guidance=0.0000 beta=0.00 train_acc=87.92% test_acc=46.31% best=46.98% lr=6.3460483e-05 time=13.9s est_300=1h 09m 51s
[OURS:T2T-ViT-14][235/300] loss=0.4723 ce=0.4723 guidance=0.0000 beta=0.00 train_acc=88.94% test_acc=46.65% best=46.98% lr=6.1797972e-05 time=13.6s est_300=1h 09m 51s
[OURS:T2T-ViT-14][236/300] loss=0.4574 ce=0.4574 guidance=0.0000 beta=0.00 train_acc=88.96% test_acc=46.08% best=46.98% lr=6.0156375e-05 time=12.5s est_300=1h 09m 49s
[OURS:T2T-ViT-14][237/300] loss=0.4562 ce=0.4562 guidance=0.0000 beta=0.00 train_acc=88.74% test_acc=46.38% best=46.98% lr=5.8535869e-05 time=13.4s est_300=1h 09m 48s
[OURS:T2T-ViT-14][238/300] loss=0.4507 ce=0.4507 guidance=0.0000 beta=0.00 train_acc=89.13% test_acc=45.63% best=46.98% lr=5.6936634e-05 time=12.6s est_300=1h 09m 46s
[OURS:T2T-ViT-14][239/300] loss=0.4868 ce=0.4868 guidance=0.0000 beta=0.00 train_acc=88.65% test_acc=46.05% best=46.98% lr=5.5358845e-05 time=12.5s est_300=1h 09m 44s
[OURS:T2T-ViT-14][240/300] loss=0.4629 ce=0.4629 guidance=0.0000 beta=0.00 train_acc=89.15% test_acc=45.48% best=46.98% lr=5.3802675e-05 time=12.5s est_300=1h 09m 42s
[OURS:T2T-ViT-14][241/300] loss=0.4472 ce=0.4472 guidance=0.0000 beta=0.00 train_acc=89.28% test_acc=46.36% best=46.98% lr=5.2268294e-05 time=12.8s est_300=1h 09m 41s
[OURS:T2T-ViT-14][242/300] loss=0.4281 ce=0.4281 guidance=0.0000 beta=0.00 train_acc=89.59% test_acc=46.79% best=46.98% lr=5.0755871e-05 time=12.9s est_300=1h 09m 40s
[OURS:T2T-ViT-14][243/300] loss=0.4377 ce=0.4377 guidance=0.0000 beta=0.00 train_acc=89.20% test_acc=46.36% best=46.98% lr=4.9265571e-05 time=13.9s est_300=1h 09m 40s
[OURS:T2T-ViT-14][244/300] loss=0.4506 ce=0.4506 guidance=0.0000 beta=0.00 train_acc=89.44% test_acc=45.58% best=46.98% lr=4.7797558e-05 time=13.2s est_300=1h 09m 39s
[OURS:T2T-ViT-14][245/300] loss=0.4499 ce=0.4499 guidance=0.0000 beta=0.00 train_acc=89.25% test_acc=46.39% best=46.98% lr=4.6351993e-05 time=12.6s est_300=1h 09m 37s
[OURS:T2T-ViT-14][246/300] loss=0.4237 ce=0.4237 guidance=0.0000 beta=0.00 train_acc=89.96% test_acc=46.29% best=46.98% lr=4.4929034e-05 time=12.5s est_300=1h 09m 35s
[OURS:T2T-ViT-14][247/300] loss=0.4254 ce=0.4254 guidance=0.0000 beta=0.00 train_acc=89.95% test_acc=45.50% best=46.98% lr=4.3528838e-05 time=12.5s est_300=1h 09m 34s
[OURS:T2T-ViT-14][248/300] loss=0.4394 ce=0.4394 guidance=0.0000 beta=0.00 train_acc=89.81% test_acc=45.93% best=46.98% lr=4.2151558e-05 time=12.4s est_300=1h 09m 32s
[OURS:T2T-ViT-14][249/300] loss=0.4138 ce=0.4138 guidance=0.0000 beta=0.00 train_acc=90.05% test_acc=46.38% best=46.98% lr=4.0797346e-05 time=12.7s est_300=1h 09m 30s
[OURS:T2T-ViT-14][250/300] loss=0.4153 ce=0.4153 guidance=0.0000 beta=0.00 train_acc=90.03% test_acc=46.10% best=46.98% lr=3.9466348e-05 time=12.5s est_300=1h 09m 29s
[OURS:T2T-ViT-14][251/300] loss=0.4260 ce=0.4260 guidance=0.0000 beta=0.00 train_acc=90.10% test_acc=46.67% best=46.98% lr=3.8158713e-05 time=13.3s est_300=1h 09m 28s
[OURS:T2T-ViT-14][252/300] loss=0.4281 ce=0.4281 guidance=0.0000 beta=0.00 train_acc=89.57% test_acc=47.01% best=47.01% lr=3.6874582e-05 time=14.1s est_300=1h 09m 28s
[OURS:T2T-ViT-14][253/300] loss=0.4126 ce=0.4126 guidance=0.0000 beta=0.00 train_acc=90.17% test_acc=46.38% best=47.01% lr=3.5614097e-05 time=13.8s est_300=1h 09m 28s
[OURS:T2T-ViT-14][254/300] loss=0.4300 ce=0.4300 guidance=0.0000 beta=0.00 train_acc=89.98% test_acc=47.48% best=47.48% lr=3.4377396e-05 time=13.4s est_300=1h 09m 28s
[OURS:T2T-ViT-14][255/300] loss=0.4064 ce=0.4064 guidance=0.0000 beta=0.00 train_acc=90.20% test_acc=46.93% best=47.48% lr=3.3164614e-05 time=12.8s est_300=1h 09m 26s
[OURS:T2T-ViT-14][256/300] loss=0.4125 ce=0.4125 guidance=0.0000 beta=0.00 train_acc=90.15% test_acc=46.58% best=47.48% lr=3.1975885e-05 time=13.4s est_300=1h 09m 26s
[OURS:T2T-ViT-14][257/300] loss=0.4107 ce=0.4107 guidance=0.0000 beta=0.00 train_acc=90.08% test_acc=46.48% best=47.48% lr=3.0811339e-05 time=13.6s est_300=1h 09m 25s
[OURS:T2T-ViT-14][258/300] loss=0.4102 ce=0.4102 guidance=0.0000 beta=0.00 train_acc=90.39% test_acc=47.10% best=47.48% lr=2.9671104e-05 time=13.4s est_300=1h 09m 25s
[OURS:T2T-ViT-14][259/300] loss=0.3884 ce=0.3884 guidance=0.0000 beta=0.00 train_acc=90.66% test_acc=47.98% best=47.98% lr=2.8555305e-05 time=13.6s est_300=1h 09m 24s
[OURS:T2T-ViT-14][260/300] loss=0.4254 ce=0.4254 guidance=0.0000 beta=0.00 train_acc=90.12% test_acc=46.67% best=47.98% lr=2.7464063e-05 time=13.4s est_300=1h 09m 24s
[OURS:T2T-ViT-14][261/300] loss=0.3936 ce=0.3936 guidance=0.0000 beta=0.00 train_acc=90.68% test_acc=46.38% best=47.98% lr=2.6397499e-05 time=13.6s est_300=1h 09m 24s
[OURS:T2T-ViT-14][262/300] loss=0.3958 ce=0.3958 guidance=0.0000 beta=0.00 train_acc=90.98% test_acc=45.86% best=47.98% lr=2.535573e-05 time=13.4s est_300=1h 09m 23s
[OURS:T2T-ViT-14][263/300] loss=0.3911 ce=0.3911 guidance=0.0000 beta=0.00 train_acc=90.86% test_acc=46.48% best=47.98% lr=2.433887e-05 time=13.5s est_300=1h 09m 23s
[OURS:T2T-ViT-14][264/300] loss=0.4002 ce=0.4002 guidance=0.0000 beta=0.00 train_acc=90.25% test_acc=46.38% best=47.98% lr=2.334703e-05 time=13.3s est_300=1h 09m 22s
[OURS:T2T-ViT-14][265/300] loss=0.4037 ce=0.4037 guidance=0.0000 beta=0.00 train_acc=90.46% test_acc=46.57% best=47.98% lr=2.238032e-05 time=13.9s est_300=1h 09m 22s
[OURS:T2T-ViT-14][266/300] loss=0.4171 ce=0.4171 guidance=0.0000 beta=0.00 train_acc=90.13% test_acc=47.48% best=47.98% lr=2.1438844e-05 time=13.7s est_300=1h 09m 22s
[OURS:T2T-ViT-14][267/300] loss=0.4001 ce=0.4001 guidance=0.0000 beta=0.00 train_acc=90.51% test_acc=47.81% best=47.98% lr=2.0522708e-05 time=13.6s est_300=1h 09m 22s
[OURS:T2T-ViT-14][268/300] loss=0.3922 ce=0.3922 guidance=0.0000 beta=0.00 train_acc=91.02% test_acc=47.36% best=47.98% lr=1.963201e-05 time=13.7s est_300=1h 09m 21s
[OURS:T2T-ViT-14][269/300] loss=0.3939 ce=0.3939 guidance=0.0000 beta=0.00 train_acc=90.93% test_acc=46.84% best=47.98% lr=1.8766848e-05 time=13.7s est_300=1h 09m 21s
[OURS:T2T-ViT-14][270/300] loss=0.3951 ce=0.3951 guidance=0.0000 beta=0.00 train_acc=90.56% test_acc=46.62% best=47.98% lr=1.7927319e-05 time=12.6s est_300=1h 09m 20s
[OURS:T2T-ViT-14][271/300] loss=0.3831 ce=0.3831 guidance=0.0000 beta=0.00 train_acc=90.78% test_acc=46.27% best=47.98% lr=1.7113512e-05 time=13.5s est_300=1h 09m 19s
[OURS:T2T-ViT-14][272/300] loss=0.3911 ce=0.3911 guidance=0.0000 beta=0.00 train_acc=90.71% test_acc=45.96% best=47.98% lr=1.6325519e-05 time=13.4s est_300=1h 09m 19s
[OURS:T2T-ViT-14][273/300] loss=0.4202 ce=0.4202 guidance=0.0000 beta=0.00 train_acc=90.40% test_acc=45.60% best=47.98% lr=1.5563424e-05 time=13.5s est_300=1h 09m 18s
[OURS:T2T-ViT-14][274/300] loss=0.3835 ce=0.3835 guidance=0.0000 beta=0.00 train_acc=91.08% test_acc=45.50% best=47.98% lr=1.4827313e-05 time=13.6s est_300=1h 09m 18s
[OURS:T2T-ViT-14][275/300] loss=0.4190 ce=0.4190 guidance=0.0000 beta=0.00 train_acc=89.95% test_acc=45.43% best=47.98% lr=1.4117265e-05 time=13.5s est_300=1h 09m 18s
[OURS:T2T-ViT-14][276/300] loss=0.4032 ce=0.4032 guidance=0.0000 beta=0.00 train_acc=90.46% test_acc=45.82% best=47.98% lr=1.3433358e-05 time=12.4s est_300=1h 09m 16s
[OURS:T2T-ViT-14][277/300] loss=0.3758 ce=0.3758 guidance=0.0000 beta=0.00 train_acc=91.12% test_acc=46.00% best=47.98% lr=1.2775668e-05 time=12.5s est_300=1h 09m 14s
[OURS:T2T-ViT-14][278/300] loss=0.3841 ce=0.3841 guidance=0.0000 beta=0.00 train_acc=90.91% test_acc=46.27% best=47.98% lr=1.2144266e-05 time=13.5s est_300=1h 09m 14s
[OURS:T2T-ViT-14][279/300] loss=0.3942 ce=0.3942 guidance=0.0000 beta=0.00 train_acc=90.57% test_acc=46.96% best=47.98% lr=1.1539222e-05 time=13.2s est_300=1h 09m 13s
[OURS:T2T-ViT-14][280/300] loss=0.3968 ce=0.3968 guidance=0.0000 beta=0.00 train_acc=90.46% test_acc=46.70% best=47.98% lr=1.0960601e-05 time=13.5s est_300=1h 09m 13s
[OURS:T2T-ViT-14][281/300] loss=0.3850 ce=0.3850 guidance=0.0000 beta=0.00 train_acc=90.76% test_acc=46.25% best=47.98% lr=1.0408469e-05 time=13.3s est_300=1h 09m 12s
[OURS:T2T-ViT-14][282/300] loss=0.4241 ce=0.4241 guidance=0.0000 beta=0.00 train_acc=89.86% test_acc=46.48% best=47.98% lr=9.8828843e-06 time=12.5s est_300=1h 09m 11s
[OURS:T2T-ViT-14][283/300] loss=0.3950 ce=0.3950 guidance=0.0000 beta=0.00 train_acc=90.73% test_acc=46.65% best=47.98% lr=9.3839054e-06 time=13.6s est_300=1h 09m 11s
[OURS:T2T-ViT-14][284/300] loss=0.3905 ce=0.3905 guidance=0.0000 beta=0.00 train_acc=90.69% test_acc=46.39% best=47.98% lr=8.911587e-06 time=13.7s est_300=1h 09m 11s
[OURS:T2T-ViT-14][285/300] loss=0.3798 ce=0.3798 guidance=0.0000 beta=0.00 train_acc=91.13% test_acc=46.22% best=47.98% lr=8.4659808e-06 time=13.4s est_300=1h 09m 10s
[OURS:T2T-ViT-14][286/300] loss=0.3781 ce=0.3781 guidance=0.0000 beta=0.00 train_acc=90.88% test_acc=46.32% best=47.98% lr=8.0471357e-06 time=13.6s est_300=1h 09m 10s
[OURS:T2T-ViT-14][287/300] loss=0.3869 ce=0.3869 guidance=0.0000 beta=0.00 train_acc=91.22% test_acc=46.17% best=47.98% lr=7.6550976e-06 time=13.9s est_300=1h 09m 10s
[OURS:T2T-ViT-14][288/300] loss=0.3833 ce=0.3833 guidance=0.0000 beta=0.00 train_acc=91.08% test_acc=46.76% best=47.98% lr=7.2899095e-06 time=14.0s est_300=1h 09m 10s
[OURS:T2T-ViT-14][289/300] loss=0.3708 ce=0.3708 guidance=0.0000 beta=0.00 train_acc=91.37% test_acc=46.79% best=47.98% lr=6.9516114e-06 time=13.6s est_300=1h 09m 10s
[OURS:T2T-ViT-14][290/300] loss=0.3961 ce=0.3961 guidance=0.0000 beta=0.00 train_acc=90.35% test_acc=47.20% best=47.98% lr=6.6402405e-06 time=13.7s est_300=1h 09m 10s
[OURS:T2T-ViT-14][291/300] loss=0.3983 ce=0.3983 guidance=0.0000 beta=0.00 train_acc=90.85% test_acc=46.77% best=47.98% lr=6.3558309e-06 time=12.6s est_300=1h 09m 09s
[OURS:T2T-ViT-14][292/300] loss=0.3708 ce=0.3708 guidance=0.0000 beta=0.00 train_acc=91.02% test_acc=46.65% best=47.98% lr=6.0984138e-06 time=13.9s est_300=1h 09m 09s
[OURS:T2T-ViT-14][293/300] loss=0.3557 ce=0.3557 guidance=0.0000 beta=0.00 train_acc=91.46% test_acc=46.48% best=47.98% lr=5.8680173e-06 time=13.3s est_300=1h 09m 08s
[OURS:T2T-ViT-14][294/300] loss=0.3745 ce=0.3745 guidance=0.0000 beta=0.00 train_acc=91.10% test_acc=46.41% best=47.98% lr=5.6646669e-06 time=12.5s est_300=1h 09m 07s
[OURS:T2T-ViT-14][295/300] loss=0.3753 ce=0.3753 guidance=0.0000 beta=0.00 train_acc=91.08% test_acc=46.31% best=47.98% lr=5.4883847e-06 time=13.2s est_300=1h 09m 06s
[OURS:T2T-ViT-14][296/300] loss=0.3869 ce=0.3869 guidance=0.0000 beta=0.00 train_acc=90.79% test_acc=46.57% best=47.98% lr=5.3391901e-06 time=13.1s est_300=1h 09m 05s
[OURS:T2T-ViT-14][297/300] loss=0.3661 ce=0.3661 guidance=0.0000 beta=0.00 train_acc=91.10% test_acc=46.65% best=47.98% lr=5.2170996e-06 time=13.8s est_300=1h 09m 05s
[OURS:T2T-ViT-14][298/300] loss=0.3797 ce=0.3797 guidance=0.0000 beta=0.00 train_acc=90.95% test_acc=46.62% best=47.98% lr=5.1221263e-06 time=13.7s est_300=1h 09m 05s
[OURS:T2T-ViT-14][299/300] loss=0.3865 ce=0.3865 guidance=0.0000 beta=0.00 train_acc=90.83% test_acc=46.43% best=47.98% lr=5.0542808e-06 time=13.6s est_300=1h 09m 05s
[OURS:T2T-ViT-14][300/300] loss=0.3676 ce=0.3676 guidance=0.0000 beta=0.00 train_acc=91.41% test_acc=46.41% best=47.98% lr=5.0135706e-06 time=13.6s est_300=1h 09m 05s
[TIMING_RESULT] student=T2T-ViT-14 method=OURS batch=128 avg_epoch=13.82s estimated_300=1h 09m 05s
[FINAL_RESULT] summary=/app/output/table1_cub200_t2t_vit14_all_full_seed1/students/table1_cub200_t2t_vit_14_ours_b128_full_300ep_seed1/summary.json
[DONE] Table-1 CUB student task completed successfully.
[STUDENT_IDENTITY_CHECK_TABLE1_CUB200] status=PASS student=T2T-ViT-14 method=OursB128 batch=128 teacher=06f75192b1c108c89e480843cb4f72dfb28aa762d7b11e7ac327333dd54b51f5
[TASK_DONE] 5/5 T2T-ViT-14/OursB128 elapsed=1h 10m 08s
================================================================================================
[FINAL_TOP1_SUMMARY_TABLE1_CUB200_BACKBONE_ALL] student=T2T-ViT-14 Teacher=36.40% Vanilla=19.90% LG=46.05% ALG=48.45% OursB64=49.00% OursB128=47.98%
[SEQUENCE_DONE_TABLE1_CUB200_BACKBONE_ALL] student=T2T-ViT-14 completed_tasks=5/5
[FINAL_RESULT] summary=/app/output/table1_cub200_t2t_vit14_all_full_seed1/final_summary.json
