[BOOT] installing complete pinned Table-1 requirements; missing_or_mismatched=['timm', 'fvcore', 'iopath', 'yacs']
WARNING: Running pip as the 'root' user can result in broken permissions and conflicting behaviour with the system package manager, possibly rendering your system unusable. It is recommended to use a virtual environment instead: https://pip.pypa.io/warnings/venv. Use the --root-user-action option if you know what you are doing and want to suppress this warning.
[BOOT] complete pinned Table-1 requirements installed successfully
================================================================================================
TABLE-1 CUB-200: CVT-13 ALL FIVE SETTINGS
================================================================================================
[PROTOCOL_LOCK_TABLE1_CUB200_BACKBONE_ALL] student=CvT-13 scratch input=224 epochs=300 order=VanillaB128,LG,ALG,OursB64,OursB128 teacher=Build543-ResNet56-scratch-32 guided_only=True seed=1 fp32=True
[FIXED_TEACHER_CHECK_TABLE1_CUB200] status=PASS build=543 epoch=275 top1=36.40% input=32 sha256=06f75192b1c108c89e480843cb4f72dfb28aa762d7b11e7ac327333dd54b51f5
[POD_LIMIT_CHECK_TABLE1_CUB200_BACKBONE_ALL] student=CvT-13 limit=600m estimated=7h 00m 40s status=PASS
------------------------------------------------------------------------------------------------
[TASK_START] 1/5 CvT-13/Vanilla
[COMMAND][Vanilla] /usr/bin/python /app/scratch/input/bapedragon_552/methods/table1_cub200/train.py --full-run --student cvt_13 --method vanilla --batch-size 128 --data-dir /app/output/table1_cub200_cvt13_all_full_seed1/data/cub200 --teacher-root /app/scratch/input/bapedragon_552/teachers/checkpoints/cub200_table1_resnet56_32 --output-dir /app/output/table1_cub200_cvt13_all_full_seed1/students --run-name table1_cub200_cvt_13_vanilla_b128_full_300ep_seed1 --num-workers 4
[BOOT] Python process started: /usr/bin/python
[BOOT] complete Table-1 runtime dependencies already available
/usr/local/lib/python3.10/dist-packages/timm/models/layers/__init__.py:49: FutureWarning: Importing from timm.models.layers is deprecated, please import via timm.layers
  warnings.warn(f"Importing from {__name__} is deprecated, please import via timm.layers", FutureWarning)
========================================================================================
CUB-200 TABLE-1 EXTENSION
========================================================================================
[TASK] student=CvT-13 method=VANILLA batch=128 mode=full_300ep
[MODE] actual_epochs=300 planned_epochs=300
[PROTOCOL_LOCK] dataset=CUB-200-2011 split=5994/5794 teacher=ResNet56-scratch-32 student=scratch-224 epochs=300 AdamW=5e-4->5e-6 wd=0.05 warmup=20 seed=1 fp32=True
[SOURCE] official_lg_repo=https://github.com/lkhl/tiny-transformers commit=d2165f74049c906b0afc9f957491960fb3c0cc8b
[MODEL] params=19,689,480 feature_dims=(64, 192, 192, 384, 384, 384, 384, 384, 384, 384, 384, 384, 384) selected_lg=(0, 6, 11)
[FEATURE_CHECK] student=((2, 64, 56, 56), (2, 192, 28, 28), (2, 192, 28, 28), (2, 384, 14, 14), (2, 384, 14, 14), (2, 384, 14, 14), (2, 384, 14, 14), (2, 384, 14, 14), (2, 384, 14, 14), (2, 384, 14, 14), (2, 384, 14, 14), (2, 384, 14, 14), (2, 384, 14, 14)) teacher=None guidance_probe=0.000000
[OPTIMIZER] contract=official_lg_no_decay_exclusions
[VANILLA:CvT-13][001/300] loss=5.3798 ce=5.3798 guidance=0.0000 beta=0.00 train_acc=0.48% test_acc=0.43% best=0.43% lr=5e-07 time=16.9s est_300=1h 24m 32s
[VANILLA:CvT-13][002/300] loss=5.3116 ce=5.3116 guidance=0.0000 beta=0.00 train_acc=0.58% test_acc=0.98% best=0.98% lr=2.5475e-05 time=14.1s est_300=1h 17m 24s
[VANILLA:CvT-13][003/300] loss=5.2520 ce=5.2520 guidance=0.0000 beta=0.00 train_acc=0.88% test_acc=1.14% best=1.14% lr=5.045e-05 time=14.2s est_300=1h 15m 13s
[VANILLA:CvT-13][004/300] loss=5.2301 ce=5.2301 guidance=0.0000 beta=0.00 train_acc=1.09% test_acc=1.33% best=1.33% lr=7.5425e-05 time=13.5s est_300=1h 13m 21s
[VANILLA:CvT-13][005/300] loss=5.2110 ce=5.2110 guidance=0.0000 beta=0.00 train_acc=0.90% test_acc=1.85% best=1.85% lr=0.0001004 time=13.4s est_300=1h 12m 05s
[VANILLA:CvT-13][006/300] loss=5.1759 ce=5.1759 guidance=0.0000 beta=0.00 train_acc=1.00% test_acc=1.59% best=1.85% lr=0.000125375 time=13.0s est_300=1h 10m 55s
[VANILLA:CvT-13][007/300] loss=5.1700 ce=5.1700 guidance=0.0000 beta=0.00 train_acc=1.32% test_acc=1.85% best=1.85% lr=0.00015035 time=13.0s est_300=1h 10m 06s
[VANILLA:CvT-13][008/300] loss=5.1544 ce=5.1544 guidance=0.0000 beta=0.00 train_acc=1.19% test_acc=1.78% best=1.85% lr=0.000175325 time=13.6s est_300=1h 09m 50s
[VANILLA:CvT-13][009/300] loss=5.1081 ce=5.1081 guidance=0.0000 beta=0.00 train_acc=1.27% test_acc=2.26% best=2.26% lr=0.0002003 time=13.3s est_300=1h 09m 26s
[VANILLA:CvT-13][010/300] loss=5.0698 ce=5.0698 guidance=0.0000 beta=0.00 train_acc=2.34% test_acc=2.88% best=2.88% lr=0.000225275 time=13.4s est_300=1h 09m 13s
[VANILLA:CvT-13][011/300] loss=5.0249 ce=5.0249 guidance=0.0000 beta=0.00 train_acc=2.06% test_acc=3.73% best=3.73% lr=0.00025025 time=13.2s est_300=1h 08m 54s
[VANILLA:CvT-13][012/300] loss=4.9625 ce=4.9625 guidance=0.0000 beta=0.00 train_acc=2.73% test_acc=3.97% best=3.97% lr=0.000275225 time=13.8s est_300=1h 08m 54s
[VANILLA:CvT-13][013/300] loss=4.9477 ce=4.9477 guidance=0.0000 beta=0.00 train_acc=2.73% test_acc=4.31% best=4.31% lr=0.0003002 time=13.5s est_300=1h 08m 46s
[VANILLA:CvT-13][014/300] loss=4.9035 ce=4.9035 guidance=0.0000 beta=0.00 train_acc=3.46% test_acc=4.28% best=4.31% lr=0.000325175 time=13.2s est_300=1h 08m 34s
[VANILLA:CvT-13][015/300] loss=4.8654 ce=4.8654 guidance=0.0000 beta=0.00 train_acc=3.18% test_acc=4.57% best=4.57% lr=0.00035015 time=13.5s est_300=1h 08m 30s
[VANILLA:CvT-13][016/300] loss=4.8463 ce=4.8463 guidance=0.0000 beta=0.00 train_acc=3.65% test_acc=4.83% best=4.83% lr=0.000375125 time=13.5s est_300=1h 08m 27s
[VANILLA:CvT-13][017/300] loss=4.8350 ce=4.8350 guidance=0.0000 beta=0.00 train_acc=3.50% test_acc=5.07% best=5.07% lr=0.0004001 time=13.5s est_300=1h 08m 24s
[VANILLA:CvT-13][018/300] loss=4.7849 ce=4.7849 guidance=0.0000 beta=0.00 train_acc=3.87% test_acc=6.52% best=6.52% lr=0.000425075 time=13.6s est_300=1h 08m 23s
[VANILLA:CvT-13][019/300] loss=4.7648 ce=4.7648 guidance=0.0000 beta=0.00 train_acc=4.55% test_acc=5.49% best=6.52% lr=0.00045005 time=13.2s est_300=1h 08m 15s
[VANILLA:CvT-13][020/300] loss=4.8027 ce=4.8027 guidance=0.0000 beta=0.00 train_acc=4.19% test_acc=5.11% best=6.52% lr=0.000475025 time=13.1s est_300=1h 08m 06s
[VANILLA:CvT-13][021/300] loss=4.7240 ce=4.7240 guidance=0.0000 beta=0.00 train_acc=4.84% test_acc=6.47% best=6.52% lr=0.00049459153 time=13.3s est_300=1h 08m 02s
[VANILLA:CvT-13][022/300] loss=4.7131 ce=4.7131 guidance=0.0000 beta=0.00 train_acc=4.76% test_acc=6.56% best=6.56% lr=0.0004940394 time=12.4s est_300=1h 07m 45s
[VANILLA:CvT-13][023/300] loss=4.6584 ce=4.6584 guidance=0.0000 beta=0.00 train_acc=5.89% test_acc=6.32% best=6.56% lr=0.00049346078 time=13.9s est_300=1h 07m 50s
[VANILLA:CvT-13][024/300] loss=4.6227 ce=4.6227 guidance=0.0000 beta=0.00 train_acc=6.06% test_acc=7.18% best=7.18% lr=0.00049285573 time=12.8s est_300=1h 07m 40s
[VANILLA:CvT-13][025/300] loss=4.5826 ce=4.5826 guidance=0.0000 beta=0.00 train_acc=6.08% test_acc=6.96% best=7.18% lr=0.00049222433 time=13.0s est_300=1h 07m 34s
[VANILLA:CvT-13][026/300] loss=4.5518 ce=4.5518 guidance=0.0000 beta=0.00 train_acc=7.08% test_acc=7.75% best=7.75% lr=0.00049156664 time=13.3s est_300=1h 07m 32s
[VANILLA:CvT-13][027/300] loss=4.5245 ce=4.5245 guidance=0.0000 beta=0.00 train_acc=6.95% test_acc=8.37% best=8.37% lr=0.00049088274 time=13.9s est_300=1h 07m 36s
[VANILLA:CvT-13][028/300] loss=4.5090 ce=4.5090 guidance=0.0000 beta=0.00 train_acc=7.35% test_acc=9.37% best=9.37% lr=0.00049017269 time=13.5s est_300=1h 07m 36s
[VANILLA:CvT-13][029/300] loss=4.4526 ce=4.4526 guidance=0.0000 beta=0.00 train_acc=8.10% test_acc=9.10% best=9.37% lr=0.00048943658 time=12.3s est_300=1h 07m 23s
[VANILLA:CvT-13][030/300] loss=4.4150 ce=4.4150 guidance=0.0000 beta=0.00 train_acc=8.15% test_acc=10.15% best=10.15% lr=0.00048867448 time=13.7s est_300=1h 07m 25s
[VANILLA:CvT-13][031/300] loss=4.4165 ce=4.4165 guidance=0.0000 beta=0.00 train_acc=8.27% test_acc=9.91% best=10.15% lr=0.00048788649 time=13.1s est_300=1h 07m 21s
[VANILLA:CvT-13][032/300] loss=4.3720 ce=4.3720 guidance=0.0000 beta=0.00 train_acc=8.93% test_acc=10.15% best=10.15% lr=0.00048707268 time=13.1s est_300=1h 07m 18s
[VANILLA:CvT-13][033/300] loss=4.3364 ce=4.3364 guidance=0.0000 beta=0.00 train_acc=9.60% test_acc=10.32% best=10.32% lr=0.00048623315 time=13.1s est_300=1h 07m 14s
[VANILLA:CvT-13][034/300] loss=4.3386 ce=4.3386 guidance=0.0000 beta=0.00 train_acc=9.43% test_acc=10.93% best=10.93% lr=0.00048536799 time=13.0s est_300=1h 07m 10s
[VANILLA:CvT-13][035/300] loss=4.3144 ce=4.3144 guidance=0.0000 beta=0.00 train_acc=9.80% test_acc=10.98% best=10.98% lr=0.00048447729 time=13.0s est_300=1h 07m 06s
[VANILLA:CvT-13][036/300] loss=4.2902 ce=4.2902 guidance=0.0000 beta=0.00 train_acc=9.65% test_acc=11.39% best=11.39% lr=0.00048356116 time=13.7s est_300=1h 07m 08s
[VANILLA:CvT-13][037/300] loss=4.2332 ce=4.2332 guidance=0.0000 beta=0.00 train_acc=10.46% test_acc=12.20% best=12.20% lr=0.00048261968 time=12.8s est_300=1h 07m 03s
[VANILLA:CvT-13][038/300] loss=4.2184 ce=4.2184 guidance=0.0000 beta=0.00 train_acc=11.41% test_acc=11.70% best=12.20% lr=0.00048165297 time=12.2s est_300=1h 06m 54s
[VANILLA:CvT-13][039/300] loss=4.1837 ce=4.1837 guidance=0.0000 beta=0.00 train_acc=11.51% test_acc=12.60% best=12.60% lr=0.00048066113 time=12.2s est_300=1h 06m 45s
[VANILLA:CvT-13][040/300] loss=4.1611 ce=4.1611 guidance=0.0000 beta=0.00 train_acc=11.65% test_acc=12.82% best=12.82% lr=0.00047964427 time=13.1s est_300=1h 06m 43s
[VANILLA:CvT-13][041/300] loss=4.1294 ce=4.1294 guidance=0.0000 beta=0.00 train_acc=12.26% test_acc=13.00% best=13.00% lr=0.0004786025 time=13.0s est_300=1h 06m 40s
[VANILLA:CvT-13][042/300] loss=4.1278 ce=4.1278 guidance=0.0000 beta=0.00 train_acc=12.36% test_acc=13.50% best=13.50% lr=0.00047753594 time=12.9s est_300=1h 06m 37s
[VANILLA:CvT-13][043/300] loss=4.0830 ce=4.0830 guidance=0.0000 beta=0.00 train_acc=13.13% test_acc=14.15% best=14.15% lr=0.0004764447 time=12.9s est_300=1h 06m 34s
[VANILLA:CvT-13][044/300] loss=4.0899 ce=4.0899 guidance=0.0000 beta=0.00 train_acc=13.55% test_acc=13.91% best=14.15% lr=0.0004753289 time=13.2s est_300=1h 06m 33s
[VANILLA:CvT-13][045/300] loss=4.0531 ce=4.0531 guidance=0.0000 beta=0.00 train_acc=12.64% test_acc=14.14% best=14.15% lr=0.00047418866 time=12.7s est_300=1h 06m 29s
[VANILLA:CvT-13][046/300] loss=4.0396 ce=4.0396 guidance=0.0000 beta=0.00 train_acc=13.11% test_acc=13.96% best=14.15% lr=0.00047302411 time=13.5s est_300=1h 06m 30s
[VANILLA:CvT-13][047/300] loss=4.0054 ce=4.0054 guidance=0.0000 beta=0.00 train_acc=14.35% test_acc=15.12% best=15.12% lr=0.00047183539 time=13.6s est_300=1h 06m 32s
[VANILLA:CvT-13][048/300] loss=3.9854 ce=3.9854 guidance=0.0000 beta=0.00 train_acc=14.88% test_acc=15.19% best=15.19% lr=0.0004706226 time=13.5s est_300=1h 06m 33s
[VANILLA:CvT-13][049/300] loss=3.9522 ce=3.9522 guidance=0.0000 beta=0.00 train_acc=14.32% test_acc=15.69% best=15.69% lr=0.0004693859 time=12.9s est_300=1h 06m 31s
[VANILLA:CvT-13][050/300] loss=3.9289 ce=3.9289 guidance=0.0000 beta=0.00 train_acc=15.01% test_acc=16.57% best=16.57% lr=0.00046812542 time=13.7s est_300=1h 06m 33s
[VANILLA:CvT-13][051/300] loss=3.9155 ce=3.9155 guidance=0.0000 beta=0.00 train_acc=15.51% test_acc=14.89% best=16.57% lr=0.00046684129 time=13.9s est_300=1h 06m 37s
[VANILLA:CvT-13][052/300] loss=3.9072 ce=3.9072 guidance=0.0000 beta=0.00 train_acc=15.08% test_acc=16.69% best=16.69% lr=0.00046553365 time=13.6s est_300=1h 06m 38s
[VANILLA:CvT-13][053/300] loss=3.8709 ce=3.8709 guidance=0.0000 beta=0.00 train_acc=16.08% test_acc=15.90% best=16.69% lr=0.00046420265 time=13.7s est_300=1h 06m 40s
[VANILLA:CvT-13][054/300] loss=3.7880 ce=3.7880 guidance=0.0000 beta=0.00 train_acc=18.14% test_acc=16.86% best=16.86% lr=0.00046284844 time=13.5s est_300=1h 06m 41s
[VANILLA:CvT-13][055/300] loss=3.8431 ce=3.8431 guidance=0.0000 beta=0.00 train_acc=17.14% test_acc=18.09% best=18.09% lr=0.00046147116 time=13.7s est_300=1h 06m 43s
[VANILLA:CvT-13][056/300] loss=3.8315 ce=3.8315 guidance=0.0000 beta=0.00 train_acc=17.12% test_acc=17.31% best=18.09% lr=0.00046007097 time=13.6s est_300=1h 06m 44s
[VANILLA:CvT-13][057/300] loss=3.7694 ce=3.7694 guidance=0.0000 beta=0.00 train_acc=17.85% test_acc=17.67% best=18.09% lr=0.00045864801 time=13.4s est_300=1h 06m 44s
[VANILLA:CvT-13][058/300] loss=3.7657 ce=3.7657 guidance=0.0000 beta=0.00 train_acc=18.36% test_acc=18.23% best=18.23% lr=0.00045720244 time=13.9s est_300=1h 06m 47s
[VANILLA:CvT-13][059/300] loss=3.6999 ce=3.6999 guidance=0.0000 beta=0.00 train_acc=19.34% test_acc=18.14% best=18.23% lr=0.00045573443 time=14.0s est_300=1h 06m 51s
[VANILLA:CvT-13][060/300] loss=3.7299 ce=3.7299 guidance=0.0000 beta=0.00 train_acc=18.04% test_acc=18.31% best=18.31% lr=0.00045424413 time=13.7s est_300=1h 06m 52s
[VANILLA:CvT-13][061/300] loss=3.6935 ce=3.6935 guidance=0.0000 beta=0.00 train_acc=19.00% test_acc=18.55% best=18.55% lr=0.00045273171 time=12.9s est_300=1h 06m 50s
[VANILLA:CvT-13][062/300] loss=3.6883 ce=3.6883 guidance=0.0000 beta=0.00 train_acc=19.80% test_acc=19.62% best=19.62% lr=0.00045119733 time=12.5s est_300=1h 06m 45s
[VANILLA:CvT-13][063/300] loss=3.6176 ce=3.6176 guidance=0.0000 beta=0.00 train_acc=20.11% test_acc=19.50% best=19.62% lr=0.00044964115 time=13.4s est_300=1h 06m 45s
[VANILLA:CvT-13][064/300] loss=3.6287 ce=3.6287 guidance=0.0000 beta=0.00 train_acc=19.92% test_acc=19.05% best=19.62% lr=0.00044806337 time=13.2s est_300=1h 06m 45s
[VANILLA:CvT-13][065/300] loss=3.6363 ce=3.6363 guidance=0.0000 beta=0.00 train_acc=19.99% test_acc=20.43% best=20.43% lr=0.00044646413 time=13.2s est_300=1h 06m 44s
[VANILLA:CvT-13][066/300] loss=3.5730 ce=3.5730 guidance=0.0000 beta=0.00 train_acc=21.16% test_acc=19.93% best=20.43% lr=0.00044484363 time=12.3s est_300=1h 06m 39s
[VANILLA:CvT-13][067/300] loss=3.5416 ce=3.5416 guidance=0.0000 beta=0.00 train_acc=21.06% test_acc=19.88% best=20.43% lr=0.00044320203 time=13.0s est_300=1h 06m 38s
[VANILLA:CvT-13][068/300] loss=3.5294 ce=3.5294 guidance=0.0000 beta=0.00 train_acc=21.54% test_acc=21.06% best=21.06% lr=0.00044153952 time=13.5s est_300=1h 06m 38s
[VANILLA:CvT-13][069/300] loss=3.5181 ce=3.5181 guidance=0.0000 beta=0.00 train_acc=22.32% test_acc=20.11% best=21.06% lr=0.00043985628 time=13.5s est_300=1h 06m 39s
[VANILLA:CvT-13][070/300] loss=3.4802 ce=3.4802 guidance=0.0000 beta=0.00 train_acc=22.04% test_acc=21.69% best=21.69% lr=0.00043815249 time=14.0s est_300=1h 06m 42s
[VANILLA:CvT-13][071/300] loss=3.4886 ce=3.4886 guidance=0.0000 beta=0.00 train_acc=22.38% test_acc=22.04% best=22.04% lr=0.00043642834 time=13.8s est_300=1h 06m 44s
[VANILLA:CvT-13][072/300] loss=3.4417 ce=3.4417 guidance=0.0000 beta=0.00 train_acc=23.62% test_acc=20.56% best=22.04% lr=0.00043468403 time=14.0s est_300=1h 06m 46s
[VANILLA:CvT-13][073/300] loss=3.3556 ce=3.3556 guidance=0.0000 beta=0.00 train_acc=25.37% test_acc=22.21% best=22.21% lr=0.00043291974 time=12.8s est_300=1h 06m 44s
[VANILLA:CvT-13][074/300] loss=3.3764 ce=3.3764 guidance=0.0000 beta=0.00 train_acc=24.15% test_acc=22.07% best=22.21% lr=0.00043113566 time=12.8s est_300=1h 06m 42s
[VANILLA:CvT-13][075/300] loss=3.3566 ce=3.3566 guidance=0.0000 beta=0.00 train_acc=25.22% test_acc=21.82% best=22.21% lr=0.00042933199 time=13.8s est_300=1h 06m 44s
[VANILLA:CvT-13][076/300] loss=3.2982 ce=3.2982 guidance=0.0000 beta=0.00 train_acc=25.41% test_acc=22.61% best=22.61% lr=0.00042750893 time=13.6s est_300=1h 06m 45s
[VANILLA:CvT-13][077/300] loss=3.2975 ce=3.2975 guidance=0.0000 beta=0.00 train_acc=25.90% test_acc=22.20% best=22.61% lr=0.00042566668 time=13.8s est_300=1h 06m 47s
[VANILLA:CvT-13][078/300] loss=3.3257 ce=3.3257 guidance=0.0000 beta=0.00 train_acc=25.61% test_acc=22.70% best=22.70% lr=0.00042380544 time=12.9s est_300=1h 06m 45s
[VANILLA:CvT-13][079/300] loss=3.3258 ce=3.3258 guidance=0.0000 beta=0.00 train_acc=25.93% test_acc=22.73% best=22.73% lr=0.00042192541 time=13.6s est_300=1h 06m 46s
[VANILLA:CvT-13][080/300] loss=3.2438 ce=3.2438 guidance=0.0000 beta=0.00 train_acc=26.95% test_acc=23.46% best=23.46% lr=0.0004200268 time=14.3s est_300=1h 06m 49s
[VANILLA:CvT-13][081/300] loss=3.2220 ce=3.2220 guidance=0.0000 beta=0.00 train_acc=27.67% test_acc=24.65% best=24.65% lr=0.00041810983 time=14.6s est_300=1h 06m 54s
[VANILLA:CvT-13][082/300] loss=3.2078 ce=3.2078 guidance=0.0000 beta=0.00 train_acc=28.58% test_acc=23.04% best=24.65% lr=0.00041617469 time=13.8s est_300=1h 06m 55s
[VANILLA:CvT-13][083/300] loss=3.1504 ce=3.1504 guidance=0.0000 beta=0.00 train_acc=28.92% test_acc=23.70% best=24.65% lr=0.0004142216 time=13.8s est_300=1h 06m 57s
[VANILLA:CvT-13][084/300] loss=3.1257 ce=3.1257 guidance=0.0000 beta=0.00 train_acc=30.23% test_acc=23.58% best=24.65% lr=0.00041225078 time=14.0s est_300=1h 06m 59s
[VANILLA:CvT-13][085/300] loss=3.1399 ce=3.1399 guidance=0.0000 beta=0.00 train_acc=29.13% test_acc=23.75% best=24.65% lr=0.00041026244 time=13.9s est_300=1h 07m 01s
[VANILLA:CvT-13][086/300] loss=3.0209 ce=3.0209 guidance=0.0000 beta=0.00 train_acc=31.91% test_acc=23.23% best=24.65% lr=0.0004082568 time=12.9s est_300=1h 06m 59s
[VANILLA:CvT-13][087/300] loss=3.0681 ce=3.0681 guidance=0.0000 beta=0.00 train_acc=30.86% test_acc=24.99% best=24.99% lr=0.00040623408 time=14.1s est_300=1h 07m 02s
[VANILLA:CvT-13][088/300] loss=2.9782 ce=2.9782 guidance=0.0000 beta=0.00 train_acc=32.32% test_acc=23.87% best=24.99% lr=0.0004041945 time=14.1s est_300=1h 07m 04s
[VANILLA:CvT-13][089/300] loss=3.0043 ce=3.0043 guidance=0.0000 beta=0.00 train_acc=31.08% test_acc=24.85% best=24.99% lr=0.00040213828 time=13.9s est_300=1h 07m 06s
[VANILLA:CvT-13][090/300] loss=2.9800 ce=2.9800 guidance=0.0000 beta=0.00 train_acc=32.17% test_acc=23.42% best=24.99% lr=0.00040006566 time=13.8s est_300=1h 07m 07s
[VANILLA:CvT-13][091/300] loss=2.9695 ce=2.9695 guidance=0.0000 beta=0.00 train_acc=33.19% test_acc=25.22% best=25.22% lr=0.00039797685 time=14.0s est_300=1h 07m 09s
[VANILLA:CvT-13][092/300] loss=2.8896 ce=2.8896 guidance=0.0000 beta=0.00 train_acc=34.04% test_acc=25.08% best=25.22% lr=0.00039587209 time=14.0s est_300=1h 07m 11s
[VANILLA:CvT-13][093/300] loss=2.8471 ce=2.8471 guidance=0.0000 beta=0.00 train_acc=35.31% test_acc=25.16% best=25.22% lr=0.00039375161 time=13.9s est_300=1h 07m 12s
[VANILLA:CvT-13][094/300] loss=2.8454 ce=2.8454 guidance=0.0000 beta=0.00 train_acc=34.09% test_acc=24.78% best=25.22% lr=0.00039161564 time=13.3s est_300=1h 07m 12s
[VANILLA:CvT-13][095/300] loss=2.8186 ce=2.8186 guidance=0.0000 beta=0.00 train_acc=35.97% test_acc=24.92% best=25.22% lr=0.00038946441 time=12.5s est_300=1h 07m 09s
[VANILLA:CvT-13][096/300] loss=2.8055 ce=2.8055 guidance=0.0000 beta=0.00 train_acc=36.70% test_acc=24.96% best=25.22% lr=0.00038729816 time=13.5s est_300=1h 07m 09s
[VANILLA:CvT-13][097/300] loss=2.7510 ce=2.7510 guidance=0.0000 beta=0.00 train_acc=37.62% test_acc=25.63% best=25.63% lr=0.00038511713 time=12.8s est_300=1h 07m 07s
[VANILLA:CvT-13][098/300] loss=2.7202 ce=2.7202 guidance=0.0000 beta=0.00 train_acc=38.13% test_acc=25.56% best=25.63% lr=0.00038292156 time=12.7s est_300=1h 07m 05s
[VANILLA:CvT-13][099/300] loss=2.7017 ce=2.7017 guidance=0.0000 beta=0.00 train_acc=39.35% test_acc=26.44% best=26.44% lr=0.00038071168 time=12.3s est_300=1h 07m 02s
[VANILLA:CvT-13][100/300] loss=2.6942 ce=2.6942 guidance=0.0000 beta=0.00 train_acc=38.98% test_acc=26.22% best=26.44% lr=0.00037848775 time=13.4s est_300=1h 07m 02s
[VANILLA:CvT-13][101/300] loss=2.6312 ce=2.6312 guidance=0.0000 beta=0.00 train_acc=39.15% test_acc=26.51% best=26.51% lr=0.00037625 time=14.0s est_300=1h 07m 03s
[VANILLA:CvT-13][102/300] loss=2.6450 ce=2.6450 guidance=0.0000 beta=0.00 train_acc=39.49% test_acc=26.65% best=26.65% lr=0.00037399868 time=14.2s est_300=1h 07m 06s
[VANILLA:CvT-13][103/300] loss=2.6626 ce=2.6626 guidance=0.0000 beta=0.00 train_acc=40.00% test_acc=25.89% best=26.65% lr=0.00037173403 time=13.4s est_300=1h 07m 06s
[VANILLA:CvT-13][104/300] loss=2.5548 ce=2.5548 guidance=0.0000 beta=0.00 train_acc=41.42% test_acc=27.37% best=27.37% lr=0.00036945631 time=13.1s est_300=1h 07m 05s
[VANILLA:CvT-13][105/300] loss=2.5420 ce=2.5420 guidance=0.0000 beta=0.00 train_acc=42.65% test_acc=26.10% best=27.37% lr=0.00036716577 time=13.1s est_300=1h 07m 04s
[VANILLA:CvT-13][106/300] loss=2.5387 ce=2.5387 guidance=0.0000 beta=0.00 train_acc=42.12% test_acc=26.25% best=27.37% lr=0.00036486265 time=12.9s est_300=1h 07m 02s
[VANILLA:CvT-13][107/300] loss=2.4941 ce=2.4941 guidance=0.0000 beta=0.00 train_acc=43.46% test_acc=26.56% best=27.37% lr=0.00036254721 time=13.0s est_300=1h 07m 01s
[VANILLA:CvT-13][108/300] loss=2.4960 ce=2.4960 guidance=0.0000 beta=0.00 train_acc=43.10% test_acc=26.06% best=27.37% lr=0.0003602197 time=13.3s est_300=1h 07m 01s
[VANILLA:CvT-13][109/300] loss=2.4768 ce=2.4768 guidance=0.0000 beta=0.00 train_acc=42.85% test_acc=26.68% best=27.37% lr=0.00035788037 time=13.8s est_300=1h 07m 02s
[VANILLA:CvT-13][110/300] loss=2.4564 ce=2.4564 guidance=0.0000 beta=0.00 train_acc=44.31% test_acc=25.85% best=27.37% lr=0.0003555295 time=13.6s est_300=1h 07m 03s
[VANILLA:CvT-13][111/300] loss=2.3892 ce=2.3892 guidance=0.0000 beta=0.00 train_acc=45.01% test_acc=25.42% best=27.37% lr=0.00035316732 time=13.7s est_300=1h 07m 03s
[VANILLA:CvT-13][112/300] loss=2.4060 ce=2.4060 guidance=0.0000 beta=0.00 train_acc=45.31% test_acc=26.75% best=27.37% lr=0.0003507941 time=13.1s est_300=1h 07m 02s
[VANILLA:CvT-13][113/300] loss=2.3898 ce=2.3898 guidance=0.0000 beta=0.00 train_acc=45.26% test_acc=26.32% best=27.37% lr=0.00034841011 time=12.5s est_300=1h 07m 00s
[VANILLA:CvT-13][114/300] loss=2.3472 ce=2.3472 guidance=0.0000 beta=0.00 train_acc=46.65% test_acc=27.39% best=27.39% lr=0.00034601559 time=12.2s est_300=1h 06m 57s
[VANILLA:CvT-13][115/300] loss=2.3042 ce=2.3042 guidance=0.0000 beta=0.00 train_acc=47.49% test_acc=26.37% best=27.39% lr=0.00034361083 time=13.5s est_300=1h 06m 57s
[VANILLA:CvT-13][116/300] loss=2.2826 ce=2.2826 guidance=0.0000 beta=0.00 train_acc=48.25% test_acc=27.86% best=27.86% lr=0.00034119607 time=13.3s est_300=1h 06m 57s
[VANILLA:CvT-13][117/300] loss=2.3157 ce=2.3157 guidance=0.0000 beta=0.00 train_acc=46.94% test_acc=27.49% best=27.86% lr=0.00033877158 time=14.3s est_300=1h 06m 59s
[VANILLA:CvT-13][118/300] loss=2.2393 ce=2.2393 guidance=0.0000 beta=0.00 train_acc=49.27% test_acc=27.17% best=27.86% lr=0.00033633764 time=14.4s est_300=1h 07m 01s
[VANILLA:CvT-13][119/300] loss=2.2269 ce=2.2269 guidance=0.0000 beta=0.00 train_acc=49.17% test_acc=26.41% best=27.86% lr=0.0003338945 time=13.6s est_300=1h 07m 02s
[VANILLA:CvT-13][120/300] loss=2.2049 ce=2.2049 guidance=0.0000 beta=0.00 train_acc=49.78% test_acc=27.15% best=27.86% lr=0.00033144243 time=13.9s est_300=1h 07m 03s
[VANILLA:CvT-13][121/300] loss=2.1469 ce=2.1469 guidance=0.0000 beta=0.00 train_acc=50.14% test_acc=26.63% best=27.86% lr=0.00032898171 time=13.4s est_300=1h 07m 03s
[VANILLA:CvT-13][122/300] loss=2.1711 ce=2.1711 guidance=0.0000 beta=0.00 train_acc=50.22% test_acc=27.55% best=27.86% lr=0.0003265126 time=13.5s est_300=1h 07m 03s
[VANILLA:CvT-13][123/300] loss=2.1183 ce=2.1183 guidance=0.0000 beta=0.00 train_acc=52.14% test_acc=27.01% best=27.86% lr=0.00032403537 time=13.7s est_300=1h 07m 04s
[VANILLA:CvT-13][124/300] loss=2.0983 ce=2.0983 guidance=0.0000 beta=0.00 train_acc=52.12% test_acc=27.11% best=27.86% lr=0.0003215503 time=13.7s est_300=1h 07m 05s
[VANILLA:CvT-13][125/300] loss=2.1198 ce=2.1198 guidance=0.0000 beta=0.00 train_acc=51.97% test_acc=27.10% best=27.86% lr=0.00031905766 time=13.9s est_300=1h 07m 06s
[VANILLA:CvT-13][126/300] loss=2.0699 ce=2.0699 guidance=0.0000 beta=0.00 train_acc=52.77% test_acc=27.63% best=27.86% lr=0.00031655771 time=13.5s est_300=1h 07m 06s
[VANILLA:CvT-13][127/300] loss=2.0100 ce=2.0100 guidance=0.0000 beta=0.00 train_acc=53.45% test_acc=28.56% best=28.56% lr=0.00031405075 time=13.9s est_300=1h 07m 07s
[VANILLA:CvT-13][128/300] loss=1.9548 ce=1.9548 guidance=0.0000 beta=0.00 train_acc=54.81% test_acc=27.79% best=28.56% lr=0.00031153703 time=13.6s est_300=1h 07m 08s
[VANILLA:CvT-13][129/300] loss=1.9349 ce=1.9349 guidance=0.0000 beta=0.00 train_acc=55.55% test_acc=27.10% best=28.56% lr=0.00030901684 time=13.2s est_300=1h 07m 07s
[VANILLA:CvT-13][130/300] loss=2.0052 ce=2.0052 guidance=0.0000 beta=0.00 train_acc=53.74% test_acc=27.05% best=28.56% lr=0.00030649045 time=13.8s est_300=1h 07m 08s
[VANILLA:CvT-13][131/300] loss=1.9852 ce=1.9852 guidance=0.0000 beta=0.00 train_acc=54.72% test_acc=26.82% best=28.56% lr=0.00030395814 time=13.6s est_300=1h 07m 08s
[VANILLA:CvT-13][132/300] loss=1.9371 ce=1.9371 guidance=0.0000 beta=0.00 train_acc=55.42% test_acc=27.25% best=28.56% lr=0.00030142019 time=13.9s est_300=1h 07m 09s
[VANILLA:CvT-13][133/300] loss=1.9033 ce=1.9033 guidance=0.0000 beta=0.00 train_acc=56.27% test_acc=26.94% best=28.56% lr=0.00029887688 time=14.0s est_300=1h 07m 11s
[VANILLA:CvT-13][134/300] loss=1.8842 ce=1.8842 guidance=0.0000 beta=0.00 train_acc=56.17% test_acc=28.36% best=28.56% lr=0.00029632847 time=13.3s est_300=1h 07m 10s
[VANILLA:CvT-13][135/300] loss=1.8711 ce=1.8711 guidance=0.0000 beta=0.00 train_acc=57.08% test_acc=27.08% best=28.56% lr=0.00029377526 time=13.7s est_300=1h 07m 11s
[VANILLA:CvT-13][136/300] loss=1.8892 ce=1.8892 guidance=0.0000 beta=0.00 train_acc=56.66% test_acc=27.32% best=28.56% lr=0.00029121753 time=12.7s est_300=1h 07m 09s
[VANILLA:CvT-13][137/300] loss=1.8481 ce=1.8481 guidance=0.0000 beta=0.00 train_acc=57.54% test_acc=27.68% best=28.56% lr=0.00028865555 time=13.4s est_300=1h 07m 09s
[VANILLA:CvT-13][138/300] loss=1.7904 ce=1.7904 guidance=0.0000 beta=0.00 train_acc=58.76% test_acc=28.01% best=28.56% lr=0.0002860896 time=13.3s est_300=1h 07m 09s
[VANILLA:CvT-13][139/300] loss=1.7473 ce=1.7473 guidance=0.0000 beta=0.00 train_acc=59.65% test_acc=26.96% best=28.56% lr=0.00028351998 time=12.2s est_300=1h 07m 06s
[VANILLA:CvT-13][140/300] loss=1.8007 ce=1.8007 guidance=0.0000 beta=0.00 train_acc=58.83% test_acc=27.49% best=28.56% lr=0.00028094694 time=14.3s est_300=1h 07m 08s
[VANILLA:CvT-13][141/300] loss=1.7381 ce=1.7381 guidance=0.0000 beta=0.00 train_acc=59.88% test_acc=27.70% best=28.56% lr=0.00027837079 time=13.9s est_300=1h 07m 09s
[VANILLA:CvT-13][142/300] loss=1.7686 ce=1.7686 guidance=0.0000 beta=0.00 train_acc=59.36% test_acc=27.53% best=28.56% lr=0.00027579181 time=14.0s est_300=1h 07m 10s
[VANILLA:CvT-13][143/300] loss=1.7156 ce=1.7156 guidance=0.0000 beta=0.00 train_acc=60.07% test_acc=28.20% best=28.56% lr=0.00027321027 time=13.5s est_300=1h 07m 10s
[VANILLA:CvT-13][144/300] loss=1.7121 ce=1.7121 guidance=0.0000 beta=0.00 train_acc=60.28% test_acc=28.68% best=28.68% lr=0.00027062645 time=14.2s est_300=1h 07m 12s
[VANILLA:CvT-13][145/300] loss=1.7534 ce=1.7534 guidance=0.0000 beta=0.00 train_acc=60.41% test_acc=27.51% best=28.68% lr=0.00026804065 time=13.8s est_300=1h 07m 13s
[VANILLA:CvT-13][146/300] loss=1.7143 ce=1.7143 guidance=0.0000 beta=0.00 train_acc=60.22% test_acc=27.96% best=28.68% lr=0.00026545315 time=13.0s est_300=1h 07m 12s
[VANILLA:CvT-13][147/300] loss=1.6563 ce=1.6563 guidance=0.0000 beta=0.00 train_acc=62.42% test_acc=28.49% best=28.68% lr=0.00026286422 time=13.6s est_300=1h 07m 12s
[VANILLA:CvT-13][148/300] loss=1.6984 ce=1.6984 guidance=0.0000 beta=0.00 train_acc=60.95% test_acc=27.24% best=28.68% lr=0.00026027416 time=12.6s est_300=1h 07m 10s
[VANILLA:CvT-13][149/300] loss=1.6003 ce=1.6003 guidance=0.0000 beta=0.00 train_acc=62.65% test_acc=27.32% best=28.68% lr=0.00025768325 time=14.5s est_300=1h 07m 12s
[VANILLA:CvT-13][150/300] loss=1.6246 ce=1.6246 guidance=0.0000 beta=0.00 train_acc=62.60% test_acc=28.17% best=28.68% lr=0.00025509177 time=13.7s est_300=1h 07m 13s
[VANILLA:CvT-13][151/300] loss=1.5999 ce=1.5999 guidance=0.0000 beta=0.00 train_acc=62.43% test_acc=28.31% best=28.68% lr=0.0002525 time=13.6s est_300=1h 07m 13s
[VANILLA:CvT-13][152/300] loss=1.5355 ce=1.5355 guidance=0.0000 beta=0.00 train_acc=63.88% test_acc=28.49% best=28.68% lr=0.00024990823 time=13.1s est_300=1h 07m 13s
[VANILLA:CvT-13][153/300] loss=1.6148 ce=1.6148 guidance=0.0000 beta=0.00 train_acc=62.13% test_acc=27.72% best=28.68% lr=0.00024731675 time=12.9s est_300=1h 07m 12s
[VANILLA:CvT-13][154/300] loss=1.5479 ce=1.5479 guidance=0.0000 beta=0.00 train_acc=64.37% test_acc=27.98% best=28.68% lr=0.00024472584 time=13.0s est_300=1h 07m 11s
[VANILLA:CvT-13][155/300] loss=1.5353 ce=1.5353 guidance=0.0000 beta=0.00 train_acc=63.82% test_acc=28.05% best=28.68% lr=0.00024213578 time=13.7s est_300=1h 07m 11s
[VANILLA:CvT-13][156/300] loss=1.5578 ce=1.5578 guidance=0.0000 beta=0.00 train_acc=63.40% test_acc=28.18% best=28.68% lr=0.00023954685 time=13.4s est_300=1h 07m 11s
[VANILLA:CvT-13][157/300] loss=1.4796 ce=1.4796 guidance=0.0000 beta=0.00 train_acc=65.91% test_acc=28.56% best=28.68% lr=0.00023695935 time=12.3s est_300=1h 07m 09s
[VANILLA:CvT-13][158/300] loss=1.5208 ce=1.5208 guidance=0.0000 beta=0.00 train_acc=64.69% test_acc=27.41% best=28.68% lr=0.00023437355 time=12.2s est_300=1h 07m 07s
[VANILLA:CvT-13][159/300] loss=1.4832 ce=1.4832 guidance=0.0000 beta=0.00 train_acc=65.39% test_acc=28.05% best=28.68% lr=0.00023178973 time=13.2s est_300=1h 07m 06s
[VANILLA:CvT-13][160/300] loss=1.4786 ce=1.4786 guidance=0.0000 beta=0.00 train_acc=65.83% test_acc=28.53% best=28.68% lr=0.00022920819 time=13.3s est_300=1h 07m 06s
[VANILLA:CvT-13][161/300] loss=1.4797 ce=1.4797 guidance=0.0000 beta=0.00 train_acc=65.56% test_acc=27.89% best=28.68% lr=0.00022662921 time=13.7s est_300=1h 07m 07s
[VANILLA:CvT-13][162/300] loss=1.4507 ce=1.4507 guidance=0.0000 beta=0.00 train_acc=66.12% test_acc=27.94% best=28.68% lr=0.00022405306 time=13.0s est_300=1h 07m 06s
[VANILLA:CvT-13][163/300] loss=1.4378 ce=1.4378 guidance=0.0000 beta=0.00 train_acc=66.27% test_acc=27.39% best=28.68% lr=0.00022148002 time=12.8s est_300=1h 07m 05s
[VANILLA:CvT-13][164/300] loss=1.4041 ce=1.4041 guidance=0.0000 beta=0.00 train_acc=67.22% test_acc=28.32% best=28.68% lr=0.0002189104 time=12.9s est_300=1h 07m 04s
[VANILLA:CvT-13][165/300] loss=1.4333 ce=1.4333 guidance=0.0000 beta=0.00 train_acc=67.14% test_acc=28.77% best=28.77% lr=0.00021634445 time=13.0s est_300=1h 07m 03s
[VANILLA:CvT-13][166/300] loss=1.4074 ce=1.4074 guidance=0.0000 beta=0.00 train_acc=67.85% test_acc=28.84% best=28.84% lr=0.00021378247 time=12.3s est_300=1h 07m 01s
[VANILLA:CvT-13][167/300] loss=1.3935 ce=1.3935 guidance=0.0000 beta=0.00 train_acc=67.65% test_acc=28.62% best=28.84% lr=0.00021122474 time=12.5s est_300=1h 06m 59s
[VANILLA:CvT-13][168/300] loss=1.3890 ce=1.3890 guidance=0.0000 beta=0.00 train_acc=68.04% test_acc=28.31% best=28.84% lr=0.00020867153 time=12.4s est_300=1h 06m 57s
[VANILLA:CvT-13][169/300] loss=1.3570 ce=1.3570 guidance=0.0000 beta=0.00 train_acc=68.44% test_acc=28.24% best=28.84% lr=0.00020612312 time=13.3s est_300=1h 06m 57s
[VANILLA:CvT-13][170/300] loss=1.4285 ce=1.4285 guidance=0.0000 beta=0.00 train_acc=67.19% test_acc=28.12% best=28.84% lr=0.00020357981 time=13.1s est_300=1h 06m 57s
[VANILLA:CvT-13][171/300] loss=1.3603 ce=1.3603 guidance=0.0000 beta=0.00 train_acc=68.73% test_acc=28.82% best=28.84% lr=0.00020104186 time=13.2s est_300=1h 06m 56s
[VANILLA:CvT-13][172/300] loss=1.3221 ce=1.3221 guidance=0.0000 beta=0.00 train_acc=68.99% test_acc=28.58% best=28.84% lr=0.00019850955 time=13.7s est_300=1h 06m 57s
[VANILLA:CvT-13][173/300] loss=1.3843 ce=1.3843 guidance=0.0000 beta=0.00 train_acc=67.80% test_acc=28.75% best=28.84% lr=0.00019598316 time=13.1s est_300=1h 06m 56s
[VANILLA:CvT-13][174/300] loss=1.3268 ce=1.3268 guidance=0.0000 beta=0.00 train_acc=69.36% test_acc=28.31% best=28.84% lr=0.00019346297 time=13.2s est_300=1h 06m 56s
[VANILLA:CvT-13][175/300] loss=1.2741 ce=1.2741 guidance=0.0000 beta=0.00 train_acc=69.87% test_acc=28.01% best=28.84% lr=0.00019094925 time=12.4s est_300=1h 06m 54s
[VANILLA:CvT-13][176/300] loss=1.2921 ce=1.2921 guidance=0.0000 beta=0.00 train_acc=70.43% test_acc=28.10% best=28.84% lr=0.00018844229 time=12.8s est_300=1h 06m 53s
[VANILLA:CvT-13][177/300] loss=1.2789 ce=1.2789 guidance=0.0000 beta=0.00 train_acc=70.53% test_acc=26.82% best=28.84% lr=0.00018594234 time=14.5s est_300=1h 06m 55s
[VANILLA:CvT-13][178/300] loss=1.2688 ce=1.2688 guidance=0.0000 beta=0.00 train_acc=70.19% test_acc=27.56% best=28.84% lr=0.0001834497 time=14.0s est_300=1h 06m 56s
[VANILLA:CvT-13][179/300] loss=1.2933 ce=1.2933 guidance=0.0000 beta=0.00 train_acc=70.04% test_acc=28.87% best=28.87% lr=0.00018096463 time=13.1s est_300=1h 06m 56s
[VANILLA:CvT-13][180/300] loss=1.2335 ce=1.2335 guidance=0.0000 beta=0.00 train_acc=70.91% test_acc=27.67% best=28.87% lr=0.0001784874 time=13.0s est_300=1h 06m 55s
[VANILLA:CvT-13][181/300] loss=1.3007 ce=1.3007 guidance=0.0000 beta=0.00 train_acc=69.90% test_acc=27.98% best=28.87% lr=0.00017601829 time=13.0s est_300=1h 06m 55s
[VANILLA:CvT-13][182/300] loss=1.2255 ce=1.2255 guidance=0.0000 beta=0.00 train_acc=71.60% test_acc=28.01% best=28.87% lr=0.00017355757 time=13.1s est_300=1h 06m 54s
[VANILLA:CvT-13][183/300] loss=1.2295 ce=1.2295 guidance=0.0000 beta=0.00 train_acc=71.45% test_acc=28.17% best=28.87% lr=0.0001711055 time=13.1s est_300=1h 06m 54s
[VANILLA:CvT-13][184/300] loss=1.2388 ce=1.2388 guidance=0.0000 beta=0.00 train_acc=71.60% test_acc=28.56% best=28.87% lr=0.00016866236 time=13.3s est_300=1h 06m 54s
[VANILLA:CvT-13][185/300] loss=1.2053 ce=1.2053 guidance=0.0000 beta=0.00 train_acc=71.48% test_acc=28.08% best=28.87% lr=0.00016622842 time=14.3s est_300=1h 06m 55s
[VANILLA:CvT-13][186/300] loss=1.2052 ce=1.2052 guidance=0.0000 beta=0.00 train_acc=72.18% test_acc=29.00% best=29.00% lr=0.00016380393 time=14.1s est_300=1h 06m 56s
[VANILLA:CvT-13][187/300] loss=1.1422 ce=1.1422 guidance=0.0000 beta=0.00 train_acc=73.40% test_acc=28.67% best=29.00% lr=0.00016138917 time=13.8s est_300=1h 06m 57s
[VANILLA:CvT-13][188/300] loss=1.2008 ce=1.2008 guidance=0.0000 beta=0.00 train_acc=72.18% test_acc=28.51% best=29.00% lr=0.00015898441 time=14.1s est_300=1h 06m 58s
[VANILLA:CvT-13][189/300] loss=1.1641 ce=1.1641 guidance=0.0000 beta=0.00 train_acc=72.93% test_acc=28.08% best=29.00% lr=0.00015658989 time=14.4s est_300=1h 07m 00s
[VANILLA:CvT-13][190/300] loss=1.1582 ce=1.1582 guidance=0.0000 beta=0.00 train_acc=72.89% test_acc=27.67% best=29.00% lr=0.0001542059 time=14.1s est_300=1h 07m 01s
[VANILLA:CvT-13][191/300] loss=1.1696 ce=1.1696 guidance=0.0000 beta=0.00 train_acc=72.57% test_acc=27.51% best=29.00% lr=0.00015183268 time=13.3s est_300=1h 07m 00s
[VANILLA:CvT-13][192/300] loss=1.1070 ce=1.1070 guidance=0.0000 beta=0.00 train_acc=73.40% test_acc=27.77% best=29.00% lr=0.0001494705 time=12.9s est_300=1h 07m 00s
[VANILLA:CvT-13][193/300] loss=1.1476 ce=1.1476 guidance=0.0000 beta=0.00 train_acc=72.64% test_acc=28.29% best=29.00% lr=0.00014711963 time=13.2s est_300=1h 06m 59s
[VANILLA:CvT-13][194/300] loss=1.1343 ce=1.1343 guidance=0.0000 beta=0.00 train_acc=73.23% test_acc=29.19% best=29.19% lr=0.0001447803 time=13.2s est_300=1h 06m 59s
[VANILLA:CvT-13][195/300] loss=1.1415 ce=1.1415 guidance=0.0000 beta=0.00 train_acc=73.47% test_acc=29.05% best=29.19% lr=0.00014245279 time=12.4s est_300=1h 06m 58s
[VANILLA:CvT-13][196/300] loss=1.0909 ce=1.0909 guidance=0.0000 beta=0.00 train_acc=74.37% test_acc=28.53% best=29.19% lr=0.00014013735 time=12.8s est_300=1h 06m 57s
[VANILLA:CvT-13][197/300] loss=1.0866 ce=1.0866 guidance=0.0000 beta=0.00 train_acc=75.24% test_acc=28.13% best=29.19% lr=0.00013783423 time=13.0s est_300=1h 06m 56s
[VANILLA:CvT-13][198/300] loss=1.0642 ce=1.0642 guidance=0.0000 beta=0.00 train_acc=74.83% test_acc=28.96% best=29.19% lr=0.00013554369 time=13.5s est_300=1h 06m 56s
[VANILLA:CvT-13][199/300] loss=1.1087 ce=1.1087 guidance=0.0000 beta=0.00 train_acc=74.54% test_acc=28.72% best=29.19% lr=0.00013326597 time=13.0s est_300=1h 06m 56s
[VANILLA:CvT-13][200/300] loss=1.0710 ce=1.0710 guidance=0.0000 beta=0.00 train_acc=75.14% test_acc=28.43% best=29.19% lr=0.00013100132 time=12.3s est_300=1h 06m 54s
[VANILLA:CvT-13][201/300] loss=1.0871 ce=1.0871 guidance=0.0000 beta=0.00 train_acc=74.80% test_acc=28.94% best=29.19% lr=0.00012875 time=13.2s est_300=1h 06m 54s
[VANILLA:CvT-13][202/300] loss=1.0766 ce=1.0766 guidance=0.0000 beta=0.00 train_acc=74.98% test_acc=28.34% best=29.19% lr=0.00012651225 time=14.0s est_300=1h 06m 55s
[VANILLA:CvT-13][203/300] loss=1.0314 ce=1.0314 guidance=0.0000 beta=0.00 train_acc=75.73% test_acc=28.48% best=29.19% lr=0.00012428832 time=12.6s est_300=1h 06m 53s
[VANILLA:CvT-13][204/300] loss=1.0651 ce=1.0651 guidance=0.0000 beta=0.00 train_acc=74.69% test_acc=26.87% best=29.19% lr=0.00012207844 time=14.0s est_300=1h 06m 54s
[VANILLA:CvT-13][205/300] loss=1.0217 ce=1.0217 guidance=0.0000 beta=0.00 train_acc=75.90% test_acc=28.34% best=29.19% lr=0.00011988287 time=12.6s est_300=1h 06m 53s
[VANILLA:CvT-13][206/300] loss=1.0674 ce=1.0674 guidance=0.0000 beta=0.00 train_acc=74.95% test_acc=28.24% best=29.19% lr=0.00011770184 time=12.5s est_300=1h 06m 52s
[VANILLA:CvT-13][207/300] loss=1.0278 ce=1.0278 guidance=0.0000 beta=0.00 train_acc=75.85% test_acc=28.43% best=29.19% lr=0.00011553559 time=12.9s est_300=1h 06m 51s
[VANILLA:CvT-13][208/300] loss=1.0614 ce=1.0614 guidance=0.0000 beta=0.00 train_acc=75.53% test_acc=28.44% best=29.19% lr=0.00011338436 time=13.3s est_300=1h 06m 51s
[VANILLA:CvT-13][209/300] loss=1.0753 ce=1.0753 guidance=0.0000 beta=0.00 train_acc=74.93% test_acc=28.03% best=29.19% lr=0.00011124839 time=13.4s est_300=1h 06m 51s
[VANILLA:CvT-13][210/300] loss=1.0041 ce=1.0041 guidance=0.0000 beta=0.00 train_acc=76.46% test_acc=27.68% best=29.19% lr=0.00010912791 time=13.0s est_300=1h 06m 51s
[VANILLA:CvT-13][211/300] loss=1.0137 ce=1.0137 guidance=0.0000 beta=0.00 train_acc=76.26% test_acc=27.74% best=29.19% lr=0.00010702315 time=13.2s est_300=1h 06m 50s
[VANILLA:CvT-13][212/300] loss=0.9511 ce=0.9511 guidance=0.0000 beta=0.00 train_acc=77.94% test_acc=27.79% best=29.19% lr=0.00010493434 time=13.2s est_300=1h 06m 50s
[VANILLA:CvT-13][213/300] loss=1.0207 ce=1.0207 guidance=0.0000 beta=0.00 train_acc=76.02% test_acc=28.62% best=29.19% lr=0.00010286172 time=12.7s est_300=1h 06m 49s
[VANILLA:CvT-13][214/300] loss=1.0024 ce=1.0024 guidance=0.0000 beta=0.00 train_acc=76.39% test_acc=27.58% best=29.19% lr=0.0001008055 time=13.0s est_300=1h 06m 49s
[VANILLA:CvT-13][215/300] loss=1.0050 ce=1.0050 guidance=0.0000 beta=0.00 train_acc=76.55% test_acc=27.79% best=29.19% lr=9.8765924e-05 time=14.2s est_300=1h 06m 50s
[VANILLA:CvT-13][216/300] loss=0.9762 ce=0.9762 guidance=0.0000 beta=0.00 train_acc=76.94% test_acc=28.37% best=29.19% lr=9.6743203e-05 time=13.2s est_300=1h 06m 49s
[VANILLA:CvT-13][217/300] loss=0.9542 ce=0.9542 guidance=0.0000 beta=0.00 train_acc=77.55% test_acc=28.13% best=29.19% lr=9.4737563e-05 time=12.4s est_300=1h 06m 48s
[VANILLA:CvT-13][218/300] loss=0.9700 ce=0.9700 guidance=0.0000 beta=0.00 train_acc=77.22% test_acc=28.17% best=29.19% lr=9.2749222e-05 time=12.3s est_300=1h 06m 47s
[VANILLA:CvT-13][219/300] loss=0.9786 ce=0.9786 guidance=0.0000 beta=0.00 train_acc=76.87% test_acc=28.41% best=29.19% lr=9.0778401e-05 time=12.4s est_300=1h 06m 46s
[VANILLA:CvT-13][220/300] loss=0.9728 ce=0.9728 guidance=0.0000 beta=0.00 train_acc=77.55% test_acc=28.48% best=29.19% lr=8.8825313e-05 time=12.8s est_300=1h 06m 45s
[VANILLA:CvT-13][221/300] loss=0.9466 ce=0.9466 guidance=0.0000 beta=0.00 train_acc=78.28% test_acc=28.37% best=29.19% lr=8.6890175e-05 time=13.8s est_300=1h 06m 46s
[VANILLA:CvT-13][222/300] loss=0.9133 ce=0.9133 guidance=0.0000 beta=0.00 train_acc=78.50% test_acc=28.43% best=29.19% lr=8.4973198e-05 time=13.5s est_300=1h 06m 46s
[VANILLA:CvT-13][223/300] loss=0.9440 ce=0.9440 guidance=0.0000 beta=0.00 train_acc=77.43% test_acc=27.89% best=29.19% lr=8.3074591e-05 time=13.5s est_300=1h 06m 46s
[VANILLA:CvT-13][224/300] loss=0.9023 ce=0.9023 guidance=0.0000 beta=0.00 train_acc=78.80% test_acc=28.63% best=29.19% lr=8.1194564e-05 time=13.1s est_300=1h 06m 46s
[VANILLA:CvT-13][225/300] loss=0.9263 ce=0.9263 guidance=0.0000 beta=0.00 train_acc=77.94% test_acc=28.18% best=29.19% lr=7.9333323e-05 time=12.4s est_300=1h 06m 44s
[VANILLA:CvT-13][226/300] loss=0.9286 ce=0.9286 guidance=0.0000 beta=0.00 train_acc=78.04% test_acc=27.93% best=29.19% lr=7.7491072e-05 time=14.0s est_300=1h 06m 45s
[VANILLA:CvT-13][227/300] loss=0.9147 ce=0.9147 guidance=0.0000 beta=0.00 train_acc=78.36% test_acc=28.29% best=29.19% lr=7.5668012e-05 time=14.4s est_300=1h 06m 47s
[VANILLA:CvT-13][228/300] loss=0.9091 ce=0.9091 guidance=0.0000 beta=0.00 train_acc=78.46% test_acc=28.10% best=29.19% lr=7.3864344e-05 time=14.0s est_300=1h 06m 48s
[VANILLA:CvT-13][229/300] loss=0.9241 ce=0.9241 guidance=0.0000 beta=0.00 train_acc=78.45% test_acc=28.17% best=29.19% lr=7.2080265e-05 time=13.5s est_300=1h 06m 48s
[VANILLA:CvT-13][230/300] loss=0.9240 ce=0.9240 guidance=0.0000 beta=0.00 train_acc=78.07% test_acc=27.80% best=29.19% lr=7.0315971e-05 time=13.7s est_300=1h 06m 48s
[VANILLA:CvT-13][231/300] loss=0.9122 ce=0.9122 guidance=0.0000 beta=0.00 train_acc=79.14% test_acc=27.67% best=29.19% lr=6.8571656e-05 time=13.1s est_300=1h 06m 48s
[VANILLA:CvT-13][232/300] loss=0.9163 ce=0.9163 guidance=0.0000 beta=0.00 train_acc=78.70% test_acc=27.89% best=29.19% lr=6.684751e-05 time=13.2s est_300=1h 06m 48s
[VANILLA:CvT-13][233/300] loss=0.8989 ce=0.8989 guidance=0.0000 beta=0.00 train_acc=79.09% test_acc=28.29% best=29.19% lr=6.5143724e-05 time=12.6s est_300=1h 06m 47s
[VANILLA:CvT-13][234/300] loss=0.9260 ce=0.9260 guidance=0.0000 beta=0.00 train_acc=77.80% test_acc=27.87% best=29.19% lr=6.3460483e-05 time=12.8s est_300=1h 06m 46s
[VANILLA:CvT-13][235/300] loss=0.8933 ce=0.8933 guidance=0.0000 beta=0.00 train_acc=79.52% test_acc=28.67% best=29.19% lr=6.1797972e-05 time=13.2s est_300=1h 06m 46s
[VANILLA:CvT-13][236/300] loss=0.8671 ce=0.8671 guidance=0.0000 beta=0.00 train_acc=79.89% test_acc=28.48% best=29.19% lr=6.0156375e-05 time=13.8s est_300=1h 06m 46s
[VANILLA:CvT-13][237/300] loss=0.8385 ce=0.8385 guidance=0.0000 beta=0.00 train_acc=79.99% test_acc=28.39% best=29.19% lr=5.8535869e-05 time=13.6s est_300=1h 06m 47s
[VANILLA:CvT-13][238/300] loss=0.8942 ce=0.8942 guidance=0.0000 beta=0.00 train_acc=78.77% test_acc=27.60% best=29.19% lr=5.6936634e-05 time=13.7s est_300=1h 06m 47s
[VANILLA:CvT-13][239/300] loss=0.9027 ce=0.9027 guidance=0.0000 beta=0.00 train_acc=79.03% test_acc=28.05% best=29.19% lr=5.5358845e-05 time=12.8s est_300=1h 06m 46s
[VANILLA:CvT-13][240/300] loss=0.8579 ce=0.8579 guidance=0.0000 beta=0.00 train_acc=79.62% test_acc=27.98% best=29.19% lr=5.3802675e-05 time=13.7s est_300=1h 06m 47s
[VANILLA:CvT-13][241/300] loss=0.8610 ce=0.8610 guidance=0.0000 beta=0.00 train_acc=79.48% test_acc=27.89% best=29.19% lr=5.2268294e-05 time=14.3s est_300=1h 06m 48s
[VANILLA:CvT-13][242/300] loss=0.8599 ce=0.8599 guidance=0.0000 beta=0.00 train_acc=79.60% test_acc=27.58% best=29.19% lr=5.0755871e-05 time=13.7s est_300=1h 06m 49s
[VANILLA:CvT-13][243/300] loss=0.8492 ce=0.8492 guidance=0.0000 beta=0.00 train_acc=80.32% test_acc=27.65% best=29.19% lr=4.9265571e-05 time=13.7s est_300=1h 06m 49s
[VANILLA:CvT-13][244/300] loss=0.8471 ce=0.8471 guidance=0.0000 beta=0.00 train_acc=80.88% test_acc=27.93% best=29.19% lr=4.7797558e-05 time=13.1s est_300=1h 06m 49s
[VANILLA:CvT-13][245/300] loss=0.8592 ce=0.8592 guidance=0.0000 beta=0.00 train_acc=79.93% test_acc=27.93% best=29.19% lr=4.6351993e-05 time=13.5s est_300=1h 06m 49s
[VANILLA:CvT-13][246/300] loss=0.8170 ce=0.8170 guidance=0.0000 beta=0.00 train_acc=80.74% test_acc=28.12% best=29.19% lr=4.4929034e-05 time=13.0s est_300=1h 06m 48s
[VANILLA:CvT-13][247/300] loss=0.7801 ce=0.7801 guidance=0.0000 beta=0.00 train_acc=82.05% test_acc=27.93% best=29.19% lr=4.3528838e-05 time=12.7s est_300=1h 06m 48s
[VANILLA:CvT-13][248/300] loss=0.8243 ce=0.8243 guidance=0.0000 beta=0.00 train_acc=81.11% test_acc=27.68% best=29.19% lr=4.2151558e-05 time=12.7s est_300=1h 06m 47s
[VANILLA:CvT-13][249/300] loss=0.8061 ce=0.8061 guidance=0.0000 beta=0.00 train_acc=81.06% test_acc=27.99% best=29.19% lr=4.0797346e-05 time=14.0s est_300=1h 06m 48s
[VANILLA:CvT-13][250/300] loss=0.8264 ce=0.8264 guidance=0.0000 beta=0.00 train_acc=80.94% test_acc=27.63% best=29.19% lr=3.9466348e-05 time=13.6s est_300=1h 06m 48s
[VANILLA:CvT-13][251/300] loss=0.8196 ce=0.8196 guidance=0.0000 beta=0.00 train_acc=81.25% test_acc=27.82% best=29.19% lr=3.8158713e-05 time=13.6s est_300=1h 06m 48s
[VANILLA:CvT-13][252/300] loss=0.7990 ce=0.7990 guidance=0.0000 beta=0.00 train_acc=81.39% test_acc=27.99% best=29.19% lr=3.6874582e-05 time=12.9s est_300=1h 06m 48s
[VANILLA:CvT-13][253/300] loss=0.7814 ce=0.7814 guidance=0.0000 beta=0.00 train_acc=81.67% test_acc=27.94% best=29.19% lr=3.5614097e-05 time=13.4s est_300=1h 06m 48s
[VANILLA:CvT-13][254/300] loss=0.8354 ce=0.8354 guidance=0.0000 beta=0.00 train_acc=80.83% test_acc=28.18% best=29.19% lr=3.4377396e-05 time=13.4s est_300=1h 06m 48s
[VANILLA:CvT-13][255/300] loss=0.8087 ce=0.8087 guidance=0.0000 beta=0.00 train_acc=80.93% test_acc=27.93% best=29.19% lr=3.3164614e-05 time=14.6s est_300=1h 06m 49s
[VANILLA:CvT-13][256/300] loss=0.7988 ce=0.7988 guidance=0.0000 beta=0.00 train_acc=81.32% test_acc=28.01% best=29.19% lr=3.1975885e-05 time=14.0s est_300=1h 06m 50s
[VANILLA:CvT-13][257/300] loss=0.8253 ce=0.8253 guidance=0.0000 beta=0.00 train_acc=80.91% test_acc=27.96% best=29.19% lr=3.0811339e-05 time=13.5s est_300=1h 06m 50s
[VANILLA:CvT-13][258/300] loss=0.8157 ce=0.8157 guidance=0.0000 beta=0.00 train_acc=81.03% test_acc=27.86% best=29.19% lr=2.9671104e-05 time=12.7s est_300=1h 06m 49s
[VANILLA:CvT-13][259/300] loss=0.7757 ce=0.7757 guidance=0.0000 beta=0.00 train_acc=81.69% test_acc=27.96% best=29.19% lr=2.8555305e-05 time=12.8s est_300=1h 06m 49s
[VANILLA:CvT-13][260/300] loss=0.8094 ce=0.8094 guidance=0.0000 beta=0.00 train_acc=80.83% test_acc=27.94% best=29.19% lr=2.7464063e-05 time=12.2s est_300=1h 06m 47s
[VANILLA:CvT-13][261/300] loss=0.7908 ce=0.7908 guidance=0.0000 beta=0.00 train_acc=81.76% test_acc=28.22% best=29.19% lr=2.6397499e-05 time=12.4s est_300=1h 06m 46s
[VANILLA:CvT-13][262/300] loss=0.8010 ce=0.8010 guidance=0.0000 beta=0.00 train_acc=81.32% test_acc=28.13% best=29.19% lr=2.535573e-05 time=13.4s est_300=1h 06m 46s
[VANILLA:CvT-13][263/300] loss=0.7936 ce=0.7936 guidance=0.0000 beta=0.00 train_acc=81.50% test_acc=28.65% best=29.19% lr=2.433887e-05 time=13.3s est_300=1h 06m 46s
[VANILLA:CvT-13][264/300] loss=0.7893 ce=0.7893 guidance=0.0000 beta=0.00 train_acc=81.35% test_acc=28.01% best=29.19% lr=2.334703e-05 time=12.9s est_300=1h 06m 46s
[VANILLA:CvT-13][265/300] loss=0.7624 ce=0.7624 guidance=0.0000 beta=0.00 train_acc=82.03% test_acc=27.68% best=29.19% lr=2.238032e-05 time=12.6s est_300=1h 06m 45s
[VANILLA:CvT-13][266/300] loss=0.8214 ce=0.8214 guidance=0.0000 beta=0.00 train_acc=81.33% test_acc=27.75% best=29.19% lr=2.1438844e-05 time=12.3s est_300=1h 06m 44s
[VANILLA:CvT-13][267/300] loss=0.7894 ce=0.7894 guidance=0.0000 beta=0.00 train_acc=81.76% test_acc=28.55% best=29.19% lr=2.0522708e-05 time=12.2s est_300=1h 06m 42s
[VANILLA:CvT-13][268/300] loss=0.7673 ce=0.7673 guidance=0.0000 beta=0.00 train_acc=81.76% test_acc=28.22% best=29.19% lr=1.963201e-05 time=12.9s est_300=1h 06m 42s
[VANILLA:CvT-13][269/300] loss=0.7940 ce=0.7940 guidance=0.0000 beta=0.00 train_acc=81.13% test_acc=28.34% best=29.19% lr=1.8766848e-05 time=12.5s est_300=1h 06m 41s
[VANILLA:CvT-13][270/300] loss=0.7777 ce=0.7777 guidance=0.0000 beta=0.00 train_acc=81.47% test_acc=28.13% best=29.19% lr=1.7927319e-05 time=12.2s est_300=1h 06m 40s
[VANILLA:CvT-13][271/300] loss=0.7530 ce=0.7530 guidance=0.0000 beta=0.00 train_acc=82.34% test_acc=28.39% best=29.19% lr=1.7113512e-05 time=12.4s est_300=1h 06m 39s
[VANILLA:CvT-13][272/300] loss=0.7797 ce=0.7797 guidance=0.0000 beta=0.00 train_acc=81.47% test_acc=28.48% best=29.19% lr=1.6325519e-05 time=13.4s est_300=1h 06m 39s
[VANILLA:CvT-13][273/300] loss=0.7798 ce=0.7798 guidance=0.0000 beta=0.00 train_acc=81.54% test_acc=28.03% best=29.19% lr=1.5563424e-05 time=12.8s est_300=1h 06m 38s
[VANILLA:CvT-13][274/300] loss=0.7793 ce=0.7793 guidance=0.0000 beta=0.00 train_acc=81.52% test_acc=28.27% best=29.19% lr=1.4827313e-05 time=13.1s est_300=1h 06m 38s
[VANILLA:CvT-13][275/300] loss=0.8127 ce=0.8127 guidance=0.0000 beta=0.00 train_acc=81.11% test_acc=28.32% best=29.19% lr=1.4117265e-05 time=13.0s est_300=1h 06m 37s
[VANILLA:CvT-13][276/300] loss=0.7950 ce=0.7950 guidance=0.0000 beta=0.00 train_acc=81.20% test_acc=28.13% best=29.19% lr=1.3433358e-05 time=12.7s est_300=1h 06m 37s
[VANILLA:CvT-13][277/300] loss=0.7383 ce=0.7383 guidance=0.0000 beta=0.00 train_acc=82.74% test_acc=27.84% best=29.19% lr=1.2775668e-05 time=12.8s est_300=1h 06m 36s
[VANILLA:CvT-13][278/300] loss=0.7774 ce=0.7774 guidance=0.0000 beta=0.00 train_acc=81.78% test_acc=28.20% best=29.19% lr=1.2144266e-05 time=13.5s est_300=1h 06m 36s
[VANILLA:CvT-13][279/300] loss=0.7963 ce=0.7963 guidance=0.0000 beta=0.00 train_acc=81.37% test_acc=28.22% best=29.19% lr=1.1539222e-05 time=13.0s est_300=1h 06m 36s
[VANILLA:CvT-13][280/300] loss=0.7711 ce=0.7711 guidance=0.0000 beta=0.00 train_acc=81.86% test_acc=27.98% best=29.19% lr=1.0960601e-05 time=13.2s est_300=1h 06m 36s
[VANILLA:CvT-13][281/300] loss=0.7739 ce=0.7739 guidance=0.0000 beta=0.00 train_acc=82.12% test_acc=28.22% best=29.19% lr=1.0408469e-05 time=13.0s est_300=1h 06m 35s
[VANILLA:CvT-13][282/300] loss=0.8191 ce=0.8191 guidance=0.0000 beta=0.00 train_acc=81.13% test_acc=28.08% best=29.19% lr=9.8828843e-06 time=13.8s est_300=1h 06m 36s
[VANILLA:CvT-13][283/300] loss=0.7851 ce=0.7851 guidance=0.0000 beta=0.00 train_acc=81.96% test_acc=28.27% best=29.19% lr=9.3839054e-06 time=13.5s est_300=1h 06m 36s
[VANILLA:CvT-13][284/300] loss=0.7698 ce=0.7698 guidance=0.0000 beta=0.00 train_acc=82.03% test_acc=27.94% best=29.19% lr=8.911587e-06 time=12.5s est_300=1h 06m 35s
[VANILLA:CvT-13][285/300] loss=0.7595 ce=0.7595 guidance=0.0000 beta=0.00 train_acc=82.27% test_acc=27.99% best=29.19% lr=8.4659808e-06 time=12.2s est_300=1h 06m 34s
[VANILLA:CvT-13][286/300] loss=0.7695 ce=0.7695 guidance=0.0000 beta=0.00 train_acc=82.22% test_acc=28.15% best=29.19% lr=8.0471357e-06 time=13.0s est_300=1h 06m 34s
[VANILLA:CvT-13][287/300] loss=0.7651 ce=0.7651 guidance=0.0000 beta=0.00 train_acc=82.05% test_acc=27.82% best=29.19% lr=7.6550976e-06 time=13.0s est_300=1h 06m 34s
[VANILLA:CvT-13][288/300] loss=0.7503 ce=0.7503 guidance=0.0000 beta=0.00 train_acc=82.64% test_acc=27.86% best=29.19% lr=7.2899095e-06 time=13.4s est_300=1h 06m 34s
[VANILLA:CvT-13][289/300] loss=0.7561 ce=0.7561 guidance=0.0000 beta=0.00 train_acc=82.52% test_acc=28.01% best=29.19% lr=6.9516114e-06 time=12.9s est_300=1h 06m 33s
[VANILLA:CvT-13][290/300] loss=0.7813 ce=0.7813 guidance=0.0000 beta=0.00 train_acc=81.57% test_acc=28.10% best=29.19% lr=6.6402405e-06 time=13.3s est_300=1h 06m 33s
[VANILLA:CvT-13][291/300] loss=0.7700 ce=0.7700 guidance=0.0000 beta=0.00 train_acc=82.08% test_acc=28.01% best=29.19% lr=6.3558309e-06 time=13.1s est_300=1h 06m 33s
[VANILLA:CvT-13][292/300] loss=0.7470 ce=0.7470 guidance=0.0000 beta=0.00 train_acc=82.95% test_acc=28.29% best=29.19% lr=6.0984138e-06 time=12.2s est_300=1h 06m 32s
[VANILLA:CvT-13][293/300] loss=0.7533 ce=0.7533 guidance=0.0000 beta=0.00 train_acc=82.00% test_acc=27.75% best=29.19% lr=5.8680173e-06 time=12.2s est_300=1h 06m 31s
[VANILLA:CvT-13][294/300] loss=0.7622 ce=0.7622 guidance=0.0000 beta=0.00 train_acc=81.73% test_acc=28.18% best=29.19% lr=5.6646669e-06 time=12.2s est_300=1h 06m 30s
[VANILLA:CvT-13][295/300] loss=0.7512 ce=0.7512 guidance=0.0000 beta=0.00 train_acc=82.35% test_acc=27.80% best=29.19% lr=5.4883847e-06 time=12.2s est_300=1h 06m 29s
[VANILLA:CvT-13][296/300] loss=0.7758 ce=0.7758 guidance=0.0000 beta=0.00 train_acc=81.64% test_acc=27.99% best=29.19% lr=5.3391901e-06 time=12.4s est_300=1h 06m 28s
[VANILLA:CvT-13][297/300] loss=0.7556 ce=0.7556 guidance=0.0000 beta=0.00 train_acc=82.86% test_acc=28.13% best=29.19% lr=5.2170996e-06 time=12.3s est_300=1h 06m 27s
[VANILLA:CvT-13][298/300] loss=0.7945 ce=0.7945 guidance=0.0000 beta=0.00 train_acc=81.49% test_acc=28.05% best=29.19% lr=5.1221263e-06 time=12.3s est_300=1h 06m 26s
[VANILLA:CvT-13][299/300] loss=0.7725 ce=0.7725 guidance=0.0000 beta=0.00 train_acc=81.91% test_acc=27.91% best=29.19% lr=5.0542808e-06 time=13.1s est_300=1h 06m 26s
[VANILLA:CvT-13][300/300] loss=0.7543 ce=0.7543 guidance=0.0000 beta=0.00 train_acc=81.96% test_acc=27.98% best=29.19% lr=5.0135706e-06 time=13.3s est_300=1h 06m 26s
[TIMING_RESULT] student=CvT-13 method=VANILLA batch=128 avg_epoch=13.29s estimated_300=1h 06m 26s
[FINAL_RESULT] summary=/app/output/table1_cub200_cvt13_all_full_seed1/students/table1_cub200_cvt_13_vanilla_b128_full_300ep_seed1/summary.json
[DONE] Table-1 CUB student task completed successfully.
[STUDENT_IDENTITY_CHECK_TABLE1_CUB200] status=PASS student=CvT-13 method=Vanilla batch=128 teacher=none
[TASK_DONE] 1/5 CvT-13/Vanilla elapsed=1h 08m 17s
------------------------------------------------------------------------------------------------
[TASK_START] 2/5 CvT-13/LG
[COMMAND][LG] /usr/bin/python /app/scratch/input/bapedragon_552/methods/table1_cub200/train.py --full-run --student cvt_13 --method lg --batch-size 128 --data-dir /app/output/table1_cub200_cvt13_all_full_seed1/data/cub200 --teacher-root /app/scratch/input/bapedragon_552/teachers/checkpoints/cub200_table1_resnet56_32 --output-dir /app/output/table1_cub200_cvt13_all_full_seed1/students --run-name table1_cub200_cvt_13_lg_b128_full_300ep_seed1 --num-workers 4
[BOOT] Python process started: /usr/bin/python
[BOOT] complete Table-1 runtime dependencies already available
/usr/local/lib/python3.10/dist-packages/timm/models/layers/__init__.py:49: FutureWarning: Importing from timm.models.layers is deprecated, please import via timm.layers
  warnings.warn(f"Importing from {__name__} is deprecated, please import via timm.layers", FutureWarning)
========================================================================================
CUB-200 TABLE-1 EXTENSION
========================================================================================
[TASK] student=CvT-13 method=LG batch=128 mode=full_300ep
[MODE] actual_epochs=300 planned_epochs=300
[PROTOCOL_LOCK] dataset=CUB-200-2011 split=5994/5794 teacher=ResNet56-scratch-32 student=scratch-224 epochs=300 AdamW=5e-4->5e-6 wd=0.05 warmup=20 seed=1 fp32=True
[FIXED_TEACHER_TABLE1_CUB200] h200_build=543 root=/app/scratch/input/bapedragon_552/teachers/checkpoints/cub200_table1_resnet56_32 sha256=06f75192b1c108c89e480843cb4f72dfb28aa762d7b11e7ac327333dd54b51f5
[SOURCE] official_lg_repo=https://github.com/lkhl/tiny-transformers commit=d2165f74049c906b0afc9f957491960fb3c0cc8b
[MODEL] params=19,689,480 feature_dims=(64, 192, 192, 384, 384, 384, 384, 384, 384, 384, 384, 384, 384) selected_lg=(0, 6, 11)
[FEATURE_CHECK] student=((2, 64, 56, 56), (2, 192, 28, 28), (2, 192, 28, 28), (2, 384, 14, 14), (2, 384, 14, 14), (2, 384, 14, 14), (2, 384, 14, 14), (2, 384, 14, 14), (2, 384, 14, 14), (2, 384, 14, 14), (2, 384, 14, 14), (2, 384, 14, 14), (2, 384, 14, 14)) teacher=((2, 16, 32, 32), (2, 32, 16, 16), (2, 64, 8, 8)) guidance_probe=11.271616
[OPTIMIZER] contract=official_lg_no_decay_exclusions
[LG:CvT-13][001/300] loss=91.5788 ce=5.3829 guidance=34.4784 beta=2.50 train_acc=0.48% test_acc=0.47% best=0.47% lr=5e-07 time=17.2s est_300=1h 26m 02s
[LG:CvT-13][002/300] loss=78.0820 ce=5.3479 guidance=29.0936 beta=2.50 train_acc=0.71% test_acc=0.74% best=0.74% lr=2.5475e-05 time=13.9s est_300=1h 17m 43s
[LG:CvT-13][003/300] loss=69.8308 ce=5.2906 guidance=25.8161 beta=2.50 train_acc=0.76% test_acc=1.00% best=1.00% lr=5.045e-05 time=13.3s est_300=1h 13m 55s
[LG:CvT-13][004/300] loss=65.1314 ce=5.2572 guidance=23.9497 beta=2.50 train_acc=0.70% test_acc=1.40% best=1.40% lr=7.5425e-05 time=13.1s est_300=1h 11m 45s
[LG:CvT-13][005/300] loss=56.7220 ce=5.2189 guidance=20.6012 beta=2.50 train_acc=0.90% test_acc=1.59% best=1.59% lr=0.0001004 time=12.9s est_300=1h 10m 19s
[LG:CvT-13][006/300] loss=49.3839 ce=5.1676 guidance=17.6865 beta=2.50 train_acc=1.02% test_acc=1.64% best=1.64% lr=0.000125375 time=12.8s est_300=1h 09m 13s
[LG:CvT-13][007/300] loss=46.2887 ce=5.1330 guidance=16.4623 beta=2.50 train_acc=1.26% test_acc=2.57% best=2.57% lr=0.00015035 time=13.7s est_300=1h 09m 09s
[LG:CvT-13][008/300] loss=43.8242 ce=5.0628 guidance=15.5046 beta=2.50 train_acc=1.89% test_acc=2.64% best=2.64% lr=0.000175325 time=14.1s est_300=1h 09m 19s
[LG:CvT-13][009/300] loss=42.0986 ce=4.9369 guidance=14.8647 beta=2.50 train_acc=2.67% test_acc=4.25% best=4.25% lr=0.0002003 time=13.0s est_300=1h 08m 51s
[LG:CvT-13][010/300] loss=39.6471 ce=4.8015 guidance=13.9382 beta=2.50 train_acc=4.11% test_acc=5.64% best=5.64% lr=0.000225275 time=13.4s est_300=1h 08m 40s
[LG:CvT-13][011/300] loss=37.8374 ce=4.6468 guidance=13.2763 beta=2.50 train_acc=5.01% test_acc=7.01% best=7.01% lr=0.00025025 time=14.2s est_300=1h 08m 52s
[LG:CvT-13][012/300] loss=36.6706 ce=4.5259 guidance=12.8579 beta=2.50 train_acc=6.05% test_acc=8.77% best=8.77% lr=0.000275225 time=13.6s est_300=1h 08m 46s
[LG:CvT-13][013/300] loss=35.3342 ce=4.4323 guidance=12.3608 beta=2.50 train_acc=7.05% test_acc=9.84% best=9.84% lr=0.0003002 time=13.5s est_300=1h 08m 40s
[LG:CvT-13][014/300] loss=34.1469 ce=4.2989 guidance=11.9392 beta=2.50 train_acc=8.90% test_acc=11.70% best=11.70% lr=0.000325175 time=13.6s est_300=1h 08m 36s
[LG:CvT-13][015/300] loss=33.0006 ce=4.1853 guidance=11.5261 beta=2.50 train_acc=10.97% test_acc=14.01% best=14.01% lr=0.00035015 time=14.3s est_300=1h 08m 48s
[LG:CvT-13][016/300] loss=32.0937 ce=4.0955 guidance=11.1993 beta=2.50 train_acc=11.43% test_acc=15.69% best=15.69% lr=0.000375125 time=13.5s est_300=1h 08m 43s
[LG:CvT-13][017/300] loss=31.4313 ce=4.0261 guidance=10.9621 beta=2.50 train_acc=12.84% test_acc=16.85% best=16.85% lr=0.0004001 time=13.6s est_300=1h 08m 41s
[LG:CvT-13][018/300] loss=30.6656 ce=3.9635 guidance=10.6808 beta=2.50 train_acc=13.38% test_acc=19.92% best=19.92% lr=0.000425075 time=13.6s est_300=1h 08m 38s
[LG:CvT-13][019/300] loss=29.9816 ce=3.8686 guidance=10.4452 beta=2.50 train_acc=14.50% test_acc=19.49% best=19.92% lr=0.00045005 time=14.1s est_300=1h 08m 44s
[LG:CvT-13][020/300] loss=29.3204 ce=3.8250 guidance=10.1982 beta=2.50 train_acc=15.27% test_acc=21.23% best=21.23% lr=0.000475025 time=13.9s est_300=1h 08m 47s
[LG:CvT-13][021/300] loss=28.5371 ce=3.6892 guidance=9.9392 beta=2.50 train_acc=17.54% test_acc=22.11% best=22.11% lr=0.00049459153 time=13.8s est_300=1h 08m 48s
[LG:CvT-13][022/300] loss=27.9725 ce=3.6125 guidance=9.7440 beta=2.50 train_acc=18.87% test_acc=22.20% best=22.20% lr=0.0004940394 time=13.9s est_300=1h 08m 50s
[LG:CvT-13][023/300] loss=27.6378 ce=3.5349 guidance=9.6411 beta=2.50 train_acc=21.09% test_acc=26.29% best=26.29% lr=0.00049346078 time=14.4s est_300=1h 08m 58s
[LG:CvT-13][024/300] loss=26.9484 ce=3.4559 guidance=9.3970 beta=2.50 train_acc=21.57% test_acc=27.03% best=27.03% lr=0.00049285573 time=13.9s est_300=1h 08m 59s
[LG:CvT-13][025/300] loss=26.3057 ce=3.3985 guidance=9.1629 beta=2.50 train_acc=23.51% test_acc=28.36% best=28.36% lr=0.00049222433 time=14.1s est_300=1h 09m 02s
[LG:CvT-13][026/300] loss=26.0465 ce=3.3431 guidance=9.0813 beta=2.50 train_acc=24.80% test_acc=28.93% best=28.93% lr=0.00049156664 time=13.4s est_300=1h 08m 58s
[LG:CvT-13][027/300] loss=25.6584 ce=3.2784 guidance=8.9520 beta=2.50 train_acc=25.70% test_acc=29.24% best=29.24% lr=0.00049088274 time=13.7s est_300=1h 08m 56s
[LG:CvT-13][028/300] loss=25.0715 ce=3.2216 guidance=8.7400 beta=2.50 train_acc=27.45% test_acc=31.79% best=31.79% lr=0.00049017269 time=14.1s est_300=1h 09m 00s
[LG:CvT-13][029/300] loss=24.7765 ce=3.1836 guidance=8.6372 beta=2.50 train_acc=27.48% test_acc=33.33% best=33.33% lr=0.00048943658 time=13.8s est_300=1h 08m 59s
[LG:CvT-13][030/300] loss=24.6201 ce=3.1394 guidance=8.5922 beta=2.50 train_acc=28.19% test_acc=33.53% best=33.53% lr=0.00048867448 time=13.5s est_300=1h 08m 56s
[LG:CvT-13][031/300] loss=24.0341 ce=3.0406 guidance=8.3974 beta=2.50 train_acc=29.38% test_acc=33.74% best=33.74% lr=0.00048788649 time=13.0s est_300=1h 08m 48s
[LG:CvT-13][032/300] loss=23.8487 ce=3.0276 guidance=8.3284 beta=2.50 train_acc=30.64% test_acc=34.60% best=34.60% lr=0.00048707268 time=12.8s est_300=1h 08m 40s
[LG:CvT-13][033/300] loss=23.6399 ce=2.9710 guidance=8.2676 beta=2.50 train_acc=32.18% test_acc=35.26% best=35.26% lr=0.00048623315 time=12.8s est_300=1h 08m 31s
[LG:CvT-13][034/300] loss=23.4058 ce=2.9281 guidance=8.1911 beta=2.50 train_acc=32.35% test_acc=34.93% best=35.26% lr=0.00048536799 time=13.6s est_300=1h 08m 30s
[LG:CvT-13][035/300] loss=23.0929 ce=2.8776 guidance=8.0861 beta=2.50 train_acc=32.63% test_acc=35.57% best=35.57% lr=0.00048447729 time=14.2s est_300=1h 08m 34s
[LG:CvT-13][036/300] loss=22.7507 ce=2.8308 guidance=7.9680 beta=2.50 train_acc=33.98% test_acc=35.19% best=35.57% lr=0.00048356116 time=14.3s est_300=1h 08m 39s
[LG:CvT-13][037/300] loss=22.6748 ce=2.8143 guidance=7.9442 beta=2.50 train_acc=34.09% test_acc=35.78% best=35.78% lr=0.00048261968 time=13.9s est_300=1h 08m 41s
[LG:CvT-13][038/300] loss=22.5776 ce=2.7799 guidance=7.9191 beta=2.50 train_acc=35.24% test_acc=36.68% best=36.68% lr=0.00048165297 time=12.9s est_300=1h 08m 35s
[LG:CvT-13][039/300] loss=22.2846 ce=2.7392 guidance=7.8182 beta=2.50 train_acc=36.18% test_acc=37.21% best=37.21% lr=0.00048066113 time=12.8s est_300=1h 08m 27s
[LG:CvT-13][040/300] loss=22.6030 ce=2.7359 guidance=7.9469 beta=2.50 train_acc=35.87% test_acc=37.38% best=37.38% lr=0.00047964427 time=14.3s est_300=1h 08m 32s
[LG:CvT-13][041/300] loss=22.2006 ce=2.7026 guidance=7.7992 beta=2.50 train_acc=36.40% test_acc=38.42% best=38.42% lr=0.0004786025 time=14.2s est_300=1h 08m 36s
[LG:CvT-13][042/300] loss=21.8769 ce=2.6702 guidance=7.6826 beta=2.50 train_acc=37.21% test_acc=38.19% best=38.42% lr=0.00047753594 time=14.2s est_300=1h 08m 39s
[LG:CvT-13][043/300] loss=21.6713 ce=2.6214 guidance=7.6199 beta=2.50 train_acc=38.18% test_acc=38.83% best=38.83% lr=0.0004764447 time=14.0s est_300=1h 08m 41s
[LG:CvT-13][044/300] loss=21.4727 ce=2.6486 guidance=7.5296 beta=2.50 train_acc=37.48% test_acc=39.73% best=39.73% lr=0.0004753289 time=14.1s est_300=1h 08m 44s
[LG:CvT-13][045/300] loss=21.3379 ce=2.5464 guidance=7.5166 beta=2.50 train_acc=39.56% test_acc=39.66% best=39.73% lr=0.00047418866 time=14.3s est_300=1h 08m 47s
[LG:CvT-13][046/300] loss=21.1248 ce=2.5374 guidance=7.4350 beta=2.50 train_acc=39.59% test_acc=40.28% best=40.28% lr=0.00047302411 time=14.4s est_300=1h 08m 51s
[LG:CvT-13][047/300] loss=21.0426 ce=2.4850 guidance=7.4230 beta=2.50 train_acc=41.12% test_acc=39.61% best=40.28% lr=0.00047183539 time=13.6s est_300=1h 08m 50s
[LG:CvT-13][048/300] loss=20.9117 ce=2.5218 guidance=7.3560 beta=2.50 train_acc=40.66% test_acc=40.16% best=40.28% lr=0.0004706226 time=13.9s est_300=1h 08m 51s
[LG:CvT-13][049/300] loss=20.6544 ce=2.3802 guidance=7.3097 beta=2.50 train_acc=43.26% test_acc=39.06% best=40.28% lr=0.0004693859 time=13.8s est_300=1h 08m 51s
[LG:CvT-13][050/300] loss=20.8224 ce=2.3963 guidance=7.3704 beta=2.50 train_acc=43.14% test_acc=40.66% best=40.66% lr=0.00046812542 time=14.6s est_300=1h 08m 56s
[LG:CvT-13][051/300] loss=20.5723 ce=2.3866 guidance=7.2743 beta=2.50 train_acc=43.68% test_acc=39.73% best=40.66% lr=0.00046684129 time=13.2s est_300=1h 08m 53s
[LG:CvT-13][052/300] loss=20.5794 ce=2.3589 guidance=7.2882 beta=2.50 train_acc=44.07% test_acc=40.44% best=40.66% lr=0.00046553365 time=13.7s est_300=1h 08m 52s
[LG:CvT-13][053/300] loss=20.3801 ce=2.3440 guidance=7.2145 beta=2.50 train_acc=45.04% test_acc=39.99% best=40.66% lr=0.00046420265 time=13.7s est_300=1h 08m 52s
[LG:CvT-13][054/300] loss=20.2018 ce=2.2420 guidance=7.1839 beta=2.50 train_acc=47.03% test_acc=40.94% best=40.94% lr=0.00046284844 time=13.9s est_300=1h 08m 53s
[LG:CvT-13][055/300] loss=20.0729 ce=2.2842 guidance=7.1155 beta=2.50 train_acc=46.38% test_acc=41.06% best=41.06% lr=0.00046147116 time=13.7s est_300=1h 08m 52s
[LG:CvT-13][056/300] loss=20.0392 ce=2.2666 guidance=7.1090 beta=2.50 train_acc=46.35% test_acc=40.32% best=41.06% lr=0.00046007097 time=14.1s est_300=1h 08m 53s
[LG:CvT-13][057/300] loss=19.9779 ce=2.2527 guidance=7.0901 beta=2.50 train_acc=45.65% test_acc=39.58% best=41.06% lr=0.00045864801 time=14.0s est_300=1h 08m 55s
[LG:CvT-13][058/300] loss=19.8721 ce=2.1925 guidance=7.0718 beta=2.50 train_acc=47.67% test_acc=42.04% best=42.04% lr=0.00045720244 time=14.1s est_300=1h 08m 56s
[LG:CvT-13][059/300] loss=19.8058 ce=2.1398 guidance=7.0664 beta=2.50 train_acc=48.85% test_acc=42.11% best=42.11% lr=0.00045573443 time=14.4s est_300=1h 08m 59s
[LG:CvT-13][060/300] loss=19.6426 ce=2.1949 guidance=6.9791 beta=2.50 train_acc=48.56% test_acc=40.21% best=42.11% lr=0.00045424413 time=14.1s est_300=1h 09m 01s
[LG:CvT-13][061/300] loss=19.4372 ce=2.1097 guidance=6.9310 beta=2.50 train_acc=49.54% test_acc=42.03% best=42.11% lr=0.00045273171 time=13.6s est_300=1h 09m 00s
[LG:CvT-13][062/300] loss=19.4281 ce=2.1339 guidance=6.9177 beta=2.50 train_acc=49.35% test_acc=41.63% best=42.11% lr=0.00045119733 time=13.2s est_300=1h 08m 57s
[LG:CvT-13][063/300] loss=19.4235 ce=2.0954 guidance=6.9312 beta=2.50 train_acc=49.73% test_acc=41.15% best=42.11% lr=0.00044964115 time=13.8s est_300=1h 08m 57s
[LG:CvT-13][064/300] loss=19.3965 ce=2.1004 guidance=6.9184 beta=2.50 train_acc=50.51% test_acc=41.99% best=42.11% lr=0.00044806337 time=14.2s est_300=1h 08m 59s
[LG:CvT-13][065/300] loss=19.2310 ce=2.0660 guidance=6.8660 beta=2.50 train_acc=51.72% test_acc=40.49% best=42.11% lr=0.00044646413 time=14.4s est_300=1h 09m 02s
[LG:CvT-13][066/300] loss=19.1278 ce=2.0022 guidance=6.8503 beta=2.50 train_acc=52.29% test_acc=40.92% best=42.11% lr=0.00044484363 time=13.9s est_300=1h 09m 02s
[LG:CvT-13][067/300] loss=19.1345 ce=1.9862 guidance=6.8593 beta=2.50 train_acc=52.51% test_acc=41.68% best=42.11% lr=0.00044320203 time=14.3s est_300=1h 09m 04s
[LG:CvT-13][068/300] loss=19.0034 ce=2.0070 guidance=6.7986 beta=2.50 train_acc=51.65% test_acc=40.42% best=42.11% lr=0.00044153952 time=14.5s est_300=1h 09m 07s
[LG:CvT-13][069/300] loss=18.8753 ce=2.0004 guidance=6.7500 beta=2.50 train_acc=52.53% test_acc=40.51% best=42.11% lr=0.00043985628 time=13.3s est_300=1h 09m 05s
[LG:CvT-13][070/300] loss=18.9390 ce=1.9963 guidance=6.7771 beta=2.50 train_acc=52.58% test_acc=41.65% best=42.11% lr=0.00043815249 time=13.4s est_300=1h 09m 03s
[LG:CvT-13][071/300] loss=18.7064 ce=1.9364 guidance=6.7080 beta=2.50 train_acc=53.67% test_acc=42.01% best=42.11% lr=0.00043642834 time=14.0s est_300=1h 09m 04s
[LG:CvT-13][072/300] loss=18.6871 ce=1.9320 guidance=6.7020 beta=2.50 train_acc=54.31% test_acc=41.37% best=42.11% lr=0.00043468403 time=13.2s est_300=1h 09m 01s
[LG:CvT-13][073/300] loss=18.5657 ce=1.8737 guidance=6.6768 beta=2.50 train_acc=54.30% test_acc=42.18% best=42.18% lr=0.00043291974 time=14.5s est_300=1h 09m 04s
[LG:CvT-13][074/300] loss=18.6104 ce=1.8759 guidance=6.6938 beta=2.50 train_acc=54.62% test_acc=41.18% best=42.18% lr=0.00043113566 time=13.7s est_300=1h 09m 04s
[LG:CvT-13][075/300] loss=18.6050 ce=1.8520 guidance=6.7012 beta=2.50 train_acc=55.43% test_acc=42.49% best=42.49% lr=0.00042933199 time=14.2s est_300=1h 09m 05s
[LG:CvT-13][076/300] loss=18.4446 ce=1.8104 guidance=6.6537 beta=2.50 train_acc=57.29% test_acc=41.13% best=42.49% lr=0.00042750893 time=14.0s est_300=1h 09m 06s
[LG:CvT-13][077/300] loss=18.4379 ce=1.8263 guidance=6.6446 beta=2.50 train_acc=56.56% test_acc=41.08% best=42.49% lr=0.00042566668 time=13.7s est_300=1h 09m 06s
[LG:CvT-13][078/300] loss=18.3801 ce=1.8282 guidance=6.6208 beta=2.50 train_acc=56.69% test_acc=40.56% best=42.49% lr=0.00042380544 time=13.9s est_300=1h 09m 06s
[LG:CvT-13][079/300] loss=18.3197 ce=1.8775 guidance=6.5769 beta=2.50 train_acc=56.03% test_acc=40.87% best=42.49% lr=0.00042192541 time=13.6s est_300=1h 09m 05s
[LG:CvT-13][080/300] loss=18.3904 ce=1.8098 guidance=6.6322 beta=2.50 train_acc=57.12% test_acc=41.65% best=42.49% lr=0.0004200268 time=14.0s est_300=1h 09m 06s
[LG:CvT-13][081/300] loss=18.2977 ce=1.7739 guidance=6.6095 beta=2.50 train_acc=57.81% test_acc=42.11% best=42.49% lr=0.00041810983 time=14.3s est_300=1h 09m 07s
[LG:CvT-13][082/300] loss=18.2065 ce=1.7794 guidance=6.5708 beta=2.50 train_acc=57.83% test_acc=41.87% best=42.49% lr=0.00041617469 time=14.6s est_300=1h 09m 10s
[LG:CvT-13][083/300] loss=18.0282 ce=1.7587 guidance=6.5078 beta=2.50 train_acc=58.20% test_acc=42.15% best=42.49% lr=0.0004142216 time=14.4s est_300=1h 09m 12s
[LG:CvT-13][084/300] loss=17.9639 ce=1.7257 guidance=6.4953 beta=2.50 train_acc=59.10% test_acc=41.65% best=42.49% lr=0.00041225078 time=14.4s est_300=1h 09m 14s
[LG:CvT-13][085/300] loss=18.0255 ce=1.7592 guidance=6.5065 beta=2.50 train_acc=58.70% test_acc=41.09% best=42.49% lr=0.00041026244 time=13.8s est_300=1h 09m 14s
[LG:CvT-13][086/300] loss=17.9910 ce=1.6885 guidance=6.5210 beta=2.50 train_acc=59.87% test_acc=41.35% best=42.49% lr=0.0004082568 time=14.2s est_300=1h 09m 15s
[LG:CvT-13][087/300] loss=17.9299 ce=1.6822 guidance=6.4991 beta=2.50 train_acc=60.09% test_acc=41.25% best=42.49% lr=0.00040623408 time=14.0s est_300=1h 09m 16s
[LG:CvT-13][088/300] loss=17.9027 ce=1.6387 guidance=6.5056 beta=2.50 train_acc=61.35% test_acc=41.56% best=42.49% lr=0.0004041945 time=14.3s est_300=1h 09m 17s
[LG:CvT-13][089/300] loss=17.8717 ce=1.6548 guidance=6.4868 beta=2.50 train_acc=60.12% test_acc=42.61% best=42.61% lr=0.00040213828 time=13.6s est_300=1h 09m 16s
[LG:CvT-13][090/300] loss=17.8611 ce=1.6716 guidance=6.4758 beta=2.50 train_acc=61.06% test_acc=42.53% best=42.61% lr=0.00040006566 time=13.2s est_300=1h 09m 14s
[LG:CvT-13][091/300] loss=17.7809 ce=1.6463 guidance=6.4538 beta=2.50 train_acc=60.92% test_acc=42.29% best=42.61% lr=0.00039797685 time=14.5s est_300=1h 09m 16s
[LG:CvT-13][092/300] loss=17.6247 ce=1.5739 guidance=6.4203 beta=2.50 train_acc=62.42% test_acc=42.49% best=42.61% lr=0.00039587209 time=14.1s est_300=1h 09m 17s
[LG:CvT-13][093/300] loss=17.7102 ce=1.5752 guidance=6.4540 beta=2.50 train_acc=62.55% test_acc=42.47% best=42.61% lr=0.00039375161 time=13.8s est_300=1h 09m 17s
[LG:CvT-13][094/300] loss=17.6618 ce=1.6032 guidance=6.4234 beta=2.50 train_acc=62.06% test_acc=42.15% best=42.61% lr=0.00039161564 time=14.2s est_300=1h 09m 18s
[LG:CvT-13][095/300] loss=17.5168 ce=1.5770 guidance=6.3759 beta=2.50 train_acc=62.81% test_acc=41.89% best=42.61% lr=0.00038946441 time=13.7s est_300=1h 09m 18s
[LG:CvT-13][096/300] loss=17.4241 ce=1.5412 guidance=6.3532 beta=2.50 train_acc=63.30% test_acc=41.27% best=42.61% lr=0.00038729816 time=13.6s est_300=1h 09m 17s
[LG:CvT-13][097/300] loss=17.4830 ce=1.5420 guidance=6.3764 beta=2.50 train_acc=63.25% test_acc=41.40% best=42.61% lr=0.00038511713 time=13.6s est_300=1h 09m 16s
[LG:CvT-13][098/300] loss=17.4821 ce=1.5236 guidance=6.3834 beta=2.50 train_acc=63.59% test_acc=42.18% best=42.61% lr=0.00038292156 time=14.6s est_300=1h 09m 18s
[LG:CvT-13][099/300] loss=17.3964 ce=1.5357 guidance=6.3443 beta=2.50 train_acc=64.61% test_acc=43.01% best=43.01% lr=0.00038071168 time=14.1s est_300=1h 09m 19s
[LG:CvT-13][100/300] loss=17.4354 ce=1.5427 guidance=6.3570 beta=2.50 train_acc=63.72% test_acc=41.22% best=43.01% lr=0.00037848775 time=13.8s est_300=1h 09m 19s
[LG:CvT-13][101/300] loss=17.3933 ce=1.5085 guidance=6.3539 beta=2.50 train_acc=63.43% test_acc=41.49% best=43.01% lr=0.00037625 time=14.3s est_300=1h 09m 20s
[LG:CvT-13][102/300] loss=17.2705 ce=1.5299 guidance=6.2962 beta=2.50 train_acc=63.38% test_acc=41.63% best=43.01% lr=0.00037399868 time=14.6s est_300=1h 09m 22s
[LG:CvT-13][103/300] loss=17.1987 ce=1.5094 guidance=6.2757 beta=2.50 train_acc=63.76% test_acc=42.23% best=43.01% lr=0.00037173403 time=13.6s est_300=1h 09m 22s
[LG:CvT-13][104/300] loss=17.1815 ce=1.4563 guidance=6.2901 beta=2.50 train_acc=64.88% test_acc=40.47% best=43.01% lr=0.00036945631 time=14.5s est_300=1h 09m 23s
[LG:CvT-13][105/300] loss=17.2039 ce=1.4743 guidance=6.2919 beta=2.50 train_acc=64.86% test_acc=40.84% best=43.01% lr=0.00036716577 time=13.2s est_300=1h 09m 21s
[LG:CvT-13][106/300] loss=17.2076 ce=1.4805 guidance=6.2908 beta=2.50 train_acc=65.25% test_acc=41.94% best=43.01% lr=0.00036486265 time=14.0s est_300=1h 09m 22s
[LG:CvT-13][107/300] loss=17.0636 ce=1.4529 guidance=6.2443 beta=2.50 train_acc=64.96% test_acc=40.40% best=43.01% lr=0.00036254721 time=14.7s est_300=1h 09m 24s
[LG:CvT-13][108/300] loss=17.1643 ce=1.4349 guidance=6.2918 beta=2.50 train_acc=65.56% test_acc=41.39% best=43.01% lr=0.0003602197 time=13.9s est_300=1h 09m 24s
[LG:CvT-13][109/300] loss=17.0250 ce=1.4551 guidance=6.2280 beta=2.50 train_acc=65.18% test_acc=42.22% best=43.01% lr=0.00035788037 time=13.6s est_300=1h 09m 23s
[LG:CvT-13][110/300] loss=17.0138 ce=1.4388 guidance=6.2300 beta=2.50 train_acc=65.98% test_acc=42.56% best=43.01% lr=0.0003555295 time=14.3s est_300=1h 09m 24s
[LG:CvT-13][111/300] loss=17.0660 ce=1.4044 guidance=6.2647 beta=2.50 train_acc=65.81% test_acc=41.47% best=43.01% lr=0.00035316732 time=13.7s est_300=1h 09m 24s
[LG:CvT-13][112/300] loss=16.9634 ce=1.4444 guidance=6.2076 beta=2.50 train_acc=66.08% test_acc=40.94% best=43.01% lr=0.0003507941 time=13.5s est_300=1h 09m 23s
[LG:CvT-13][113/300] loss=16.7148 ce=1.3939 guidance=6.1284 beta=2.50 train_acc=66.54% test_acc=41.06% best=43.01% lr=0.00034841011 time=13.5s est_300=1h 09m 22s
[LG:CvT-13][114/300] loss=16.8872 ce=1.4006 guidance=6.1946 beta=2.50 train_acc=66.83% test_acc=41.30% best=43.01% lr=0.00034601559 time=13.8s est_300=1h 09m 22s
[LG:CvT-13][115/300] loss=16.7866 ce=1.3752 guidance=6.1646 beta=2.50 train_acc=67.43% test_acc=40.87% best=43.01% lr=0.00034361083 time=14.2s est_300=1h 09m 22s
[LG:CvT-13][116/300] loss=16.7686 ce=1.4004 guidance=6.1473 beta=2.50 train_acc=66.69% test_acc=42.13% best=43.01% lr=0.00034119607 time=14.0s est_300=1h 09m 23s
[LG:CvT-13][117/300] loss=16.7836 ce=1.4180 guidance=6.1463 beta=2.50 train_acc=66.00% test_acc=42.42% best=43.01% lr=0.00033877158 time=14.1s est_300=1h 09m 23s
[LG:CvT-13][118/300] loss=16.7100 ce=1.3822 guidance=6.1311 beta=2.50 train_acc=66.68% test_acc=41.37% best=43.01% lr=0.00033633764 time=14.0s est_300=1h 09m 24s
[LG:CvT-13][119/300] loss=16.6461 ce=1.3301 guidance=6.1264 beta=2.50 train_acc=68.02% test_acc=41.08% best=43.01% lr=0.0003338945 time=14.4s est_300=1h 09m 25s
[LG:CvT-13][120/300] loss=16.6504 ce=1.3231 guidance=6.1309 beta=2.50 train_acc=67.51% test_acc=41.09% best=43.01% lr=0.00033144243 time=14.3s est_300=1h 09m 26s
[LG:CvT-13][121/300] loss=16.5410 ce=1.3105 guidance=6.0922 beta=2.50 train_acc=68.67% test_acc=41.35% best=43.01% lr=0.00032898171 time=14.3s est_300=1h 09m 27s
[LG:CvT-13][122/300] loss=16.6942 ce=1.3201 guidance=6.1497 beta=2.50 train_acc=68.56% test_acc=41.89% best=43.01% lr=0.0003265126 time=13.9s est_300=1h 09m 27s
[LG:CvT-13][123/300] loss=16.5512 ce=1.3150 guidance=6.0945 beta=2.50 train_acc=68.83% test_acc=41.73% best=43.01% lr=0.00032403537 time=14.7s est_300=1h 09m 29s
[LG:CvT-13][124/300] loss=16.5531 ce=1.2975 guidance=6.1022 beta=2.50 train_acc=69.65% test_acc=41.34% best=43.01% lr=0.0003215503 time=14.2s est_300=1h 09m 30s
[LG:CvT-13][125/300] loss=16.4704 ce=1.3275 guidance=6.0572 beta=2.50 train_acc=68.24% test_acc=41.96% best=43.01% lr=0.00031905766 time=13.8s est_300=1h 09m 29s
[LG:CvT-13][126/300] loss=16.4418 ce=1.2736 guidance=6.0673 beta=2.50 train_acc=70.11% test_acc=41.27% best=43.01% lr=0.00031655771 time=13.8s est_300=1h 09m 29s
[LG:CvT-13][127/300] loss=16.4356 ce=1.2471 guidance=6.0754 beta=2.50 train_acc=69.51% test_acc=41.72% best=43.01% lr=0.00031405075 time=14.5s est_300=1h 09m 30s
[LG:CvT-13][128/300] loss=16.3132 ce=1.2270 guidance=6.0345 beta=2.50 train_acc=70.52% test_acc=41.23% best=43.01% lr=0.00031153703 time=14.2s est_300=1h 09m 31s
[LG:CvT-13][129/300] loss=16.4678 ce=1.2298 guidance=6.0952 beta=2.50 train_acc=70.89% test_acc=40.90% best=43.01% lr=0.00030901684 time=13.7s est_300=1h 09m 31s
[LG:CvT-13][130/300] loss=16.3768 ce=1.2819 guidance=6.0380 beta=2.50 train_acc=69.12% test_acc=41.58% best=43.01% lr=0.00030649045 time=13.8s est_300=1h 09m 30s
[LG:CvT-13][131/300] loss=16.4066 ce=1.2378 guidance=6.0675 beta=2.50 train_acc=70.26% test_acc=41.20% best=43.01% lr=0.00030395814 time=14.4s est_300=1h 09m 32s
[LG:CvT-13][132/300] loss=16.2969 ce=1.2392 guidance=6.0231 beta=2.50 train_acc=70.33% test_acc=41.23% best=43.01% lr=0.00030142019 time=13.0s est_300=1h 09m 30s
[LG:CvT-13][133/300] loss=16.2503 ce=1.2380 guidance=6.0049 beta=2.50 train_acc=70.86% test_acc=41.65% best=43.01% lr=0.00029887688 time=13.3s est_300=1h 09m 28s
[LG:CvT-13][134/300] loss=16.2200 ce=1.2026 guidance=6.0070 beta=2.50 train_acc=71.16% test_acc=41.16% best=43.01% lr=0.00029632847 time=13.8s est_300=1h 09m 28s
[LG:CvT-13][135/300] loss=16.2744 ce=1.2082 guidance=6.0265 beta=2.50 train_acc=70.99% test_acc=40.65% best=43.01% lr=0.00029377526 time=13.3s est_300=1h 09m 27s
[LG:CvT-13][136/300] loss=16.2201 ce=1.2229 guidance=5.9989 beta=2.50 train_acc=70.86% test_acc=41.25% best=43.01% lr=0.00029121753 time=12.9s est_300=1h 09m 25s
[LG:CvT-13][137/300] loss=16.1524 ce=1.2382 guidance=5.9657 beta=2.50 train_acc=70.43% test_acc=40.85% best=43.01% lr=0.00028865555 time=13.9s est_300=1h 09m 25s
[LG:CvT-13][138/300] loss=16.1707 ce=1.2048 guidance=5.9863 beta=2.50 train_acc=71.48% test_acc=41.01% best=43.01% lr=0.0002860896 time=13.8s est_300=1h 09m 24s
[LG:CvT-13][139/300] loss=16.0646 ce=1.1520 guidance=5.9651 beta=2.50 train_acc=71.69% test_acc=41.20% best=43.01% lr=0.00028351998 time=13.8s est_300=1h 09m 24s
[LG:CvT-13][140/300] loss=16.1117 ce=1.2313 guidance=5.9521 beta=2.50 train_acc=70.82% test_acc=40.89% best=43.01% lr=0.00028094694 time=13.9s est_300=1h 09m 24s
[LG:CvT-13][141/300] loss=16.0633 ce=1.1451 guidance=5.9673 beta=2.50 train_acc=72.23% test_acc=42.11% best=43.01% lr=0.00027837079 time=13.7s est_300=1h 09m 24s
[LG:CvT-13][142/300] loss=16.0909 ce=1.1591 guidance=5.9727 beta=2.50 train_acc=72.57% test_acc=41.16% best=43.01% lr=0.00027579181 time=13.6s est_300=1h 09m 23s
[LG:CvT-13][143/300] loss=16.0035 ce=1.1315 guidance=5.9488 beta=2.50 train_acc=72.84% test_acc=40.89% best=43.01% lr=0.00027321027 time=14.4s est_300=1h 09m 24s
[LG:CvT-13][144/300] loss=15.9873 ce=1.1446 guidance=5.9371 beta=2.50 train_acc=72.69% test_acc=40.63% best=43.01% lr=0.00027062645 time=13.5s est_300=1h 09m 23s
[LG:CvT-13][145/300] loss=16.1091 ce=1.1520 guidance=5.9828 beta=2.50 train_acc=72.50% test_acc=40.97% best=43.01% lr=0.00026804065 time=14.0s est_300=1h 09m 24s
[LG:CvT-13][146/300] loss=15.8856 ce=1.1371 guidance=5.8994 beta=2.50 train_acc=73.00% test_acc=40.99% best=43.01% lr=0.00026545315 time=14.2s est_300=1h 09m 24s
[LG:CvT-13][147/300] loss=15.9212 ce=1.1098 guidance=5.9246 beta=2.50 train_acc=73.32% test_acc=40.20% best=43.01% lr=0.00026286422 time=14.1s est_300=1h 09m 25s
[LG:CvT-13][148/300] loss=15.8775 ce=1.1380 guidance=5.8958 beta=2.50 train_acc=72.25% test_acc=41.97% best=43.01% lr=0.00026027416 time=14.9s est_300=1h 09m 27s
[LG:CvT-13][149/300] loss=15.8473 ce=1.0924 guidance=5.9020 beta=2.50 train_acc=73.44% test_acc=39.45% best=43.01% lr=0.00025768325 time=13.8s est_300=1h 09m 27s
[LG:CvT-13][150/300] loss=15.9172 ce=1.0888 guidance=5.9313 beta=2.50 train_acc=74.00% test_acc=41.80% best=43.01% lr=0.00025509177 time=13.7s est_300=1h 09m 26s
[LG:CvT-13][151/300] loss=15.7045 ce=1.0903 guidance=5.8457 beta=2.50 train_acc=74.07% test_acc=41.09% best=43.01% lr=0.0002525 time=13.6s est_300=1h 09m 26s
[LG:CvT-13][152/300] loss=15.8174 ce=1.0657 guidance=5.9007 beta=2.50 train_acc=74.93% test_acc=40.75% best=43.01% lr=0.00024990823 time=14.1s est_300=1h 09m 26s
[LG:CvT-13][153/300] loss=15.6930 ce=1.1288 guidance=5.8257 beta=2.50 train_acc=72.67% test_acc=40.68% best=43.01% lr=0.00024731675 time=13.7s est_300=1h 09m 26s
[LG:CvT-13][154/300] loss=15.7121 ce=1.0497 guidance=5.8650 beta=2.50 train_acc=74.51% test_acc=40.77% best=43.01% lr=0.00024472584 time=14.1s est_300=1h 09m 26s
[LG:CvT-13][155/300] loss=15.8507 ce=1.0603 guidance=5.9161 beta=2.50 train_acc=74.49% test_acc=41.75% best=43.01% lr=0.00024213578 time=14.1s est_300=1h 09m 27s
[LG:CvT-13][156/300] loss=15.7261 ce=1.0935 guidance=5.8530 beta=2.50 train_acc=73.90% test_acc=40.70% best=43.01% lr=0.00023954685 time=14.4s est_300=1h 09m 28s
[LG:CvT-13][157/300] loss=15.6155 ce=1.0592 guidance=5.8225 beta=2.50 train_acc=74.54% test_acc=40.68% best=43.01% lr=0.00023695935 time=13.8s est_300=1h 09m 27s
[LG:CvT-13][158/300] loss=15.7162 ce=1.0528 guidance=5.8654 beta=2.50 train_acc=74.83% test_acc=41.04% best=43.01% lr=0.00023437355 time=14.5s est_300=1h 09m 29s
[LG:CvT-13][159/300] loss=15.7118 ce=1.0561 guidance=5.8623 beta=2.50 train_acc=74.97% test_acc=41.30% best=43.01% lr=0.00023178973 time=14.1s est_300=1h 09m 29s
[LG:CvT-13][160/300] loss=15.7018 ce=1.0568 guidance=5.8580 beta=2.50 train_acc=75.15% test_acc=40.52% best=43.01% lr=0.00022920819 time=12.9s est_300=1h 09m 27s
[LG:CvT-13][161/300] loss=15.6580 ce=1.0078 guidance=5.8601 beta=2.50 train_acc=75.37% test_acc=39.90% best=43.01% lr=0.00022662921 time=12.7s est_300=1h 09m 25s
[LG:CvT-13][162/300] loss=15.6069 ce=1.0434 guidance=5.8254 beta=2.50 train_acc=74.68% test_acc=40.75% best=43.01% lr=0.00022405306 time=12.8s est_300=1h 09m 23s
[LG:CvT-13][163/300] loss=15.6444 ce=1.0482 guidance=5.8385 beta=2.50 train_acc=75.24% test_acc=41.20% best=43.01% lr=0.00022148002 time=13.1s est_300=1h 09m 21s
[LG:CvT-13][164/300] loss=15.6503 ce=1.0137 guidance=5.8547 beta=2.50 train_acc=75.42% test_acc=40.40% best=43.01% lr=0.0002189104 time=14.2s est_300=1h 09m 22s
[LG:CvT-13][165/300] loss=15.6554 ce=1.0349 guidance=5.8482 beta=2.50 train_acc=75.54% test_acc=40.75% best=43.01% lr=0.00021634445 time=13.9s est_300=1h 09m 22s
[LG:CvT-13][166/300] loss=15.5291 ce=1.0261 guidance=5.8012 beta=2.50 train_acc=75.32% test_acc=40.59% best=43.01% lr=0.00021378247 time=14.2s est_300=1h 09m 23s
[LG:CvT-13][167/300] loss=15.4816 ce=1.0263 guidance=5.7821 beta=2.50 train_acc=75.36% test_acc=41.40% best=43.01% lr=0.00021122474 time=14.0s est_300=1h 09m 23s
[LG:CvT-13][168/300] loss=15.4206 ce=1.0427 guidance=5.7512 beta=2.50 train_acc=74.86% test_acc=41.11% best=43.01% lr=0.00020867153 time=14.5s est_300=1h 09m 24s
[LG:CvT-13][169/300] loss=15.5413 ce=0.9949 guidance=5.8186 beta=2.50 train_acc=75.82% test_acc=40.44% best=43.01% lr=0.00020612312 time=14.3s est_300=1h 09m 25s
[LG:CvT-13][170/300] loss=15.5254 ce=1.0558 guidance=5.7878 beta=2.50 train_acc=74.78% test_acc=41.01% best=43.01% lr=0.00020357981 time=14.6s est_300=1h 09m 26s
[LG:CvT-13][171/300] loss=15.4691 ce=1.0129 guidance=5.7825 beta=2.50 train_acc=76.27% test_acc=40.63% best=43.01% lr=0.00020104186 time=13.2s est_300=1h 09m 25s
[LG:CvT-13][172/300] loss=15.3467 ce=0.9839 guidance=5.7451 beta=2.50 train_acc=76.43% test_acc=40.89% best=43.01% lr=0.00019850955 time=13.8s est_300=1h 09m 25s
[LG:CvT-13][173/300] loss=15.4170 ce=1.0052 guidance=5.7647 beta=2.50 train_acc=75.66% test_acc=41.44% best=43.01% lr=0.00019598316 time=14.6s est_300=1h 09m 26s
[LG:CvT-13][174/300] loss=15.3658 ce=1.0002 guidance=5.7463 beta=2.50 train_acc=76.70% test_acc=40.25% best=43.01% lr=0.00019346297 time=14.4s est_300=1h 09m 27s
[LG:CvT-13][175/300] loss=15.4347 ce=0.9426 guidance=5.7968 beta=2.50 train_acc=77.43% test_acc=40.73% best=43.01% lr=0.00019094925 time=13.9s est_300=1h 09m 27s
[LG:CvT-13][176/300] loss=15.3068 ce=0.9580 guidance=5.7395 beta=2.50 train_acc=76.92% test_acc=40.58% best=43.01% lr=0.00018844229 time=14.4s est_300=1h 09m 28s
[LG:CvT-13][177/300] loss=15.2548 ce=0.9407 guidance=5.7256 beta=2.50 train_acc=77.33% test_acc=40.54% best=43.01% lr=0.00018594234 time=14.8s est_300=1h 09m 29s
[LG:CvT-13][178/300] loss=15.2874 ce=0.9555 guidance=5.7328 beta=2.50 train_acc=77.16% test_acc=40.47% best=43.01% lr=0.0001834497 time=13.9s est_300=1h 09m 29s
[LG:CvT-13][179/300] loss=15.2309 ce=0.9395 guidance=5.7166 beta=2.50 train_acc=77.46% test_acc=40.73% best=43.01% lr=0.00018096463 time=14.2s est_300=1h 09m 30s
[LG:CvT-13][180/300] loss=15.2273 ce=0.9268 guidance=5.7202 beta=2.50 train_acc=78.09% test_acc=40.27% best=43.01% lr=0.0001784874 time=13.6s est_300=1h 09m 29s
[LG:CvT-13][181/300] loss=15.3121 ce=0.9862 guidance=5.7304 beta=2.50 train_acc=76.89% test_acc=39.96% best=43.01% lr=0.00017601829 time=13.8s est_300=1h 09m 29s
[LG:CvT-13][182/300] loss=15.2499 ce=0.9391 guidance=5.7243 beta=2.50 train_acc=77.14% test_acc=41.08% best=43.01% lr=0.00017355757 time=14.5s est_300=1h 09m 30s
[LG:CvT-13][183/300] loss=15.1712 ce=0.9356 guidance=5.6942 beta=2.50 train_acc=77.70% test_acc=40.44% best=43.01% lr=0.0001711055 time=13.9s est_300=1h 09m 30s
[LG:CvT-13][184/300] loss=15.2489 ce=0.9208 guidance=5.7312 beta=2.50 train_acc=77.87% test_acc=40.58% best=43.01% lr=0.00016866236 time=14.2s est_300=1h 09m 30s
[LG:CvT-13][185/300] loss=15.1865 ce=0.9229 guidance=5.7054 beta=2.50 train_acc=77.80% test_acc=40.94% best=43.01% lr=0.00016622842 time=14.5s est_300=1h 09m 31s
[LG:CvT-13][186/300] loss=15.2328 ce=0.9517 guidance=5.7124 beta=2.50 train_acc=77.33% test_acc=40.87% best=43.01% lr=0.00016380393 time=14.2s est_300=1h 09m 32s
[LG:CvT-13][187/300] loss=15.1404 ce=0.9017 guidance=5.6955 beta=2.50 train_acc=78.24% test_acc=40.94% best=43.01% lr=0.00016138917 time=14.0s est_300=1h 09m 32s
[LG:CvT-13][188/300] loss=15.2001 ce=0.9407 guidance=5.7037 beta=2.50 train_acc=77.87% test_acc=39.63% best=43.01% lr=0.00015898441 time=14.2s est_300=1h 09m 32s
[LG:CvT-13][189/300] loss=15.1340 ce=0.9059 guidance=5.6912 beta=2.50 train_acc=78.28% test_acc=39.54% best=43.01% lr=0.00015658989 time=14.3s est_300=1h 09m 33s
[LG:CvT-13][190/300] loss=15.0730 ce=0.8930 guidance=5.6720 beta=2.50 train_acc=78.69% test_acc=39.90% best=43.01% lr=0.0001542059 time=14.2s est_300=1h 09m 33s
[LG:CvT-13][191/300] loss=14.9724 ce=0.9029 guidance=5.6278 beta=2.50 train_acc=78.40% test_acc=39.89% best=43.01% lr=0.00015183268 time=13.9s est_300=1h 09m 33s
[LG:CvT-13][192/300] loss=15.0677 ce=0.8574 guidance=5.6841 beta=2.50 train_acc=79.35% test_acc=40.94% best=43.01% lr=0.0001494705 time=14.9s est_300=1h 09m 35s
[LG:CvT-13][193/300] loss=15.0371 ce=0.8916 guidance=5.6582 beta=2.50 train_acc=78.35% test_acc=39.78% best=43.01% lr=0.00014711963 time=14.1s est_300=1h 09m 35s
[LG:CvT-13][194/300] loss=15.0067 ce=0.8922 guidance=5.6458 beta=2.50 train_acc=78.72% test_acc=41.16% best=43.01% lr=0.0001447803 time=14.5s est_300=1h 09m 36s
[LG:CvT-13][195/300] loss=14.9618 ce=0.8659 guidance=5.6384 beta=2.50 train_acc=79.13% test_acc=39.59% best=43.01% lr=0.00014245279 time=14.4s est_300=1h 09m 37s
[LG:CvT-13][196/300] loss=15.1269 ce=0.8522 guidance=5.7099 beta=2.50 train_acc=80.10% test_acc=39.85% best=43.01% lr=0.00014013735 time=14.0s est_300=1h 09m 37s
[LG:CvT-13][197/300] loss=14.9216 ce=0.8253 guidance=5.6385 beta=2.50 train_acc=80.23% test_acc=40.27% best=43.01% lr=0.00013783423 time=14.3s est_300=1h 09m 37s
[LG:CvT-13][198/300] loss=15.0132 ce=0.8573 guidance=5.6624 beta=2.50 train_acc=79.52% test_acc=39.66% best=43.01% lr=0.00013554369 time=14.3s est_300=1h 09m 38s
[LG:CvT-13][199/300] loss=15.0464 ce=0.8653 guidance=5.6724 beta=2.50 train_acc=79.14% test_acc=40.75% best=43.01% lr=0.00013326597 time=14.1s est_300=1h 09m 38s
[LG:CvT-13][200/300] loss=14.9673 ce=0.8907 guidance=5.6307 beta=2.50 train_acc=78.77% test_acc=41.13% best=43.01% lr=0.00013100132 time=13.4s est_300=1h 09m 38s
[LG:CvT-13][201/300] loss=14.9725 ce=0.8503 guidance=5.6489 beta=2.50 train_acc=79.60% test_acc=40.52% best=43.01% lr=0.00012875 time=13.8s est_300=1h 09m 37s
[LG:CvT-13][202/300] loss=14.8580 ce=0.8574 guidance=5.6002 beta=2.50 train_acc=79.69% test_acc=40.92% best=43.01% lr=0.00012651225 time=14.2s est_300=1h 09m 38s
[LG:CvT-13][203/300] loss=14.9441 ce=0.8381 guidance=5.6424 beta=2.50 train_acc=80.11% test_acc=41.08% best=43.01% lr=0.00012428832 time=13.6s est_300=1h 09m 37s
[LG:CvT-13][204/300] loss=14.8525 ce=0.8271 guidance=5.6102 beta=2.50 train_acc=80.38% test_acc=40.92% best=43.01% lr=0.00012207844 time=13.8s est_300=1h 09m 37s
[LG:CvT-13][205/300] loss=14.8822 ce=0.8407 guidance=5.6166 beta=2.50 train_acc=79.60% test_acc=40.40% best=43.01% lr=0.00011988287 time=14.1s est_300=1h 09m 37s
[LG:CvT-13][206/300] loss=14.8515 ce=0.8466 guidance=5.6020 beta=2.50 train_acc=80.30% test_acc=39.56% best=43.01% lr=0.00011770184 time=13.6s est_300=1h 09m 37s
[LG:CvT-13][207/300] loss=14.8483 ce=0.8424 guidance=5.6024 beta=2.50 train_acc=80.01% test_acc=40.09% best=43.01% lr=0.00011553559 time=13.8s est_300=1h 09m 37s
[LG:CvT-13][208/300] loss=14.7751 ce=0.8507 guidance=5.5698 beta=2.50 train_acc=80.03% test_acc=40.02% best=43.01% lr=0.00011338436 time=14.0s est_300=1h 09m 37s
[LG:CvT-13][209/300] loss=14.8989 ce=0.8626 guidance=5.6145 beta=2.50 train_acc=79.48% test_acc=40.51% best=43.01% lr=0.00011124839 time=14.2s est_300=1h 09m 37s
[LG:CvT-13][210/300] loss=14.8535 ce=0.8145 guidance=5.6156 beta=2.50 train_acc=80.30% test_acc=39.25% best=43.01% lr=0.00010912791 time=13.7s est_300=1h 09m 37s
[LG:CvT-13][211/300] loss=14.7626 ce=0.8158 guidance=5.5787 beta=2.50 train_acc=80.49% test_acc=39.35% best=43.01% lr=0.00010702315 time=13.4s est_300=1h 09m 36s
[LG:CvT-13][212/300] loss=14.8578 ce=0.7899 guidance=5.6272 beta=2.50 train_acc=80.83% test_acc=40.20% best=43.01% lr=0.00010493434 time=13.5s est_300=1h 09m 36s
[LG:CvT-13][213/300] loss=14.8451 ce=0.8341 guidance=5.6044 beta=2.50 train_acc=80.18% test_acc=39.90% best=43.01% lr=0.00010286172 time=13.4s est_300=1h 09m 35s
[LG:CvT-13][214/300] loss=14.7699 ce=0.8211 guidance=5.5795 beta=2.50 train_acc=79.89% test_acc=39.47% best=43.01% lr=0.0001008055 time=12.7s est_300=1h 09m 33s
[LG:CvT-13][215/300] loss=14.7530 ce=0.8240 guidance=5.5716 beta=2.50 train_acc=80.15% test_acc=39.89% best=43.01% lr=9.8765924e-05 time=13.3s est_300=1h 09m 32s
[LG:CvT-13][216/300] loss=14.6736 ce=0.8100 guidance=5.5455 beta=2.50 train_acc=80.77% test_acc=40.71% best=43.01% lr=9.6743203e-05 time=13.6s est_300=1h 09m 32s
[LG:CvT-13][217/300] loss=14.7226 ce=0.8007 guidance=5.5688 beta=2.50 train_acc=81.05% test_acc=39.37% best=43.01% lr=9.4737563e-05 time=12.8s est_300=1h 09m 30s
[LG:CvT-13][218/300] loss=14.7778 ce=0.8034 guidance=5.5898 beta=2.50 train_acc=81.00% test_acc=39.78% best=43.01% lr=9.2749222e-05 time=12.7s est_300=1h 09m 29s
[LG:CvT-13][219/300] loss=14.6757 ce=0.7854 guidance=5.5561 beta=2.50 train_acc=81.28% test_acc=39.70% best=43.01% lr=9.0778401e-05 time=12.9s est_300=1h 09m 27s
[LG:CvT-13][220/300] loss=14.6319 ce=0.7896 guidance=5.5369 beta=2.50 train_acc=81.50% test_acc=39.68% best=43.01% lr=8.8825313e-05 time=12.9s est_300=1h 09m 26s
[LG:CvT-13][221/300] loss=14.7027 ce=0.7724 guidance=5.5721 beta=2.50 train_acc=81.81% test_acc=39.80% best=43.01% lr=8.6890175e-05 time=13.7s est_300=1h 09m 26s
[LG:CvT-13][222/300] loss=14.6891 ce=0.7671 guidance=5.5688 beta=2.50 train_acc=81.79% test_acc=38.97% best=43.01% lr=8.4973198e-05 time=13.4s est_300=1h 09m 25s
[LG:CvT-13][223/300] loss=14.6761 ce=0.7864 guidance=5.5559 beta=2.50 train_acc=81.08% test_acc=40.11% best=43.01% lr=8.3074591e-05 time=13.9s est_300=1h 09m 25s
[LG:CvT-13][224/300] loss=14.5779 ce=0.7476 guidance=5.5321 beta=2.50 train_acc=82.66% test_acc=40.09% best=43.01% lr=8.1194564e-05 time=14.3s est_300=1h 09m 26s
[LG:CvT-13][225/300] loss=14.6530 ce=0.7794 guidance=5.5494 beta=2.50 train_acc=81.06% test_acc=39.92% best=43.01% lr=7.9333323e-05 time=14.1s est_300=1h 09m 26s
[LG:CvT-13][226/300] loss=14.5966 ce=0.7559 guidance=5.5363 beta=2.50 train_acc=81.56% test_acc=39.37% best=43.01% lr=7.7491072e-05 time=13.8s est_300=1h 09m 26s
[LG:CvT-13][227/300] loss=14.6280 ce=0.7522 guidance=5.5503 beta=2.50 train_acc=82.27% test_acc=39.33% best=43.01% lr=7.5668012e-05 time=13.5s est_300=1h 09m 25s
[LG:CvT-13][228/300] loss=14.5231 ce=0.7417 guidance=5.5126 beta=2.50 train_acc=82.40% test_acc=39.30% best=43.01% lr=7.3864344e-05 time=13.6s est_300=1h 09m 25s
[LG:CvT-13][229/300] loss=14.6450 ce=0.7843 guidance=5.5443 beta=2.50 train_acc=81.45% test_acc=39.52% best=43.01% lr=7.2080265e-05 time=14.0s est_300=1h 09m 25s
[LG:CvT-13][230/300] loss=14.5553 ce=0.7707 guidance=5.5138 beta=2.50 train_acc=81.61% test_acc=39.07% best=43.01% lr=7.0315971e-05 time=13.8s est_300=1h 09m 25s
[LG:CvT-13][231/300] loss=14.5466 ce=0.7692 guidance=5.5109 beta=2.50 train_acc=81.74% test_acc=39.21% best=43.01% lr=6.8571656e-05 time=13.6s est_300=1h 09m 25s
[LG:CvT-13][232/300] loss=14.6192 ce=0.7877 guidance=5.5326 beta=2.50 train_acc=81.01% test_acc=39.87% best=43.01% lr=6.684751e-05 time=13.5s est_300=1h 09m 24s
[LG:CvT-13][233/300] loss=14.5052 ce=0.7611 guidance=5.4976 beta=2.50 train_acc=81.81% test_acc=39.54% best=43.01% lr=6.5143724e-05 time=14.0s est_300=1h 09m 24s
[LG:CvT-13][234/300] loss=14.5493 ce=0.7748 guidance=5.5098 beta=2.50 train_acc=81.76% test_acc=39.75% best=43.01% lr=6.3460483e-05 time=14.1s est_300=1h 09m 25s
[LG:CvT-13][235/300] loss=14.5635 ce=0.7819 guidance=5.5126 beta=2.50 train_acc=81.32% test_acc=38.95% best=43.01% lr=6.1797972e-05 time=13.4s est_300=1h 09m 24s
[LG:CvT-13][236/300] loss=14.4914 ce=0.7130 guidance=5.5113 beta=2.50 train_acc=83.29% test_acc=39.94% best=43.01% lr=6.0156375e-05 time=12.7s est_300=1h 09m 22s
[LG:CvT-13][237/300] loss=14.4308 ce=0.7302 guidance=5.4802 beta=2.50 train_acc=82.03% test_acc=39.11% best=43.01% lr=5.8535869e-05 time=13.1s est_300=1h 09m 21s
[LG:CvT-13][238/300] loss=14.5235 ce=0.7497 guidance=5.5095 beta=2.50 train_acc=81.95% test_acc=39.02% best=43.01% lr=5.6936634e-05 time=13.5s est_300=1h 09m 21s
[LG:CvT-13][239/300] loss=14.4927 ce=0.7639 guidance=5.4915 beta=2.50 train_acc=82.07% test_acc=39.37% best=43.01% lr=5.5358845e-05 time=13.8s est_300=1h 09m 21s
[LG:CvT-13][240/300] loss=14.4938 ce=0.7285 guidance=5.5061 beta=2.50 train_acc=82.46% test_acc=39.02% best=43.01% lr=5.3802675e-05 time=13.5s est_300=1h 09m 20s
[LG:CvT-13][241/300] loss=14.4437 ce=0.7359 guidance=5.4831 beta=2.50 train_acc=82.22% test_acc=39.06% best=43.01% lr=5.2268294e-05 time=13.9s est_300=1h 09m 20s
[LG:CvT-13][242/300] loss=14.4515 ce=0.7042 guidance=5.4989 beta=2.50 train_acc=82.78% test_acc=39.28% best=43.01% lr=5.0755871e-05 time=13.5s est_300=1h 09m 20s
[LG:CvT-13][243/300] loss=14.4482 ce=0.7154 guidance=5.4931 beta=2.50 train_acc=82.98% test_acc=39.23% best=43.01% lr=4.9265571e-05 time=14.1s est_300=1h 09m 20s
[LG:CvT-13][244/300] loss=14.4562 ce=0.7127 guidance=5.4974 beta=2.50 train_acc=82.81% test_acc=38.92% best=43.01% lr=4.7797558e-05 time=14.1s est_300=1h 09m 21s
[LG:CvT-13][245/300] loss=14.5043 ce=0.7276 guidance=5.5107 beta=2.50 train_acc=82.64% test_acc=39.18% best=43.01% lr=4.6351993e-05 time=14.1s est_300=1h 09m 21s
[LG:CvT-13][246/300] loss=14.3240 ce=0.7092 guidance=5.4459 beta=2.50 train_acc=83.25% test_acc=40.06% best=43.01% lr=4.4929034e-05 time=13.6s est_300=1h 09m 20s
[LG:CvT-13][247/300] loss=14.3831 ce=0.6796 guidance=5.4814 beta=2.50 train_acc=83.68% test_acc=39.33% best=43.01% lr=4.3528838e-05 time=12.9s est_300=1h 09m 19s
[LG:CvT-13][248/300] loss=14.3773 ce=0.7188 guidance=5.4634 beta=2.50 train_acc=83.02% test_acc=38.97% best=43.01% lr=4.2151558e-05 time=13.7s est_300=1h 09m 19s
[LG:CvT-13][249/300] loss=14.3872 ce=0.6888 guidance=5.4794 beta=2.50 train_acc=83.27% test_acc=39.28% best=43.01% lr=4.0797346e-05 time=13.7s est_300=1h 09m 19s
[LG:CvT-13][250/300] loss=14.3593 ce=0.7072 guidance=5.4608 beta=2.50 train_acc=83.25% test_acc=39.85% best=43.01% lr=3.9466348e-05 time=13.4s est_300=1h 09m 18s
[LG:CvT-13][251/300] loss=14.3186 ce=0.7101 guidance=5.4434 beta=2.50 train_acc=83.36% test_acc=39.75% best=43.01% lr=3.8158713e-05 time=12.7s est_300=1h 09m 17s
[LG:CvT-13][252/300] loss=14.3809 ce=0.6967 guidance=5.4737 beta=2.50 train_acc=83.36% test_acc=39.25% best=43.01% lr=3.6874582e-05 time=12.7s est_300=1h 09m 16s
[LG:CvT-13][253/300] loss=14.2069 ce=0.6744 guidance=5.4130 beta=2.50 train_acc=84.14% test_acc=39.90% best=43.01% lr=3.5614097e-05 time=13.7s est_300=1h 09m 15s
[LG:CvT-13][254/300] loss=14.4801 ce=0.7131 guidance=5.5068 beta=2.50 train_acc=83.03% test_acc=39.30% best=43.01% lr=3.4377396e-05 time=13.5s est_300=1h 09m 15s
[LG:CvT-13][255/300] loss=14.3810 ce=0.6911 guidance=5.4759 beta=2.50 train_acc=83.64% test_acc=39.35% best=43.01% lr=3.3164614e-05 time=13.5s est_300=1h 09m 15s
[LG:CvT-13][256/300] loss=14.3243 ce=0.6749 guidance=5.4598 beta=2.50 train_acc=84.12% test_acc=39.02% best=43.01% lr=3.1975885e-05 time=14.0s est_300=1h 09m 15s
[LG:CvT-13][257/300] loss=14.3423 ce=0.7000 guidance=5.4569 beta=2.50 train_acc=83.36% test_acc=39.06% best=43.01% lr=3.0811339e-05 time=14.4s est_300=1h 09m 15s
[LG:CvT-13][258/300] loss=14.2757 ce=0.6911 guidance=5.4338 beta=2.50 train_acc=83.70% test_acc=39.04% best=43.01% lr=2.9671104e-05 time=14.4s est_300=1h 09m 16s
[LG:CvT-13][259/300] loss=14.3457 ce=0.6803 guidance=5.4662 beta=2.50 train_acc=83.51% test_acc=39.64% best=43.01% lr=2.8555305e-05 time=13.8s est_300=1h 09m 16s
[LG:CvT-13][260/300] loss=14.3446 ce=0.7100 guidance=5.4538 beta=2.50 train_acc=82.64% test_acc=39.09% best=43.01% lr=2.7464063e-05 time=13.4s est_300=1h 09m 15s
[LG:CvT-13][261/300] loss=14.2994 ce=0.6767 guidance=5.4491 beta=2.50 train_acc=84.14% test_acc=39.16% best=43.01% lr=2.6397499e-05 time=12.8s est_300=1h 09m 14s
[LG:CvT-13][262/300] loss=14.3308 ce=0.6869 guidance=5.4576 beta=2.50 train_acc=83.71% test_acc=39.58% best=43.01% lr=2.535573e-05 time=13.5s est_300=1h 09m 14s
[LG:CvT-13][263/300] loss=14.3353 ce=0.6813 guidance=5.4616 beta=2.50 train_acc=83.83% test_acc=39.40% best=43.01% lr=2.433887e-05 time=13.4s est_300=1h 09m 13s
[LG:CvT-13][264/300] loss=14.3438 ce=0.6966 guidance=5.4589 beta=2.50 train_acc=83.39% test_acc=39.16% best=43.01% lr=2.334703e-05 time=13.1s est_300=1h 09m 12s
[LG:CvT-13][265/300] loss=14.4013 ce=0.6746 guidance=5.4907 beta=2.50 train_acc=83.95% test_acc=39.40% best=43.01% lr=2.238032e-05 time=14.1s est_300=1h 09m 13s
[LG:CvT-13][266/300] loss=14.2846 ce=0.7096 guidance=5.4300 beta=2.50 train_acc=83.19% test_acc=39.52% best=43.01% lr=2.1438844e-05 time=14.1s est_300=1h 09m 13s
[LG:CvT-13][267/300] loss=14.2135 ce=0.6703 guidance=5.4173 beta=2.50 train_acc=84.17% test_acc=39.52% best=43.01% lr=2.0522708e-05 time=14.1s est_300=1h 09m 13s
[LG:CvT-13][268/300] loss=14.1802 ce=0.6667 guidance=5.4054 beta=2.50 train_acc=84.12% test_acc=39.52% best=43.01% lr=1.963201e-05 time=12.8s est_300=1h 09m 12s
[LG:CvT-13][269/300] loss=14.2483 ce=0.6651 guidance=5.4333 beta=2.50 train_acc=84.21% test_acc=39.28% best=43.01% lr=1.8766848e-05 time=12.7s est_300=1h 09m 11s
[LG:CvT-13][270/300] loss=14.3104 ce=0.6664 guidance=5.4576 beta=2.50 train_acc=84.17% test_acc=39.64% best=43.01% lr=1.7927319e-05 time=14.2s est_300=1h 09m 11s
[LG:CvT-13][271/300] loss=14.2255 ce=0.6522 guidance=5.4293 beta=2.50 train_acc=84.38% test_acc=39.23% best=43.01% lr=1.7113512e-05 time=14.0s est_300=1h 09m 11s
[LG:CvT-13][272/300] loss=14.2448 ce=0.6905 guidance=5.4217 beta=2.50 train_acc=83.63% test_acc=39.04% best=43.01% lr=1.6325519e-05 time=14.1s est_300=1h 09m 11s
[LG:CvT-13][273/300] loss=14.2852 ce=0.6805 guidance=5.4419 beta=2.50 train_acc=83.58% test_acc=39.44% best=43.01% lr=1.5563424e-05 time=14.1s est_300=1h 09m 12s
[LG:CvT-13][274/300] loss=14.3123 ce=0.6648 guidance=5.4590 beta=2.50 train_acc=84.12% test_acc=39.45% best=43.01% lr=1.4827313e-05 time=13.6s est_300=1h 09m 11s
[LG:CvT-13][275/300] loss=14.1966 ce=0.6868 guidance=5.4039 beta=2.50 train_acc=83.53% test_acc=39.49% best=43.01% lr=1.4117265e-05 time=14.0s est_300=1h 09m 12s
[LG:CvT-13][276/300] loss=14.1464 ce=0.6725 guidance=5.3896 beta=2.50 train_acc=83.58% test_acc=39.42% best=43.01% lr=1.3433358e-05 time=13.2s est_300=1h 09m 11s
[LG:CvT-13][277/300] loss=14.1948 ce=0.6503 guidance=5.4178 beta=2.50 train_acc=84.88% test_acc=39.45% best=43.01% lr=1.2775668e-05 time=14.0s est_300=1h 09m 11s
[LG:CvT-13][278/300] loss=14.3122 ce=0.6663 guidance=5.4584 beta=2.50 train_acc=83.93% test_acc=39.13% best=43.01% lr=1.2144266e-05 time=13.4s est_300=1h 09m 11s
[LG:CvT-13][279/300] loss=14.2935 ce=0.6709 guidance=5.4491 beta=2.50 train_acc=84.14% test_acc=39.06% best=43.01% lr=1.1539222e-05 time=13.5s est_300=1h 09m 10s
[LG:CvT-13][280/300] loss=14.2288 ce=0.6912 guidance=5.4151 beta=2.50 train_acc=83.97% test_acc=39.37% best=43.01% lr=1.0960601e-05 time=13.3s est_300=1h 09m 10s
[LG:CvT-13][281/300] loss=14.3076 ce=0.6753 guidance=5.4529 beta=2.50 train_acc=84.32% test_acc=39.40% best=43.01% lr=1.0408469e-05 time=12.9s est_300=1h 09m 09s
[LG:CvT-13][282/300] loss=14.1872 ce=0.7056 guidance=5.3927 beta=2.50 train_acc=83.12% test_acc=39.30% best=43.01% lr=9.8828843e-06 time=13.6s est_300=1h 09m 08s
[LG:CvT-13][283/300] loss=14.2769 ce=0.6717 guidance=5.4421 beta=2.50 train_acc=83.92% test_acc=39.21% best=43.01% lr=9.3839054e-06 time=13.9s est_300=1h 09m 09s
[LG:CvT-13][284/300] loss=14.2203 ce=0.6841 guidance=5.4145 beta=2.50 train_acc=83.83% test_acc=39.18% best=43.01% lr=8.911587e-06 time=13.7s est_300=1h 09m 08s
[LG:CvT-13][285/300] loss=14.2625 ce=0.6707 guidance=5.4367 beta=2.50 train_acc=84.00% test_acc=39.18% best=43.01% lr=8.4659808e-06 time=13.9s est_300=1h 09m 09s
[LG:CvT-13][286/300] loss=14.2423 ce=0.6778 guidance=5.4258 beta=2.50 train_acc=83.42% test_acc=39.32% best=43.01% lr=8.0471357e-06 time=14.3s est_300=1h 09m 09s
[LG:CvT-13][287/300] loss=14.2005 ce=0.6555 guidance=5.4180 beta=2.50 train_acc=84.53% test_acc=39.25% best=43.01% lr=7.6550976e-06 time=14.0s est_300=1h 09m 09s
[LG:CvT-13][288/300] loss=14.2317 ce=0.6693 guidance=5.4250 beta=2.50 train_acc=84.22% test_acc=39.30% best=43.01% lr=7.2899095e-06 time=13.5s est_300=1h 09m 09s
[LG:CvT-13][289/300] loss=14.2543 ce=0.6671 guidance=5.4349 beta=2.50 train_acc=84.05% test_acc=39.13% best=43.01% lr=6.9516114e-06 time=13.0s est_300=1h 09m 08s
[LG:CvT-13][290/300] loss=14.2191 ce=0.6840 guidance=5.4140 beta=2.50 train_acc=83.95% test_acc=39.09% best=43.01% lr=6.6402405e-06 time=12.7s est_300=1h 09m 07s
[LG:CvT-13][291/300] loss=14.2113 ce=0.6724 guidance=5.4156 beta=2.50 train_acc=84.22% test_acc=39.45% best=43.01% lr=6.3558309e-06 time=13.4s est_300=1h 09m 06s
[LG:CvT-13][292/300] loss=14.1524 ce=0.6455 guidance=5.4028 beta=2.50 train_acc=84.51% test_acc=39.40% best=43.01% lr=6.0984138e-06 time=13.0s est_300=1h 09m 06s
[LG:CvT-13][293/300] loss=14.2659 ce=0.6559 guidance=5.4440 beta=2.50 train_acc=84.05% test_acc=39.32% best=43.01% lr=5.8680173e-06 time=14.1s est_300=1h 09m 06s
[LG:CvT-13][294/300] loss=14.2013 ce=0.6681 guidance=5.4133 beta=2.50 train_acc=83.76% test_acc=39.20% best=43.01% lr=5.6646669e-06 time=14.2s est_300=1h 09m 06s
[LG:CvT-13][295/300] loss=14.1413 ce=0.6566 guidance=5.3939 beta=2.50 train_acc=84.27% test_acc=39.26% best=43.01% lr=5.4883847e-06 time=13.6s est_300=1h 09m 06s
[LG:CvT-13][296/300] loss=14.2546 ce=0.6698 guidance=5.4339 beta=2.50 train_acc=83.97% test_acc=39.32% best=43.01% lr=5.3391901e-06 time=14.1s est_300=1h 09m 06s
[LG:CvT-13][297/300] loss=14.1221 ce=0.6505 guidance=5.3887 beta=2.50 train_acc=84.88% test_acc=39.35% best=43.01% lr=5.2170996e-06 time=14.0s est_300=1h 09m 06s
[LG:CvT-13][298/300] loss=14.2442 ce=0.6679 guidance=5.4305 beta=2.50 train_acc=83.73% test_acc=39.02% best=43.01% lr=5.1221263e-06 time=13.9s est_300=1h 09m 06s
[LG:CvT-13][299/300] loss=14.2652 ce=0.6553 guidance=5.4439 beta=2.50 train_acc=84.26% test_acc=39.35% best=43.01% lr=5.0542808e-06 time=12.7s est_300=1h 09m 05s
[LG:CvT-13][300/300] loss=14.2549 ce=0.6489 guidance=5.4424 beta=2.50 train_acc=85.00% test_acc=39.30% best=43.01% lr=5.0135706e-06 time=13.5s est_300=1h 09m 05s
[TIMING_RESULT] student=CvT-13 method=LG batch=128 avg_epoch=13.82s estimated_300=1h 09m 05s
[FINAL_RESULT] summary=/app/output/table1_cub200_cvt13_all_full_seed1/students/table1_cub200_cvt_13_lg_b128_full_300ep_seed1/summary.json
[DONE] Table-1 CUB student task completed successfully.
[STUDENT_IDENTITY_CHECK_TABLE1_CUB200] status=PASS student=CvT-13 method=LG batch=128 teacher=06f75192b1c108c89e480843cb4f72dfb28aa762d7b11e7ac327333dd54b51f5
[TASK_DONE] 2/5 CvT-13/LG elapsed=1h 10m 02s
------------------------------------------------------------------------------------------------
[TASK_START] 3/5 CvT-13/ALG
[COMMAND][ALG] /usr/bin/python /app/scratch/input/bapedragon_552/methods/table1_cub200/train.py --full-run --student cvt_13 --method alg --batch-size 128 --data-dir /app/output/table1_cub200_cvt13_all_full_seed1/data/cub200 --teacher-root /app/scratch/input/bapedragon_552/teachers/checkpoints/cub200_table1_resnet56_32 --output-dir /app/output/table1_cub200_cvt13_all_full_seed1/students --run-name table1_cub200_cvt_13_alg_b128_full_300ep_seed1 --num-workers 4
[BOOT] Python process started: /usr/bin/python
[BOOT] complete Table-1 runtime dependencies already available
/usr/local/lib/python3.10/dist-packages/timm/models/layers/__init__.py:49: FutureWarning: Importing from timm.models.layers is deprecated, please import via timm.layers
  warnings.warn(f"Importing from {__name__} is deprecated, please import via timm.layers", FutureWarning)
========================================================================================
CUB-200 TABLE-1 EXTENSION
========================================================================================
[TASK] student=CvT-13 method=ALG batch=128 mode=full_300ep
[MODE] actual_epochs=300 planned_epochs=300
[PROTOCOL_LOCK] dataset=CUB-200-2011 split=5994/5794 teacher=ResNet56-scratch-32 student=scratch-224 epochs=300 AdamW=5e-4->5e-6 wd=0.05 warmup=20 seed=1 fp32=True
[FIXED_TEACHER_TABLE1_CUB200] h200_build=543 root=/app/scratch/input/bapedragon_552/teachers/checkpoints/cub200_table1_resnet56_32 sha256=06f75192b1c108c89e480843cb4f72dfb28aa762d7b11e7ac327333dd54b51f5
[SOURCE] official_lg_repo=https://github.com/lkhl/tiny-transformers commit=d2165f74049c906b0afc9f957491960fb3c0cc8b
[MODEL] params=19,689,480 feature_dims=(64, 192, 192, 384, 384, 384, 384, 384, 384, 384, 384, 384, 384) selected_lg=(0, 6, 11)
[FEATURE_CHECK] student=((2, 64, 56, 56), (2, 192, 28, 28), (2, 192, 28, 28), (2, 384, 14, 14), (2, 384, 14, 14), (2, 384, 14, 14), (2, 384, 14, 14), (2, 384, 14, 14), (2, 384, 14, 14), (2, 384, 14, 14), (2, 384, 14, 14), (2, 384, 14, 14), (2, 384, 14, 14)) teacher=((2, 16, 32, 32), (2, 32, 16, 16), (2, 64, 8, 8)) guidance_probe=11.271616
[OPTIMIZER] contract=official_lg_no_decay_exclusions
[ALG:CvT-13][001/300] loss=91.5788 ce=5.3829 guidance=34.4784 beta=2.50 train_acc=0.48% test_acc=0.47% best=0.47% lr=5e-07 time=17.0s est_300=1h 25m 08s
[ALG:CvT-13][002/300] loss=78.0820 ce=5.3479 guidance=29.0936 beta=2.50 train_acc=0.71% test_acc=0.74% best=0.74% lr=2.5475e-05 time=14.4s est_300=1h 18m 29s
[ALG:CvT-13][003/300] loss=69.8308 ce=5.2906 guidance=25.8161 beta=2.50 train_acc=0.76% test_acc=1.00% best=1.00% lr=5.045e-05 time=14.1s est_300=1h 15m 53s
[ALG:CvT-13][004/300] loss=65.1314 ce=5.2572 guidance=23.9497 beta=2.50 train_acc=0.70% test_acc=1.40% best=1.40% lr=7.5425e-05 time=13.6s est_300=1h 13m 52s
[ALG:CvT-13][005/300] loss=56.7219 ce=5.2189 guidance=20.6012 beta=2.50 train_acc=0.90% test_acc=1.59% best=1.59% lr=0.0001004 time=13.3s est_300=1h 12m 21s
[ALG:CvT-13][006/300] loss=49.3841 ce=5.1676 guidance=17.6866 beta=2.50 train_acc=1.02% test_acc=1.64% best=1.64% lr=0.000125375 time=13.7s est_300=1h 11m 43s
[ALG:CvT-13][007/300] loss=46.2887 ce=5.1330 guidance=16.4623 beta=2.50 train_acc=1.26% test_acc=2.57% best=2.57% lr=0.00015035 time=13.6s est_300=1h 11m 12s
[ALG:CvT-13][008/300] loss=43.8248 ce=5.0628 guidance=15.5048 beta=2.50 train_acc=1.89% test_acc=2.64% best=2.64% lr=0.000175325 time=12.9s est_300=1h 10m 23s
[ALG:CvT-13][009/300] loss=42.0987 ce=4.9369 guidance=14.8647 beta=2.50 train_acc=2.67% test_acc=4.26% best=4.26% lr=0.0002003 time=13.2s est_300=1h 09m 54s
[ALG:CvT-13][010/300] loss=39.6477 ce=4.8015 guidance=13.9385 beta=2.50 train_acc=4.13% test_acc=5.64% best=5.64% lr=0.000225275 time=12.9s est_300=1h 09m 20s
[ALG:CvT-13][011/300] loss=37.8535 ce=4.6466 guidance=13.2828 beta=2.50 train_acc=4.86% test_acc=6.82% best=6.82% lr=0.00025025 time=13.7s est_300=1h 09m 16s
[ALG:CvT-13][012/300] loss=36.6837 ce=4.5300 guidance=12.8615 beta=2.50 train_acc=5.93% test_acc=8.72% best=8.72% lr=0.000275225 time=14.1s est_300=1h 09m 21s
[ALG:CvT-13][013/300] loss=35.3151 ce=4.4324 guidance=12.3531 beta=2.50 train_acc=7.20% test_acc=9.99% best=9.99% lr=0.0003002 time=14.2s est_300=1h 09m 29s
[ALG:CvT-13][014/300] loss=34.1234 ce=4.3030 guidance=11.9282 beta=2.50 train_acc=9.26% test_acc=11.37% best=11.37% lr=0.000325175 time=14.1s est_300=1h 09m 35s
[ALG:CvT-13][015/300] loss=33.0609 ce=4.1900 guidance=11.5484 beta=2.50 train_acc=10.63% test_acc=13.74% best=13.74% lr=0.00035015 time=14.2s est_300=1h 09m 41s
[ALG:CvT-13][016/300] loss=32.1439 ce=4.1030 guidance=11.2164 beta=2.50 train_acc=11.21% test_acc=14.98% best=14.98% lr=0.000375125 time=14.1s est_300=1h 09m 43s
[ALG:CvT-13][017/300] loss=31.4906 ce=4.0302 guidance=10.9842 beta=2.50 train_acc=12.64% test_acc=17.47% best=17.47% lr=0.0004001 time=13.7s est_300=1h 09m 39s
[ALG:CvT-13][018/300] loss=30.6308 ce=3.9601 guidance=10.6683 beta=2.50 train_acc=13.77% test_acc=20.00% best=20.00% lr=0.000425075 time=13.7s est_300=1h 09m 35s
[ALG:CvT-13][019/300] loss=29.9124 ce=3.8649 guidance=10.4190 beta=2.50 train_acc=14.42% test_acc=19.87% best=20.00% lr=0.00045005 time=14.0s est_300=1h 09m 36s
[ALG:CvT-13][020/300] loss=29.2957 ce=3.8239 guidance=10.1887 beta=2.50 train_acc=15.78% test_acc=21.38% best=21.38% lr=0.000475025 time=14.0s est_300=1h 09m 38s
[ALG:CvT-13][021/300] loss=28.5783 ce=3.6911 guidance=9.9549 beta=2.50 train_acc=17.61% test_acc=22.23% best=22.23% lr=0.00049459153 time=14.1s est_300=1h 09m 40s
[ALG:CvT-13][022/300] loss=27.8777 ce=3.6025 guidance=9.7101 beta=2.50 train_acc=19.28% test_acc=21.80% best=22.23% lr=0.0004940394 time=14.0s est_300=1h 09m 41s
[ALG:CvT-13][023/300] loss=27.6674 ce=3.5360 guidance=9.6526 beta=2.50 train_acc=21.33% test_acc=26.04% best=26.04% lr=0.00049346078 time=13.3s est_300=1h 09m 33s
[ALG:CvT-13][024/300] loss=26.9486 ce=3.4607 guidance=9.3952 beta=2.50 train_acc=21.94% test_acc=26.73% best=26.73% lr=0.00049285573 time=12.7s est_300=1h 09m 18s
[ALG:CvT-13][025/300] loss=26.3654 ce=3.4033 guidance=9.1849 beta=2.50 train_acc=23.49% test_acc=27.98% best=27.98% lr=0.00049222433 time=12.7s est_300=1h 09m 04s
[ALG:CvT-13][026/300] loss=26.0539 ce=3.3496 guidance=9.0817 beta=2.50 train_acc=24.22% test_acc=28.91% best=28.91% lr=0.00049156664 time=14.1s est_300=1h 09m 07s
[ALG:CvT-13][027/300] loss=25.7039 ce=3.2776 guidance=8.9705 beta=2.50 train_acc=25.37% test_acc=29.48% best=29.48% lr=0.00049088274 time=13.1s est_300=1h 08m 58s
[ALG:CvT-13][028/300] loss=25.1111 ce=3.2195 guidance=8.7566 beta=2.50 train_acc=26.82% test_acc=31.84% best=31.84% lr=0.00049017269 time=13.3s est_300=1h 08m 54s
[ALG:CvT-13][029/300] loss=24.7663 ce=3.1806 guidance=8.6343 beta=2.50 train_acc=27.38% test_acc=33.21% best=33.21% lr=0.00048943658 time=13.1s est_300=1h 08m 47s
[ALG:CvT-13][030/300] loss=24.5545 ce=3.1294 guidance=8.5701 beta=2.50 train_acc=28.09% test_acc=33.09% best=33.21% lr=0.00048867448 time=13.4s est_300=1h 08m 43s
[ALG:CvT-13][031/300] loss=24.0033 ce=3.0480 guidance=8.3821 beta=2.50 train_acc=29.08% test_acc=33.78% best=33.78% lr=0.00048788649 time=12.9s est_300=1h 08m 35s
[ALG:CvT-13][032/300] loss=23.8763 ce=3.0297 guidance=8.3386 beta=2.50 train_acc=30.04% test_acc=35.05% best=35.05% lr=0.00048707268 time=13.3s est_300=1h 08m 31s
[ALG:CvT-13][033/300] loss=23.6702 ce=2.9769 guidance=8.2773 beta=2.50 train_acc=32.17% test_acc=35.42% best=35.42% lr=0.00048623315 time=13.8s est_300=1h 08m 32s
[ALG:CvT-13][034/300] loss=23.3442 ce=2.9275 guidance=8.1667 beta=2.50 train_acc=32.20% test_acc=34.93% best=35.42% lr=0.00048536799 time=13.8s est_300=1h 08m 33s
[ALG:CvT-13][035/300] loss=23.0617 ce=2.8760 guidance=8.0743 beta=2.50 train_acc=32.74% test_acc=35.81% best=35.81% lr=0.00048447729 time=13.6s est_300=1h 08m 32s
[ALG:CvT-13][036/300] loss=22.7588 ce=2.8386 guidance=7.9681 beta=2.50 train_acc=33.95% test_acc=35.50% best=35.81% lr=0.00048356116 time=13.6s est_300=1h 08m 31s
[ALG:CvT-13][037/300] loss=22.7039 ce=2.8157 guidance=7.9553 beta=2.50 train_acc=34.65% test_acc=36.09% best=36.09% lr=0.00048261968 time=13.6s est_300=1h 08m 30s
[ALG:CvT-13][038/300] loss=22.5550 ce=2.7841 guidance=7.9084 beta=2.50 train_acc=35.22% test_acc=36.93% best=36.93% lr=0.00048165297 time=13.7s est_300=1h 08m 30s
[ALG:CvT-13][039/300] loss=22.2739 ce=2.7345 guidance=7.8158 beta=2.50 train_acc=36.40% test_acc=37.12% best=37.12% lr=0.00048066113 time=13.6s est_300=1h 08m 30s
[ALG:CvT-13][040/300] loss=22.2259 ce=2.7168 guidance=7.8037 beta=2.50 train_acc=35.87% test_acc=38.07% best=38.07% lr=0.00047964427 time=14.3s est_300=1h 08m 34s
[ALG:CvT-13][041/300] loss=21.9358 ce=2.6764 guidance=7.7038 beta=2.50 train_acc=37.02% test_acc=38.68% best=38.68% lr=0.0004786025 time=14.0s est_300=1h 08m 37s
[ALG:CvT-13][042/300] loss=21.7426 ce=2.6648 guidance=7.6311 beta=2.50 train_acc=37.62% test_acc=38.64% best=38.68% lr=0.00047753594 time=14.1s est_300=1h 08m 39s
[ALG:CvT-13][043/300] loss=21.6107 ce=2.6130 guidance=7.5991 beta=2.50 train_acc=38.30% test_acc=38.49% best=38.68% lr=0.0004764447 time=12.7s est_300=1h 08m 32s
[ALG:CvT-13][044/300] loss=21.4668 ce=2.6490 guidance=7.5271 beta=2.50 train_acc=37.79% test_acc=39.52% best=39.52% lr=0.0004753289 time=13.6s est_300=1h 08m 31s
[ALG:CvT-13][045/300] loss=21.3273 ce=2.5475 guidance=7.5119 beta=2.50 train_acc=39.49% test_acc=39.44% best=39.52% lr=0.00047418866 time=12.6s est_300=1h 08m 24s
[ALG:CvT-13][046/300] loss=21.5641 ce=2.5729 guidance=7.5965 beta=2.50 train_acc=38.23% test_acc=39.47% best=39.52% lr=0.00047302411 time=13.8s est_300=1h 08m 25s
[ALG:CvT-13][047/300] loss=21.1429 ce=2.4863 guidance=7.4626 beta=2.50 train_acc=40.83% test_acc=39.52% best=39.52% lr=0.00047183539 time=13.9s est_300=1h 08m 26s
[ALG:CvT-13][048/300] loss=20.9089 ce=2.5165 guidance=7.3569 beta=2.50 train_acc=40.56% test_acc=39.44% best=39.52% lr=0.0004706226 time=13.6s est_300=1h 08m 26s
[ALG:CvT-13][049/300] loss=20.6253 ce=2.3734 guidance=7.3008 beta=2.50 train_acc=43.44% test_acc=39.71% best=39.71% lr=0.0004693859 time=12.5s est_300=1h 08m 18s
[ALG:CvT-13][050/300] loss=20.8281 ce=2.4089 guidance=7.3677 beta=2.50 train_acc=42.70% test_acc=40.87% best=40.87% lr=0.00046812542 time=12.9s est_300=1h 08m 13s
[ALG:CvT-13][051/300] loss=20.5499 ce=2.3868 guidance=7.2652 beta=2.50 train_acc=43.53% test_acc=39.90% best=40.87% lr=0.00046684129 time=13.7s est_300=1h 08m 14s
[ALG:CvT-13][052/300] loss=20.5864 ce=2.3588 guidance=7.2910 beta=2.50 train_acc=44.36% test_acc=40.87% best=40.87% lr=0.00046553365 time=13.5s est_300=1h 08m 13s
[ALG:CvT-13][053/300] loss=20.3786 ce=2.3321 guidance=7.2186 beta=2.50 train_acc=44.99% test_acc=39.70% best=40.87% lr=0.00046420265 time=13.8s est_300=1h 08m 14s
[ALG:CvT-13][054/300] loss=20.2254 ce=2.2580 guidance=7.1869 beta=2.50 train_acc=46.60% test_acc=40.87% best=40.87% lr=0.00046284844 time=14.1s est_300=1h 08m 16s
[ALG:CvT-13][055/300] loss=20.1039 ce=2.2905 guidance=7.1253 beta=2.50 train_acc=45.92% test_acc=41.53% best=41.53% lr=0.00046147116 time=13.6s est_300=1h 08m 16s
[ALG:CvT-13][056/300] loss=20.0209 ce=2.2749 guidance=7.0984 beta=2.50 train_acc=46.48% test_acc=40.49% best=41.53% lr=0.00046007097 time=14.0s est_300=1h 08m 18s
[ALG:CvT-13][057/300] loss=19.9381 ce=2.2484 guidance=7.0759 beta=2.50 train_acc=46.65% test_acc=40.08% best=41.53% lr=0.00045864801 time=13.3s est_300=1h 08m 16s
[ALG:CvT-13][058/300] loss=19.8883 ce=2.2008 guidance=7.0750 beta=2.50 train_acc=46.99% test_acc=41.82% best=41.82% lr=0.00045720244 time=13.1s est_300=1h 08m 13s
[ALG:CvT-13][059/300] loss=19.7992 ce=2.1474 guidance=7.0607 beta=2.50 train_acc=48.93% test_acc=41.97% best=41.97% lr=0.00045573443 time=13.8s est_300=1h 08m 14s
[ALG:CvT-13][060/300] loss=19.6035 ce=2.1894 guidance=6.9656 beta=2.50 train_acc=48.40% test_acc=41.08% best=41.97% lr=0.00045424413 time=13.4s est_300=1h 08m 13s
[ALG:CvT-13][061/300] loss=19.4120 ce=2.1092 guidance=6.9211 beta=2.50 train_acc=50.32% test_acc=41.58% best=41.97% lr=0.00045273171 time=12.8s est_300=1h 08m 09s
[ALG:CvT-13][062/300] loss=19.4248 ce=2.1349 guidance=6.9160 beta=2.50 train_acc=48.86% test_acc=41.63% best=41.97% lr=0.00045119733 time=12.7s est_300=1h 08m 04s
[ALG:CvT-13][063/300] loss=19.4111 ce=2.1003 guidance=6.9243 beta=2.50 train_acc=49.59% test_acc=41.16% best=41.97% lr=0.00044964115 time=13.5s est_300=1h 08m 04s
[ALG:CvT-13][064/300] loss=19.3908 ce=2.0959 guidance=6.9179 beta=2.50 train_acc=50.48% test_acc=41.94% best=41.97% lr=0.00044806337 time=14.0s est_300=1h 08m 06s
[ALG:CvT-13][065/300] loss=19.2242 ce=2.0683 guidance=6.8624 beta=2.50 train_acc=51.56% test_acc=40.63% best=41.97% lr=0.00044646413 time=14.1s est_300=1h 08m 08s
[ALG:CvT-13][066/300] loss=19.1067 ce=2.0022 guidance=6.8418 beta=2.50 train_acc=52.26% test_acc=40.97% best=41.97% lr=0.00044484363 time=14.0s est_300=1h 08m 10s
[ALG:CvT-13][067/300] loss=19.1290 ce=1.9810 guidance=6.8592 beta=2.50 train_acc=52.33% test_acc=41.70% best=41.97% lr=0.00044320203 time=13.5s est_300=1h 08m 09s
[ALG:CvT-13][068/300] loss=19.0029 ce=2.0016 guidance=6.8005 beta=2.50 train_acc=52.04% test_acc=41.32% best=41.97% lr=0.00044153952 time=13.8s est_300=1h 08m 10s
[ALG:CvT-13][069/300] loss=18.8806 ce=2.0005 guidance=6.7521 beta=2.50 train_acc=52.92% test_acc=40.90% best=41.97% lr=0.00043985628 time=13.6s est_300=1h 08m 10s
[ALG:CvT-13][070/300] loss=18.9144 ce=1.9992 guidance=6.7661 beta=2.50 train_acc=52.82% test_acc=42.32% best=42.32% lr=0.00043815249 time=13.7s est_300=1h 08m 10s
[ALG:CvT-13][071/300] loss=18.6460 ce=1.9286 guidance=6.6870 beta=2.50 train_acc=54.40% test_acc=42.44% best=42.44% lr=0.00043642834 time=13.5s est_300=1h 08m 10s
[ALG:CvT-13][072/300] loss=18.6781 ce=1.9412 guidance=6.6947 beta=2.50 train_acc=54.18% test_acc=42.15% best=42.44% lr=0.00043468403 time=13.1s est_300=1h 08m 07s
[ALG:CvT-13][073/300] loss=18.6020 ce=1.8851 guidance=6.6867 beta=2.50 train_acc=54.09% test_acc=42.56% best=42.56% lr=0.00043291974 time=13.0s est_300=1h 08m 05s
[ALG:CvT-13][074/300] loss=18.5834 ce=1.8661 guidance=6.6869 beta=2.50 train_acc=55.26% test_acc=41.06% best=42.56% lr=0.00043113566 time=13.9s est_300=1h 08m 06s
[ALG:CvT-13][075/300] loss=18.5944 ce=1.8584 guidance=6.6944 beta=2.50 train_acc=56.40% test_acc=42.58% best=42.58% lr=0.00042933199 time=13.7s est_300=1h 08m 06s
[ALG:CvT-13][076/300] loss=18.4104 ce=1.8154 guidance=6.6380 beta=2.50 train_acc=57.30% test_acc=41.13% best=42.58% lr=0.00042750893 time=13.8s est_300=1h 08m 07s
[ALG:CvT-13][077/300] loss=18.4150 ce=1.8273 guidance=6.6351 beta=2.50 train_acc=55.93% test_acc=41.16% best=42.58% lr=0.00042566668 time=14.2s est_300=1h 08m 09s
[ALG:CvT-13][078/300] loss=18.3901 ce=1.8309 guidance=6.6237 beta=2.50 train_acc=56.11% test_acc=40.73% best=42.58% lr=0.00042380544 time=14.3s est_300=1h 08m 11s
[ALG:CvT-13][079/300] loss=18.3166 ce=1.8814 guidance=6.5741 beta=2.50 train_acc=55.96% test_acc=40.97% best=42.58% lr=0.00042192541 time=14.0s est_300=1h 08m 13s
[ALG:CvT-13][080/300] loss=18.3507 ce=1.7947 guidance=6.6224 beta=2.50 train_acc=57.68% test_acc=42.25% best=42.58% lr=0.0004200268 time=13.8s est_300=1h 08m 13s
[ALG:CvT-13][081/300] loss=18.2900 ce=1.7670 guidance=6.6092 beta=2.50 train_acc=57.49% test_acc=41.78% best=42.58% lr=0.00041810983 time=14.1s est_300=1h 08m 15s
[ALG:CvT-13][082/300] loss=18.2121 ce=1.7842 guidance=6.5712 beta=2.50 train_acc=57.69% test_acc=42.20% best=42.58% lr=0.00041617469 time=14.0s est_300=1h 08m 16s
[ALG:CvT-13][083/300] loss=18.0527 ce=1.7752 guidance=6.5110 beta=2.50 train_acc=58.10% test_acc=42.39% best=42.58% lr=0.0004142216 time=13.9s est_300=1h 08m 17s
[ALG:CvT-13][084/300] loss=17.9634 ce=1.7228 guidance=6.4962 beta=2.50 train_acc=58.98% test_acc=41.72% best=42.58% lr=0.00041225078 time=12.7s est_300=1h 08m 14s
[ALG:CvT-13][085/300] loss=18.0359 ce=1.7584 guidance=6.5110 beta=2.50 train_acc=58.44% test_acc=40.35% best=42.58% lr=0.00041026244 time=12.6s est_300=1h 08m 10s
[ALG:CvT-13][086/300] loss=18.0239 ce=1.7061 guidance=6.5271 beta=2.50 train_acc=59.15% test_acc=41.72% best=42.58% lr=0.0004082568 time=13.9s est_300=1h 08m 11s
[ALG:CvT-13][087/300] loss=17.9136 ce=1.6738 guidance=6.4960 beta=2.50 train_acc=59.99% test_acc=41.77% best=42.58% lr=0.00040623408 time=13.7s est_300=1h 08m 11s
[ALG:CvT-13][088/300] loss=17.8835 ce=1.6303 guidance=6.5013 beta=2.50 train_acc=60.92% test_acc=41.04% best=42.58% lr=0.0004041945 time=14.1s est_300=1h 08m 13s
[ALG:CvT-13][089/300] loss=17.9119 ce=1.6559 guidance=6.5024 beta=2.50 train_acc=60.94% test_acc=42.68% best=42.68% lr=0.00040213828 time=14.1s est_300=1h 08m 14s
[ALG:CvT-13][090/300] loss=17.8457 ce=1.6714 guidance=6.4697 beta=2.50 train_acc=60.68% test_acc=43.03% best=43.03% lr=0.00040006566 time=13.7s est_300=1h 08m 15s
[ALG:CvT-13][091/300] loss=17.7474 ce=1.6387 guidance=6.4435 beta=2.50 train_acc=60.43% test_acc=41.61% best=43.03% lr=0.00039797685 time=13.8s est_300=1h 08m 15s
[ALG:CvT-13][092/300] loss=17.5990 ce=1.5772 guidance=6.4087 beta=2.50 train_acc=62.06% test_acc=42.22% best=43.03% lr=0.00039587209 time=13.8s est_300=1h 08m 15s
[ALG:CvT-13][093/300] loss=17.7059 ce=1.5731 guidance=6.4531 beta=2.50 train_acc=62.75% test_acc=42.68% best=43.03% lr=0.00039375161 time=13.2s est_300=1h 08m 14s
[ALG:CvT-13][094/300] loss=17.6393 ce=1.5948 guidance=6.4178 beta=2.50 train_acc=62.21% test_acc=41.49% best=43.03% lr=0.00039161564 time=13.9s est_300=1h 08m 15s
[ALG:CvT-13][095/300] loss=17.5257 ce=1.5756 guidance=6.3800 beta=2.50 train_acc=63.16% test_acc=41.49% best=43.03% lr=0.00038946441 time=13.6s est_300=1h 08m 15s
[ALG:CvT-13][096/300] loss=17.3989 ce=1.5440 guidance=6.3419 beta=2.50 train_acc=63.45% test_acc=41.65% best=43.03% lr=0.00038729816 time=13.6s est_300=1h 08m 15s
[ALG:CvT-13][097/300] loss=17.4640 ce=1.5337 guidance=6.3721 beta=2.50 train_acc=63.64% test_acc=41.94% best=43.03% lr=0.00038511713 time=13.6s est_300=1h 08m 14s
[ALG:CvT-13][098/300] loss=17.4792 ce=1.5230 guidance=6.3825 beta=2.50 train_acc=63.60% test_acc=42.39% best=43.03% lr=0.00038292156 time=14.0s est_300=1h 08m 15s
[ALG:CvT-13][099/300] loss=17.3775 ce=1.5362 guidance=6.3366 beta=2.50 train_acc=63.47% test_acc=42.49% best=43.03% lr=0.00038071168 time=14.4s est_300=1h 08m 18s
[ALG:CvT-13][100/300] loss=17.4098 ce=1.5339 guidance=6.3504 beta=2.50 train_acc=64.16% test_acc=41.40% best=43.03% lr=0.00037848775 time=14.3s est_300=1h 08m 20s
[ALG:CvT-13][101/300] loss=17.3941 ce=1.5134 guidance=6.3523 beta=2.50 train_acc=63.43% test_acc=41.72% best=43.03% lr=0.00037625 time=14.2s est_300=1h 08m 21s
[ALG:CvT-13][102/300] loss=17.2662 ce=1.5264 guidance=6.2959 beta=2.50 train_acc=63.47% test_acc=40.61% best=43.03% lr=0.00037399868 time=13.7s est_300=1h 08m 21s
[ALG:CvT-13][103/300] loss=17.2106 ce=1.5106 guidance=6.2800 beta=2.50 train_acc=64.16% test_acc=42.56% best=43.03% lr=0.00037173403 time=14.2s est_300=1h 08m 23s
[ALG:CvT-13][104/300] loss=17.1618 ce=1.4518 guidance=6.2840 beta=2.50 train_acc=65.01% test_acc=40.82% best=43.03% lr=0.00036945631 time=14.2s est_300=1h 08m 24s
[ALG:CvT-13][105/300] loss=17.1772 ce=1.4715 guidance=6.2823 beta=2.50 train_acc=65.06% test_acc=41.84% best=43.03% lr=0.00036716577 time=14.2s est_300=1h 08m 26s
[ALG:CvT-13][106/300] loss=17.1804 ce=1.4709 guidance=6.2838 beta=2.50 train_acc=64.35% test_acc=41.72% best=43.03% lr=0.00036486265 time=13.6s est_300=1h 08m 25s
[ALG:CvT-13][107/300] loss=17.0551 ce=1.4562 guidance=6.2396 beta=2.50 train_acc=64.95% test_acc=40.68% best=43.03% lr=0.00036254721 time=13.8s est_300=1h 08m 26s
[ALG:CvT-13][108/300] loss=17.1612 ce=1.4508 guidance=6.2842 beta=2.50 train_acc=65.51% test_acc=41.54% best=43.03% lr=0.0003602197 time=13.6s est_300=1h 08m 25s
[ALG:CvT-13][109/300] loss=17.0139 ce=1.4541 guidance=6.2239 beta=2.50 train_acc=65.91% test_acc=42.46% best=43.03% lr=0.00035788037 time=13.9s est_300=1h 08m 26s
[ALG:CvT-13][110/300] loss=17.0316 ce=1.4468 guidance=6.2340 beta=2.50 train_acc=65.40% test_acc=43.15% best=43.15% lr=0.0003555295 time=13.8s est_300=1h 08m 26s
[ALG:CvT-13][111/300] loss=17.0725 ce=1.4165 guidance=6.2624 beta=2.50 train_acc=65.34% test_acc=41.13% best=43.15% lr=0.00035316732 time=13.9s est_300=1h 08m 27s
[ALG:CvT-13][112/300] loss=16.9365 ce=1.4417 guidance=6.1979 beta=2.50 train_acc=65.79% test_acc=40.85% best=43.15% lr=0.0003507941 time=13.9s est_300=1h 08m 27s
[ALG:CvT-13][113/300] loss=16.6973 ce=1.3972 guidance=6.1201 beta=2.50 train_acc=66.92% test_acc=40.94% best=43.15% lr=0.00034841011 time=13.7s est_300=1h 08m 27s
[ALG:CvT-13][114/300] loss=16.8935 ce=1.4108 guidance=6.1931 beta=2.50 train_acc=66.15% test_acc=40.78% best=43.15% lr=0.00034601559 time=12.8s est_300=1h 08m 25s
[ALG:CvT-13][115/300] loss=16.7920 ce=1.3895 guidance=6.1610 beta=2.50 train_acc=66.83% test_acc=41.53% best=43.15% lr=0.00034361083 time=13.5s est_300=1h 08m 24s
[ALG:CvT-13][116/300] loss=16.7685 ce=1.4053 guidance=6.1453 beta=2.50 train_acc=66.10% test_acc=42.01% best=43.15% lr=0.00034119607 time=13.8s est_300=1h 08m 24s
[ALG:CvT-13][117/300] loss=16.7675 ce=1.4146 guidance=6.1412 beta=2.50 train_acc=65.98% test_acc=42.34% best=43.15% lr=0.00033877158 time=13.8s est_300=1h 08m 25s
[ALG:CvT-13][118/300] loss=16.6919 ce=1.3836 guidance=6.1233 beta=2.50 train_acc=66.83% test_acc=41.40% best=43.15% lr=0.00033633764 time=13.4s est_300=1h 08m 24s
[ALG:CvT-13][119/300] loss=16.6397 ce=1.3351 guidance=6.1218 beta=2.50 train_acc=68.29% test_acc=41.99% best=43.15% lr=0.0003338945 time=13.3s est_300=1h 08m 23s
[ALG:CvT-13][120/300] loss=16.6485 ce=1.3292 guidance=6.1277 beta=2.50 train_acc=67.93% test_acc=41.34% best=43.15% lr=0.00033144243 time=13.3s est_300=1h 08m 22s
[ALG:CvT-13][121/300] loss=16.5106 ce=1.3066 guidance=6.0816 beta=2.50 train_acc=69.14% test_acc=41.47% best=43.15% lr=0.00032898171 time=12.6s est_300=1h 08m 19s
[ALG:CvT-13][122/300] loss=16.7030 ce=1.3233 guidance=6.1519 beta=2.50 train_acc=68.34% test_acc=41.46% best=43.15% lr=0.0003265126 time=13.6s est_300=1h 08m 19s
[ALG:CvT-13][123/300] loss=16.5671 ce=1.3237 guidance=6.0973 beta=2.50 train_acc=69.00% test_acc=40.68% best=43.15% lr=0.00032403537 time=12.6s est_300=1h 08m 17s
[ALG:CvT-13][124/300] loss=16.5622 ce=1.3002 guidance=6.1048 beta=2.50 train_acc=69.26% test_acc=41.72% best=43.15% lr=0.0003215503 time=12.8s est_300=1h 08m 15s
[ALG:CvT-13][125/300] loss=16.4583 ce=1.3374 guidance=6.0484 beta=2.50 train_acc=68.09% test_acc=41.97% best=43.15% lr=0.00031905766 time=13.0s est_300=1h 08m 13s
[ALG:CvT-13][126/300] loss=16.4374 ce=1.2747 guidance=6.0651 beta=2.50 train_acc=69.67% test_acc=41.77% best=43.15% lr=0.00031655771 time=12.6s est_300=1h 08m 11s
[ALG:CvT-13][127/300] loss=16.4321 ce=1.2525 guidance=6.0719 beta=2.50 train_acc=68.94% test_acc=41.73% best=43.15% lr=0.00031405075 time=14.0s est_300=1h 08m 11s
[ALG:CvT-13][128/300] loss=16.2827 ce=1.2218 guidance=6.0244 beta=2.50 train_acc=70.55% test_acc=42.13% best=43.15% lr=0.00031153703 time=13.8s est_300=1h 08m 12s
[ALG:CvT-13][129/300] loss=16.4673 ce=1.2355 guidance=6.0927 beta=2.50 train_acc=70.89% test_acc=41.16% best=43.15% lr=0.00030901684 time=13.6s est_300=1h 08m 12s
[ALG:CvT-13][130/300] loss=1.3242 ce=1.3242 guidance=0.0000 beta=0.00 train_acc=68.19% test_acc=41.42% best=43.15% lr=0.00030649045 time=13.6s est_300=1h 08m 12s
[ALG:CvT-13][131/300] loss=1.2619 ce=1.2619 guidance=0.0000 beta=0.00 train_acc=70.18% test_acc=42.22% best=43.15% lr=0.00030395814 time=13.3s est_300=1h 08m 11s
[ALG:CvT-13][132/300] loss=1.2672 ce=1.2672 guidance=0.0000 beta=0.00 train_acc=69.40% test_acc=42.15% best=43.15% lr=0.00030142019 time=13.7s est_300=1h 08m 11s
[ALG:CvT-13][133/300] loss=1.2389 ce=1.2389 guidance=0.0000 beta=0.00 train_acc=70.36% test_acc=42.34% best=43.15% lr=0.00029887688 time=13.6s est_300=1h 08m 11s
[ALG:CvT-13][134/300] loss=1.1738 ce=1.1738 guidance=0.0000 beta=0.00 train_acc=71.64% test_acc=41.09% best=43.15% lr=0.00029632847 time=13.5s est_300=1h 08m 11s
[ALG:CvT-13][135/300] loss=1.2060 ce=1.2060 guidance=0.0000 beta=0.00 train_acc=71.69% test_acc=41.78% best=43.15% lr=0.00029377526 time=13.2s est_300=1h 08m 10s
[ALG:CvT-13][136/300] loss=1.1747 ce=1.1747 guidance=0.0000 beta=0.00 train_acc=72.01% test_acc=41.58% best=43.15% lr=0.00029121753 time=14.0s est_300=1h 08m 10s
[ALG:CvT-13][137/300] loss=1.1964 ce=1.1964 guidance=0.0000 beta=0.00 train_acc=70.97% test_acc=42.89% best=43.15% lr=0.00028865555 time=13.6s est_300=1h 08m 10s
[ALG:CvT-13][138/300] loss=1.1686 ce=1.1686 guidance=0.0000 beta=0.00 train_acc=72.18% test_acc=43.30% best=43.30% lr=0.0002860896 time=13.6s est_300=1h 08m 10s
[ALG:CvT-13][139/300] loss=1.0965 ce=1.0965 guidance=0.0000 beta=0.00 train_acc=73.56% test_acc=43.91% best=43.91% lr=0.00028351998 time=13.6s est_300=1h 08m 10s
[ALG:CvT-13][140/300] loss=1.1683 ce=1.1683 guidance=0.0000 beta=0.00 train_acc=72.33% test_acc=42.79% best=43.91% lr=0.00028094694 time=13.7s est_300=1h 08m 10s
[ALG:CvT-13][141/300] loss=1.1029 ce=1.1029 guidance=0.0000 beta=0.00 train_acc=73.05% test_acc=43.13% best=43.91% lr=0.00027837079 time=13.6s est_300=1h 08m 10s
[ALG:CvT-13][142/300] loss=1.0995 ce=1.0995 guidance=0.0000 beta=0.00 train_acc=73.69% test_acc=43.18% best=43.91% lr=0.00027579181 time=13.7s est_300=1h 08m 10s
[ALG:CvT-13][143/300] loss=1.0481 ce=1.0481 guidance=0.0000 beta=0.00 train_acc=74.85% test_acc=42.58% best=43.91% lr=0.00027321027 time=13.4s est_300=1h 08m 10s
[ALG:CvT-13][144/300] loss=1.0823 ce=1.0823 guidance=0.0000 beta=0.00 train_acc=74.63% test_acc=43.18% best=43.91% lr=0.00027062645 time=13.8s est_300=1h 08m 10s
[ALG:CvT-13][145/300] loss=1.0896 ce=1.0896 guidance=0.0000 beta=0.00 train_acc=73.61% test_acc=42.53% best=43.91% lr=0.00026804065 time=12.4s est_300=1h 08m 08s
[ALG:CvT-13][146/300] loss=1.0784 ce=1.0784 guidance=0.0000 beta=0.00 train_acc=74.42% test_acc=42.16% best=43.91% lr=0.00026545315 time=13.1s est_300=1h 08m 07s
[ALG:CvT-13][147/300] loss=1.0304 ce=1.0304 guidance=0.0000 beta=0.00 train_acc=74.90% test_acc=42.35% best=43.91% lr=0.00026286422 time=13.2s est_300=1h 08m 06s
[ALG:CvT-13][148/300] loss=1.0448 ce=1.0448 guidance=0.0000 beta=0.00 train_acc=74.85% test_acc=43.04% best=43.91% lr=0.00026027416 time=12.7s est_300=1h 08m 04s
[ALG:CvT-13][149/300] loss=1.0256 ce=1.0256 guidance=0.0000 beta=0.00 train_acc=75.44% test_acc=41.68% best=43.91% lr=0.00025768325 time=12.8s est_300=1h 08m 02s
[ALG:CvT-13][150/300] loss=1.0136 ce=1.0136 guidance=0.0000 beta=0.00 train_acc=75.71% test_acc=43.58% best=43.91% lr=0.00025509177 time=13.2s est_300=1h 08m 01s
[ALG:CvT-13][151/300] loss=1.0165 ce=1.0165 guidance=0.0000 beta=0.00 train_acc=75.44% test_acc=42.37% best=43.91% lr=0.0002525 time=13.2s est_300=1h 08m 00s
[ALG:CvT-13][152/300] loss=1.0074 ce=1.0074 guidance=0.0000 beta=0.00 train_acc=75.66% test_acc=43.13% best=43.91% lr=0.00024990823 time=14.0s est_300=1h 08m 01s
[ALG:CvT-13][153/300] loss=1.0399 ce=1.0399 guidance=0.0000 beta=0.00 train_acc=75.05% test_acc=42.92% best=43.91% lr=0.00024731675 time=13.7s est_300=1h 08m 01s
[ALG:CvT-13][154/300] loss=0.9690 ce=0.9690 guidance=0.0000 beta=0.00 train_acc=76.61% test_acc=43.91% best=43.91% lr=0.00024472584 time=14.1s est_300=1h 08m 02s
[ALG:CvT-13][155/300] loss=0.9619 ce=0.9619 guidance=0.0000 beta=0.00 train_acc=76.31% test_acc=43.22% best=43.91% lr=0.00024213578 time=14.1s est_300=1h 08m 03s
[ALG:CvT-13][156/300] loss=0.9987 ce=0.9987 guidance=0.0000 beta=0.00 train_acc=75.36% test_acc=43.89% best=43.91% lr=0.00023954685 time=13.2s est_300=1h 08m 03s
[ALG:CvT-13][157/300] loss=0.9570 ce=0.9570 guidance=0.0000 beta=0.00 train_acc=77.02% test_acc=43.27% best=43.91% lr=0.00023695935 time=13.8s est_300=1h 08m 03s
[ALG:CvT-13][158/300] loss=0.9888 ce=0.9888 guidance=0.0000 beta=0.00 train_acc=76.07% test_acc=42.58% best=43.91% lr=0.00023437355 time=13.4s est_300=1h 08m 02s
[ALG:CvT-13][159/300] loss=0.9421 ce=0.9421 guidance=0.0000 beta=0.00 train_acc=77.07% test_acc=41.66% best=43.91% lr=0.00023178973 time=13.4s est_300=1h 08m 02s
[ALG:CvT-13][160/300] loss=0.9526 ce=0.9526 guidance=0.0000 beta=0.00 train_acc=77.11% test_acc=44.17% best=44.17% lr=0.00022920819 time=12.5s est_300=1h 08m 00s
[ALG:CvT-13][161/300] loss=0.9032 ce=0.9032 guidance=0.0000 beta=0.00 train_acc=78.21% test_acc=42.51% best=44.17% lr=0.00022662921 time=13.3s est_300=1h 08m 00s
[ALG:CvT-13][162/300] loss=0.9347 ce=0.9347 guidance=0.0000 beta=0.00 train_acc=77.00% test_acc=42.89% best=44.17% lr=0.00022405306 time=13.4s est_300=1h 07m 59s
[ALG:CvT-13][163/300] loss=0.9468 ce=0.9468 guidance=0.0000 beta=0.00 train_acc=77.22% test_acc=43.17% best=44.17% lr=0.00022148002 time=13.4s est_300=1h 07m 59s
[ALG:CvT-13][164/300] loss=0.8957 ce=0.8957 guidance=0.0000 beta=0.00 train_acc=78.21% test_acc=43.29% best=44.17% lr=0.0002189104 time=12.3s est_300=1h 07m 57s
[ALG:CvT-13][165/300] loss=0.9368 ce=0.9368 guidance=0.0000 beta=0.00 train_acc=77.55% test_acc=43.06% best=44.17% lr=0.00021634445 time=13.8s est_300=1h 07m 57s
[ALG:CvT-13][166/300] loss=0.9256 ce=0.9256 guidance=0.0000 beta=0.00 train_acc=77.56% test_acc=44.25% best=44.25% lr=0.00021378247 time=13.2s est_300=1h 07m 56s
[ALG:CvT-13][167/300] loss=0.9349 ce=0.9349 guidance=0.0000 beta=0.00 train_acc=76.95% test_acc=44.67% best=44.67% lr=0.00021122474 time=12.7s est_300=1h 07m 55s
[ALG:CvT-13][168/300] loss=0.9327 ce=0.9327 guidance=0.0000 beta=0.00 train_acc=77.63% test_acc=43.73% best=44.67% lr=0.00020867153 time=14.3s est_300=1h 07m 56s
[ALG:CvT-13][169/300] loss=0.9042 ce=0.9042 guidance=0.0000 beta=0.00 train_acc=78.41% test_acc=43.96% best=44.67% lr=0.00020612312 time=13.1s est_300=1h 07m 55s
[ALG:CvT-13][170/300] loss=0.9314 ce=0.9314 guidance=0.0000 beta=0.00 train_acc=77.72% test_acc=43.60% best=44.67% lr=0.00020357981 time=13.2s est_300=1h 07m 54s
[ALG:CvT-13][171/300] loss=0.8783 ce=0.8783 guidance=0.0000 beta=0.00 train_acc=79.43% test_acc=43.03% best=44.67% lr=0.00020104186 time=13.1s est_300=1h 07m 54s
[ALG:CvT-13][172/300] loss=0.8862 ce=0.8862 guidance=0.0000 beta=0.00 train_acc=78.60% test_acc=43.36% best=44.67% lr=0.00019850955 time=13.1s est_300=1h 07m 53s
[ALG:CvT-13][173/300] loss=0.8638 ce=0.8638 guidance=0.0000 beta=0.00 train_acc=78.62% test_acc=45.18% best=45.18% lr=0.00019598316 time=13.8s est_300=1h 07m 53s
[ALG:CvT-13][174/300] loss=0.8864 ce=0.8864 guidance=0.0000 beta=0.00 train_acc=78.43% test_acc=44.03% best=45.18% lr=0.00019346297 time=13.0s est_300=1h 07m 52s
[ALG:CvT-13][175/300] loss=0.8120 ce=0.8120 guidance=0.0000 beta=0.00 train_acc=80.26% test_acc=42.61% best=45.18% lr=0.00019094925 time=12.5s est_300=1h 07m 50s
[ALG:CvT-13][176/300] loss=0.8687 ce=0.8687 guidance=0.0000 beta=0.00 train_acc=79.55% test_acc=43.82% best=45.18% lr=0.00018844229 time=13.5s est_300=1h 07m 50s
[ALG:CvT-13][177/300] loss=0.8306 ce=0.8306 guidance=0.0000 beta=0.00 train_acc=79.70% test_acc=43.84% best=45.18% lr=0.00018594234 time=13.5s est_300=1h 07m 50s
[ALG:CvT-13][178/300] loss=0.8142 ce=0.8142 guidance=0.0000 beta=0.00 train_acc=80.35% test_acc=44.55% best=45.18% lr=0.0001834497 time=13.4s est_300=1h 07m 50s
[ALG:CvT-13][179/300] loss=0.7969 ce=0.7969 guidance=0.0000 beta=0.00 train_acc=80.76% test_acc=44.77% best=45.18% lr=0.00018096463 time=13.6s est_300=1h 07m 50s
[ALG:CvT-13][180/300] loss=0.7849 ce=0.7849 guidance=0.0000 beta=0.00 train_acc=80.91% test_acc=42.42% best=45.18% lr=0.0001784874 time=13.7s est_300=1h 07m 50s
[ALG:CvT-13][181/300] loss=0.8493 ce=0.8493 guidance=0.0000 beta=0.00 train_acc=79.47% test_acc=44.79% best=45.18% lr=0.00017601829 time=13.6s est_300=1h 07m 50s
[ALG:CvT-13][182/300] loss=0.8123 ce=0.8123 guidance=0.0000 beta=0.00 train_acc=80.43% test_acc=44.18% best=45.18% lr=0.00017355757 time=13.4s est_300=1h 07m 50s
[ALG:CvT-13][183/300] loss=0.8000 ce=0.8000 guidance=0.0000 beta=0.00 train_acc=80.81% test_acc=44.58% best=45.18% lr=0.0001711055 time=13.7s est_300=1h 07m 50s
[ALG:CvT-13][184/300] loss=0.8089 ce=0.8089 guidance=0.0000 beta=0.00 train_acc=80.66% test_acc=44.48% best=45.18% lr=0.00016866236 time=13.2s est_300=1h 07m 49s
[ALG:CvT-13][185/300] loss=0.7805 ce=0.7805 guidance=0.0000 beta=0.00 train_acc=81.22% test_acc=44.37% best=45.18% lr=0.00016622842 time=13.7s est_300=1h 07m 49s
[ALG:CvT-13][186/300] loss=0.7956 ce=0.7956 guidance=0.0000 beta=0.00 train_acc=80.52% test_acc=45.93% best=45.93% lr=0.00016380393 time=13.3s est_300=1h 07m 49s
[ALG:CvT-13][187/300] loss=0.7670 ce=0.7670 guidance=0.0000 beta=0.00 train_acc=81.78% test_acc=44.70% best=45.93% lr=0.00016138917 time=13.8s est_300=1h 07m 49s
[ALG:CvT-13][188/300] loss=0.7753 ce=0.7753 guidance=0.0000 beta=0.00 train_acc=81.27% test_acc=43.84% best=45.93% lr=0.00015898441 time=13.2s est_300=1h 07m 49s
[ALG:CvT-13][189/300] loss=0.7627 ce=0.7627 guidance=0.0000 beta=0.00 train_acc=81.74% test_acc=44.27% best=45.93% lr=0.00015658989 time=12.4s est_300=1h 07m 47s
[ALG:CvT-13][190/300] loss=0.7608 ce=0.7608 guidance=0.0000 beta=0.00 train_acc=82.20% test_acc=43.61% best=45.93% lr=0.0001542059 time=13.5s est_300=1h 07m 47s
[ALG:CvT-13][191/300] loss=0.7489 ce=0.7489 guidance=0.0000 beta=0.00 train_acc=82.08% test_acc=43.41% best=45.93% lr=0.00015183268 time=13.7s est_300=1h 07m 47s
[ALG:CvT-13][192/300] loss=0.7076 ce=0.7076 guidance=0.0000 beta=0.00 train_acc=83.02% test_acc=44.86% best=45.93% lr=0.0001494705 time=13.8s est_300=1h 07m 47s
[ALG:CvT-13][193/300] loss=0.7285 ce=0.7285 guidance=0.0000 beta=0.00 train_acc=82.42% test_acc=44.94% best=45.93% lr=0.00014711963 time=13.8s est_300=1h 07m 48s
[ALG:CvT-13][194/300] loss=0.7276 ce=0.7276 guidance=0.0000 beta=0.00 train_acc=82.32% test_acc=44.25% best=45.93% lr=0.0001447803 time=13.3s est_300=1h 07m 47s
[ALG:CvT-13][195/300] loss=0.7378 ce=0.7378 guidance=0.0000 beta=0.00 train_acc=82.29% test_acc=43.98% best=45.93% lr=0.00014245279 time=13.7s est_300=1h 07m 48s
[ALG:CvT-13][196/300] loss=0.7206 ce=0.7206 guidance=0.0000 beta=0.00 train_acc=82.34% test_acc=44.32% best=45.93% lr=0.00014013735 time=13.4s est_300=1h 07m 47s
[ALG:CvT-13][197/300] loss=0.6670 ce=0.6670 guidance=0.0000 beta=0.00 train_acc=83.70% test_acc=43.72% best=45.93% lr=0.00013783423 time=12.8s est_300=1h 07m 46s
[ALG:CvT-13][198/300] loss=0.7089 ce=0.7089 guidance=0.0000 beta=0.00 train_acc=82.86% test_acc=43.46% best=45.93% lr=0.00013554369 time=12.0s est_300=1h 07m 44s
[ALG:CvT-13][199/300] loss=0.7070 ce=0.7070 guidance=0.0000 beta=0.00 train_acc=82.74% test_acc=43.58% best=45.93% lr=0.00013326597 time=13.4s est_300=1h 07m 44s
[ALG:CvT-13][200/300] loss=0.7268 ce=0.7268 guidance=0.0000 beta=0.00 train_acc=82.66% test_acc=44.32% best=45.93% lr=0.00013100132 time=13.7s est_300=1h 07m 44s
[ALG:CvT-13][201/300] loss=0.6924 ce=0.6924 guidance=0.0000 beta=0.00 train_acc=83.49% test_acc=44.68% best=45.93% lr=0.00012875 time=13.4s est_300=1h 07m 44s
[ALG:CvT-13][202/300] loss=0.7054 ce=0.7054 guidance=0.0000 beta=0.00 train_acc=82.83% test_acc=44.91% best=45.93% lr=0.00012651225 time=12.9s est_300=1h 07m 43s
[ALG:CvT-13][203/300] loss=0.6653 ce=0.6653 guidance=0.0000 beta=0.00 train_acc=83.87% test_acc=44.70% best=45.93% lr=0.00012428832 time=12.5s est_300=1h 07m 41s
[ALG:CvT-13][204/300] loss=0.6661 ce=0.6661 guidance=0.0000 beta=0.00 train_acc=84.12% test_acc=44.98% best=45.93% lr=0.00012207844 time=13.7s est_300=1h 07m 41s
[ALG:CvT-13][205/300] loss=0.6648 ce=0.6648 guidance=0.0000 beta=0.00 train_acc=83.95% test_acc=44.82% best=45.93% lr=0.00011988287 time=13.5s est_300=1h 07m 41s
[ALG:CvT-13][206/300] loss=0.6682 ce=0.6682 guidance=0.0000 beta=0.00 train_acc=84.15% test_acc=44.79% best=45.93% lr=0.00011770184 time=12.0s est_300=1h 07m 39s
[ALG:CvT-13][207/300] loss=0.6664 ce=0.6664 guidance=0.0000 beta=0.00 train_acc=84.00% test_acc=43.41% best=45.93% lr=0.00011553559 time=13.6s est_300=1h 07m 39s
[ALG:CvT-13][208/300] loss=0.6668 ce=0.6668 guidance=0.0000 beta=0.00 train_acc=83.46% test_acc=43.92% best=45.93% lr=0.00011338436 time=13.2s est_300=1h 07m 39s
[ALG:CvT-13][209/300] loss=0.6913 ce=0.6913 guidance=0.0000 beta=0.00 train_acc=83.32% test_acc=44.87% best=45.93% lr=0.00011124839 time=13.9s est_300=1h 07m 39s
[ALG:CvT-13][210/300] loss=0.6500 ce=0.6500 guidance=0.0000 beta=0.00 train_acc=84.51% test_acc=44.91% best=45.93% lr=0.00010912791 time=13.3s est_300=1h 07m 39s
[ALG:CvT-13][211/300] loss=0.6391 ce=0.6391 guidance=0.0000 beta=0.00 train_acc=84.68% test_acc=43.41% best=45.93% lr=0.00010702315 time=13.7s est_300=1h 07m 39s
[ALG:CvT-13][212/300] loss=0.6292 ce=0.6292 guidance=0.0000 beta=0.00 train_acc=84.68% test_acc=44.94% best=45.93% lr=0.00010493434 time=13.6s est_300=1h 07m 39s
[ALG:CvT-13][213/300] loss=0.6571 ce=0.6571 guidance=0.0000 beta=0.00 train_acc=84.24% test_acc=44.13% best=45.93% lr=0.00010286172 time=12.9s est_300=1h 07m 38s
[ALG:CvT-13][214/300] loss=0.6548 ce=0.6548 guidance=0.0000 beta=0.00 train_acc=84.04% test_acc=44.60% best=45.93% lr=0.0001008055 time=13.4s est_300=1h 07m 38s
[ALG:CvT-13][215/300] loss=0.6598 ce=0.6598 guidance=0.0000 beta=0.00 train_acc=83.75% test_acc=45.62% best=45.93% lr=9.8765924e-05 time=13.6s est_300=1h 07m 38s
[ALG:CvT-13][216/300] loss=0.6219 ce=0.6219 guidance=0.0000 beta=0.00 train_acc=85.43% test_acc=45.51% best=45.93% lr=9.6743203e-05 time=13.1s est_300=1h 07m 38s
[ALG:CvT-13][217/300] loss=0.6282 ce=0.6282 guidance=0.0000 beta=0.00 train_acc=84.68% test_acc=44.43% best=45.93% lr=9.4737563e-05 time=13.2s est_300=1h 07m 37s
[ALG:CvT-13][218/300] loss=0.6032 ce=0.6032 guidance=0.0000 beta=0.00 train_acc=85.33% test_acc=45.01% best=45.93% lr=9.2749222e-05 time=13.7s est_300=1h 07m 37s
[ALG:CvT-13][219/300] loss=0.6028 ce=0.6028 guidance=0.0000 beta=0.00 train_acc=86.02% test_acc=44.27% best=45.93% lr=9.0778401e-05 time=13.2s est_300=1h 07m 37s
[ALG:CvT-13][220/300] loss=0.5968 ce=0.5968 guidance=0.0000 beta=0.00 train_acc=86.31% test_acc=44.46% best=45.93% lr=8.8825313e-05 time=12.7s est_300=1h 07m 36s
[ALG:CvT-13][221/300] loss=0.5842 ce=0.5842 guidance=0.0000 beta=0.00 train_acc=86.01% test_acc=45.44% best=45.93% lr=8.6890175e-05 time=12.1s est_300=1h 07m 34s
[ALG:CvT-13][222/300] loss=0.5722 ce=0.5722 guidance=0.0000 beta=0.00 train_acc=86.68% test_acc=44.20% best=45.93% lr=8.4973198e-05 time=13.6s est_300=1h 07m 34s
[ALG:CvT-13][223/300] loss=0.5928 ce=0.5928 guidance=0.0000 beta=0.00 train_acc=86.07% test_acc=45.34% best=45.93% lr=8.3074591e-05 time=14.5s est_300=1h 07m 35s
[ALG:CvT-13][224/300] loss=0.5876 ce=0.5876 guidance=0.0000 beta=0.00 train_acc=85.97% test_acc=46.20% best=46.20% lr=8.1194564e-05 time=14.4s est_300=1h 07m 36s
[ALG:CvT-13][225/300] loss=0.5830 ce=0.5830 guidance=0.0000 beta=0.00 train_acc=85.89% test_acc=45.91% best=46.20% lr=7.9333323e-05 time=13.7s est_300=1h 07m 37s
[ALG:CvT-13][226/300] loss=0.5554 ce=0.5554 guidance=0.0000 beta=0.00 train_acc=86.53% test_acc=45.13% best=46.20% lr=7.7491072e-05 time=13.3s est_300=1h 07m 36s
[ALG:CvT-13][227/300] loss=0.5596 ce=0.5596 guidance=0.0000 beta=0.00 train_acc=86.62% test_acc=44.82% best=46.20% lr=7.5668012e-05 time=13.6s est_300=1h 07m 36s
[ALG:CvT-13][228/300] loss=0.5510 ce=0.5510 guidance=0.0000 beta=0.00 train_acc=86.58% test_acc=44.80% best=46.20% lr=7.3864344e-05 time=13.6s est_300=1h 07m 36s
[ALG:CvT-13][229/300] loss=0.5849 ce=0.5849 guidance=0.0000 beta=0.00 train_acc=85.63% test_acc=44.87% best=46.20% lr=7.2080265e-05 time=13.0s est_300=1h 07m 36s
[ALG:CvT-13][230/300] loss=0.5855 ce=0.5855 guidance=0.0000 beta=0.00 train_acc=86.45% test_acc=44.77% best=46.20% lr=7.0315971e-05 time=13.8s est_300=1h 07m 36s
[ALG:CvT-13][231/300] loss=0.5628 ce=0.5628 guidance=0.0000 beta=0.00 train_acc=86.84% test_acc=44.87% best=46.20% lr=6.8571656e-05 time=13.3s est_300=1h 07m 36s
[ALG:CvT-13][232/300] loss=0.5901 ce=0.5901 guidance=0.0000 beta=0.00 train_acc=85.78% test_acc=45.15% best=46.20% lr=6.684751e-05 time=14.1s est_300=1h 07m 37s
[ALG:CvT-13][233/300] loss=0.5814 ce=0.5814 guidance=0.0000 beta=0.00 train_acc=86.18% test_acc=44.89% best=46.20% lr=6.5143724e-05 time=13.5s est_300=1h 07m 37s
[ALG:CvT-13][234/300] loss=0.5683 ce=0.5683 guidance=0.0000 beta=0.00 train_acc=86.28% test_acc=45.20% best=46.20% lr=6.3460483e-05 time=13.3s est_300=1h 07m 36s
[ALG:CvT-13][235/300] loss=0.5484 ce=0.5484 guidance=0.0000 beta=0.00 train_acc=87.30% test_acc=45.34% best=46.20% lr=6.1797972e-05 time=12.7s est_300=1h 07m 35s
[ALG:CvT-13][236/300] loss=0.5146 ce=0.5146 guidance=0.0000 beta=0.00 train_acc=87.08% test_acc=45.46% best=46.20% lr=6.0156375e-05 time=13.7s est_300=1h 07m 36s
[ALG:CvT-13][237/300] loss=0.5182 ce=0.5182 guidance=0.0000 beta=0.00 train_acc=87.52% test_acc=44.84% best=46.20% lr=5.8535869e-05 time=14.1s est_300=1h 07m 36s
[ALG:CvT-13][238/300] loss=0.5382 ce=0.5382 guidance=0.0000 beta=0.00 train_acc=87.11% test_acc=45.36% best=46.20% lr=5.6936634e-05 time=13.5s est_300=1h 07m 36s
[ALG:CvT-13][239/300] loss=0.5451 ce=0.5451 guidance=0.0000 beta=0.00 train_acc=86.85% test_acc=45.13% best=46.20% lr=5.5358845e-05 time=12.7s est_300=1h 07m 35s
[ALG:CvT-13][240/300] loss=0.5248 ce=0.5248 guidance=0.0000 beta=0.00 train_acc=87.18% test_acc=45.55% best=46.20% lr=5.3802675e-05 time=13.6s est_300=1h 07m 35s
[ALG:CvT-13][241/300] loss=0.5185 ce=0.5185 guidance=0.0000 beta=0.00 train_acc=87.35% test_acc=44.93% best=46.20% lr=5.2268294e-05 time=13.8s est_300=1h 07m 36s
[ALG:CvT-13][242/300] loss=0.5033 ce=0.5033 guidance=0.0000 beta=0.00 train_acc=87.53% test_acc=45.24% best=46.20% lr=5.0755871e-05 time=14.0s est_300=1h 07m 36s
[ALG:CvT-13][243/300] loss=0.4880 ce=0.4880 guidance=0.0000 beta=0.00 train_acc=88.16% test_acc=45.29% best=46.20% lr=4.9265571e-05 time=14.3s est_300=1h 07m 37s
[ALG:CvT-13][244/300] loss=0.5219 ce=0.5219 guidance=0.0000 beta=0.00 train_acc=87.65% test_acc=45.43% best=46.20% lr=4.7797558e-05 time=13.8s est_300=1h 07m 38s
[ALG:CvT-13][245/300] loss=0.5018 ce=0.5018 guidance=0.0000 beta=0.00 train_acc=87.79% test_acc=45.29% best=46.20% lr=4.6351993e-05 time=13.9s est_300=1h 07m 38s
[ALG:CvT-13][246/300] loss=0.4914 ce=0.4914 guidance=0.0000 beta=0.00 train_acc=87.99% test_acc=45.91% best=46.20% lr=4.4929034e-05 time=13.1s est_300=1h 07m 37s
[ALG:CvT-13][247/300] loss=0.4772 ce=0.4772 guidance=0.0000 beta=0.00 train_acc=88.74% test_acc=46.63% best=46.63% lr=4.3528838e-05 time=13.6s est_300=1h 07m 38s
[ALG:CvT-13][248/300] loss=0.5029 ce=0.5029 guidance=0.0000 beta=0.00 train_acc=88.32% test_acc=45.89% best=46.63% lr=4.2151558e-05 time=13.9s est_300=1h 07m 38s
[ALG:CvT-13][249/300] loss=0.4847 ce=0.4847 guidance=0.0000 beta=0.00 train_acc=88.33% test_acc=45.51% best=46.63% lr=4.0797346e-05 time=13.3s est_300=1h 07m 38s
[ALG:CvT-13][250/300] loss=0.4945 ce=0.4945 guidance=0.0000 beta=0.00 train_acc=87.98% test_acc=45.46% best=46.63% lr=3.9466348e-05 time=14.4s est_300=1h 07m 39s
[ALG:CvT-13][251/300] loss=0.4906 ce=0.4906 guidance=0.0000 beta=0.00 train_acc=88.33% test_acc=45.69% best=46.63% lr=3.8158713e-05 time=13.5s est_300=1h 07m 39s
[ALG:CvT-13][252/300] loss=0.4910 ce=0.4910 guidance=0.0000 beta=0.00 train_acc=88.55% test_acc=45.31% best=46.63% lr=3.6874582e-05 time=13.1s est_300=1h 07m 38s
[ALG:CvT-13][253/300] loss=0.4713 ce=0.4713 guidance=0.0000 beta=0.00 train_acc=88.60% test_acc=45.43% best=46.63% lr=3.5614097e-05 time=13.1s est_300=1h 07m 38s
[ALG:CvT-13][254/300] loss=0.4992 ce=0.4992 guidance=0.0000 beta=0.00 train_acc=87.84% test_acc=46.22% best=46.63% lr=3.4377396e-05 time=14.0s est_300=1h 07m 38s
[ALG:CvT-13][255/300] loss=0.4726 ce=0.4726 guidance=0.0000 beta=0.00 train_acc=88.65% test_acc=45.39% best=46.63% lr=3.3164614e-05 time=13.6s est_300=1h 07m 38s
[ALG:CvT-13][256/300] loss=0.4681 ce=0.4681 guidance=0.0000 beta=0.00 train_acc=89.03% test_acc=45.32% best=46.63% lr=3.1975885e-05 time=13.2s est_300=1h 07m 38s
[ALG:CvT-13][257/300] loss=0.4796 ce=0.4796 guidance=0.0000 beta=0.00 train_acc=88.45% test_acc=45.56% best=46.63% lr=3.0811339e-05 time=13.8s est_300=1h 07m 38s
[ALG:CvT-13][258/300] loss=0.4736 ce=0.4736 guidance=0.0000 beta=0.00 train_acc=88.55% test_acc=45.13% best=46.63% lr=2.9671104e-05 time=13.3s est_300=1h 07m 38s
[ALG:CvT-13][259/300] loss=0.4569 ce=0.4569 guidance=0.0000 beta=0.00 train_acc=89.11% test_acc=45.91% best=46.63% lr=2.8555305e-05 time=12.7s est_300=1h 07m 37s
[ALG:CvT-13][260/300] loss=0.4845 ce=0.4845 guidance=0.0000 beta=0.00 train_acc=88.69% test_acc=45.37% best=46.63% lr=2.7464063e-05 time=12.6s est_300=1h 07m 36s
[ALG:CvT-13][261/300] loss=0.4524 ce=0.4524 guidance=0.0000 beta=0.00 train_acc=89.01% test_acc=45.32% best=46.63% lr=2.6397499e-05 time=12.9s est_300=1h 07m 35s
[ALG:CvT-13][262/300] loss=0.4577 ce=0.4577 guidance=0.0000 beta=0.00 train_acc=88.88% test_acc=45.10% best=46.63% lr=2.535573e-05 time=13.0s est_300=1h 07m 35s
[ALG:CvT-13][263/300] loss=0.4471 ce=0.4471 guidance=0.0000 beta=0.00 train_acc=89.06% test_acc=45.32% best=46.63% lr=2.433887e-05 time=13.2s est_300=1h 07m 34s
[ALG:CvT-13][264/300] loss=0.4649 ce=0.4649 guidance=0.0000 beta=0.00 train_acc=88.42% test_acc=45.01% best=46.63% lr=2.334703e-05 time=13.1s est_300=1h 07m 34s
[ALG:CvT-13][265/300] loss=0.4398 ce=0.4398 guidance=0.0000 beta=0.00 train_acc=89.37% test_acc=45.67% best=46.63% lr=2.238032e-05 time=13.5s est_300=1h 07m 34s
[ALG:CvT-13][266/300] loss=0.4685 ce=0.4685 guidance=0.0000 beta=0.00 train_acc=88.67% test_acc=45.39% best=46.63% lr=2.1438844e-05 time=13.8s est_300=1h 07m 34s
[ALG:CvT-13][267/300] loss=0.4722 ce=0.4722 guidance=0.0000 beta=0.00 train_acc=88.84% test_acc=45.10% best=46.63% lr=2.0522708e-05 time=13.9s est_300=1h 07m 34s
[ALG:CvT-13][268/300] loss=0.4490 ce=0.4490 guidance=0.0000 beta=0.00 train_acc=89.44% test_acc=45.31% best=46.63% lr=1.963201e-05 time=13.8s est_300=1h 07m 35s
[ALG:CvT-13][269/300] loss=0.4411 ce=0.4411 guidance=0.0000 beta=0.00 train_acc=88.94% test_acc=45.10% best=46.63% lr=1.8766848e-05 time=12.9s est_300=1h 07m 34s
[ALG:CvT-13][270/300] loss=0.4402 ce=0.4402 guidance=0.0000 beta=0.00 train_acc=89.40% test_acc=45.24% best=46.63% lr=1.7927319e-05 time=12.1s est_300=1h 07m 33s
[ALG:CvT-13][271/300] loss=0.4432 ce=0.4432 guidance=0.0000 beta=0.00 train_acc=89.45% test_acc=45.60% best=46.63% lr=1.7113512e-05 time=12.1s est_300=1h 07m 31s
[ALG:CvT-13][272/300] loss=0.4497 ce=0.4497 guidance=0.0000 beta=0.00 train_acc=88.98% test_acc=44.99% best=46.63% lr=1.6325519e-05 time=13.0s est_300=1h 07m 30s
[ALG:CvT-13][273/300] loss=0.4688 ce=0.4688 guidance=0.0000 beta=0.00 train_acc=88.62% test_acc=44.98% best=46.63% lr=1.5563424e-05 time=12.3s est_300=1h 07m 29s
[ALG:CvT-13][274/300] loss=0.4430 ce=0.4430 guidance=0.0000 beta=0.00 train_acc=89.64% test_acc=45.29% best=46.63% lr=1.4827313e-05 time=13.1s est_300=1h 07m 29s
[ALG:CvT-13][275/300] loss=0.4784 ce=0.4784 guidance=0.0000 beta=0.00 train_acc=88.54% test_acc=45.22% best=46.63% lr=1.4117265e-05 time=12.5s est_300=1h 07m 28s
[ALG:CvT-13][276/300] loss=0.4629 ce=0.4629 guidance=0.0000 beta=0.00 train_acc=89.18% test_acc=45.22% best=46.63% lr=1.3433358e-05 time=13.0s est_300=1h 07m 27s
[ALG:CvT-13][277/300] loss=0.4221 ce=0.4221 guidance=0.0000 beta=0.00 train_acc=89.91% test_acc=45.03% best=46.63% lr=1.2775668e-05 time=13.1s est_300=1h 07m 27s
[ALG:CvT-13][278/300] loss=0.4361 ce=0.4361 guidance=0.0000 beta=0.00 train_acc=89.28% test_acc=44.79% best=46.63% lr=1.2144266e-05 time=13.3s est_300=1h 07m 26s
[ALG:CvT-13][279/300] loss=0.4368 ce=0.4368 guidance=0.0000 beta=0.00 train_acc=89.56% test_acc=45.17% best=46.63% lr=1.1539222e-05 time=13.8s est_300=1h 07m 27s
[ALG:CvT-13][280/300] loss=0.4594 ce=0.4594 guidance=0.0000 beta=0.00 train_acc=89.45% test_acc=44.91% best=46.63% lr=1.0960601e-05 time=13.8s est_300=1h 07m 27s
[ALG:CvT-13][281/300] loss=0.4464 ce=0.4464 guidance=0.0000 beta=0.00 train_acc=89.56% test_acc=44.70% best=46.63% lr=1.0408469e-05 time=13.3s est_300=1h 07m 27s
[ALG:CvT-13][282/300] loss=0.4868 ce=0.4868 guidance=0.0000 beta=0.00 train_acc=88.42% test_acc=45.13% best=46.63% lr=9.8828843e-06 time=13.8s est_300=1h 07m 27s
[ALG:CvT-13][283/300] loss=0.4602 ce=0.4602 guidance=0.0000 beta=0.00 train_acc=89.16% test_acc=44.80% best=46.63% lr=9.3839054e-06 time=13.0s est_300=1h 07m 27s
[ALG:CvT-13][284/300] loss=0.4436 ce=0.4436 guidance=0.0000 beta=0.00 train_acc=89.16% test_acc=44.74% best=46.63% lr=8.911587e-06 time=13.8s est_300=1h 07m 27s
[ALG:CvT-13][285/300] loss=0.4357 ce=0.4357 guidance=0.0000 beta=0.00 train_acc=89.72% test_acc=44.91% best=46.63% lr=8.4659808e-06 time=13.2s est_300=1h 07m 27s
[ALG:CvT-13][286/300] loss=0.4441 ce=0.4441 guidance=0.0000 beta=0.00 train_acc=88.91% test_acc=45.06% best=46.63% lr=8.0471357e-06 time=13.1s est_300=1h 07m 26s
[ALG:CvT-13][287/300] loss=0.4387 ce=0.4387 guidance=0.0000 beta=0.00 train_acc=89.62% test_acc=45.18% best=46.63% lr=7.6550976e-06 time=13.1s est_300=1h 07m 26s
[ALG:CvT-13][288/300] loss=0.4360 ce=0.4360 guidance=0.0000 beta=0.00 train_acc=89.37% test_acc=45.15% best=46.63% lr=7.2899095e-06 time=13.3s est_300=1h 07m 26s
[ALG:CvT-13][289/300] loss=0.4369 ce=0.4369 guidance=0.0000 beta=0.00 train_acc=89.56% test_acc=45.37% best=46.63% lr=6.9516114e-06 time=12.2s est_300=1h 07m 24s
[ALG:CvT-13][290/300] loss=0.4511 ce=0.4511 guidance=0.0000 beta=0.00 train_acc=89.06% test_acc=45.22% best=46.63% lr=6.6402405e-06 time=13.2s est_300=1h 07m 24s
[ALG:CvT-13][291/300] loss=0.4512 ce=0.4512 guidance=0.0000 beta=0.00 train_acc=89.44% test_acc=44.93% best=46.63% lr=6.3558309e-06 time=13.5s est_300=1h 07m 24s
[ALG:CvT-13][292/300] loss=0.4363 ce=0.4363 guidance=0.0000 beta=0.00 train_acc=89.33% test_acc=45.20% best=46.63% lr=6.0984138e-06 time=13.8s est_300=1h 07m 24s
[ALG:CvT-13][293/300] loss=0.4263 ce=0.4263 guidance=0.0000 beta=0.00 train_acc=89.61% test_acc=45.22% best=46.63% lr=5.8680173e-06 time=12.8s est_300=1h 07m 24s
[ALG:CvT-13][294/300] loss=0.4386 ce=0.4386 guidance=0.0000 beta=0.00 train_acc=89.61% test_acc=45.01% best=46.63% lr=5.6646669e-06 time=14.0s est_300=1h 07m 24s
[ALG:CvT-13][295/300] loss=0.4376 ce=0.4376 guidance=0.0000 beta=0.00 train_acc=89.84% test_acc=44.91% best=46.63% lr=5.4883847e-06 time=13.2s est_300=1h 07m 24s
[ALG:CvT-13][296/300] loss=0.4488 ce=0.4488 guidance=0.0000 beta=0.00 train_acc=89.33% test_acc=45.36% best=46.63% lr=5.3391901e-06 time=13.5s est_300=1h 07m 24s
[ALG:CvT-13][297/300] loss=0.4262 ce=0.4262 guidance=0.0000 beta=0.00 train_acc=89.91% test_acc=45.51% best=46.63% lr=5.2170996e-06 time=13.4s est_300=1h 07m 24s
[ALG:CvT-13][298/300] loss=0.4353 ce=0.4353 guidance=0.0000 beta=0.00 train_acc=89.39% test_acc=45.55% best=46.63% lr=5.1221263e-06 time=13.4s est_300=1h 07m 24s
[ALG:CvT-13][299/300] loss=0.4484 ce=0.4484 guidance=0.0000 beta=0.00 train_acc=89.39% test_acc=45.69% best=46.63% lr=5.0542808e-06 time=13.5s est_300=1h 07m 24s
[ALG:CvT-13][300/300] loss=0.4325 ce=0.4325 guidance=0.0000 beta=0.00 train_acc=89.62% test_acc=45.84% best=46.63% lr=5.0135706e-06 time=12.4s est_300=1h 07m 23s
[TIMING_RESULT] student=CvT-13 method=ALG batch=128 avg_epoch=13.48s estimated_300=1h 07m 23s
[FINAL_RESULT] summary=/app/output/table1_cub200_cvt13_all_full_seed1/students/table1_cub200_cvt_13_alg_b128_full_300ep_seed1/summary.json
[DONE] Table-1 CUB student task completed successfully.
[STUDENT_IDENTITY_CHECK_TABLE1_CUB200] status=PASS student=CvT-13 method=ALG batch=128 teacher=06f75192b1c108c89e480843cb4f72dfb28aa762d7b11e7ac327333dd54b51f5
[TASK_DONE] 3/5 CvT-13/ALG elapsed=1h 08m 21s
------------------------------------------------------------------------------------------------
[TASK_START] 4/5 CvT-13/OursB64
[COMMAND][OursB64] /usr/bin/python /app/scratch/input/bapedragon_552/methods/table1_cub200/train.py --full-run --student cvt_13 --method ours --batch-size 64 --data-dir /app/output/table1_cub200_cvt13_all_full_seed1/data/cub200 --teacher-root /app/scratch/input/bapedragon_552/teachers/checkpoints/cub200_table1_resnet56_32 --output-dir /app/output/table1_cub200_cvt13_all_full_seed1/students --run-name table1_cub200_cvt_13_ours_b64_full_300ep_seed1 --num-workers 4
[BOOT] Python process started: /usr/bin/python
[BOOT] complete Table-1 runtime dependencies already available
/usr/local/lib/python3.10/dist-packages/timm/models/layers/__init__.py:49: FutureWarning: Importing from timm.models.layers is deprecated, please import via timm.layers
  warnings.warn(f"Importing from {__name__} is deprecated, please import via timm.layers", FutureWarning)
========================================================================================
CUB-200 TABLE-1 EXTENSION
========================================================================================
[TASK] student=CvT-13 method=OURS batch=64 mode=full_300ep
[MODE] actual_epochs=300 planned_epochs=300
[PROTOCOL_LOCK] dataset=CUB-200-2011 split=5994/5794 teacher=ResNet56-scratch-32 student=scratch-224 epochs=300 AdamW=5e-4->5e-6 wd=0.05 warmup=20 seed=1 fp32=True
[FIXED_TEACHER_TABLE1_CUB200] h200_build=543 root=/app/scratch/input/bapedragon_552/teachers/checkpoints/cub200_table1_resnet56_32 sha256=06f75192b1c108c89e480843cb4f72dfb28aa762d7b11e7ac327333dd54b51f5
[SOURCE] official_lg_repo=https://github.com/lkhl/tiny-transformers commit=d2165f74049c906b0afc9f957491960fb3c0cc8b
[MODEL] params=19,689,480 feature_dims=(64, 192, 192, 384, 384, 384, 384, 384, 384, 384, 384, 384, 384) selected_lg=(0, 6, 11)
[FEATURE_CHECK] student=((2, 64, 56, 56), (2, 192, 28, 28), (2, 192, 28, 28), (2, 384, 14, 14), (2, 384, 14, 14), (2, 384, 14, 14), (2, 384, 14, 14), (2, 384, 14, 14), (2, 384, 14, 14), (2, 384, 14, 14), (2, 384, 14, 14), (2, 384, 14, 14), (2, 384, 14, 14)) teacher=((2, 16, 32, 32), (2, 32, 16, 16), (2, 64, 8, 8)) guidance_probe=11.925761
[OURS_ADAPTER] all_blocks=True common_channels=192 common_grid=14 adapter_params=751,680 ours_params=55,904
[OPTIMIZER] contract=ours_single_group_all_parameters_decay_0.05
[OURS:CvT-13][001/300] loss=98.2621 ce=5.3799 guidance=37.1529 beta=2.50 train_acc=0.35% test_acc=0.43% best=0.43% lr=5e-07 time=21.0s est_300=1h 44m 57s
[OURS:CvT-13][002/300] loss=86.4585 ce=5.3314 guidance=32.4508 beta=2.50 train_acc=0.76% test_acc=0.71% best=0.71% lr=2.5475e-05 time=18.2s est_300=1h 37m 59s
[OURS:CvT-13][003/300] loss=74.7803 ce=5.2832 guidance=27.7988 beta=2.50 train_acc=0.74% test_acc=0.93% best=0.93% lr=5.045e-05 time=18.5s est_300=1h 36m 06s
[OURS:CvT-13][004/300] loss=67.3602 ce=5.2614 guidance=24.8395 beta=2.50 train_acc=0.57% test_acc=1.16% best=1.16% lr=7.5425e-05 time=17.9s est_300=1h 34m 29s
[OURS:CvT-13][005/300] loss=60.5568 ce=5.2235 guidance=22.1333 beta=2.50 train_acc=1.04% test_acc=1.43% best=1.43% lr=0.0001004 time=18.4s est_300=1h 34m 02s
[OURS:CvT-13][006/300] loss=55.7888 ce=5.1567 guidance=20.2528 beta=2.50 train_acc=1.31% test_acc=1.64% best=1.64% lr=0.000125375 time=18.4s est_300=1h 33m 42s
[OURS:CvT-13][007/300] loss=52.9340 ce=5.0885 guidance=19.1382 beta=2.50 train_acc=1.50% test_acc=2.47% best=2.47% lr=0.00015035 time=18.2s est_300=1h 33m 19s
[OURS:CvT-13][008/300] loss=50.0703 ce=4.9844 guidance=18.0343 beta=2.50 train_acc=2.03% test_acc=3.42% best=3.42% lr=0.000175325 time=18.2s est_300=1h 33m 00s
[OURS:CvT-13][009/300] loss=47.8862 ce=4.8898 guidance=17.1986 beta=2.50 train_acc=3.14% test_acc=5.32% best=5.32% lr=0.0002003 time=18.2s est_300=1h 32m 47s
[OURS:CvT-13][010/300] loss=45.9873 ce=4.7839 guidance=16.4814 beta=2.50 train_acc=3.71% test_acc=4.95% best=5.32% lr=0.000225275 time=18.1s est_300=1h 32m 33s
[OURS:CvT-13][011/300] loss=43.6647 ce=4.6866 guidance=15.5912 beta=2.50 train_acc=4.44% test_acc=5.82% best=5.82% lr=0.00025025 time=18.6s est_300=1h 32m 36s
[OURS:CvT-13][012/300] loss=42.3468 ce=4.5862 guidance=15.1043 beta=2.50 train_acc=5.23% test_acc=7.51% best=7.51% lr=0.000275225 time=18.4s est_300=1h 32m 32s
[OURS:CvT-13][013/300] loss=40.3623 ce=4.4642 guidance=14.3592 beta=2.50 train_acc=6.47% test_acc=7.92% best=7.92% lr=0.0003002 time=18.3s est_300=1h 32m 29s
[OURS:CvT-13][014/300] loss=39.0430 ce=4.3613 guidance=13.8727 beta=2.50 train_acc=7.11% test_acc=10.63% best=10.63% lr=0.000325175 time=18.0s est_300=1h 32m 19s
[OURS:CvT-13][015/300] loss=37.9339 ce=4.2612 guidance=13.4691 beta=2.50 train_acc=9.12% test_acc=11.86% best=11.86% lr=0.00035015 time=18.3s est_300=1h 32m 16s
[OURS:CvT-13][016/300] loss=36.7760 ce=4.1581 guidance=13.0472 beta=2.50 train_acc=10.03% test_acc=13.22% best=13.22% lr=0.000375125 time=18.6s est_300=1h 32m 18s
[OURS:CvT-13][017/300] loss=35.4852 ce=4.0803 guidance=12.5619 beta=2.50 train_acc=12.06% test_acc=16.22% best=16.22% lr=0.0004001 time=18.3s est_300=1h 32m 16s
[OURS:CvT-13][018/300] loss=34.5644 ce=4.0013 guidance=12.2252 beta=2.50 train_acc=12.11% test_acc=16.74% best=16.74% lr=0.000425075 time=18.2s est_300=1h 32m 12s
[OURS:CvT-13][019/300] loss=33.6881 ce=3.9256 guidance=11.9050 beta=2.50 train_acc=13.41% test_acc=18.61% best=18.61% lr=0.00045005 time=18.4s est_300=1h 32m 12s
[OURS:CvT-13][020/300] loss=32.8662 ce=3.8380 guidance=11.6113 beta=2.50 train_acc=14.67% test_acc=19.95% best=19.95% lr=0.000475025 time=18.0s est_300=1h 32m 05s
[OURS:CvT-13][021/300] loss=32.1209 ce=3.7723 guidance=11.3394 beta=2.50 train_acc=15.52% test_acc=21.40% best=21.40% lr=0.00049459153 time=17.5s est_300=1h 31m 52s
[OURS:CvT-13][022/300] loss=31.2864 ce=3.6616 guidance=11.0499 beta=2.50 train_acc=17.34% test_acc=22.97% best=22.97% lr=0.0004940394 time=18.1s est_300=1h 31m 49s
[OURS:CvT-13][023/300] loss=30.8388 ce=3.5735 guidance=10.9061 beta=2.50 train_acc=19.34% test_acc=24.77% best=24.77% lr=0.00049346078 time=18.2s est_300=1h 31m 47s
[OURS:CvT-13][024/300] loss=30.2105 ce=3.5164 guidance=10.6776 beta=2.50 train_acc=20.73% test_acc=25.46% best=25.46% lr=0.00049285573 time=17.3s est_300=1h 31m 33s
[OURS:CvT-13][025/300] loss=29.5900 ce=3.4394 guidance=10.4602 beta=2.50 train_acc=20.26% test_acc=27.10% best=27.10% lr=0.00049222433 time=18.1s est_300=1h 31m 30s
[OURS:CvT-13][026/300] loss=29.1730 ce=3.3620 guidance=10.3244 beta=2.50 train_acc=23.45% test_acc=28.75% best=28.75% lr=0.00049156664 time=17.8s est_300=1h 31m 24s
[OURS:CvT-13][027/300] loss=28.7027 ce=3.3035 guidance=10.1597 beta=2.50 train_acc=24.26% test_acc=31.14% best=31.14% lr=0.00049088274 time=18.3s est_300=1h 31m 24s
[OURS:CvT-13][028/300] loss=28.2395 ce=3.2487 guidance=9.9963 beta=2.50 train_acc=25.82% test_acc=31.48% best=31.48% lr=0.00049017269 time=18.2s est_300=1h 31m 23s
[OURS:CvT-13][029/300] loss=27.9040 ce=3.2492 guidance=9.8619 beta=2.50 train_acc=26.38% test_acc=32.69% best=32.69% lr=0.00048943658 time=18.6s est_300=1h 31m 26s
[OURS:CvT-13][030/300] loss=27.5996 ce=3.1702 guidance=9.7717 beta=2.50 train_acc=27.69% test_acc=31.74% best=32.69% lr=0.00048867448 time=18.1s est_300=1h 31m 25s
[OURS:CvT-13][031/300] loss=27.2745 ce=3.0969 guidance=9.6710 beta=2.50 train_acc=28.06% test_acc=32.60% best=32.69% lr=0.00048788649 time=18.3s est_300=1h 31m 25s
[OURS:CvT-13][032/300] loss=26.9343 ce=2.9963 guidance=9.5752 beta=2.50 train_acc=30.59% test_acc=34.45% best=34.45% lr=0.00048707268 time=17.8s est_300=1h 31m 21s
[OURS:CvT-13][033/300] loss=26.6874 ce=3.0257 guidance=9.4647 beta=2.50 train_acc=29.69% test_acc=35.62% best=35.62% lr=0.00048623315 time=17.6s est_300=1h 31m 14s
[OURS:CvT-13][034/300] loss=26.5625 ce=2.9489 guidance=9.4455 beta=2.50 train_acc=32.27% test_acc=35.14% best=35.62% lr=0.00048536799 time=17.6s est_300=1h 31m 09s
[OURS:CvT-13][035/300] loss=26.2656 ce=2.8689 guidance=9.3587 beta=2.50 train_acc=33.22% test_acc=35.92% best=35.92% lr=0.00048447729 time=18.3s est_300=1h 31m 10s
[OURS:CvT-13][036/300] loss=26.0347 ce=2.8748 guidance=9.2639 beta=2.50 train_acc=32.83% test_acc=37.11% best=37.11% lr=0.00048356116 time=17.7s est_300=1h 31m 05s
[OURS:CvT-13][037/300] loss=25.9287 ce=2.8199 guidance=9.2435 beta=2.50 train_acc=34.43% test_acc=37.87% best=37.87% lr=0.00048261968 time=17.4s est_300=1h 30m 59s
[OURS:CvT-13][038/300] loss=25.4771 ce=2.7648 guidance=9.0849 beta=2.50 train_acc=34.83% test_acc=37.57% best=37.87% lr=0.00048165297 time=17.6s est_300=1h 30m 54s
[OURS:CvT-13][039/300] loss=25.3100 ce=2.7195 guidance=9.0362 beta=2.50 train_acc=35.45% test_acc=39.52% best=39.52% lr=0.00048066113 time=18.3s est_300=1h 30m 54s
[OURS:CvT-13][040/300] loss=25.0372 ce=2.6771 guidance=8.9440 beta=2.50 train_acc=36.76% test_acc=38.73% best=39.52% lr=0.00047964427 time=18.3s est_300=1h 30m 55s
[OURS:CvT-13][041/300] loss=24.8907 ce=2.6673 guidance=8.8893 beta=2.50 train_acc=37.26% test_acc=39.39% best=39.52% lr=0.0004786025 time=18.1s est_300=1h 30m 55s
[OURS:CvT-13][042/300] loss=24.8360 ce=2.5891 guidance=8.8987 beta=2.50 train_acc=38.34% test_acc=39.40% best=39.52% lr=0.00047753594 time=17.4s est_300=1h 30m 49s
[OURS:CvT-13][043/300] loss=24.7480 ce=2.5982 guidance=8.8599 beta=2.50 train_acc=38.66% test_acc=39.66% best=39.66% lr=0.0004764447 time=17.7s est_300=1h 30m 46s
[OURS:CvT-13][044/300] loss=24.5341 ce=2.5238 guidance=8.8041 beta=2.50 train_acc=39.92% test_acc=40.21% best=40.21% lr=0.0004753289 time=18.4s est_300=1h 30m 48s
[OURS:CvT-13][045/300] loss=24.3530 ce=2.4921 guidance=8.7443 beta=2.50 train_acc=41.06% test_acc=40.49% best=40.49% lr=0.00047418866 time=18.3s est_300=1h 30m 49s
[OURS:CvT-13][046/300] loss=24.2728 ce=2.4800 guidance=8.7171 beta=2.50 train_acc=40.07% test_acc=40.66% best=40.66% lr=0.00047302411 time=17.9s est_300=1h 30m 47s
[OURS:CvT-13][047/300] loss=24.0774 ce=2.4617 guidance=8.6463 beta=2.50 train_acc=41.48% test_acc=39.96% best=40.66% lr=0.00047183539 time=18.0s est_300=1h 30m 46s
[OURS:CvT-13][048/300] loss=24.0124 ce=2.4340 guidance=8.6314 beta=2.50 train_acc=41.99% test_acc=41.34% best=41.34% lr=0.0004706226 time=17.5s est_300=1h 30m 42s
[OURS:CvT-13][049/300] loss=23.7837 ce=2.3905 guidance=8.5573 beta=2.50 train_acc=42.88% test_acc=41.87% best=41.87% lr=0.0004693859 time=18.3s est_300=1h 30m 43s
[OURS:CvT-13][050/300] loss=23.6622 ce=2.3615 guidance=8.5203 beta=2.50 train_acc=42.88% test_acc=41.46% best=41.87% lr=0.00046812542 time=18.6s est_300=1h 30m 46s
[OURS:CvT-13][051/300] loss=23.6517 ce=2.3316 guidance=8.5280 beta=2.50 train_acc=43.72% test_acc=41.22% best=41.87% lr=0.00046684129 time=17.3s est_300=1h 30m 41s
[OURS:CvT-13][052/300] loss=23.5723 ce=2.3306 guidance=8.4967 beta=2.50 train_acc=45.31% test_acc=40.14% best=41.87% lr=0.00046553365 time=17.6s est_300=1h 30m 38s
[OURS:CvT-13][053/300] loss=23.4756 ce=2.2798 guidance=8.4783 beta=2.50 train_acc=45.21% test_acc=41.06% best=41.87% lr=0.00046420265 time=17.7s est_300=1h 30m 35s
[OURS:CvT-13][054/300] loss=23.4503 ce=2.2599 guidance=8.4761 beta=2.50 train_acc=45.40% test_acc=42.91% best=42.91% lr=0.00046284844 time=18.0s est_300=1h 30m 35s
[OURS:CvT-13][055/300] loss=23.3445 ce=2.1848 guidance=8.4639 beta=2.50 train_acc=47.19% test_acc=42.35% best=42.91% lr=0.00046147116 time=18.0s est_300=1h 30m 34s
[OURS:CvT-13][056/300] loss=23.1295 ce=2.2078 guidance=8.3687 beta=2.50 train_acc=47.72% test_acc=40.65% best=42.91% lr=0.00046007097 time=18.1s est_300=1h 30m 34s
[OURS:CvT-13][057/300] loss=23.1709 ce=2.1617 guidance=8.4037 beta=2.50 train_acc=48.30% test_acc=42.32% best=42.91% lr=0.00045864801 time=17.9s est_300=1h 30m 33s
[OURS:CvT-13][058/300] loss=22.9875 ce=2.1677 guidance=8.3279 beta=2.50 train_acc=48.54% test_acc=41.75% best=42.91% lr=0.00045720244 time=18.3s est_300=1h 30m 34s
[OURS:CvT-13][059/300] loss=22.8613 ce=2.1208 guidance=8.2962 beta=2.50 train_acc=49.03% test_acc=42.89% best=42.91% lr=0.00045573443 time=17.9s est_300=1h 30m 32s
[OURS:CvT-13][060/300] loss=22.8472 ce=2.0790 guidance=8.3073 beta=2.50 train_acc=50.10% test_acc=41.70% best=42.91% lr=0.00045424413 time=17.6s est_300=1h 30m 30s
[OURS:CvT-13][061/300] loss=22.8410 ce=2.1108 guidance=8.2921 beta=2.50 train_acc=50.12% test_acc=43.79% best=43.79% lr=0.00045273171 time=18.6s est_300=1h 30m 33s
[OURS:CvT-13][062/300] loss=22.5998 ce=2.0677 guidance=8.2128 beta=2.50 train_acc=50.76% test_acc=43.04% best=43.79% lr=0.00045119733 time=18.1s est_300=1h 30m 32s
[OURS:CvT-13][063/300] loss=22.5475 ce=2.0223 guidance=8.2101 beta=2.50 train_acc=51.21% test_acc=43.18% best=43.79% lr=0.00044964115 time=17.8s est_300=1h 30m 31s
[OURS:CvT-13][064/300] loss=22.5520 ce=2.0585 guidance=8.1974 beta=2.50 train_acc=50.84% test_acc=43.30% best=43.79% lr=0.00044806337 time=18.0s est_300=1h 30m 31s
[OURS:CvT-13][065/300] loss=22.4209 ce=2.0351 guidance=8.1543 beta=2.50 train_acc=51.75% test_acc=43.48% best=43.79% lr=0.00044646413 time=18.4s est_300=1h 30m 32s
[OURS:CvT-13][066/300] loss=22.4754 ce=1.9330 guidance=8.2170 beta=2.50 train_acc=53.24% test_acc=42.66% best=43.79% lr=0.00044484363 time=18.2s est_300=1h 30m 32s
[OURS:CvT-13][067/300] loss=22.2751 ce=1.9303 guidance=8.1379 beta=2.50 train_acc=53.63% test_acc=43.01% best=43.79% lr=0.00044320203 time=17.6s est_300=1h 30m 30s
[OURS:CvT-13][068/300] loss=22.1548 ce=1.9622 guidance=8.0771 beta=2.50 train_acc=53.48% test_acc=43.72% best=43.79% lr=0.00044153952 time=17.9s est_300=1h 30m 29s
[OURS:CvT-13][069/300] loss=22.2598 ce=1.9134 guidance=8.1386 beta=2.50 train_acc=53.90% test_acc=42.79% best=43.79% lr=0.00043985628 time=17.8s est_300=1h 30m 28s
[OURS:CvT-13][070/300] loss=22.1930 ce=1.8827 guidance=8.1241 beta=2.50 train_acc=55.02% test_acc=43.86% best=43.86% lr=0.00043815249 time=18.2s est_300=1h 30m 28s
[OURS:CvT-13][071/300] loss=22.0311 ce=1.8752 guidance=8.0624 beta=2.50 train_acc=54.82% test_acc=44.06% best=44.06% lr=0.00043642834 time=17.8s est_300=1h 30m 27s
[OURS:CvT-13][072/300] loss=22.0977 ce=1.8634 guidance=8.0937 beta=2.50 train_acc=55.80% test_acc=43.82% best=44.06% lr=0.00043468403 time=17.7s est_300=1h 30m 26s
[OURS:CvT-13][073/300] loss=21.9741 ce=1.8374 guidance=8.0547 beta=2.50 train_acc=56.45% test_acc=43.92% best=44.06% lr=0.00043291974 time=18.4s est_300=1h 30m 27s
[OURS:CvT-13][074/300] loss=21.9042 ce=1.8419 guidance=8.0249 beta=2.50 train_acc=55.54% test_acc=44.06% best=44.06% lr=0.00043113566 time=18.7s est_300=1h 30m 29s
[OURS:CvT-13][075/300] loss=21.8552 ce=1.7839 guidance=8.0285 beta=2.50 train_acc=57.04% test_acc=44.08% best=44.08% lr=0.00042933199 time=17.9s est_300=1h 30m 28s
[OURS:CvT-13][076/300] loss=21.9799 ce=1.8041 guidance=8.0703 beta=2.50 train_acc=57.06% test_acc=43.23% best=44.08% lr=0.00042750893 time=17.5s est_300=1h 30m 26s
[OURS:CvT-13][077/300] loss=21.6996 ce=1.7686 guidance=7.9724 beta=2.50 train_acc=57.56% test_acc=43.84% best=44.08% lr=0.00042566668 time=17.7s est_300=1h 30m 25s
[OURS:CvT-13][078/300] loss=21.7424 ce=1.7538 guidance=7.9955 beta=2.50 train_acc=58.23% test_acc=43.48% best=44.08% lr=0.00042380544 time=17.8s est_300=1h 30m 24s
[OURS:CvT-13][079/300] loss=21.6584 ce=1.7384 guidance=7.9680 beta=2.50 train_acc=58.40% test_acc=44.91% best=44.91% lr=0.00042192541 time=18.1s est_300=1h 30m 24s
[OURS:CvT-13][080/300] loss=21.5596 ce=1.7433 guidance=7.9265 beta=2.50 train_acc=58.10% test_acc=43.01% best=44.91% lr=0.0004200268 time=17.7s est_300=1h 30m 22s
[OURS:CvT-13][081/300] loss=21.5941 ce=1.7723 guidance=7.9287 beta=2.50 train_acc=57.68% test_acc=43.70% best=44.91% lr=0.00041810983 time=17.6s est_300=1h 30m 20s
[OURS:CvT-13][082/300] loss=21.5744 ce=1.7278 guidance=7.9386 beta=2.50 train_acc=59.04% test_acc=44.37% best=44.91% lr=0.00041617469 time=17.5s est_300=1h 30m 19s
[OURS:CvT-13][083/300] loss=21.5073 ce=1.6917 guidance=7.9263 beta=2.50 train_acc=59.86% test_acc=44.06% best=44.91% lr=0.0004142216 time=17.9s est_300=1h 30m 18s
[OURS:CvT-13][084/300] loss=21.4072 ce=1.6437 guidance=7.9054 beta=2.50 train_acc=60.42% test_acc=44.15% best=44.91% lr=0.00041225078 time=18.0s est_300=1h 30m 18s
[OURS:CvT-13][085/300] loss=21.4120 ce=1.6805 guidance=7.8926 beta=2.50 train_acc=60.22% test_acc=44.17% best=44.91% lr=0.00041026244 time=17.7s est_300=1h 30m 17s
[OURS:CvT-13][086/300] loss=21.4024 ce=1.6484 guidance=7.9016 beta=2.50 train_acc=60.69% test_acc=43.87% best=44.91% lr=0.0004082568 time=18.2s est_300=1h 30m 17s
[OURS:CvT-13][087/300] loss=21.2943 ce=1.6376 guidance=7.8627 beta=2.50 train_acc=61.22% test_acc=42.51% best=44.91% lr=0.00040623408 time=18.2s est_300=1h 30m 18s
[OURS:CvT-13][088/300] loss=21.3394 ce=1.6102 guidance=7.8917 beta=2.50 train_acc=61.46% test_acc=43.63% best=44.91% lr=0.0004041945 time=18.3s est_300=1h 30m 18s
[OURS:CvT-13][089/300] loss=21.3226 ce=1.6152 guidance=7.8829 beta=2.50 train_acc=61.42% test_acc=43.23% best=44.91% lr=0.00040213828 time=18.2s est_300=1h 30m 19s
[OURS:CvT-13][090/300] loss=21.1521 ce=1.5398 guidance=7.8449 beta=2.50 train_acc=63.54% test_acc=43.08% best=44.91% lr=0.00040006566 time=18.4s est_300=1h 30m 20s
[OURS:CvT-13][091/300] loss=21.2593 ce=1.5817 guidance=7.8710 beta=2.50 train_acc=62.28% test_acc=42.82% best=44.91% lr=0.00039797685 time=18.3s est_300=1h 30m 21s
[OURS:CvT-13][092/300] loss=21.2102 ce=1.5902 guidance=7.8480 beta=2.50 train_acc=62.28% test_acc=43.79% best=44.91% lr=0.00039587209 time=18.3s est_300=1h 30m 22s
[OURS:CvT-13][093/300] loss=21.0202 ce=1.5363 guidance=7.7935 beta=2.50 train_acc=63.09% test_acc=43.25% best=44.91% lr=0.00039375161 time=18.1s est_300=1h 30m 22s
[OURS:CvT-13][094/300] loss=20.9758 ce=1.5161 guidance=7.7839 beta=2.50 train_acc=63.12% test_acc=43.15% best=44.91% lr=0.00039161564 time=17.9s est_300=1h 30m 21s
[OURS:CvT-13][095/300] loss=20.9565 ce=1.5085 guidance=7.7792 beta=2.50 train_acc=63.94% test_acc=44.44% best=44.91% lr=0.00038946441 time=17.7s est_300=1h 30m 20s
[OURS:CvT-13][096/300] loss=21.0449 ce=1.5336 guidance=7.8045 beta=2.50 train_acc=63.46% test_acc=43.75% best=44.91% lr=0.00038729816 time=18.2s est_300=1h 30m 21s
[OURS:CvT-13][097/300] loss=20.8955 ce=1.4856 guidance=7.7640 beta=2.50 train_acc=64.87% test_acc=43.42% best=44.91% lr=0.00038511713 time=17.7s est_300=1h 30m 20s
[OURS:CvT-13][098/300] loss=20.8283 ce=1.4445 guidance=7.7535 beta=2.50 train_acc=65.05% test_acc=44.11% best=44.91% lr=0.00038292156 time=17.8s est_300=1h 30m 19s
[OURS:CvT-13][099/300] loss=20.8974 ce=1.4800 guidance=7.7669 beta=2.50 train_acc=64.01% test_acc=42.89% best=44.91% lr=0.00038071168 time=17.9s est_300=1h 30m 18s
[OURS:CvT-13][100/300] loss=20.8115 ce=1.4572 guidance=7.7417 beta=2.50 train_acc=64.72% test_acc=43.86% best=44.91% lr=0.00037848775 time=18.5s est_300=1h 30m 19s
[OURS:CvT-13][101/300] loss=20.6621 ce=1.4645 guidance=7.6790 beta=2.50 train_acc=65.07% test_acc=43.20% best=44.91% lr=0.00037625 time=18.0s est_300=1h 30m 19s
[OURS:CvT-13][102/300] loss=20.7269 ce=1.4331 guidance=7.7175 beta=2.50 train_acc=65.71% test_acc=43.87% best=44.91% lr=0.00037399868 time=18.1s est_300=1h 30m 19s
[OURS:CvT-13][103/300] loss=20.7031 ce=1.4394 guidance=7.7055 beta=2.50 train_acc=65.78% test_acc=44.18% best=44.91% lr=0.00037173403 time=18.4s est_300=1h 30m 20s
[OURS:CvT-13][104/300] loss=20.7714 ce=1.4238 guidance=7.7390 beta=2.50 train_acc=66.11% test_acc=44.79% best=44.91% lr=0.00036945631 time=18.0s est_300=1h 30m 20s
[OURS:CvT-13][105/300] loss=20.6459 ce=1.3823 guidance=7.7055 beta=2.50 train_acc=66.53% test_acc=43.08% best=44.91% lr=0.00036716577 time=18.0s est_300=1h 30m 20s
[OURS:CvT-13][106/300] loss=20.6518 ce=1.4142 guidance=7.6950 beta=2.50 train_acc=66.25% test_acc=42.58% best=44.91% lr=0.00036486265 time=17.9s est_300=1h 30m 20s
[OURS:CvT-13][107/300] loss=20.6684 ce=1.3990 guidance=7.7078 beta=2.50 train_acc=66.43% test_acc=41.47% best=44.91% lr=0.00036254721 time=17.5s est_300=1h 30m 18s
[OURS:CvT-13][108/300] loss=20.6670 ce=1.4334 guidance=7.6935 beta=2.50 train_acc=66.48% test_acc=42.89% best=44.91% lr=0.0003602197 time=18.5s est_300=1h 30m 19s
[OURS:CvT-13][109/300] loss=20.5393 ce=1.3595 guidance=7.6719 beta=2.50 train_acc=67.46% test_acc=43.27% best=44.91% lr=0.00035788037 time=18.5s est_300=1h 30m 20s
[OURS:CvT-13][110/300] loss=20.3308 ce=1.3127 guidance=7.6073 beta=2.50 train_acc=68.53% test_acc=42.84% best=44.91% lr=0.0003555295 time=17.8s est_300=1h 30m 20s
[OURS:CvT-13][111/300] loss=20.4043 ce=1.3032 guidance=7.6405 beta=2.50 train_acc=68.41% test_acc=43.17% best=44.91% lr=0.00035316732 time=18.0s est_300=1h 30m 20s
[OURS:CvT-13][112/300] loss=20.3283 ce=1.3460 guidance=7.5929 beta=2.50 train_acc=68.13% test_acc=43.42% best=44.91% lr=0.0003507941 time=17.9s est_300=1h 30m 19s
[OURS:CvT-13][113/300] loss=20.3297 ce=1.3210 guidance=7.6035 beta=2.50 train_acc=68.01% test_acc=43.60% best=44.91% lr=0.00034841011 time=18.5s est_300=1h 30m 20s
[OURS:CvT-13][114/300] loss=20.2255 ce=1.3325 guidance=7.5572 beta=2.50 train_acc=68.73% test_acc=43.80% best=44.91% lr=0.00034601559 time=18.5s est_300=1h 30m 21s
[OURS:CvT-13][115/300] loss=20.2825 ce=1.2726 guidance=7.6039 beta=2.50 train_acc=69.39% test_acc=42.34% best=44.91% lr=0.00034361083 time=18.3s est_300=1h 30m 22s
[OURS:CvT-13][116/300] loss=20.3227 ce=1.3402 guidance=7.5930 beta=2.50 train_acc=68.18% test_acc=42.47% best=44.91% lr=0.00034119607 time=18.4s est_300=1h 30m 23s
[OURS:CvT-13][117/300] loss=20.2572 ce=1.2657 guidance=7.5966 beta=2.50 train_acc=69.02% test_acc=42.80% best=44.91% lr=0.00033877158 time=18.2s est_300=1h 30m 23s
[OURS:CvT-13][118/300] loss=20.3306 ce=1.2902 guidance=7.6162 beta=2.50 train_acc=69.41% test_acc=42.16% best=44.91% lr=0.00033633764 time=17.6s est_300=1h 30m 22s
[OURS:CvT-13][119/300] loss=20.2855 ce=1.2876 guidance=7.5992 beta=2.50 train_acc=69.37% test_acc=42.16% best=44.91% lr=0.0003338945 time=18.5s est_300=1h 30m 23s
[OURS:CvT-13][120/300] loss=20.2064 ce=1.2411 guidance=7.5861 beta=2.50 train_acc=70.63% test_acc=43.06% best=44.91% lr=0.00033144243 time=18.6s est_300=1h 30m 24s
[OURS:CvT-13][121/300] loss=20.1364 ce=1.2645 guidance=7.5488 beta=2.50 train_acc=69.32% test_acc=44.15% best=44.91% lr=0.00032898171 time=18.0s est_300=1h 30m 24s
[OURS:CvT-13][122/300] loss=20.1680 ce=1.2675 guidance=7.5602 beta=2.50 train_acc=69.84% test_acc=42.89% best=44.91% lr=0.0003265126 time=17.4s est_300=1h 30m 22s
[OURS:CvT-13][123/300] loss=20.1205 ce=1.2516 guidance=7.5476 beta=2.50 train_acc=69.64% test_acc=42.66% best=44.91% lr=0.00032403537 time=18.1s est_300=1h 30m 22s
[OURS:CvT-13][124/300] loss=20.1089 ce=1.2880 guidance=7.5283 beta=2.50 train_acc=68.75% test_acc=43.91% best=44.91% lr=0.0003215503 time=18.4s est_300=1h 30m 23s
[OURS:CvT-13][125/300] loss=19.9422 ce=1.2117 guidance=7.4922 beta=2.50 train_acc=70.80% test_acc=43.89% best=44.91% lr=0.00031905766 time=17.9s est_300=1h 30m 23s
[OURS:CvT-13][126/300] loss=1.3376 ce=1.3376 guidance=0.0000 beta=0.00 train_acc=67.59% test_acc=42.37% best=44.91% lr=0.00031655771 time=16.3s est_300=1h 30m 18s
[OURS:CvT-13][127/300] loss=1.2934 ce=1.2934 guidance=0.0000 beta=0.00 train_acc=68.67% test_acc=41.56% best=44.91% lr=0.00031405075 time=16.6s est_300=1h 30m 15s
[OURS:CvT-13][128/300] loss=1.2413 ce=1.2413 guidance=0.0000 beta=0.00 train_acc=69.99% test_acc=43.61% best=44.91% lr=0.00031153703 time=16.6s est_300=1h 30m 11s
[OURS:CvT-13][129/300] loss=1.2094 ce=1.2094 guidance=0.0000 beta=0.00 train_acc=70.97% test_acc=42.23% best=44.91% lr=0.00030901684 time=16.9s est_300=1h 30m 09s
[OURS:CvT-13][130/300] loss=1.2493 ce=1.2493 guidance=0.0000 beta=0.00 train_acc=69.62% test_acc=44.06% best=44.91% lr=0.00030649045 time=17.1s est_300=1h 30m 07s
[OURS:CvT-13][131/300] loss=1.2490 ce=1.2490 guidance=0.0000 beta=0.00 train_acc=70.43% test_acc=42.34% best=44.91% lr=0.00030395814 time=17.1s est_300=1h 30m 05s
[OURS:CvT-13][132/300] loss=1.1834 ce=1.1834 guidance=0.0000 beta=0.00 train_acc=71.54% test_acc=42.25% best=44.91% lr=0.00030142019 time=15.6s est_300=1h 29m 59s
[OURS:CvT-13][133/300] loss=1.2088 ce=1.2088 guidance=0.0000 beta=0.00 train_acc=70.67% test_acc=43.58% best=44.91% lr=0.00029887688 time=16.1s est_300=1h 29m 55s
[OURS:CvT-13][134/300] loss=1.1441 ce=1.1441 guidance=0.0000 beta=0.00 train_acc=72.41% test_acc=43.63% best=44.91% lr=0.00029632847 time=16.5s est_300=1h 29m 51s
[OURS:CvT-13][135/300] loss=1.1237 ce=1.1237 guidance=0.0000 beta=0.00 train_acc=72.51% test_acc=43.42% best=44.91% lr=0.00029377526 time=16.3s est_300=1h 29m 48s
[OURS:CvT-13][136/300] loss=1.1406 ce=1.1406 guidance=0.0000 beta=0.00 train_acc=72.90% test_acc=43.18% best=44.91% lr=0.00029121753 time=16.6s est_300=1h 29m 45s
[OURS:CvT-13][137/300] loss=1.0849 ce=1.0849 guidance=0.0000 beta=0.00 train_acc=73.98% test_acc=42.77% best=44.91% lr=0.00028865555 time=16.6s est_300=1h 29m 42s
[OURS:CvT-13][138/300] loss=1.0762 ce=1.0762 guidance=0.0000 beta=0.00 train_acc=73.47% test_acc=44.20% best=44.91% lr=0.0002860896 time=15.8s est_300=1h 29m 37s
[OURS:CvT-13][139/300] loss=1.0621 ce=1.0621 guidance=0.0000 beta=0.00 train_acc=74.18% test_acc=43.42% best=44.91% lr=0.00028351998 time=16.9s est_300=1h 29m 35s
[OURS:CvT-13][140/300] loss=1.1235 ce=1.1235 guidance=0.0000 beta=0.00 train_acc=72.70% test_acc=42.42% best=44.91% lr=0.00028094694 time=16.6s est_300=1h 29m 32s
[OURS:CvT-13][141/300] loss=1.1328 ce=1.1328 guidance=0.0000 beta=0.00 train_acc=72.85% test_acc=43.34% best=44.91% lr=0.00027837079 time=16.8s est_300=1h 29m 30s
[OURS:CvT-13][142/300] loss=1.1227 ce=1.1227 guidance=0.0000 beta=0.00 train_acc=72.77% test_acc=44.46% best=44.91% lr=0.00027579181 time=16.0s est_300=1h 29m 26s
[OURS:CvT-13][143/300] loss=1.0507 ce=1.0507 guidance=0.0000 beta=0.00 train_acc=74.85% test_acc=43.44% best=44.91% lr=0.00027321027 time=16.4s est_300=1h 29m 23s
[OURS:CvT-13][144/300] loss=1.0641 ce=1.0641 guidance=0.0000 beta=0.00 train_acc=74.04% test_acc=43.27% best=44.91% lr=0.00027062645 time=17.0s est_300=1h 29m 21s
[OURS:CvT-13][145/300] loss=1.0609 ce=1.0609 guidance=0.0000 beta=0.00 train_acc=74.80% test_acc=43.70% best=44.91% lr=0.00026804065 time=17.1s est_300=1h 29m 19s
[OURS:CvT-13][146/300] loss=1.0273 ce=1.0273 guidance=0.0000 beta=0.00 train_acc=75.18% test_acc=44.99% best=44.99% lr=0.00026545315 time=16.6s est_300=1h 29m 17s
[OURS:CvT-13][147/300] loss=1.0379 ce=1.0379 guidance=0.0000 beta=0.00 train_acc=74.53% test_acc=44.22% best=44.99% lr=0.00026286422 time=16.8s est_300=1h 29m 14s
[OURS:CvT-13][148/300] loss=1.0470 ce=1.0470 guidance=0.0000 beta=0.00 train_acc=74.93% test_acc=45.05% best=45.05% lr=0.00026027416 time=16.6s est_300=1h 29m 12s
[OURS:CvT-13][149/300] loss=1.0523 ce=1.0523 guidance=0.0000 beta=0.00 train_acc=74.53% test_acc=44.03% best=45.05% lr=0.00025768325 time=16.7s est_300=1h 29m 10s
[OURS:CvT-13][150/300] loss=1.0623 ce=1.0623 guidance=0.0000 beta=0.00 train_acc=74.76% test_acc=45.48% best=45.48% lr=0.00025509177 time=16.6s est_300=1h 29m 07s
[OURS:CvT-13][151/300] loss=0.9893 ce=0.9893 guidance=0.0000 beta=0.00 train_acc=76.26% test_acc=44.65% best=45.48% lr=0.0002525 time=16.5s est_300=1h 29m 05s
[OURS:CvT-13][152/300] loss=1.0074 ce=1.0074 guidance=0.0000 beta=0.00 train_acc=75.55% test_acc=44.67% best=45.48% lr=0.00024990823 time=17.1s est_300=1h 29m 03s
[OURS:CvT-13][153/300] loss=0.9877 ce=0.9877 guidance=0.0000 beta=0.00 train_acc=76.08% test_acc=43.36% best=45.48% lr=0.00024731675 time=16.9s est_300=1h 29m 01s
[OURS:CvT-13][154/300] loss=0.9290 ce=0.9290 guidance=0.0000 beta=0.00 train_acc=77.15% test_acc=44.70% best=45.48% lr=0.00024472584 time=16.7s est_300=1h 28m 59s
[OURS:CvT-13][155/300] loss=0.9338 ce=0.9338 guidance=0.0000 beta=0.00 train_acc=77.10% test_acc=43.86% best=45.48% lr=0.00024213578 time=16.6s est_300=1h 28m 57s
[OURS:CvT-13][156/300] loss=0.9783 ce=0.9783 guidance=0.0000 beta=0.00 train_acc=76.06% test_acc=43.99% best=45.48% lr=0.00023954685 time=15.3s est_300=1h 28m 52s
[OURS:CvT-13][157/300] loss=0.9356 ce=0.9356 guidance=0.0000 beta=0.00 train_acc=77.22% test_acc=44.86% best=45.48% lr=0.00023695935 time=15.8s est_300=1h 28m 48s
[OURS:CvT-13][158/300] loss=0.9441 ce=0.9441 guidance=0.0000 beta=0.00 train_acc=77.74% test_acc=44.11% best=45.48% lr=0.00023437355 time=14.6s est_300=1h 28m 42s
[OURS:CvT-13][159/300] loss=0.9346 ce=0.9346 guidance=0.0000 beta=0.00 train_acc=77.65% test_acc=43.58% best=45.48% lr=0.00023178973 time=16.5s est_300=1h 28m 40s
[OURS:CvT-13][160/300] loss=0.9326 ce=0.9326 guidance=0.0000 beta=0.00 train_acc=77.52% test_acc=45.60% best=45.60% lr=0.00022920819 time=15.5s est_300=1h 28m 36s
[OURS:CvT-13][161/300] loss=0.8956 ce=0.8956 guidance=0.0000 beta=0.00 train_acc=77.86% test_acc=45.18% best=45.60% lr=0.00022662921 time=16.4s est_300=1h 28m 33s
[OURS:CvT-13][162/300] loss=0.9196 ce=0.9196 guidance=0.0000 beta=0.00 train_acc=77.86% test_acc=43.86% best=45.60% lr=0.00022405306 time=16.7s est_300=1h 28m 32s
[OURS:CvT-13][163/300] loss=0.9101 ce=0.9101 guidance=0.0000 beta=0.00 train_acc=78.01% test_acc=44.84% best=45.60% lr=0.00022148002 time=16.4s est_300=1h 28m 29s
[OURS:CvT-13][164/300] loss=0.8771 ce=0.8771 guidance=0.0000 beta=0.00 train_acc=79.25% test_acc=44.43% best=45.60% lr=0.0002189104 time=15.1s est_300=1h 28m 24s
[OURS:CvT-13][165/300] loss=0.8963 ce=0.8963 guidance=0.0000 beta=0.00 train_acc=78.38% test_acc=46.65% best=46.65% lr=0.00021634445 time=14.7s est_300=1h 28m 19s
[OURS:CvT-13][166/300] loss=0.8653 ce=0.8653 guidance=0.0000 beta=0.00 train_acc=79.25% test_acc=45.01% best=46.65% lr=0.00021378247 time=17.0s est_300=1h 28m 18s
[OURS:CvT-13][167/300] loss=0.8522 ce=0.8522 guidance=0.0000 beta=0.00 train_acc=79.42% test_acc=45.43% best=46.65% lr=0.00021122474 time=16.9s est_300=1h 28m 17s
[OURS:CvT-13][168/300] loss=0.8347 ce=0.8347 guidance=0.0000 beta=0.00 train_acc=79.49% test_acc=44.32% best=46.65% lr=0.00020867153 time=17.0s est_300=1h 28m 16s
[OURS:CvT-13][169/300] loss=0.8694 ce=0.8694 guidance=0.0000 beta=0.00 train_acc=78.88% test_acc=44.41% best=46.65% lr=0.00020612312 time=16.7s est_300=1h 28m 14s
[OURS:CvT-13][170/300] loss=0.8653 ce=0.8653 guidance=0.0000 beta=0.00 train_acc=79.42% test_acc=45.75% best=46.65% lr=0.00020357981 time=17.1s est_300=1h 28m 13s
[OURS:CvT-13][171/300] loss=0.8128 ce=0.8128 guidance=0.0000 beta=0.00 train_acc=80.54% test_acc=45.94% best=46.65% lr=0.00020104186 time=16.4s est_300=1h 28m 11s
[OURS:CvT-13][172/300] loss=0.8604 ce=0.8604 guidance=0.0000 beta=0.00 train_acc=79.47% test_acc=45.15% best=46.65% lr=0.00019850955 time=16.4s est_300=1h 28m 08s
[OURS:CvT-13][173/300] loss=0.8330 ce=0.8330 guidance=0.0000 beta=0.00 train_acc=79.79% test_acc=44.84% best=46.65% lr=0.00019598316 time=16.3s est_300=1h 28m 06s
[OURS:CvT-13][174/300] loss=0.8281 ce=0.8281 guidance=0.0000 beta=0.00 train_acc=80.38% test_acc=45.91% best=46.65% lr=0.00019346297 time=16.1s est_300=1h 28m 03s
[OURS:CvT-13][175/300] loss=0.7728 ce=0.7728 guidance=0.0000 beta=0.00 train_acc=81.65% test_acc=45.79% best=46.65% lr=0.00019094925 time=16.5s est_300=1h 28m 02s
[OURS:CvT-13][176/300] loss=0.7784 ce=0.7784 guidance=0.0000 beta=0.00 train_acc=81.38% test_acc=45.25% best=46.65% lr=0.00018844229 time=16.5s est_300=1h 28m 00s
[OURS:CvT-13][177/300] loss=0.7803 ce=0.7803 guidance=0.0000 beta=0.00 train_acc=80.75% test_acc=44.18% best=46.65% lr=0.00018594234 time=16.5s est_300=1h 27m 58s
[OURS:CvT-13][178/300] loss=0.8028 ce=0.8028 guidance=0.0000 beta=0.00 train_acc=80.68% test_acc=44.70% best=46.65% lr=0.0001834497 time=17.2s est_300=1h 27m 57s
[OURS:CvT-13][179/300] loss=0.8108 ce=0.8108 guidance=0.0000 beta=0.00 train_acc=80.56% test_acc=46.86% best=46.86% lr=0.00018096463 time=17.0s est_300=1h 27m 56s
[OURS:CvT-13][180/300] loss=0.7610 ce=0.7610 guidance=0.0000 beta=0.00 train_acc=81.27% test_acc=46.51% best=46.86% lr=0.0001784874 time=16.1s est_300=1h 27m 53s
[OURS:CvT-13][181/300] loss=0.7442 ce=0.7442 guidance=0.0000 beta=0.00 train_acc=82.12% test_acc=46.93% best=46.93% lr=0.00017601829 time=16.4s est_300=1h 27m 52s
[OURS:CvT-13][182/300] loss=0.7845 ce=0.7845 guidance=0.0000 beta=0.00 train_acc=81.01% test_acc=45.36% best=46.93% lr=0.00017355757 time=16.8s est_300=1h 27m 50s
[OURS:CvT-13][183/300] loss=0.7531 ce=0.7531 guidance=0.0000 beta=0.00 train_acc=81.74% test_acc=44.65% best=46.93% lr=0.0001711055 time=17.2s est_300=1h 27m 50s
[OURS:CvT-13][184/300] loss=0.6856 ce=0.6856 guidance=0.0000 beta=0.00 train_acc=83.23% test_acc=45.41% best=46.93% lr=0.00016866236 time=17.1s est_300=1h 27m 49s
[OURS:CvT-13][185/300] loss=0.7377 ce=0.7377 guidance=0.0000 beta=0.00 train_acc=82.17% test_acc=45.41% best=46.93% lr=0.00016622842 time=16.9s est_300=1h 27m 48s
[OURS:CvT-13][186/300] loss=0.7135 ce=0.7135 guidance=0.0000 beta=0.00 train_acc=82.76% test_acc=46.32% best=46.93% lr=0.00016380393 time=16.8s est_300=1h 27m 47s
[OURS:CvT-13][187/300] loss=0.7025 ce=0.7025 guidance=0.0000 beta=0.00 train_acc=82.64% test_acc=45.79% best=46.93% lr=0.00016138917 time=15.7s est_300=1h 27m 44s
[OURS:CvT-13][188/300] loss=0.7011 ce=0.7011 guidance=0.0000 beta=0.00 train_acc=83.33% test_acc=44.43% best=46.93% lr=0.00015898441 time=16.4s est_300=1h 27m 42s
[OURS:CvT-13][189/300] loss=0.7094 ce=0.7094 guidance=0.0000 beta=0.00 train_acc=83.05% test_acc=46.32% best=46.93% lr=0.00015658989 time=16.6s est_300=1h 27m 40s
[OURS:CvT-13][190/300] loss=0.6775 ce=0.6775 guidance=0.0000 beta=0.00 train_acc=83.87% test_acc=44.58% best=46.93% lr=0.0001542059 time=15.6s est_300=1h 27m 37s
[OURS:CvT-13][191/300] loss=0.6863 ce=0.6863 guidance=0.0000 beta=0.00 train_acc=83.17% test_acc=45.89% best=46.93% lr=0.00015183268 time=14.3s est_300=1h 27m 32s
[OURS:CvT-13][192/300] loss=0.6883 ce=0.6883 guidance=0.0000 beta=0.00 train_acc=83.27% test_acc=45.03% best=46.93% lr=0.0001494705 time=13.4s est_300=1h 27m 26s
[OURS:CvT-13][193/300] loss=0.6802 ce=0.6802 guidance=0.0000 beta=0.00 train_acc=83.64% test_acc=45.70% best=46.93% lr=0.00014711963 time=16.2s est_300=1h 27m 24s
[OURS:CvT-13][194/300] loss=0.6511 ce=0.6511 guidance=0.0000 beta=0.00 train_acc=84.43% test_acc=46.43% best=46.93% lr=0.0001447803 time=17.1s est_300=1h 27m 23s
[OURS:CvT-13][195/300] loss=0.6729 ce=0.6729 guidance=0.0000 beta=0.00 train_acc=83.92% test_acc=46.72% best=46.93% lr=0.00014245279 time=16.7s est_300=1h 27m 22s
[OURS:CvT-13][196/300] loss=0.6752 ce=0.6752 guidance=0.0000 beta=0.00 train_acc=83.65% test_acc=47.24% best=47.24% lr=0.00014013735 time=16.4s est_300=1h 27m 21s
[OURS:CvT-13][197/300] loss=0.6633 ce=0.6633 guidance=0.0000 beta=0.00 train_acc=84.21% test_acc=45.96% best=47.24% lr=0.00013783423 time=16.6s est_300=1h 27m 19s
[OURS:CvT-13][198/300] loss=0.6554 ce=0.6554 guidance=0.0000 beta=0.00 train_acc=84.12% test_acc=45.43% best=47.24% lr=0.00013554369 time=16.6s est_300=1h 27m 18s
[OURS:CvT-13][199/300] loss=0.6652 ce=0.6652 guidance=0.0000 beta=0.00 train_acc=83.92% test_acc=45.70% best=47.24% lr=0.00013326597 time=15.4s est_300=1h 27m 15s
[OURS:CvT-13][200/300] loss=0.6195 ce=0.6195 guidance=0.0000 beta=0.00 train_acc=85.10% test_acc=44.44% best=47.24% lr=0.00013100132 time=16.2s est_300=1h 27m 13s
[OURS:CvT-13][201/300] loss=0.6210 ce=0.6210 guidance=0.0000 beta=0.00 train_acc=85.20% test_acc=44.98% best=47.24% lr=0.00012875 time=16.9s est_300=1h 27m 12s
[OURS:CvT-13][202/300] loss=0.6274 ce=0.6274 guidance=0.0000 beta=0.00 train_acc=85.06% test_acc=46.41% best=47.24% lr=0.00012651225 time=15.9s est_300=1h 27m 10s
[OURS:CvT-13][203/300] loss=0.6092 ce=0.6092 guidance=0.0000 beta=0.00 train_acc=85.22% test_acc=44.96% best=47.24% lr=0.00012428832 time=16.4s est_300=1h 27m 08s
[OURS:CvT-13][204/300] loss=0.6739 ce=0.6739 guidance=0.0000 beta=0.00 train_acc=84.06% test_acc=45.69% best=47.24% lr=0.00012207844 time=16.3s est_300=1h 27m 07s
[OURS:CvT-13][205/300] loss=0.6352 ce=0.6352 guidance=0.0000 beta=0.00 train_acc=84.51% test_acc=46.51% best=47.24% lr=0.00011988287 time=16.2s est_300=1h 27m 05s
[OURS:CvT-13][206/300] loss=0.6323 ce=0.6323 guidance=0.0000 beta=0.00 train_acc=85.05% test_acc=46.84% best=47.24% lr=0.00011770184 time=16.0s est_300=1h 27m 03s
[OURS:CvT-13][207/300] loss=0.5865 ce=0.5865 guidance=0.0000 beta=0.00 train_acc=85.48% test_acc=46.05% best=47.24% lr=0.00011553559 time=16.5s est_300=1h 27m 02s
[OURS:CvT-13][208/300] loss=0.6126 ce=0.6126 guidance=0.0000 beta=0.00 train_acc=85.30% test_acc=45.72% best=47.24% lr=0.00011338436 time=17.1s est_300=1h 27m 01s
[OURS:CvT-13][209/300] loss=0.5668 ce=0.5668 guidance=0.0000 beta=0.00 train_acc=86.37% test_acc=46.81% best=47.24% lr=0.00011124839 time=16.7s est_300=1h 27m 00s
[OURS:CvT-13][210/300] loss=0.5906 ce=0.5906 guidance=0.0000 beta=0.00 train_acc=86.02% test_acc=45.77% best=47.24% lr=0.00010912791 time=16.1s est_300=1h 26m 58s
[OURS:CvT-13][211/300] loss=0.5703 ce=0.5703 guidance=0.0000 beta=0.00 train_acc=86.27% test_acc=45.69% best=47.24% lr=0.00010702315 time=16.2s est_300=1h 26m 57s
[OURS:CvT-13][212/300] loss=0.5812 ce=0.5812 guidance=0.0000 beta=0.00 train_acc=85.97% test_acc=46.57% best=47.24% lr=0.00010493434 time=16.3s est_300=1h 26m 55s
[OURS:CvT-13][213/300] loss=0.5563 ce=0.5563 guidance=0.0000 beta=0.00 train_acc=86.02% test_acc=46.46% best=47.24% lr=0.00010286172 time=15.8s est_300=1h 26m 53s
[OURS:CvT-13][214/300] loss=0.5620 ce=0.5620 guidance=0.0000 beta=0.00 train_acc=86.46% test_acc=45.84% best=47.24% lr=0.0001008055 time=14.7s est_300=1h 26m 49s
[OURS:CvT-13][215/300] loss=0.5715 ce=0.5715 guidance=0.0000 beta=0.00 train_acc=86.31% test_acc=45.53% best=47.24% lr=9.8765924e-05 time=16.0s est_300=1h 26m 47s
[OURS:CvT-13][216/300] loss=0.5838 ce=0.5838 guidance=0.0000 beta=0.00 train_acc=86.17% test_acc=46.51% best=47.24% lr=9.6743203e-05 time=14.8s est_300=1h 26m 44s
[OURS:CvT-13][217/300] loss=0.5228 ce=0.5228 guidance=0.0000 beta=0.00 train_acc=86.96% test_acc=46.22% best=47.24% lr=9.4737563e-05 time=16.4s est_300=1h 26m 43s
[OURS:CvT-13][218/300] loss=0.5708 ce=0.5708 guidance=0.0000 beta=0.00 train_acc=86.06% test_acc=45.93% best=47.24% lr=9.2749222e-05 time=16.6s est_300=1h 26m 41s
[OURS:CvT-13][219/300] loss=0.5502 ce=0.5502 guidance=0.0000 beta=0.00 train_acc=86.61% test_acc=45.72% best=47.24% lr=9.0778401e-05 time=16.3s est_300=1h 26m 40s
[OURS:CvT-13][220/300] loss=0.5265 ce=0.5265 guidance=0.0000 beta=0.00 train_acc=87.25% test_acc=46.53% best=47.24% lr=8.8825313e-05 time=15.8s est_300=1h 26m 38s
[OURS:CvT-13][221/300] loss=0.5476 ce=0.5476 guidance=0.0000 beta=0.00 train_acc=86.49% test_acc=46.74% best=47.24% lr=8.6890175e-05 time=16.4s est_300=1h 26m 37s
[OURS:CvT-13][222/300] loss=0.5513 ce=0.5513 guidance=0.0000 beta=0.00 train_acc=86.66% test_acc=45.89% best=47.24% lr=8.4973198e-05 time=16.6s est_300=1h 26m 36s
[OURS:CvT-13][223/300] loss=0.5566 ce=0.5566 guidance=0.0000 beta=0.00 train_acc=87.13% test_acc=46.43% best=47.24% lr=8.3074591e-05 time=15.8s est_300=1h 26m 34s
[OURS:CvT-13][224/300] loss=0.5279 ce=0.5279 guidance=0.0000 beta=0.00 train_acc=87.50% test_acc=46.05% best=47.24% lr=8.1194564e-05 time=16.7s est_300=1h 26m 33s
[OURS:CvT-13][225/300] loss=0.5175 ce=0.5175 guidance=0.0000 beta=0.00 train_acc=87.70% test_acc=47.08% best=47.24% lr=7.9333323e-05 time=16.2s est_300=1h 26m 31s
[OURS:CvT-13][226/300] loss=0.5091 ce=0.5091 guidance=0.0000 beta=0.00 train_acc=87.52% test_acc=46.69% best=47.24% lr=7.7491072e-05 time=15.9s est_300=1h 26m 29s
[OURS:CvT-13][227/300] loss=0.5123 ce=0.5123 guidance=0.0000 beta=0.00 train_acc=87.70% test_acc=46.03% best=47.24% lr=7.5668012e-05 time=15.2s est_300=1h 26m 27s
[OURS:CvT-13][228/300] loss=0.5392 ce=0.5392 guidance=0.0000 beta=0.00 train_acc=87.15% test_acc=46.10% best=47.24% lr=7.3864344e-05 time=16.7s est_300=1h 26m 26s
[OURS:CvT-13][229/300] loss=0.5116 ce=0.5116 guidance=0.0000 beta=0.00 train_acc=87.63% test_acc=46.20% best=47.24% lr=7.2080265e-05 time=16.2s est_300=1h 26m 24s
[OURS:CvT-13][230/300] loss=0.4885 ce=0.4885 guidance=0.0000 beta=0.00 train_acc=88.29% test_acc=45.63% best=47.24% lr=7.0315971e-05 time=16.5s est_300=1h 26m 23s
[OURS:CvT-13][231/300] loss=0.4955 ce=0.4955 guidance=0.0000 beta=0.00 train_acc=88.04% test_acc=44.91% best=47.24% lr=6.8571656e-05 time=16.7s est_300=1h 26m 23s
[OURS:CvT-13][232/300] loss=0.4831 ce=0.4831 guidance=0.0000 beta=0.00 train_acc=88.59% test_acc=46.72% best=47.24% lr=6.684751e-05 time=16.3s est_300=1h 26m 21s
[OURS:CvT-13][233/300] loss=0.4928 ce=0.4928 guidance=0.0000 beta=0.00 train_acc=87.95% test_acc=45.82% best=47.24% lr=6.5143724e-05 time=16.2s est_300=1h 26m 20s
[OURS:CvT-13][234/300] loss=0.4965 ce=0.4965 guidance=0.0000 beta=0.00 train_acc=88.10% test_acc=46.19% best=47.24% lr=6.3460483e-05 time=16.4s est_300=1h 26m 19s
[OURS:CvT-13][235/300] loss=0.4853 ce=0.4853 guidance=0.0000 beta=0.00 train_acc=88.05% test_acc=46.44% best=47.24% lr=6.1797972e-05 time=17.2s est_300=1h 26m 19s
[OURS:CvT-13][236/300] loss=0.4696 ce=0.4696 guidance=0.0000 beta=0.00 train_acc=88.39% test_acc=46.01% best=47.24% lr=6.0156375e-05 time=16.9s est_300=1h 26m 18s
[OURS:CvT-13][237/300] loss=0.4687 ce=0.4687 guidance=0.0000 beta=0.00 train_acc=89.01% test_acc=45.67% best=47.24% lr=5.8535869e-05 time=16.2s est_300=1h 26m 17s
[OURS:CvT-13][238/300] loss=0.4713 ce=0.4713 guidance=0.0000 beta=0.00 train_acc=89.03% test_acc=46.15% best=47.24% lr=5.6936634e-05 time=16.4s est_300=1h 26m 16s
[OURS:CvT-13][239/300] loss=0.4568 ce=0.4568 guidance=0.0000 beta=0.00 train_acc=88.84% test_acc=47.01% best=47.24% lr=5.5358845e-05 time=16.3s est_300=1h 26m 15s
[OURS:CvT-13][240/300] loss=0.4621 ce=0.4621 guidance=0.0000 beta=0.00 train_acc=88.93% test_acc=46.96% best=47.24% lr=5.3802675e-05 time=16.6s est_300=1h 26m 14s
[OURS:CvT-13][241/300] loss=0.4717 ce=0.4717 guidance=0.0000 beta=0.00 train_acc=88.63% test_acc=46.50% best=47.24% lr=5.2268294e-05 time=16.5s est_300=1h 26m 13s
[OURS:CvT-13][242/300] loss=0.4527 ce=0.4527 guidance=0.0000 beta=0.00 train_acc=89.21% test_acc=47.38% best=47.38% lr=5.0755871e-05 time=16.3s est_300=1h 26m 12s
[OURS:CvT-13][243/300] loss=0.4573 ce=0.4573 guidance=0.0000 beta=0.00 train_acc=88.93% test_acc=47.03% best=47.38% lr=4.9265571e-05 time=16.6s est_300=1h 26m 11s
[OURS:CvT-13][244/300] loss=0.4738 ce=0.4738 guidance=0.0000 beta=0.00 train_acc=88.84% test_acc=47.39% best=47.39% lr=4.7797558e-05 time=16.6s est_300=1h 26m 10s
[OURS:CvT-13][245/300] loss=0.4724 ce=0.4724 guidance=0.0000 beta=0.00 train_acc=88.94% test_acc=47.57% best=47.57% lr=4.6351993e-05 time=16.9s est_300=1h 26m 10s
[OURS:CvT-13][246/300] loss=0.4534 ce=0.4534 guidance=0.0000 beta=0.00 train_acc=89.47% test_acc=47.13% best=47.57% lr=4.4929034e-05 time=15.5s est_300=1h 26m 08s
[OURS:CvT-13][247/300] loss=0.4870 ce=0.4870 guidance=0.0000 beta=0.00 train_acc=88.84% test_acc=47.17% best=47.57% lr=4.3528838e-05 time=16.5s est_300=1h 26m 07s
[OURS:CvT-13][248/300] loss=0.4527 ce=0.4527 guidance=0.0000 beta=0.00 train_acc=89.40% test_acc=47.98% best=47.98% lr=4.2151558e-05 time=16.9s est_300=1h 26m 06s
[OURS:CvT-13][249/300] loss=0.4343 ce=0.4343 guidance=0.0000 beta=0.00 train_acc=89.35% test_acc=47.10% best=47.98% lr=4.0797346e-05 time=17.1s est_300=1h 26m 06s
[OURS:CvT-13][250/300] loss=0.4358 ce=0.4358 guidance=0.0000 beta=0.00 train_acc=89.60% test_acc=47.12% best=47.98% lr=3.9466348e-05 time=16.9s est_300=1h 26m 06s
[OURS:CvT-13][251/300] loss=0.4309 ce=0.4309 guidance=0.0000 beta=0.00 train_acc=89.65% test_acc=46.19% best=47.98% lr=3.8158713e-05 time=16.5s est_300=1h 26m 05s
[OURS:CvT-13][252/300] loss=0.4357 ce=0.4357 guidance=0.0000 beta=0.00 train_acc=89.53% test_acc=46.86% best=47.98% lr=3.6874582e-05 time=16.4s est_300=1h 26m 04s
[OURS:CvT-13][253/300] loss=0.4452 ce=0.4452 guidance=0.0000 beta=0.00 train_acc=89.72% test_acc=46.82% best=47.98% lr=3.5614097e-05 time=16.3s est_300=1h 26m 03s
[OURS:CvT-13][254/300] loss=0.4509 ce=0.4509 guidance=0.0000 beta=0.00 train_acc=88.94% test_acc=47.08% best=47.98% lr=3.4377396e-05 time=15.8s est_300=1h 26m 01s
[OURS:CvT-13][255/300] loss=0.4126 ce=0.4126 guidance=0.0000 beta=0.00 train_acc=89.90% test_acc=47.43% best=47.98% lr=3.3164614e-05 time=16.1s est_300=1h 26m 00s
[OURS:CvT-13][256/300] loss=0.4426 ce=0.4426 guidance=0.0000 beta=0.00 train_acc=89.33% test_acc=47.51% best=47.98% lr=3.1975885e-05 time=16.8s est_300=1h 26m 00s
[OURS:CvT-13][257/300] loss=0.4282 ce=0.4282 guidance=0.0000 beta=0.00 train_acc=90.22% test_acc=46.81% best=47.98% lr=3.0811339e-05 time=14.0s est_300=1h 25m 56s
[OURS:CvT-13][258/300] loss=0.4304 ce=0.4304 guidance=0.0000 beta=0.00 train_acc=89.57% test_acc=47.07% best=47.98% lr=2.9671104e-05 time=16.0s est_300=1h 25m 55s
[OURS:CvT-13][259/300] loss=0.4186 ce=0.4186 guidance=0.0000 beta=0.00 train_acc=89.62% test_acc=47.20% best=47.98% lr=2.8555305e-05 time=16.8s est_300=1h 25m 54s
[OURS:CvT-13][260/300] loss=0.4120 ce=0.4120 guidance=0.0000 beta=0.00 train_acc=90.49% test_acc=47.36% best=47.98% lr=2.7464063e-05 time=16.7s est_300=1h 25m 54s
[OURS:CvT-13][261/300] loss=0.4152 ce=0.4152 guidance=0.0000 beta=0.00 train_acc=90.15% test_acc=47.10% best=47.98% lr=2.6397499e-05 time=15.1s est_300=1h 25m 51s
[OURS:CvT-13][262/300] loss=0.3965 ce=0.3965 guidance=0.0000 beta=0.00 train_acc=90.46% test_acc=47.34% best=47.98% lr=2.535573e-05 time=16.4s est_300=1h 25m 50s
[OURS:CvT-13][263/300] loss=0.4144 ce=0.4144 guidance=0.0000 beta=0.00 train_acc=89.95% test_acc=47.57% best=47.98% lr=2.433887e-05 time=16.6s est_300=1h 25m 50s
[OURS:CvT-13][264/300] loss=0.4250 ce=0.4250 guidance=0.0000 beta=0.00 train_acc=89.75% test_acc=47.43% best=47.98% lr=2.334703e-05 time=16.4s est_300=1h 25m 49s
[OURS:CvT-13][265/300] loss=0.4293 ce=0.4293 guidance=0.0000 beta=0.00 train_acc=89.57% test_acc=47.15% best=47.98% lr=2.238032e-05 time=15.9s est_300=1h 25m 47s
[OURS:CvT-13][266/300] loss=0.4226 ce=0.4226 guidance=0.0000 beta=0.00 train_acc=89.97% test_acc=47.03% best=47.98% lr=2.1438844e-05 time=16.0s est_300=1h 25m 46s
[OURS:CvT-13][267/300] loss=0.3926 ce=0.3926 guidance=0.0000 beta=0.00 train_acc=90.57% test_acc=47.55% best=47.98% lr=2.0522708e-05 time=16.9s est_300=1h 25m 46s
[OURS:CvT-13][268/300] loss=0.4143 ce=0.4143 guidance=0.0000 beta=0.00 train_acc=90.12% test_acc=47.00% best=47.98% lr=1.963201e-05 time=16.4s est_300=1h 25m 45s
[OURS:CvT-13][269/300] loss=0.4001 ce=0.4001 guidance=0.0000 beta=0.00 train_acc=90.47% test_acc=47.50% best=47.98% lr=1.8766848e-05 time=15.7s est_300=1h 25m 43s
[OURS:CvT-13][270/300] loss=0.4196 ce=0.4196 guidance=0.0000 beta=0.00 train_acc=89.92% test_acc=47.08% best=47.98% lr=1.7927319e-05 time=16.6s est_300=1h 25m 43s
[OURS:CvT-13][271/300] loss=0.3998 ce=0.3998 guidance=0.0000 beta=0.00 train_acc=90.57% test_acc=47.01% best=47.98% lr=1.7113512e-05 time=17.0s est_300=1h 25m 43s
[OURS:CvT-13][272/300] loss=0.4105 ce=0.4105 guidance=0.0000 beta=0.00 train_acc=90.24% test_acc=47.19% best=47.98% lr=1.6325519e-05 time=16.7s est_300=1h 25m 42s
[OURS:CvT-13][273/300] loss=0.3951 ce=0.3951 guidance=0.0000 beta=0.00 train_acc=90.46% test_acc=47.15% best=47.98% lr=1.5563424e-05 time=16.8s est_300=1h 25m 42s
[OURS:CvT-13][274/300] loss=0.3893 ce=0.3893 guidance=0.0000 beta=0.00 train_acc=90.66% test_acc=47.46% best=47.98% lr=1.4827313e-05 time=15.6s est_300=1h 25m 40s
[OURS:CvT-13][275/300] loss=0.3856 ce=0.3856 guidance=0.0000 beta=0.00 train_acc=90.59% test_acc=47.20% best=47.98% lr=1.4117265e-05 time=16.7s est_300=1h 25m 39s
[OURS:CvT-13][276/300] loss=0.3798 ce=0.3798 guidance=0.0000 beta=0.00 train_acc=90.99% test_acc=47.32% best=47.98% lr=1.3433358e-05 time=15.8s est_300=1h 25m 38s
[OURS:CvT-13][277/300] loss=0.4057 ce=0.4057 guidance=0.0000 beta=0.00 train_acc=90.14% test_acc=47.29% best=47.98% lr=1.2775668e-05 time=16.7s est_300=1h 25m 37s
[OURS:CvT-13][278/300] loss=0.3964 ce=0.3964 guidance=0.0000 beta=0.00 train_acc=90.56% test_acc=47.32% best=47.98% lr=1.2144266e-05 time=16.8s est_300=1h 25m 37s
[OURS:CvT-13][279/300] loss=0.3796 ce=0.3796 guidance=0.0000 beta=0.00 train_acc=91.15% test_acc=47.10% best=47.98% lr=1.1539222e-05 time=16.5s est_300=1h 25m 37s
[OURS:CvT-13][280/300] loss=0.3888 ce=0.3888 guidance=0.0000 beta=0.00 train_acc=90.86% test_acc=47.29% best=47.98% lr=1.0960601e-05 time=16.6s est_300=1h 25m 36s
[OURS:CvT-13][281/300] loss=0.3773 ce=0.3773 guidance=0.0000 beta=0.00 train_acc=90.98% test_acc=47.01% best=47.98% lr=1.0408469e-05 time=15.8s est_300=1h 25m 35s
[OURS:CvT-13][282/300] loss=0.3945 ce=0.3945 guidance=0.0000 beta=0.00 train_acc=90.51% test_acc=46.65% best=47.98% lr=9.8828843e-06 time=15.6s est_300=1h 25m 33s
[OURS:CvT-13][283/300] loss=0.3759 ce=0.3759 guidance=0.0000 beta=0.00 train_acc=90.54% test_acc=46.93% best=47.98% lr=9.3839054e-06 time=16.1s est_300=1h 25m 32s
[OURS:CvT-13][284/300] loss=0.3934 ce=0.3934 guidance=0.0000 beta=0.00 train_acc=90.56% test_acc=47.05% best=47.98% lr=8.911587e-06 time=15.4s est_300=1h 25m 30s
[OURS:CvT-13][285/300] loss=0.3929 ce=0.3929 guidance=0.0000 beta=0.00 train_acc=90.91% test_acc=47.12% best=47.98% lr=8.4659808e-06 time=16.1s est_300=1h 25m 29s
[OURS:CvT-13][286/300] loss=0.3824 ce=0.3824 guidance=0.0000 beta=0.00 train_acc=90.66% test_acc=47.10% best=47.98% lr=8.0471357e-06 time=16.3s est_300=1h 25m 28s
[OURS:CvT-13][287/300] loss=0.4017 ce=0.4017 guidance=0.0000 beta=0.00 train_acc=90.71% test_acc=47.19% best=47.98% lr=7.6550976e-06 time=16.4s est_300=1h 25m 28s
[OURS:CvT-13][288/300] loss=0.3918 ce=0.3918 guidance=0.0000 beta=0.00 train_acc=90.76% test_acc=46.74% best=47.98% lr=7.2899095e-06 time=16.9s est_300=1h 25m 27s
[OURS:CvT-13][289/300] loss=0.3915 ce=0.3915 guidance=0.0000 beta=0.00 train_acc=90.59% test_acc=47.17% best=47.98% lr=6.9516114e-06 time=16.9s est_300=1h 25m 27s
[OURS:CvT-13][290/300] loss=0.3724 ce=0.3724 guidance=0.0000 beta=0.00 train_acc=91.38% test_acc=47.32% best=47.98% lr=6.6402405e-06 time=16.0s est_300=1h 25m 26s
[OURS:CvT-13][291/300] loss=0.3886 ce=0.3886 guidance=0.0000 beta=0.00 train_acc=90.66% test_acc=47.00% best=47.98% lr=6.3558309e-06 time=16.4s est_300=1h 25m 25s
[OURS:CvT-13][292/300] loss=0.3959 ce=0.3959 guidance=0.0000 beta=0.00 train_acc=90.20% test_acc=47.26% best=47.98% lr=6.0984138e-06 time=15.9s est_300=1h 25m 24s
[OURS:CvT-13][293/300] loss=0.3798 ce=0.3798 guidance=0.0000 beta=0.00 train_acc=90.94% test_acc=47.32% best=47.98% lr=5.8680173e-06 time=17.1s est_300=1h 25m 24s
[OURS:CvT-13][294/300] loss=0.3634 ce=0.3634 guidance=0.0000 beta=0.00 train_acc=91.50% test_acc=47.20% best=47.98% lr=5.6646669e-06 time=16.6s est_300=1h 25m 24s
[OURS:CvT-13][295/300] loss=0.3699 ce=0.3699 guidance=0.0000 beta=0.00 train_acc=91.50% test_acc=47.36% best=47.98% lr=5.4883847e-06 time=16.6s est_300=1h 25m 23s
[OURS:CvT-13][296/300] loss=0.3806 ce=0.3806 guidance=0.0000 beta=0.00 train_acc=91.30% test_acc=47.57% best=47.98% lr=5.3391901e-06 time=16.7s est_300=1h 25m 23s
[OURS:CvT-13][297/300] loss=0.3772 ce=0.3772 guidance=0.0000 beta=0.00 train_acc=90.78% test_acc=47.13% best=47.98% lr=5.2170996e-06 time=16.7s est_300=1h 25m 22s
[OURS:CvT-13][298/300] loss=0.3704 ce=0.3704 guidance=0.0000 beta=0.00 train_acc=91.35% test_acc=47.10% best=47.98% lr=5.1221263e-06 time=16.6s est_300=1h 25m 22s
[OURS:CvT-13][299/300] loss=0.3855 ce=0.3855 guidance=0.0000 beta=0.00 train_acc=90.98% test_acc=47.19% best=47.98% lr=5.0542808e-06 time=16.5s est_300=1h 25m 21s
[OURS:CvT-13][300/300] loss=0.3751 ce=0.3751 guidance=0.0000 beta=0.00 train_acc=90.81% test_acc=46.95% best=47.98% lr=5.0135706e-06 time=16.6s est_300=1h 25m 21s
[TIMING_RESULT] student=CvT-13 method=OURS batch=64 avg_epoch=17.07s estimated_300=1h 25m 21s
[FINAL_RESULT] summary=/app/output/table1_cub200_cvt13_all_full_seed1/students/table1_cub200_cvt_13_ours_b64_full_300ep_seed1/summary.json
[DONE] Table-1 CUB student task completed successfully.
[STUDENT_IDENTITY_CHECK_TABLE1_CUB200] status=PASS student=CvT-13 method=OursB64 batch=64 teacher=06f75192b1c108c89e480843cb4f72dfb28aa762d7b11e7ac327333dd54b51f5
[TASK_DONE] 4/5 CvT-13/OursB64 elapsed=1h 26m 21s
------------------------------------------------------------------------------------------------
[TASK_START] 5/5 CvT-13/OursB128
[COMMAND][OursB128] /usr/bin/python /app/scratch/input/bapedragon_552/methods/table1_cub200/train.py --full-run --student cvt_13 --method ours --batch-size 128 --data-dir /app/output/table1_cub200_cvt13_all_full_seed1/data/cub200 --teacher-root /app/scratch/input/bapedragon_552/teachers/checkpoints/cub200_table1_resnet56_32 --output-dir /app/output/table1_cub200_cvt13_all_full_seed1/students --run-name table1_cub200_cvt_13_ours_b128_full_300ep_seed1 --num-workers 4
[BOOT] Python process started: /usr/bin/python
[BOOT] complete Table-1 runtime dependencies already available
/usr/local/lib/python3.10/dist-packages/timm/models/layers/__init__.py:49: FutureWarning: Importing from timm.models.layers is deprecated, please import via timm.layers
  warnings.warn(f"Importing from {__name__} is deprecated, please import via timm.layers", FutureWarning)
========================================================================================
CUB-200 TABLE-1 EXTENSION
========================================================================================
[TASK] student=CvT-13 method=OURS batch=128 mode=full_300ep
[MODE] actual_epochs=300 planned_epochs=300
[PROTOCOL_LOCK] dataset=CUB-200-2011 split=5994/5794 teacher=ResNet56-scratch-32 student=scratch-224 epochs=300 AdamW=5e-4->5e-6 wd=0.05 warmup=20 seed=1 fp32=True
[FIXED_TEACHER_TABLE1_CUB200] h200_build=543 root=/app/scratch/input/bapedragon_552/teachers/checkpoints/cub200_table1_resnet56_32 sha256=06f75192b1c108c89e480843cb4f72dfb28aa762d7b11e7ac327333dd54b51f5
[SOURCE] official_lg_repo=https://github.com/lkhl/tiny-transformers commit=d2165f74049c906b0afc9f957491960fb3c0cc8b
[MODEL] params=19,689,480 feature_dims=(64, 192, 192, 384, 384, 384, 384, 384, 384, 384, 384, 384, 384) selected_lg=(0, 6, 11)
[FEATURE_CHECK] student=((2, 64, 56, 56), (2, 192, 28, 28), (2, 192, 28, 28), (2, 384, 14, 14), (2, 384, 14, 14), (2, 384, 14, 14), (2, 384, 14, 14), (2, 384, 14, 14), (2, 384, 14, 14), (2, 384, 14, 14), (2, 384, 14, 14), (2, 384, 14, 14), (2, 384, 14, 14)) teacher=((2, 16, 32, 32), (2, 32, 16, 16), (2, 64, 8, 8)) guidance_probe=11.925761
[OURS_ADAPTER] all_blocks=True common_channels=192 common_grid=14 adapter_params=751,680 ours_params=55,904
[OPTIMIZER] contract=ours_single_group_all_parameters_decay_0.05
[OURS:CvT-13][001/300] loss=97.7686 ce=5.3805 guidance=36.9552 beta=2.50 train_acc=0.48% test_acc=0.40% best=0.40% lr=5e-07 time=19.4s est_300=1h 37m 08s
[OURS:CvT-13][002/300] loss=92.6598 ce=5.3254 guidance=34.9338 beta=2.50 train_acc=0.58% test_acc=0.59% best=0.59% lr=2.5475e-05 time=16.8s est_300=1h 30m 31s
[OURS:CvT-13][003/300] loss=79.1077 ce=5.3084 guidance=29.5197 beta=2.50 train_acc=0.66% test_acc=0.90% best=0.90% lr=5.045e-05 time=16.7s est_300=1h 28m 09s
[OURS:CvT-13][004/300] loss=73.7412 ce=5.2629 guidance=27.3913 beta=2.50 train_acc=0.80% test_acc=0.93% best=0.93% lr=7.5425e-05 time=16.7s est_300=1h 27m 00s
[OURS:CvT-13][005/300] loss=68.2083 ce=5.2438 guidance=25.1858 beta=2.50 train_acc=0.78% test_acc=1.05% best=1.05% lr=0.0001004 time=16.7s est_300=1h 26m 15s
[OURS:CvT-13][006/300] loss=63.1586 ce=5.1954 guidance=23.1852 beta=2.50 train_acc=0.92% test_acc=1.21% best=1.21% lr=0.000125375 time=16.5s est_300=1h 25m 37s
[OURS:CvT-13][007/300] loss=58.6692 ce=5.1857 guidance=21.3934 beta=2.50 train_acc=0.93% test_acc=1.50% best=1.50% lr=0.00015035 time=16.2s est_300=1h 24m 59s
[OURS:CvT-13][008/300] loss=55.2088 ce=5.1418 guidance=20.0268 beta=2.50 train_acc=1.17% test_acc=1.97% best=1.97% lr=0.000175325 time=16.2s est_300=1h 24m 28s
[OURS:CvT-13][009/300] loss=53.4175 ce=5.0835 guidance=19.3336 beta=2.50 train_acc=1.68% test_acc=2.21% best=2.21% lr=0.0002003 time=15.9s est_300=1h 23m 56s
[OURS:CvT-13][010/300] loss=51.0369 ce=5.0161 guidance=18.4083 beta=2.50 train_acc=2.31% test_acc=3.02% best=3.02% lr=0.000225275 time=16.4s est_300=1h 23m 43s
[OURS:CvT-13][011/300] loss=49.0271 ce=4.9127 guidance=17.6457 beta=2.50 train_acc=2.68% test_acc=4.09% best=4.09% lr=0.00025025 time=16.8s est_300=1h 23m 44s
[OURS:CvT-13][012/300] loss=47.4770 ce=4.8322 guidance=17.0579 beta=2.50 train_acc=3.43% test_acc=5.21% best=5.21% lr=0.000275225 time=16.6s est_300=1h 23m 41s
[OURS:CvT-13][013/300] loss=45.6869 ce=4.7770 guidance=16.3640 beta=2.50 train_acc=3.79% test_acc=5.83% best=5.83% lr=0.0003002 time=16.8s est_300=1h 23m 42s
[OURS:CvT-13][014/300] loss=44.4216 ce=4.6765 guidance=15.8981 beta=2.50 train_acc=4.65% test_acc=5.99% best=5.99% lr=0.000325175 time=16.9s est_300=1h 23m 46s
[OURS:CvT-13][015/300] loss=42.9747 ce=4.5782 guidance=15.3586 beta=2.50 train_acc=5.20% test_acc=8.35% best=8.35% lr=0.00035015 time=16.2s est_300=1h 23m 34s
[OURS:CvT-13][016/300] loss=41.4198 ce=4.4657 guidance=14.7816 beta=2.50 train_acc=6.76% test_acc=8.34% best=8.35% lr=0.000375125 time=16.3s est_300=1h 23m 27s
[OURS:CvT-13][017/300] loss=40.4058 ce=4.3887 guidance=14.4068 beta=2.50 train_acc=7.30% test_acc=10.72% best=10.72% lr=0.0004001 time=16.1s est_300=1h 23m 17s
[OURS:CvT-13][018/300] loss=39.0834 ce=4.3088 guidance=13.9098 beta=2.50 train_acc=8.08% test_acc=12.37% best=12.37% lr=0.000425075 time=16.3s est_300=1h 23m 11s
[OURS:CvT-13][019/300] loss=38.2646 ce=4.2162 guidance=13.6194 beta=2.50 train_acc=9.24% test_acc=12.91% best=12.91% lr=0.00045005 time=16.2s est_300=1h 23m 04s
[OURS:CvT-13][020/300] loss=37.1236 ce=4.1602 guidance=13.1854 beta=2.50 train_acc=10.38% test_acc=13.69% best=13.69% lr=0.000475025 time=16.4s est_300=1h 23m 01s
[OURS:CvT-13][021/300] loss=36.5422 ce=4.0648 guidance=12.9910 beta=2.50 train_acc=11.21% test_acc=14.57% best=14.57% lr=0.00049459153 time=16.2s est_300=1h 22m 54s
[OURS:CvT-13][022/300] loss=35.5787 ce=3.9700 guidance=12.6435 beta=2.50 train_acc=12.60% test_acc=15.26% best=15.26% lr=0.0004940394 time=16.2s est_300=1h 22m 49s
[OURS:CvT-13][023/300] loss=34.9133 ce=3.8871 guidance=12.4105 beta=2.50 train_acc=13.88% test_acc=19.28% best=19.28% lr=0.00049346078 time=16.0s est_300=1h 22m 41s
[OURS:CvT-13][024/300] loss=34.1072 ce=3.8142 guidance=12.1172 beta=2.50 train_acc=15.68% test_acc=18.19% best=19.28% lr=0.00049285573 time=16.3s est_300=1h 22m 39s
[OURS:CvT-13][025/300] loss=33.2061 ce=3.7443 guidance=11.7847 beta=2.50 train_acc=17.00% test_acc=20.78% best=20.78% lr=0.00049222433 time=16.1s est_300=1h 22m 34s
[OURS:CvT-13][026/300] loss=32.8556 ce=3.6745 guidance=11.6724 beta=2.50 train_acc=17.15% test_acc=21.68% best=21.68% lr=0.00049156664 time=16.0s est_300=1h 22m 29s
[OURS:CvT-13][027/300] loss=32.3379 ce=3.6432 guidance=11.4779 beta=2.50 train_acc=18.60% test_acc=23.13% best=23.13% lr=0.00049088274 time=16.6s est_300=1h 22m 30s
[OURS:CvT-13][028/300] loss=31.6612 ce=3.5501 guidance=11.2444 beta=2.50 train_acc=20.16% test_acc=24.94% best=24.94% lr=0.00049017269 time=16.3s est_300=1h 22m 28s
[OURS:CvT-13][029/300] loss=31.3286 ce=3.5001 guidance=11.1314 beta=2.50 train_acc=21.65% test_acc=26.42% best=26.42% lr=0.00048943658 time=16.4s est_300=1h 22m 27s
[OURS:CvT-13][030/300] loss=30.7846 ce=3.4308 guidance=10.9415 beta=2.50 train_acc=22.74% test_acc=28.77% best=28.77% lr=0.00048867448 time=16.3s est_300=1h 22m 25s
[OURS:CvT-13][031/300] loss=30.2297 ce=3.3705 guidance=10.7437 beta=2.50 train_acc=22.89% test_acc=28.62% best=28.77% lr=0.00048788649 time=16.8s est_300=1h 22m 28s
[OURS:CvT-13][032/300] loss=29.9900 ce=3.3222 guidance=10.6671 beta=2.50 train_acc=23.69% test_acc=27.91% best=28.77% lr=0.00048707268 time=16.2s est_300=1h 22m 26s
[OURS:CvT-13][033/300] loss=29.7049 ce=3.2884 guidance=10.5666 beta=2.50 train_acc=25.61% test_acc=29.57% best=29.57% lr=0.00048623315 time=16.1s est_300=1h 22m 22s
[OURS:CvT-13][034/300] loss=29.3203 ce=3.2220 guidance=10.4393 beta=2.50 train_acc=25.73% test_acc=30.45% best=30.45% lr=0.00048536799 time=16.1s est_300=1h 22m 19s
[OURS:CvT-13][035/300] loss=29.0486 ce=3.1627 guidance=10.3543 beta=2.50 train_acc=27.14% test_acc=32.26% best=32.26% lr=0.00048447729 time=16.2s est_300=1h 22m 17s
[OURS:CvT-13][036/300] loss=28.6217 ce=3.1074 guidance=10.2057 beta=2.50 train_acc=28.29% test_acc=32.14% best=32.26% lr=0.00048356116 time=16.8s est_300=1h 22m 20s
[OURS:CvT-13][037/300] loss=28.4752 ce=3.0771 guidance=10.1593 beta=2.50 train_acc=28.70% test_acc=31.93% best=32.26% lr=0.00048261968 time=16.8s est_300=1h 22m 22s
[OURS:CvT-13][038/300] loss=28.2706 ce=3.0428 guidance=10.0911 beta=2.50 train_acc=29.21% test_acc=33.29% best=33.29% lr=0.00048165297 time=16.5s est_300=1h 22m 23s
[OURS:CvT-13][039/300] loss=27.9802 ce=2.9965 guidance=9.9935 beta=2.50 train_acc=30.55% test_acc=35.00% best=35.00% lr=0.00048066113 time=16.3s est_300=1h 22m 21s
[OURS:CvT-13][040/300] loss=27.7943 ce=2.9635 guidance=9.9323 beta=2.50 train_acc=31.64% test_acc=34.78% best=35.00% lr=0.00047964427 time=16.3s est_300=1h 22m 20s
[OURS:CvT-13][041/300] loss=27.5056 ce=2.9111 guidance=9.8378 beta=2.50 train_acc=31.91% test_acc=35.93% best=35.93% lr=0.0004786025 time=16.7s est_300=1h 22m 22s
[OURS:CvT-13][042/300] loss=27.2732 ce=2.8922 guidance=9.7524 beta=2.50 train_acc=31.88% test_acc=34.85% best=35.93% lr=0.00047753594 time=16.6s est_300=1h 22m 23s
[OURS:CvT-13][043/300] loss=27.0877 ce=2.8446 guidance=9.6972 beta=2.50 train_acc=33.42% test_acc=36.09% best=36.09% lr=0.0004764447 time=16.6s est_300=1h 22m 24s
[OURS:CvT-13][044/300] loss=26.8315 ce=2.8385 guidance=9.5972 beta=2.50 train_acc=34.34% test_acc=37.59% best=37.59% lr=0.0004753289 time=16.8s est_300=1h 22m 26s
[OURS:CvT-13][045/300] loss=26.6303 ce=2.7471 guidance=9.5533 beta=2.50 train_acc=35.58% test_acc=37.97% best=37.97% lr=0.00047418866 time=16.4s est_300=1h 22m 25s
[OURS:CvT-13][046/300] loss=26.3783 ce=2.7601 guidance=9.4473 beta=2.50 train_acc=35.43% test_acc=38.44% best=38.44% lr=0.00047302411 time=15.8s est_300=1h 22m 21s
[OURS:CvT-13][047/300] loss=26.3308 ce=2.6923 guidance=9.4554 beta=2.50 train_acc=36.79% test_acc=36.64% best=38.44% lr=0.00047183539 time=16.3s est_300=1h 22m 20s
[OURS:CvT-13][048/300] loss=26.0949 ce=2.7286 guidance=9.3465 beta=2.50 train_acc=36.24% test_acc=36.88% best=38.44% lr=0.0004706226 time=16.7s est_300=1h 22m 21s
[OURS:CvT-13][049/300] loss=25.8651 ce=2.5915 guidance=9.3094 beta=2.50 train_acc=38.99% test_acc=38.99% best=38.99% lr=0.0004693859 time=16.6s est_300=1h 22m 22s
[OURS:CvT-13][050/300] loss=25.8925 ce=2.5825 guidance=9.3240 beta=2.50 train_acc=39.22% test_acc=38.54% best=38.99% lr=0.00046812542 time=16.1s est_300=1h 22m 20s
[OURS:CvT-13][051/300] loss=25.5151 ce=2.5697 guidance=9.1782 beta=2.50 train_acc=39.52% test_acc=39.07% best=39.07% lr=0.00046684129 time=16.1s est_300=1h 22m 18s
[OURS:CvT-13][052/300] loss=25.5329 ce=2.5435 guidance=9.1957 beta=2.50 train_acc=39.61% test_acc=39.47% best=39.47% lr=0.00046553365 time=16.3s est_300=1h 22m 17s
[OURS:CvT-13][053/300] loss=25.3510 ce=2.5146 guidance=9.1346 beta=2.50 train_acc=40.61% test_acc=40.49% best=40.49% lr=0.00046420265 time=16.3s est_300=1h 22m 16s
[OURS:CvT-13][054/300] loss=25.1837 ce=2.4417 guidance=9.0968 beta=2.50 train_acc=42.20% test_acc=39.42% best=40.49% lr=0.00046284844 time=16.9s est_300=1h 22m 19s
[OURS:CvT-13][055/300] loss=24.9584 ce=2.4547 guidance=9.0015 beta=2.50 train_acc=42.27% test_acc=40.04% best=40.49% lr=0.00046147116 time=16.5s est_300=1h 22m 19s
[OURS:CvT-13][056/300] loss=24.9208 ce=2.4374 guidance=8.9934 beta=2.50 train_acc=42.71% test_acc=38.59% best=40.49% lr=0.00046007097 time=16.1s est_300=1h 22m 17s
[OURS:CvT-13][057/300] loss=24.8064 ce=2.4100 guidance=8.9586 beta=2.50 train_acc=43.34% test_acc=40.54% best=40.54% lr=0.00045864801 time=16.8s est_300=1h 22m 18s
[OURS:CvT-13][058/300] loss=24.7876 ce=2.3660 guidance=8.9686 beta=2.50 train_acc=43.95% test_acc=40.42% best=40.54% lr=0.00045720244 time=16.6s est_300=1h 22m 19s
[OURS:CvT-13][059/300] loss=24.5375 ce=2.2982 guidance=8.8957 beta=2.50 train_acc=44.68% test_acc=41.30% best=41.30% lr=0.00045573443 time=15.9s est_300=1h 22m 17s
[OURS:CvT-13][060/300] loss=24.4579 ce=2.3569 guidance=8.8404 beta=2.50 train_acc=44.74% test_acc=41.58% best=41.58% lr=0.00045424413 time=16.1s est_300=1h 22m 15s
[OURS:CvT-13][061/300] loss=24.2330 ce=2.2783 guidance=8.7819 beta=2.50 train_acc=45.11% test_acc=42.03% best=42.03% lr=0.00045273171 time=16.0s est_300=1h 22m 13s
[OURS:CvT-13][062/300] loss=24.2232 ce=2.2892 guidance=8.7736 beta=2.50 train_acc=45.38% test_acc=41.82% best=42.03% lr=0.00045119733 time=16.8s est_300=1h 22m 15s
[OURS:CvT-13][063/300] loss=24.1860 ce=2.2417 guidance=8.7777 beta=2.50 train_acc=46.25% test_acc=42.30% best=42.30% lr=0.00044964115 time=16.9s est_300=1h 22m 17s
[OURS:CvT-13][064/300] loss=24.1501 ce=2.2592 guidance=8.7564 beta=2.50 train_acc=46.54% test_acc=42.75% best=42.75% lr=0.00044806337 time=16.0s est_300=1h 22m 15s
[OURS:CvT-13][065/300] loss=23.8508 ce=2.1827 guidance=8.6672 beta=2.50 train_acc=48.59% test_acc=41.16% best=42.75% lr=0.00044646413 time=16.3s est_300=1h 22m 14s
[OURS:CvT-13][066/300] loss=23.8419 ce=2.1535 guidance=8.6754 beta=2.50 train_acc=48.30% test_acc=41.27% best=42.75% lr=0.00044484363 time=15.5s est_300=1h 22m 10s
[OURS:CvT-13][067/300] loss=23.9377 ce=2.1408 guidance=8.7187 beta=2.50 train_acc=48.62% test_acc=41.80% best=42.75% lr=0.00044320203 time=16.2s est_300=1h 22m 09s
[OURS:CvT-13][068/300] loss=23.6635 ce=2.1355 guidance=8.6112 beta=2.50 train_acc=48.85% test_acc=40.92% best=42.75% lr=0.00044153952 time=15.6s est_300=1h 22m 05s
[OURS:CvT-13][069/300] loss=23.5631 ce=2.1365 guidance=8.5706 beta=2.50 train_acc=49.42% test_acc=40.49% best=42.75% lr=0.00043985628 time=16.7s est_300=1h 22m 06s
[OURS:CvT-13][070/300] loss=23.5697 ce=2.1249 guidance=8.5780 beta=2.50 train_acc=48.78% test_acc=42.37% best=42.75% lr=0.00043815249 time=16.8s est_300=1h 22m 08s
[OURS:CvT-13][071/300] loss=23.2653 ce=2.0585 guidance=8.4827 beta=2.50 train_acc=50.49% test_acc=43.44% best=43.44% lr=0.00043642834 time=16.8s est_300=1h 22m 09s
[OURS:CvT-13][072/300] loss=23.2811 ce=2.0506 guidance=8.4922 beta=2.50 train_acc=51.00% test_acc=42.49% best=43.44% lr=0.00043468403 time=16.3s est_300=1h 22m 09s
[OURS:CvT-13][073/300] loss=23.2347 ce=2.0086 guidance=8.4904 beta=2.50 train_acc=51.56% test_acc=42.53% best=43.44% lr=0.00043291974 time=16.2s est_300=1h 22m 08s
[OURS:CvT-13][074/300] loss=23.2256 ce=1.9884 guidance=8.4949 beta=2.50 train_acc=52.07% test_acc=41.65% best=43.44% lr=0.00043113566 time=16.1s est_300=1h 22m 07s
[OURS:CvT-13][075/300] loss=23.1975 ce=1.9739 guidance=8.4894 beta=2.50 train_acc=53.24% test_acc=42.56% best=43.44% lr=0.00042933199 time=16.7s est_300=1h 22m 08s
[OURS:CvT-13][076/300] loss=23.0561 ce=1.9420 guidance=8.4456 beta=2.50 train_acc=54.13% test_acc=42.23% best=43.44% lr=0.00042750893 time=16.7s est_300=1h 22m 08s
[OURS:CvT-13][077/300] loss=22.9629 ce=1.9222 guidance=8.4163 beta=2.50 train_acc=54.19% test_acc=42.25% best=43.44% lr=0.00042566668 time=16.9s est_300=1h 22m 10s
[OURS:CvT-13][078/300] loss=22.8901 ce=1.9437 guidance=8.3786 beta=2.50 train_acc=53.70% test_acc=41.09% best=43.44% lr=0.00042380544 time=16.5s est_300=1h 22m 11s
[OURS:CvT-13][079/300] loss=22.8104 ce=1.9815 guidance=8.3315 beta=2.50 train_acc=53.19% test_acc=42.46% best=43.44% lr=0.00042192541 time=16.0s est_300=1h 22m 09s
[OURS:CvT-13][080/300] loss=22.8585 ce=1.8997 guidance=8.3835 beta=2.50 train_acc=55.04% test_acc=42.13% best=43.44% lr=0.0004200268 time=15.4s est_300=1h 22m 05s
[OURS:CvT-13][081/300] loss=22.7841 ce=1.8542 guidance=8.3719 beta=2.50 train_acc=55.98% test_acc=42.37% best=43.44% lr=0.00041810983 time=16.3s est_300=1h 22m 05s
[OURS:CvT-13][082/300] loss=22.6990 ce=1.8679 guidance=8.3324 beta=2.50 train_acc=55.60% test_acc=43.65% best=43.65% lr=0.00041617469 time=16.8s est_300=1h 22m 06s
[OURS:CvT-13][083/300] loss=22.5213 ce=1.8578 guidance=8.2654 beta=2.50 train_acc=55.71% test_acc=42.72% best=43.65% lr=0.0004142216 time=16.5s est_300=1h 22m 06s
[OURS:CvT-13][084/300] loss=22.4541 ce=1.8390 guidance=8.2460 beta=2.50 train_acc=55.91% test_acc=42.60% best=43.65% lr=0.00041225078 time=15.3s est_300=1h 22m 02s
[OURS:CvT-13][085/300] loss=22.4745 ce=1.8285 guidance=8.2584 beta=2.50 train_acc=57.10% test_acc=42.44% best=43.65% lr=0.00041026244 time=15.9s est_300=1h 22m 01s
[OURS:CvT-13][086/300] loss=22.4098 ce=1.7567 guidance=8.2613 beta=2.50 train_acc=58.20% test_acc=42.73% best=43.65% lr=0.0004082568 time=15.8s est_300=1h 21m 59s
[OURS:CvT-13][087/300] loss=22.3499 ce=1.7486 guidance=8.2405 beta=2.50 train_acc=58.53% test_acc=41.84% best=43.65% lr=0.00040623408 time=16.3s est_300=1h 21m 58s
[OURS:CvT-13][088/300] loss=22.3287 ce=1.7065 guidance=8.2489 beta=2.50 train_acc=59.43% test_acc=42.53% best=43.65% lr=0.0004041945 time=16.3s est_300=1h 21m 58s
[OURS:CvT-13][089/300] loss=22.2977 ce=1.7236 guidance=8.2296 beta=2.50 train_acc=58.95% test_acc=42.98% best=43.65% lr=0.00040213828 time=16.3s est_300=1h 21m 58s
[OURS:CvT-13][090/300] loss=22.1515 ce=1.7013 guidance=8.1801 beta=2.50 train_acc=59.14% test_acc=44.37% best=44.37% lr=0.00040006566 time=16.2s est_300=1h 21m 57s
[OURS:CvT-13][091/300] loss=22.1245 ce=1.7138 guidance=8.1643 beta=2.50 train_acc=59.43% test_acc=43.75% best=44.37% lr=0.00039797685 time=16.2s est_300=1h 21m 56s
[OURS:CvT-13][092/300] loss=22.0193 ce=1.6519 guidance=8.1470 beta=2.50 train_acc=60.29% test_acc=42.23% best=44.37% lr=0.00039587209 time=16.7s est_300=1h 21m 57s
[OURS:CvT-13][093/300] loss=22.1567 ce=1.6609 guidance=8.1983 beta=2.50 train_acc=60.75% test_acc=42.92% best=44.37% lr=0.00039375161 time=16.7s est_300=1h 21m 59s
[OURS:CvT-13][094/300] loss=22.0027 ce=1.6608 guidance=8.1368 beta=2.50 train_acc=60.31% test_acc=43.98% best=44.37% lr=0.00039161564 time=16.2s est_300=1h 21m 58s
[OURS:CvT-13][095/300] loss=21.9580 ce=1.6476 guidance=8.1242 beta=2.50 train_acc=61.04% test_acc=42.94% best=44.37% lr=0.00038946441 time=15.3s est_300=1h 21m 55s
[OURS:CvT-13][096/300] loss=21.8318 ce=1.6123 guidance=8.0878 beta=2.50 train_acc=61.87% test_acc=42.58% best=44.37% lr=0.00038729816 time=15.4s est_300=1h 21m 52s
[OURS:CvT-13][097/300] loss=21.8822 ce=1.6090 guidance=8.1093 beta=2.50 train_acc=61.70% test_acc=42.85% best=44.37% lr=0.00038511713 time=16.7s est_300=1h 21m 53s
[OURS:CvT-13][098/300] loss=21.9269 ce=1.5879 guidance=8.1356 beta=2.50 train_acc=62.38% test_acc=43.13% best=44.37% lr=0.00038292156 time=16.2s est_300=1h 21m 52s
[OURS:CvT-13][099/300] loss=21.8292 ce=1.5990 guidance=8.0921 beta=2.50 train_acc=62.25% test_acc=44.03% best=44.37% lr=0.00038071168 time=16.0s est_300=1h 21m 51s
[OURS:CvT-13][100/300] loss=21.8087 ce=1.5852 guidance=8.0894 beta=2.50 train_acc=61.94% test_acc=42.92% best=44.37% lr=0.00037848775 time=16.3s est_300=1h 21m 51s
[OURS:CvT-13][101/300] loss=21.7058 ce=1.5579 guidance=8.0592 beta=2.50 train_acc=62.81% test_acc=42.58% best=44.37% lr=0.00037625 time=16.3s est_300=1h 21m 51s
[OURS:CvT-13][102/300] loss=21.5765 ce=1.5774 guidance=7.9996 beta=2.50 train_acc=62.18% test_acc=42.13% best=44.37% lr=0.00037399868 time=15.7s est_300=1h 21m 49s
[OURS:CvT-13][103/300] loss=21.5156 ce=1.5652 guidance=7.9802 beta=2.50 train_acc=62.92% test_acc=43.20% best=44.37% lr=0.00037173403 time=16.1s est_300=1h 21m 48s
[OURS:CvT-13][104/300] loss=21.5093 ce=1.5044 guidance=8.0020 beta=2.50 train_acc=64.15% test_acc=42.46% best=44.37% lr=0.00036945631 time=16.1s est_300=1h 21m 47s
[OURS:CvT-13][105/300] loss=21.5131 ce=1.5034 guidance=8.0039 beta=2.50 train_acc=64.66% test_acc=42.91% best=44.37% lr=0.00036716577 time=16.1s est_300=1h 21m 46s
[OURS:CvT-13][106/300] loss=21.5187 ce=1.5039 guidance=8.0059 beta=2.50 train_acc=63.94% test_acc=43.18% best=44.37% lr=0.00036486265 time=16.3s est_300=1h 21m 46s
[OURS:CvT-13][107/300] loss=21.4191 ce=1.4907 guidance=7.9713 beta=2.50 train_acc=63.89% test_acc=42.42% best=44.37% lr=0.00036254721 time=16.2s est_300=1h 21m 46s
[OURS:CvT-13][108/300] loss=21.5247 ce=1.4801 guidance=8.0179 beta=2.50 train_acc=65.47% test_acc=42.13% best=44.37% lr=0.0003602197 time=16.3s est_300=1h 21m 46s
[OURS:CvT-13][109/300] loss=21.3473 ce=1.4978 guidance=7.9398 beta=2.50 train_acc=64.69% test_acc=42.72% best=44.37% lr=0.00035788037 time=16.2s est_300=1h 21m 46s
[OURS:CvT-13][110/300] loss=21.3168 ce=1.4827 guidance=7.9336 beta=2.50 train_acc=65.10% test_acc=42.84% best=44.37% lr=0.0003555295 time=16.8s est_300=1h 21m 47s
[OURS:CvT-13][111/300] loss=21.3694 ce=1.4586 guidance=7.9643 beta=2.50 train_acc=65.05% test_acc=43.01% best=44.37% lr=0.00035316732 time=16.2s est_300=1h 21m 46s
[OURS:CvT-13][112/300] loss=21.2856 ce=1.4825 guidance=7.9212 beta=2.50 train_acc=65.00% test_acc=42.08% best=44.37% lr=0.0003507941 time=16.1s est_300=1h 21m 46s
[OURS:CvT-13][113/300] loss=20.9766 ce=1.4341 guidance=7.8170 beta=2.50 train_acc=65.79% test_acc=43.11% best=44.37% lr=0.00034841011 time=16.8s est_300=1h 21m 47s
[OURS:CvT-13][114/300] loss=21.1738 ce=1.4487 guidance=7.8900 beta=2.50 train_acc=65.47% test_acc=43.17% best=44.37% lr=0.00034601559 time=16.4s est_300=1h 21m 47s
[OURS:CvT-13][115/300] loss=21.0574 ce=1.4074 guidance=7.8600 beta=2.50 train_acc=66.58% test_acc=42.70% best=44.37% lr=0.00034361083 time=16.4s est_300=1h 21m 47s
[OURS:CvT-13][116/300] loss=21.0974 ce=1.4312 guidance=7.8665 beta=2.50 train_acc=66.13% test_acc=42.32% best=44.37% lr=0.00034119607 time=16.0s est_300=1h 21m 46s
[OURS:CvT-13][117/300] loss=21.0728 ce=1.4497 guidance=7.8493 beta=2.50 train_acc=65.76% test_acc=42.99% best=44.37% lr=0.00033877158 time=16.1s est_300=1h 21m 46s
[OURS:CvT-13][118/300] loss=21.0129 ce=1.4376 guidance=7.8301 beta=2.50 train_acc=65.25% test_acc=42.84% best=44.37% lr=0.00033633764 time=16.1s est_300=1h 21m 45s
[OURS:CvT-13][119/300] loss=20.9310 ce=1.3465 guidance=7.8338 beta=2.50 train_acc=67.37% test_acc=43.42% best=44.37% lr=0.0003338945 time=16.0s est_300=1h 21m 44s
[OURS:CvT-13][120/300] loss=21.0121 ce=1.3579 guidance=7.8617 beta=2.50 train_acc=67.27% test_acc=43.39% best=44.37% lr=0.00033144243 time=16.2s est_300=1h 21m 44s
[OURS:CvT-13][121/300] loss=20.8606 ce=1.3513 guidance=7.8037 beta=2.50 train_acc=68.38% test_acc=41.82% best=44.37% lr=0.00032898171 time=16.1s est_300=1h 21m 43s
[OURS:CvT-13][122/300] loss=21.0291 ce=1.3606 guidance=7.8674 beta=2.50 train_acc=67.12% test_acc=42.39% best=44.37% lr=0.0003265126 time=16.1s est_300=1h 21m 42s
[OURS:CvT-13][123/300] loss=20.8921 ce=1.3690 guidance=7.8092 beta=2.50 train_acc=67.37% test_acc=42.96% best=44.37% lr=0.00032403537 time=16.1s est_300=1h 21m 42s
[OURS:CvT-13][124/300] loss=20.8119 ce=1.3292 guidance=7.7931 beta=2.50 train_acc=68.73% test_acc=43.29% best=44.37% lr=0.0003215503 time=16.1s est_300=1h 21m 41s
[OURS:CvT-13][125/300] loss=20.7750 ce=1.3595 guidance=7.7662 beta=2.50 train_acc=68.24% test_acc=42.87% best=44.37% lr=0.00031905766 time=15.2s est_300=1h 21m 39s
[OURS:CvT-13][126/300] loss=20.7864 ce=1.3229 guidance=7.7854 beta=2.50 train_acc=68.72% test_acc=42.77% best=44.37% lr=0.00031655771 time=16.6s est_300=1h 21m 39s
[OURS:CvT-13][127/300] loss=20.7344 ce=1.2646 guidance=7.7879 beta=2.50 train_acc=69.70% test_acc=42.53% best=44.37% lr=0.00031405075 time=15.4s est_300=1h 21m 37s
[OURS:CvT-13][128/300] loss=20.6452 ce=1.2627 guidance=7.7530 beta=2.50 train_acc=69.90% test_acc=42.58% best=44.37% lr=0.00031153703 time=16.3s est_300=1h 21m 37s
[OURS:CvT-13][129/300] loss=20.7553 ce=1.2607 guidance=7.7978 beta=2.50 train_acc=70.23% test_acc=42.15% best=44.37% lr=0.00030901684 time=16.2s est_300=1h 21m 37s
[OURS:CvT-13][130/300] loss=20.6453 ce=1.2802 guidance=7.7461 beta=2.50 train_acc=69.79% test_acc=42.77% best=44.37% lr=0.00030649045 time=16.3s est_300=1h 21m 37s
[OURS:CvT-13][131/300] loss=20.7547 ce=1.2610 guidance=7.7975 beta=2.50 train_acc=69.74% test_acc=41.80% best=44.37% lr=0.00030395814 time=16.2s est_300=1h 21m 36s
[OURS:CvT-13][132/300] loss=20.6449 ce=1.2787 guidance=7.7465 beta=2.50 train_acc=69.55% test_acc=42.29% best=44.37% lr=0.00030142019 time=16.2s est_300=1h 21m 36s
[OURS:CvT-13][133/300] loss=20.5992 ce=1.2787 guidance=7.7282 beta=2.50 train_acc=69.99% test_acc=42.82% best=44.37% lr=0.00029887688 time=16.2s est_300=1h 21m 36s
[OURS:CvT-13][134/300] loss=20.5163 ce=1.2199 guidance=7.7185 beta=2.50 train_acc=71.09% test_acc=41.99% best=44.37% lr=0.00029632847 time=16.3s est_300=1h 21m 36s
[OURS:CvT-13][135/300] loss=20.6363 ce=1.2281 guidance=7.7633 beta=2.50 train_acc=70.81% test_acc=41.30% best=44.37% lr=0.00029377526 time=16.1s est_300=1h 21m 35s
[OURS:CvT-13][136/300] loss=20.5684 ce=1.2401 guidance=7.7313 beta=2.50 train_acc=70.40% test_acc=42.65% best=44.37% lr=0.00029121753 time=16.1s est_300=1h 21m 35s
[OURS:CvT-13][137/300] loss=1.2893 ce=1.2893 guidance=0.0000 beta=0.00 train_acc=69.26% test_acc=42.44% best=44.37% lr=0.00028865555 time=12.4s est_300=1h 21m 26s
[OURS:CvT-13][138/300] loss=1.2754 ce=1.2754 guidance=0.0000 beta=0.00 train_acc=69.26% test_acc=42.68% best=44.37% lr=0.0002860896 time=12.3s est_300=1h 21m 18s
[OURS:CvT-13][139/300] loss=1.2224 ce=1.2224 guidance=0.0000 beta=0.00 train_acc=70.86% test_acc=42.08% best=44.37% lr=0.00028351998 time=13.1s est_300=1h 21m 11s
[OURS:CvT-13][140/300] loss=1.2691 ce=1.2691 guidance=0.0000 beta=0.00 train_acc=69.62% test_acc=42.04% best=44.37% lr=0.00028094694 time=13.0s est_300=1h 21m 04s
[OURS:CvT-13][141/300] loss=1.2240 ce=1.2240 guidance=0.0000 beta=0.00 train_acc=70.84% test_acc=43.37% best=44.37% lr=0.00027837079 time=13.4s est_300=1h 20m 58s
[OURS:CvT-13][142/300] loss=1.2077 ce=1.2077 guidance=0.0000 beta=0.00 train_acc=71.31% test_acc=42.98% best=44.37% lr=0.00027579181 time=13.3s est_300=1h 20m 52s
[OURS:CvT-13][143/300] loss=1.1569 ce=1.1569 guidance=0.0000 beta=0.00 train_acc=72.35% test_acc=43.67% best=44.37% lr=0.00027321027 time=13.2s est_300=1h 20m 46s
[OURS:CvT-13][144/300] loss=1.1592 ce=1.1592 guidance=0.0000 beta=0.00 train_acc=72.38% test_acc=41.54% best=44.37% lr=0.00027062645 time=12.6s est_300=1h 20m 38s
[OURS:CvT-13][145/300] loss=1.1615 ce=1.1615 guidance=0.0000 beta=0.00 train_acc=72.03% test_acc=41.92% best=44.37% lr=0.00026804065 time=13.6s est_300=1h 20m 33s
[OURS:CvT-13][146/300] loss=1.1399 ce=1.1399 guidance=0.0000 beta=0.00 train_acc=72.69% test_acc=42.56% best=44.37% lr=0.00026545315 time=12.3s est_300=1h 20m 25s
[OURS:CvT-13][147/300] loss=1.1243 ce=1.1243 guidance=0.0000 beta=0.00 train_acc=73.13% test_acc=42.77% best=44.37% lr=0.00026286422 time=12.3s est_300=1h 20m 17s
[OURS:CvT-13][148/300] loss=1.1248 ce=1.1248 guidance=0.0000 beta=0.00 train_acc=73.28% test_acc=42.98% best=44.37% lr=0.00026027416 time=12.4s est_300=1h 20m 10s
[OURS:CvT-13][149/300] loss=1.0845 ce=1.0845 guidance=0.0000 beta=0.00 train_acc=73.68% test_acc=42.44% best=44.37% lr=0.00025768325 time=13.8s est_300=1h 20m 05s
[OURS:CvT-13][150/300] loss=1.0576 ce=1.0576 guidance=0.0000 beta=0.00 train_acc=75.08% test_acc=43.03% best=44.37% lr=0.00025509177 time=13.6s est_300=1h 20m 01s
[OURS:CvT-13][151/300] loss=1.0678 ce=1.0678 guidance=0.0000 beta=0.00 train_acc=74.44% test_acc=42.80% best=44.37% lr=0.0002525 time=13.4s est_300=1h 19m 55s
[OURS:CvT-13][152/300] loss=1.0585 ce=1.0585 guidance=0.0000 beta=0.00 train_acc=74.85% test_acc=43.68% best=44.37% lr=0.00024990823 time=12.9s est_300=1h 19m 49s
[OURS:CvT-13][153/300] loss=1.1050 ce=1.1050 guidance=0.0000 beta=0.00 train_acc=73.90% test_acc=43.36% best=44.37% lr=0.00024731675 time=12.6s est_300=1h 19m 43s
[OURS:CvT-13][154/300] loss=1.0276 ce=1.0276 guidance=0.0000 beta=0.00 train_acc=75.10% test_acc=44.34% best=44.37% lr=0.00024472584 time=14.3s est_300=1h 19m 39s
[OURS:CvT-13][155/300] loss=1.0412 ce=1.0412 guidance=0.0000 beta=0.00 train_acc=74.93% test_acc=44.27% best=44.37% lr=0.00024213578 time=13.2s est_300=1h 19m 34s
[OURS:CvT-13][156/300] loss=1.0311 ce=1.0311 guidance=0.0000 beta=0.00 train_acc=74.93% test_acc=44.55% best=44.55% lr=0.00023954685 time=13.6s est_300=1h 19m 30s
[OURS:CvT-13][157/300] loss=1.0277 ce=1.0277 guidance=0.0000 beta=0.00 train_acc=75.56% test_acc=43.73% best=44.55% lr=0.00023695935 time=12.8s est_300=1h 19m 24s
[OURS:CvT-13][158/300] loss=1.0302 ce=1.0302 guidance=0.0000 beta=0.00 train_acc=75.70% test_acc=42.87% best=44.55% lr=0.00023437355 time=14.5s est_300=1h 19m 21s
[OURS:CvT-13][159/300] loss=1.0003 ce=1.0003 guidance=0.0000 beta=0.00 train_acc=76.02% test_acc=42.75% best=44.55% lr=0.00023178973 time=13.4s est_300=1h 19m 17s
[OURS:CvT-13][160/300] loss=1.0225 ce=1.0225 guidance=0.0000 beta=0.00 train_acc=75.32% test_acc=43.15% best=44.55% lr=0.00022920819 time=12.9s est_300=1h 19m 11s
[OURS:CvT-13][161/300] loss=0.9763 ce=0.9763 guidance=0.0000 beta=0.00 train_acc=76.07% test_acc=43.13% best=44.55% lr=0.00022662921 time=13.0s est_300=1h 19m 06s
[OURS:CvT-13][162/300] loss=1.0062 ce=1.0062 guidance=0.0000 beta=0.00 train_acc=75.85% test_acc=41.65% best=44.55% lr=0.00022405306 time=13.2s est_300=1h 19m 01s
[OURS:CvT-13][163/300] loss=0.9941 ce=0.9941 guidance=0.0000 beta=0.00 train_acc=76.07% test_acc=43.58% best=44.55% lr=0.00022148002 time=13.1s est_300=1h 18m 56s
[OURS:CvT-13][164/300] loss=0.9659 ce=0.9659 guidance=0.0000 beta=0.00 train_acc=76.65% test_acc=44.55% best=44.55% lr=0.0002189104 time=13.2s est_300=1h 18m 51s
[OURS:CvT-13][165/300] loss=0.9843 ce=0.9843 guidance=0.0000 beta=0.00 train_acc=76.32% test_acc=42.63% best=44.55% lr=0.00021634445 time=13.7s est_300=1h 18m 48s
[OURS:CvT-13][166/300] loss=0.9642 ce=0.9642 guidance=0.0000 beta=0.00 train_acc=76.78% test_acc=44.06% best=44.55% lr=0.00021378247 time=13.9s est_300=1h 18m 44s
[OURS:CvT-13][167/300] loss=0.9685 ce=0.9685 guidance=0.0000 beta=0.00 train_acc=76.44% test_acc=43.92% best=44.55% lr=0.00021122474 time=13.5s est_300=1h 18m 40s
[OURS:CvT-13][168/300] loss=0.9578 ce=0.9578 guidance=0.0000 beta=0.00 train_acc=76.90% test_acc=44.34% best=44.55% lr=0.00020867153 time=13.0s est_300=1h 18m 35s
[OURS:CvT-13][169/300] loss=0.9226 ce=0.9226 guidance=0.0000 beta=0.00 train_acc=77.99% test_acc=43.58% best=44.55% lr=0.00020612312 time=13.1s est_300=1h 18m 31s
[OURS:CvT-13][170/300] loss=0.9804 ce=0.9804 guidance=0.0000 beta=0.00 train_acc=76.41% test_acc=44.32% best=44.55% lr=0.00020357981 time=13.1s est_300=1h 18m 26s
[OURS:CvT-13][171/300] loss=0.9392 ce=0.9392 guidance=0.0000 beta=0.00 train_acc=77.50% test_acc=43.44% best=44.55% lr=0.00020104186 time=13.5s est_300=1h 18m 22s
[OURS:CvT-13][172/300] loss=0.9038 ce=0.9038 guidance=0.0000 beta=0.00 train_acc=78.43% test_acc=44.36% best=44.55% lr=0.00019850955 time=13.3s est_300=1h 18m 18s
[OURS:CvT-13][173/300] loss=0.8987 ce=0.8987 guidance=0.0000 beta=0.00 train_acc=78.40% test_acc=45.50% best=45.50% lr=0.00019598316 time=13.5s est_300=1h 18m 14s
[OURS:CvT-13][174/300] loss=0.9265 ce=0.9265 guidance=0.0000 beta=0.00 train_acc=77.70% test_acc=44.86% best=45.50% lr=0.00019346297 time=13.0s est_300=1h 18m 10s
[OURS:CvT-13][175/300] loss=0.8547 ce=0.8547 guidance=0.0000 beta=0.00 train_acc=79.23% test_acc=44.94% best=45.50% lr=0.00019094925 time=13.7s est_300=1h 18m 06s
[OURS:CvT-13][176/300] loss=0.9158 ce=0.9158 guidance=0.0000 beta=0.00 train_acc=78.35% test_acc=44.58% best=45.50% lr=0.00018844229 time=13.9s est_300=1h 18m 03s
[OURS:CvT-13][177/300] loss=0.8728 ce=0.8728 guidance=0.0000 beta=0.00 train_acc=79.28% test_acc=43.91% best=45.50% lr=0.00018594234 time=13.3s est_300=1h 17m 59s
[OURS:CvT-13][178/300] loss=0.8584 ce=0.8584 guidance=0.0000 beta=0.00 train_acc=79.69% test_acc=44.53% best=45.50% lr=0.0001834497 time=13.3s est_300=1h 17m 56s
[OURS:CvT-13][179/300] loss=0.8448 ce=0.8448 guidance=0.0000 beta=0.00 train_acc=79.74% test_acc=44.37% best=45.50% lr=0.00018096463 time=13.1s est_300=1h 17m 51s
[OURS:CvT-13][180/300] loss=0.8420 ce=0.8420 guidance=0.0000 beta=0.00 train_acc=79.79% test_acc=43.25% best=45.50% lr=0.0001784874 time=13.2s est_300=1h 17m 47s
[OURS:CvT-13][181/300] loss=0.8794 ce=0.8794 guidance=0.0000 beta=0.00 train_acc=78.72% test_acc=42.96% best=45.50% lr=0.00017601829 time=13.6s est_300=1h 17m 44s
[OURS:CvT-13][182/300] loss=0.8372 ce=0.8372 guidance=0.0000 beta=0.00 train_acc=79.47% test_acc=42.79% best=45.50% lr=0.00017355757 time=12.4s est_300=1h 17m 39s
[OURS:CvT-13][183/300] loss=0.8433 ce=0.8433 guidance=0.0000 beta=0.00 train_acc=79.81% test_acc=43.86% best=45.50% lr=0.0001711055 time=12.9s est_300=1h 17m 34s
[OURS:CvT-13][184/300] loss=0.8482 ce=0.8482 guidance=0.0000 beta=0.00 train_acc=79.18% test_acc=44.70% best=45.50% lr=0.00016866236 time=12.7s est_300=1h 17m 30s
[OURS:CvT-13][185/300] loss=0.8225 ce=0.8225 guidance=0.0000 beta=0.00 train_acc=80.47% test_acc=44.46% best=45.50% lr=0.00016622842 time=12.2s est_300=1h 17m 24s
[OURS:CvT-13][186/300] loss=0.8407 ce=0.8407 guidance=0.0000 beta=0.00 train_acc=79.72% test_acc=45.25% best=45.50% lr=0.00016380393 time=12.7s est_300=1h 17m 20s
[OURS:CvT-13][187/300] loss=0.7756 ce=0.7756 guidance=0.0000 beta=0.00 train_acc=81.13% test_acc=45.05% best=45.50% lr=0.00016138917 time=13.6s est_300=1h 17m 17s
[OURS:CvT-13][188/300] loss=0.8151 ce=0.8151 guidance=0.0000 beta=0.00 train_acc=80.23% test_acc=43.99% best=45.50% lr=0.00015898441 time=13.9s est_300=1h 17m 14s
[OURS:CvT-13][189/300] loss=0.8183 ce=0.8183 guidance=0.0000 beta=0.00 train_acc=80.59% test_acc=44.43% best=45.50% lr=0.00015658989 time=13.3s est_300=1h 17m 11s
[OURS:CvT-13][190/300] loss=0.8017 ce=0.8017 guidance=0.0000 beta=0.00 train_acc=80.91% test_acc=44.10% best=45.50% lr=0.0001542059 time=13.5s est_300=1h 17m 08s
[OURS:CvT-13][191/300] loss=0.7955 ce=0.7955 guidance=0.0000 beta=0.00 train_acc=81.23% test_acc=42.51% best=45.50% lr=0.00015183268 time=12.9s est_300=1h 17m 04s
[OURS:CvT-13][192/300] loss=0.7438 ce=0.7438 guidance=0.0000 beta=0.00 train_acc=82.68% test_acc=44.03% best=45.50% lr=0.0001494705 time=12.9s est_300=1h 17m 00s
[OURS:CvT-13][193/300] loss=0.7771 ce=0.7771 guidance=0.0000 beta=0.00 train_acc=81.35% test_acc=44.11% best=45.50% lr=0.00014711963 time=12.7s est_300=1h 16m 56s
[OURS:CvT-13][194/300] loss=0.7573 ce=0.7573 guidance=0.0000 beta=0.00 train_acc=81.74% test_acc=44.72% best=45.50% lr=0.0001447803 time=13.3s est_300=1h 16m 53s
[OURS:CvT-13][195/300] loss=0.7668 ce=0.7668 guidance=0.0000 beta=0.00 train_acc=81.59% test_acc=44.20% best=45.50% lr=0.00014245279 time=13.3s est_300=1h 16m 49s
[OURS:CvT-13][196/300] loss=0.7405 ce=0.7405 guidance=0.0000 beta=0.00 train_acc=82.30% test_acc=45.27% best=45.50% lr=0.00014013735 time=13.1s est_300=1h 16m 46s
[OURS:CvT-13][197/300] loss=0.7249 ce=0.7249 guidance=0.0000 beta=0.00 train_acc=82.08% test_acc=44.98% best=45.50% lr=0.00013783423 time=12.4s est_300=1h 16m 41s
[OURS:CvT-13][198/300] loss=0.7467 ce=0.7467 guidance=0.0000 beta=0.00 train_acc=82.66% test_acc=44.53% best=45.50% lr=0.00013554369 time=13.0s est_300=1h 16m 38s
[OURS:CvT-13][199/300] loss=0.7433 ce=0.7433 guidance=0.0000 beta=0.00 train_acc=82.13% test_acc=45.13% best=45.50% lr=0.00013326597 time=12.2s est_300=1h 16m 33s
[OURS:CvT-13][200/300] loss=0.7692 ce=0.7692 guidance=0.0000 beta=0.00 train_acc=81.42% test_acc=45.22% best=45.50% lr=0.00013100132 time=13.6s est_300=1h 16m 30s
[OURS:CvT-13][201/300] loss=0.7348 ce=0.7348 guidance=0.0000 beta=0.00 train_acc=82.71% test_acc=45.43% best=45.50% lr=0.00012875 time=14.6s est_300=1h 16m 29s
[OURS:CvT-13][202/300] loss=0.7252 ce=0.7252 guidance=0.0000 beta=0.00 train_acc=82.32% test_acc=45.12% best=45.50% lr=0.00012651225 time=14.0s est_300=1h 16m 27s
[OURS:CvT-13][203/300] loss=0.7014 ce=0.7014 guidance=0.0000 beta=0.00 train_acc=83.02% test_acc=45.15% best=45.50% lr=0.00012428832 time=13.3s est_300=1h 16m 25s
[OURS:CvT-13][204/300] loss=0.7295 ce=0.7295 guidance=0.0000 beta=0.00 train_acc=82.35% test_acc=44.86% best=45.50% lr=0.00012207844 time=13.0s est_300=1h 16m 21s
[OURS:CvT-13][205/300] loss=0.7024 ce=0.7024 guidance=0.0000 beta=0.00 train_acc=82.90% test_acc=44.84% best=45.50% lr=0.00011988287 time=13.5s est_300=1h 16m 19s
[OURS:CvT-13][206/300] loss=0.7026 ce=0.7026 guidance=0.0000 beta=0.00 train_acc=82.95% test_acc=45.13% best=45.50% lr=0.00011770184 time=13.4s est_300=1h 16m 16s
[OURS:CvT-13][207/300] loss=0.6872 ce=0.6872 guidance=0.0000 beta=0.00 train_acc=83.42% test_acc=44.98% best=45.50% lr=0.00011553559 time=12.8s est_300=1h 16m 12s
[OURS:CvT-13][208/300] loss=0.7079 ce=0.7079 guidance=0.0000 beta=0.00 train_acc=83.05% test_acc=45.37% best=45.50% lr=0.00011338436 time=12.4s est_300=1h 16m 08s
[OURS:CvT-13][209/300] loss=0.7034 ce=0.7034 guidance=0.0000 beta=0.00 train_acc=83.44% test_acc=45.82% best=45.82% lr=0.00011124839 time=12.7s est_300=1h 16m 05s
[OURS:CvT-13][210/300] loss=0.6595 ce=0.6595 guidance=0.0000 beta=0.00 train_acc=83.87% test_acc=43.73% best=45.82% lr=0.00010912791 time=12.7s est_300=1h 16m 01s
[OURS:CvT-13][211/300] loss=0.6886 ce=0.6886 guidance=0.0000 beta=0.00 train_acc=83.46% test_acc=43.61% best=45.82% lr=0.00010702315 time=13.7s est_300=1h 15m 59s
[OURS:CvT-13][212/300] loss=0.6621 ce=0.6621 guidance=0.0000 beta=0.00 train_acc=84.66% test_acc=44.68% best=45.82% lr=0.00010493434 time=13.2s est_300=1h 15m 56s
[OURS:CvT-13][213/300] loss=0.7078 ce=0.7078 guidance=0.0000 beta=0.00 train_acc=82.95% test_acc=44.91% best=45.82% lr=0.00010286172 time=13.5s est_300=1h 15m 54s
[OURS:CvT-13][214/300] loss=0.6870 ce=0.6870 guidance=0.0000 beta=0.00 train_acc=83.08% test_acc=45.01% best=45.82% lr=0.0001008055 time=13.6s est_300=1h 15m 51s
[OURS:CvT-13][215/300] loss=0.6691 ce=0.6691 guidance=0.0000 beta=0.00 train_acc=83.76% test_acc=45.36% best=45.82% lr=9.8765924e-05 time=13.8s est_300=1h 15m 49s
[OURS:CvT-13][216/300] loss=0.6682 ce=0.6682 guidance=0.0000 beta=0.00 train_acc=84.60% test_acc=44.77% best=45.82% lr=9.6743203e-05 time=13.4s est_300=1h 15m 47s
[OURS:CvT-13][217/300] loss=0.6648 ce=0.6648 guidance=0.0000 beta=0.00 train_acc=84.19% test_acc=44.63% best=45.82% lr=9.4737563e-05 time=13.6s est_300=1h 15m 45s
[OURS:CvT-13][218/300] loss=0.6369 ce=0.6369 guidance=0.0000 beta=0.00 train_acc=84.85% test_acc=44.67% best=45.82% lr=9.2749222e-05 time=12.4s est_300=1h 15m 41s
[OURS:CvT-13][219/300] loss=0.6439 ce=0.6439 guidance=0.0000 beta=0.00 train_acc=84.39% test_acc=43.73% best=45.82% lr=9.0778401e-05 time=13.7s est_300=1h 15m 39s
[OURS:CvT-13][220/300] loss=0.6407 ce=0.6407 guidance=0.0000 beta=0.00 train_acc=85.16% test_acc=44.48% best=45.82% lr=8.8825313e-05 time=13.9s est_300=1h 15m 37s
[OURS:CvT-13][221/300] loss=0.6072 ce=0.6072 guidance=0.0000 beta=0.00 train_acc=86.04% test_acc=44.99% best=45.82% lr=8.6890175e-05 time=13.6s est_300=1h 15m 35s
[OURS:CvT-13][222/300] loss=0.6228 ce=0.6228 guidance=0.0000 beta=0.00 train_acc=85.53% test_acc=46.48% best=46.48% lr=8.4973198e-05 time=13.7s est_300=1h 15m 33s
[OURS:CvT-13][223/300] loss=0.6292 ce=0.6292 guidance=0.0000 beta=0.00 train_acc=85.29% test_acc=45.44% best=46.48% lr=8.3074591e-05 time=14.1s est_300=1h 15m 32s
[OURS:CvT-13][224/300] loss=0.6162 ce=0.6162 guidance=0.0000 beta=0.00 train_acc=85.26% test_acc=46.82% best=46.82% lr=8.1194564e-05 time=14.0s est_300=1h 15m 31s
[OURS:CvT-13][225/300] loss=0.6032 ce=0.6032 guidance=0.0000 beta=0.00 train_acc=85.28% test_acc=45.27% best=46.82% lr=7.9333323e-05 time=13.9s est_300=1h 15m 29s
[OURS:CvT-13][226/300] loss=0.5869 ce=0.5869 guidance=0.0000 beta=0.00 train_acc=86.11% test_acc=45.05% best=46.82% lr=7.7491072e-05 time=14.2s est_300=1h 15m 28s
[OURS:CvT-13][227/300] loss=0.6062 ce=0.6062 guidance=0.0000 beta=0.00 train_acc=85.43% test_acc=44.79% best=46.82% lr=7.5668012e-05 time=13.6s est_300=1h 15m 26s
[OURS:CvT-13][228/300] loss=0.5928 ce=0.5928 guidance=0.0000 beta=0.00 train_acc=85.50% test_acc=44.79% best=46.82% lr=7.3864344e-05 time=14.1s est_300=1h 15m 24s
[OURS:CvT-13][229/300] loss=0.6187 ce=0.6187 guidance=0.0000 beta=0.00 train_acc=85.11% test_acc=45.32% best=46.82% lr=7.2080265e-05 time=13.5s est_300=1h 15m 22s
[OURS:CvT-13][230/300] loss=0.6243 ce=0.6243 guidance=0.0000 beta=0.00 train_acc=85.05% test_acc=45.15% best=46.82% lr=7.0315971e-05 time=13.2s est_300=1h 15m 20s
[OURS:CvT-13][231/300] loss=0.6097 ce=0.6097 guidance=0.0000 beta=0.00 train_acc=85.34% test_acc=44.48% best=46.82% lr=6.8571656e-05 time=12.9s est_300=1h 15m 17s
[OURS:CvT-13][232/300] loss=0.6182 ce=0.6182 guidance=0.0000 beta=0.00 train_acc=84.87% test_acc=45.27% best=46.82% lr=6.684751e-05 time=12.3s est_300=1h 15m 14s
[OURS:CvT-13][233/300] loss=0.6090 ce=0.6090 guidance=0.0000 beta=0.00 train_acc=84.94% test_acc=44.11% best=46.82% lr=6.5143724e-05 time=13.2s est_300=1h 15m 11s
[OURS:CvT-13][234/300] loss=0.6160 ce=0.6160 guidance=0.0000 beta=0.00 train_acc=85.16% test_acc=45.24% best=46.82% lr=6.3460483e-05 time=12.3s est_300=1h 15m 08s
[OURS:CvT-13][235/300] loss=0.5870 ce=0.5870 guidance=0.0000 beta=0.00 train_acc=86.18% test_acc=45.84% best=46.82% lr=6.1797972e-05 time=12.3s est_300=1h 15m 04s
[OURS:CvT-13][236/300] loss=0.5589 ce=0.5589 guidance=0.0000 beta=0.00 train_acc=86.51% test_acc=45.58% best=46.82% lr=6.0156375e-05 time=13.9s est_300=1h 15m 03s
[OURS:CvT-13][237/300] loss=0.5565 ce=0.5565 guidance=0.0000 beta=0.00 train_acc=86.53% test_acc=45.72% best=46.82% lr=5.8535869e-05 time=13.1s est_300=1h 15m 00s
[OURS:CvT-13][238/300] loss=0.5593 ce=0.5593 guidance=0.0000 beta=0.00 train_acc=86.75% test_acc=45.39% best=46.82% lr=5.6936634e-05 time=13.9s est_300=1h 14m 59s
[OURS:CvT-13][239/300] loss=0.5955 ce=0.5955 guidance=0.0000 beta=0.00 train_acc=85.73% test_acc=44.96% best=46.82% lr=5.5358845e-05 time=13.9s est_300=1h 14m 58s
[OURS:CvT-13][240/300] loss=0.5635 ce=0.5635 guidance=0.0000 beta=0.00 train_acc=86.26% test_acc=45.32% best=46.82% lr=5.3802675e-05 time=13.5s est_300=1h 14m 56s
[OURS:CvT-13][241/300] loss=0.5542 ce=0.5542 guidance=0.0000 beta=0.00 train_acc=86.48% test_acc=45.29% best=46.82% lr=5.2268294e-05 time=13.7s est_300=1h 14m 54s
[OURS:CvT-13][242/300] loss=0.5366 ce=0.5366 guidance=0.0000 beta=0.00 train_acc=87.19% test_acc=45.70% best=46.82% lr=5.0755871e-05 time=13.7s est_300=1h 14m 53s
[OURS:CvT-13][243/300] loss=0.5405 ce=0.5405 guidance=0.0000 beta=0.00 train_acc=87.02% test_acc=45.86% best=46.82% lr=4.9265571e-05 time=14.0s est_300=1h 14m 51s
[OURS:CvT-13][244/300] loss=0.5495 ce=0.5495 guidance=0.0000 beta=0.00 train_acc=86.85% test_acc=45.65% best=46.82% lr=4.7797558e-05 time=13.6s est_300=1h 14m 50s
[OURS:CvT-13][245/300] loss=0.5659 ce=0.5659 guidance=0.0000 beta=0.00 train_acc=86.67% test_acc=46.03% best=46.82% lr=4.6351993e-05 time=13.3s est_300=1h 14m 48s
[OURS:CvT-13][246/300] loss=0.5370 ce=0.5370 guidance=0.0000 beta=0.00 train_acc=86.80% test_acc=45.88% best=46.82% lr=4.4929034e-05 time=14.2s est_300=1h 14m 47s
[OURS:CvT-13][247/300] loss=0.5194 ce=0.5194 guidance=0.0000 beta=0.00 train_acc=87.77% test_acc=45.94% best=46.82% lr=4.3528838e-05 time=13.6s est_300=1h 14m 45s
[OURS:CvT-13][248/300] loss=0.5372 ce=0.5372 guidance=0.0000 beta=0.00 train_acc=87.91% test_acc=45.93% best=46.82% lr=4.2151558e-05 time=12.8s est_300=1h 14m 42s
[OURS:CvT-13][249/300] loss=0.5338 ce=0.5338 guidance=0.0000 beta=0.00 train_acc=87.35% test_acc=45.37% best=46.82% lr=4.0797346e-05 time=13.9s est_300=1h 14m 41s
[OURS:CvT-13][250/300] loss=0.5248 ce=0.5248 guidance=0.0000 beta=0.00 train_acc=87.72% test_acc=45.53% best=46.82% lr=3.9466348e-05 time=13.1s est_300=1h 14m 39s
[OURS:CvT-13][251/300] loss=0.5258 ce=0.5258 guidance=0.0000 beta=0.00 train_acc=87.69% test_acc=45.88% best=46.82% lr=3.8158713e-05 time=13.4s est_300=1h 14m 37s
[OURS:CvT-13][252/300] loss=0.5426 ce=0.5426 guidance=0.0000 beta=0.00 train_acc=87.36% test_acc=45.94% best=46.82% lr=3.6874582e-05 time=13.3s est_300=1h 14m 35s
[OURS:CvT-13][253/300] loss=0.5201 ce=0.5201 guidance=0.0000 beta=0.00 train_acc=87.25% test_acc=45.75% best=46.82% lr=3.5614097e-05 time=13.6s est_300=1h 14m 34s
[OURS:CvT-13][254/300] loss=0.5405 ce=0.5405 guidance=0.0000 beta=0.00 train_acc=87.18% test_acc=46.67% best=46.82% lr=3.4377396e-05 time=13.2s est_300=1h 14m 32s
[OURS:CvT-13][255/300] loss=0.5183 ce=0.5183 guidance=0.0000 beta=0.00 train_acc=87.57% test_acc=46.19% best=46.82% lr=3.3164614e-05 time=13.8s est_300=1h 14m 30s
[OURS:CvT-13][256/300] loss=0.5032 ce=0.5032 guidance=0.0000 beta=0.00 train_acc=87.74% test_acc=45.94% best=46.82% lr=3.1975885e-05 time=13.5s est_300=1h 14m 29s
[OURS:CvT-13][257/300] loss=0.5185 ce=0.5185 guidance=0.0000 beta=0.00 train_acc=87.69% test_acc=46.17% best=46.82% lr=3.0811339e-05 time=13.7s est_300=1h 14m 27s
[OURS:CvT-13][258/300] loss=0.5144 ce=0.5144 guidance=0.0000 beta=0.00 train_acc=87.48% test_acc=45.29% best=46.82% lr=2.9671104e-05 time=13.3s est_300=1h 14m 25s
[OURS:CvT-13][259/300] loss=0.4922 ce=0.4922 guidance=0.0000 beta=0.00 train_acc=88.16% test_acc=46.22% best=46.82% lr=2.8555305e-05 time=13.2s est_300=1h 14m 23s
[OURS:CvT-13][260/300] loss=0.5180 ce=0.5180 guidance=0.0000 beta=0.00 train_acc=87.91% test_acc=45.67% best=46.82% lr=2.7464063e-05 time=13.1s est_300=1h 14m 21s
[OURS:CvT-13][261/300] loss=0.4811 ce=0.4811 guidance=0.0000 beta=0.00 train_acc=88.23% test_acc=45.63% best=46.82% lr=2.6397499e-05 time=13.9s est_300=1h 14m 20s
[OURS:CvT-13][262/300] loss=0.4881 ce=0.4881 guidance=0.0000 beta=0.00 train_acc=88.33% test_acc=45.46% best=46.82% lr=2.535573e-05 time=13.8s est_300=1h 14m 19s
[OURS:CvT-13][263/300] loss=0.4758 ce=0.4758 guidance=0.0000 beta=0.00 train_acc=88.79% test_acc=45.69% best=46.82% lr=2.433887e-05 time=13.3s est_300=1h 14m 17s
[OURS:CvT-13][264/300] loss=0.4943 ce=0.4943 guidance=0.0000 beta=0.00 train_acc=88.01% test_acc=45.56% best=46.82% lr=2.334703e-05 time=12.3s est_300=1h 14m 14s
[OURS:CvT-13][265/300] loss=0.4831 ce=0.4831 guidance=0.0000 beta=0.00 train_acc=88.28% test_acc=45.29% best=46.82% lr=2.238032e-05 time=14.4s est_300=1h 14m 14s
[OURS:CvT-13][266/300] loss=0.5235 ce=0.5235 guidance=0.0000 beta=0.00 train_acc=87.40% test_acc=46.12% best=46.82% lr=2.1438844e-05 time=13.8s est_300=1h 14m 13s
[OURS:CvT-13][267/300] loss=0.4984 ce=0.4984 guidance=0.0000 beta=0.00 train_acc=88.23% test_acc=45.58% best=46.82% lr=2.0522708e-05 time=13.3s est_300=1h 14m 11s
[OURS:CvT-13][268/300] loss=0.4735 ce=0.4735 guidance=0.0000 beta=0.00 train_acc=88.81% test_acc=45.46% best=46.82% lr=1.963201e-05 time=13.5s est_300=1h 14m 09s
[OURS:CvT-13][269/300] loss=0.4861 ce=0.4861 guidance=0.0000 beta=0.00 train_acc=88.37% test_acc=45.08% best=46.82% lr=1.8766848e-05 time=13.2s est_300=1h 14m 08s
[OURS:CvT-13][270/300] loss=0.4896 ce=0.4896 guidance=0.0000 beta=0.00 train_acc=88.20% test_acc=45.50% best=46.82% lr=1.7927319e-05 time=13.6s est_300=1h 14m 06s
[OURS:CvT-13][271/300] loss=0.4856 ce=0.4856 guidance=0.0000 beta=0.00 train_acc=88.67% test_acc=45.31% best=46.82% lr=1.7113512e-05 time=13.3s est_300=1h 14m 05s
[OURS:CvT-13][272/300] loss=0.4949 ce=0.4949 guidance=0.0000 beta=0.00 train_acc=88.47% test_acc=45.55% best=46.82% lr=1.6325519e-05 time=13.3s est_300=1h 14m 03s
[OURS:CvT-13][273/300] loss=0.5077 ce=0.5077 guidance=0.0000 beta=0.00 train_acc=87.87% test_acc=45.51% best=46.82% lr=1.5563424e-05 time=12.7s est_300=1h 14m 01s
[OURS:CvT-13][274/300] loss=0.4925 ce=0.4925 guidance=0.0000 beta=0.00 train_acc=88.38% test_acc=44.99% best=46.82% lr=1.4827313e-05 time=12.8s est_300=1h 13m 58s
[OURS:CvT-13][275/300] loss=0.5136 ce=0.5136 guidance=0.0000 beta=0.00 train_acc=87.81% test_acc=45.39% best=46.82% lr=1.4117265e-05 time=13.6s est_300=1h 13m 57s
[OURS:CvT-13][276/300] loss=0.5031 ce=0.5031 guidance=0.0000 beta=0.00 train_acc=88.03% test_acc=45.32% best=46.82% lr=1.3433358e-05 time=13.3s est_300=1h 13m 55s
[OURS:CvT-13][277/300] loss=0.4515 ce=0.4515 guidance=0.0000 beta=0.00 train_acc=89.25% test_acc=45.37% best=46.82% lr=1.2775668e-05 time=13.5s est_300=1h 13m 54s
[OURS:CvT-13][278/300] loss=0.4725 ce=0.4725 guidance=0.0000 beta=0.00 train_acc=88.77% test_acc=45.39% best=46.82% lr=1.2144266e-05 time=14.0s est_300=1h 13m 53s
[OURS:CvT-13][279/300] loss=0.4862 ce=0.4862 guidance=0.0000 beta=0.00 train_acc=88.42% test_acc=45.31% best=46.82% lr=1.1539222e-05 time=13.4s est_300=1h 13m 52s
[OURS:CvT-13][280/300] loss=0.5009 ce=0.5009 guidance=0.0000 beta=0.00 train_acc=88.15% test_acc=45.06% best=46.82% lr=1.0960601e-05 time=13.2s est_300=1h 13m 50s
[OURS:CvT-13][281/300] loss=0.4799 ce=0.4799 guidance=0.0000 beta=0.00 train_acc=88.99% test_acc=45.17% best=46.82% lr=1.0408469e-05 time=13.5s est_300=1h 13m 49s
[OURS:CvT-13][282/300] loss=0.5209 ce=0.5209 guidance=0.0000 beta=0.00 train_acc=87.67% test_acc=45.27% best=46.82% lr=9.8828843e-06 time=13.3s est_300=1h 13m 47s
[OURS:CvT-13][283/300] loss=0.4939 ce=0.4939 guidance=0.0000 beta=0.00 train_acc=88.13% test_acc=45.06% best=46.82% lr=9.3839054e-06 time=13.6s est_300=1h 13m 46s
[OURS:CvT-13][284/300] loss=0.4748 ce=0.4748 guidance=0.0000 beta=0.00 train_acc=88.71% test_acc=45.17% best=46.82% lr=8.911587e-06 time=13.6s est_300=1h 13m 45s
[OURS:CvT-13][285/300] loss=0.4780 ce=0.4780 guidance=0.0000 beta=0.00 train_acc=88.67% test_acc=45.24% best=46.82% lr=8.4659808e-06 time=13.2s est_300=1h 13m 43s
[OURS:CvT-13][286/300] loss=0.4746 ce=0.4746 guidance=0.0000 beta=0.00 train_acc=88.42% test_acc=45.25% best=46.82% lr=8.0471357e-06 time=13.2s est_300=1h 13m 41s
[OURS:CvT-13][287/300] loss=0.4769 ce=0.4769 guidance=0.0000 beta=0.00 train_acc=88.50% test_acc=45.29% best=46.82% lr=7.6550976e-06 time=13.1s est_300=1h 13m 40s
[OURS:CvT-13][288/300] loss=0.4723 ce=0.4723 guidance=0.0000 beta=0.00 train_acc=88.33% test_acc=45.37% best=46.82% lr=7.2899095e-06 time=13.2s est_300=1h 13m 38s
[OURS:CvT-13][289/300] loss=0.4789 ce=0.4789 guidance=0.0000 beta=0.00 train_acc=88.99% test_acc=45.29% best=46.82% lr=6.9516114e-06 time=13.7s est_300=1h 13m 37s
[OURS:CvT-13][290/300] loss=0.4846 ce=0.4846 guidance=0.0000 beta=0.00 train_acc=88.74% test_acc=45.36% best=46.82% lr=6.6402405e-06 time=13.6s est_300=1h 13m 36s
[OURS:CvT-13][291/300] loss=0.4908 ce=0.4908 guidance=0.0000 beta=0.00 train_acc=88.18% test_acc=45.24% best=46.82% lr=6.3558309e-06 time=13.1s est_300=1h 13m 34s
[OURS:CvT-13][292/300] loss=0.4766 ce=0.4766 guidance=0.0000 beta=0.00 train_acc=88.62% test_acc=45.55% best=46.82% lr=6.0984138e-06 time=12.6s est_300=1h 13m 32s
[OURS:CvT-13][293/300] loss=0.4541 ce=0.4541 guidance=0.0000 beta=0.00 train_acc=89.13% test_acc=45.34% best=46.82% lr=5.8680173e-06 time=12.4s est_300=1h 13m 30s
[OURS:CvT-13][294/300] loss=0.4694 ce=0.4694 guidance=0.0000 beta=0.00 train_acc=88.88% test_acc=45.34% best=46.82% lr=5.6646669e-06 time=13.5s est_300=1h 13m 28s
[OURS:CvT-13][295/300] loss=0.4640 ce=0.4640 guidance=0.0000 beta=0.00 train_acc=89.08% test_acc=45.27% best=46.82% lr=5.4883847e-06 time=12.8s est_300=1h 13m 26s
[OURS:CvT-13][296/300] loss=0.4798 ce=0.4798 guidance=0.0000 beta=0.00 train_acc=88.69% test_acc=45.13% best=46.82% lr=5.3391901e-06 time=12.3s est_300=1h 13m 24s
[OURS:CvT-13][297/300] loss=0.4677 ce=0.4677 guidance=0.0000 beta=0.00 train_acc=89.01% test_acc=45.22% best=46.82% lr=5.2170996e-06 time=12.4s est_300=1h 13m 22s
[OURS:CvT-13][298/300] loss=0.4838 ce=0.4838 guidance=0.0000 beta=0.00 train_acc=88.16% test_acc=45.22% best=46.82% lr=5.1221263e-06 time=14.0s est_300=1h 13m 21s
[OURS:CvT-13][299/300] loss=0.4937 ce=0.4937 guidance=0.0000 beta=0.00 train_acc=88.49% test_acc=45.06% best=46.82% lr=5.0542808e-06 time=13.5s est_300=1h 13m 20s
[OURS:CvT-13][300/300] loss=0.4726 ce=0.4726 guidance=0.0000 beta=0.00 train_acc=88.55% test_acc=45.36% best=46.82% lr=5.0135706e-06 time=13.5s est_300=1h 13m 19s
[TIMING_RESULT] student=CvT-13 method=OURS batch=128 avg_epoch=14.66s estimated_300=1h 13m 19s
[FINAL_RESULT] summary=/app/output/table1_cub200_cvt13_all_full_seed1/students/table1_cub200_cvt_13_ours_b128_full_300ep_seed1/summary.json
[DONE] Table-1 CUB student task completed successfully.
[STUDENT_IDENTITY_CHECK_TABLE1_CUB200] status=PASS student=CvT-13 method=OursB128 batch=128 teacher=06f75192b1c108c89e480843cb4f72dfb28aa762d7b11e7ac327333dd54b51f5
[TASK_DONE] 5/5 CvT-13/OursB128 elapsed=1h 14m 19s
================================================================================================
[FINAL_TOP1_SUMMARY_TABLE1_CUB200_BACKBONE_ALL] student=CvT-13 Teacher=36.40% Vanilla=29.19% LG=43.01% ALG=46.63% OursB64=47.98% OursB128=46.82%
[SEQUENCE_DONE_TABLE1_CUB200_BACKBONE_ALL] student=CvT-13 completed_tasks=5/5
[FINAL_RESULT] summary=/app/output/table1_cub200_cvt13_all_full_seed1/final_summary.json
