[BOOT] installing pinned requirements; missing_or_mismatched=['timm', 'fvcore', 'iopath', 'yacs']
WARNING: Running pip as the 'root' user can result in broken permissions and conflicting behaviour with the system package manager, possibly rendering your system unusable. It is recommended to use a virtual environment instead: https://pip.pypa.io/warnings/venv. Use the --root-user-action option if you know what you are doing and want to suppress this warning.
[BOOT] pinned requirements installed successfully
================================================================================================
TABLE-1 CUB-200: DEIT-TI OURS B64 -> DEIT-TI OURS B128
================================================================================================
[PROTOCOL_LOCK_TABLE1_CUB200_DEIT_OURS] teacher=ResNet56 scratch input=32 build=543 fixed=True student=DeiT-Ti scratch input=224 method=Ours batches=64,128 epochs=300 seed=1 fp32=True
[FIXED_TEACHER_CHECK_TABLE1_CUB200] status=PASS build=543 epoch=275 top1=36.40% input=32 sha256=06f75192b1c108c89e480843cb4f72dfb28aa762d7b11e7ac327333dd54b51f5
[PREVIOUS_RESULT_CHECK_TABLE1_CUB200_DEIT] status=PASS LG=44.51% ALG=47.70% teacher_sha256=06f75192b1c108c89e480843cb4f72dfb28aa762d7b11e7ac327333dd54b51f5
[TASK_COUNT_TABLE1_CUB200_DEIT_OURS] total=2 order=OursB64,OursB128
[POD_LIMIT_CHECK_TABLE1_CUB200_DEIT_OURS] limit=600m estimated=2h 23m 56s status=PASS
------------------------------------------------------------------------------------------------
[TASK_START] 1/2 OursB64
[COMMAND][OursB64] /usr/bin/python /app/scratch/input/bapedragon_547/methods/table1_cub200/train.py --full-run --student deit_ti --method ours --batch-size 64 --data-dir /app/output/table1_cub200_deit_ours_full_seed1/data/cub200 --teacher-root /app/scratch/input/bapedragon_547/teachers/checkpoints/cub200_table1_resnet56_32 --output-dir /app/output/table1_cub200_deit_ours_full_seed1/students --run-name table1_cub200_deit_ti_ours_b64_full_300ep_seed1 --num-workers 4
[BOOT] Python process started: /usr/bin/python
[BOOT] complete Table-1 runtime dependencies already available
/usr/local/lib/python3.10/dist-packages/timm/models/layers/__init__.py:49: FutureWarning: Importing from timm.models.layers is deprecated, please import via timm.layers
  warnings.warn(f"Importing from {__name__} is deprecated, please import via timm.layers", FutureWarning)
========================================================================================
CUB-200 TABLE-1 EXTENSION
========================================================================================
[TASK] student=DeiT-Ti method=OURS batch=64 mode=full_300ep
[MODE] actual_epochs=300 planned_epochs=300
[PROTOCOL_LOCK] dataset=CUB-200-2011 split=5994/5794 teacher=ResNet56-scratch-32 student=scratch-224 epochs=300 AdamW=5e-4->5e-6 wd=0.05 warmup=20 seed=1 fp32=True
[FIXED_TEACHER_TABLE1_CUB200] h200_build=543 root=/app/scratch/input/bapedragon_547/teachers/checkpoints/cub200_table1_resnet56_32 sha256=06f75192b1c108c89e480843cb4f72dfb28aa762d7b11e7ac327333dd54b51f5
[SOURCE] official_lg_repo=https://github.com/lkhl/tiny-transformers commit=d2165f74049c906b0afc9f957491960fb3c0cc8b
[MODEL] params=5,563,016 feature_dims=(192, 192, 192, 192, 192, 192, 192, 192, 192, 192, 192, 192) selected_lg=(0, 6, 11)
[FEATURE_CHECK] student=((2, 192, 14, 14), (2, 192, 14, 14), (2, 192, 14, 14), (2, 192, 14, 14), (2, 192, 14, 14), (2, 192, 14, 14), (2, 192, 14, 14), (2, 192, 14, 14), (2, 192, 14, 14), (2, 192, 14, 14), (2, 192, 14, 14), (2, 192, 14, 14)) teacher=((2, 16, 32, 32), (2, 32, 16, 16), (2, 64, 8, 8)) guidance_probe=12.028500
[OURS_ADAPTER] all_blocks=True common_channels=192 common_grid=14 adapter_params=0 ours_params=55,901
[OPTIMIZER] contract=ours_single_group_all_parameters_decay_0.05
[OURS:DeiT-Ti][001/300] loss=94.2858 ce=5.2983 guidance=35.5950 beta=2.50 train_acc=0.76% test_acc=0.95% best=0.95% lr=5e-07 time=15.6s est_300=1h 18m 03s
[OURS:DeiT-Ti][002/300] loss=80.5271 ce=5.3009 guidance=30.0905 beta=2.50 train_acc=0.34% test_acc=0.52% best=0.95% lr=2.5475e-05 time=14.0s est_300=1h 14m 04s
[OURS:DeiT-Ti][003/300] loss=69.9332 ce=5.3046 guidance=25.8515 beta=2.50 train_acc=0.29% test_acc=0.79% best=0.95% lr=5.045e-05 time=15.4s est_300=1h 15m 06s
[OURS:DeiT-Ti][004/300] loss=63.8511 ce=5.3064 guidance=23.4179 beta=2.50 train_acc=0.30% test_acc=0.52% best=0.95% lr=7.5425e-05 time=14.8s est_300=1h 14m 50s
[OURS:DeiT-Ti][005/300] loss=58.8420 ce=5.3061 guidance=21.4143 beta=2.50 train_acc=0.35% test_acc=1.09% best=1.09% lr=0.0001004 time=14.6s est_300=1h 14m 26s
[OURS:DeiT-Ti][006/300] loss=55.4770 ce=5.2951 guidance=20.0728 beta=2.50 train_acc=0.45% test_acc=1.21% best=1.21% lr=0.000125375 time=15.5s est_300=1h 14m 59s
[OURS:DeiT-Ti][007/300] loss=53.4804 ce=5.2714 guidance=19.2836 beta=2.50 train_acc=0.62% test_acc=1.21% best=1.21% lr=0.00015035 time=15.6s est_300=1h 15m 27s
[OURS:DeiT-Ti][008/300] loss=51.2669 ce=5.2085 guidance=18.4234 beta=2.50 train_acc=0.94% test_acc=1.31% best=1.31% lr=0.000175325 time=14.7s est_300=1h 15m 10s
[OURS:DeiT-Ti][009/300] loss=49.9306 ce=5.1595 guidance=17.9084 beta=2.50 train_acc=0.89% test_acc=1.33% best=1.33% lr=0.0002003 time=15.2s est_300=1h 15m 17s
[OURS:DeiT-Ti][010/300] loss=48.7328 ce=5.0911 guidance=17.4567 beta=2.50 train_acc=1.44% test_acc=2.05% best=2.05% lr=0.000225275 time=14.5s est_300=1h 15m 02s
[OURS:DeiT-Ti][011/300] loss=47.1578 ce=4.9988 guidance=16.8636 beta=2.50 train_acc=1.93% test_acc=3.87% best=3.87% lr=0.00025025 time=15.8s est_300=1h 15m 22s
[OURS:DeiT-Ti][012/300] loss=46.4192 ce=4.8451 guidance=16.6297 beta=2.50 train_acc=3.18% test_acc=5.13% best=5.13% lr=0.000275225 time=15.0s est_300=1h 15m 21s
[OURS:DeiT-Ti][013/300] loss=44.7807 ce=4.6904 guidance=16.0361 beta=2.50 train_acc=4.44% test_acc=5.06% best=5.13% lr=0.0003002 time=14.2s est_300=1h 15m 00s
[OURS:DeiT-Ti][014/300] loss=43.7224 ce=4.5851 guidance=15.6549 beta=2.50 train_acc=5.33% test_acc=7.58% best=7.58% lr=0.000325175 time=15.5s est_300=1h 15m 10s
[OURS:DeiT-Ti][015/300] loss=42.9975 ce=4.4854 guidance=15.4049 beta=2.50 train_acc=6.18% test_acc=9.01% best=9.01% lr=0.00035015 time=14.6s est_300=1h 15m 00s
[OURS:DeiT-Ti][016/300] loss=42.0329 ce=4.3967 guidance=15.0545 beta=2.50 train_acc=7.21% test_acc=10.11% best=10.11% lr=0.000375125 time=14.6s est_300=1h 14m 52s
[OURS:DeiT-Ti][017/300] loss=41.1002 ce=4.3425 guidance=14.7031 beta=2.50 train_acc=8.47% test_acc=10.99% best=10.99% lr=0.0004001 time=13.8s est_300=1h 14m 31s
[OURS:DeiT-Ti][018/300] loss=40.3010 ce=4.2358 guidance=14.4261 beta=2.50 train_acc=9.17% test_acc=12.50% best=12.50% lr=0.000425075 time=14.6s est_300=1h 14m 26s
[OURS:DeiT-Ti][019/300] loss=39.6242 ce=4.1907 guidance=14.1734 beta=2.50 train_acc=9.63% test_acc=15.05% best=15.05% lr=0.00045005 time=14.9s est_300=1h 14m 27s
[OURS:DeiT-Ti][020/300] loss=38.9867 ce=4.1026 guidance=13.9536 beta=2.50 train_acc=10.79% test_acc=14.55% best=15.05% lr=0.000475025 time=15.1s est_300=1h 14m 31s
[OURS:DeiT-Ti][021/300] loss=38.3016 ce=4.0422 guidance=13.7038 beta=2.50 train_acc=12.23% test_acc=16.72% best=16.72% lr=0.00049459153 time=15.1s est_300=1h 14m 34s
[OURS:DeiT-Ti][022/300] loss=37.6821 ce=3.9570 guidance=13.4901 beta=2.50 train_acc=13.21% test_acc=18.00% best=18.00% lr=0.0004940394 time=14.9s est_300=1h 14m 34s
[OURS:DeiT-Ti][023/300] loss=37.2372 ce=3.8909 guidance=13.3385 beta=2.50 train_acc=14.06% test_acc=21.49% best=21.49% lr=0.00049346078 time=14.5s est_300=1h 14m 28s
[OURS:DeiT-Ti][024/300] loss=36.5475 ce=3.8478 guidance=13.0799 beta=2.50 train_acc=14.87% test_acc=22.20% best=22.20% lr=0.00049285573 time=14.2s est_300=1h 14m 20s
[OURS:DeiT-Ti][025/300] loss=35.8754 ce=3.7727 guidance=12.8411 beta=2.50 train_acc=15.73% test_acc=22.56% best=22.56% lr=0.00049222433 time=14.8s est_300=1h 14m 19s
[OURS:DeiT-Ti][026/300] loss=35.5712 ce=3.7246 guidance=12.7387 beta=2.50 train_acc=16.83% test_acc=22.35% best=22.56% lr=0.00049156664 time=15.1s est_300=1h 14m 21s
[OURS:DeiT-Ti][027/300] loss=35.0885 ce=3.6830 guidance=12.5622 beta=2.50 train_acc=18.53% test_acc=22.87% best=22.87% lr=0.00049088274 time=15.0s est_300=1h 14m 22s
[OURS:DeiT-Ti][028/300] loss=34.6983 ce=3.6581 guidance=12.4161 beta=2.50 train_acc=18.50% test_acc=23.84% best=23.84% lr=0.00049017269 time=14.4s est_300=1h 14m 17s
[OURS:DeiT-Ti][029/300] loss=34.1341 ce=3.6138 guidance=12.2081 beta=2.50 train_acc=19.24% test_acc=26.37% best=26.37% lr=0.00048943658 time=14.7s est_300=1h 14m 15s
[OURS:DeiT-Ti][030/300] loss=33.9582 ce=3.5706 guidance=12.1551 beta=2.50 train_acc=20.06% test_acc=25.63% best=26.37% lr=0.00048867448 time=15.3s est_300=1h 14m 20s
[OURS:DeiT-Ti][031/300] loss=33.6677 ce=3.5294 guidance=12.0553 beta=2.50 train_acc=19.89% test_acc=27.06% best=27.06% lr=0.00048788649 time=14.9s est_300=1h 14m 20s
[OURS:DeiT-Ti][032/300] loss=33.2574 ce=3.4219 guidance=11.9342 beta=2.50 train_acc=22.92% test_acc=27.72% best=27.72% lr=0.00048707268 time=14.8s est_300=1h 14m 20s
[OURS:DeiT-Ti][033/300] loss=32.8834 ce=3.4366 guidance=11.7787 beta=2.50 train_acc=22.38% test_acc=28.82% best=28.82% lr=0.00048623315 time=13.9s est_300=1h 14m 11s
[OURS:DeiT-Ti][034/300] loss=32.8645 ce=3.3954 guidance=11.7876 beta=2.50 train_acc=21.84% test_acc=29.12% best=29.12% lr=0.00048536799 time=14.6s est_300=1h 14m 09s
[OURS:DeiT-Ti][035/300] loss=32.4462 ce=3.3357 guidance=11.6442 beta=2.50 train_acc=23.82% test_acc=30.65% best=30.65% lr=0.00048447729 time=14.9s est_300=1h 14m 10s
[OURS:DeiT-Ti][036/300] loss=32.0739 ce=3.3308 guidance=11.4972 beta=2.50 train_acc=24.26% test_acc=30.67% best=30.67% lr=0.00048356116 time=15.2s est_300=1h 14m 13s
[OURS:DeiT-Ti][037/300] loss=32.0317 ce=3.2823 guidance=11.4998 beta=2.50 train_acc=24.68% test_acc=32.78% best=32.78% lr=0.00048261968 time=15.6s est_300=1h 14m 19s
[OURS:DeiT-Ti][038/300] loss=31.3899 ce=3.2062 guidance=11.2735 beta=2.50 train_acc=26.68% test_acc=31.24% best=32.78% lr=0.00048165297 time=15.0s est_300=1h 14m 21s
[OURS:DeiT-Ti][039/300] loss=31.1100 ce=3.1674 guidance=11.1770 beta=2.50 train_acc=26.60% test_acc=34.90% best=34.90% lr=0.00048066113 time=14.7s est_300=1h 14m 19s
[OURS:DeiT-Ti][040/300] loss=30.7018 ce=3.1609 guidance=11.0164 beta=2.50 train_acc=26.61% test_acc=33.28% best=34.90% lr=0.00047964427 time=14.9s est_300=1h 14m 19s
[OURS:DeiT-Ti][041/300] loss=30.1996 ce=3.1477 guidance=10.8207 beta=2.50 train_acc=27.79% test_acc=32.53% best=34.90% lr=0.0004786025 time=14.1s est_300=1h 14m 14s
[OURS:DeiT-Ti][042/300] loss=30.0316 ce=3.0982 guidance=10.7734 beta=2.50 train_acc=28.39% test_acc=35.04% best=35.04% lr=0.00047753594 time=15.1s est_300=1h 14m 16s
[OURS:DeiT-Ti][043/300] loss=29.5993 ce=3.0715 guidance=10.6111 beta=2.50 train_acc=28.97% test_acc=34.47% best=35.04% lr=0.0004764447 time=15.7s est_300=1h 14m 22s
[OURS:DeiT-Ti][044/300] loss=29.3100 ce=3.0031 guidance=10.5228 beta=2.50 train_acc=30.17% test_acc=35.35% best=35.35% lr=0.0004753289 time=15.2s est_300=1h 14m 24s
[OURS:DeiT-Ti][045/300] loss=29.0893 ce=2.9838 guidance=10.4422 beta=2.50 train_acc=30.90% test_acc=35.12% best=35.35% lr=0.00047418866 time=15.7s est_300=1h 14m 29s
[OURS:DeiT-Ti][046/300] loss=28.8891 ce=2.9665 guidance=10.3690 beta=2.50 train_acc=31.01% test_acc=38.38% best=38.38% lr=0.00047302411 time=15.5s est_300=1h 14m 33s
[OURS:DeiT-Ti][047/300] loss=28.5343 ce=2.9538 guidance=10.2322 beta=2.50 train_acc=31.05% test_acc=35.88% best=38.38% lr=0.00047183539 time=14.7s est_300=1h 14m 32s
[OURS:DeiT-Ti][048/300] loss=28.2303 ce=2.8944 guidance=10.1344 beta=2.50 train_acc=32.81% test_acc=37.50% best=38.38% lr=0.0004706226 time=15.5s est_300=1h 14m 36s
[OURS:DeiT-Ti][049/300] loss=28.0042 ce=2.8779 guidance=10.0505 beta=2.50 train_acc=32.26% test_acc=37.99% best=38.38% lr=0.0004693859 time=15.0s est_300=1h 14m 36s
[OURS:DeiT-Ti][050/300] loss=27.8734 ce=2.8381 guidance=10.0141 beta=2.50 train_acc=33.97% test_acc=37.63% best=38.38% lr=0.00046812542 time=14.9s est_300=1h 14m 36s
[OURS:DeiT-Ti][051/300] loss=27.6818 ce=2.8007 guidance=9.9525 beta=2.50 train_acc=34.73% test_acc=38.59% best=38.59% lr=0.00046684129 time=14.8s est_300=1h 14m 35s
[OURS:DeiT-Ti][052/300] loss=27.5944 ce=2.8142 guidance=9.9121 beta=2.50 train_acc=34.71% test_acc=37.66% best=38.59% lr=0.00046553365 time=14.6s est_300=1h 14m 33s
[OURS:DeiT-Ti][053/300] loss=27.4610 ce=2.7805 guidance=9.8722 beta=2.50 train_acc=34.96% test_acc=38.09% best=38.59% lr=0.00046420265 time=14.3s est_300=1h 14m 30s
[OURS:DeiT-Ti][054/300] loss=27.3600 ce=2.7639 guidance=9.8384 beta=2.50 train_acc=35.05% test_acc=40.40% best=40.40% lr=0.00046284844 time=15.3s est_300=1h 14m 32s
[OURS:DeiT-Ti][055/300] loss=27.2954 ce=2.6770 guidance=9.8474 beta=2.50 train_acc=36.41% test_acc=38.80% best=40.40% lr=0.00046147116 time=15.1s est_300=1h 14m 33s
[OURS:DeiT-Ti][056/300] loss=26.9844 ce=2.7179 guidance=9.7066 beta=2.50 train_acc=36.16% test_acc=38.54% best=40.40% lr=0.00046007097 time=15.1s est_300=1h 14m 34s
[OURS:DeiT-Ti][057/300] loss=26.9460 ce=2.6532 guidance=9.7171 beta=2.50 train_acc=37.15% test_acc=39.23% best=40.40% lr=0.00045864801 time=15.1s est_300=1h 14m 35s
[OURS:DeiT-Ti][058/300] loss=26.7467 ce=2.6719 guidance=9.6299 beta=2.50 train_acc=37.80% test_acc=39.14% best=40.40% lr=0.00045720244 time=14.9s est_300=1h 14m 35s
[OURS:DeiT-Ti][059/300] loss=26.5115 ce=2.5941 guidance=9.5670 beta=2.50 train_acc=38.84% test_acc=40.28% best=40.40% lr=0.00045573443 time=15.0s est_300=1h 14m 36s
[OURS:DeiT-Ti][060/300] loss=26.4754 ce=2.5805 guidance=9.5580 beta=2.50 train_acc=39.55% test_acc=40.77% best=40.77% lr=0.00045424413 time=14.0s est_300=1h 14m 31s
[OURS:DeiT-Ti][061/300] loss=26.3972 ce=2.5975 guidance=9.5199 beta=2.50 train_acc=38.34% test_acc=40.80% best=40.80% lr=0.00045273171 time=14.8s est_300=1h 14m 31s
[OURS:DeiT-Ti][062/300] loss=26.0684 ce=2.5375 guidance=9.4124 beta=2.50 train_acc=40.19% test_acc=41.82% best=41.82% lr=0.00045119733 time=14.8s est_300=1h 14m 30s
[OURS:DeiT-Ti][063/300] loss=26.0950 ce=2.4831 guidance=9.4448 beta=2.50 train_acc=40.78% test_acc=41.89% best=41.89% lr=0.00044964115 time=14.9s est_300=1h 14m 30s
[OURS:DeiT-Ti][064/300] loss=26.0156 ce=2.5349 guidance=9.3923 beta=2.50 train_acc=40.61% test_acc=40.78% best=41.89% lr=0.00044806337 time=15.5s est_300=1h 14m 33s
[OURS:DeiT-Ti][065/300] loss=25.8939 ce=2.5221 guidance=9.3487 beta=2.50 train_acc=40.88% test_acc=40.77% best=41.89% lr=0.00044646413 time=14.3s est_300=1h 14m 30s
[OURS:DeiT-Ti][066/300] loss=25.9628 ce=2.4541 guidance=9.4035 beta=2.50 train_acc=41.87% test_acc=42.37% best=42.37% lr=0.00044484363 time=14.9s est_300=1h 14m 30s
[OURS:DeiT-Ti][067/300] loss=25.7134 ce=2.4326 guidance=9.3123 beta=2.50 train_acc=42.46% test_acc=42.56% best=42.56% lr=0.00044320203 time=15.3s est_300=1h 14m 32s
[OURS:DeiT-Ti][068/300] loss=25.4862 ce=2.4464 guidance=9.2159 beta=2.50 train_acc=41.20% test_acc=42.32% best=42.56% lr=0.00044153952 time=13.9s est_300=1h 14m 28s
[OURS:DeiT-Ti][069/300] loss=25.6108 ce=2.4345 guidance=9.2705 beta=2.50 train_acc=42.64% test_acc=41.53% best=42.56% lr=0.00043985628 time=15.6s est_300=1h 14m 31s
[OURS:DeiT-Ti][070/300] loss=25.5410 ce=2.3719 guidance=9.2677 beta=2.50 train_acc=43.15% test_acc=41.59% best=42.56% lr=0.00043815249 time=15.1s est_300=1h 14m 32s
[OURS:DeiT-Ti][071/300] loss=25.3010 ce=2.3625 guidance=9.1754 beta=2.50 train_acc=44.02% test_acc=41.75% best=42.56% lr=0.00043642834 time=15.0s est_300=1h 14m 32s
[OURS:DeiT-Ti][072/300] loss=25.3176 ce=2.3497 guidance=9.1872 beta=2.50 train_acc=44.52% test_acc=43.29% best=43.29% lr=0.00043468403 time=14.8s est_300=1h 14m 31s
[OURS:DeiT-Ti][073/300] loss=25.1806 ce=2.3065 guidance=9.1496 beta=2.50 train_acc=45.50% test_acc=44.01% best=44.01% lr=0.00043291974 time=15.0s est_300=1h 14m 32s
[OURS:DeiT-Ti][074/300] loss=25.0638 ce=2.3034 guidance=9.1042 beta=2.50 train_acc=45.23% test_acc=42.30% best=44.01% lr=0.00043113566 time=14.1s est_300=1h 14m 29s
[OURS:DeiT-Ti][075/300] loss=25.0095 ce=2.2613 guidance=9.0993 beta=2.50 train_acc=45.23% test_acc=42.73% best=44.01% lr=0.00042933199 time=14.6s est_300=1h 14m 27s
[OURS:DeiT-Ti][076/300] loss=25.1770 ce=2.2799 guidance=9.1588 beta=2.50 train_acc=45.50% test_acc=43.15% best=44.01% lr=0.00042750893 time=14.2s est_300=1h 14m 25s
[OURS:DeiT-Ti][077/300] loss=24.7806 ce=2.2451 guidance=9.0142 beta=2.50 train_acc=46.66% test_acc=42.73% best=44.01% lr=0.00042566668 time=15.3s est_300=1h 14m 26s
[OURS:DeiT-Ti][078/300] loss=24.8411 ce=2.2665 guidance=9.0298 beta=2.50 train_acc=46.54% test_acc=42.87% best=44.01% lr=0.00042380544 time=15.3s est_300=1h 14m 28s
[OURS:DeiT-Ti][079/300] loss=24.7451 ce=2.2242 guidance=9.0084 beta=2.50 train_acc=48.45% test_acc=41.54% best=44.01% lr=0.00042192541 time=14.7s est_300=1h 14m 27s
[OURS:DeiT-Ti][080/300] loss=24.6253 ce=2.2190 guidance=8.9625 beta=2.50 train_acc=46.76% test_acc=43.48% best=44.01% lr=0.0004200268 time=13.7s est_300=1h 14m 22s
[OURS:DeiT-Ti][081/300] loss=24.6849 ce=2.2866 guidance=8.9593 beta=2.50 train_acc=44.96% test_acc=43.39% best=44.01% lr=0.00041810983 time=14.1s est_300=1h 14m 19s
[OURS:DeiT-Ti][082/300] loss=24.5584 ce=2.2115 guidance=8.9387 beta=2.50 train_acc=47.75% test_acc=44.15% best=44.15% lr=0.00041617469 time=13.6s est_300=1h 14m 15s
[OURS:DeiT-Ti][083/300] loss=24.5017 ce=2.2009 guidance=8.9203 beta=2.50 train_acc=47.36% test_acc=44.30% best=44.30% lr=0.0004142216 time=14.7s est_300=1h 14m 14s
[OURS:DeiT-Ti][084/300] loss=24.3886 ce=2.1344 guidance=8.9017 beta=2.50 train_acc=49.33% test_acc=44.10% best=44.30% lr=0.00041225078 time=15.4s est_300=1h 14m 16s
[OURS:DeiT-Ti][085/300] loss=24.3621 ce=2.1660 guidance=8.8784 beta=2.50 train_acc=49.24% test_acc=45.15% best=45.15% lr=0.00041026244 time=15.1s est_300=1h 14m 17s
[OURS:DeiT-Ti][086/300] loss=24.3228 ce=2.1123 guidance=8.8842 beta=2.50 train_acc=49.56% test_acc=42.80% best=45.15% lr=0.0004082568 time=13.7s est_300=1h 14m 12s
[OURS:DeiT-Ti][087/300] loss=24.1568 ce=2.1172 guidance=8.8158 beta=2.50 train_acc=49.85% test_acc=43.46% best=45.15% lr=0.00040623408 time=14.7s est_300=1h 14m 12s
[OURS:DeiT-Ti][088/300] loss=24.3212 ce=2.1255 guidance=8.8783 beta=2.50 train_acc=49.28% test_acc=43.89% best=45.15% lr=0.0004041945 time=15.1s est_300=1h 14m 13s
[OURS:DeiT-Ti][089/300] loss=24.2523 ce=2.1085 guidance=8.8575 beta=2.50 train_acc=49.34% test_acc=44.63% best=45.15% lr=0.00040213828 time=13.8s est_300=1h 14m 09s
[OURS:DeiT-Ti][090/300] loss=24.0252 ce=2.0256 guidance=8.7998 beta=2.50 train_acc=51.98% test_acc=43.23% best=45.15% lr=0.00040006566 time=14.9s est_300=1h 14m 09s
[OURS:DeiT-Ti][091/300] loss=24.1015 ce=2.0545 guidance=8.8188 beta=2.50 train_acc=51.41% test_acc=44.13% best=45.15% lr=0.00039797685 time=14.4s est_300=1h 14m 08s
[OURS:DeiT-Ti][092/300] loss=24.0338 ce=2.0679 guidance=8.7864 beta=2.50 train_acc=51.13% test_acc=43.25% best=45.15% lr=0.00039587209 time=15.1s est_300=1h 14m 09s
[OURS:DeiT-Ti][093/300] loss=23.8404 ce=2.0284 guidance=8.7248 beta=2.50 train_acc=51.28% test_acc=44.01% best=45.15% lr=0.00039375161 time=15.0s est_300=1h 14m 09s
[OURS:DeiT-Ti][094/300] loss=23.7453 ce=1.9938 guidance=8.7006 beta=2.50 train_acc=52.42% test_acc=44.39% best=45.15% lr=0.00039161564 time=15.4s est_300=1h 14m 11s
[OURS:DeiT-Ti][095/300] loss=23.7496 ce=1.9855 guidance=8.7056 beta=2.50 train_acc=51.75% test_acc=44.65% best=45.15% lr=0.00038946441 time=15.0s est_300=1h 14m 11s
[OURS:DeiT-Ti][096/300] loss=23.8132 ce=2.0281 guidance=8.7140 beta=2.50 train_acc=52.03% test_acc=45.29% best=45.29% lr=0.00038729816 time=14.9s est_300=1h 14m 12s
[OURS:DeiT-Ti][097/300] loss=23.6511 ce=1.9439 guidance=8.6829 beta=2.50 train_acc=53.95% test_acc=43.99% best=45.29% lr=0.00038511713 time=15.2s est_300=1h 14m 13s
[OURS:DeiT-Ti][098/300] loss=23.5634 ce=1.9268 guidance=8.6546 beta=2.50 train_acc=54.05% test_acc=44.17% best=45.29% lr=0.00038292156 time=15.0s est_300=1h 14m 13s
[OURS:DeiT-Ti][099/300] loss=23.6557 ce=1.9487 guidance=8.6828 beta=2.50 train_acc=52.96% test_acc=44.32% best=45.29% lr=0.00038071168 time=14.8s est_300=1h 14m 13s
[OURS:DeiT-Ti][100/300] loss=23.5373 ce=1.9415 guidance=8.6383 beta=2.50 train_acc=53.11% test_acc=43.11% best=45.29% lr=0.00037848775 time=14.5s est_300=1h 14m 12s
[OURS:DeiT-Ti][101/300] loss=23.3737 ce=1.9418 guidance=8.5728 beta=2.50 train_acc=54.07% test_acc=43.82% best=45.29% lr=0.00037625 time=15.0s est_300=1h 14m 13s
[OURS:DeiT-Ti][102/300] loss=23.4304 ce=1.8889 guidance=8.6166 beta=2.50 train_acc=55.11% test_acc=43.80% best=45.29% lr=0.00037399868 time=14.7s est_300=1h 14m 12s
[OURS:DeiT-Ti][103/300] loss=23.3910 ce=1.9112 guidance=8.5919 beta=2.50 train_acc=54.59% test_acc=44.39% best=45.29% lr=0.00037173403 time=14.9s est_300=1h 14m 13s
[OURS:DeiT-Ti][104/300] loss=23.4175 ce=1.9036 guidance=8.6055 beta=2.50 train_acc=55.02% test_acc=45.69% best=45.69% lr=0.00036945631 time=15.5s est_300=1h 14m 14s
[OURS:DeiT-Ti][105/300] loss=23.3027 ce=1.8564 guidance=8.5785 beta=2.50 train_acc=55.49% test_acc=44.68% best=45.69% lr=0.00036716577 time=14.9s est_300=1h 14m 14s
[OURS:DeiT-Ti][106/300] loss=23.3646 ce=1.9118 guidance=8.5811 beta=2.50 train_acc=54.86% test_acc=45.15% best=45.69% lr=0.00036486265 time=14.6s est_300=1h 14m 14s
[OURS:DeiT-Ti][107/300] loss=23.2888 ce=1.8779 guidance=8.5644 beta=2.50 train_acc=55.61% test_acc=43.65% best=45.69% lr=0.00036254721 time=14.7s est_300=1h 14m 14s
[OURS:DeiT-Ti][108/300] loss=23.3101 ce=1.9097 guidance=8.5602 beta=2.50 train_acc=54.42% test_acc=43.60% best=45.69% lr=0.0003602197 time=14.5s est_300=1h 14m 13s
[OURS:DeiT-Ti][109/300] loss=23.1927 ce=1.8299 guidance=8.5451 beta=2.50 train_acc=56.10% test_acc=43.84% best=45.69% lr=0.00035788037 time=14.6s est_300=1h 14m 12s
[OURS:DeiT-Ti][110/300] loss=22.9349 ce=1.7754 guidance=8.4638 beta=2.50 train_acc=57.43% test_acc=44.98% best=45.69% lr=0.0003555295 time=13.7s est_300=1h 14m 09s
[OURS:DeiT-Ti][111/300] loss=23.0456 ce=1.7769 guidance=8.5075 beta=2.50 train_acc=57.21% test_acc=44.48% best=45.69% lr=0.00035316732 time=14.2s est_300=1h 14m 07s
[OURS:DeiT-Ti][112/300] loss=22.8953 ce=1.7964 guidance=8.4396 beta=2.50 train_acc=57.39% test_acc=44.46% best=45.69% lr=0.0003507941 time=13.9s est_300=1h 14m 04s
[OURS:DeiT-Ti][113/300] loss=22.8807 ce=1.7840 guidance=8.4387 beta=2.50 train_acc=57.73% test_acc=44.91% best=45.69% lr=0.00034841011 time=13.0s est_300=1h 14m 00s
[OURS:DeiT-Ti][114/300] loss=22.7421 ce=1.7835 guidance=8.3834 beta=2.50 train_acc=57.44% test_acc=44.79% best=45.69% lr=0.00034601559 time=13.1s est_300=1h 13m 55s
[OURS:DeiT-Ti][115/300] loss=22.8559 ce=1.7593 guidance=8.4387 beta=2.50 train_acc=58.55% test_acc=43.56% best=45.69% lr=0.00034361083 time=13.2s est_300=1h 13m 51s
[OURS:DeiT-Ti][116/300] loss=22.8652 ce=1.8099 guidance=8.4221 beta=2.50 train_acc=56.96% test_acc=43.37% best=45.69% lr=0.00034119607 time=14.7s est_300=1h 13m 51s
[OURS:DeiT-Ti][117/300] loss=22.7703 ce=1.7049 guidance=8.4262 beta=2.50 train_acc=59.14% test_acc=44.13% best=45.69% lr=0.00033877158 time=14.7s est_300=1h 13m 51s
[OURS:DeiT-Ti][118/300] loss=22.6883 ce=1.7365 guidance=8.3807 beta=2.50 train_acc=58.89% test_acc=44.06% best=45.69% lr=0.00033633764 time=14.5s est_300=1h 13m 50s
[OURS:DeiT-Ti][119/300] loss=22.6399 ce=1.6932 guidance=8.3787 beta=2.50 train_acc=59.34% test_acc=44.41% best=45.69% lr=0.0003338945 time=14.4s est_300=1h 13m 49s
[OURS:DeiT-Ti][120/300] loss=22.6657 ce=1.6917 guidance=8.3896 beta=2.50 train_acc=59.98% test_acc=44.82% best=45.69% lr=0.00033144243 time=14.9s est_300=1h 13m 50s
[OURS:DeiT-Ti][121/300] loss=22.5475 ce=1.7169 guidance=8.3322 beta=2.50 train_acc=59.39% test_acc=43.98% best=45.69% lr=0.00032898171 time=15.0s est_300=1h 13m 50s
[OURS:DeiT-Ti][122/300] loss=22.6059 ce=1.7390 guidance=8.3467 beta=2.50 train_acc=58.90% test_acc=43.20% best=45.69% lr=0.0003265126 time=14.7s est_300=1h 13m 50s
[OURS:DeiT-Ti][123/300] loss=22.6050 ce=1.7379 guidance=8.3468 beta=2.50 train_acc=59.16% test_acc=44.25% best=45.69% lr=0.00032403537 time=15.4s est_300=1h 13m 52s
[OURS:DeiT-Ti][124/300] loss=22.4787 ce=1.7247 guidance=8.3016 beta=2.50 train_acc=59.09% test_acc=43.91% best=45.69% lr=0.0003215503 time=13.6s est_300=1h 13m 49s
[OURS:DeiT-Ti][125/300] loss=22.3270 ce=1.6558 guidance=8.2684 beta=2.50 train_acc=60.45% test_acc=45.37% best=45.69% lr=0.00031905766 time=14.0s est_300=1h 13m 47s
[OURS:DeiT-Ti][126/300] loss=22.5655 ce=1.7420 guidance=8.3294 beta=2.50 train_acc=58.40% test_acc=44.55% best=45.69% lr=0.00031655771 time=14.7s est_300=1h 13m 47s
[OURS:DeiT-Ti][127/300] loss=22.4843 ce=1.6894 guidance=8.3179 beta=2.50 train_acc=59.95% test_acc=44.98% best=45.69% lr=0.00031405075 time=13.8s est_300=1h 13m 45s
[OURS:DeiT-Ti][128/300] loss=22.3203 ce=1.6346 guidance=8.2743 beta=2.50 train_acc=61.37% test_acc=45.75% best=45.75% lr=0.00031153703 time=13.6s est_300=1h 13m 42s
[OURS:DeiT-Ti][129/300] loss=22.3346 ce=1.6024 guidance=8.2929 beta=2.50 train_acc=62.20% test_acc=43.58% best=45.75% lr=0.00030901684 time=14.7s est_300=1h 13m 42s
[OURS:DeiT-Ti][130/300] loss=22.4205 ce=1.6554 guidance=8.3060 beta=2.50 train_acc=61.07% test_acc=45.37% best=45.75% lr=0.00030649045 time=13.7s est_300=1h 13m 39s
[OURS:DeiT-Ti][131/300] loss=22.4160 ce=1.6497 guidance=8.3065 beta=2.50 train_acc=61.49% test_acc=44.30% best=45.75% lr=0.00030395814 time=14.1s est_300=1h 13m 38s
[OURS:DeiT-Ti][132/300] loss=22.1684 ce=1.6365 guidance=8.2128 beta=2.50 train_acc=61.44% test_acc=44.29% best=45.75% lr=0.00030142019 time=14.7s est_300=1h 13m 38s
[OURS:DeiT-Ti][133/300] loss=22.0886 ce=1.5777 guidance=8.2043 beta=2.50 train_acc=61.63% test_acc=43.98% best=45.75% lr=0.00029887688 time=15.5s est_300=1h 13m 40s
[OURS:DeiT-Ti][134/300] loss=22.3078 ce=1.6004 guidance=8.2830 beta=2.50 train_acc=62.30% test_acc=45.58% best=45.75% lr=0.00029632847 time=15.5s est_300=1h 13m 41s
[OURS:DeiT-Ti][135/300] loss=22.2003 ce=1.5898 guidance=8.2442 beta=2.50 train_acc=62.21% test_acc=45.39% best=45.75% lr=0.00029377526 time=15.2s est_300=1h 13m 43s
[OURS:DeiT-Ti][136/300] loss=22.1945 ce=1.5585 guidance=8.2544 beta=2.50 train_acc=62.97% test_acc=44.39% best=45.75% lr=0.00029121753 time=14.8s est_300=1h 13m 43s
[OURS:DeiT-Ti][137/300] loss=22.1239 ce=1.5376 guidance=8.2345 beta=2.50 train_acc=62.90% test_acc=44.75% best=45.75% lr=0.00028865555 time=14.7s est_300=1h 13m 43s
[OURS:DeiT-Ti][138/300] loss=22.1354 ce=1.5699 guidance=8.2262 beta=2.50 train_acc=63.05% test_acc=44.91% best=45.75% lr=0.0002860896 time=15.2s est_300=1h 13m 43s
[OURS:DeiT-Ti][139/300] loss=22.0042 ce=1.5103 guidance=8.1976 beta=2.50 train_acc=64.58% test_acc=44.36% best=45.75% lr=0.00028351998 time=14.4s est_300=1h 13m 43s
[OURS:DeiT-Ti][140/300] loss=21.9972 ce=1.5677 guidance=8.1718 beta=2.50 train_acc=62.87% test_acc=43.98% best=45.75% lr=0.00028094694 time=14.7s est_300=1h 13m 43s
[OURS:DeiT-Ti][141/300] loss=22.1142 ce=1.5467 guidance=8.2270 beta=2.50 train_acc=63.02% test_acc=44.44% best=45.75% lr=0.00027837079 time=15.5s est_300=1h 13m 44s
[OURS:DeiT-Ti][142/300] loss=21.7786 ce=1.5276 guidance=8.1004 beta=2.50 train_acc=64.11% test_acc=43.86% best=45.75% lr=0.00027579181 time=14.9s est_300=1h 13m 45s
[OURS:DeiT-Ti][143/300] loss=1.6156 ce=1.6156 guidance=0.0000 beta=0.00 train_acc=61.06% test_acc=43.32% best=45.75% lr=0.00027321027 time=11.3s est_300=1h 13m 37s
[OURS:DeiT-Ti][144/300] loss=1.5866 ce=1.5866 guidance=0.0000 beta=0.00 train_acc=62.47% test_acc=42.85% best=45.75% lr=0.00027062645 time=12.4s est_300=1h 13m 32s
[OURS:DeiT-Ti][145/300] loss=1.5549 ce=1.5549 guidance=0.0000 beta=0.00 train_acc=62.94% test_acc=42.77% best=45.75% lr=0.00026804065 time=11.8s est_300=1h 13m 26s
[OURS:DeiT-Ti][146/300] loss=1.5644 ce=1.5644 guidance=0.0000 beta=0.00 train_acc=62.18% test_acc=43.55% best=45.75% lr=0.00026545315 time=12.1s est_300=1h 13m 21s
[OURS:DeiT-Ti][147/300] loss=1.5456 ce=1.5456 guidance=0.0000 beta=0.00 train_acc=63.94% test_acc=44.84% best=45.75% lr=0.00026286422 time=12.4s est_300=1h 13m 17s
[OURS:DeiT-Ti][148/300] loss=1.5839 ce=1.5839 guidance=0.0000 beta=0.00 train_acc=62.84% test_acc=42.98% best=45.75% lr=0.00026027416 time=11.8s est_300=1h 13m 11s
[OURS:DeiT-Ti][149/300] loss=1.5428 ce=1.5428 guidance=0.0000 beta=0.00 train_acc=63.51% test_acc=42.70% best=45.75% lr=0.00025768325 time=11.3s est_300=1h 13m 04s
[OURS:DeiT-Ti][150/300] loss=1.5777 ce=1.5777 guidance=0.0000 beta=0.00 train_acc=62.23% test_acc=43.75% best=45.75% lr=0.00025509177 time=12.9s est_300=1h 13m 01s
[OURS:DeiT-Ti][151/300] loss=1.5167 ce=1.5167 guidance=0.0000 beta=0.00 train_acc=64.47% test_acc=43.10% best=45.75% lr=0.0002525 time=12.0s est_300=1h 12m 55s
[OURS:DeiT-Ti][152/300] loss=1.5203 ce=1.5203 guidance=0.0000 beta=0.00 train_acc=63.98% test_acc=42.73% best=45.75% lr=0.00024990823 time=12.1s est_300=1h 12m 51s
[OURS:DeiT-Ti][153/300] loss=1.5063 ce=1.5063 guidance=0.0000 beta=0.00 train_acc=63.71% test_acc=44.01% best=45.75% lr=0.00024731675 time=11.4s est_300=1h 12m 44s
[OURS:DeiT-Ti][154/300] loss=1.4241 ce=1.4241 guidance=0.0000 beta=0.00 train_acc=66.11% test_acc=44.89% best=45.75% lr=0.00024472584 time=12.1s est_300=1h 12m 40s
[OURS:DeiT-Ti][155/300] loss=1.4712 ce=1.4712 guidance=0.0000 beta=0.00 train_acc=65.17% test_acc=44.75% best=45.75% lr=0.00024213578 time=11.2s est_300=1h 12m 33s
[OURS:DeiT-Ti][156/300] loss=1.4977 ce=1.4977 guidance=0.0000 beta=0.00 train_acc=64.78% test_acc=43.96% best=45.75% lr=0.00023954685 time=12.3s est_300=1h 12m 29s
[OURS:DeiT-Ti][157/300] loss=1.4519 ce=1.4519 guidance=0.0000 beta=0.00 train_acc=65.71% test_acc=44.10% best=45.75% lr=0.00023695935 time=13.9s est_300=1h 12m 28s
[OURS:DeiT-Ti][158/300] loss=1.4922 ce=1.4922 guidance=0.0000 beta=0.00 train_acc=64.11% test_acc=44.56% best=45.75% lr=0.00023437355 time=13.6s est_300=1h 12m 26s
[OURS:DeiT-Ti][159/300] loss=1.4250 ce=1.4250 guidance=0.0000 beta=0.00 train_acc=65.88% test_acc=45.03% best=45.75% lr=0.00023178973 time=11.5s est_300=1h 12m 20s
[OURS:DeiT-Ti][160/300] loss=1.4449 ce=1.4449 guidance=0.0000 beta=0.00 train_acc=64.99% test_acc=44.13% best=45.75% lr=0.00022920819 time=11.0s est_300=1h 12m 14s
[OURS:DeiT-Ti][161/300] loss=1.3916 ce=1.3916 guidance=0.0000 beta=0.00 train_acc=66.75% test_acc=44.32% best=45.75% lr=0.00022662921 time=11.0s est_300=1h 12m 08s
[OURS:DeiT-Ti][162/300] loss=1.4416 ce=1.4416 guidance=0.0000 beta=0.00 train_acc=65.68% test_acc=46.01% best=46.01% lr=0.00022405306 time=12.3s est_300=1h 12m 04s
[OURS:DeiT-Ti][163/300] loss=1.4143 ce=1.4143 guidance=0.0000 beta=0.00 train_acc=65.29% test_acc=43.55% best=46.01% lr=0.00022148002 time=12.0s est_300=1h 11m 59s
[OURS:DeiT-Ti][164/300] loss=1.4018 ce=1.4018 guidance=0.0000 beta=0.00 train_acc=67.05% test_acc=43.53% best=46.01% lr=0.0002189104 time=11.6s est_300=1h 11m 54s
[OURS:DeiT-Ti][165/300] loss=1.3781 ce=1.3781 guidance=0.0000 beta=0.00 train_acc=67.02% test_acc=43.73% best=46.01% lr=0.00021634445 time=12.5s est_300=1h 11m 51s
[OURS:DeiT-Ti][166/300] loss=1.3540 ce=1.3540 guidance=0.0000 beta=0.00 train_acc=67.36% test_acc=45.37% best=46.01% lr=0.00021378247 time=11.9s est_300=1h 11m 46s
[OURS:DeiT-Ti][167/300] loss=1.3565 ce=1.3565 guidance=0.0000 beta=0.00 train_acc=67.32% test_acc=44.62% best=46.01% lr=0.00021122474 time=11.2s est_300=1h 11m 41s
[OURS:DeiT-Ti][168/300] loss=1.3574 ce=1.3574 guidance=0.0000 beta=0.00 train_acc=67.24% test_acc=43.67% best=46.01% lr=0.00020867153 time=13.5s est_300=1h 11m 39s
[OURS:DeiT-Ti][169/300] loss=1.3614 ce=1.3614 guidance=0.0000 beta=0.00 train_acc=67.71% test_acc=45.70% best=46.01% lr=0.00020612312 time=13.9s est_300=1h 11m 38s
[OURS:DeiT-Ti][170/300] loss=1.3434 ce=1.3434 guidance=0.0000 beta=0.00 train_acc=67.61% test_acc=44.01% best=46.01% lr=0.00020357981 time=13.2s est_300=1h 11m 36s
[OURS:DeiT-Ti][171/300] loss=1.3152 ce=1.3152 guidance=0.0000 beta=0.00 train_acc=68.25% test_acc=44.86% best=46.01% lr=0.00020104186 time=12.5s est_300=1h 11m 33s
[OURS:DeiT-Ti][172/300] loss=1.3536 ce=1.3536 guidance=0.0000 beta=0.00 train_acc=67.15% test_acc=42.91% best=46.01% lr=0.00019850955 time=12.3s est_300=1h 11m 29s
[OURS:DeiT-Ti][173/300] loss=1.2929 ce=1.2929 guidance=0.0000 beta=0.00 train_acc=69.52% test_acc=43.18% best=46.01% lr=0.00019598316 time=12.8s est_300=1h 11m 27s
[OURS:DeiT-Ti][174/300] loss=1.3251 ce=1.3251 guidance=0.0000 beta=0.00 train_acc=68.70% test_acc=44.17% best=46.01% lr=0.00019346297 time=12.9s est_300=1h 11m 24s
[OURS:DeiT-Ti][175/300] loss=1.3177 ce=1.3177 guidance=0.0000 beta=0.00 train_acc=69.37% test_acc=46.12% best=46.12% lr=0.00019094925 time=11.6s est_300=1h 11m 20s
[OURS:DeiT-Ti][176/300] loss=1.2769 ce=1.2769 guidance=0.0000 beta=0.00 train_acc=69.54% test_acc=44.32% best=46.12% lr=0.00018844229 time=11.1s est_300=1h 11m 14s
[OURS:DeiT-Ti][177/300] loss=1.2755 ce=1.2755 guidance=0.0000 beta=0.00 train_acc=69.09% test_acc=45.93% best=46.12% lr=0.00018594234 time=11.7s est_300=1h 11m 10s
[OURS:DeiT-Ti][178/300] loss=1.2556 ce=1.2556 guidance=0.0000 beta=0.00 train_acc=69.91% test_acc=44.56% best=46.12% lr=0.0001834497 time=13.0s est_300=1h 11m 08s
[OURS:DeiT-Ti][179/300] loss=1.2993 ce=1.2993 guidance=0.0000 beta=0.00 train_acc=69.41% test_acc=45.51% best=46.12% lr=0.00018096463 time=13.3s est_300=1h 11m 06s
[OURS:DeiT-Ti][180/300] loss=1.2496 ce=1.2496 guidance=0.0000 beta=0.00 train_acc=69.91% test_acc=44.94% best=46.12% lr=0.0001784874 time=13.0s est_300=1h 11m 04s
[OURS:DeiT-Ti][181/300] loss=1.2390 ce=1.2390 guidance=0.0000 beta=0.00 train_acc=71.00% test_acc=44.49% best=46.12% lr=0.00017601829 time=13.4s est_300=1h 11m 03s
[OURS:DeiT-Ti][182/300] loss=1.2354 ce=1.2354 guidance=0.0000 beta=0.00 train_acc=70.67% test_acc=44.86% best=46.12% lr=0.00017355757 time=13.1s est_300=1h 11m 01s
[OURS:DeiT-Ti][183/300] loss=1.2575 ce=1.2575 guidance=0.0000 beta=0.00 train_acc=70.77% test_acc=45.06% best=46.12% lr=0.0001711055 time=13.2s est_300=1h 11m 00s
[OURS:DeiT-Ti][184/300] loss=1.1670 ce=1.1670 guidance=0.0000 beta=0.00 train_acc=72.06% test_acc=44.77% best=46.12% lr=0.00016866236 time=13.3s est_300=1h 10m 58s
[OURS:DeiT-Ti][185/300] loss=1.2387 ce=1.2387 guidance=0.0000 beta=0.00 train_acc=70.16% test_acc=45.69% best=46.12% lr=0.00016622842 time=13.0s est_300=1h 10m 56s
[OURS:DeiT-Ti][186/300] loss=1.2254 ce=1.2254 guidance=0.0000 beta=0.00 train_acc=70.58% test_acc=45.03% best=46.12% lr=0.00016380393 time=12.8s est_300=1h 10m 54s
[OURS:DeiT-Ti][187/300] loss=1.1613 ce=1.1613 guidance=0.0000 beta=0.00 train_acc=72.16% test_acc=45.15% best=46.12% lr=0.00016138917 time=13.2s est_300=1h 10m 52s
[OURS:DeiT-Ti][188/300] loss=1.1572 ce=1.1572 guidance=0.0000 beta=0.00 train_acc=72.19% test_acc=46.31% best=46.31% lr=0.00015898441 time=12.9s est_300=1h 10m 50s
[OURS:DeiT-Ti][189/300] loss=1.1997 ce=1.1997 guidance=0.0000 beta=0.00 train_acc=71.29% test_acc=46.82% best=46.82% lr=0.00015658989 time=12.1s est_300=1h 10m 47s
[OURS:DeiT-Ti][190/300] loss=1.1595 ce=1.1595 guidance=0.0000 beta=0.00 train_acc=72.70% test_acc=45.39% best=46.82% lr=0.0001542059 time=13.0s est_300=1h 10m 45s
[OURS:DeiT-Ti][191/300] loss=1.1482 ce=1.1482 guidance=0.0000 beta=0.00 train_acc=72.46% test_acc=45.69% best=46.82% lr=0.00015183268 time=12.6s est_300=1h 10m 43s
[OURS:DeiT-Ti][192/300] loss=1.1321 ce=1.1321 guidance=0.0000 beta=0.00 train_acc=72.95% test_acc=46.57% best=46.82% lr=0.0001494705 time=12.9s est_300=1h 10m 41s
[OURS:DeiT-Ti][193/300] loss=1.1209 ce=1.1209 guidance=0.0000 beta=0.00 train_acc=73.37% test_acc=45.29% best=46.82% lr=0.00014711963 time=13.9s est_300=1h 10m 40s
[OURS:DeiT-Ti][194/300] loss=1.1120 ce=1.1120 guidance=0.0000 beta=0.00 train_acc=73.66% test_acc=44.10% best=46.82% lr=0.0001447803 time=13.7s est_300=1h 10m 40s
[OURS:DeiT-Ti][195/300] loss=1.1026 ce=1.1026 guidance=0.0000 beta=0.00 train_acc=74.56% test_acc=45.58% best=46.82% lr=0.00014245279 time=13.2s est_300=1h 10m 38s
[OURS:DeiT-Ti][196/300] loss=1.1080 ce=1.1080 guidance=0.0000 beta=0.00 train_acc=73.79% test_acc=45.63% best=46.82% lr=0.00014013735 time=13.1s est_300=1h 10m 37s
[OURS:DeiT-Ti][197/300] loss=1.1236 ce=1.1236 guidance=0.0000 beta=0.00 train_acc=73.30% test_acc=45.56% best=46.82% lr=0.00013783423 time=13.2s est_300=1h 10m 35s
[OURS:DeiT-Ti][198/300] loss=1.1132 ce=1.1132 guidance=0.0000 beta=0.00 train_acc=73.35% test_acc=44.30% best=46.82% lr=0.00013554369 time=13.0s est_300=1h 10m 34s
[OURS:DeiT-Ti][199/300] loss=1.1207 ce=1.1207 guidance=0.0000 beta=0.00 train_acc=73.71% test_acc=45.06% best=46.82% lr=0.00013326597 time=12.7s est_300=1h 10m 31s
[OURS:DeiT-Ti][200/300] loss=1.0648 ce=1.0648 guidance=0.0000 beta=0.00 train_acc=74.58% test_acc=45.50% best=46.82% lr=0.00013100132 time=13.3s est_300=1h 10m 30s
[OURS:DeiT-Ti][201/300] loss=1.0539 ce=1.0539 guidance=0.0000 beta=0.00 train_acc=75.30% test_acc=45.06% best=46.82% lr=0.00012875 time=12.5s est_300=1h 10m 28s
[OURS:DeiT-Ti][202/300] loss=1.0552 ce=1.0552 guidance=0.0000 beta=0.00 train_acc=74.71% test_acc=45.01% best=46.82% lr=0.00012651225 time=11.7s est_300=1h 10m 24s
[OURS:DeiT-Ti][203/300] loss=1.0337 ce=1.0337 guidance=0.0000 beta=0.00 train_acc=75.71% test_acc=44.84% best=46.82% lr=0.00012428832 time=12.3s est_300=1h 10m 22s
[OURS:DeiT-Ti][204/300] loss=1.1130 ce=1.1130 guidance=0.0000 beta=0.00 train_acc=74.21% test_acc=45.18% best=46.82% lr=0.00012207844 time=13.3s est_300=1h 10m 20s
[OURS:DeiT-Ti][205/300] loss=1.0466 ce=1.0466 guidance=0.0000 beta=0.00 train_acc=75.13% test_acc=44.44% best=46.82% lr=0.00011988287 time=12.8s est_300=1h 10m 19s
[OURS:DeiT-Ti][206/300] loss=1.0730 ce=1.0730 guidance=0.0000 beta=0.00 train_acc=74.87% test_acc=45.39% best=46.82% lr=0.00011770184 time=12.3s est_300=1h 10m 16s
[OURS:DeiT-Ti][207/300] loss=1.0357 ce=1.0357 guidance=0.0000 beta=0.00 train_acc=75.02% test_acc=45.32% best=46.82% lr=0.00011553559 time=11.8s est_300=1h 10m 13s
[OURS:DeiT-Ti][208/300] loss=1.0244 ce=1.0244 guidance=0.0000 beta=0.00 train_acc=75.25% test_acc=45.03% best=46.82% lr=0.00011338436 time=13.4s est_300=1h 10m 12s
[OURS:DeiT-Ti][209/300] loss=0.9786 ce=0.9786 guidance=0.0000 beta=0.00 train_acc=76.73% test_acc=46.48% best=46.82% lr=0.00011124839 time=12.6s est_300=1h 10m 10s
[OURS:DeiT-Ti][210/300] loss=1.0125 ce=1.0125 guidance=0.0000 beta=0.00 train_acc=75.94% test_acc=45.39% best=46.82% lr=0.00010912791 time=13.0s est_300=1h 10m 09s
[OURS:DeiT-Ti][211/300] loss=0.9951 ce=0.9951 guidance=0.0000 beta=0.00 train_acc=75.64% test_acc=46.06% best=46.82% lr=0.00010702315 time=12.8s est_300=1h 10m 07s
[OURS:DeiT-Ti][212/300] loss=1.0067 ce=1.0067 guidance=0.0000 beta=0.00 train_acc=76.63% test_acc=45.51% best=46.82% lr=0.00010493434 time=12.4s est_300=1h 10m 04s
[OURS:DeiT-Ti][213/300] loss=0.9666 ce=0.9666 guidance=0.0000 beta=0.00 train_acc=77.23% test_acc=46.06% best=46.82% lr=0.00010286172 time=11.0s est_300=1h 10m 00s
[OURS:DeiT-Ti][214/300] loss=0.9931 ce=0.9931 guidance=0.0000 beta=0.00 train_acc=76.31% test_acc=45.08% best=46.82% lr=0.0001008055 time=12.9s est_300=1h 09m 59s
[OURS:DeiT-Ti][215/300] loss=0.9929 ce=0.9929 guidance=0.0000 beta=0.00 train_acc=76.26% test_acc=43.60% best=46.82% lr=9.8765924e-05 time=13.6s est_300=1h 09m 58s
[OURS:DeiT-Ti][216/300] loss=1.0029 ce=1.0029 guidance=0.0000 beta=0.00 train_acc=76.43% test_acc=45.74% best=46.82% lr=9.6743203e-05 time=12.9s est_300=1h 09m 57s
[OURS:DeiT-Ti][217/300] loss=0.9691 ce=0.9691 guidance=0.0000 beta=0.00 train_acc=76.43% test_acc=45.10% best=46.82% lr=9.4737563e-05 time=13.1s est_300=1h 09m 55s
[OURS:DeiT-Ti][218/300] loss=0.9992 ce=0.9992 guidance=0.0000 beta=0.00 train_acc=76.19% test_acc=45.13% best=46.82% lr=9.2749222e-05 time=11.9s est_300=1h 09m 53s
[OURS:DeiT-Ti][219/300] loss=0.9682 ce=0.9682 guidance=0.0000 beta=0.00 train_acc=77.22% test_acc=45.69% best=46.82% lr=9.0778401e-05 time=12.5s est_300=1h 09m 51s
[OURS:DeiT-Ti][220/300] loss=0.9387 ce=0.9387 guidance=0.0000 beta=0.00 train_acc=77.59% test_acc=47.19% best=47.19% lr=8.8825313e-05 time=12.1s est_300=1h 09m 48s
[OURS:DeiT-Ti][221/300] loss=0.9209 ce=0.9209 guidance=0.0000 beta=0.00 train_acc=78.44% test_acc=45.82% best=47.19% lr=8.6890175e-05 time=11.9s est_300=1h 09m 45s
[OURS:DeiT-Ti][222/300] loss=0.9794 ce=0.9794 guidance=0.0000 beta=0.00 train_acc=76.61% test_acc=46.72% best=47.19% lr=8.4973198e-05 time=12.5s est_300=1h 09m 43s
[OURS:DeiT-Ti][223/300] loss=0.9437 ce=0.9437 guidance=0.0000 beta=0.00 train_acc=78.04% test_acc=46.06% best=47.19% lr=8.3074591e-05 time=14.2s est_300=1h 09m 44s
[OURS:DeiT-Ti][224/300] loss=0.9466 ce=0.9466 guidance=0.0000 beta=0.00 train_acc=77.25% test_acc=45.51% best=47.19% lr=8.1194564e-05 time=14.1s est_300=1h 09m 44s
[OURS:DeiT-Ti][225/300] loss=0.9313 ce=0.9313 guidance=0.0000 beta=0.00 train_acc=77.00% test_acc=46.01% best=47.19% lr=7.9333323e-05 time=12.8s est_300=1h 09m 42s
[OURS:DeiT-Ti][226/300] loss=0.9312 ce=0.9312 guidance=0.0000 beta=0.00 train_acc=77.84% test_acc=46.05% best=47.19% lr=7.7491072e-05 time=13.9s est_300=1h 09m 42s
[OURS:DeiT-Ti][227/300] loss=0.8950 ce=0.8950 guidance=0.0000 beta=0.00 train_acc=78.98% test_acc=45.79% best=47.19% lr=7.5668012e-05 time=13.0s est_300=1h 09m 41s
[OURS:DeiT-Ti][228/300] loss=0.9251 ce=0.9251 guidance=0.0000 beta=0.00 train_acc=77.49% test_acc=46.74% best=47.19% lr=7.3864344e-05 time=13.1s est_300=1h 09m 40s
[OURS:DeiT-Ti][229/300] loss=0.9137 ce=0.9137 guidance=0.0000 beta=0.00 train_acc=78.39% test_acc=45.65% best=47.19% lr=7.2080265e-05 time=11.9s est_300=1h 09m 37s
[OURS:DeiT-Ti][230/300] loss=0.8651 ce=0.8651 guidance=0.0000 beta=0.00 train_acc=79.55% test_acc=44.84% best=47.19% lr=7.0315971e-05 time=11.8s est_300=1h 09m 34s
[OURS:DeiT-Ti][231/300] loss=0.9049 ce=0.9049 guidance=0.0000 beta=0.00 train_acc=78.70% test_acc=44.86% best=47.19% lr=6.8571656e-05 time=11.2s est_300=1h 09m 31s
[OURS:DeiT-Ti][232/300] loss=0.8704 ce=0.8704 guidance=0.0000 beta=0.00 train_acc=79.59% test_acc=46.15% best=47.19% lr=6.684751e-05 time=13.3s est_300=1h 09m 30s
[OURS:DeiT-Ti][233/300] loss=0.8702 ce=0.8702 guidance=0.0000 beta=0.00 train_acc=79.23% test_acc=46.58% best=47.19% lr=6.5143724e-05 time=12.8s est_300=1h 09m 29s
[OURS:DeiT-Ti][234/300] loss=0.8874 ce=0.8874 guidance=0.0000 beta=0.00 train_acc=79.33% test_acc=46.76% best=47.19% lr=6.3460483e-05 time=14.2s est_300=1h 09m 29s
[OURS:DeiT-Ti][235/300] loss=0.8648 ce=0.8648 guidance=0.0000 beta=0.00 train_acc=79.50% test_acc=45.86% best=47.19% lr=6.1797972e-05 time=12.8s est_300=1h 09m 28s
[OURS:DeiT-Ti][236/300] loss=0.8259 ce=0.8259 guidance=0.0000 beta=0.00 train_acc=79.96% test_acc=47.60% best=47.60% lr=6.0156375e-05 time=12.3s est_300=1h 09m 26s
[OURS:DeiT-Ti][237/300] loss=0.8624 ce=0.8624 guidance=0.0000 beta=0.00 train_acc=79.08% test_acc=46.34% best=47.60% lr=5.8535869e-05 time=13.0s est_300=1h 09m 25s
[OURS:DeiT-Ti][238/300] loss=0.8434 ce=0.8434 guidance=0.0000 beta=0.00 train_acc=79.91% test_acc=45.75% best=47.60% lr=5.6936634e-05 time=13.3s est_300=1h 09m 24s
[OURS:DeiT-Ti][239/300] loss=0.8470 ce=0.8470 guidance=0.0000 beta=0.00 train_acc=79.64% test_acc=46.79% best=47.60% lr=5.5358845e-05 time=13.3s est_300=1h 09m 23s
[OURS:DeiT-Ti][240/300] loss=0.8553 ce=0.8553 guidance=0.0000 beta=0.00 train_acc=79.86% test_acc=47.07% best=47.60% lr=5.3802675e-05 time=12.9s est_300=1h 09m 22s
[OURS:DeiT-Ti][241/300] loss=0.8435 ce=0.8435 guidance=0.0000 beta=0.00 train_acc=79.91% test_acc=47.03% best=47.60% lr=5.2268294e-05 time=13.0s est_300=1h 09m 21s
[OURS:DeiT-Ti][242/300] loss=0.8337 ce=0.8337 guidance=0.0000 beta=0.00 train_acc=80.14% test_acc=46.81% best=47.60% lr=5.0755871e-05 time=11.8s est_300=1h 09m 18s
[OURS:DeiT-Ti][243/300] loss=0.8343 ce=0.8343 guidance=0.0000 beta=0.00 train_acc=79.69% test_acc=47.29% best=47.60% lr=4.9265571e-05 time=12.7s est_300=1h 09m 17s
[OURS:DeiT-Ti][244/300] loss=0.8264 ce=0.8264 guidance=0.0000 beta=0.00 train_acc=80.17% test_acc=46.76% best=47.60% lr=4.7797558e-05 time=12.8s est_300=1h 09m 16s
[OURS:DeiT-Ti][245/300] loss=0.8173 ce=0.8173 guidance=0.0000 beta=0.00 train_acc=80.70% test_acc=46.41% best=47.60% lr=4.6351993e-05 time=12.6s est_300=1h 09m 14s
[OURS:DeiT-Ti][246/300] loss=0.8280 ce=0.8280 guidance=0.0000 beta=0.00 train_acc=80.71% test_acc=47.57% best=47.60% lr=4.4929034e-05 time=12.4s est_300=1h 09m 12s
[OURS:DeiT-Ti][247/300] loss=0.8362 ce=0.8362 guidance=0.0000 beta=0.00 train_acc=80.65% test_acc=46.95% best=47.60% lr=4.3528838e-05 time=13.7s est_300=1h 09m 12s
[OURS:DeiT-Ti][248/300] loss=0.7995 ce=0.7995 guidance=0.0000 beta=0.00 train_acc=81.35% test_acc=47.27% best=47.60% lr=4.2151558e-05 time=13.7s est_300=1h 09m 12s
[OURS:DeiT-Ti][249/300] loss=0.7879 ce=0.7879 guidance=0.0000 beta=0.00 train_acc=81.38% test_acc=47.29% best=47.60% lr=4.0797346e-05 time=11.9s est_300=1h 09m 10s
[OURS:DeiT-Ti][250/300] loss=0.7662 ce=0.7662 guidance=0.0000 beta=0.00 train_acc=82.12% test_acc=46.31% best=47.60% lr=3.9466348e-05 time=13.0s est_300=1h 09m 09s
[OURS:DeiT-Ti][251/300] loss=0.7838 ce=0.7838 guidance=0.0000 beta=0.00 train_acc=81.40% test_acc=46.67% best=47.60% lr=3.8158713e-05 time=13.9s est_300=1h 09m 09s
[OURS:DeiT-Ti][252/300] loss=0.8131 ce=0.8131 guidance=0.0000 beta=0.00 train_acc=80.61% test_acc=46.95% best=47.60% lr=3.6874582e-05 time=12.8s est_300=1h 09m 07s
[OURS:DeiT-Ti][253/300] loss=0.7750 ce=0.7750 guidance=0.0000 beta=0.00 train_acc=81.43% test_acc=47.13% best=47.60% lr=3.5614097e-05 time=11.9s est_300=1h 09m 05s
[OURS:DeiT-Ti][254/300] loss=0.8227 ce=0.8227 guidance=0.0000 beta=0.00 train_acc=80.41% test_acc=46.29% best=47.60% lr=3.4377396e-05 time=12.3s est_300=1h 09m 03s
[OURS:DeiT-Ti][255/300] loss=0.7597 ce=0.7597 guidance=0.0000 beta=0.00 train_acc=82.19% test_acc=47.41% best=47.60% lr=3.3164614e-05 time=12.7s est_300=1h 09m 02s
[OURS:DeiT-Ti][256/300] loss=0.7953 ce=0.7953 guidance=0.0000 beta=0.00 train_acc=81.54% test_acc=47.50% best=47.60% lr=3.1975885e-05 time=12.7s est_300=1h 09m 01s
[OURS:DeiT-Ti][257/300] loss=0.7920 ce=0.7920 guidance=0.0000 beta=0.00 train_acc=81.10% test_acc=47.22% best=47.60% lr=3.0811339e-05 time=14.2s est_300=1h 09m 01s
[OURS:DeiT-Ti][258/300] loss=0.7685 ce=0.7685 guidance=0.0000 beta=0.00 train_acc=81.92% test_acc=47.89% best=47.89% lr=2.9671104e-05 time=14.0s est_300=1h 09m 01s
[OURS:DeiT-Ti][259/300] loss=0.7612 ce=0.7612 guidance=0.0000 beta=0.00 train_acc=82.44% test_acc=47.50% best=47.89% lr=2.8555305e-05 time=13.0s est_300=1h 09m 00s
[OURS:DeiT-Ti][260/300] loss=0.7343 ce=0.7343 guidance=0.0000 beta=0.00 train_acc=82.95% test_acc=48.24% best=48.24% lr=2.7464063e-05 time=11.6s est_300=1h 08m 58s
[OURS:DeiT-Ti][261/300] loss=0.7747 ce=0.7747 guidance=0.0000 beta=0.00 train_acc=81.62% test_acc=47.91% best=48.24% lr=2.6397499e-05 time=12.2s est_300=1h 08m 56s
[OURS:DeiT-Ti][262/300] loss=0.7554 ce=0.7554 guidance=0.0000 beta=0.00 train_acc=81.65% test_acc=47.74% best=48.24% lr=2.535573e-05 time=12.8s est_300=1h 08m 55s
[OURS:DeiT-Ti][263/300] loss=0.7439 ce=0.7439 guidance=0.0000 beta=0.00 train_acc=82.07% test_acc=48.31% best=48.31% lr=2.433887e-05 time=12.7s est_300=1h 08m 54s
[OURS:DeiT-Ti][264/300] loss=0.7709 ce=0.7709 guidance=0.0000 beta=0.00 train_acc=81.84% test_acc=47.31% best=48.31% lr=2.334703e-05 time=13.8s est_300=1h 08m 54s
[OURS:DeiT-Ti][265/300] loss=0.7888 ce=0.7888 guidance=0.0000 beta=0.00 train_acc=81.18% test_acc=47.13% best=48.31% lr=2.238032e-05 time=13.3s est_300=1h 08m 53s
[OURS:DeiT-Ti][266/300] loss=0.7675 ce=0.7675 guidance=0.0000 beta=0.00 train_acc=82.26% test_acc=47.10% best=48.31% lr=2.1438844e-05 time=13.2s est_300=1h 08m 53s
[OURS:DeiT-Ti][267/300] loss=0.7375 ce=0.7375 guidance=0.0000 beta=0.00 train_acc=82.91% test_acc=48.00% best=48.31% lr=2.0522708e-05 time=13.3s est_300=1h 08m 52s
[OURS:DeiT-Ti][268/300] loss=0.7215 ce=0.7215 guidance=0.0000 beta=0.00 train_acc=82.59% test_acc=47.79% best=48.31% lr=1.963201e-05 time=12.5s est_300=1h 08m 50s
[OURS:DeiT-Ti][269/300] loss=0.7702 ce=0.7702 guidance=0.0000 beta=0.00 train_acc=81.69% test_acc=47.89% best=48.31% lr=1.8766848e-05 time=12.7s est_300=1h 08m 49s
[OURS:DeiT-Ti][270/300] loss=0.7710 ce=0.7710 guidance=0.0000 beta=0.00 train_acc=81.50% test_acc=47.43% best=48.31% lr=1.7927319e-05 time=13.6s est_300=1h 08m 49s
[OURS:DeiT-Ti][271/300] loss=0.7382 ce=0.7382 guidance=0.0000 beta=0.00 train_acc=82.76% test_acc=47.41% best=48.31% lr=1.7113512e-05 time=13.1s est_300=1h 08m 48s
[OURS:DeiT-Ti][272/300] loss=0.7463 ce=0.7463 guidance=0.0000 beta=0.00 train_acc=82.31% test_acc=47.64% best=48.31% lr=1.6325519e-05 time=12.1s est_300=1h 08m 47s
[OURS:DeiT-Ti][273/300] loss=0.7644 ce=0.7644 guidance=0.0000 beta=0.00 train_acc=81.55% test_acc=47.17% best=48.31% lr=1.5563424e-05 time=12.5s est_300=1h 08m 45s
[OURS:DeiT-Ti][274/300] loss=0.7246 ce=0.7246 guidance=0.0000 beta=0.00 train_acc=82.38% test_acc=47.10% best=48.31% lr=1.4827313e-05 time=12.0s est_300=1h 08m 43s
[OURS:DeiT-Ti][275/300] loss=0.7301 ce=0.7301 guidance=0.0000 beta=0.00 train_acc=82.59% test_acc=47.29% best=48.31% lr=1.4117265e-05 time=11.7s est_300=1h 08m 41s
[OURS:DeiT-Ti][276/300] loss=0.7172 ce=0.7172 guidance=0.0000 beta=0.00 train_acc=83.17% test_acc=47.20% best=48.31% lr=1.3433358e-05 time=13.2s est_300=1h 08m 40s
[OURS:DeiT-Ti][277/300] loss=0.7209 ce=0.7209 guidance=0.0000 beta=0.00 train_acc=82.95% test_acc=47.45% best=48.31% lr=1.2775668e-05 time=12.9s est_300=1h 08m 40s
[OURS:DeiT-Ti][278/300] loss=0.7310 ce=0.7310 guidance=0.0000 beta=0.00 train_acc=82.61% test_acc=46.96% best=48.31% lr=1.2144266e-05 time=11.7s est_300=1h 08m 37s
[OURS:DeiT-Ti][279/300] loss=0.6921 ce=0.6921 guidance=0.0000 beta=0.00 train_acc=83.62% test_acc=47.50% best=48.31% lr=1.1539222e-05 time=11.0s est_300=1h 08m 34s
[OURS:DeiT-Ti][280/300] loss=0.7252 ce=0.7252 guidance=0.0000 beta=0.00 train_acc=83.10% test_acc=47.43% best=48.31% lr=1.0960601e-05 time=13.2s est_300=1h 08m 34s
[OURS:DeiT-Ti][281/300] loss=0.7271 ce=0.7271 guidance=0.0000 beta=0.00 train_acc=82.85% test_acc=47.12% best=48.31% lr=1.0408469e-05 time=12.6s est_300=1h 08m 33s
[OURS:DeiT-Ti][282/300] loss=0.7258 ce=0.7258 guidance=0.0000 beta=0.00 train_acc=82.43% test_acc=47.08% best=48.31% lr=9.8828843e-06 time=12.4s est_300=1h 08m 31s
[OURS:DeiT-Ti][283/300] loss=0.7047 ce=0.7047 guidance=0.0000 beta=0.00 train_acc=83.10% test_acc=47.48% best=48.31% lr=9.3839054e-06 time=13.9s est_300=1h 08m 32s
[OURS:DeiT-Ti][284/300] loss=0.6966 ce=0.6966 guidance=0.0000 beta=0.00 train_acc=82.90% test_acc=47.36% best=48.31% lr=8.911587e-06 time=14.1s est_300=1h 08m 32s
[OURS:DeiT-Ti][285/300] loss=0.7342 ce=0.7342 guidance=0.0000 beta=0.00 train_acc=82.46% test_acc=46.93% best=48.31% lr=8.4659808e-06 time=12.4s est_300=1h 08m 31s
[OURS:DeiT-Ti][286/300] loss=0.7189 ce=0.7189 guidance=0.0000 beta=0.00 train_acc=83.05% test_acc=47.55% best=48.31% lr=8.0471357e-06 time=13.4s est_300=1h 08m 30s
[OURS:DeiT-Ti][287/300] loss=0.7082 ce=0.7082 guidance=0.0000 beta=0.00 train_acc=83.47% test_acc=47.31% best=48.31% lr=7.6550976e-06 time=12.1s est_300=1h 08m 29s
[OURS:DeiT-Ti][288/300] loss=0.7234 ce=0.7234 guidance=0.0000 beta=0.00 train_acc=83.17% test_acc=47.45% best=48.31% lr=7.2899095e-06 time=12.8s est_300=1h 08m 28s
[OURS:DeiT-Ti][289/300] loss=0.7185 ce=0.7185 guidance=0.0000 beta=0.00 train_acc=82.64% test_acc=47.05% best=48.31% lr=6.9516114e-06 time=13.3s est_300=1h 08m 27s
[OURS:DeiT-Ti][290/300] loss=0.7046 ce=0.7046 guidance=0.0000 beta=0.00 train_acc=83.08% test_acc=47.24% best=48.31% lr=6.6402405e-06 time=13.7s est_300=1h 08m 27s
[OURS:DeiT-Ti][291/300] loss=0.7234 ce=0.7234 guidance=0.0000 beta=0.00 train_acc=82.90% test_acc=47.13% best=48.31% lr=6.3558309e-06 time=13.8s est_300=1h 08m 27s
[OURS:DeiT-Ti][292/300] loss=0.7105 ce=0.7105 guidance=0.0000 beta=0.00 train_acc=83.08% test_acc=47.24% best=48.31% lr=6.0984138e-06 time=13.4s est_300=1h 08m 27s
[OURS:DeiT-Ti][293/300] loss=0.7163 ce=0.7163 guidance=0.0000 beta=0.00 train_acc=82.68% test_acc=46.98% best=48.31% lr=5.8680173e-06 time=12.4s est_300=1h 08m 26s
[OURS:DeiT-Ti][294/300] loss=0.6896 ce=0.6896 guidance=0.0000 beta=0.00 train_acc=84.22% test_acc=47.24% best=48.31% lr=5.6646669e-06 time=13.4s est_300=1h 08m 25s
[OURS:DeiT-Ti][295/300] loss=0.6752 ce=0.6752 guidance=0.0000 beta=0.00 train_acc=83.95% test_acc=47.07% best=48.31% lr=5.4883847e-06 time=13.6s est_300=1h 08m 25s
[OURS:DeiT-Ti][296/300] loss=0.7246 ce=0.7246 guidance=0.0000 beta=0.00 train_acc=82.78% test_acc=47.36% best=48.31% lr=5.3391901e-06 time=13.2s est_300=1h 08m 25s
[OURS:DeiT-Ti][297/300] loss=0.7247 ce=0.7247 guidance=0.0000 beta=0.00 train_acc=82.93% test_acc=47.20% best=48.31% lr=5.2170996e-06 time=12.7s est_300=1h 08m 24s
[OURS:DeiT-Ti][298/300] loss=0.6956 ce=0.6956 guidance=0.0000 beta=0.00 train_acc=83.94% test_acc=47.10% best=48.31% lr=5.1221263e-06 time=13.2s est_300=1h 08m 23s
[OURS:DeiT-Ti][299/300] loss=0.7156 ce=0.7156 guidance=0.0000 beta=0.00 train_acc=83.52% test_acc=47.13% best=48.31% lr=5.0542808e-06 time=13.1s est_300=1h 08m 23s
[OURS:DeiT-Ti][300/300] loss=0.7136 ce=0.7136 guidance=0.0000 beta=0.00 train_acc=83.10% test_acc=47.15% best=48.31% lr=5.0135706e-06 time=13.7s est_300=1h 08m 23s
[TIMING_RESULT] student=DeiT-Ti method=OURS batch=64 avg_epoch=13.68s estimated_300=1h 08m 23s
[FINAL_RESULT] summary=/app/output/table1_cub200_deit_ours_full_seed1/students/table1_cub200_deit_ti_ours_b64_full_300ep_seed1/summary.json
[DONE] Table-1 CUB student task completed successfully.
[STUDENT_IDENTITY_CHECK_TABLE1_CUB200][OursB64] status=PASS student=DeiT-Ti pretrained=False input=224 batch=64 teacher_input=32 teacher_sha256=06f75192b1c108c89e480843cb4f72dfb28aa762d7b11e7ac327333dd54b51f5
[TASK_DONE] 1/2 OursB64 elapsed=1h 09m 43s
------------------------------------------------------------------------------------------------
[TASK_START] 2/2 OursB128
[COMMAND][OursB128] /usr/bin/python /app/scratch/input/bapedragon_547/methods/table1_cub200/train.py --full-run --student deit_ti --method ours --batch-size 128 --data-dir /app/output/table1_cub200_deit_ours_full_seed1/data/cub200 --teacher-root /app/scratch/input/bapedragon_547/teachers/checkpoints/cub200_table1_resnet56_32 --output-dir /app/output/table1_cub200_deit_ours_full_seed1/students --run-name table1_cub200_deit_ti_ours_b128_full_300ep_seed1 --num-workers 4
[BOOT] Python process started: /usr/bin/python
[BOOT] complete Table-1 runtime dependencies already available
/usr/local/lib/python3.10/dist-packages/timm/models/layers/__init__.py:49: FutureWarning: Importing from timm.models.layers is deprecated, please import via timm.layers
  warnings.warn(f"Importing from {__name__} is deprecated, please import via timm.layers", FutureWarning)
========================================================================================
CUB-200 TABLE-1 EXTENSION
========================================================================================
[TASK] student=DeiT-Ti method=OURS batch=128 mode=full_300ep
[MODE] actual_epochs=300 planned_epochs=300
[PROTOCOL_LOCK] dataset=CUB-200-2011 split=5994/5794 teacher=ResNet56-scratch-32 student=scratch-224 epochs=300 AdamW=5e-4->5e-6 wd=0.05 warmup=20 seed=1 fp32=True
[FIXED_TEACHER_TABLE1_CUB200] h200_build=543 root=/app/scratch/input/bapedragon_547/teachers/checkpoints/cub200_table1_resnet56_32 sha256=06f75192b1c108c89e480843cb4f72dfb28aa762d7b11e7ac327333dd54b51f5
[SOURCE] official_lg_repo=https://github.com/lkhl/tiny-transformers commit=d2165f74049c906b0afc9f957491960fb3c0cc8b
[MODEL] params=5,563,016 feature_dims=(192, 192, 192, 192, 192, 192, 192, 192, 192, 192, 192, 192) selected_lg=(0, 6, 11)
[FEATURE_CHECK] student=((2, 192, 14, 14), (2, 192, 14, 14), (2, 192, 14, 14), (2, 192, 14, 14), (2, 192, 14, 14), (2, 192, 14, 14), (2, 192, 14, 14), (2, 192, 14, 14), (2, 192, 14, 14), (2, 192, 14, 14), (2, 192, 14, 14), (2, 192, 14, 14)) teacher=((2, 16, 32, 32), (2, 32, 16, 16), (2, 64, 8, 8)) guidance_probe=12.028500
[OURS_ADAPTER] all_blocks=True common_channels=192 common_grid=14 adapter_params=0 ours_params=55,901
[OPTIMIZER] contract=ours_single_group_all_parameters_decay_0.05
[OURS:DeiT-Ti][001/300] loss=93.8812 ce=5.2983 guidance=35.4332 beta=2.50 train_acc=0.78% test_acc=1.02% best=1.02% lr=5e-07 time=14.0s est_300=1h 10m 09s
[OURS:DeiT-Ti][002/300] loss=86.8753 ce=5.2992 guidance=32.6304 beta=2.50 train_acc=0.49% test_acc=0.52% best=1.02% lr=2.5475e-05 time=12.5s est_300=1h 06m 21s
[OURS:DeiT-Ti][003/300] loss=74.1109 ce=5.3021 guidance=27.5235 beta=2.50 train_acc=0.27% test_acc=0.52% best=1.02% lr=5.045e-05 time=13.1s est_300=1h 06m 00s
[OURS:DeiT-Ti][004/300] loss=69.0374 ce=5.3039 guidance=25.4934 beta=2.50 train_acc=0.25% test_acc=0.52% best=1.02% lr=7.5425e-05 time=12.4s est_300=1h 05m 00s
[OURS:DeiT-Ti][005/300] loss=64.5461 ce=5.3053 guidance=23.6963 beta=2.50 train_acc=0.29% test_acc=0.79% best=1.02% lr=0.0001004 time=12.2s est_300=1h 04m 12s
[OURS:DeiT-Ti][006/300] loss=60.8492 ce=5.3043 guidance=22.2180 beta=2.50 train_acc=0.37% test_acc=0.69% best=1.02% lr=0.000125375 time=12.6s est_300=1h 04m 03s
[OURS:DeiT-Ti][007/300] loss=57.6728 ce=5.3005 guidance=20.9489 beta=2.50 train_acc=0.44% test_acc=0.81% best=1.02% lr=0.00015035 time=13.7s est_300=1h 04m 42s
[OURS:DeiT-Ti][008/300] loss=55.4470 ce=5.2900 guidance=20.0628 beta=2.50 train_acc=0.61% test_acc=1.09% best=1.09% lr=0.000175325 time=13.5s est_300=1h 05m 01s
[OURS:DeiT-Ti][009/300] loss=54.4056 ce=5.2614 guidance=19.6577 beta=2.50 train_acc=0.83% test_acc=1.23% best=1.23% lr=0.0002003 time=13.4s est_300=1h 05m 13s
[OURS:DeiT-Ti][010/300] loss=52.5895 ce=5.2102 guidance=18.9517 beta=2.50 train_acc=0.97% test_acc=1.45% best=1.45% lr=0.000225275 time=12.7s est_300=1h 05m 03s
[OURS:DeiT-Ti][011/300] loss=50.9631 ce=5.1548 guidance=18.3233 beta=2.50 train_acc=1.10% test_acc=1.48% best=1.48% lr=0.00025025 time=12.3s est_300=1h 04m 44s
[OURS:DeiT-Ti][012/300] loss=50.0044 ce=5.1113 guidance=17.9572 beta=2.50 train_acc=1.24% test_acc=1.78% best=1.78% lr=0.000275225 time=12.9s est_300=1h 04m 43s
[OURS:DeiT-Ti][013/300] loss=48.6690 ce=5.0560 guidance=17.4452 beta=2.50 train_acc=1.60% test_acc=2.42% best=2.42% lr=0.0003002 time=13.0s est_300=1h 04m 45s
[OURS:DeiT-Ti][014/300] loss=48.0635 ce=4.9643 guidance=17.2397 beta=2.50 train_acc=2.58% test_acc=3.87% best=3.87% lr=0.000325175 time=11.8s est_300=1h 04m 20s
[OURS:DeiT-Ti][015/300] loss=46.9624 ce=4.8313 guidance=16.8524 beta=2.50 train_acc=3.33% test_acc=4.80% best=4.80% lr=0.00035015 time=12.8s est_300=1h 04m 18s
[OURS:DeiT-Ti][016/300] loss=45.7483 ce=4.7196 guidance=16.4115 beta=2.50 train_acc=3.55% test_acc=6.20% best=6.20% lr=0.000375125 time=13.4s est_300=1h 04m 28s
[OURS:DeiT-Ti][017/300] loss=45.0120 ce=4.6268 guidance=16.1541 beta=2.50 train_acc=5.13% test_acc=6.49% best=6.49% lr=0.0004001 time=12.4s est_300=1h 04m 20s
[OURS:DeiT-Ti][018/300] loss=43.8415 ce=4.5378 guidance=15.7215 beta=2.50 train_acc=5.60% test_acc=7.53% best=7.53% lr=0.000425075 time=11.3s est_300=1h 03m 53s
[OURS:DeiT-Ti][019/300] loss=43.3330 ce=4.4808 guidance=15.5409 beta=2.50 train_acc=6.08% test_acc=9.73% best=9.73% lr=0.00045005 time=11.6s est_300=1h 03m 35s
[OURS:DeiT-Ti][020/300] loss=42.4142 ce=4.4050 guidance=15.2037 beta=2.50 train_acc=7.37% test_acc=10.61% best=10.61% lr=0.000475025 time=11.5s est_300=1h 03m 17s
[OURS:DeiT-Ti][021/300] loss=42.0334 ce=4.3206 guidance=15.0851 beta=2.50 train_acc=8.05% test_acc=11.39% best=11.39% lr=0.00049459153 time=11.6s est_300=1h 03m 02s
[OURS:DeiT-Ti][022/300] loss=41.3539 ce=4.2545 guidance=14.8398 beta=2.50 train_acc=9.04% test_acc=11.49% best=11.49% lr=0.0004940394 time=11.8s est_300=1h 02m 51s
[OURS:DeiT-Ti][023/300] loss=40.8762 ce=4.1920 guidance=14.6737 beta=2.50 train_acc=9.49% test_acc=13.77% best=13.77% lr=0.00049346078 time=12.3s est_300=1h 02m 48s
[OURS:DeiT-Ti][024/300] loss=40.0631 ce=4.1050 guidance=14.3833 beta=2.50 train_acc=11.16% test_acc=14.89% best=14.89% lr=0.00049285573 time=13.7s est_300=1h 03m 02s
[OURS:DeiT-Ti][025/300] loss=39.4798 ce=4.0735 guidance=14.1625 beta=2.50 train_acc=11.51% test_acc=14.53% best=14.89% lr=0.00049222433 time=13.6s est_300=1h 03m 14s
[OURS:DeiT-Ti][026/300] loss=39.2872 ce=4.0083 guidance=14.1116 beta=2.50 train_acc=12.53% test_acc=17.50% best=17.50% lr=0.00049156664 time=13.6s est_300=1h 03m 25s
[OURS:DeiT-Ti][027/300] loss=38.6722 ce=3.9619 guidance=13.8841 beta=2.50 train_acc=13.54% test_acc=18.21% best=18.21% lr=0.00049088274 time=14.2s est_300=1h 03m 42s
[OURS:DeiT-Ti][028/300] loss=38.2749 ce=3.9099 guidance=13.7460 beta=2.50 train_acc=14.45% test_acc=17.73% best=18.21% lr=0.00049017269 time=14.1s est_300=1h 03m 57s
[OURS:DeiT-Ti][029/300] loss=37.9274 ce=3.8735 guidance=13.6216 beta=2.50 train_acc=14.86% test_acc=20.21% best=20.21% lr=0.00048943658 time=13.0s est_300=1h 03m 59s
[OURS:DeiT-Ti][030/300] loss=37.4052 ce=3.8088 guidance=13.4386 beta=2.50 train_acc=16.30% test_acc=22.06% best=22.06% lr=0.00048867448 time=12.8s est_300=1h 03m 59s
[OURS:DeiT-Ti][031/300] loss=36.9377 ce=3.7863 guidance=13.2606 beta=2.50 train_acc=15.81% test_acc=21.80% best=22.06% lr=0.00048788649 time=13.5s est_300=1h 04m 06s
[OURS:DeiT-Ti][032/300] loss=36.7333 ce=3.7469 guidance=13.1946 beta=2.50 train_acc=17.12% test_acc=22.23% best=22.23% lr=0.00048707268 time=13.3s est_300=1h 04m 10s
[OURS:DeiT-Ti][033/300] loss=36.3725 ce=3.6923 guidance=13.0721 beta=2.50 train_acc=17.76% test_acc=23.63% best=23.63% lr=0.00048623315 time=11.6s est_300=1h 03m 59s
[OURS:DeiT-Ti][034/300] loss=36.1418 ce=3.6613 guidance=12.9922 beta=2.50 train_acc=17.99% test_acc=24.73% best=24.73% lr=0.00048536799 time=12.2s est_300=1h 03m 53s
[OURS:DeiT-Ti][035/300] loss=35.8824 ce=3.6170 guidance=12.9061 beta=2.50 train_acc=19.28% test_acc=24.37% best=24.73% lr=0.00048447729 time=12.1s est_300=1h 03m 48s
[OURS:DeiT-Ti][036/300] loss=35.3142 ce=3.5678 guidance=12.6986 beta=2.50 train_acc=20.01% test_acc=25.39% best=25.39% lr=0.00048356116 time=12.8s est_300=1h 03m 48s
[OURS:DeiT-Ti][037/300] loss=35.1781 ce=3.5246 guidance=12.6614 beta=2.50 train_acc=20.74% test_acc=26.13% best=26.13% lr=0.00048261968 time=13.0s est_300=1h 03m 50s
[OURS:DeiT-Ti][038/300] loss=34.9955 ce=3.5097 guidance=12.5943 beta=2.50 train_acc=20.82% test_acc=26.27% best=26.27% lr=0.00048165297 time=13.8s est_300=1h 03m 58s
[OURS:DeiT-Ti][039/300] loss=34.5868 ce=3.4497 guidance=12.4548 beta=2.50 train_acc=22.23% test_acc=27.25% best=27.25% lr=0.00048066113 time=13.4s est_300=1h 04m 03s
[OURS:DeiT-Ti][040/300] loss=34.4753 ce=3.4634 guidance=12.4047 beta=2.50 train_acc=21.81% test_acc=29.19% best=29.19% lr=0.00047964427 time=12.3s est_300=1h 03m 59s
[OURS:DeiT-Ti][041/300] loss=34.0673 ce=3.3995 guidance=12.2671 beta=2.50 train_acc=23.17% test_acc=27.93% best=29.19% lr=0.0004786025 time=12.2s est_300=1h 03m 54s
[OURS:DeiT-Ti][042/300] loss=33.7703 ce=3.3814 guidance=12.1556 beta=2.50 train_acc=23.20% test_acc=28.98% best=29.19% lr=0.00047753594 time=12.2s est_300=1h 03m 50s
[OURS:DeiT-Ti][043/300] loss=33.5959 ce=3.3381 guidance=12.1031 beta=2.50 train_acc=24.49% test_acc=29.10% best=29.19% lr=0.0004764447 time=12.2s est_300=1h 03m 46s
[OURS:DeiT-Ti][044/300] loss=33.3246 ce=3.3444 guidance=11.9921 beta=2.50 train_acc=24.32% test_acc=29.60% best=29.60% lr=0.0004753289 time=13.8s est_300=1h 03m 53s
[OURS:DeiT-Ti][045/300] loss=33.2540 ce=3.2773 guidance=11.9907 beta=2.50 train_acc=25.22% test_acc=31.50% best=31.50% lr=0.00047418866 time=13.7s est_300=1h 03m 59s
[OURS:DeiT-Ti][046/300] loss=32.9308 ce=3.2761 guidance=11.8619 beta=2.50 train_acc=24.85% test_acc=30.72% best=31.50% lr=0.00047302411 time=12.1s est_300=1h 03m 55s
[OURS:DeiT-Ti][047/300] loss=32.7405 ce=3.2135 guidance=11.8108 beta=2.50 train_acc=26.32% test_acc=32.05% best=32.05% lr=0.00047183539 time=13.4s est_300=1h 03m 59s
[OURS:DeiT-Ti][048/300] loss=32.4328 ce=3.2344 guidance=11.6794 beta=2.50 train_acc=26.58% test_acc=30.95% best=32.05% lr=0.0004706226 time=13.2s est_300=1h 04m 01s
[OURS:DeiT-Ti][049/300] loss=32.1706 ce=3.1311 guidance=11.6158 beta=2.50 train_acc=28.28% test_acc=31.24% best=32.05% lr=0.0004693859 time=11.5s est_300=1h 03m 53s
[OURS:DeiT-Ti][050/300] loss=32.1896 ce=3.1455 guidance=11.6177 beta=2.50 train_acc=28.18% test_acc=34.45% best=34.45% lr=0.00046812542 time=13.0s est_300=1h 03m 55s
[OURS:DeiT-Ti][051/300] loss=31.7127 ce=3.1306 guidance=11.4329 beta=2.50 train_acc=28.02% test_acc=34.12% best=34.45% lr=0.00046684129 time=13.5s est_300=1h 03m 59s
[OURS:DeiT-Ti][052/300] loss=31.5857 ce=3.0942 guidance=11.3966 beta=2.50 train_acc=29.13% test_acc=33.90% best=34.45% lr=0.00046553365 time=12.0s est_300=1h 03m 54s
[OURS:DeiT-Ti][053/300] loss=31.3241 ce=3.0880 guidance=11.2945 beta=2.50 train_acc=28.36% test_acc=34.98% best=34.98% lr=0.00046420265 time=12.9s est_300=1h 03m 55s
[OURS:DeiT-Ti][054/300] loss=31.1061 ce=3.0066 guidance=11.2398 beta=2.50 train_acc=30.55% test_acc=35.14% best=35.14% lr=0.00046284844 time=11.4s est_300=1h 03m 47s
[OURS:DeiT-Ti][055/300] loss=30.5222 ce=3.0153 guidance=11.0028 beta=2.50 train_acc=30.88% test_acc=36.19% best=36.19% lr=0.00046147116 time=10.9s est_300=1h 03m 37s
[OURS:DeiT-Ti][056/300] loss=30.3127 ce=3.0195 guidance=10.9173 beta=2.50 train_acc=30.72% test_acc=35.52% best=36.19% lr=0.00046007097 time=12.7s est_300=1h 03m 37s
[OURS:DeiT-Ti][057/300] loss=30.0383 ce=2.9739 guidance=10.8258 beta=2.50 train_acc=31.78% test_acc=35.76% best=36.19% lr=0.00045864801 time=13.9s est_300=1h 03m 43s
[OURS:DeiT-Ti][058/300] loss=29.9208 ce=2.9611 guidance=10.7839 beta=2.50 train_acc=31.44% test_acc=36.38% best=36.38% lr=0.00045720244 time=13.2s est_300=1h 03m 45s
[OURS:DeiT-Ti][059/300] loss=29.3889 ce=2.8561 guidance=10.6131 beta=2.50 train_acc=33.83% test_acc=37.54% best=37.54% lr=0.00045573443 time=12.3s est_300=1h 03m 43s
[OURS:DeiT-Ti][060/300] loss=29.2847 ce=2.8982 guidance=10.5546 beta=2.50 train_acc=32.83% test_acc=35.83% best=37.54% lr=0.00045424413 time=13.5s est_300=1h 03m 47s
[OURS:DeiT-Ti][061/300] loss=29.0655 ce=2.8531 guidance=10.4849 beta=2.50 train_acc=33.37% test_acc=38.40% best=38.40% lr=0.00045273171 time=13.6s est_300=1h 03m 51s
[OURS:DeiT-Ti][062/300] loss=28.8760 ce=2.8513 guidance=10.4099 beta=2.50 train_acc=33.49% test_acc=37.12% best=38.40% lr=0.00045119733 time=12.3s est_300=1h 03m 49s
[OURS:DeiT-Ti][063/300] loss=28.7658 ce=2.8056 guidance=10.3841 beta=2.50 train_acc=34.54% test_acc=37.80% best=38.40% lr=0.00044964115 time=13.2s est_300=1h 03m 51s
[OURS:DeiT-Ti][064/300] loss=28.6713 ce=2.8256 guidance=10.3383 beta=2.50 train_acc=34.46% test_acc=39.40% best=39.40% lr=0.00044806337 time=13.5s est_300=1h 03m 54s
[OURS:DeiT-Ti][065/300] loss=28.3419 ce=2.7869 guidance=10.2220 beta=2.50 train_acc=35.02% test_acc=38.13% best=39.40% lr=0.00044646413 time=12.3s est_300=1h 03m 52s
[OURS:DeiT-Ti][066/300] loss=28.2350 ce=2.7102 guidance=10.2099 beta=2.50 train_acc=36.53% test_acc=38.80% best=39.40% lr=0.00044484363 time=13.3s est_300=1h 03m 54s
[OURS:DeiT-Ti][067/300] loss=28.2683 ce=2.7113 guidance=10.2228 beta=2.50 train_acc=36.91% test_acc=40.40% best=40.40% lr=0.00044320203 time=14.0s est_300=1h 04m 00s
[OURS:DeiT-Ti][068/300] loss=27.9433 ce=2.6996 guidance=10.0974 beta=2.50 train_acc=36.74% test_acc=39.33% best=40.40% lr=0.00044153952 time=13.5s est_300=1h 04m 02s
[OURS:DeiT-Ti][069/300] loss=27.9685 ce=2.7260 guidance=10.0970 beta=2.50 train_acc=36.26% test_acc=39.59% best=40.40% lr=0.00043985628 time=11.0s est_300=1h 03m 55s
[OURS:DeiT-Ti][070/300] loss=27.7464 ce=2.6698 guidance=10.0306 beta=2.50 train_acc=37.43% test_acc=41.11% best=41.11% lr=0.00043815249 time=11.6s est_300=1h 03m 49s
[OURS:DeiT-Ti][071/300] loss=27.5238 ce=2.6588 guidance=9.9460 beta=2.50 train_acc=37.31% test_acc=39.49% best=41.11% lr=0.00043642834 time=11.7s est_300=1h 03m 45s
[OURS:DeiT-Ti][072/300] loss=27.5152 ce=2.6272 guidance=9.9552 beta=2.50 train_acc=38.60% test_acc=41.80% best=41.80% lr=0.00043468403 time=13.3s est_300=1h 03m 47s
[OURS:DeiT-Ti][073/300] loss=27.2997 ce=2.5627 guidance=9.8948 beta=2.50 train_acc=38.82% test_acc=40.09% best=41.80% lr=0.00043291974 time=14.2s est_300=1h 03m 53s
[OURS:DeiT-Ti][074/300] loss=27.2181 ce=2.5420 guidance=9.8704 beta=2.50 train_acc=39.93% test_acc=39.87% best=41.80% lr=0.00043113566 time=14.1s est_300=1h 03m 58s
[OURS:DeiT-Ti][075/300] loss=27.2999 ce=2.5457 guidance=9.9017 beta=2.50 train_acc=40.06% test_acc=40.06% best=41.80% lr=0.00042933199 time=13.0s est_300=1h 03m 59s
[OURS:DeiT-Ti][076/300] loss=27.1981 ce=2.5460 guidance=9.8608 beta=2.50 train_acc=40.32% test_acc=41.13% best=41.80% lr=0.00042750893 time=13.4s est_300=1h 04m 02s
[OURS:DeiT-Ti][077/300] loss=27.0807 ce=2.5503 guidance=9.8122 beta=2.50 train_acc=39.93% test_acc=40.46% best=41.80% lr=0.00042566668 time=13.4s est_300=1h 04m 04s
[OURS:DeiT-Ti][078/300] loss=26.9251 ce=2.5470 guidance=9.7513 beta=2.50 train_acc=39.84% test_acc=41.37% best=41.80% lr=0.00042380544 time=13.3s est_300=1h 04m 06s
[OURS:DeiT-Ti][079/300] loss=26.6464 ce=2.5493 guidance=9.6388 beta=2.50 train_acc=40.73% test_acc=42.01% best=42.01% lr=0.00042192541 time=13.1s est_300=1h 04m 07s
[OURS:DeiT-Ti][080/300] loss=26.8623 ce=2.5068 guidance=9.7422 beta=2.50 train_acc=41.32% test_acc=42.06% best=42.06% lr=0.0004200268 time=13.5s est_300=1h 04m 10s
[OURS:DeiT-Ti][081/300] loss=26.6408 ce=2.4398 guidance=9.6804 beta=2.50 train_acc=42.92% test_acc=42.18% best=42.18% lr=0.00041810983 time=13.5s est_300=1h 04m 12s
[OURS:DeiT-Ti][082/300] loss=26.5242 ce=2.4409 guidance=9.6333 beta=2.50 train_acc=41.59% test_acc=42.39% best=42.39% lr=0.00041617469 time=13.4s est_300=1h 04m 14s
[OURS:DeiT-Ti][083/300] loss=26.3402 ce=2.4531 guidance=9.5548 beta=2.50 train_acc=42.03% test_acc=42.01% best=42.39% lr=0.0004142216 time=12.2s est_300=1h 04m 12s
[OURS:DeiT-Ti][084/300] loss=26.1802 ce=2.4135 guidance=9.5067 beta=2.50 train_acc=43.16% test_acc=42.03% best=42.39% lr=0.00041225078 time=11.3s est_300=1h 04m 06s
[OURS:DeiT-Ti][085/300] loss=26.1361 ce=2.4190 guidance=9.4868 beta=2.50 train_acc=42.95% test_acc=40.82% best=42.39% lr=0.00041026244 time=11.5s est_300=1h 04m 02s
[OURS:DeiT-Ti][086/300] loss=26.1650 ce=2.3451 guidance=9.5279 beta=2.50 train_acc=44.55% test_acc=41.80% best=42.39% lr=0.0004082568 time=11.9s est_300=1h 03m 58s
[OURS:DeiT-Ti][087/300] loss=26.0337 ce=2.3473 guidance=9.4746 beta=2.50 train_acc=44.06% test_acc=42.53% best=42.53% lr=0.00040623408 time=11.3s est_300=1h 03m 53s
[OURS:DeiT-Ti][088/300] loss=26.0649 ce=2.3103 guidance=9.5018 beta=2.50 train_acc=45.16% test_acc=42.35% best=42.53% lr=0.0004041945 time=11.9s est_300=1h 03m 50s
[OURS:DeiT-Ti][089/300] loss=26.0258 ce=2.3228 guidance=9.4812 beta=2.50 train_acc=44.62% test_acc=42.39% best=42.53% lr=0.00040213828 time=11.0s est_300=1h 03m 44s
[OURS:DeiT-Ti][090/300] loss=25.7994 ce=2.2984 guidance=9.4004 beta=2.50 train_acc=45.57% test_acc=43.72% best=43.72% lr=0.00040006566 time=12.8s est_300=1h 03m 44s
[OURS:DeiT-Ti][091/300] loss=25.7579 ce=2.3279 guidance=9.3720 beta=2.50 train_acc=44.23% test_acc=42.91% best=43.72% lr=0.00039797685 time=12.7s est_300=1h 03m 44s
[OURS:DeiT-Ti][092/300] loss=25.6178 ce=2.2715 guidance=9.3385 beta=2.50 train_acc=46.69% test_acc=42.16% best=43.72% lr=0.00039587209 time=11.8s est_300=1h 03m 41s
[OURS:DeiT-Ti][093/300] loss=25.6654 ce=2.2429 guidance=9.3690 beta=2.50 train_acc=47.49% test_acc=44.55% best=44.55% lr=0.00039375161 time=11.5s est_300=1h 03m 37s
[OURS:DeiT-Ti][094/300] loss=25.5226 ce=2.2249 guidance=9.3191 beta=2.50 train_acc=46.16% test_acc=43.84% best=44.55% lr=0.00039161564 time=12.7s est_300=1h 03m 37s
[OURS:DeiT-Ti][095/300] loss=25.5206 ce=2.2403 guidance=9.3121 beta=2.50 train_acc=47.03% test_acc=43.56% best=44.55% lr=0.00038946441 time=11.5s est_300=1h 03m 33s
[OURS:DeiT-Ti][096/300] loss=25.2825 ce=2.1822 guidance=9.2401 beta=2.50 train_acc=47.88% test_acc=43.10% best=44.55% lr=0.00038729816 time=11.7s est_300=1h 03m 30s
[OURS:DeiT-Ti][097/300] loss=25.3629 ce=2.1749 guidance=9.2752 beta=2.50 train_acc=48.74% test_acc=43.29% best=44.55% lr=0.00038511713 time=13.6s est_300=1h 03m 33s
[OURS:DeiT-Ti][098/300] loss=25.3644 ce=2.1752 guidance=9.2757 beta=2.50 train_acc=48.06% test_acc=43.15% best=44.55% lr=0.00038292156 time=11.7s est_300=1h 03m 30s
[OURS:DeiT-Ti][099/300] loss=25.2557 ce=2.1408 guidance=9.2460 beta=2.50 train_acc=49.00% test_acc=43.44% best=44.55% lr=0.00038071168 time=12.3s est_300=1h 03m 29s
[OURS:DeiT-Ti][100/300] loss=25.2067 ce=2.1764 guidance=9.2121 beta=2.50 train_acc=48.51% test_acc=43.20% best=44.55% lr=0.00037848775 time=11.6s est_300=1h 03m 25s
[OURS:DeiT-Ti][101/300] loss=25.1249 ce=2.1367 guidance=9.1953 beta=2.50 train_acc=49.37% test_acc=44.20% best=44.55% lr=0.00037625 time=12.0s est_300=1h 03m 23s
[OURS:DeiT-Ti][102/300] loss=24.9459 ce=2.1763 guidance=9.1079 beta=2.50 train_acc=48.51% test_acc=43.13% best=44.55% lr=0.00037399868 time=11.9s est_300=1h 03m 21s
[OURS:DeiT-Ti][103/300] loss=24.7992 ce=2.1238 guidance=9.0702 beta=2.50 train_acc=49.63% test_acc=43.48% best=44.55% lr=0.00037173403 time=13.5s est_300=1h 03m 23s
[OURS:DeiT-Ti][104/300] loss=24.8855 ce=2.0723 guidance=9.1253 beta=2.50 train_acc=51.31% test_acc=44.18% best=44.55% lr=0.00036945631 time=13.3s est_300=1h 03m 25s
[OURS:DeiT-Ti][105/300] loss=24.9282 ce=2.0899 guidance=9.1353 beta=2.50 train_acc=50.44% test_acc=44.63% best=44.63% lr=0.00036716577 time=12.1s est_300=1h 03m 23s
[OURS:DeiT-Ti][106/300] loss=24.8482 ce=2.0879 guidance=9.1041 beta=2.50 train_acc=51.29% test_acc=43.65% best=44.63% lr=0.00036486265 time=13.1s est_300=1h 03m 25s
[OURS:DeiT-Ti][107/300] loss=24.6747 ce=2.0569 guidance=9.0471 beta=2.50 train_acc=50.42% test_acc=42.94% best=44.63% lr=0.00036254721 time=13.5s est_300=1h 03m 27s
[OURS:DeiT-Ti][108/300] loss=24.8533 ce=2.0677 guidance=9.1143 beta=2.50 train_acc=50.76% test_acc=42.87% best=44.63% lr=0.0003602197 time=12.8s est_300=1h 03m 27s
[OURS:DeiT-Ti][109/300] loss=24.6032 ce=2.0723 guidance=9.0124 beta=2.50 train_acc=51.48% test_acc=42.18% best=44.63% lr=0.00035788037 time=13.3s est_300=1h 03m 29s
[OURS:DeiT-Ti][110/300] loss=24.6185 ce=2.0347 guidance=9.0335 beta=2.50 train_acc=52.09% test_acc=42.87% best=44.63% lr=0.0003555295 time=13.1s est_300=1h 03m 30s
[OURS:DeiT-Ti][111/300] loss=24.6447 ce=2.0348 guidance=9.0440 beta=2.50 train_acc=51.55% test_acc=44.22% best=44.63% lr=0.00035316732 time=12.7s est_300=1h 03m 30s
[OURS:DeiT-Ti][112/300] loss=24.5666 ce=2.0562 guidance=9.0042 beta=2.50 train_acc=51.82% test_acc=43.22% best=44.63% lr=0.0003507941 time=13.7s est_300=1h 03m 33s
[OURS:DeiT-Ti][113/300] loss=24.2119 ce=2.0288 guidance=8.8733 beta=2.50 train_acc=50.90% test_acc=44.79% best=44.79% lr=0.00034841011 time=13.4s est_300=1h 03m 34s
[OURS:DeiT-Ti][114/300] loss=24.4244 ce=2.0293 guidance=8.9580 beta=2.50 train_acc=52.19% test_acc=44.15% best=44.79% lr=0.00034601559 time=12.4s est_300=1h 03m 33s
[OURS:DeiT-Ti][115/300] loss=24.2262 ce=1.9575 guidance=8.9075 beta=2.50 train_acc=53.86% test_acc=44.03% best=44.79% lr=0.00034361083 time=12.3s est_300=1h 03m 32s
[OURS:DeiT-Ti][116/300] loss=24.2285 ce=1.9820 guidance=8.8986 beta=2.50 train_acc=52.46% test_acc=44.51% best=44.79% lr=0.00034119607 time=12.7s est_300=1h 03m 32s
[OURS:DeiT-Ti][117/300] loss=24.1139 ce=1.9971 guidance=8.8468 beta=2.50 train_acc=52.87% test_acc=43.56% best=44.79% lr=0.00033877158 time=12.9s est_300=1h 03m 32s
[OURS:DeiT-Ti][118/300] loss=24.1041 ce=1.9782 guidance=8.8503 beta=2.50 train_acc=53.01% test_acc=44.37% best=44.79% lr=0.00033633764 time=11.7s est_300=1h 03m 30s
[OURS:DeiT-Ti][119/300] loss=24.0422 ce=1.9351 guidance=8.8429 beta=2.50 train_acc=53.75% test_acc=43.67% best=44.79% lr=0.0003338945 time=11.7s est_300=1h 03m 27s
[OURS:DeiT-Ti][120/300] loss=24.1173 ce=1.9265 guidance=8.8764 beta=2.50 train_acc=54.93% test_acc=43.36% best=44.79% lr=0.00033144243 time=12.9s est_300=1h 03m 28s
[OURS:DeiT-Ti][121/300] loss=23.9398 ce=1.9040 guidance=8.8143 beta=2.50 train_acc=53.86% test_acc=42.79% best=44.79% lr=0.00032898171 time=12.8s est_300=1h 03m 28s
[OURS:DeiT-Ti][122/300] loss=24.0807 ce=1.9123 guidance=8.8673 beta=2.50 train_acc=55.38% test_acc=44.10% best=44.79% lr=0.0003265126 time=11.7s est_300=1h 03m 25s
[OURS:DeiT-Ti][123/300] loss=23.9092 ce=1.8925 guidance=8.8067 beta=2.50 train_acc=55.03% test_acc=43.42% best=44.79% lr=0.00032403537 time=12.1s est_300=1h 03m 24s
[OURS:DeiT-Ti][124/300] loss=23.8465 ce=1.8897 guidance=8.7827 beta=2.50 train_acc=54.94% test_acc=43.87% best=44.79% lr=0.0003215503 time=12.1s est_300=1h 03m 23s
[OURS:DeiT-Ti][125/300] loss=23.8034 ce=1.9268 guidance=8.7507 beta=2.50 train_acc=55.52% test_acc=43.72% best=44.79% lr=0.00031905766 time=11.7s est_300=1h 03m 20s
[OURS:DeiT-Ti][126/300] loss=23.8567 ce=1.8735 guidance=8.7933 beta=2.50 train_acc=54.72% test_acc=43.98% best=44.79% lr=0.00031655771 time=11.6s est_300=1h 03m 18s
[OURS:DeiT-Ti][127/300] loss=23.7356 ce=1.7999 guidance=8.7743 beta=2.50 train_acc=56.98% test_acc=44.63% best=44.79% lr=0.00031405075 time=11.1s est_300=1h 03m 14s
[OURS:DeiT-Ti][128/300] loss=23.6635 ce=1.8343 guidance=8.7317 beta=2.50 train_acc=56.66% test_acc=45.03% best=45.03% lr=0.00031153703 time=12.1s est_300=1h 03m 13s
[OURS:DeiT-Ti][129/300] loss=23.7655 ce=1.8045 guidance=8.7844 beta=2.50 train_acc=57.32% test_acc=43.94% best=45.03% lr=0.00030901684 time=12.2s est_300=1h 03m 12s
[OURS:DeiT-Ti][130/300] loss=23.6366 ce=1.8424 guidance=8.7177 beta=2.50 train_acc=55.77% test_acc=44.86% best=45.03% lr=0.00030649045 time=11.6s est_300=1h 03m 10s
[OURS:DeiT-Ti][131/300] loss=23.7922 ce=1.8386 guidance=8.7814 beta=2.50 train_acc=56.83% test_acc=43.48% best=45.03% lr=0.00030395814 time=12.1s est_300=1h 03m 09s
[OURS:DeiT-Ti][132/300] loss=23.6128 ce=1.8241 guidance=8.7155 beta=2.50 train_acc=56.79% test_acc=44.65% best=45.03% lr=0.00030142019 time=13.6s est_300=1h 03m 11s
[OURS:DeiT-Ti][133/300] loss=23.4621 ce=1.7925 guidance=8.6679 beta=2.50 train_acc=57.85% test_acc=46.12% best=46.12% lr=0.00029887688 time=12.4s est_300=1h 03m 10s
[OURS:DeiT-Ti][134/300] loss=23.4705 ce=1.7840 guidance=8.6746 beta=2.50 train_acc=57.85% test_acc=43.98% best=46.12% lr=0.00029632847 time=12.5s est_300=1h 03m 10s
[OURS:DeiT-Ti][135/300] loss=23.5917 ce=1.7842 guidance=8.7230 beta=2.50 train_acc=58.41% test_acc=45.15% best=46.12% lr=0.00029377526 time=11.2s est_300=1h 03m 07s
[OURS:DeiT-Ti][136/300] loss=23.4188 ce=1.7867 guidance=8.6528 beta=2.50 train_acc=57.57% test_acc=45.36% best=46.12% lr=0.00029121753 time=12.0s est_300=1h 03m 05s
[OURS:DeiT-Ti][137/300] loss=23.3480 ce=1.8107 guidance=8.6149 beta=2.50 train_acc=57.10% test_acc=43.75% best=46.12% lr=0.00028865555 time=13.8s est_300=1h 03m 08s
[OURS:DeiT-Ti][138/300] loss=23.3514 ce=1.7874 guidance=8.6256 beta=2.50 train_acc=57.88% test_acc=45.63% best=46.12% lr=0.0002860896 time=12.9s est_300=1h 03m 09s
[OURS:DeiT-Ti][139/300] loss=23.2113 ce=1.7155 guidance=8.5983 beta=2.50 train_acc=58.63% test_acc=45.31% best=46.12% lr=0.00028351998 time=13.3s est_300=1h 03m 10s
[OURS:DeiT-Ti][140/300] loss=23.1479 ce=1.7473 guidance=8.5602 beta=2.50 train_acc=58.97% test_acc=45.27% best=46.12% lr=0.00028094694 time=12.7s est_300=1h 03m 10s
[OURS:DeiT-Ti][141/300] loss=23.1943 ce=1.7073 guidance=8.5948 beta=2.50 train_acc=58.71% test_acc=44.22% best=46.12% lr=0.00027837079 time=12.3s est_300=1h 03m 10s
[OURS:DeiT-Ti][142/300] loss=23.1841 ce=1.7028 guidance=8.5925 beta=2.50 train_acc=59.82% test_acc=44.37% best=46.12% lr=0.00027579181 time=12.5s est_300=1h 03m 09s
[OURS:DeiT-Ti][143/300] loss=23.0748 ce=1.6984 guidance=8.5505 beta=2.50 train_acc=59.31% test_acc=45.69% best=46.12% lr=0.00027321027 time=12.0s est_300=1h 03m 08s
[OURS:DeiT-Ti][144/300] loss=23.0814 ce=1.6966 guidance=8.5539 beta=2.50 train_acc=60.11% test_acc=44.08% best=46.12% lr=0.00027062645 time=11.7s est_300=1h 03m 06s
[OURS:DeiT-Ti][145/300] loss=23.2099 ce=1.7053 guidance=8.6018 beta=2.50 train_acc=59.94% test_acc=44.39% best=46.12% lr=0.00026804065 time=13.4s est_300=1h 03m 08s
[OURS:DeiT-Ti][146/300] loss=22.8953 ce=1.6926 guidance=8.4811 beta=2.50 train_acc=59.70% test_acc=44.11% best=46.12% lr=0.00026545315 time=12.6s est_300=1h 03m 08s
[OURS:DeiT-Ti][147/300] loss=23.1089 ce=1.6634 guidance=8.5782 beta=2.50 train_acc=60.85% test_acc=43.80% best=46.12% lr=0.00026286422 time=13.3s est_300=1h 03m 09s
[OURS:DeiT-Ti][148/300] loss=22.9712 ce=1.6917 guidance=8.5118 beta=2.50 train_acc=59.83% test_acc=44.99% best=46.12% lr=0.00026027416 time=13.4s est_300=1h 03m 11s
[OURS:DeiT-Ti][149/300] loss=22.9541 ce=1.6414 guidance=8.5251 beta=2.50 train_acc=61.35% test_acc=44.74% best=46.12% lr=0.00025768325 time=13.1s est_300=1h 03m 12s
[OURS:DeiT-Ti][150/300] loss=22.9807 ce=1.6442 guidance=8.5346 beta=2.50 train_acc=61.18% test_acc=44.89% best=46.12% lr=0.00025509177 time=13.2s est_300=1h 03m 13s
[OURS:DeiT-Ti][151/300] loss=22.8280 ce=1.6612 guidance=8.4667 beta=2.50 train_acc=61.21% test_acc=44.37% best=46.12% lr=0.0002525 time=12.8s est_300=1h 03m 13s
[OURS:DeiT-Ti][152/300] loss=22.9222 ce=1.6053 guidance=8.5267 beta=2.50 train_acc=62.08% test_acc=45.48% best=46.12% lr=0.00024990823 time=12.2s est_300=1h 03m 12s
[OURS:DeiT-Ti][153/300] loss=22.7448 ce=1.6765 guidance=8.4273 beta=2.50 train_acc=59.54% test_acc=45.22% best=46.12% lr=0.00024731675 time=12.0s est_300=1h 03m 11s
[OURS:DeiT-Ti][154/300] loss=22.6745 ce=1.5939 guidance=8.4322 beta=2.50 train_acc=62.16% test_acc=44.89% best=46.12% lr=0.00024472584 time=13.3s est_300=1h 03m 12s
[OURS:DeiT-Ti][155/300] loss=22.9943 ce=1.6253 guidance=8.5476 beta=2.50 train_acc=61.33% test_acc=44.96% best=46.12% lr=0.00024213578 time=13.0s est_300=1h 03m 13s
[OURS:DeiT-Ti][156/300] loss=22.7216 ce=1.6412 guidance=8.4322 beta=2.50 train_acc=61.04% test_acc=44.01% best=46.12% lr=0.00023954685 time=14.1s est_300=1h 03m 16s
[OURS:DeiT-Ti][157/300] loss=22.6183 ce=1.5896 guidance=8.4115 beta=2.50 train_acc=62.77% test_acc=44.99% best=46.12% lr=0.00023695935 time=13.2s est_300=1h 03m 17s
[OURS:DeiT-Ti][158/300] loss=1.7192 ce=1.7192 guidance=0.0000 beta=0.00 train_acc=59.19% test_acc=43.25% best=46.12% lr=0.00023437355 time=10.8s est_300=1h 03m 13s
[OURS:DeiT-Ti][159/300] loss=1.6585 ce=1.6585 guidance=0.0000 beta=0.00 train_acc=60.89% test_acc=44.39% best=46.12% lr=0.00023178973 time=10.7s est_300=1h 03m 10s
[OURS:DeiT-Ti][160/300] loss=1.6608 ce=1.6608 guidance=0.0000 beta=0.00 train_acc=60.80% test_acc=43.75% best=46.12% lr=0.00022920819 time=12.3s est_300=1h 03m 09s
[OURS:DeiT-Ti][161/300] loss=1.6058 ce=1.6058 guidance=0.0000 beta=0.00 train_acc=61.51% test_acc=43.82% best=46.12% lr=0.00022662921 time=12.2s est_300=1h 03m 08s
[OURS:DeiT-Ti][162/300] loss=1.6568 ce=1.6568 guidance=0.0000 beta=0.00 train_acc=60.60% test_acc=42.58% best=46.12% lr=0.00022405306 time=13.0s est_300=1h 03m 09s
[OURS:DeiT-Ti][163/300] loss=1.5977 ce=1.5977 guidance=0.0000 beta=0.00 train_acc=62.45% test_acc=45.03% best=46.12% lr=0.00022148002 time=11.9s est_300=1h 03m 08s
[OURS:DeiT-Ti][164/300] loss=1.5662 ce=1.5662 guidance=0.0000 beta=0.00 train_acc=62.79% test_acc=44.36% best=46.12% lr=0.0002189104 time=12.6s est_300=1h 03m 08s
[OURS:DeiT-Ti][165/300] loss=1.5612 ce=1.5612 guidance=0.0000 beta=0.00 train_acc=64.08% test_acc=45.34% best=46.12% lr=0.00021634445 time=13.6s est_300=1h 03m 09s
[OURS:DeiT-Ti][166/300] loss=1.5630 ce=1.5630 guidance=0.0000 beta=0.00 train_acc=62.16% test_acc=45.41% best=46.12% lr=0.00021378247 time=12.1s est_300=1h 03m 08s
[OURS:DeiT-Ti][167/300] loss=1.5224 ce=1.5224 guidance=0.0000 beta=0.00 train_acc=64.25% test_acc=45.79% best=46.12% lr=0.00021122474 time=12.7s est_300=1h 03m 08s
[OURS:DeiT-Ti][168/300] loss=1.5453 ce=1.5453 guidance=0.0000 beta=0.00 train_acc=63.64% test_acc=45.36% best=46.12% lr=0.00020867153 time=13.5s est_300=1h 03m 10s
[OURS:DeiT-Ti][169/300] loss=1.5039 ce=1.5039 guidance=0.0000 beta=0.00 train_acc=63.91% test_acc=45.70% best=46.12% lr=0.00020612312 time=13.0s est_300=1h 03m 11s
[OURS:DeiT-Ti][170/300] loss=1.5489 ce=1.5489 guidance=0.0000 beta=0.00 train_acc=63.49% test_acc=44.24% best=46.12% lr=0.00020357981 time=11.5s est_300=1h 03m 09s
[OURS:DeiT-Ti][171/300] loss=1.5217 ce=1.5217 guidance=0.0000 beta=0.00 train_acc=64.16% test_acc=44.37% best=46.12% lr=0.00020104186 time=12.7s est_300=1h 03m 09s
[OURS:DeiT-Ti][172/300] loss=1.4701 ce=1.4701 guidance=0.0000 beta=0.00 train_acc=65.13% test_acc=44.63% best=46.12% lr=0.00019850955 time=12.0s est_300=1h 03m 08s
[OURS:DeiT-Ti][173/300] loss=1.5013 ce=1.5013 guidance=0.0000 beta=0.00 train_acc=64.15% test_acc=45.29% best=46.12% lr=0.00019598316 time=11.5s est_300=1h 03m 06s
[OURS:DeiT-Ti][174/300] loss=1.5241 ce=1.5241 guidance=0.0000 beta=0.00 train_acc=64.33% test_acc=44.24% best=46.12% lr=0.00019346297 time=12.1s est_300=1h 03m 05s
[OURS:DeiT-Ti][175/300] loss=1.4016 ce=1.4016 guidance=0.0000 beta=0.00 train_acc=67.07% test_acc=44.72% best=46.12% lr=0.00019094925 time=11.4s est_300=1h 03m 03s
[OURS:DeiT-Ti][176/300] loss=1.4576 ce=1.4576 guidance=0.0000 beta=0.00 train_acc=65.93% test_acc=45.53% best=46.12% lr=0.00018844229 time=13.0s est_300=1h 03m 03s
[OURS:DeiT-Ti][177/300] loss=1.4409 ce=1.4409 guidance=0.0000 beta=0.00 train_acc=66.19% test_acc=45.08% best=46.12% lr=0.00018594234 time=13.7s est_300=1h 03m 05s
[OURS:DeiT-Ti][178/300] loss=1.4045 ce=1.4045 guidance=0.0000 beta=0.00 train_acc=67.02% test_acc=45.70% best=46.12% lr=0.0001834497 time=13.5s est_300=1h 03m 07s
[OURS:DeiT-Ti][179/300] loss=1.4203 ce=1.4203 guidance=0.0000 beta=0.00 train_acc=66.69% test_acc=46.36% best=46.36% lr=0.00018096463 time=14.0s est_300=1h 03m 09s
[OURS:DeiT-Ti][180/300] loss=1.3966 ce=1.3966 guidance=0.0000 beta=0.00 train_acc=67.00% test_acc=45.01% best=46.36% lr=0.0001784874 time=12.7s est_300=1h 03m 09s
[OURS:DeiT-Ti][181/300] loss=1.4338 ce=1.4338 guidance=0.0000 beta=0.00 train_acc=66.20% test_acc=46.69% best=46.69% lr=0.00017601829 time=12.3s est_300=1h 03m 09s
[OURS:DeiT-Ti][182/300] loss=1.3961 ce=1.3961 guidance=0.0000 beta=0.00 train_acc=66.98% test_acc=45.29% best=46.69% lr=0.00017355757 time=13.6s est_300=1h 03m 10s
[OURS:DeiT-Ti][183/300] loss=1.3795 ce=1.3795 guidance=0.0000 beta=0.00 train_acc=67.37% test_acc=46.03% best=46.69% lr=0.0001711055 time=13.2s est_300=1h 03m 11s
[OURS:DeiT-Ti][184/300] loss=1.3983 ce=1.3983 guidance=0.0000 beta=0.00 train_acc=67.27% test_acc=44.80% best=46.69% lr=0.00016866236 time=12.6s est_300=1h 03m 11s
[OURS:DeiT-Ti][185/300] loss=1.3726 ce=1.3726 guidance=0.0000 beta=0.00 train_acc=66.92% test_acc=44.63% best=46.69% lr=0.00016622842 time=12.0s est_300=1h 03m 10s
[OURS:DeiT-Ti][186/300] loss=1.3770 ce=1.3770 guidance=0.0000 beta=0.00 train_acc=67.58% test_acc=45.37% best=46.69% lr=0.00016380393 time=12.7s est_300=1h 03m 10s
[OURS:DeiT-Ti][187/300] loss=1.3021 ce=1.3021 guidance=0.0000 beta=0.00 train_acc=69.02% test_acc=46.38% best=46.69% lr=0.00016138917 time=12.8s est_300=1h 03m 10s
[OURS:DeiT-Ti][188/300] loss=1.3708 ce=1.3708 guidance=0.0000 beta=0.00 train_acc=67.92% test_acc=45.63% best=46.69% lr=0.00015898441 time=13.4s est_300=1h 03m 12s
[OURS:DeiT-Ti][189/300] loss=1.3446 ce=1.3446 guidance=0.0000 beta=0.00 train_acc=68.63% test_acc=46.22% best=46.69% lr=0.00015658989 time=12.3s est_300=1h 03m 11s
[OURS:DeiT-Ti][190/300] loss=1.3309 ce=1.3309 guidance=0.0000 beta=0.00 train_acc=68.31% test_acc=45.91% best=46.69% lr=0.0001542059 time=12.4s est_300=1h 03m 11s
[OURS:DeiT-Ti][191/300] loss=1.3145 ce=1.3145 guidance=0.0000 beta=0.00 train_acc=69.23% test_acc=45.03% best=46.69% lr=0.00015183268 time=11.9s est_300=1h 03m 10s
[OURS:DeiT-Ti][192/300] loss=1.3271 ce=1.3271 guidance=0.0000 beta=0.00 train_acc=68.36% test_acc=45.08% best=46.69% lr=0.0001494705 time=12.0s est_300=1h 03m 08s
[OURS:DeiT-Ti][193/300] loss=1.2938 ce=1.2938 guidance=0.0000 beta=0.00 train_acc=69.28% test_acc=45.69% best=46.69% lr=0.00014711963 time=11.4s est_300=1h 03m 07s
[OURS:DeiT-Ti][194/300] loss=1.2888 ce=1.2888 guidance=0.0000 beta=0.00 train_acc=70.07% test_acc=45.37% best=46.69% lr=0.0001447803 time=11.1s est_300=1h 03m 04s
[OURS:DeiT-Ti][195/300] loss=1.3052 ce=1.3052 guidance=0.0000 beta=0.00 train_acc=69.06% test_acc=45.86% best=46.69% lr=0.00014245279 time=12.1s est_300=1h 03m 03s
[OURS:DeiT-Ti][196/300] loss=1.2526 ce=1.2526 guidance=0.0000 beta=0.00 train_acc=69.94% test_acc=46.82% best=46.82% lr=0.00014013735 time=10.8s est_300=1h 03m 01s
[OURS:DeiT-Ti][197/300] loss=1.2529 ce=1.2529 guidance=0.0000 beta=0.00 train_acc=70.24% test_acc=45.12% best=46.82% lr=0.00013783423 time=11.6s est_300=1h 02m 59s
[OURS:DeiT-Ti][198/300] loss=1.2768 ce=1.2768 guidance=0.0000 beta=0.00 train_acc=69.62% test_acc=45.20% best=46.82% lr=0.00013554369 time=13.0s est_300=1h 03m 00s
[OURS:DeiT-Ti][199/300] loss=1.2698 ce=1.2698 guidance=0.0000 beta=0.00 train_acc=70.19% test_acc=45.89% best=46.82% lr=0.00013326597 time=11.2s est_300=1h 02m 58s
[OURS:DeiT-Ti][200/300] loss=1.2393 ce=1.2393 guidance=0.0000 beta=0.00 train_acc=71.18% test_acc=45.98% best=46.82% lr=0.00013100132 time=11.8s est_300=1h 02m 56s
[OURS:DeiT-Ti][201/300] loss=1.2397 ce=1.2397 guidance=0.0000 beta=0.00 train_acc=70.60% test_acc=46.38% best=46.82% lr=0.00012875 time=11.0s est_300=1h 02m 54s
[OURS:DeiT-Ti][202/300] loss=1.2608 ce=1.2608 guidance=0.0000 beta=0.00 train_acc=70.23% test_acc=45.50% best=46.82% lr=0.00012651225 time=12.5s est_300=1h 02m 54s
[OURS:DeiT-Ti][203/300] loss=1.2532 ce=1.2532 guidance=0.0000 beta=0.00 train_acc=69.75% test_acc=45.72% best=46.82% lr=0.00012428832 time=10.9s est_300=1h 02m 51s
[OURS:DeiT-Ti][204/300] loss=1.2353 ce=1.2353 guidance=0.0000 beta=0.00 train_acc=70.01% test_acc=46.62% best=46.82% lr=0.00012207844 time=11.5s est_300=1h 02m 50s
[OURS:DeiT-Ti][205/300] loss=1.2161 ce=1.2161 guidance=0.0000 beta=0.00 train_acc=71.09% test_acc=45.70% best=46.82% lr=0.00011988287 time=12.6s est_300=1h 02m 50s
[OURS:DeiT-Ti][206/300] loss=1.2361 ce=1.2361 guidance=0.0000 beta=0.00 train_acc=71.26% test_acc=45.53% best=46.82% lr=0.00011770184 time=13.9s est_300=1h 02m 52s
[OURS:DeiT-Ti][207/300] loss=1.2034 ce=1.2034 guidance=0.0000 beta=0.00 train_acc=71.55% test_acc=46.15% best=46.82% lr=0.00011553559 time=12.7s est_300=1h 02m 52s
[OURS:DeiT-Ti][208/300] loss=1.2497 ce=1.2497 guidance=0.0000 beta=0.00 train_acc=70.82% test_acc=45.50% best=46.82% lr=0.00011338436 time=12.7s est_300=1h 02m 52s
[OURS:DeiT-Ti][209/300] loss=1.2616 ce=1.2616 guidance=0.0000 beta=0.00 train_acc=71.01% test_acc=45.98% best=46.82% lr=0.00011124839 time=11.3s est_300=1h 02m 50s
[OURS:DeiT-Ti][210/300] loss=1.1599 ce=1.1599 guidance=0.0000 beta=0.00 train_acc=72.23% test_acc=46.43% best=46.82% lr=0.00010912791 time=12.1s est_300=1h 02m 50s
[OURS:DeiT-Ti][211/300] loss=1.2076 ce=1.2076 guidance=0.0000 beta=0.00 train_acc=71.20% test_acc=45.53% best=46.82% lr=0.00010702315 time=12.1s est_300=1h 02m 49s
[OURS:DeiT-Ti][212/300] loss=1.1460 ce=1.1460 guidance=0.0000 beta=0.00 train_acc=72.76% test_acc=44.84% best=46.82% lr=0.00010493434 time=12.9s est_300=1h 02m 49s
[OURS:DeiT-Ti][213/300] loss=1.2325 ce=1.2325 guidance=0.0000 beta=0.00 train_acc=70.65% test_acc=46.58% best=46.82% lr=0.00010286172 time=12.4s est_300=1h 02m 49s
[OURS:DeiT-Ti][214/300] loss=1.1972 ce=1.1972 guidance=0.0000 beta=0.00 train_acc=70.82% test_acc=44.89% best=46.82% lr=0.0001008055 time=11.5s est_300=1h 02m 48s
[OURS:DeiT-Ti][215/300] loss=1.2092 ce=1.2092 guidance=0.0000 beta=0.00 train_acc=70.69% test_acc=45.37% best=46.82% lr=9.8765924e-05 time=11.6s est_300=1h 02m 46s
[OURS:DeiT-Ti][216/300] loss=1.1655 ce=1.1655 guidance=0.0000 beta=0.00 train_acc=72.37% test_acc=46.53% best=46.82% lr=9.6743203e-05 time=12.5s est_300=1h 02m 46s
[OURS:DeiT-Ti][217/300] loss=1.1695 ce=1.1695 guidance=0.0000 beta=0.00 train_acc=72.21% test_acc=46.76% best=46.82% lr=9.4737563e-05 time=13.4s est_300=1h 02m 48s
[OURS:DeiT-Ti][218/300] loss=1.1627 ce=1.1627 guidance=0.0000 beta=0.00 train_acc=72.94% test_acc=47.53% best=47.53% lr=9.2749222e-05 time=13.2s est_300=1h 02m 48s
[OURS:DeiT-Ti][219/300] loss=1.1476 ce=1.1476 guidance=0.0000 beta=0.00 train_acc=73.64% test_acc=46.55% best=47.53% lr=9.0778401e-05 time=13.5s est_300=1h 02m 50s
[OURS:DeiT-Ti][220/300] loss=1.1374 ce=1.1374 guidance=0.0000 beta=0.00 train_acc=73.06% test_acc=47.20% best=47.53% lr=8.8825313e-05 time=14.0s est_300=1h 02m 52s
[OURS:DeiT-Ti][221/300] loss=1.1017 ce=1.1017 guidance=0.0000 beta=0.00 train_acc=74.18% test_acc=47.74% best=47.74% lr=8.6890175e-05 time=14.0s est_300=1h 02m 54s
[OURS:DeiT-Ti][222/300] loss=1.1295 ce=1.1295 guidance=0.0000 beta=0.00 train_acc=73.90% test_acc=47.32% best=47.74% lr=8.4973198e-05 time=13.3s est_300=1h 02m 55s
[OURS:DeiT-Ti][223/300] loss=1.1225 ce=1.1225 guidance=0.0000 beta=0.00 train_acc=73.40% test_acc=47.01% best=47.74% lr=8.3074591e-05 time=12.6s est_300=1h 02m 55s
[OURS:DeiT-Ti][224/300] loss=1.1094 ce=1.1094 guidance=0.0000 beta=0.00 train_acc=73.83% test_acc=46.81% best=47.74% lr=8.1194564e-05 time=11.8s est_300=1h 02m 54s
[OURS:DeiT-Ti][225/300] loss=1.1234 ce=1.1234 guidance=0.0000 beta=0.00 train_acc=73.15% test_acc=46.51% best=47.74% lr=7.9333323e-05 time=11.6s est_300=1h 02m 52s
[OURS:DeiT-Ti][226/300] loss=1.1250 ce=1.1250 guidance=0.0000 beta=0.00 train_acc=73.62% test_acc=47.08% best=47.74% lr=7.7491072e-05 time=13.5s est_300=1h 02m 54s
[OURS:DeiT-Ti][227/300] loss=1.0776 ce=1.0776 guidance=0.0000 beta=0.00 train_acc=74.41% test_acc=46.69% best=47.74% lr=7.5668012e-05 time=11.7s est_300=1h 02m 53s
[OURS:DeiT-Ti][228/300] loss=1.0836 ce=1.0836 guidance=0.0000 beta=0.00 train_acc=73.91% test_acc=48.08% best=48.08% lr=7.3864344e-05 time=11.7s est_300=1h 02m 51s
[OURS:DeiT-Ti][229/300] loss=1.1196 ce=1.1196 guidance=0.0000 beta=0.00 train_acc=73.30% test_acc=47.41% best=48.08% lr=7.2080265e-05 time=12.4s est_300=1h 02m 51s
[OURS:DeiT-Ti][230/300] loss=1.1196 ce=1.1196 guidance=0.0000 beta=0.00 train_acc=73.30% test_acc=47.45% best=48.08% lr=7.0315971e-05 time=14.3s est_300=1h 02m 53s
[OURS:DeiT-Ti][231/300] loss=1.1021 ce=1.1021 guidance=0.0000 beta=0.00 train_acc=73.96% test_acc=47.01% best=48.08% lr=6.8571656e-05 time=12.3s est_300=1h 02m 53s
[OURS:DeiT-Ti][232/300] loss=1.1095 ce=1.1095 guidance=0.0000 beta=0.00 train_acc=73.79% test_acc=47.38% best=48.08% lr=6.684751e-05 time=13.5s est_300=1h 02m 54s
[OURS:DeiT-Ti][233/300] loss=1.1151 ce=1.1151 guidance=0.0000 beta=0.00 train_acc=72.78% test_acc=47.03% best=48.08% lr=6.5143724e-05 time=13.5s est_300=1h 02m 55s
[OURS:DeiT-Ti][234/300] loss=1.0867 ce=1.0867 guidance=0.0000 beta=0.00 train_acc=74.64% test_acc=46.88% best=48.08% lr=6.3460483e-05 time=12.1s est_300=1h 02m 55s
[OURS:DeiT-Ti][235/300] loss=1.0672 ce=1.0672 guidance=0.0000 beta=0.00 train_acc=75.17% test_acc=47.64% best=48.08% lr=6.1797972e-05 time=10.8s est_300=1h 02m 53s
[OURS:DeiT-Ti][236/300] loss=1.0335 ce=1.0335 guidance=0.0000 beta=0.00 train_acc=75.29% test_acc=47.60% best=48.08% lr=6.0156375e-05 time=11.0s est_300=1h 02m 51s
[OURS:DeiT-Ti][237/300] loss=1.0375 ce=1.0375 guidance=0.0000 beta=0.00 train_acc=75.24% test_acc=47.83% best=48.08% lr=5.8535869e-05 time=11.7s est_300=1h 02m 50s
[OURS:DeiT-Ti][238/300] loss=1.0585 ce=1.0585 guidance=0.0000 beta=0.00 train_acc=75.22% test_acc=46.01% best=48.08% lr=5.6936634e-05 time=12.2s est_300=1h 02m 49s
[OURS:DeiT-Ti][239/300] loss=1.1009 ce=1.1009 guidance=0.0000 beta=0.00 train_acc=74.56% test_acc=47.19% best=48.08% lr=5.5358845e-05 time=12.8s est_300=1h 02m 49s
[OURS:DeiT-Ti][240/300] loss=1.0477 ce=1.0477 guidance=0.0000 beta=0.00 train_acc=75.10% test_acc=47.74% best=48.08% lr=5.3802675e-05 time=13.3s est_300=1h 02m 50s
[OURS:DeiT-Ti][241/300] loss=1.0507 ce=1.0507 guidance=0.0000 beta=0.00 train_acc=74.54% test_acc=47.43% best=48.08% lr=5.2268294e-05 time=13.2s est_300=1h 02m 51s
[OURS:DeiT-Ti][242/300] loss=1.0219 ce=1.0219 guidance=0.0000 beta=0.00 train_acc=75.73% test_acc=46.53% best=48.08% lr=5.0755871e-05 time=13.4s est_300=1h 02m 52s
[OURS:DeiT-Ti][243/300] loss=1.0293 ce=1.0293 guidance=0.0000 beta=0.00 train_acc=75.87% test_acc=47.27% best=48.08% lr=4.9265571e-05 time=12.3s est_300=1h 02m 52s
[OURS:DeiT-Ti][244/300] loss=1.0012 ce=1.0012 guidance=0.0000 beta=0.00 train_acc=76.43% test_acc=47.69% best=48.08% lr=4.7797558e-05 time=13.4s est_300=1h 02m 53s
[OURS:DeiT-Ti][245/300] loss=1.0426 ce=1.0426 guidance=0.0000 beta=0.00 train_acc=75.34% test_acc=47.74% best=48.08% lr=4.6351993e-05 time=12.3s est_300=1h 02m 52s
[OURS:DeiT-Ti][246/300] loss=0.9835 ce=0.9835 guidance=0.0000 beta=0.00 train_acc=76.44% test_acc=47.79% best=48.08% lr=4.4929034e-05 time=13.2s est_300=1h 02m 53s
[OURS:DeiT-Ti][247/300] loss=0.9701 ce=0.9701 guidance=0.0000 beta=0.00 train_acc=77.63% test_acc=47.32% best=48.08% lr=4.3528838e-05 time=13.0s est_300=1h 02m 54s
[OURS:DeiT-Ti][248/300] loss=0.9886 ce=0.9886 guidance=0.0000 beta=0.00 train_acc=77.12% test_acc=47.32% best=48.08% lr=4.2151558e-05 time=13.8s est_300=1h 02m 55s
[OURS:DeiT-Ti][249/300] loss=0.9873 ce=0.9873 guidance=0.0000 beta=0.00 train_acc=76.53% test_acc=46.76% best=48.08% lr=4.0797346e-05 time=13.1s est_300=1h 02m 56s
[OURS:DeiT-Ti][250/300] loss=0.9728 ce=0.9728 guidance=0.0000 beta=0.00 train_acc=77.02% test_acc=48.12% best=48.12% lr=3.9466348e-05 time=13.1s est_300=1h 02m 56s
[OURS:DeiT-Ti][251/300] loss=0.9835 ce=0.9835 guidance=0.0000 beta=0.00 train_acc=76.65% test_acc=47.70% best=48.12% lr=3.8158713e-05 time=11.6s est_300=1h 02m 55s
[OURS:DeiT-Ti][252/300] loss=0.9867 ce=0.9867 guidance=0.0000 beta=0.00 train_acc=77.21% test_acc=46.81% best=48.12% lr=3.6874582e-05 time=13.3s est_300=1h 02m 56s
[OURS:DeiT-Ti][253/300] loss=0.9628 ce=0.9628 guidance=0.0000 beta=0.00 train_acc=77.33% test_acc=47.36% best=48.12% lr=3.5614097e-05 time=12.9s est_300=1h 02m 57s
[OURS:DeiT-Ti][254/300] loss=1.0085 ce=1.0085 guidance=0.0000 beta=0.00 train_acc=76.14% test_acc=47.64% best=48.12% lr=3.4377396e-05 time=11.3s est_300=1h 02m 55s
[OURS:DeiT-Ti][255/300] loss=0.9918 ce=0.9918 guidance=0.0000 beta=0.00 train_acc=76.72% test_acc=47.58% best=48.12% lr=3.3164614e-05 time=12.8s est_300=1h 02m 55s
[OURS:DeiT-Ti][256/300] loss=0.9620 ce=0.9620 guidance=0.0000 beta=0.00 train_acc=77.04% test_acc=46.72% best=48.12% lr=3.1975885e-05 time=12.8s est_300=1h 02m 55s
[OURS:DeiT-Ti][257/300] loss=0.9700 ce=0.9700 guidance=0.0000 beta=0.00 train_acc=77.33% test_acc=47.96% best=48.12% lr=3.0811339e-05 time=12.2s est_300=1h 02m 55s
[OURS:DeiT-Ti][258/300] loss=0.9767 ce=0.9767 guidance=0.0000 beta=0.00 train_acc=76.82% test_acc=47.77% best=48.12% lr=2.9671104e-05 time=12.2s est_300=1h 02m 55s
[OURS:DeiT-Ti][259/300] loss=0.9363 ce=0.9363 guidance=0.0000 beta=0.00 train_acc=77.87% test_acc=47.50% best=48.12% lr=2.8555305e-05 time=12.2s est_300=1h 02m 54s
[OURS:DeiT-Ti][260/300] loss=0.9767 ce=0.9767 guidance=0.0000 beta=0.00 train_acc=77.34% test_acc=47.72% best=48.12% lr=2.7464063e-05 time=12.2s est_300=1h 02m 54s
[OURS:DeiT-Ti][261/300] loss=0.9396 ce=0.9396 guidance=0.0000 beta=0.00 train_acc=77.22% test_acc=46.98% best=48.12% lr=2.6397499e-05 time=12.7s est_300=1h 02m 54s
[OURS:DeiT-Ti][262/300] loss=0.9323 ce=0.9323 guidance=0.0000 beta=0.00 train_acc=77.51% test_acc=47.38% best=48.12% lr=2.535573e-05 time=14.0s est_300=1h 02m 56s
[OURS:DeiT-Ti][263/300] loss=0.9608 ce=0.9608 guidance=0.0000 beta=0.00 train_acc=77.29% test_acc=47.83% best=48.12% lr=2.433887e-05 time=13.5s est_300=1h 02m 57s
[OURS:DeiT-Ti][264/300] loss=0.9689 ce=0.9689 guidance=0.0000 beta=0.00 train_acc=77.31% test_acc=47.77% best=48.12% lr=2.334703e-05 time=12.4s est_300=1h 02m 56s
[OURS:DeiT-Ti][265/300] loss=0.9109 ce=0.9109 guidance=0.0000 beta=0.00 train_acc=78.14% test_acc=47.98% best=48.12% lr=2.238032e-05 time=14.2s est_300=1h 02m 58s
[OURS:DeiT-Ti][266/300] loss=0.9675 ce=0.9675 guidance=0.0000 beta=0.00 train_acc=76.75% test_acc=47.70% best=48.12% lr=2.1438844e-05 time=13.5s est_300=1h 02m 59s
[OURS:DeiT-Ti][267/300] loss=0.9469 ce=0.9469 guidance=0.0000 beta=0.00 train_acc=77.67% test_acc=47.60% best=48.12% lr=2.0522708e-05 time=14.0s est_300=1h 03m 01s
[OURS:DeiT-Ti][268/300] loss=0.9300 ce=0.9300 guidance=0.0000 beta=0.00 train_acc=77.89% test_acc=47.58% best=48.12% lr=1.963201e-05 time=14.1s est_300=1h 03m 02s
[OURS:DeiT-Ti][269/300] loss=0.9445 ce=0.9445 guidance=0.0000 beta=0.00 train_acc=77.60% test_acc=47.72% best=48.12% lr=1.8766848e-05 time=14.2s est_300=1h 03m 04s
[OURS:DeiT-Ti][270/300] loss=0.9600 ce=0.9600 guidance=0.0000 beta=0.00 train_acc=77.63% test_acc=46.93% best=48.12% lr=1.7927319e-05 time=14.1s est_300=1h 03m 06s
[OURS:DeiT-Ti][271/300] loss=0.9333 ce=0.9333 guidance=0.0000 beta=0.00 train_acc=77.96% test_acc=47.41% best=48.12% lr=1.7113512e-05 time=13.2s est_300=1h 03m 07s
[OURS:DeiT-Ti][272/300] loss=0.9281 ce=0.9281 guidance=0.0000 beta=0.00 train_acc=78.41% test_acc=47.48% best=48.12% lr=1.6325519e-05 time=12.2s est_300=1h 03m 06s
[OURS:DeiT-Ti][273/300] loss=0.9489 ce=0.9489 guidance=0.0000 beta=0.00 train_acc=77.65% test_acc=47.53% best=48.12% lr=1.5563424e-05 time=11.6s est_300=1h 03m 05s
[OURS:DeiT-Ti][274/300] loss=0.9226 ce=0.9226 guidance=0.0000 beta=0.00 train_acc=78.75% test_acc=47.81% best=48.12% lr=1.4827313e-05 time=13.0s est_300=1h 03m 05s
[OURS:DeiT-Ti][275/300] loss=0.9652 ce=0.9652 guidance=0.0000 beta=0.00 train_acc=77.72% test_acc=47.19% best=48.12% lr=1.4117265e-05 time=13.4s est_300=1h 03m 06s
[OURS:DeiT-Ti][276/300] loss=0.9462 ce=0.9462 guidance=0.0000 beta=0.00 train_acc=77.80% test_acc=47.64% best=48.12% lr=1.3433358e-05 time=11.7s est_300=1h 03m 05s
[OURS:DeiT-Ti][277/300] loss=0.9088 ce=0.9088 guidance=0.0000 beta=0.00 train_acc=78.60% test_acc=48.36% best=48.36% lr=1.2775668e-05 time=11.6s est_300=1h 03m 04s
[OURS:DeiT-Ti][278/300] loss=0.9336 ce=0.9336 guidance=0.0000 beta=0.00 train_acc=78.14% test_acc=48.05% best=48.36% lr=1.2144266e-05 time=11.5s est_300=1h 03m 03s
[OURS:DeiT-Ti][279/300] loss=0.9355 ce=0.9355 guidance=0.0000 beta=0.00 train_acc=78.29% test_acc=47.86% best=48.36% lr=1.1539222e-05 time=12.8s est_300=1h 03m 03s
[OURS:DeiT-Ti][280/300] loss=0.9522 ce=0.9522 guidance=0.0000 beta=0.00 train_acc=77.92% test_acc=47.84% best=48.36% lr=1.0960601e-05 time=13.5s est_300=1h 03m 04s
[OURS:DeiT-Ti][281/300] loss=0.9241 ce=0.9241 guidance=0.0000 beta=0.00 train_acc=78.63% test_acc=47.34% best=48.36% lr=1.0408469e-05 time=12.8s est_300=1h 03m 04s
[OURS:DeiT-Ti][282/300] loss=0.9688 ce=0.9688 guidance=0.0000 beta=0.00 train_acc=77.48% test_acc=47.88% best=48.36% lr=9.8828843e-06 time=14.0s est_300=1h 03m 06s
[OURS:DeiT-Ti][283/300] loss=0.9458 ce=0.9458 guidance=0.0000 beta=0.00 train_acc=77.46% test_acc=48.07% best=48.36% lr=9.3839054e-06 time=13.4s est_300=1h 03m 07s
[OURS:DeiT-Ti][284/300] loss=0.9492 ce=0.9492 guidance=0.0000 beta=0.00 train_acc=77.68% test_acc=47.91% best=48.36% lr=8.911587e-06 time=13.8s est_300=1h 03m 08s
[OURS:DeiT-Ti][285/300] loss=0.9096 ce=0.9096 guidance=0.0000 beta=0.00 train_acc=78.40% test_acc=47.81% best=48.36% lr=8.4659808e-06 time=13.3s est_300=1h 03m 09s
[OURS:DeiT-Ti][286/300] loss=0.9469 ce=0.9469 guidance=0.0000 beta=0.00 train_acc=77.60% test_acc=48.07% best=48.36% lr=8.0471357e-06 time=11.6s est_300=1h 03m 07s
[OURS:DeiT-Ti][287/300] loss=0.9167 ce=0.9167 guidance=0.0000 beta=0.00 train_acc=77.85% test_acc=48.05% best=48.36% lr=7.6550976e-06 time=13.5s est_300=1h 03m 08s
[OURS:DeiT-Ti][288/300] loss=0.9116 ce=0.9116 guidance=0.0000 beta=0.00 train_acc=78.65% test_acc=47.64% best=48.36% lr=7.2899095e-06 time=13.6s est_300=1h 03m 09s
[OURS:DeiT-Ti][289/300] loss=0.9207 ce=0.9207 guidance=0.0000 beta=0.00 train_acc=78.72% test_acc=47.98% best=48.36% lr=6.9516114e-06 time=12.9s est_300=1h 03m 10s
[OURS:DeiT-Ti][290/300] loss=0.9287 ce=0.9287 guidance=0.0000 beta=0.00 train_acc=78.65% test_acc=47.95% best=48.36% lr=6.6402405e-06 time=11.5s est_300=1h 03m 09s
[OURS:DeiT-Ti][291/300] loss=0.9274 ce=0.9274 guidance=0.0000 beta=0.00 train_acc=78.36% test_acc=48.02% best=48.36% lr=6.3558309e-06 time=12.8s est_300=1h 03m 09s
[OURS:DeiT-Ti][292/300] loss=0.8925 ce=0.8925 guidance=0.0000 beta=0.00 train_acc=78.69% test_acc=47.89% best=48.36% lr=6.0984138e-06 time=13.4s est_300=1h 03m 10s
[OURS:DeiT-Ti][293/300] loss=0.8873 ce=0.8873 guidance=0.0000 beta=0.00 train_acc=78.82% test_acc=47.96% best=48.36% lr=5.8680173e-06 time=12.1s est_300=1h 03m 09s
[OURS:DeiT-Ti][294/300] loss=0.9157 ce=0.9157 guidance=0.0000 beta=0.00 train_acc=78.63% test_acc=48.12% best=48.36% lr=5.6646669e-06 time=12.6s est_300=1h 03m 09s
[OURS:DeiT-Ti][295/300] loss=0.9301 ce=0.9301 guidance=0.0000 beta=0.00 train_acc=78.23% test_acc=47.67% best=48.36% lr=5.4883847e-06 time=12.7s est_300=1h 03m 09s
[OURS:DeiT-Ti][296/300] loss=0.9282 ce=0.9282 guidance=0.0000 beta=0.00 train_acc=78.46% test_acc=47.70% best=48.36% lr=5.3391901e-06 time=13.3s est_300=1h 03m 10s
[OURS:DeiT-Ti][297/300] loss=0.9073 ce=0.9073 guidance=0.0000 beta=0.00 train_acc=78.84% test_acc=47.98% best=48.36% lr=5.2170996e-06 time=12.6s est_300=1h 03m 10s
[OURS:DeiT-Ti][298/300] loss=0.9329 ce=0.9329 guidance=0.0000 beta=0.00 train_acc=77.99% test_acc=47.88% best=48.36% lr=5.1221263e-06 time=14.0s est_300=1h 03m 11s
[OURS:DeiT-Ti][299/300] loss=0.9123 ce=0.9123 guidance=0.0000 beta=0.00 train_acc=78.52% test_acc=47.72% best=48.36% lr=5.0542808e-06 time=13.9s est_300=1h 03m 12s
[OURS:DeiT-Ti][300/300] loss=0.8984 ce=0.8984 guidance=0.0000 beta=0.00 train_acc=78.38% test_acc=47.84% best=48.36% lr=5.0135706e-06 time=13.5s est_300=1h 03m 13s
[TIMING_RESULT] student=DeiT-Ti method=OURS batch=128 avg_epoch=12.64s estimated_300=1h 03m 13s
[FINAL_RESULT] summary=/app/output/table1_cub200_deit_ours_full_seed1/students/table1_cub200_deit_ti_ours_b128_full_300ep_seed1/summary.json
[DONE] Table-1 CUB student task completed successfully.
[STUDENT_IDENTITY_CHECK_TABLE1_CUB200][OursB128] status=PASS student=DeiT-Ti pretrained=False input=224 batch=128 teacher_input=32 teacher_sha256=06f75192b1c108c89e480843cb4f72dfb28aa762d7b11e7ac327333dd54b51f5
[TASK_DONE] 2/2 OursB128 elapsed=1h 03m 36s
================================================================================================
[FINAL_TOP1_SUMMARY_TABLE1_CUB200_DEIT] Teacher=36.40% LG=44.51% ALG=47.70% OursB64=48.31% OursB128=48.36%
[SEQUENCE_DONE_TABLE1_CUB200_DEIT_OURS] completed_tasks=2/2
[FINAL_RESULT] summary=/app/output/table1_cub200_deit_ours_full_seed1/final_summary.json
