================================================================================
CUB-200: SHARED SCRATCH TEACHER -> OFFICIAL LG -> PAPER ALG -> OURS
================================================================================
[MODE] full
[PROTOCOL_LOCK] LG=official ALG=paper_on_official_LG Ours=unchanged
[FAIRNESS] all students consume the exact same teacher manifest/checkpoint
[PATH] data_dir=/app/scratch/input/bapedragon_509/data/cub200
[PATH] output_root=/app/output/cub200_lg_alg_ours_300ep_seed1
[COMMAND][teacher] /usr/bin/python teachers/train_teacher_cub200.py --data-dir data/cub200 --output-dir /app/output/cub200_lg_alg_ours_300ep_seed1/teacher --run-name teacher_cub200_resnet56_32_scratch_300ep_seed1 --num-workers 4
[BOOT] Python process started: /usr/bin/python
[BOOT] timm not found; installing timm==1.0.27
Collecting timm==1.0.27
  Downloading timm-1.0.27-py3-none-any.whl.metadata (40 kB)
Requirement already satisfied: torch in /usr/local/lib/python3.10/dist-packages (from timm==1.0.27) (2.11.0)
Requirement already satisfied: torchvision in /usr/local/lib/python3.10/dist-packages (from timm==1.0.27) (0.26.0)
Requirement already satisfied: pyyaml in /usr/local/lib/python3.10/dist-packages (from timm==1.0.27) (6.0.3)
Requirement already satisfied: huggingface_hub in /usr/local/lib/python3.10/dist-packages (from timm==1.0.27) (1.17.0)
Requirement already satisfied: safetensors in /usr/local/lib/python3.10/dist-packages (from timm==1.0.27) (0.7.0)
Requirement already satisfied: click>=8.4.0 in /usr/local/lib/python3.10/dist-packages (from huggingface_hub->timm==1.0.27) (8.4.1)
Requirement already satisfied: filelock>=3.10.0 in /usr/local/lib/python3.10/dist-packages (from huggingface_hub->timm==1.0.27) (3.29.0)
Requirement already satisfied: fsspec>=2023.5.0 in /usr/local/lib/python3.10/dist-packages (from huggingface_hub->timm==1.0.27) (2026.2.0)
Requirement already satisfied: hf-xet<2.0.0,>=1.4.3 in /usr/local/lib/python3.10/dist-packages (from huggingface_hub->timm==1.0.27) (1.5.0)
Requirement already satisfied: httpx<1,>=0.23.0 in /usr/local/lib/python3.10/dist-packages (from huggingface_hub->timm==1.0.27) (0.28.1)
Requirement already satisfied: packaging>=20.9 in /usr/local/lib/python3.10/dist-packages (from huggingface_hub->timm==1.0.27) (26.2)
Requirement already satisfied: tqdm>=4.42.1 in /usr/local/lib/python3.10/dist-packages (from huggingface_hub->timm==1.0.27) (4.67.3)
Requirement already satisfied: typer<0.26.0,>=0.20.0 in /usr/local/lib/python3.10/dist-packages (from huggingface_hub->timm==1.0.27) (0.25.1)
Requirement already satisfied: typing-extensions>=4.1.0 in /usr/local/lib/python3.10/dist-packages (from huggingface_hub->timm==1.0.27) (4.15.0)
Requirement already satisfied: anyio in /usr/local/lib/python3.10/dist-packages (from httpx<1,>=0.23.0->huggingface_hub->timm==1.0.27) (4.13.0)
Requirement already satisfied: certifi in /usr/local/lib/python3.10/dist-packages (from httpx<1,>=0.23.0->huggingface_hub->timm==1.0.27) (2026.5.20)
Requirement already satisfied: httpcore==1.* in /usr/local/lib/python3.10/dist-packages (from httpx<1,>=0.23.0->huggingface_hub->timm==1.0.27) (1.0.9)
Requirement already satisfied: idna in /usr/local/lib/python3.10/dist-packages (from httpx<1,>=0.23.0->huggingface_hub->timm==1.0.27) (3.18)
Requirement already satisfied: h11>=0.16 in /usr/local/lib/python3.10/dist-packages (from httpcore==1.*->httpx<1,>=0.23.0->huggingface_hub->timm==1.0.27) (0.16.0)
Requirement already satisfied: shellingham>=1.3.0 in /usr/local/lib/python3.10/dist-packages (from typer<0.26.0,>=0.20.0->huggingface_hub->timm==1.0.27) (1.5.4)
Requirement already satisfied: rich>=13.8.0 in /usr/local/lib/python3.10/dist-packages (from typer<0.26.0,>=0.20.0->huggingface_hub->timm==1.0.27) (15.0.0)
Requirement already satisfied: annotated-doc>=0.0.2 in /usr/local/lib/python3.10/dist-packages (from typer<0.26.0,>=0.20.0->huggingface_hub->timm==1.0.27) (0.0.4)
Requirement already satisfied: markdown-it-py>=2.2.0 in /usr/local/lib/python3.10/dist-packages (from rich>=13.8.0->typer<0.26.0,>=0.20.0->huggingface_hub->timm==1.0.27) (4.2.0)
Requirement already satisfied: pygments<3.0.0,>=2.13.0 in /usr/local/lib/python3.10/dist-packages (from rich>=13.8.0->typer<0.26.0,>=0.20.0->huggingface_hub->timm==1.0.27) (2.20.0)
Requirement already satisfied: mdurl~=0.1 in /usr/local/lib/python3.10/dist-packages (from markdown-it-py>=2.2.0->rich>=13.8.0->typer<0.26.0,>=0.20.0->huggingface_hub->timm==1.0.27) (0.1.2)
Requirement already satisfied: exceptiongroup>=1.0.2 in /usr/local/lib/python3.10/dist-packages (from anyio->httpx<1,>=0.23.0->huggingface_hub->timm==1.0.27) (1.3.1)
Requirement already satisfied: setuptools<82 in /usr/local/lib/python3.10/dist-packages (from torch->timm==1.0.27) (70.2.0)
Requirement already satisfied: sympy>=1.13.3 in /usr/local/lib/python3.10/dist-packages (from torch->timm==1.0.27) (1.14.0)
Requirement already satisfied: networkx>=2.5.1 in /usr/local/lib/python3.10/dist-packages (from torch->timm==1.0.27) (3.4.2)
Requirement already satisfied: jinja2 in /usr/local/lib/python3.10/dist-packages (from torch->timm==1.0.27) (3.1.6)
Requirement already satisfied: cuda-toolkit==13.0.2 in /usr/local/lib/python3.10/dist-packages (from cuda-toolkit[cublas,cudart,cufft,cufile,cupti,curand,cusolver,cusparse,nvjitlink,nvrtc,nvtx]==13.0.2; platform_system == "Linux"->torch->timm==1.0.27) (13.0.2)
Requirement already satisfied: cuda-bindings<14,>=13.0.3 in /usr/local/lib/python3.10/dist-packages (from torch->timm==1.0.27) (13.3.1)
Requirement already satisfied: nvidia-cudnn-cu13==9.19.0.56 in /usr/local/lib/python3.10/dist-packages (from torch->timm==1.0.27) (9.19.0.56)
Requirement already satisfied: nvidia-cusparselt-cu13==0.8.0 in /usr/local/lib/python3.10/dist-packages (from torch->timm==1.0.27) (0.8.0)
Requirement already satisfied: nvidia-nccl-cu13==2.28.9 in /usr/local/lib/python3.10/dist-packages (from torch->timm==1.0.27) (2.28.9)
Requirement already satisfied: nvidia-nvshmem-cu13==3.4.5 in /usr/local/lib/python3.10/dist-packages (from torch->timm==1.0.27) (3.4.5)
Requirement already satisfied: triton==3.6.0 in /usr/local/lib/python3.10/dist-packages (from torch->timm==1.0.27) (3.6.0)
Requirement already satisfied: nvidia-cufile==1.15.1.6.* in /usr/local/lib/python3.10/dist-packages (from cuda-toolkit[cublas,cudart,cufft,cufile,cupti,curand,cusolver,cusparse,nvjitlink,nvrtc,nvtx]==13.0.2; platform_system == "Linux"->torch->timm==1.0.27) (1.15.1.6)
Requirement already satisfied: nvidia-cuda-cupti==13.0.85.* in /usr/local/lib/python3.10/dist-packages (from cuda-toolkit[cublas,cudart,cufft,cufile,cupti,curand,cusolver,cusparse,nvjitlink,nvrtc,nvtx]==13.0.2; platform_system == "Linux"->torch->timm==1.0.27) (13.0.85)
Requirement already satisfied: nvidia-cuda-nvrtc==13.0.88.* in /usr/local/lib/python3.10/dist-packages (from cuda-toolkit[cublas,cudart,cufft,cufile,cupti,curand,cusolver,cusparse,nvjitlink,nvrtc,nvtx]==13.0.2; platform_system == "Linux"->torch->timm==1.0.27) (13.0.88)
Requirement already satisfied: nvidia-nvtx==13.0.85.* in /usr/local/lib/python3.10/dist-packages (from cuda-toolkit[cublas,cudart,cufft,cufile,cupti,curand,cusolver,cusparse,nvjitlink,nvrtc,nvtx]==13.0.2; platform_system == "Linux"->torch->timm==1.0.27) (13.0.85)
Requirement already satisfied: nvidia-cusparse==12.6.3.3.* in /usr/local/lib/python3.10/dist-packages (from cuda-toolkit[cublas,cudart,cufft,cufile,cupti,curand,cusolver,cusparse,nvjitlink,nvrtc,nvtx]==13.0.2; platform_system == "Linux"->torch->timm==1.0.27) (12.6.3.3)
Requirement already satisfied: nvidia-cuda-runtime==13.0.96.* in /usr/local/lib/python3.10/dist-packages (from cuda-toolkit[cublas,cudart,cufft,cufile,cupti,curand,cusolver,cusparse,nvjitlink,nvrtc,nvtx]==13.0.2; platform_system == "Linux"->torch->timm==1.0.27) (13.0.96)
Requirement already satisfied: nvidia-cufft==12.0.0.61.* in /usr/local/lib/python3.10/dist-packages (from cuda-toolkit[cublas,cudart,cufft,cufile,cupti,curand,cusolver,cusparse,nvjitlink,nvrtc,nvtx]==13.0.2; platform_system == "Linux"->torch->timm==1.0.27) (12.0.0.61)
Requirement already satisfied: nvidia-cublas==13.1.0.3.* in /usr/local/lib/python3.10/dist-packages (from cuda-toolkit[cublas,cudart,cufft,cufile,cupti,curand,cusolver,cusparse,nvjitlink,nvrtc,nvtx]==13.0.2; platform_system == "Linux"->torch->timm==1.0.27) (13.1.0.3)
Requirement already satisfied: nvidia-curand==10.4.0.35.* in /usr/local/lib/python3.10/dist-packages (from cuda-toolkit[cublas,cudart,cufft,cufile,cupti,curand,cusolver,cusparse,nvjitlink,nvrtc,nvtx]==13.0.2; platform_system == "Linux"->torch->timm==1.0.27) (10.4.0.35)
Requirement already satisfied: nvidia-cusolver==12.0.4.66.* in /usr/local/lib/python3.10/dist-packages (from cuda-toolkit[cublas,cudart,cufft,cufile,cupti,curand,cusolver,cusparse,nvjitlink,nvrtc,nvtx]==13.0.2; platform_system == "Linux"->torch->timm==1.0.27) (12.0.4.66)
Requirement already satisfied: nvidia-nvjitlink==13.0.88.* in /usr/local/lib/python3.10/dist-packages (from cuda-toolkit[cublas,cudart,cufft,cufile,cupti,curand,cusolver,cusparse,nvjitlink,nvrtc,nvtx]==13.0.2; platform_system == "Linux"->torch->timm==1.0.27) (13.0.88)
Requirement already satisfied: cuda-pathfinder>=1.4.2 in /usr/local/lib/python3.10/dist-packages (from cuda-bindings<14,>=13.0.3->torch->timm==1.0.27) (1.5.5)
Requirement already satisfied: mpmath<1.4,>=1.1.0 in /usr/local/lib/python3.10/dist-packages (from sympy>=1.13.3->torch->timm==1.0.27) (1.3.0)
Requirement already satisfied: MarkupSafe>=2.0 in /usr/local/lib/python3.10/dist-packages (from jinja2->torch->timm==1.0.27) (3.0.3)
Requirement already satisfied: numpy in /usr/local/lib/python3.10/dist-packages (from torchvision->timm==1.0.27) (2.2.6)
Requirement already satisfied: pillow!=8.3.*,>=5.3.0 in /usr/local/lib/python3.10/dist-packages (from torchvision->timm==1.0.27) (12.2.0)
Downloading timm-1.0.27-py3-none-any.whl (2.6 MB)
   ━━━━━━━━━━━━━━━━━━━━━━━━━━━━━━━━━━━━━━━━ 2.6/2.6 MB 44.3 MB/s  0:00:00
Installing collected packages: timm
Successfully installed timm-1.0.27
WARNING: Running pip as the 'root' user can result in broken permissions and conflicting behaviour with the system package manager, possibly rendering your system unusable. It is recommended to use a virtual environment instead: https://pip.pypa.io/warnings/venv. Use the --root-user-action option if you know what you are doing and want to suppress this warning.
[BOOT] timm installation completed
================================================================================
TRAIN CUB-200-2011 RESNET56 TEACHER (SCRATCH, 32 x 32)
================================================================================
[MODE] mode=full actual_epochs=300 planned_epochs=300
[PATH] run_dir=/app/output/cub200_lg_alg_ours_300ep_seed1/teacher/teacher_cub200_resnet56_32_scratch_300ep_seed1
[PROTOCOL] official_split train=5994 test=5794 pretrained=False optimizer=SGD lr=0.1 momentum=0.9 nesterov=True weight_decay=0.0005 cosine=300ep seed=1 fp32=True
[LEAKAGE_GUARD] ImageNet-pretrained weights are disabled because the official CUB page warns that CUB images overlap with ImageNet.
[PROTOCOL_CHECK] status=PASS features=((2, 16, 32, 32), (2, 32, 16, 16), (2, 64, 8, 8)) logits=(2, 200)
[DATA] root=/app/scratch/input/bapedragon_509/data/cub200/CUB_200_2011 train_samples=5994 test_samples=5794 split=official_train/test
[OPTIM] weight_decay_params=863,664 no_decay_params=4,456
[TEACHER][001/300] loss=5.3855 train_acc=0.41% test_acc=0.52% best=0.52% lr=0.10000000 time=7.9s est_300=39m 42s saved_best
[TEACHER][002/300] loss=5.3065 train_acc=0.31% test_acc=0.35% best=0.52% lr=0.09999726 time=7.3s est_300=38m 07s
[TEACHER][003/300] loss=5.3013 train_acc=0.41% test_acc=0.55% best=0.55% lr=0.09998903 time=7.4s est_300=37m 44s saved_best
[TEACHER][004/300] loss=5.3004 train_acc=0.24% test_acc=0.26% best=0.55% lr=0.09997533 time=7.3s est_300=37m 26s
[TEACHER][005/300] loss=5.2996 train_acc=0.37% test_acc=0.93% best=0.93% lr=0.09995614 time=7.7s est_300=37m 37s saved_best
[TEACHER][006/300] loss=5.2969 train_acc=0.44% test_acc=0.60% best=0.93% lr=0.09993148 time=7.5s est_300=37m 34s
[TEACHER][007/300] loss=5.2867 train_acc=0.65% test_acc=0.71% best=0.93% lr=0.09990134 time=7.0s est_300=37m 14s
[TEACHER][008/300] loss=5.2847 train_acc=0.37% test_acc=0.98% best=0.98% lr=0.09986572 time=7.3s est_300=37m 10s saved_best
[TEACHER][009/300] loss=5.2817 train_acc=0.63% test_acc=0.90% best=0.98% lr=0.09982464 time=7.7s est_300=37m 19s
[TEACHER][010/300] loss=5.2737 train_acc=0.73% test_acc=0.90% best=0.98% lr=0.09977810 time=7.4s est_300=37m 16s
[TEACHER][011/300] loss=5.2602 train_acc=0.73% test_acc=1.02% best=1.02% lr=0.09972609 time=7.7s est_300=37m 22s saved_best
[TEACHER][012/300] loss=5.2390 train_acc=1.07% test_acc=1.28% best=1.28% lr=0.09966864 time=7.3s est_300=37m 17s saved_best
[TEACHER][013/300] loss=5.2141 train_acc=0.73% test_acc=0.81% best=1.28% lr=0.09960574 time=7.0s est_300=37m 05s
[TEACHER][014/300] loss=5.1969 train_acc=0.82% test_acc=1.33% best=1.33% lr=0.09953739 time=6.9s est_300=36m 54s saved_best
[TEACHER][015/300] loss=5.1729 train_acc=1.15% test_acc=1.50% best=1.50% lr=0.09946362 time=7.4s est_300=36m 55s saved_best
[TEACHER][016/300] loss=5.1873 train_acc=1.05% test_acc=1.47% best=1.50% lr=0.09938442 time=7.0s est_300=36m 47s
[TEACHER][017/300] loss=5.1465 train_acc=1.04% test_acc=1.50% best=1.50% lr=0.09929980 time=7.3s est_300=36m 46s
[TEACHER][018/300] loss=5.1253 train_acc=1.31% test_acc=1.52% best=1.52% lr=0.09920978 time=7.3s est_300=36m 45s saved_best
[TEACHER][019/300] loss=5.1094 train_acc=1.27% test_acc=1.26% best=1.52% lr=0.09911436 time=6.9s est_300=36m 38s
[TEACHER][020/300] loss=5.0936 train_acc=1.51% test_acc=1.98% best=1.98% lr=0.09901356 time=7.0s est_300=36m 34s saved_best
[TEACHER][021/300] loss=5.0834 train_acc=1.41% test_acc=2.31% best=2.31% lr=0.09890738 time=6.8s est_300=36m 27s saved_best
[TEACHER][022/300] loss=5.0681 train_acc=1.66% test_acc=2.57% best=2.57% lr=0.09879584 time=6.8s est_300=36m 20s saved_best
[TEACHER][023/300] loss=5.0390 train_acc=1.78% test_acc=2.38% best=2.57% lr=0.09867895 time=6.8s est_300=36m 14s
[TEACHER][024/300] loss=5.0207 train_acc=1.63% test_acc=1.97% best=2.57% lr=0.09855671 time=6.8s est_300=36m 09s
[TEACHER][025/300] loss=5.0193 train_acc=1.87% test_acc=2.83% best=2.83% lr=0.09842916 time=6.8s est_300=36m 04s saved_best
[TEACHER][026/300] loss=4.9966 train_acc=2.12% test_acc=2.59% best=2.83% lr=0.09829629 time=6.8s est_300=35m 58s
[TEACHER][027/300] loss=4.9828 train_acc=1.99% test_acc=2.97% best=2.97% lr=0.09815813 time=6.8s est_300=35m 54s saved_best
[TEACHER][028/300] loss=4.9769 train_acc=2.28% test_acc=3.09% best=3.09% lr=0.09801468 time=6.7s est_300=35m 49s saved_best
[TEACHER][029/300] loss=4.9446 train_acc=1.99% test_acc=3.52% best=3.52% lr=0.09786597 time=7.2s est_300=35m 49s saved_best
[TEACHER][030/300] loss=4.9307 train_acc=2.60% test_acc=3.43% best=3.52% lr=0.09771202 time=6.8s est_300=35m 46s
[TEACHER][031/300] loss=4.9080 train_acc=2.28% test_acc=3.26% best=3.52% lr=0.09755283 time=6.9s est_300=35m 44s
[TEACHER][032/300] loss=4.8901 train_acc=2.77% test_acc=3.59% best=3.59% lr=0.09738842 time=7.6s est_300=35m 48s saved_best
[TEACHER][033/300] loss=4.8607 train_acc=2.82% test_acc=4.49% best=4.49% lr=0.09721882 time=7.6s est_300=35m 52s saved_best
[TEACHER][034/300] loss=4.8574 train_acc=3.01% test_acc=4.12% best=4.49% lr=0.09704404 time=7.0s est_300=35m 51s
[TEACHER][035/300] loss=4.8336 train_acc=3.24% test_acc=4.44% best=4.49% lr=0.09686410 time=6.8s est_300=35m 48s
[TEACHER][036/300] loss=4.8134 train_acc=2.87% test_acc=4.42% best=4.49% lr=0.09667902 time=6.9s est_300=35m 45s
[TEACHER][037/300] loss=4.8140 train_acc=3.80% test_acc=5.06% best=5.06% lr=0.09648882 time=6.9s est_300=35m 43s saved_best
[TEACHER][038/300] loss=4.7645 train_acc=3.58% test_acc=4.11% best=5.06% lr=0.09629353 time=6.8s est_300=35m 41s
[TEACHER][039/300] loss=4.7654 train_acc=3.99% test_acc=4.63% best=5.06% lr=0.09609316 time=6.8s est_300=35m 38s
[TEACHER][040/300] loss=4.7335 train_acc=3.46% test_acc=5.07% best=5.07% lr=0.09588773 time=7.2s est_300=35m 38s saved_best
[TEACHER][041/300] loss=4.7037 train_acc=3.84% test_acc=5.02% best=5.07% lr=0.09567727 time=6.8s est_300=35m 35s
[TEACHER][042/300] loss=4.7258 train_acc=4.42% test_acc=6.06% best=6.06% lr=0.09546181 time=6.8s est_300=35m 33s saved_best
[TEACHER][043/300] loss=4.6825 train_acc=4.67% test_acc=6.04% best=6.06% lr=0.09524135 time=6.9s est_300=35m 31s
[TEACHER][044/300] loss=4.6891 train_acc=4.28% test_acc=4.61% best=6.06% lr=0.09501594 time=7.0s est_300=35m 31s
[TEACHER][045/300] loss=4.6768 train_acc=4.38% test_acc=5.89% best=6.06% lr=0.09478559 time=7.0s est_300=35m 31s
[TEACHER][046/300] loss=4.6393 train_acc=5.30% test_acc=5.78% best=6.06% lr=0.09455033 time=7.1s est_300=35m 30s
[TEACHER][047/300] loss=4.6127 train_acc=4.60% test_acc=5.94% best=6.06% lr=0.09431018 time=7.0s est_300=35m 30s
[TEACHER][048/300] loss=4.6012 train_acc=5.21% test_acc=6.14% best=6.14% lr=0.09406517 time=6.9s est_300=35m 28s saved_best
[TEACHER][049/300] loss=4.5759 train_acc=4.99% test_acc=6.20% best=6.20% lr=0.09381533 time=7.0s est_300=35m 28s saved_best
[TEACHER][050/300] loss=4.5718 train_acc=5.93% test_acc=6.89% best=6.89% lr=0.09356069 time=6.9s est_300=35m 27s saved_best
[TEACHER][051/300] loss=4.5952 train_acc=5.21% test_acc=6.73% best=6.89% lr=0.09330127 time=6.8s est_300=35m 25s
[TEACHER][052/300] loss=4.5601 train_acc=5.25% test_acc=7.18% best=7.18% lr=0.09303710 time=6.7s est_300=35m 23s saved_best
[TEACHER][053/300] loss=4.5309 train_acc=5.72% test_acc=7.80% best=7.80% lr=0.09276821 time=6.8s est_300=35m 21s saved_best
[TEACHER][054/300] loss=4.4824 train_acc=6.59% test_acc=6.35% best=7.80% lr=0.09249463 time=6.8s est_300=35m 20s
[TEACHER][055/300] loss=4.4891 train_acc=6.15% test_acc=7.82% best=7.82% lr=0.09221640 time=6.8s est_300=35m 19s saved_best
[TEACHER][056/300] loss=4.4496 train_acc=7.13% test_acc=7.49% best=7.82% lr=0.09193353 time=6.9s est_300=35m 18s
[TEACHER][057/300] loss=4.4552 train_acc=6.59% test_acc=8.92% best=8.92% lr=0.09164606 time=6.8s est_300=35m 17s saved_best
[TEACHER][058/300] loss=4.4412 train_acc=7.01% test_acc=7.97% best=8.92% lr=0.09135403 time=7.0s est_300=35m 16s
[TEACHER][059/300] loss=4.4115 train_acc=7.22% test_acc=7.61% best=8.92% lr=0.09105746 time=6.9s est_300=35m 15s
[TEACHER][060/300] loss=4.4219 train_acc=7.25% test_acc=8.25% best=8.92% lr=0.09075639 time=6.8s est_300=35m 14s
[TEACHER][061/300] loss=4.3719 train_acc=7.83% test_acc=9.13% best=9.13% lr=0.09045085 time=6.9s est_300=35m 13s saved_best
[TEACHER][062/300] loss=4.3494 train_acc=8.27% test_acc=9.11% best=9.13% lr=0.09014087 time=6.9s est_300=35m 12s
[TEACHER][063/300] loss=4.3531 train_acc=7.13% test_acc=9.35% best=9.35% lr=0.08982650 time=6.9s est_300=35m 12s saved_best
[TEACHER][064/300] loss=4.3127 train_acc=8.98% test_acc=10.11% best=10.11% lr=0.08950775 time=6.8s est_300=35m 10s saved_best
[TEACHER][065/300] loss=4.3041 train_acc=9.09% test_acc=9.41% best=10.11% lr=0.08918467 time=6.9s est_300=35m 10s
[TEACHER][066/300] loss=4.2951 train_acc=9.58% test_acc=10.67% best=10.67% lr=0.08885730 time=6.8s est_300=35m 09s saved_best
[TEACHER][067/300] loss=4.2983 train_acc=9.44% test_acc=9.49% best=10.67% lr=0.08852566 time=6.9s est_300=35m 08s
[TEACHER][068/300] loss=4.2654 train_acc=9.32% test_acc=10.30% best=10.67% lr=0.08818980 time=6.8s est_300=35m 07s
[TEACHER][069/300] loss=4.2616 train_acc=8.78% test_acc=10.36% best=10.67% lr=0.08784975 time=7.0s est_300=35m 07s
[TEACHER][070/300] loss=4.2307 train_acc=9.05% test_acc=11.43% best=11.43% lr=0.08750555 time=6.8s est_300=35m 06s saved_best
[TEACHER][071/300] loss=4.2270 train_acc=9.94% test_acc=10.82% best=11.43% lr=0.08715724 time=6.9s est_300=35m 05s
[TEACHER][072/300] loss=4.2032 train_acc=9.66% test_acc=12.22% best=12.22% lr=0.08680485 time=6.7s est_300=35m 04s saved_best
[TEACHER][073/300] loss=4.1720 train_acc=10.16% test_acc=10.80% best=12.22% lr=0.08644843 time=6.8s est_300=35m 04s
[TEACHER][074/300] loss=4.1691 train_acc=10.19% test_acc=11.13% best=12.22% lr=0.08608801 time=6.9s est_300=35m 03s
[TEACHER][075/300] loss=4.1641 train_acc=10.61% test_acc=11.51% best=12.22% lr=0.08572363 time=7.0s est_300=35m 03s
[TEACHER][076/300] loss=4.0995 train_acc=11.11% test_acc=13.26% best=13.26% lr=0.08535534 time=7.1s est_300=35m 03s saved_best
[TEACHER][077/300] loss=4.1558 train_acc=10.53% test_acc=13.51% best=13.51% lr=0.08498317 time=6.9s est_300=35m 02s saved_best
[TEACHER][078/300] loss=4.0820 train_acc=11.38% test_acc=12.15% best=13.51% lr=0.08460716 time=6.9s est_300=35m 02s
[TEACHER][079/300] loss=4.1124 train_acc=10.51% test_acc=14.53% best=14.53% lr=0.08422736 time=6.7s est_300=35m 01s saved_best
[TEACHER][080/300] loss=4.0886 train_acc=12.33% test_acc=12.91% best=14.53% lr=0.08384380 time=6.9s est_300=35m 00s
[TEACHER][081/300] loss=4.1034 train_acc=11.97% test_acc=14.08% best=14.53% lr=0.08345653 time=7.0s est_300=35m 00s
[TEACHER][082/300] loss=4.0339 train_acc=12.64% test_acc=13.84% best=14.53% lr=0.08306559 time=6.9s est_300=35m 00s
[TEACHER][083/300] loss=4.0533 train_acc=12.18% test_acc=12.94% best=14.53% lr=0.08267103 time=6.9s est_300=34m 59s
[TEACHER][084/300] loss=4.0084 train_acc=12.79% test_acc=13.13% best=14.53% lr=0.08227288 time=6.8s est_300=34m 59s
[TEACHER][085/300] loss=4.0268 train_acc=11.96% test_acc=13.89% best=14.53% lr=0.08187120 time=6.8s est_300=34m 58s
[TEACHER][086/300] loss=3.9933 train_acc=13.59% test_acc=14.57% best=14.57% lr=0.08146602 time=6.9s est_300=34m 58s saved_best
[TEACHER][087/300] loss=3.9443 train_acc=13.86% test_acc=15.27% best=15.27% lr=0.08105739 time=6.7s est_300=34m 57s saved_best
[TEACHER][088/300] loss=4.0048 train_acc=13.40% test_acc=15.07% best=15.27% lr=0.08064535 time=6.8s est_300=34m 56s
[TEACHER][089/300] loss=3.9702 train_acc=13.45% test_acc=14.33% best=15.27% lr=0.08022996 time=6.8s est_300=34m 56s
[TEACHER][090/300] loss=3.9695 train_acc=13.03% test_acc=14.10% best=15.27% lr=0.07981124 time=6.9s est_300=34m 55s
[TEACHER][091/300] loss=3.9486 train_acc=14.28% test_acc=15.00% best=15.27% lr=0.07938926 time=6.7s est_300=34m 54s
[TEACHER][092/300] loss=3.9000 train_acc=14.66% test_acc=15.90% best=15.90% lr=0.07896406 time=6.7s est_300=34m 53s saved_best
[TEACHER][093/300] loss=3.9137 train_acc=14.81% test_acc=15.88% best=15.90% lr=0.07853568 time=6.7s est_300=34m 52s
[TEACHER][094/300] loss=3.9175 train_acc=14.54% test_acc=16.36% best=16.36% lr=0.07810417 time=6.9s est_300=34m 52s saved_best
[TEACHER][095/300] loss=3.9314 train_acc=13.43% test_acc=16.66% best=16.66% lr=0.07766958 time=6.9s est_300=34m 52s saved_best
[TEACHER][096/300] loss=3.8839 train_acc=14.95% test_acc=12.63% best=16.66% lr=0.07723195 time=6.9s est_300=34m 52s
[TEACHER][097/300] loss=3.8779 train_acc=14.33% test_acc=16.81% best=16.81% lr=0.07679134 time=6.9s est_300=34m 51s saved_best
[TEACHER][098/300] loss=3.8498 train_acc=15.27% test_acc=17.52% best=17.52% lr=0.07634779 time=6.8s est_300=34m 51s saved_best
[TEACHER][099/300] loss=3.8410 train_acc=16.15% test_acc=16.66% best=17.52% lr=0.07590135 time=7.0s est_300=34m 51s
[TEACHER][100/300] loss=3.8480 train_acc=15.27% test_acc=17.21% best=17.52% lr=0.07545207 time=7.0s est_300=34m 51s
[TEACHER][101/300] loss=3.8228 train_acc=16.24% test_acc=16.95% best=17.52% lr=0.07500000 time=7.1s est_300=34m 51s
[TEACHER][102/300] loss=3.8142 train_acc=15.81% test_acc=17.17% best=17.52% lr=0.07454519 time=6.9s est_300=34m 51s
[TEACHER][103/300] loss=3.8341 train_acc=15.44% test_acc=16.74% best=17.52% lr=0.07408768 time=6.9s est_300=34m 51s
[TEACHER][104/300] loss=3.8349 train_acc=16.13% test_acc=17.69% best=17.69% lr=0.07362754 time=7.6s est_300=34m 53s saved_best
[TEACHER][105/300] loss=3.7670 train_acc=17.26% test_acc=20.38% best=20.38% lr=0.07316480 time=7.0s est_300=34m 53s saved_best
[TEACHER][106/300] loss=3.7643 train_acc=17.26% test_acc=18.14% best=20.38% lr=0.07269952 time=7.2s est_300=34m 53s
[TEACHER][107/300] loss=3.7649 train_acc=16.69% test_acc=18.21% best=20.38% lr=0.07223176 time=6.9s est_300=34m 53s
[TEACHER][108/300] loss=3.7705 train_acc=17.02% test_acc=18.24% best=20.38% lr=0.07176155 time=6.9s est_300=34m 52s
[TEACHER][109/300] loss=3.7457 train_acc=17.41% test_acc=18.17% best=20.38% lr=0.07128896 time=7.0s est_300=34m 53s
[TEACHER][110/300] loss=3.7292 train_acc=17.63% test_acc=18.92% best=20.38% lr=0.07081404 time=7.0s est_300=34m 52s
[TEACHER][111/300] loss=3.7210 train_acc=17.68% test_acc=19.59% best=20.38% lr=0.07033683 time=7.0s est_300=34m 53s
[TEACHER][112/300] loss=3.7175 train_acc=17.34% test_acc=18.73% best=20.38% lr=0.06985739 time=6.9s est_300=34m 52s
[TEACHER][113/300] loss=3.7232 train_acc=16.90% test_acc=18.64% best=20.38% lr=0.06937578 time=6.9s est_300=34m 52s
[TEACHER][114/300] loss=3.7195 train_acc=17.15% test_acc=19.76% best=20.38% lr=0.06889204 time=7.0s est_300=34m 52s
[TEACHER][115/300] loss=3.6654 train_acc=18.22% test_acc=17.48% best=20.38% lr=0.06840623 time=6.9s est_300=34m 52s
[TEACHER][116/300] loss=3.6357 train_acc=18.90% test_acc=19.61% best=20.38% lr=0.06791840 time=7.0s est_300=34m 52s
[TEACHER][117/300] loss=3.6804 train_acc=18.33% test_acc=20.66% best=20.66% lr=0.06742860 time=7.7s est_300=34m 54s saved_best
[TEACHER][118/300] loss=3.6719 train_acc=18.68% test_acc=19.61% best=20.66% lr=0.06693690 time=7.0s est_300=34m 54s
[TEACHER][119/300] loss=3.6696 train_acc=18.55% test_acc=18.55% best=20.66% lr=0.06644333 time=6.9s est_300=34m 54s
[TEACHER][120/300] loss=3.6281 train_acc=19.89% test_acc=20.78% best=20.78% lr=0.06594797 time=7.0s est_300=34m 54s saved_best
[TEACHER][121/300] loss=3.6812 train_acc=18.38% test_acc=18.45% best=20.78% lr=0.06545085 time=6.9s est_300=34m 54s
[TEACHER][122/300] loss=3.5896 train_acc=19.50% test_acc=21.09% best=21.09% lr=0.06495204 time=7.0s est_300=34m 54s saved_best
[TEACHER][123/300] loss=3.6544 train_acc=19.02% test_acc=19.19% best=21.09% lr=0.06445159 time=6.8s est_300=34m 54s
[TEACHER][124/300] loss=3.5890 train_acc=19.67% test_acc=22.20% best=22.20% lr=0.06394956 time=6.8s est_300=34m 53s saved_best
[TEACHER][125/300] loss=3.5974 train_acc=19.41% test_acc=20.83% best=22.20% lr=0.06344599 time=6.8s est_300=34m 53s
[TEACHER][126/300] loss=3.5938 train_acc=19.34% test_acc=20.18% best=22.20% lr=0.06294095 time=7.0s est_300=34m 53s
[TEACHER][127/300] loss=3.5869 train_acc=19.92% test_acc=22.06% best=22.20% lr=0.06243449 time=6.7s est_300=34m 52s
[TEACHER][128/300] loss=3.5473 train_acc=20.84% test_acc=21.47% best=22.20% lr=0.06192667 time=6.7s est_300=34m 51s
[TEACHER][129/300] loss=3.5790 train_acc=20.16% test_acc=20.45% best=22.20% lr=0.06141754 time=6.9s est_300=34m 51s
[TEACHER][130/300] loss=3.5993 train_acc=19.62% test_acc=20.95% best=22.20% lr=0.06090716 time=6.7s est_300=34m 50s
[TEACHER][131/300] loss=3.5504 train_acc=20.53% test_acc=20.42% best=22.20% lr=0.06039558 time=6.9s est_300=34m 50s
[TEACHER][132/300] loss=3.5212 train_acc=20.58% test_acc=24.04% best=24.04% lr=0.05988287 time=7.2s est_300=34m 51s saved_best
[TEACHER][133/300] loss=3.5437 train_acc=20.33% test_acc=22.37% best=24.04% lr=0.05936907 time=6.9s est_300=34m 51s
[TEACHER][134/300] loss=3.5195 train_acc=21.08% test_acc=21.90% best=24.04% lr=0.05885424 time=6.9s est_300=34m 50s
[TEACHER][135/300] loss=3.4951 train_acc=21.40% test_acc=20.99% best=24.04% lr=0.05833844 time=6.9s est_300=34m 50s
[TEACHER][136/300] loss=3.4850 train_acc=21.84% test_acc=23.56% best=24.04% lr=0.05782172 time=6.9s est_300=34m 50s
[TEACHER][137/300] loss=3.4912 train_acc=21.26% test_acc=20.33% best=24.04% lr=0.05730415 time=6.9s est_300=34m 50s
[TEACHER][138/300] loss=3.4814 train_acc=20.67% test_acc=23.51% best=24.04% lr=0.05678578 time=6.7s est_300=34m 49s
[TEACHER][139/300] loss=3.4814 train_acc=21.45% test_acc=23.14% best=24.04% lr=0.05626666 time=6.8s est_300=34m 49s
[TEACHER][140/300] loss=3.4708 train_acc=22.13% test_acc=21.51% best=24.04% lr=0.05574686 time=6.8s est_300=34m 49s
[TEACHER][141/300] loss=3.4292 train_acc=22.50% test_acc=22.09% best=24.04% lr=0.05522642 time=6.8s est_300=34m 48s
[TEACHER][142/300] loss=3.4498 train_acc=22.33% test_acc=22.42% best=24.04% lr=0.05470542 time=6.8s est_300=34m 48s
[TEACHER][143/300] loss=3.4485 train_acc=21.86% test_acc=20.90% best=24.04% lr=0.05418389 time=6.8s est_300=34m 47s
[TEACHER][144/300] loss=3.3763 train_acc=22.71% test_acc=23.65% best=24.04% lr=0.05366191 time=6.8s est_300=34m 47s
[TEACHER][145/300] loss=3.4447 train_acc=22.86% test_acc=23.73% best=24.04% lr=0.05313953 time=6.8s est_300=34m 47s
[TEACHER][146/300] loss=3.4623 train_acc=22.04% test_acc=23.87% best=24.04% lr=0.05261680 time=6.7s est_300=34m 46s
[TEACHER][147/300] loss=3.3722 train_acc=23.64% test_acc=23.58% best=24.04% lr=0.05209378 time=6.9s est_300=34m 46s
[TEACHER][148/300] loss=3.4281 train_acc=23.20% test_acc=23.84% best=24.04% lr=0.05157054 time=6.9s est_300=34m 46s
[TEACHER][149/300] loss=3.4169 train_acc=22.79% test_acc=23.35% best=24.04% lr=0.05104712 time=6.9s est_300=34m 46s
[TEACHER][150/300] loss=3.4132 train_acc=22.62% test_acc=23.52% best=24.04% lr=0.05052359 time=7.1s est_300=34m 46s
[TEACHER][151/300] loss=3.3587 train_acc=23.79% test_acc=23.54% best=24.04% lr=0.05000000 time=6.9s est_300=34m 46s
[TEACHER][152/300] loss=3.3631 train_acc=23.47% test_acc=23.61% best=24.04% lr=0.04947641 time=7.0s est_300=34m 46s
[TEACHER][153/300] loss=3.4059 train_acc=22.44% test_acc=22.73% best=24.04% lr=0.04895288 time=6.9s est_300=34m 46s
[TEACHER][154/300] loss=3.3334 train_acc=24.37% test_acc=25.23% best=25.23% lr=0.04842946 time=6.9s est_300=34m 46s saved_best
[TEACHER][155/300] loss=3.3080 train_acc=24.71% test_acc=24.72% best=25.23% lr=0.04790622 time=6.8s est_300=34m 46s
[TEACHER][156/300] loss=3.3488 train_acc=24.22% test_acc=24.94% best=25.23% lr=0.04738320 time=6.9s est_300=34m 45s
[TEACHER][157/300] loss=3.3055 train_acc=24.35% test_acc=25.46% best=25.46% lr=0.04686047 time=6.8s est_300=34m 45s saved_best
[TEACHER][158/300] loss=3.3251 train_acc=24.75% test_acc=25.23% best=25.46% lr=0.04633809 time=7.0s est_300=34m 45s
[TEACHER][159/300] loss=3.2918 train_acc=24.58% test_acc=24.66% best=25.46% lr=0.04581611 time=7.0s est_300=34m 45s
[TEACHER][160/300] loss=3.3393 train_acc=24.63% test_acc=25.82% best=25.82% lr=0.04529458 time=6.9s est_300=34m 45s saved_best
[TEACHER][161/300] loss=3.3253 train_acc=24.92% test_acc=24.21% best=25.82% lr=0.04477358 time=6.9s est_300=34m 45s
[TEACHER][162/300] loss=3.2614 train_acc=26.05% test_acc=26.32% best=26.32% lr=0.04425314 time=6.8s est_300=34m 45s saved_best
[TEACHER][163/300] loss=3.3160 train_acc=24.32% test_acc=25.61% best=26.32% lr=0.04373334 time=7.0s est_300=34m 45s
[TEACHER][164/300] loss=3.2500 train_acc=25.59% test_acc=24.21% best=26.32% lr=0.04321422 time=6.8s est_300=34m 45s
[TEACHER][165/300] loss=3.2668 train_acc=25.48% test_acc=26.32% best=26.32% lr=0.04269585 time=6.9s est_300=34m 45s
[TEACHER][166/300] loss=3.2797 train_acc=25.34% test_acc=25.23% best=26.32% lr=0.04217828 time=6.8s est_300=34m 44s
[TEACHER][167/300] loss=3.2027 train_acc=26.82% test_acc=25.66% best=26.32% lr=0.04166156 time=6.7s est_300=34m 44s
[TEACHER][168/300] loss=3.2219 train_acc=26.87% test_acc=26.65% best=26.65% lr=0.04114576 time=6.8s est_300=34m 44s saved_best
[TEACHER][169/300] loss=3.2411 train_acc=26.24% test_acc=27.42% best=27.42% lr=0.04063093 time=6.8s est_300=34m 43s saved_best
[TEACHER][170/300] loss=3.2124 train_acc=26.68% test_acc=26.53% best=27.42% lr=0.04011713 time=6.7s est_300=34m 43s
[TEACHER][171/300] loss=3.2239 train_acc=26.36% test_acc=25.42% best=27.42% lr=0.03960442 time=6.7s est_300=34m 43s
[TEACHER][172/300] loss=3.1800 train_acc=27.82% test_acc=28.41% best=28.41% lr=0.03909284 time=6.8s est_300=34m 42s saved_best
[TEACHER][173/300] loss=3.2466 train_acc=26.31% test_acc=26.98% best=28.41% lr=0.03858246 time=6.9s est_300=34m 42s
[TEACHER][174/300] loss=3.2148 train_acc=26.55% test_acc=26.32% best=28.41% lr=0.03807333 time=6.9s est_300=34m 42s
[TEACHER][175/300] loss=3.1837 train_acc=26.95% test_acc=26.99% best=28.41% lr=0.03756551 time=6.8s est_300=34m 42s
[TEACHER][176/300] loss=3.1974 train_acc=26.90% test_acc=26.18% best=28.41% lr=0.03705905 time=6.9s est_300=34m 42s
[TEACHER][177/300] loss=3.1770 train_acc=27.04% test_acc=26.89% best=28.41% lr=0.03655401 time=6.7s est_300=34m 41s
[TEACHER][178/300] loss=3.1787 train_acc=27.31% test_acc=27.70% best=28.41% lr=0.03605044 time=6.6s est_300=34m 41s
[TEACHER][179/300] loss=3.1725 train_acc=27.48% test_acc=26.91% best=28.41% lr=0.03554841 time=6.8s est_300=34m 41s
[TEACHER][180/300] loss=3.1390 train_acc=27.99% test_acc=28.01% best=28.41% lr=0.03504796 time=6.8s est_300=34m 41s
[TEACHER][181/300] loss=3.0998 train_acc=28.79% test_acc=27.79% best=28.41% lr=0.03454915 time=6.9s est_300=34m 40s
[TEACHER][182/300] loss=3.1181 train_acc=27.97% test_acc=26.70% best=28.41% lr=0.03405203 time=6.7s est_300=34m 40s
[TEACHER][183/300] loss=3.1273 train_acc=28.35% test_acc=27.06% best=28.41% lr=0.03355667 time=6.9s est_300=34m 40s
[TEACHER][184/300] loss=3.1193 train_acc=27.84% test_acc=28.17% best=28.41% lr=0.03306310 time=6.9s est_300=34m 40s
[TEACHER][185/300] loss=3.0982 train_acc=28.89% test_acc=27.05% best=28.41% lr=0.03257140 time=6.9s est_300=34m 40s
[TEACHER][186/300] loss=3.0603 train_acc=28.36% test_acc=27.06% best=28.41% lr=0.03208160 time=6.9s est_300=34m 40s
[TEACHER][187/300] loss=3.1087 train_acc=28.62% test_acc=28.49% best=28.49% lr=0.03159377 time=6.8s est_300=34m 40s saved_best
[TEACHER][188/300] loss=3.0190 train_acc=29.89% test_acc=28.87% best=28.87% lr=0.03110796 time=6.8s est_300=34m 39s saved_best
[TEACHER][189/300] loss=3.0640 train_acc=28.92% test_acc=28.31% best=28.87% lr=0.03062422 time=6.9s est_300=34m 39s
[TEACHER][190/300] loss=3.0083 train_acc=30.59% test_acc=28.37% best=28.87% lr=0.03014261 time=6.8s est_300=34m 39s
[TEACHER][191/300] loss=3.0377 train_acc=30.13% test_acc=29.53% best=29.53% lr=0.02966317 time=6.8s est_300=34m 39s saved_best
[TEACHER][192/300] loss=3.0451 train_acc=30.94% test_acc=30.89% best=30.89% lr=0.02918596 time=6.8s est_300=34m 39s saved_best
[TEACHER][193/300] loss=3.0469 train_acc=29.31% test_acc=30.00% best=30.89% lr=0.02871104 time=6.8s est_300=34m 39s
[TEACHER][194/300] loss=3.0327 train_acc=29.86% test_acc=29.53% best=30.89% lr=0.02823845 time=6.9s est_300=34m 39s
[TEACHER][195/300] loss=3.0406 train_acc=30.28% test_acc=29.43% best=30.89% lr=0.02776824 time=6.9s est_300=34m 39s
[TEACHER][196/300] loss=3.0171 train_acc=30.54% test_acc=29.88% best=30.89% lr=0.02730048 time=6.9s est_300=34m 39s
[TEACHER][197/300] loss=2.9992 train_acc=31.71% test_acc=28.93% best=30.89% lr=0.02683520 time=6.8s est_300=34m 38s
[TEACHER][198/300] loss=3.0105 train_acc=30.71% test_acc=29.74% best=30.89% lr=0.02637246 time=6.9s est_300=34m 38s
[TEACHER][199/300] loss=2.9891 train_acc=30.88% test_acc=29.77% best=30.89% lr=0.02591232 time=7.3s est_300=34m 39s
[TEACHER][200/300] loss=2.9695 train_acc=31.57% test_acc=30.79% best=30.89% lr=0.02545481 time=6.9s est_300=34m 39s
[TEACHER][201/300] loss=2.9665 train_acc=31.23% test_acc=28.06% best=30.89% lr=0.02500000 time=7.0s est_300=34m 39s
[TEACHER][202/300] loss=2.9424 train_acc=31.73% test_acc=30.31% best=30.89% lr=0.02454793 time=6.9s est_300=34m 39s
[TEACHER][203/300] loss=2.9316 train_acc=31.45% test_acc=29.27% best=30.89% lr=0.02409865 time=6.8s est_300=34m 39s
[TEACHER][204/300] loss=2.9417 train_acc=32.15% test_acc=29.70% best=30.89% lr=0.02365221 time=6.7s est_300=34m 39s
[TEACHER][205/300] loss=2.9415 train_acc=31.37% test_acc=31.48% best=31.48% lr=0.02320866 time=7.0s est_300=34m 39s saved_best
[TEACHER][206/300] loss=2.9641 train_acc=31.13% test_acc=30.34% best=31.48% lr=0.02276805 time=6.8s est_300=34m 39s
[TEACHER][207/300] loss=2.9267 train_acc=32.15% test_acc=31.77% best=31.77% lr=0.02233042 time=6.8s est_300=34m 38s saved_best
[TEACHER][208/300] loss=2.9275 train_acc=31.88% test_acc=30.89% best=31.77% lr=0.02189583 time=6.9s est_300=34m 38s
[TEACHER][209/300] loss=2.8589 train_acc=33.27% test_acc=29.67% best=31.77% lr=0.02146432 time=6.8s est_300=34m 38s
[TEACHER][210/300] loss=2.8724 train_acc=32.98% test_acc=30.07% best=31.77% lr=0.02103594 time=7.0s est_300=34m 38s
[TEACHER][211/300] loss=2.8545 train_acc=33.58% test_acc=29.25% best=31.77% lr=0.02061074 time=6.9s est_300=34m 38s
[TEACHER][212/300] loss=2.8536 train_acc=33.44% test_acc=32.65% best=32.65% lr=0.02018876 time=6.9s est_300=34m 38s saved_best
[TEACHER][213/300] loss=2.8296 train_acc=34.12% test_acc=30.39% best=32.65% lr=0.01977004 time=6.8s est_300=34m 38s
[TEACHER][214/300] loss=2.8620 train_acc=33.56% test_acc=32.46% best=32.65% lr=0.01935465 time=6.8s est_300=34m 38s
[TEACHER][215/300] loss=2.7961 train_acc=34.51% test_acc=31.64% best=32.65% lr=0.01894261 time=6.8s est_300=34m 38s
[TEACHER][216/300] loss=2.8394 train_acc=34.24% test_acc=30.72% best=32.65% lr=0.01853398 time=6.9s est_300=34m 38s
[TEACHER][217/300] loss=2.8078 train_acc=34.90% test_acc=33.40% best=33.40% lr=0.01812880 time=6.8s est_300=34m 37s saved_best
[TEACHER][218/300] loss=2.7794 train_acc=34.90% test_acc=31.77% best=33.40% lr=0.01772712 time=6.8s est_300=34m 37s
[TEACHER][219/300] loss=2.7899 train_acc=35.21% test_acc=32.46% best=33.40% lr=0.01732897 time=6.9s est_300=34m 37s
[TEACHER][220/300] loss=2.7890 train_acc=34.80% test_acc=31.33% best=33.40% lr=0.01693441 time=6.8s est_300=34m 37s
[TEACHER][221/300] loss=2.7813 train_acc=35.16% test_acc=31.55% best=33.40% lr=0.01654347 time=6.7s est_300=34m 37s
[TEACHER][222/300] loss=2.7656 train_acc=35.65% test_acc=33.19% best=33.40% lr=0.01615620 time=6.8s est_300=34m 37s
[TEACHER][223/300] loss=2.7352 train_acc=36.79% test_acc=32.78% best=33.40% lr=0.01577264 time=6.8s est_300=34m 37s
[TEACHER][224/300] loss=2.7525 train_acc=35.92% test_acc=32.59% best=33.40% lr=0.01539284 time=6.9s est_300=34m 37s
[TEACHER][225/300] loss=2.7392 train_acc=36.11% test_acc=33.79% best=33.79% lr=0.01501683 time=6.9s est_300=34m 36s saved_best
[TEACHER][226/300] loss=2.7081 train_acc=36.62% test_acc=33.03% best=33.79% lr=0.01464466 time=6.8s est_300=34m 36s
[TEACHER][227/300] loss=2.6996 train_acc=35.99% test_acc=33.33% best=33.79% lr=0.01427637 time=6.8s est_300=34m 36s
[TEACHER][228/300] loss=2.7594 train_acc=35.33% test_acc=32.60% best=33.79% lr=0.01391199 time=6.9s est_300=34m 36s
[TEACHER][229/300] loss=2.6961 train_acc=37.21% test_acc=34.31% best=34.31% lr=0.01355157 time=6.8s est_300=34m 36s saved_best
[TEACHER][230/300] loss=2.7170 train_acc=36.48% test_acc=32.05% best=34.31% lr=0.01319515 time=6.9s est_300=34m 36s
[TEACHER][231/300] loss=2.7017 train_acc=37.08% test_acc=33.64% best=34.31% lr=0.01284276 time=7.1s est_300=34m 36s
[TEACHER][232/300] loss=2.6889 train_acc=37.70% test_acc=33.22% best=34.31% lr=0.01249445 time=6.8s est_300=34m 36s
[TEACHER][233/300] loss=2.6572 train_acc=38.40% test_acc=34.09% best=34.31% lr=0.01215025 time=7.0s est_300=34m 36s
[TEACHER][234/300] loss=2.6872 train_acc=36.99% test_acc=33.43% best=34.31% lr=0.01181020 time=6.9s est_300=34m 36s
[TEACHER][235/300] loss=2.6318 train_acc=37.99% test_acc=33.22% best=34.31% lr=0.01147434 time=6.8s est_300=34m 36s
[TEACHER][236/300] loss=2.6642 train_acc=37.87% test_acc=34.24% best=34.31% lr=0.01114270 time=6.7s est_300=34m 36s
[TEACHER][237/300] loss=2.6717 train_acc=37.96% test_acc=33.83% best=34.31% lr=0.01081533 time=6.8s est_300=34m 36s
[TEACHER][238/300] loss=2.6204 train_acc=39.16% test_acc=34.31% best=34.31% lr=0.01049225 time=6.8s est_300=34m 35s
[TEACHER][239/300] loss=2.6026 train_acc=38.94% test_acc=34.83% best=34.83% lr=0.01017350 time=6.9s est_300=34m 35s saved_best
[TEACHER][240/300] loss=2.6043 train_acc=39.66% test_acc=34.17% best=34.83% lr=0.00985913 time=6.7s est_300=34m 35s
[TEACHER][241/300] loss=2.5847 train_acc=38.88% test_acc=33.71% best=34.83% lr=0.00954915 time=6.8s est_300=34m 35s
[TEACHER][242/300] loss=2.5816 train_acc=40.20% test_acc=34.52% best=34.83% lr=0.00924361 time=6.8s est_300=34m 35s
[TEACHER][243/300] loss=2.5849 train_acc=39.89% test_acc=34.76% best=34.83% lr=0.00894254 time=6.8s est_300=34m 35s
[TEACHER][244/300] loss=2.5462 train_acc=39.62% test_acc=35.05% best=35.05% lr=0.00864597 time=6.8s est_300=34m 34s saved_best
[TEACHER][245/300] loss=2.5585 train_acc=39.66% test_acc=35.16% best=35.16% lr=0.00835394 time=6.9s est_300=34m 34s saved_best
[TEACHER][246/300] loss=2.5092 train_acc=41.17% test_acc=35.31% best=35.31% lr=0.00806647 time=6.8s est_300=34m 34s saved_best
[TEACHER][247/300] loss=2.5338 train_acc=39.62% test_acc=34.95% best=35.31% lr=0.00778360 time=6.9s est_300=34m 34s
[TEACHER][248/300] loss=2.5529 train_acc=39.69% test_acc=35.47% best=35.47% lr=0.00750537 time=6.7s est_300=34m 34s saved_best
[TEACHER][249/300] loss=2.5256 train_acc=40.47% test_acc=35.48% best=35.48% lr=0.00723179 time=6.9s est_300=34m 34s saved_best
[TEACHER][250/300] loss=2.5402 train_acc=40.20% test_acc=35.26% best=35.48% lr=0.00696290 time=6.8s est_300=34m 34s
[TEACHER][251/300] loss=2.5161 train_acc=40.81% test_acc=35.31% best=35.48% lr=0.00669873 time=6.8s est_300=34m 34s
[TEACHER][252/300] loss=2.4997 train_acc=41.92% test_acc=35.40% best=35.48% lr=0.00643931 time=7.0s est_300=34m 34s
[TEACHER][253/300] loss=2.4463 train_acc=43.26% test_acc=36.00% best=36.00% lr=0.00618467 time=6.9s est_300=34m 34s saved_best
[TEACHER][254/300] loss=2.4731 train_acc=41.10% test_acc=35.62% best=36.00% lr=0.00593483 time=6.8s est_300=34m 34s
[TEACHER][255/300] loss=2.4715 train_acc=41.81% test_acc=35.16% best=36.00% lr=0.00568982 time=6.7s est_300=34m 34s
[TEACHER][256/300] loss=2.5236 train_acc=41.46% test_acc=36.31% best=36.31% lr=0.00544967 time=6.9s est_300=34m 34s saved_best
[TEACHER][257/300] loss=2.4652 train_acc=41.88% test_acc=35.31% best=36.31% lr=0.00521441 time=6.8s est_300=34m 33s
[TEACHER][258/300] loss=2.4564 train_acc=42.15% test_acc=35.83% best=36.31% lr=0.00498406 time=6.8s est_300=34m 33s
[TEACHER][259/300] loss=2.4614 train_acc=42.34% test_acc=35.62% best=36.31% lr=0.00475865 time=7.0s est_300=34m 34s
[TEACHER][260/300] loss=2.4394 train_acc=42.03% test_acc=36.02% best=36.31% lr=0.00453819 time=6.9s est_300=34m 33s
[TEACHER][261/300] loss=2.4432 train_acc=42.29% test_acc=35.93% best=36.31% lr=0.00432273 time=7.0s est_300=34m 34s
[TEACHER][262/300] loss=2.4314 train_acc=42.48% test_acc=36.21% best=36.31% lr=0.00411227 time=6.8s est_300=34m 33s
[TEACHER][263/300] loss=2.3976 train_acc=43.46% test_acc=36.69% best=36.69% lr=0.00390684 time=7.1s est_300=34m 34s saved_best
[TEACHER][264/300] loss=2.4014 train_acc=43.85% test_acc=36.56% best=36.69% lr=0.00370647 time=7.4s est_300=34m 34s
[TEACHER][265/300] loss=2.4238 train_acc=42.88% test_acc=35.93% best=36.69% lr=0.00351118 time=7.0s est_300=34m 34s
[TEACHER][266/300] loss=2.3532 train_acc=45.14% test_acc=36.30% best=36.69% lr=0.00332098 time=7.0s est_300=34m 34s
[TEACHER][267/300] loss=2.3530 train_acc=44.33% test_acc=35.92% best=36.69% lr=0.00313590 time=6.9s est_300=34m 34s
[TEACHER][268/300] loss=2.3946 train_acc=43.83% test_acc=35.71% best=36.69% lr=0.00295596 time=6.7s est_300=34m 34s
[TEACHER][269/300] loss=2.3703 train_acc=43.99% test_acc=36.47% best=36.69% lr=0.00278118 time=6.8s est_300=34m 34s
[TEACHER][270/300] loss=2.3637 train_acc=43.90% test_acc=36.33% best=36.69% lr=0.00261158 time=6.7s est_300=34m 34s
[TEACHER][271/300] loss=2.3864 train_acc=44.72% test_acc=36.37% best=36.69% lr=0.00244717 time=6.9s est_300=34m 34s
[TEACHER][272/300] loss=2.3579 train_acc=44.19% test_acc=36.56% best=36.69% lr=0.00228798 time=7.0s est_300=34m 34s
[TEACHER][273/300] loss=2.3955 train_acc=43.85% test_acc=36.69% best=36.69% lr=0.00213403 time=6.9s est_300=34m 34s
[TEACHER][274/300] loss=2.3516 train_acc=44.62% test_acc=36.99% best=36.99% lr=0.00198532 time=6.9s est_300=34m 34s saved_best
[TEACHER][275/300] loss=2.3338 train_acc=44.87% test_acc=36.93% best=36.99% lr=0.00184187 time=6.8s est_300=34m 34s
[TEACHER][276/300] loss=2.3042 train_acc=45.82% test_acc=36.87% best=36.99% lr=0.00170371 time=6.8s est_300=34m 34s
[TEACHER][277/300] loss=2.3272 train_acc=45.06% test_acc=36.78% best=36.99% lr=0.00157084 time=7.0s est_300=34m 34s
[TEACHER][278/300] loss=2.2912 train_acc=45.92% test_acc=36.97% best=36.99% lr=0.00144329 time=6.9s est_300=34m 34s
[TEACHER][279/300] loss=2.3560 train_acc=44.87% test_acc=36.52% best=36.99% lr=0.00132105 time=6.9s est_300=34m 34s
[TEACHER][280/300] loss=2.3212 train_acc=45.02% test_acc=36.95% best=36.99% lr=0.00120416 time=6.8s est_300=34m 34s
[TEACHER][281/300] loss=2.3694 train_acc=45.02% test_acc=36.68% best=36.99% lr=0.00109262 time=7.8s est_300=34m 35s
[TEACHER][282/300] loss=2.3205 train_acc=45.38% test_acc=36.92% best=36.99% lr=0.00098644 time=7.8s est_300=34m 35s
[TEACHER][283/300] loss=2.2673 train_acc=46.64% test_acc=37.25% best=37.25% lr=0.00088564 time=7.0s est_300=34m 36s saved_best
[TEACHER][284/300] loss=2.2984 train_acc=46.16% test_acc=36.73% best=37.25% lr=0.00079022 time=7.0s est_300=34m 36s
[TEACHER][285/300] loss=2.3010 train_acc=46.52% test_acc=36.93% best=37.25% lr=0.00070020 time=7.0s est_300=34m 36s
[TEACHER][286/300] loss=2.3338 train_acc=44.53% test_acc=36.85% best=37.25% lr=0.00061558 time=7.0s est_300=34m 36s
[TEACHER][287/300] loss=2.2765 train_acc=46.03% test_acc=36.83% best=37.25% lr=0.00053638 time=8.1s est_300=34m 37s
[TEACHER][288/300] loss=2.2569 train_acc=46.89% test_acc=36.87% best=37.25% lr=0.00046261 time=7.7s est_300=34m 38s
[TEACHER][289/300] loss=2.2933 train_acc=45.82% test_acc=36.97% best=37.25% lr=0.00039426 time=8.0s est_300=34m 39s
[TEACHER][290/300] loss=2.2517 train_acc=47.03% test_acc=36.93% best=37.25% lr=0.00033136 time=7.1s est_300=34m 39s
[TEACHER][291/300] loss=2.2973 train_acc=45.97% test_acc=36.88% best=37.25% lr=0.00027391 time=7.1s est_300=34m 39s
[TEACHER][292/300] loss=2.2589 train_acc=46.69% test_acc=36.81% best=37.25% lr=0.00022190 time=7.6s est_300=34m 40s
[TEACHER][293/300] loss=2.3081 train_acc=45.52% test_acc=36.85% best=37.25% lr=0.00017536 time=7.0s est_300=34m 40s
[TEACHER][294/300] loss=2.2655 train_acc=46.57% test_acc=37.06% best=37.25% lr=0.00013428 time=7.3s est_300=34m 40s
[TEACHER][295/300] loss=2.2717 train_acc=46.74% test_acc=36.69% best=37.25% lr=0.00009866 time=6.8s est_300=34m 40s
[TEACHER][296/300] loss=2.2895 train_acc=47.11% test_acc=36.81% best=37.25% lr=0.00006852 time=6.9s est_300=34m 40s
[TEACHER][297/300] loss=2.2797 train_acc=45.77% test_acc=36.81% best=37.25% lr=0.00004386 time=6.8s est_300=34m 40s
[TEACHER][298/300] loss=2.3149 train_acc=45.86% test_acc=36.83% best=37.25% lr=0.00002467 time=6.9s est_300=34m 40s
[TEACHER][299/300] loss=2.2507 train_acc=47.45% test_acc=36.81% best=37.25% lr=0.00001097 time=7.4s est_300=34m 40s
[TEACHER][300/300] loss=2.2980 train_acc=46.33% test_acc=36.83% best=37.25% lr=0.00000274 time=7.1s est_300=34m 41s
[FINAL_RESULT] teacher_best_top1=37.25% checkpoint=/app/output/cub200_lg_alg_ours_300ep_seed1/teacher/teacher_cub200_resnet56_32_scratch_300ep_seed1/teacher_resnet56_cub200_32_best.pt
[FINAL_RESULT] manifest=/app/output/cub200_lg_alg_ours_300ep_seed1/teacher/teacher_cub200_resnet56_32_scratch_300ep_seed1/manifest.json
[DONE] CUB-200 teacher training completed successfully.
[COMMAND][LG] /usr/bin/python methods/LG/cub200/train.py --data-dir data/cub200 --teacher-root /app/output/cub200_lg_alg_ours_300ep_seed1/teacher/teacher_cub200_resnet56_32_scratch_300ep_seed1 --output-dir /app/output/cub200_lg_alg_ours_300ep_seed1/LG/cub200 --run-name lg_cub200_deit_ti_300ep_seed1 --num-workers 4
[BOOT] Python process started: /usr/bin/python
========================================================================
LOCALITY GUIDANCE / RESNET56 -> DEIT-TI
========================================================================
[ENV] python=3.10.12 torch=2.11.0+cu130 torchvision=0.26.0+cu130 timm=1.0.27
[ENV] cuda_available=True cuda_device_count=1
[ENV] gpu_name=NVIDIA H200 NVL
[ENV] gpu_memory_gib=139.80
[ENV] device=cuda amp=False seed=1 cudnn_benchmark=False
[PATH] data_dir=/app/scratch/input/bapedragon_509/data/cub200
[PATH] teacher_root=/app/output/cub200_lg_alg_ours_300ep_seed1/teacher/teacher_cub200_resnet56_32_scratch_300ep_seed1
[PATH] run_dir=/app/output/cub200_lg_alg_ours_300ep_seed1/LG/cub200/lg_cub200_deit_ti_300ep_seed1
[MODE] smoke=False timing_run=False student_epochs=300 planned_epochs=300
[PROTOCOL] name=cub200_deit_ti_official_lg_v1 optimizer=AdamW lr=0.0005 min_lr=5e-06 weight_decay=0.05 warmup=20 warmup_factor=0.001 cosine batch=128 eval_batch=200 student_image=224 teacher_image=32 drop_path=0.1 label_smoothing=0.0 pretrained=False base=lg_official eval_resize=direct
[AUGMENT] color_jitter=0.4 auto_augment=rand-m9-mstd0.5-inc1 random_erasing=0.25/pixel/1 interpolation=bicubic normalization=ImageNet drop_last_train=True
[LG] loss=CE+beta*LG_all_epochs beta=2.5 guidance_schedule=static
[LG] teacher_stages=(0,1,2) student_blocks=(0,6,11) projection=1x1 grid=larger_of_teacher_student interpolation=bilinear stage_loss=elementwise_MSE sum_stages=True
[REFERENCE] dataset=cub200 LG=n/a BASELINE=n/a paper_guidance_stop_epoch=None
[SOURCE] LG_repo_commit=d2165f74049c906b0afc9f957491960fb3c0cc8b
[DATA] CUB-200-2011 root=/app/scratch/input/bapedragon_509/data/cub200/CUB_200_2011
[DATA] train_samples=5994 test_samples=5794
[DATA] student_image=224 teacher_image=32 train_batch=128 eval_batch=200 num_workers=4 drop_last_train=True smoke=False split=train:official_train eval:official_test
[TEACHER] selected=best epoch=283 top1=37.25% sha256=e3db747360950e20133ef2698b464ef543edfa521b703dee45e89155d4f92815
[TEACHER_NATIVE_AUDIT] checkpoint_top1=37.25% native_direct_32px_top1=37.25% gap=+0.00pp
[TEACHER_SHARED_VIEW] resize_224_to_32px_top1=26.89% gap_to_checkpoint=-10.36pp diagnostic_only=True
[MODEL] teacher_params=868,120 student=deit_tiny_patch16_224 student_params=5,563,016 lg_trainable_params=21,616
[FEATURE_CHECK] teacher_raw=[(2, 16, 32, 32), (2, 32, 16, 16), (2, 64, 8, 8)] student=[(2, 192, 14, 14), (2, 192, 14, 14), (2, 192, 14, 14)] aligned=[(2, 16, 32, 32), (2, 32, 16, 16), (2, 64, 14, 14)] probe_lg=17.122229
[OPTIMIZER] official_lg_groups=head_no_decay:200,head_decay:38400,body_no_decay:68656,body_decay:5477376 no_decay=1d,bias,cls_token,pos_embed
[STUDENT] epochs=300 planned=300 initial_optimizer_lr=5e-07 official_warmup_start_lr=5e-07
[LG][001/300] loss=86.1526 ce=5.2983 lg=32.3417 beta=2.5000 guidance_active_next=True raw_derivative=n/a smoothed_derivative=n/a guidance_stop_epoch=None train_acc=0.80% val_acc=1.09% best=1.09% lr=5e-07 time=13.5s avg_epoch=13.5s est_planned=1h 07m 22s elapsed=14s saved_best
[LG][002/300] loss=78.0897 ce=5.2990 lg=29.1163 beta=2.5000 guidance_active_next=True raw_derivative=n/a smoothed_derivative=n/a guidance_stop_epoch=None train_acc=0.54% val_acc=0.81% best=1.09% lr=2.5475e-05 time=13.2s avg_epoch=13.4s est_planned=1h 06m 46s elapsed=27s
[LG][003/300] loss=64.3036 ce=5.3016 lg=23.6008 beta=2.5000 guidance_active_next=True raw_derivative=n/a smoothed_derivative=n/a guidance_stop_epoch=None train_acc=0.29% val_acc=0.50% best=1.09% lr=5.045e-05 time=13.6s avg_epoch=13.4s est_planned=1h 07m 09s elapsed=40s
[LG][004/300] loss=54.5087 ce=5.3031 lg=19.6822 beta=2.5000 guidance_active_next=True raw_derivative=n/a smoothed_derivative=n/a guidance_stop_epoch=None train_acc=0.29% val_acc=0.55% best=1.09% lr=7.5425e-05 time=13.5s avg_epoch=13.4s est_planned=1h 07m 14s elapsed=54s
[LG][005/300] loss=52.3280 ce=5.3041 lg=18.8096 beta=2.5000 guidance_active_next=True raw_derivative=n/a smoothed_derivative=n/a guidance_stop_epoch=None train_acc=0.39% val_acc=0.55% best=1.09% lr=0.0001004 time=13.1s avg_epoch=13.4s est_planned=1h 06m 53s elapsed=1m 07s
[LG][006/300] loss=51.5095 ce=5.3010 lg=18.4834 beta=2.5000 guidance_active_next=True raw_derivative=n/a smoothed_derivative=n/a guidance_stop_epoch=None train_acc=0.42% val_acc=1.12% best=1.12% lr=0.000125375 time=13.5s avg_epoch=13.4s est_planned=1h 07m 01s elapsed=1m 21s saved_best
[LG][007/300] loss=50.0003 ce=5.2915 lg=17.8835 beta=2.5000 guidance_active_next=True raw_derivative=n/a smoothed_derivative=n/a guidance_stop_epoch=None train_acc=0.68% val_acc=1.12% best=1.12% lr=0.00015035 time=13.3s avg_epoch=13.4s est_planned=1h 06m 56s elapsed=1m 34s saved_best
[LG][008/300] loss=48.5623 ce=5.2689 lg=17.3173 beta=2.5000 guidance_active_next=True raw_derivative=n/a smoothed_derivative=n/a guidance_stop_epoch=None train_acc=0.80% val_acc=1.36% best=1.36% lr=0.000175325 time=13.6s avg_epoch=13.4s est_planned=1h 07m 03s elapsed=1m 48s saved_best
[LG][009/300] loss=47.6900 ce=5.2079 lg=16.9928 beta=2.5000 guidance_active_next=True raw_derivative=n/a smoothed_derivative=n/a guidance_stop_epoch=None train_acc=1.26% val_acc=1.95% best=1.95% lr=0.0002003 time=13.5s avg_epoch=13.4s est_planned=1h 07m 06s elapsed=2m 02s saved_best
[LG][010/300] loss=46.4000 ce=5.1242 lg=16.5103 beta=2.5000 guidance_active_next=True raw_derivative=n/a smoothed_derivative=n/a guidance_stop_epoch=None train_acc=1.53% val_acc=2.47% best=2.47% lr=0.000225275 time=14.2s avg_epoch=13.5s est_planned=1h 07m 30s elapsed=2m 16s saved_best
[LG][011/300] loss=45.3224 ce=5.0255 lg=16.1188 beta=2.5000 guidance_active_next=True raw_derivative=n/a smoothed_derivative=n/a guidance_stop_epoch=None train_acc=2.28% val_acc=3.83% best=3.83% lr=0.00025025 time=13.5s avg_epoch=13.5s est_planned=1h 07m 32s elapsed=2m 30s saved_best
[LG][012/300] loss=44.5004 ce=4.9274 lg=15.8292 beta=2.5000 guidance_active_next=True raw_derivative=n/a smoothed_derivative=n/a guidance_stop_epoch=None train_acc=3.40% val_acc=4.78% best=4.78% lr=0.000275225 time=14.1s avg_epoch=13.6s est_planned=1h 07m 48s elapsed=2m 44s saved_best
[LG][013/300] loss=43.5783 ce=4.8401 lg=15.4953 beta=2.5000 guidance_active_next=True raw_derivative=n/a smoothed_derivative=n/a guidance_stop_epoch=None train_acc=3.79% val_acc=5.54% best=5.54% lr=0.0003002 time=13.1s avg_epoch=13.5s est_planned=1h 07m 37s elapsed=2m 57s saved_best
[LG][014/300] loss=42.9773 ce=4.7240 lg=15.3013 beta=2.5000 guidance_active_next=True raw_derivative=n/a smoothed_derivative=n/a guidance_stop_epoch=None train_acc=4.82% val_acc=6.89% best=6.89% lr=0.000325175 time=13.8s avg_epoch=13.5s est_planned=1h 07m 43s elapsed=3m 11s saved_best
[LG][015/300] loss=42.2339 ce=4.6339 lg=15.0400 beta=2.5000 guidance_active_next=True raw_derivative=n/a smoothed_derivative=n/a guidance_stop_epoch=None train_acc=5.54% val_acc=7.44% best=7.44% lr=0.00035015 time=14.1s avg_epoch=13.6s est_planned=1h 07m 55s elapsed=3m 25s saved_best
[LG][016/300] loss=41.3283 ce=4.5325 lg=14.7183 beta=2.5000 guidance_active_next=True raw_derivative=n/a smoothed_derivative=n/a guidance_stop_epoch=None train_acc=6.83% val_acc=9.42% best=9.42% lr=0.000375125 time=13.9s avg_epoch=13.6s est_planned=1h 08m 00s elapsed=3m 39s saved_best
[LG][017/300] loss=40.7295 ce=4.4382 lg=14.5165 beta=2.5000 guidance_active_next=True raw_derivative=n/a smoothed_derivative=n/a guidance_stop_epoch=None train_acc=7.44% val_acc=9.80% best=9.80% lr=0.0004001 time=14.8s avg_epoch=13.7s est_planned=1h 08m 21s elapsed=3m 54s saved_best
[LG][018/300] loss=39.8960 ce=4.3794 lg=14.2066 beta=2.5000 guidance_active_next=True raw_derivative=n/a smoothed_derivative=n/a guidance_stop_epoch=None train_acc=8.02% val_acc=10.65% best=10.65% lr=0.000425075 time=14.6s avg_epoch=13.7s est_planned=1h 08m 36s elapsed=4m 09s saved_best
[LG][019/300] loss=39.8924 ce=4.3100 lg=14.2330 beta=2.5000 guidance_active_next=True raw_derivative=n/a smoothed_derivative=n/a guidance_stop_epoch=None train_acc=7.88% val_acc=12.51% best=12.51% lr=0.00045005 time=14.4s avg_epoch=13.8s est_planned=1h 08m 46s elapsed=4m 23s saved_best
[LG][020/300] loss=39.1388 ce=4.2532 lg=13.9542 beta=2.5000 guidance_active_next=True raw_derivative=n/a smoothed_derivative=n/a guidance_stop_epoch=None train_acc=9.27% val_acc=12.53% best=12.53% lr=0.000475025 time=13.4s avg_epoch=13.7s est_planned=1h 08m 41s elapsed=4m 37s saved_best
[LG][021/300] loss=38.9663 ce=4.1684 lg=13.9192 beta=2.5000 guidance_active_next=True raw_derivative=n/a smoothed_derivative=n/a guidance_stop_epoch=None train_acc=9.80% val_acc=14.41% best=14.41% lr=0.00049459153 time=13.8s avg_epoch=13.7s est_planned=1h 08m 41s elapsed=4m 51s saved_best
[LG][022/300] loss=38.3113 ce=4.0902 lg=13.6884 beta=2.5000 guidance_active_next=True raw_derivative=n/a smoothed_derivative=n/a guidance_stop_epoch=None train_acc=11.31% val_acc=14.36% best=14.41% lr=0.0004940394 time=13.3s avg_epoch=13.7s est_planned=1h 08m 35s elapsed=5m 04s
[LG][023/300] loss=38.0217 ce=4.0576 lg=13.5857 beta=2.5000 guidance_active_next=True raw_derivative=n/a smoothed_derivative=n/a guidance_stop_epoch=None train_acc=11.41% val_acc=16.07% best=16.07% lr=0.00049346078 time=13.3s avg_epoch=13.7s est_planned=1h 08m 30s elapsed=5m 17s saved_best
[LG][024/300] loss=37.4940 ce=3.9998 lg=13.3977 beta=2.5000 guidance_active_next=True raw_derivative=n/a smoothed_derivative=n/a guidance_stop_epoch=None train_acc=12.60% val_acc=16.98% best=16.98% lr=0.00049285573 time=14.1s avg_epoch=13.7s est_planned=1h 08m 35s elapsed=5m 32s saved_best
[LG][025/300] loss=36.5664 ce=3.9163 lg=13.0600 beta=2.5000 guidance_active_next=True raw_derivative=n/a smoothed_derivative=n/a guidance_stop_epoch=None train_acc=14.22% val_acc=18.40% best=18.40% lr=0.00049222433 time=13.8s avg_epoch=13.7s est_planned=1h 08m 36s elapsed=5m 45s saved_best
[LG][026/300] loss=36.7232 ce=3.8792 lg=13.1376 beta=2.5000 guidance_active_next=True raw_derivative=n/a smoothed_derivative=n/a guidance_stop_epoch=None train_acc=14.33% val_acc=19.55% best=19.55% lr=0.00049156664 time=13.2s avg_epoch=13.7s est_planned=1h 08m 30s elapsed=5m 59s saved_best
[LG][027/300] loss=36.0210 ce=3.8491 lg=12.8687 beta=2.5000 guidance_active_next=True raw_derivative=n/a smoothed_derivative=n/a guidance_stop_epoch=None train_acc=15.03% val_acc=20.23% best=20.23% lr=0.00049088274 time=14.6s avg_epoch=13.7s est_planned=1h 08m 40s elapsed=6m 14s saved_best
[LG][028/300] loss=35.6306 ce=3.7751 lg=12.7422 beta=2.5000 guidance_active_next=True raw_derivative=n/a smoothed_derivative=n/a guidance_stop_epoch=None train_acc=16.44% val_acc=20.57% best=20.57% lr=0.00049017269 time=15.0s avg_epoch=13.8s est_planned=1h 08m 54s elapsed=6m 29s saved_best
[LG][029/300] loss=35.4810 ce=3.7542 lg=12.6907 beta=2.5000 guidance_active_next=True raw_derivative=n/a smoothed_derivative=n/a guidance_stop_epoch=None train_acc=16.85% val_acc=21.85% best=21.85% lr=0.00048943658 time=13.6s avg_epoch=13.8s est_planned=1h 08m 51s elapsed=6m 42s saved_best
[LG][030/300] loss=34.9927 ce=3.6982 lg=12.5178 beta=2.5000 guidance_active_next=True raw_derivative=n/a smoothed_derivative=n/a guidance_stop_epoch=None train_acc=17.87% val_acc=21.68% best=21.85% lr=0.00048867448 time=13.4s avg_epoch=13.8s est_planned=1h 08m 48s elapsed=6m 56s
[LG][031/300] loss=34.6470 ce=3.6383 lg=12.4035 beta=2.5000 guidance_active_next=True raw_derivative=n/a smoothed_derivative=n/a guidance_stop_epoch=None train_acc=17.82% val_acc=23.68% best=23.68% lr=0.00048788649 time=13.4s avg_epoch=13.7s est_planned=1h 08m 44s elapsed=7m 09s saved_best
[LG][032/300] loss=34.5560 ce=3.6317 lg=12.3697 beta=2.5000 guidance_active_next=True raw_derivative=n/a smoothed_derivative=n/a guidance_stop_epoch=None train_acc=18.95% val_acc=21.80% best=23.68% lr=0.00048707268 time=13.7s avg_epoch=13.7s est_planned=1h 08m 44s elapsed=7m 23s
[LG][033/300] loss=34.3069 ce=3.5759 lg=12.2924 beta=2.5000 guidance_active_next=True raw_derivative=n/a smoothed_derivative=n/a guidance_stop_epoch=None train_acc=19.67% val_acc=24.99% best=24.99% lr=0.00048623315 time=14.6s avg_epoch=13.8s est_planned=1h 08m 52s elapsed=7m 38s saved_best
[LG][034/300] loss=33.9902 ce=3.5211 lg=12.1876 beta=2.5000 guidance_active_next=True raw_derivative=n/a smoothed_derivative=n/a guidance_stop_epoch=None train_acc=20.70% val_acc=25.04% best=25.04% lr=0.00048536799 time=13.6s avg_epoch=13.8s est_planned=1h 08m 51s elapsed=7m 51s saved_best
[LG][035/300] loss=33.7118 ce=3.4811 lg=12.0923 beta=2.5000 guidance_active_next=True raw_derivative=n/a smoothed_derivative=n/a guidance_stop_epoch=None train_acc=20.94% val_acc=25.96% best=25.96% lr=0.00048447729 time=13.2s avg_epoch=13.8s est_planned=1h 08m 45s elapsed=8m 05s saved_best
[LG][036/300] loss=33.4407 ce=3.4513 lg=11.9958 beta=2.5000 guidance_active_next=True raw_derivative=n/a smoothed_derivative=n/a guidance_stop_epoch=None train_acc=21.04% val_acc=27.08% best=27.08% lr=0.00048356116 time=14.3s avg_epoch=13.8s est_planned=1h 08m 50s elapsed=8m 19s saved_best
[LG][037/300] loss=33.4534 ce=3.4355 lg=12.0072 beta=2.5000 guidance_active_next=True raw_derivative=n/a smoothed_derivative=n/a guidance_stop_epoch=None train_acc=21.88% val_acc=27.10% best=27.10% lr=0.00048261968 time=14.3s avg_epoch=13.8s est_planned=1h 08m 55s elapsed=8m 34s saved_best
[LG][038/300] loss=33.1278 ce=3.3845 lg=11.8973 beta=2.5000 guidance_active_next=True raw_derivative=n/a smoothed_derivative=n/a guidance_stop_epoch=None train_acc=23.37% val_acc=28.67% best=28.67% lr=0.00048165297 time=14.2s avg_epoch=13.8s est_planned=1h 08m 58s elapsed=8m 48s saved_best
[LG][039/300] loss=32.8683 ce=3.3240 lg=11.8177 beta=2.5000 guidance_active_next=True raw_derivative=n/a smoothed_derivative=n/a guidance_stop_epoch=None train_acc=23.95% val_acc=28.75% best=28.75% lr=0.00048066113 time=14.2s avg_epoch=13.8s est_planned=1h 09m 01s elapsed=9m 02s saved_best
[LG][040/300] loss=32.7448 ce=3.3293 lg=11.7662 beta=2.5000 guidance_active_next=True raw_derivative=n/a smoothed_derivative=n/a guidance_stop_epoch=None train_acc=24.54% val_acc=30.34% best=30.34% lr=0.00047964427 time=14.3s avg_epoch=13.8s est_planned=1h 09m 05s elapsed=9m 17s saved_best
[LG][041/300] loss=32.4696 ce=3.2867 lg=11.6732 beta=2.5000 guidance_active_next=True raw_derivative=n/a smoothed_derivative=n/a guidance_stop_epoch=None train_acc=25.10% val_acc=28.65% best=30.34% lr=0.0004786025 time=14.3s avg_epoch=13.8s est_planned=1h 09m 09s elapsed=9m 31s
[LG][042/300] loss=32.4891 ce=3.2880 lg=11.6804 beta=2.5000 guidance_active_next=True raw_derivative=n/a smoothed_derivative=n/a guidance_stop_epoch=None train_acc=25.00% val_acc=29.70% best=30.34% lr=0.00047753594 time=14.4s avg_epoch=13.8s est_planned=1h 09m 12s elapsed=9m 45s
[LG][043/300] loss=32.1919 ce=3.2271 lg=11.5859 beta=2.5000 guidance_active_next=True raw_derivative=n/a smoothed_derivative=n/a guidance_stop_epoch=None train_acc=25.65% val_acc=30.43% best=30.43% lr=0.0004764447 time=14.5s avg_epoch=13.9s est_planned=1h 09m 17s elapsed=10m 00s saved_best
[LG][044/300] loss=31.8950 ce=3.2242 lg=11.4683 beta=2.5000 guidance_active_next=True raw_derivative=n/a smoothed_derivative=n/a guidance_stop_epoch=None train_acc=25.97% val_acc=31.12% best=31.12% lr=0.0004753289 time=14.6s avg_epoch=13.9s est_planned=1h 09m 22s elapsed=10m 15s saved_best
[LG][045/300] loss=31.7532 ce=3.1625 lg=11.4363 beta=2.5000 guidance_active_next=True raw_derivative=n/a smoothed_derivative=n/a guidance_stop_epoch=None train_acc=26.72% val_acc=31.10% best=31.12% lr=0.00047418866 time=14.3s avg_epoch=13.9s est_planned=1h 09m 25s elapsed=10m 29s
[LG][046/300] loss=31.3714 ce=3.1712 lg=11.2801 beta=2.5000 guidance_active_next=True raw_derivative=n/a smoothed_derivative=n/a guidance_stop_epoch=None train_acc=27.11% val_acc=31.08% best=31.12% lr=0.00047302411 time=14.7s avg_epoch=13.9s est_planned=1h 09m 31s elapsed=10m 44s
[LG][047/300] loss=31.2107 ce=3.1228 lg=11.2352 beta=2.5000 guidance_active_next=True raw_derivative=n/a smoothed_derivative=n/a guidance_stop_epoch=None train_acc=28.01% val_acc=32.43% best=32.43% lr=0.00047183539 time=14.5s avg_epoch=13.9s est_planned=1h 09m 35s elapsed=10m 59s saved_best
[LG][048/300] loss=30.8670 ce=3.1595 lg=11.0830 beta=2.5000 guidance_active_next=True raw_derivative=n/a smoothed_derivative=n/a guidance_stop_epoch=None train_acc=27.45% val_acc=29.77% best=32.43% lr=0.0004706226 time=14.3s avg_epoch=13.9s est_planned=1h 09m 37s elapsed=11m 13s
[LG][049/300] loss=30.4937 ce=3.0505 lg=10.9773 beta=2.5000 guidance_active_next=True raw_derivative=n/a smoothed_derivative=n/a guidance_stop_epoch=None train_acc=29.21% val_acc=33.81% best=33.81% lr=0.0004693859 time=14.9s avg_epoch=13.9s est_planned=1h 09m 43s elapsed=11m 28s saved_best
[LG][050/300] loss=30.2411 ce=3.0541 lg=10.8748 beta=2.5000 guidance_active_next=True raw_derivative=n/a smoothed_derivative=n/a guidance_stop_epoch=None train_acc=28.67% val_acc=32.91% best=33.81% lr=0.00046812542 time=14.5s avg_epoch=14.0s est_planned=1h 09m 47s elapsed=11m 43s
[LG][051/300] loss=29.8021 ce=3.0047 lg=10.7190 beta=2.5000 guidance_active_next=True raw_derivative=n/a smoothed_derivative=n/a guidance_stop_epoch=None train_acc=29.91% val_acc=33.21% best=33.81% lr=0.00046684129 time=14.2s avg_epoch=14.0s est_planned=1h 09m 48s elapsed=11m 57s
[LG][052/300] loss=29.7843 ce=3.0095 lg=10.7099 beta=2.5000 guidance_active_next=True raw_derivative=n/a smoothed_derivative=n/a guidance_stop_epoch=None train_acc=29.79% val_acc=34.04% best=34.04% lr=0.00046553365 time=14.2s avg_epoch=14.0s est_planned=1h 09m 49s elapsed=12m 11s saved_best
[LG][053/300] loss=29.4927 ce=2.9703 lg=10.6090 beta=2.5000 guidance_active_next=True raw_derivative=n/a smoothed_derivative=n/a guidance_stop_epoch=None train_acc=31.00% val_acc=35.80% best=35.80% lr=0.00046420265 time=13.9s avg_epoch=14.0s est_planned=1h 09m 49s elapsed=12m 25s saved_best
[LG][054/300] loss=29.2281 ce=2.9012 lg=10.5308 beta=2.5000 guidance_active_next=True raw_derivative=n/a smoothed_derivative=n/a guidance_stop_epoch=None train_acc=32.61% val_acc=35.66% best=35.80% lr=0.00046284844 time=13.9s avg_epoch=14.0s est_planned=1h 09m 48s elapsed=12m 39s
[LG][055/300] loss=29.0258 ce=2.8993 lg=10.4506 beta=2.5000 guidance_active_next=True raw_derivative=n/a smoothed_derivative=n/a guidance_stop_epoch=None train_acc=32.39% val_acc=35.50% best=35.80% lr=0.00046147116 time=13.8s avg_epoch=14.0s est_planned=1h 09m 48s elapsed=12m 53s
[LG][056/300] loss=28.8238 ce=2.8889 lg=10.3739 beta=2.5000 guidance_active_next=True raw_derivative=n/a smoothed_derivative=n/a guidance_stop_epoch=None train_acc=32.63% val_acc=36.21% best=36.21% lr=0.00046007097 time=14.5s avg_epoch=14.0s est_planned=1h 09m 51s elapsed=13m 08s saved_best
[LG][057/300] loss=28.8147 ce=2.8451 lg=10.3878 beta=2.5000 guidance_active_next=True raw_derivative=n/a smoothed_derivative=n/a guidance_stop_epoch=None train_acc=33.83% val_acc=36.88% best=36.88% lr=0.00045864801 time=14.2s avg_epoch=14.0s est_planned=1h 09m 52s elapsed=13m 22s saved_best
[LG][058/300] loss=28.8081 ce=2.8445 lg=10.3854 beta=2.5000 guidance_active_next=True raw_derivative=n/a smoothed_derivative=n/a guidance_stop_epoch=None train_acc=33.66% val_acc=38.42% best=38.42% lr=0.00045720244 time=14.5s avg_epoch=14.0s est_planned=1h 09m 55s elapsed=13m 37s saved_best
[LG][059/300] loss=28.4242 ce=2.7531 lg=10.2684 beta=2.5000 guidance_active_next=True raw_derivative=n/a smoothed_derivative=n/a guidance_stop_epoch=None train_acc=34.48% val_acc=35.99% best=38.42% lr=0.00045573443 time=14.5s avg_epoch=14.0s est_planned=1h 09m 57s elapsed=13m 51s
[LG][060/300] loss=28.5829 ce=2.8200 lg=10.3052 beta=2.5000 guidance_active_next=True raw_derivative=n/a smoothed_derivative=n/a guidance_stop_epoch=None train_acc=34.41% val_acc=36.78% best=38.42% lr=0.00045424413 time=14.6s avg_epoch=14.0s est_planned=1h 10m 00s elapsed=14m 06s
[LG][061/300] loss=28.2145 ce=2.7644 lg=10.1800 beta=2.5000 guidance_active_next=True raw_derivative=n/a smoothed_derivative=n/a guidance_stop_epoch=None train_acc=34.78% val_acc=39.33% best=39.33% lr=0.00045273171 time=14.5s avg_epoch=14.0s est_planned=1h 10m 03s elapsed=14m 20s saved_best
[LG][062/300] loss=27.9506 ce=2.7389 lg=10.0847 beta=2.5000 guidance_active_next=True raw_derivative=n/a smoothed_derivative=n/a guidance_stop_epoch=None train_acc=35.48% val_acc=38.76% best=39.33% lr=0.00045119733 time=14.1s avg_epoch=14.0s est_planned=1h 10m 03s elapsed=14m 34s
[LG][063/300] loss=28.2853 ce=2.7441 lg=10.2165 beta=2.5000 guidance_active_next=True raw_derivative=n/a smoothed_derivative=n/a guidance_stop_epoch=None train_acc=35.72% val_acc=38.56% best=39.33% lr=0.00044964115 time=13.4s avg_epoch=14.0s est_planned=1h 10m 00s elapsed=14m 48s
[LG][064/300] loss=28.1277 ce=2.7413 lg=10.1546 beta=2.5000 guidance_active_next=True raw_derivative=n/a smoothed_derivative=n/a guidance_stop_epoch=None train_acc=35.84% val_acc=38.21% best=39.33% lr=0.00044806337 time=13.2s avg_epoch=14.0s est_planned=1h 09m 57s elapsed=15m 01s
[LG][065/300] loss=27.7376 ce=2.7020 lg=10.0143 beta=2.5000 guidance_active_next=True raw_derivative=n/a smoothed_derivative=n/a guidance_stop_epoch=None train_acc=35.95% val_acc=38.32% best=39.33% lr=0.00044646413 time=13.2s avg_epoch=14.0s est_planned=1h 09m 53s elapsed=15m 14s
[LG][066/300] loss=27.6838 ce=2.6450 lg=10.0155 beta=2.5000 guidance_active_next=True raw_derivative=n/a smoothed_derivative=n/a guidance_stop_epoch=None train_acc=36.75% val_acc=38.85% best=39.33% lr=0.00044484363 time=13.4s avg_epoch=14.0s est_planned=1h 09m 50s elapsed=15m 28s
[LG][067/300] loss=27.7118 ce=2.6160 lg=10.0383 beta=2.5000 guidance_active_next=True raw_derivative=n/a smoothed_derivative=n/a guidance_stop_epoch=None train_acc=37.23% val_acc=38.40% best=39.33% lr=0.00044320203 time=13.3s avg_epoch=14.0s est_planned=1h 09m 47s elapsed=15m 41s
[LG][068/300] loss=27.4213 ce=2.6340 lg=9.9149 beta=2.5000 guidance_active_next=True raw_derivative=n/a smoothed_derivative=n/a guidance_stop_epoch=None train_acc=37.35% val_acc=40.13% best=40.13% lr=0.00044153952 time=13.3s avg_epoch=13.9s est_planned=1h 09m 44s elapsed=15m 55s saved_best
[LG][069/300] loss=27.2724 ce=2.6143 lg=9.8633 beta=2.5000 guidance_active_next=True raw_derivative=n/a smoothed_derivative=n/a guidance_stop_epoch=None train_acc=37.64% val_acc=39.28% best=40.13% lr=0.00043985628 time=13.2s avg_epoch=13.9s est_planned=1h 09m 41s elapsed=16m 08s
[LG][070/300] loss=27.3830 ce=2.6173 lg=9.9063 beta=2.5000 guidance_active_next=True raw_derivative=n/a smoothed_derivative=n/a guidance_stop_epoch=None train_acc=37.89% val_acc=40.30% best=40.30% lr=0.00043815249 time=13.3s avg_epoch=13.9s est_planned=1h 09m 38s elapsed=16m 21s saved_best
[LG][071/300] loss=27.2131 ce=2.5906 lg=9.8490 beta=2.5000 guidance_active_next=True raw_derivative=n/a smoothed_derivative=n/a guidance_stop_epoch=None train_acc=38.81% val_acc=40.77% best=40.77% lr=0.00043642834 time=13.0s avg_epoch=13.9s est_planned=1h 09m 35s elapsed=16m 34s saved_best
[LG][072/300] loss=27.0535 ce=2.5361 lg=9.8069 beta=2.5000 guidance_active_next=True raw_derivative=n/a smoothed_derivative=n/a guidance_stop_epoch=None train_acc=39.10% val_acc=38.89% best=40.77% lr=0.00043468403 time=13.2s avg_epoch=13.9s est_planned=1h 09m 32s elapsed=16m 48s
[LG][073/300] loss=26.9804 ce=2.4988 lg=9.7926 beta=2.5000 guidance_active_next=True raw_derivative=n/a smoothed_derivative=n/a guidance_stop_epoch=None train_acc=39.52% val_acc=39.70% best=40.77% lr=0.00043291974 time=13.3s avg_epoch=13.9s est_planned=1h 09m 29s elapsed=17m 01s
[LG][074/300] loss=26.8769 ce=2.4773 lg=9.7598 beta=2.5000 guidance_active_next=True raw_derivative=n/a smoothed_derivative=n/a guidance_stop_epoch=None train_acc=41.07% val_acc=40.63% best=40.77% lr=0.00043113566 time=13.1s avg_epoch=13.9s est_planned=1h 09m 26s elapsed=17m 14s
[LG][075/300] loss=27.0740 ce=2.4902 lg=9.8335 beta=2.5000 guidance_active_next=True raw_derivative=n/a smoothed_derivative=n/a guidance_stop_epoch=None train_acc=41.15% val_acc=39.61% best=40.77% lr=0.00042933199 time=13.2s avg_epoch=13.9s est_planned=1h 09m 23s elapsed=17m 27s
[LG][076/300] loss=26.8902 ce=2.4646 lg=9.7703 beta=2.5000 guidance_active_next=True raw_derivative=n/a smoothed_derivative=n/a guidance_stop_epoch=None train_acc=41.49% val_acc=40.52% best=40.77% lr=0.00042750893 time=13.0s avg_epoch=13.9s est_planned=1h 09m 19s elapsed=17m 40s
[LG][077/300] loss=26.7018 ce=2.4769 lg=9.6900 beta=2.5000 guidance_active_next=True raw_derivative=n/a smoothed_derivative=n/a guidance_stop_epoch=None train_acc=40.52% val_acc=41.25% best=41.25% lr=0.00042566668 time=13.3s avg_epoch=13.9s est_planned=1h 09m 17s elapsed=17m 54s saved_best
[LG][078/300] loss=26.6059 ce=2.4513 lg=9.6618 beta=2.5000 guidance_active_next=True raw_derivative=n/a smoothed_derivative=n/a guidance_stop_epoch=None train_acc=41.34% val_acc=40.27% best=41.25% lr=0.00042380544 time=13.1s avg_epoch=13.8s est_planned=1h 09m 14s elapsed=18m 07s
[LG][079/300] loss=26.5682 ce=2.5081 lg=9.6240 beta=2.5000 guidance_active_next=True raw_derivative=n/a smoothed_derivative=n/a guidance_stop_epoch=None train_acc=40.46% val_acc=41.34% best=41.34% lr=0.00042192541 time=12.8s avg_epoch=13.8s est_planned=1h 09m 10s elapsed=18m 20s saved_best
[LG][080/300] loss=26.5231 ce=2.4102 lg=9.6451 beta=2.5000 guidance_active_next=True raw_derivative=n/a smoothed_derivative=n/a guidance_stop_epoch=None train_acc=43.14% val_acc=41.75% best=41.75% lr=0.0004200268 time=13.3s avg_epoch=13.8s est_planned=1h 09m 08s elapsed=18m 33s saved_best
[LG][081/300] loss=26.4855 ce=2.3911 lg=9.6378 beta=2.5000 guidance_active_next=True raw_derivative=n/a smoothed_derivative=n/a guidance_stop_epoch=None train_acc=42.87% val_acc=42.23% best=42.23% lr=0.00041810983 time=13.0s avg_epoch=13.8s est_planned=1h 09m 05s elapsed=18m 46s saved_best
[LG][082/300] loss=26.4132 ce=2.3963 lg=9.6068 beta=2.5000 guidance_active_next=True raw_derivative=n/a smoothed_derivative=n/a guidance_stop_epoch=None train_acc=42.80% val_acc=41.77% best=42.23% lr=0.00041617469 time=13.6s avg_epoch=13.8s est_planned=1h 09m 04s elapsed=19m 00s
[LG][083/300] loss=26.2541 ce=2.3754 lg=9.5515 beta=2.5000 guidance_active_next=True raw_derivative=n/a smoothed_derivative=n/a guidance_stop_epoch=None train_acc=43.87% val_acc=42.27% best=42.27% lr=0.0004142216 time=13.4s avg_epoch=13.8s est_planned=1h 09m 03s elapsed=19m 13s saved_best
[LG][084/300] loss=26.0369 ce=2.3486 lg=9.4753 beta=2.5000 guidance_active_next=True raw_derivative=n/a smoothed_derivative=n/a guidance_stop_epoch=None train_acc=43.70% val_acc=42.89% best=42.89% lr=0.00041225078 time=13.2s avg_epoch=13.8s est_planned=1h 09m 00s elapsed=19m 27s saved_best
[LG][085/300] loss=26.1690 ce=2.3950 lg=9.5096 beta=2.5000 guidance_active_next=True raw_derivative=n/a smoothed_derivative=n/a guidance_stop_epoch=None train_acc=43.58% val_acc=40.51% best=42.89% lr=0.00041026244 time=13.6s avg_epoch=13.8s est_planned=1h 08m 59s elapsed=19m 40s
[LG][086/300] loss=26.0548 ce=2.2814 lg=9.5094 beta=2.5000 guidance_active_next=True raw_derivative=n/a smoothed_derivative=n/a guidance_stop_epoch=None train_acc=45.31% val_acc=42.29% best=42.89% lr=0.0004082568 time=13.1s avg_epoch=13.8s est_planned=1h 08m 57s elapsed=19m 53s
[LG][087/300] loss=25.9778 ce=2.3080 lg=9.4679 beta=2.5000 guidance_active_next=True raw_derivative=n/a smoothed_derivative=n/a guidance_stop_epoch=None train_acc=43.90% val_acc=40.73% best=42.89% lr=0.00040623408 time=13.1s avg_epoch=13.8s est_planned=1h 08m 55s elapsed=20m 07s
[LG][088/300] loss=26.0240 ce=2.2479 lg=9.5104 beta=2.5000 guidance_active_next=True raw_derivative=n/a smoothed_derivative=n/a guidance_stop_epoch=None train_acc=46.65% val_acc=42.37% best=42.89% lr=0.0004041945 time=13.2s avg_epoch=13.8s est_planned=1h 08m 53s elapsed=20m 20s
[LG][089/300] loss=25.9186 ce=2.2660 lg=9.4611 beta=2.5000 guidance_active_next=True raw_derivative=n/a smoothed_derivative=n/a guidance_stop_epoch=None train_acc=45.86% val_acc=42.99% best=42.99% lr=0.00040213828 time=13.4s avg_epoch=13.8s est_planned=1h 08m 52s elapsed=20m 33s saved_best
[LG][090/300] loss=25.8984 ce=2.2754 lg=9.4492 beta=2.5000 guidance_active_next=True raw_derivative=n/a smoothed_derivative=n/a guidance_stop_epoch=None train_acc=45.35% val_acc=43.46% best=43.46% lr=0.00040006566 time=14.1s avg_epoch=13.8s est_planned=1h 08m 53s elapsed=20m 48s saved_best
[LG][091/300] loss=25.8079 ce=2.2628 lg=9.4181 beta=2.5000 guidance_active_next=True raw_derivative=n/a smoothed_derivative=n/a guidance_stop_epoch=None train_acc=46.06% val_acc=43.04% best=43.46% lr=0.00039797685 time=13.8s avg_epoch=13.8s est_planned=1h 08m 53s elapsed=21m 02s
[LG][092/300] loss=25.6296 ce=2.2151 lg=9.3658 beta=2.5000 guidance_active_next=True raw_derivative=n/a smoothed_derivative=n/a guidance_stop_epoch=None train_acc=47.44% val_acc=42.46% best=43.46% lr=0.00039587209 time=13.2s avg_epoch=13.8s est_planned=1h 08m 51s elapsed=21m 15s
[LG][093/300] loss=25.7076 ce=2.1767 lg=9.4123 beta=2.5000 guidance_active_next=True raw_derivative=n/a smoothed_derivative=n/a guidance_stop_epoch=None train_acc=48.15% val_acc=42.35% best=43.46% lr=0.00039375161 time=13.5s avg_epoch=13.8s est_planned=1h 08m 50s elapsed=21m 28s
[LG][094/300] loss=25.6326 ce=2.1840 lg=9.3795 beta=2.5000 guidance_active_next=True raw_derivative=n/a smoothed_derivative=n/a guidance_stop_epoch=None train_acc=47.23% val_acc=44.15% best=44.15% lr=0.00039161564 time=13.6s avg_epoch=13.8s est_planned=1h 08m 49s elapsed=21m 42s saved_best
[LG][095/300] loss=25.6519 ce=2.1895 lg=9.3849 beta=2.5000 guidance_active_next=True raw_derivative=n/a smoothed_derivative=n/a guidance_stop_epoch=None train_acc=47.71% val_acc=42.89% best=44.15% lr=0.00038946441 time=13.2s avg_epoch=13.8s est_planned=1h 08m 48s elapsed=21m 55s
[LG][096/300] loss=25.4587 ce=2.1596 lg=9.3196 beta=2.5000 guidance_active_next=True raw_derivative=n/a smoothed_derivative=n/a guidance_stop_epoch=None train_acc=48.54% val_acc=42.54% best=44.15% lr=0.00038729816 time=13.4s avg_epoch=13.8s est_planned=1h 08m 47s elapsed=22m 09s
[LG][097/300] loss=25.4281 ce=2.1136 lg=9.3258 beta=2.5000 guidance_active_next=True raw_derivative=n/a smoothed_derivative=n/a guidance_stop_epoch=None train_acc=49.07% val_acc=43.49% best=44.15% lr=0.00038511713 time=13.3s avg_epoch=13.8s est_planned=1h 08m 45s elapsed=22m 22s
[LG][098/300] loss=25.5751 ce=2.1339 lg=9.3765 beta=2.5000 guidance_active_next=True raw_derivative=n/a smoothed_derivative=n/a guidance_stop_epoch=None train_acc=48.83% val_acc=42.75% best=44.15% lr=0.00038292156 time=13.3s avg_epoch=13.7s est_planned=1h 08m 44s elapsed=22m 35s
[LG][099/300] loss=25.3567 ce=2.1182 lg=9.2954 beta=2.5000 guidance_active_next=True raw_derivative=n/a smoothed_derivative=n/a guidance_stop_epoch=None train_acc=49.71% val_acc=43.80% best=44.15% lr=0.00038071168 time=13.1s avg_epoch=13.7s est_planned=1h 08m 42s elapsed=22m 49s
[LG][100/300] loss=25.3984 ce=2.1306 lg=9.3071 beta=2.5000 guidance_active_next=True raw_derivative=n/a smoothed_derivative=n/a guidance_stop_epoch=None train_acc=49.22% val_acc=41.91% best=44.15% lr=0.00037848775 time=13.2s avg_epoch=13.7s est_planned=1h 08m 40s elapsed=23m 02s
[LG][101/300] loss=25.2930 ce=2.1053 lg=9.2751 beta=2.5000 guidance_active_next=True raw_derivative=n/a smoothed_derivative=n/a guidance_stop_epoch=None train_acc=49.00% val_acc=43.23% best=44.15% lr=0.00037625 time=13.4s avg_epoch=13.7s est_planned=1h 08m 39s elapsed=23m 15s
[LG][102/300] loss=25.1604 ce=2.1312 lg=9.2117 beta=2.5000 guidance_active_next=True raw_derivative=n/a smoothed_derivative=n/a guidance_stop_epoch=None train_acc=49.24% val_acc=42.87% best=44.15% lr=0.00037399868 time=13.4s avg_epoch=13.7s est_planned=1h 08m 38s elapsed=23m 29s
[LG][103/300] loss=25.0111 ce=2.0763 lg=9.1739 beta=2.5000 guidance_active_next=True raw_derivative=n/a smoothed_derivative=n/a guidance_stop_epoch=None train_acc=51.04% val_acc=42.20% best=44.15% lr=0.00037173403 time=12.9s avg_epoch=13.7s est_planned=1h 08m 36s elapsed=23m 42s
[LG][104/300] loss=25.1859 ce=2.0697 lg=9.2465 beta=2.5000 guidance_active_next=True raw_derivative=n/a smoothed_derivative=n/a guidance_stop_epoch=None train_acc=50.73% val_acc=43.15% best=44.15% lr=0.00036945631 time=13.3s avg_epoch=13.7s est_planned=1h 08m 34s elapsed=23m 55s
[LG][105/300] loss=25.1192 ce=2.0541 lg=9.2260 beta=2.5000 guidance_active_next=True raw_derivative=n/a smoothed_derivative=n/a guidance_stop_epoch=None train_acc=51.26% val_acc=43.61% best=44.15% lr=0.00036716577 time=13.4s avg_epoch=13.7s est_planned=1h 08m 33s elapsed=24m 08s
[LG][106/300] loss=25.2217 ce=2.0813 lg=9.2562 beta=2.5000 guidance_active_next=True raw_derivative=n/a smoothed_derivative=n/a guidance_stop_epoch=None train_acc=50.37% val_acc=44.01% best=44.15% lr=0.00036486265 time=13.1s avg_epoch=13.7s est_planned=1h 08m 32s elapsed=24m 22s
[LG][107/300] loss=24.9707 ce=2.0503 lg=9.1682 beta=2.5000 guidance_active_next=True raw_derivative=n/a smoothed_derivative=n/a guidance_stop_epoch=None train_acc=50.39% val_acc=43.17% best=44.15% lr=0.00036254721 time=13.2s avg_epoch=13.7s est_planned=1h 08m 30s elapsed=24m 35s
[LG][108/300] loss=25.1080 ce=2.0288 lg=9.2317 beta=2.5000 guidance_active_next=True raw_derivative=n/a smoothed_derivative=n/a guidance_stop_epoch=None train_acc=51.82% val_acc=44.17% best=44.17% lr=0.0003602197 time=13.2s avg_epoch=13.7s est_planned=1h 08m 29s elapsed=24m 48s saved_best
[LG][109/300] loss=24.9071 ce=2.0442 lg=9.1452 beta=2.5000 guidance_active_next=True raw_derivative=n/a smoothed_derivative=n/a guidance_stop_epoch=None train_acc=51.82% val_acc=44.48% best=44.48% lr=0.00035788037 time=13.2s avg_epoch=13.7s est_planned=1h 08m 27s elapsed=25m 01s saved_best
[LG][110/300] loss=24.7891 ce=2.0088 lg=9.1121 beta=2.5000 guidance_active_next=True raw_derivative=n/a smoothed_derivative=n/a guidance_stop_epoch=None train_acc=51.61% val_acc=44.79% best=44.79% lr=0.0003555295 time=13.3s avg_epoch=13.7s est_planned=1h 08m 26s elapsed=25m 15s saved_best
[LG][111/300] loss=24.7627 ce=1.9896 lg=9.1092 beta=2.5000 guidance_active_next=True raw_derivative=n/a smoothed_derivative=n/a guidance_stop_epoch=None train_acc=51.99% val_acc=43.92% best=44.79% lr=0.00035316732 time=13.3s avg_epoch=13.7s est_planned=1h 08m 25s elapsed=25m 28s
[LG][112/300] loss=24.8161 ce=2.0184 lg=9.1191 beta=2.5000 guidance_active_next=True raw_derivative=n/a smoothed_derivative=n/a guidance_stop_epoch=None train_acc=51.51% val_acc=44.03% best=44.79% lr=0.0003507941 time=13.1s avg_epoch=13.7s est_planned=1h 08m 24s elapsed=25m 41s
[LG][113/300] loss=24.5354 ce=2.0040 lg=9.0126 beta=2.5000 guidance_active_next=True raw_derivative=n/a smoothed_derivative=n/a guidance_stop_epoch=None train_acc=51.92% val_acc=44.34% best=44.79% lr=0.00034841011 time=13.3s avg_epoch=13.7s est_planned=1h 08m 23s elapsed=25m 55s
[LG][114/300] loss=24.7006 ce=2.0040 lg=9.0786 beta=2.5000 guidance_active_next=True raw_derivative=n/a smoothed_derivative=n/a guidance_stop_epoch=None train_acc=52.09% val_acc=43.80% best=44.79% lr=0.00034601559 time=13.2s avg_epoch=13.7s est_planned=1h 08m 21s elapsed=26m 08s
[LG][115/300] loss=24.5481 ce=1.9556 lg=9.0370 beta=2.5000 guidance_active_next=True raw_derivative=n/a smoothed_derivative=n/a guidance_stop_epoch=None train_acc=54.08% val_acc=44.63% best=44.79% lr=0.00034361083 time=13.4s avg_epoch=13.7s est_planned=1h 08m 21s elapsed=26m 21s
[LG][116/300] loss=24.6107 ce=1.9550 lg=9.0623 beta=2.5000 guidance_active_next=True raw_derivative=n/a smoothed_derivative=n/a guidance_stop_epoch=None train_acc=52.94% val_acc=43.65% best=44.79% lr=0.00034119607 time=13.1s avg_epoch=13.7s est_planned=1h 08m 19s elapsed=26m 35s
[LG][117/300] loss=24.4237 ce=1.9628 lg=8.9844 beta=2.5000 guidance_active_next=True raw_derivative=n/a smoothed_derivative=n/a guidance_stop_epoch=None train_acc=52.62% val_acc=44.91% best=44.91% lr=0.00033877158 time=13.2s avg_epoch=13.7s est_planned=1h 08m 18s elapsed=26m 48s saved_best
[LG][118/300] loss=24.4326 ce=1.9370 lg=8.9983 beta=2.5000 guidance_active_next=True raw_derivative=n/a smoothed_derivative=n/a guidance_stop_epoch=None train_acc=53.96% val_acc=43.94% best=44.91% lr=0.00033633764 time=13.2s avg_epoch=13.7s est_planned=1h 08m 17s elapsed=27m 01s
[LG][119/300] loss=24.4351 ce=1.9299 lg=9.0021 beta=2.5000 guidance_active_next=True raw_derivative=n/a smoothed_derivative=n/a guidance_stop_epoch=None train_acc=53.04% val_acc=45.29% best=45.29% lr=0.0003338945 time=13.2s avg_epoch=13.7s est_planned=1h 08m 16s elapsed=27m 14s saved_best
[LG][120/300] loss=24.4991 ce=1.9063 lg=9.0371 beta=2.5000 guidance_active_next=True raw_derivative=n/a smoothed_derivative=n/a guidance_stop_epoch=None train_acc=54.45% val_acc=44.08% best=45.29% lr=0.00033144243 time=13.2s avg_epoch=13.6s est_planned=1h 08m 15s elapsed=27m 28s
[LG][121/300] loss=24.2523 ce=1.8743 lg=8.9512 beta=2.5000 guidance_active_next=True raw_derivative=n/a smoothed_derivative=n/a guidance_stop_epoch=None train_acc=54.55% val_acc=44.51% best=45.29% lr=0.00032898171 time=13.4s avg_epoch=13.6s est_planned=1h 08m 14s elapsed=27m 41s
[LG][122/300] loss=24.3726 ce=1.8941 lg=8.9914 beta=2.5000 guidance_active_next=True raw_derivative=n/a smoothed_derivative=n/a guidance_stop_epoch=None train_acc=54.79% val_acc=44.84% best=45.29% lr=0.0003265126 time=13.1s avg_epoch=13.6s est_planned=1h 08m 13s elapsed=27m 54s
[LG][123/300] loss=24.2892 ce=1.8913 lg=8.9592 beta=2.5000 guidance_active_next=True raw_derivative=n/a smoothed_derivative=n/a guidance_stop_epoch=None train_acc=55.13% val_acc=45.65% best=45.65% lr=0.00032403537 time=13.3s avg_epoch=13.6s est_planned=1h 08m 12s elapsed=28m 08s saved_best
[LG][124/300] loss=24.2315 ce=1.8651 lg=8.9465 beta=2.5000 guidance_active_next=True raw_derivative=n/a smoothed_derivative=n/a guidance_stop_epoch=None train_acc=55.69% val_acc=44.93% best=45.65% lr=0.0003215503 time=13.1s avg_epoch=13.6s est_planned=1h 08m 11s elapsed=28m 21s
[LG][125/300] loss=24.0791 ce=1.9009 lg=8.8713 beta=2.5000 guidance_active_next=True raw_derivative=n/a smoothed_derivative=n/a guidance_stop_epoch=None train_acc=55.25% val_acc=44.89% best=45.65% lr=0.00031905766 time=13.1s avg_epoch=13.6s est_planned=1h 08m 09s elapsed=28m 34s
[LG][126/300] loss=24.1582 ce=1.8531 lg=8.9221 beta=2.5000 guidance_active_next=True raw_derivative=n/a smoothed_derivative=n/a guidance_stop_epoch=None train_acc=55.57% val_acc=44.41% best=45.65% lr=0.00031655771 time=13.1s avg_epoch=13.6s est_planned=1h 08m 08s elapsed=28m 47s
[LG][127/300] loss=24.1694 ce=1.8276 lg=8.9367 beta=2.5000 guidance_active_next=True raw_derivative=n/a smoothed_derivative=n/a guidance_stop_epoch=None train_acc=56.93% val_acc=44.43% best=45.65% lr=0.00031405075 time=13.2s avg_epoch=13.6s est_planned=1h 08m 07s elapsed=29m 00s
[LG][128/300] loss=24.0943 ce=1.8032 lg=8.9164 beta=2.5000 guidance_active_next=True raw_derivative=n/a smoothed_derivative=n/a guidance_stop_epoch=None train_acc=56.84% val_acc=45.24% best=45.65% lr=0.00031153703 time=13.2s avg_epoch=13.6s est_planned=1h 08m 06s elapsed=29m 14s
[LG][129/300] loss=24.1081 ce=1.7648 lg=8.9373 beta=2.5000 guidance_active_next=True raw_derivative=n/a smoothed_derivative=n/a guidance_stop_epoch=None train_acc=58.63% val_acc=44.62% best=45.65% lr=0.00030901684 time=13.2s avg_epoch=13.6s est_planned=1h 08m 05s elapsed=29m 27s
[LG][130/300] loss=24.0143 ce=1.8319 lg=8.8730 beta=2.5000 guidance_active_next=True raw_derivative=n/a smoothed_derivative=n/a guidance_stop_epoch=None train_acc=55.86% val_acc=45.08% best=45.65% lr=0.00030649045 time=13.2s avg_epoch=13.6s est_planned=1h 08m 04s elapsed=29m 40s
[LG][131/300] loss=24.2169 ce=1.8372 lg=8.9519 beta=2.5000 guidance_active_next=True raw_derivative=n/a smoothed_derivative=n/a guidance_stop_epoch=None train_acc=56.52% val_acc=43.15% best=45.65% lr=0.00030395814 time=13.3s avg_epoch=13.6s est_planned=1h 08m 03s elapsed=29m 53s
[LG][132/300] loss=24.0836 ce=1.8299 lg=8.9015 beta=2.5000 guidance_active_next=True raw_derivative=n/a smoothed_derivative=n/a guidance_stop_epoch=None train_acc=56.91% val_acc=45.96% best=45.96% lr=0.00030142019 time=13.4s avg_epoch=13.6s est_planned=1h 08m 02s elapsed=30m 07s saved_best
[LG][133/300] loss=23.9094 ce=1.7825 lg=8.8508 beta=2.5000 guidance_active_next=True raw_derivative=n/a smoothed_derivative=n/a guidance_stop_epoch=None train_acc=57.68% val_acc=45.63% best=45.96% lr=0.00029887688 time=13.6s avg_epoch=13.6s est_planned=1h 08m 02s elapsed=30m 21s
[LG][134/300] loss=23.9116 ce=1.7437 lg=8.8672 beta=2.5000 guidance_active_next=True raw_derivative=n/a smoothed_derivative=n/a guidance_stop_epoch=None train_acc=58.51% val_acc=44.94% best=45.96% lr=0.00029632847 time=13.3s avg_epoch=13.6s est_planned=1h 08m 02s elapsed=30m 34s
[LG][135/300] loss=24.0308 ce=1.7289 lg=8.9208 beta=2.5000 guidance_active_next=True raw_derivative=n/a smoothed_derivative=n/a guidance_stop_epoch=None train_acc=58.85% val_acc=45.17% best=45.96% lr=0.00029377526 time=13.0s avg_epoch=13.6s est_planned=1h 08m 01s elapsed=30m 47s
[LG][136/300] loss=23.9072 ce=1.7614 lg=8.8583 beta=2.5000 guidance_active_next=True raw_derivative=n/a smoothed_derivative=n/a guidance_stop_epoch=None train_acc=58.15% val_acc=44.86% best=45.96% lr=0.00029121753 time=13.5s avg_epoch=13.6s est_planned=1h 08m 00s elapsed=31m 01s
[LG][137/300] loss=23.8094 ce=1.7908 lg=8.8075 beta=2.5000 guidance_active_next=True raw_derivative=n/a smoothed_derivative=n/a guidance_stop_epoch=None train_acc=57.07% val_acc=44.67% best=45.96% lr=0.00028865555 time=13.6s avg_epoch=13.6s est_planned=1h 08m 00s elapsed=31m 14s
[LG][138/300] loss=23.8128 ce=1.7472 lg=8.8262 beta=2.5000 guidance_active_next=True raw_derivative=n/a smoothed_derivative=n/a guidance_stop_epoch=None train_acc=58.05% val_acc=44.18% best=45.96% lr=0.0002860896 time=13.3s avg_epoch=13.6s est_planned=1h 07m 59s elapsed=31m 28s
[LG][139/300] loss=23.6175 ce=1.6941 lg=8.7694 beta=2.5000 guidance_active_next=True raw_derivative=n/a smoothed_derivative=n/a guidance_stop_epoch=None train_acc=58.73% val_acc=44.36% best=45.96% lr=0.00028351998 time=13.1s avg_epoch=13.6s est_planned=1h 07m 58s elapsed=31m 41s
[LG][140/300] loss=23.5885 ce=1.7333 lg=8.7421 beta=2.5000 guidance_active_next=True raw_derivative=n/a smoothed_derivative=n/a guidance_stop_epoch=None train_acc=58.92% val_acc=45.17% best=45.96% lr=0.00028094694 time=13.1s avg_epoch=13.6s est_planned=1h 07m 57s elapsed=31m 54s
[LG][141/300] loss=23.6261 ce=1.6874 lg=8.7755 beta=2.5000 guidance_active_next=True raw_derivative=n/a smoothed_derivative=n/a guidance_stop_epoch=None train_acc=59.88% val_acc=45.37% best=45.96% lr=0.00027837079 time=13.1s avg_epoch=13.6s est_planned=1h 07m 56s elapsed=32m 07s
[LG][142/300] loss=23.6633 ce=1.7137 lg=8.7798 beta=2.5000 guidance_active_next=True raw_derivative=n/a smoothed_derivative=n/a guidance_stop_epoch=None train_acc=59.19% val_acc=45.70% best=45.96% lr=0.00027579181 time=13.2s avg_epoch=13.6s est_planned=1h 07m 55s elapsed=32m 20s
[LG][143/300] loss=23.5547 ce=1.6864 lg=8.7473 beta=2.5000 guidance_active_next=True raw_derivative=n/a smoothed_derivative=n/a guidance_stop_epoch=None train_acc=59.48% val_acc=45.77% best=45.96% lr=0.00027321027 time=13.4s avg_epoch=13.6s est_planned=1h 07m 55s elapsed=32m 34s
[LG][144/300] loss=23.5873 ce=1.6933 lg=8.7576 beta=2.5000 guidance_active_next=True raw_derivative=n/a smoothed_derivative=n/a guidance_stop_epoch=None train_acc=59.75% val_acc=44.63% best=45.96% lr=0.00027062645 time=13.2s avg_epoch=13.6s est_planned=1h 07m 54s elapsed=32m 47s
[LG][145/300] loss=23.6437 ce=1.7015 lg=8.7769 beta=2.5000 guidance_active_next=True raw_derivative=n/a smoothed_derivative=n/a guidance_stop_epoch=None train_acc=59.82% val_acc=44.39% best=45.96% lr=0.00026804065 time=13.2s avg_epoch=13.6s est_planned=1h 07m 53s elapsed=33m 00s
[LG][146/300] loss=23.3483 ce=1.6660 lg=8.6729 beta=2.5000 guidance_active_next=True raw_derivative=n/a smoothed_derivative=n/a guidance_stop_epoch=None train_acc=60.48% val_acc=44.98% best=45.96% lr=0.00026545315 time=13.1s avg_epoch=13.6s est_planned=1h 07m 52s elapsed=33m 13s
[LG][147/300] loss=23.5726 ce=1.6867 lg=8.7544 beta=2.5000 guidance_active_next=True raw_derivative=n/a smoothed_derivative=n/a guidance_stop_epoch=None train_acc=59.92% val_acc=44.03% best=45.96% lr=0.00026286422 time=13.1s avg_epoch=13.6s est_planned=1h 07m 51s elapsed=33m 27s
[LG][148/300] loss=23.3621 ce=1.6858 lg=8.6705 beta=2.5000 guidance_active_next=True raw_derivative=n/a smoothed_derivative=n/a guidance_stop_epoch=None train_acc=59.17% val_acc=44.87% best=45.96% lr=0.00026027416 time=13.2s avg_epoch=13.6s est_planned=1h 07m 51s elapsed=33m 40s
[LG][149/300] loss=23.5213 ce=1.6498 lg=8.7486 beta=2.5000 guidance_active_next=True raw_derivative=n/a smoothed_derivative=n/a guidance_stop_epoch=None train_acc=60.78% val_acc=44.55% best=45.96% lr=0.00025768325 time=13.3s avg_epoch=13.6s est_planned=1h 07m 50s elapsed=33m 53s
[LG][150/300] loss=23.4010 ce=1.5988 lg=8.7209 beta=2.5000 guidance_active_next=True raw_derivative=n/a smoothed_derivative=n/a guidance_stop_epoch=None train_acc=61.68% val_acc=44.75% best=45.96% lr=0.00025509177 time=13.6s avg_epoch=13.6s est_planned=1h 07m 50s elapsed=34m 07s
[LG][151/300] loss=23.2375 ce=1.6516 lg=8.6344 beta=2.5000 guidance_active_next=True raw_derivative=n/a smoothed_derivative=n/a guidance_stop_epoch=None train_acc=60.92% val_acc=44.79% best=45.96% lr=0.0002525 time=13.3s avg_epoch=13.6s est_planned=1h 07m 50s elapsed=34m 20s
[LG][152/300] loss=23.3408 ce=1.5926 lg=8.6993 beta=2.5000 guidance_active_next=True raw_derivative=n/a smoothed_derivative=n/a guidance_stop_epoch=None train_acc=61.68% val_acc=44.27% best=45.96% lr=0.00024990823 time=13.2s avg_epoch=13.6s est_planned=1h 07m 49s elapsed=34m 33s
[LG][153/300] loss=23.3001 ce=1.6619 lg=8.6553 beta=2.5000 guidance_active_next=True raw_derivative=n/a smoothed_derivative=n/a guidance_stop_epoch=None train_acc=59.71% val_acc=45.06% best=45.96% lr=0.00024731675 time=13.2s avg_epoch=13.6s est_planned=1h 07m 48s elapsed=34m 47s
[LG][154/300] loss=23.2097 ce=1.5763 lg=8.6534 beta=2.5000 guidance_active_next=True raw_derivative=n/a smoothed_derivative=n/a guidance_stop_epoch=None train_acc=62.75% val_acc=44.72% best=45.96% lr=0.00024472584 time=13.5s avg_epoch=13.6s est_planned=1h 07m 48s elapsed=35m 00s
[LG][155/300] loss=23.4800 ce=1.5988 lg=8.7525 beta=2.5000 guidance_active_next=True raw_derivative=n/a smoothed_derivative=n/a guidance_stop_epoch=None train_acc=61.35% val_acc=45.32% best=45.96% lr=0.00024213578 time=13.3s avg_epoch=13.6s est_planned=1h 07m 48s elapsed=35m 13s
[LG][156/300] loss=23.2238 ce=1.6455 lg=8.6314 beta=2.5000 guidance_active_next=True raw_derivative=n/a smoothed_derivative=n/a guidance_stop_epoch=None train_acc=60.11% val_acc=44.39% best=45.96% lr=0.00023954685 time=13.1s avg_epoch=13.6s est_planned=1h 07m 47s elapsed=35m 27s
[LG][157/300] loss=23.0359 ce=1.5598 lg=8.5905 beta=2.5000 guidance_active_next=True raw_derivative=n/a smoothed_derivative=n/a guidance_stop_epoch=None train_acc=62.96% val_acc=44.82% best=45.96% lr=0.00023695935 time=13.0s avg_epoch=13.6s est_planned=1h 07m 46s elapsed=35m 40s
[LG][158/300] loss=23.3005 ce=1.6311 lg=8.6678 beta=2.5000 guidance_active_next=True raw_derivative=n/a smoothed_derivative=n/a guidance_stop_epoch=None train_acc=61.16% val_acc=44.44% best=45.96% lr=0.00023437355 time=13.2s avg_epoch=13.5s est_planned=1h 07m 45s elapsed=35m 53s
[LG][159/300] loss=23.2054 ce=1.5638 lg=8.6566 beta=2.5000 guidance_active_next=True raw_derivative=n/a smoothed_derivative=n/a guidance_stop_epoch=None train_acc=62.45% val_acc=44.65% best=45.96% lr=0.00023178973 time=13.4s avg_epoch=13.5s est_planned=1h 07m 45s elapsed=36m 06s
[LG][160/300] loss=23.2167 ce=1.5814 lg=8.6541 beta=2.5000 guidance_active_next=True raw_derivative=n/a smoothed_derivative=n/a guidance_stop_epoch=None train_acc=62.01% val_acc=45.10% best=45.96% lr=0.00022920819 time=13.2s avg_epoch=13.5s est_planned=1h 07m 44s elapsed=36m 20s
[LG][161/300] loss=23.1970 ce=1.5669 lg=8.6520 beta=2.5000 guidance_active_next=True raw_derivative=n/a smoothed_derivative=n/a guidance_stop_epoch=None train_acc=62.82% val_acc=44.84% best=45.96% lr=0.00022662921 time=13.1s avg_epoch=13.5s est_planned=1h 07m 43s elapsed=36m 33s
[LG][162/300] loss=23.0908 ce=1.6276 lg=8.5853 beta=2.5000 guidance_active_next=True raw_derivative=n/a smoothed_derivative=n/a guidance_stop_epoch=None train_acc=61.62% val_acc=44.24% best=45.96% lr=0.00022405306 time=13.5s avg_epoch=13.5s est_planned=1h 07m 43s elapsed=36m 46s
[LG][163/300] loss=22.9960 ce=1.5772 lg=8.5675 beta=2.5000 guidance_active_next=True raw_derivative=n/a smoothed_derivative=n/a guidance_stop_epoch=None train_acc=62.40% val_acc=45.05% best=45.96% lr=0.00022148002 time=13.1s avg_epoch=13.5s est_planned=1h 07m 42s elapsed=37m 00s
[LG][164/300] loss=23.1663 ce=1.5328 lg=8.6534 beta=2.5000 guidance_active_next=True raw_derivative=n/a smoothed_derivative=n/a guidance_stop_epoch=None train_acc=63.59% val_acc=45.98% best=45.98% lr=0.0002189104 time=13.1s avg_epoch=13.5s est_planned=1h 07m 42s elapsed=37m 13s saved_best
[LG][165/300] loss=23.0668 ce=1.5494 lg=8.6070 beta=2.5000 guidance_active_next=True raw_derivative=n/a smoothed_derivative=n/a guidance_stop_epoch=None train_acc=63.26% val_acc=44.77% best=45.98% lr=0.00021634445 time=13.3s avg_epoch=13.5s est_planned=1h 07m 41s elapsed=37m 26s
[LG][166/300] loss=23.0152 ce=1.5522 lg=8.5852 beta=2.5000 guidance_active_next=True raw_derivative=n/a smoothed_derivative=n/a guidance_stop_epoch=None train_acc=62.47% val_acc=45.51% best=45.98% lr=0.00021378247 time=13.2s avg_epoch=13.5s est_planned=1h 07m 41s elapsed=37m 39s
[LG][167/300] loss=22.9980 ce=1.5470 lg=8.5804 beta=2.5000 guidance_active_next=True raw_derivative=n/a smoothed_derivative=n/a guidance_stop_epoch=None train_acc=63.43% val_acc=45.98% best=45.98% lr=0.00021122474 time=13.1s avg_epoch=13.5s est_planned=1h 07m 40s elapsed=37m 53s saved_best
[LG][168/300] loss=22.8266 ce=1.5742 lg=8.5010 beta=2.5000 guidance_active_next=True raw_derivative=n/a smoothed_derivative=n/a guidance_stop_epoch=None train_acc=62.09% val_acc=44.77% best=45.98% lr=0.00020867153 time=13.3s avg_epoch=13.5s est_planned=1h 07m 39s elapsed=38m 06s
[LG][169/300] loss=23.0922 ce=1.5187 lg=8.6294 beta=2.5000 guidance_active_next=True raw_derivative=n/a smoothed_derivative=n/a guidance_stop_epoch=None train_acc=64.01% val_acc=45.36% best=45.98% lr=0.00020612312 time=13.1s avg_epoch=13.5s est_planned=1h 07m 39s elapsed=38m 19s
[LG][170/300] loss=22.9414 ce=1.5708 lg=8.5483 beta=2.5000 guidance_active_next=True raw_derivative=n/a smoothed_derivative=n/a guidance_stop_epoch=None train_acc=62.92% val_acc=44.67% best=45.98% lr=0.00020357981 time=13.5s avg_epoch=13.5s est_planned=1h 07m 39s elapsed=38m 33s
[LG][171/300] loss=22.9776 ce=1.5426 lg=8.5740 beta=2.5000 guidance_active_next=True raw_derivative=n/a smoothed_derivative=n/a guidance_stop_epoch=None train_acc=63.64% val_acc=45.46% best=45.98% lr=0.00020104186 time=13.2s avg_epoch=13.5s est_planned=1h 07m 38s elapsed=38m 46s
[LG][172/300] loss=22.7425 ce=1.4973 lg=8.4981 beta=2.5000 guidance_active_next=True raw_derivative=n/a smoothed_derivative=n/a guidance_stop_epoch=None train_acc=64.84% val_acc=46.34% best=46.34% lr=0.00019850955 time=13.6s avg_epoch=13.5s est_planned=1h 07m 38s elapsed=39m 00s saved_best
[LG][173/300] loss=22.8302 ce=1.5255 lg=8.5219 beta=2.5000 guidance_active_next=True raw_derivative=n/a smoothed_derivative=n/a guidance_stop_epoch=None train_acc=63.57% val_acc=45.77% best=46.34% lr=0.00019598316 time=13.4s avg_epoch=13.5s est_planned=1h 07m 38s elapsed=39m 13s
[LG][174/300] loss=22.7688 ce=1.5261 lg=8.4971 beta=2.5000 guidance_active_next=True raw_derivative=n/a smoothed_derivative=n/a guidance_stop_epoch=None train_acc=63.57% val_acc=44.65% best=46.34% lr=0.00019346297 time=13.3s avg_epoch=13.5s est_planned=1h 07m 38s elapsed=39m 27s
[LG][175/300] loss=22.8985 ce=1.4512 lg=8.5789 beta=2.5000 guidance_active_next=True raw_derivative=n/a smoothed_derivative=n/a guidance_stop_epoch=None train_acc=64.86% val_acc=45.55% best=46.34% lr=0.00019094925 time=13.2s avg_epoch=13.5s est_planned=1h 07m 37s elapsed=39m 40s
[LG][176/300] loss=22.7931 ce=1.4708 lg=8.5289 beta=2.5000 guidance_active_next=True raw_derivative=n/a smoothed_derivative=n/a guidance_stop_epoch=None train_acc=65.00% val_acc=46.05% best=46.34% lr=0.00018844229 time=13.1s avg_epoch=13.5s est_planned=1h 07m 36s elapsed=39m 53s
[LG][177/300] loss=22.6663 ce=1.4783 lg=8.4752 beta=2.5000 guidance_active_next=True raw_derivative=n/a smoothed_derivative=n/a guidance_stop_epoch=None train_acc=64.69% val_acc=45.63% best=46.34% lr=0.00018594234 time=13.2s avg_epoch=13.5s est_planned=1h 07m 36s elapsed=40m 06s
[LG][178/300] loss=22.5655 ce=1.4556 lg=8.4439 beta=2.5000 guidance_active_next=True raw_derivative=n/a smoothed_derivative=n/a guidance_stop_epoch=None train_acc=65.46% val_acc=45.39% best=46.34% lr=0.0001834497 time=13.4s avg_epoch=13.5s est_planned=1h 07m 35s elapsed=40m 20s
[LG][179/300] loss=22.6290 ce=1.4505 lg=8.4714 beta=2.5000 guidance_active_next=True raw_derivative=n/a smoothed_derivative=n/a guidance_stop_epoch=None train_acc=65.08% val_acc=45.31% best=46.34% lr=0.00018096463 time=13.3s avg_epoch=13.5s est_planned=1h 07m 35s elapsed=40m 33s
[LG][180/300] loss=22.5532 ce=1.4394 lg=8.4455 beta=2.5000 guidance_active_next=True raw_derivative=n/a smoothed_derivative=n/a guidance_stop_epoch=None train_acc=66.07% val_acc=45.12% best=46.34% lr=0.0001784874 time=13.2s avg_epoch=13.5s est_planned=1h 07m 35s elapsed=40m 46s
[LG][181/300] loss=22.6200 ce=1.4908 lg=8.4517 beta=2.5000 guidance_active_next=True raw_derivative=n/a smoothed_derivative=n/a guidance_stop_epoch=None train_acc=65.37% val_acc=45.50% best=46.34% lr=0.00017601829 time=13.2s avg_epoch=13.5s est_planned=1h 07m 34s elapsed=40m 59s
[LG][182/300] loss=22.6280 ce=1.4530 lg=8.4700 beta=2.5000 guidance_active_next=True raw_derivative=n/a smoothed_derivative=n/a guidance_stop_epoch=None train_acc=65.59% val_acc=45.17% best=46.34% lr=0.00017355757 time=13.2s avg_epoch=13.5s est_planned=1h 07m 33s elapsed=41m 13s
[LG][183/300] loss=22.4553 ce=1.4394 lg=8.4063 beta=2.5000 guidance_active_next=True raw_derivative=n/a smoothed_derivative=n/a guidance_stop_epoch=None train_acc=66.53% val_acc=44.15% best=46.34% lr=0.0001711055 time=13.3s avg_epoch=13.5s est_planned=1h 07m 33s elapsed=41m 26s
[LG][184/300] loss=22.5676 ce=1.4482 lg=8.4478 beta=2.5000 guidance_active_next=True raw_derivative=n/a smoothed_derivative=n/a guidance_stop_epoch=None train_acc=65.73% val_acc=45.56% best=46.34% lr=0.00016866236 time=13.1s avg_epoch=13.5s est_planned=1h 07m 32s elapsed=41m 39s
[LG][185/300] loss=22.5741 ce=1.4358 lg=8.4553 beta=2.5000 guidance_active_next=True raw_derivative=n/a smoothed_derivative=n/a guidance_stop_epoch=None train_acc=66.27% val_acc=45.50% best=46.34% lr=0.00016622842 time=13.2s avg_epoch=13.5s est_planned=1h 07m 32s elapsed=41m 52s
[LG][186/300] loss=22.5432 ce=1.4485 lg=8.4379 beta=2.5000 guidance_active_next=True raw_derivative=n/a smoothed_derivative=n/a guidance_stop_epoch=None train_acc=65.66% val_acc=45.29% best=46.34% lr=0.00016380393 time=13.0s avg_epoch=13.5s est_planned=1h 07m 31s elapsed=42m 05s
[LG][187/300] loss=22.4436 ce=1.3789 lg=8.4259 beta=2.5000 guidance_active_next=True raw_derivative=n/a smoothed_derivative=n/a guidance_stop_epoch=None train_acc=66.85% val_acc=44.39% best=46.34% lr=0.00016138917 time=13.2s avg_epoch=13.5s est_planned=1h 07m 31s elapsed=42m 19s
[LG][188/300] loss=22.5439 ce=1.4372 lg=8.4426 beta=2.5000 guidance_active_next=True raw_derivative=n/a smoothed_derivative=n/a guidance_stop_epoch=None train_acc=65.83% val_acc=45.22% best=46.34% lr=0.00015898441 time=13.3s avg_epoch=13.5s est_planned=1h 07m 30s elapsed=42m 32s
[LG][189/300] loss=22.4895 ce=1.4134 lg=8.4304 beta=2.5000 guidance_active_next=True raw_derivative=n/a smoothed_derivative=n/a guidance_stop_epoch=None train_acc=66.73% val_acc=45.86% best=46.34% lr=0.00015658989 time=13.3s avg_epoch=13.5s est_planned=1h 07m 30s elapsed=42m 45s
[LG][190/300] loss=22.3896 ce=1.3986 lg=8.3964 beta=2.5000 guidance_active_next=True raw_derivative=n/a smoothed_derivative=n/a guidance_stop_epoch=None train_acc=66.44% val_acc=45.60% best=46.34% lr=0.0001542059 time=13.2s avg_epoch=13.5s est_planned=1h 07m 29s elapsed=42m 59s
[LG][191/300] loss=22.3099 ce=1.4227 lg=8.3549 beta=2.5000 guidance_active_next=True raw_derivative=n/a smoothed_derivative=n/a guidance_stop_epoch=None train_acc=66.86% val_acc=45.15% best=46.34% lr=0.00015183268 time=13.4s avg_epoch=13.5s est_planned=1h 07m 29s elapsed=43m 12s
[LG][192/300] loss=22.4545 ce=1.3691 lg=8.4341 beta=2.5000 guidance_active_next=True raw_derivative=n/a smoothed_derivative=n/a guidance_stop_epoch=None train_acc=67.39% val_acc=45.89% best=46.34% lr=0.0001494705 time=13.7s avg_epoch=13.5s est_planned=1h 07m 30s elapsed=43m 26s
[LG][193/300] loss=22.4344 ce=1.3893 lg=8.4180 beta=2.5000 guidance_active_next=True raw_derivative=n/a smoothed_derivative=n/a guidance_stop_epoch=None train_acc=67.07% val_acc=45.48% best=46.34% lr=0.00014711963 time=13.6s avg_epoch=13.5s est_planned=1h 07m 30s elapsed=43m 40s
[LG][194/300] loss=22.2760 ce=1.3855 lg=8.3562 beta=2.5000 guidance_active_next=True raw_derivative=n/a smoothed_derivative=n/a guidance_stop_epoch=None train_acc=66.78% val_acc=45.13% best=46.34% lr=0.0001447803 time=13.5s avg_epoch=13.5s est_planned=1h 07m 30s elapsed=43m 53s
[LG][195/300] loss=22.2620 ce=1.3842 lg=8.3511 beta=2.5000 guidance_active_next=True raw_derivative=n/a smoothed_derivative=n/a guidance_stop_epoch=None train_acc=67.27% val_acc=45.15% best=46.34% lr=0.00014245279 time=13.5s avg_epoch=13.5s est_planned=1h 07m 30s elapsed=44m 07s
[LG][196/300] loss=22.4553 ce=1.3415 lg=8.4455 beta=2.5000 guidance_active_next=True raw_derivative=n/a smoothed_derivative=n/a guidance_stop_epoch=None train_acc=67.88% val_acc=45.79% best=46.34% lr=0.00014013735 time=13.4s avg_epoch=13.5s est_planned=1h 07m 29s elapsed=44m 20s
[LG][197/300] loss=22.2498 ce=1.3526 lg=8.3589 beta=2.5000 guidance_active_next=True raw_derivative=n/a smoothed_derivative=n/a guidance_stop_epoch=None train_acc=67.48% val_acc=44.56% best=46.34% lr=0.00013783423 time=13.3s avg_epoch=13.5s est_planned=1h 07m 29s elapsed=44m 33s
[LG][198/300] loss=22.3539 ce=1.3314 lg=8.4090 beta=2.5000 guidance_active_next=True raw_derivative=n/a smoothed_derivative=n/a guidance_stop_epoch=None train_acc=68.41% val_acc=45.55% best=46.34% lr=0.00013554369 time=13.5s avg_epoch=13.5s est_planned=1h 07m 29s elapsed=44m 47s
[LG][199/300] loss=22.5136 ce=1.3920 lg=8.4486 beta=2.5000 guidance_active_next=True raw_derivative=n/a smoothed_derivative=n/a guidance_stop_epoch=None train_acc=66.56% val_acc=46.36% best=46.36% lr=0.00013326597 time=13.2s avg_epoch=13.5s est_planned=1h 07m 29s elapsed=45m 00s saved_best
[LG][200/300] loss=22.1719 ce=1.3343 lg=8.3350 beta=2.5000 guidance_active_next=True raw_derivative=n/a smoothed_derivative=n/a guidance_stop_epoch=None train_acc=68.78% val_acc=45.15% best=46.36% lr=0.00013100132 time=13.2s avg_epoch=13.5s est_planned=1h 07m 28s elapsed=45m 13s
[LG][201/300] loss=22.1515 ce=1.3626 lg=8.3156 beta=2.5000 guidance_active_next=True raw_derivative=n/a smoothed_derivative=n/a guidance_stop_epoch=None train_acc=68.04% val_acc=46.24% best=46.36% lr=0.00012875 time=13.1s avg_epoch=13.5s est_planned=1h 07m 28s elapsed=45m 27s
[LG][202/300] loss=22.1621 ce=1.3743 lg=8.3151 beta=2.5000 guidance_active_next=True raw_derivative=n/a smoothed_derivative=n/a guidance_stop_epoch=None train_acc=67.14% val_acc=46.20% best=46.36% lr=0.00012651225 time=13.2s avg_epoch=13.5s est_planned=1h 07m 27s elapsed=45m 40s
[LG][203/300] loss=22.1894 ce=1.3582 lg=8.3325 beta=2.5000 guidance_active_next=True raw_derivative=n/a smoothed_derivative=n/a guidance_stop_epoch=None train_acc=67.51% val_acc=46.13% best=46.36% lr=0.00012428832 time=13.4s avg_epoch=13.5s est_planned=1h 07m 27s elapsed=45m 53s
[LG][204/300] loss=22.1454 ce=1.3355 lg=8.3240 beta=2.5000 guidance_active_next=True raw_derivative=n/a smoothed_derivative=n/a guidance_stop_epoch=None train_acc=68.04% val_acc=46.22% best=46.36% lr=0.00012207844 time=13.1s avg_epoch=13.5s est_planned=1h 07m 26s elapsed=46m 06s
[LG][205/300] loss=22.1441 ce=1.3220 lg=8.3288 beta=2.5000 guidance_active_next=True raw_derivative=n/a smoothed_derivative=n/a guidance_stop_epoch=None train_acc=68.94% val_acc=46.51% best=46.51% lr=0.00011988287 time=13.2s avg_epoch=13.5s est_planned=1h 07m 26s elapsed=46m 20s saved_best
[LG][206/300] loss=22.1545 ce=1.3554 lg=8.3196 beta=2.5000 guidance_active_next=True raw_derivative=n/a smoothed_derivative=n/a guidance_stop_epoch=None train_acc=67.95% val_acc=46.17% best=46.51% lr=0.00011770184 time=13.3s avg_epoch=13.5s est_planned=1h 07m 26s elapsed=46m 33s
[LG][207/300] loss=22.0619 ce=1.3076 lg=8.3017 beta=2.5000 guidance_active_next=True raw_derivative=n/a smoothed_derivative=n/a guidance_stop_epoch=None train_acc=68.97% val_acc=45.72% best=46.51% lr=0.00011553559 time=13.1s avg_epoch=13.5s est_planned=1h 07m 25s elapsed=46m 46s
[LG][208/300] loss=22.0302 ce=1.3554 lg=8.2700 beta=2.5000 guidance_active_next=True raw_derivative=n/a smoothed_derivative=n/a guidance_stop_epoch=None train_acc=68.60% val_acc=45.58% best=46.51% lr=0.00011338436 time=13.4s avg_epoch=13.5s est_planned=1h 07m 25s elapsed=47m 00s
[LG][209/300] loss=22.2398 ce=1.3706 lg=8.3477 beta=2.5000 guidance_active_next=True raw_derivative=n/a smoothed_derivative=n/a guidance_stop_epoch=None train_acc=68.16% val_acc=46.70% best=46.70% lr=0.00011124839 time=13.3s avg_epoch=13.5s est_planned=1h 07m 25s elapsed=47m 13s saved_best
[LG][210/300] loss=22.0724 ce=1.2885 lg=8.3135 beta=2.5000 guidance_active_next=True raw_derivative=n/a smoothed_derivative=n/a guidance_stop_epoch=None train_acc=68.95% val_acc=45.63% best=46.70% lr=0.00010912791 time=13.3s avg_epoch=13.5s est_planned=1h 07m 24s elapsed=47m 26s
[LG][211/300] loss=21.9572 ce=1.3305 lg=8.2507 beta=2.5000 guidance_active_next=True raw_derivative=n/a smoothed_derivative=n/a guidance_stop_epoch=None train_acc=68.60% val_acc=45.32% best=46.70% lr=0.00010702315 time=13.2s avg_epoch=13.5s est_planned=1h 07m 24s elapsed=47m 40s
[LG][212/300] loss=22.1474 ce=1.2703 lg=8.3509 beta=2.5000 guidance_active_next=True raw_derivative=n/a smoothed_derivative=n/a guidance_stop_epoch=None train_acc=69.62% val_acc=44.94% best=46.70% lr=0.00010493434 time=13.3s avg_epoch=13.5s est_planned=1h 07m 24s elapsed=47m 53s
[LG][213/300] loss=22.1990 ce=1.3454 lg=8.3414 beta=2.5000 guidance_active_next=True raw_derivative=n/a smoothed_derivative=n/a guidance_stop_epoch=None train_acc=68.12% val_acc=45.43% best=46.70% lr=0.00010286172 time=13.3s avg_epoch=13.5s est_planned=1h 07m 24s elapsed=48m 06s
[LG][214/300] loss=21.9974 ce=1.3404 lg=8.2628 beta=2.5000 guidance_active_next=True raw_derivative=n/a smoothed_derivative=n/a guidance_stop_epoch=None train_acc=68.44% val_acc=45.46% best=46.70% lr=0.0001008055 time=13.4s avg_epoch=13.5s est_planned=1h 07m 23s elapsed=48m 20s
[LG][215/300] loss=22.0110 ce=1.3013 lg=8.2839 beta=2.5000 guidance_active_next=True raw_derivative=n/a smoothed_derivative=n/a guidance_stop_epoch=None train_acc=69.12% val_acc=45.93% best=46.70% lr=9.8765924e-05 time=13.1s avg_epoch=13.5s est_planned=1h 07m 23s elapsed=48m 33s
[LG][216/300] loss=21.8409 ce=1.2866 lg=8.2217 beta=2.5000 guidance_active_next=True raw_derivative=n/a smoothed_derivative=n/a guidance_stop_epoch=None train_acc=69.67% val_acc=45.58% best=46.70% lr=9.6743203e-05 time=13.5s avg_epoch=13.5s est_planned=1h 07m 23s elapsed=48m 47s
[LG][217/300] loss=22.0016 ce=1.3226 lg=8.2716 beta=2.5000 guidance_active_next=True raw_derivative=n/a smoothed_derivative=n/a guidance_stop_epoch=None train_acc=68.85% val_acc=45.46% best=46.70% lr=9.4737563e-05 time=13.4s avg_epoch=13.5s est_planned=1h 07m 23s elapsed=49m 00s
[LG][218/300] loss=21.9866 ce=1.3029 lg=8.2735 beta=2.5000 guidance_active_next=True raw_derivative=n/a smoothed_derivative=n/a guidance_stop_epoch=None train_acc=69.58% val_acc=45.37% best=46.70% lr=9.2749222e-05 time=13.6s avg_epoch=13.5s est_planned=1h 07m 23s elapsed=49m 14s
[LG][219/300] loss=21.8854 ce=1.3093 lg=8.2305 beta=2.5000 guidance_active_next=True raw_derivative=n/a smoothed_derivative=n/a guidance_stop_epoch=None train_acc=69.09% val_acc=45.44% best=46.70% lr=9.0778401e-05 time=13.3s avg_epoch=13.5s est_planned=1h 07m 23s elapsed=49m 27s
[LG][220/300] loss=21.8288 ce=1.2772 lg=8.2207 beta=2.5000 guidance_active_next=True raw_derivative=n/a smoothed_derivative=n/a guidance_stop_epoch=None train_acc=70.02% val_acc=46.10% best=46.70% lr=8.8825313e-05 time=13.2s avg_epoch=13.5s est_planned=1h 07m 22s elapsed=49m 40s
[LG][221/300] loss=21.9308 ce=1.2579 lg=8.2691 beta=2.5000 guidance_active_next=True raw_derivative=n/a smoothed_derivative=n/a guidance_stop_epoch=None train_acc=69.97% val_acc=46.44% best=46.70% lr=8.6890175e-05 time=13.3s avg_epoch=13.5s est_planned=1h 07m 22s elapsed=49m 54s
[LG][222/300] loss=21.9742 ce=1.2802 lg=8.2776 beta=2.5000 guidance_active_next=True raw_derivative=n/a smoothed_derivative=n/a guidance_stop_epoch=None train_acc=69.99% val_acc=46.93% best=46.93% lr=8.4973198e-05 time=13.4s avg_epoch=13.5s est_planned=1h 07m 22s elapsed=50m 07s saved_best
[LG][223/300] loss=21.9043 ce=1.2797 lg=8.2499 beta=2.5000 guidance_active_next=True raw_derivative=n/a smoothed_derivative=n/a guidance_stop_epoch=None train_acc=69.28% val_acc=45.96% best=46.93% lr=8.3074591e-05 time=13.4s avg_epoch=13.5s est_planned=1h 07m 22s elapsed=50m 20s
[LG][224/300] loss=21.8542 ce=1.2578 lg=8.2385 beta=2.5000 guidance_active_next=True raw_derivative=n/a smoothed_derivative=n/a guidance_stop_epoch=None train_acc=70.14% val_acc=45.50% best=46.93% lr=8.1194564e-05 time=13.1s avg_epoch=13.5s est_planned=1h 07m 21s elapsed=50m 34s
[LG][225/300] loss=21.9632 ce=1.2814 lg=8.2727 beta=2.5000 guidance_active_next=True raw_derivative=n/a smoothed_derivative=n/a guidance_stop_epoch=None train_acc=70.06% val_acc=44.70% best=46.93% lr=7.9333323e-05 time=13.4s avg_epoch=13.5s est_planned=1h 07m 21s elapsed=50m 47s
[LG][226/300] loss=21.8238 ce=1.2721 lg=8.2207 beta=2.5000 guidance_active_next=True raw_derivative=n/a smoothed_derivative=n/a guidance_stop_epoch=None train_acc=70.43% val_acc=45.96% best=46.93% lr=7.7491072e-05 time=13.4s avg_epoch=13.5s est_planned=1h 07m 21s elapsed=51m 01s
[LG][227/300] loss=21.8700 ce=1.2434 lg=8.2506 beta=2.5000 guidance_active_next=True raw_derivative=n/a smoothed_derivative=n/a guidance_stop_epoch=None train_acc=70.55% val_acc=46.01% best=46.93% lr=7.5668012e-05 time=13.3s avg_epoch=13.5s est_planned=1h 07m 21s elapsed=51m 14s
[LG][228/300] loss=21.6869 ce=1.2525 lg=8.1737 beta=2.5000 guidance_active_next=True raw_derivative=n/a smoothed_derivative=n/a guidance_stop_epoch=None train_acc=70.33% val_acc=45.91% best=46.93% lr=7.3864344e-05 time=13.1s avg_epoch=13.5s est_planned=1h 07m 20s elapsed=51m 27s
[LG][229/300] loss=21.9350 ce=1.2827 lg=8.2609 beta=2.5000 guidance_active_next=True raw_derivative=n/a smoothed_derivative=n/a guidance_stop_epoch=None train_acc=69.36% val_acc=45.55% best=46.93% lr=7.2080265e-05 time=13.3s avg_epoch=13.5s est_planned=1h 07m 20s elapsed=51m 40s
[LG][230/300] loss=21.6592 ce=1.2623 lg=8.1588 beta=2.5000 guidance_active_next=True raw_derivative=n/a smoothed_derivative=n/a guidance_stop_epoch=None train_acc=69.97% val_acc=45.69% best=46.93% lr=7.0315971e-05 time=13.2s avg_epoch=13.5s est_planned=1h 07m 20s elapsed=51m 54s
[LG][231/300] loss=21.6690 ce=1.2836 lg=8.1542 beta=2.5000 guidance_active_next=True raw_derivative=n/a smoothed_derivative=n/a guidance_stop_epoch=None train_acc=69.51% val_acc=45.70% best=46.93% lr=6.8571656e-05 time=13.3s avg_epoch=13.5s est_planned=1h 07m 20s elapsed=52m 07s
[LG][232/300] loss=21.7788 ce=1.2712 lg=8.2030 beta=2.5000 guidance_active_next=True raw_derivative=n/a smoothed_derivative=n/a guidance_stop_epoch=None train_acc=70.58% val_acc=45.15% best=46.93% lr=6.684751e-05 time=13.4s avg_epoch=13.5s est_planned=1h 07m 19s elapsed=52m 20s
[LG][233/300] loss=21.6824 ce=1.2627 lg=8.1679 beta=2.5000 guidance_active_next=True raw_derivative=n/a smoothed_derivative=n/a guidance_stop_epoch=None train_acc=69.92% val_acc=45.75% best=46.93% lr=6.5143724e-05 time=13.3s avg_epoch=13.5s est_planned=1h 07m 19s elapsed=52m 34s
[LG][234/300] loss=21.7503 ce=1.2495 lg=8.2003 beta=2.5000 guidance_active_next=True raw_derivative=n/a smoothed_derivative=n/a guidance_stop_epoch=None train_acc=70.02% val_acc=46.08% best=46.93% lr=6.3460483e-05 time=13.4s avg_epoch=13.5s est_planned=1h 07m 19s elapsed=52m 47s
[LG][235/300] loss=21.7375 ce=1.2542 lg=8.1933 beta=2.5000 guidance_active_next=True raw_derivative=n/a smoothed_derivative=n/a guidance_stop_epoch=None train_acc=70.31% val_acc=45.46% best=46.93% lr=6.1797972e-05 time=13.2s avg_epoch=13.5s est_planned=1h 07m 19s elapsed=53m 01s
[LG][236/300] loss=21.6665 ce=1.2194 lg=8.1788 beta=2.5000 guidance_active_next=True raw_derivative=n/a smoothed_derivative=n/a guidance_stop_epoch=None train_acc=70.67% val_acc=45.81% best=46.93% lr=6.0156375e-05 time=13.3s avg_epoch=13.5s est_planned=1h 07m 19s elapsed=53m 14s
[LG][237/300] loss=21.6070 ce=1.2250 lg=8.1528 beta=2.5000 guidance_active_next=True raw_derivative=n/a smoothed_derivative=n/a guidance_stop_epoch=None train_acc=70.97% val_acc=45.10% best=46.93% lr=5.8535869e-05 time=13.5s avg_epoch=13.5s est_planned=1h 07m 19s elapsed=53m 27s
[LG][238/300] loss=21.7542 ce=1.2675 lg=8.1947 beta=2.5000 guidance_active_next=True raw_derivative=n/a smoothed_derivative=n/a guidance_stop_epoch=None train_acc=70.13% val_acc=45.79% best=46.93% lr=5.6936634e-05 time=13.2s avg_epoch=13.5s est_planned=1h 07m 18s elapsed=53m 41s
[LG][239/300] loss=21.6455 ce=1.2655 lg=8.1520 beta=2.5000 guidance_active_next=True raw_derivative=n/a smoothed_derivative=n/a guidance_stop_epoch=None train_acc=70.58% val_acc=45.91% best=46.93% lr=5.5358845e-05 time=13.2s avg_epoch=13.5s est_planned=1h 07m 18s elapsed=53m 54s
[LG][240/300] loss=21.6488 ce=1.2202 lg=8.1714 beta=2.5000 guidance_active_next=True raw_derivative=n/a smoothed_derivative=n/a guidance_stop_epoch=None train_acc=70.97% val_acc=45.58% best=46.93% lr=5.3802675e-05 time=13.2s avg_epoch=13.5s est_planned=1h 07m 18s elapsed=54m 07s
[LG][241/300] loss=21.5653 ce=1.2366 lg=8.1315 beta=2.5000 guidance_active_next=True raw_derivative=n/a smoothed_derivative=n/a guidance_stop_epoch=None train_acc=70.75% val_acc=46.24% best=46.93% lr=5.2268294e-05 time=13.2s avg_epoch=13.5s est_planned=1h 07m 17s elapsed=54m 21s
[LG][242/300] loss=21.6124 ce=1.2147 lg=8.1591 beta=2.5000 guidance_active_next=True raw_derivative=n/a smoothed_derivative=n/a guidance_stop_epoch=None train_acc=71.69% val_acc=45.39% best=46.93% lr=5.0755871e-05 time=13.0s avg_epoch=13.5s est_planned=1h 07m 17s elapsed=54m 34s
[LG][243/300] loss=21.7131 ce=1.2266 lg=8.1946 beta=2.5000 guidance_active_next=True raw_derivative=n/a smoothed_derivative=n/a guidance_stop_epoch=None train_acc=70.53% val_acc=45.56% best=46.93% lr=4.9265571e-05 time=13.1s avg_epoch=13.5s est_planned=1h 07m 16s elapsed=54m 47s
[LG][244/300] loss=21.6212 ce=1.2202 lg=8.1604 beta=2.5000 guidance_active_next=True raw_derivative=n/a smoothed_derivative=n/a guidance_stop_epoch=None train_acc=71.14% val_acc=45.39% best=46.93% lr=4.7797558e-05 time=13.3s avg_epoch=13.5s est_planned=1h 07m 16s elapsed=55m 00s
[LG][245/300] loss=21.6986 ce=1.2313 lg=8.1869 beta=2.5000 guidance_active_next=True raw_derivative=n/a smoothed_derivative=n/a guidance_stop_epoch=None train_acc=71.16% val_acc=45.65% best=46.93% lr=4.6351993e-05 time=13.5s avg_epoch=13.5s est_planned=1h 07m 16s elapsed=55m 14s
[LG][246/300] loss=21.3878 ce=1.1894 lg=8.0793 beta=2.5000 guidance_active_next=True raw_derivative=n/a smoothed_derivative=n/a guidance_stop_epoch=None train_acc=72.30% val_acc=45.44% best=46.93% lr=4.4929034e-05 time=13.2s avg_epoch=13.5s est_planned=1h 07m 16s elapsed=55m 27s
[LG][247/300] loss=21.5294 ce=1.1690 lg=8.1442 beta=2.5000 guidance_active_next=True raw_derivative=n/a smoothed_derivative=n/a guidance_stop_epoch=None train_acc=72.44% val_acc=45.60% best=46.93% lr=4.3528838e-05 time=13.0s avg_epoch=13.5s est_planned=1h 07m 15s elapsed=55m 40s
[LG][248/300] loss=21.4716 ce=1.2025 lg=8.1076 beta=2.5000 guidance_active_next=True raw_derivative=n/a smoothed_derivative=n/a guidance_stop_epoch=None train_acc=71.48% val_acc=45.89% best=46.93% lr=4.2151558e-05 time=13.3s avg_epoch=13.5s est_planned=1h 07m 15s elapsed=55m 53s
[LG][249/300] loss=21.4863 ce=1.1934 lg=8.1172 beta=2.5000 guidance_active_next=True raw_derivative=n/a smoothed_derivative=n/a guidance_stop_epoch=None train_acc=71.23% val_acc=45.79% best=46.93% lr=4.0797346e-05 time=13.3s avg_epoch=13.5s est_planned=1h 07m 15s elapsed=56m 07s
[LG][250/300] loss=21.4532 ce=1.1719 lg=8.1125 beta=2.5000 guidance_active_next=True raw_derivative=n/a smoothed_derivative=n/a guidance_stop_epoch=None train_acc=72.03% val_acc=45.91% best=46.93% lr=3.9466348e-05 time=13.6s avg_epoch=13.5s est_planned=1h 07m 15s elapsed=56m 20s
[LG][251/300] loss=21.4487 ce=1.1996 lg=8.0996 beta=2.5000 guidance_active_next=True raw_derivative=n/a smoothed_derivative=n/a guidance_stop_epoch=None train_acc=71.01% val_acc=46.22% best=46.93% lr=3.8158713e-05 time=13.3s avg_epoch=13.4s est_planned=1h 07m 15s elapsed=56m 34s
[LG][252/300] loss=21.5846 ce=1.1930 lg=8.1566 beta=2.5000 guidance_active_next=True raw_derivative=n/a smoothed_derivative=n/a guidance_stop_epoch=None train_acc=72.01% val_acc=46.00% best=46.93% lr=3.6874582e-05 time=13.3s avg_epoch=13.4s est_planned=1h 07m 15s elapsed=56m 47s
[LG][253/300] loss=21.3355 ce=1.1743 lg=8.0645 beta=2.5000 guidance_active_next=True raw_derivative=n/a smoothed_derivative=n/a guidance_stop_epoch=None train_acc=72.32% val_acc=45.98% best=46.93% lr=3.5614097e-05 time=13.3s avg_epoch=13.4s est_planned=1h 07m 15s elapsed=57m 00s
[LG][254/300] loss=21.6602 ce=1.2308 lg=8.1718 beta=2.5000 guidance_active_next=True raw_derivative=n/a smoothed_derivative=n/a guidance_stop_epoch=None train_acc=70.47% val_acc=46.38% best=46.93% lr=3.4377396e-05 time=13.6s avg_epoch=13.4s est_planned=1h 07m 15s elapsed=57m 14s
[LG][255/300] loss=21.4969 ce=1.2039 lg=8.1172 beta=2.5000 guidance_active_next=True raw_derivative=n/a smoothed_derivative=n/a guidance_stop_epoch=None train_acc=71.57% val_acc=45.77% best=46.93% lr=3.3164614e-05 time=13.2s avg_epoch=13.4s est_planned=1h 07m 15s elapsed=57m 27s
[LG][256/300] loss=21.5090 ce=1.1919 lg=8.1269 beta=2.5000 guidance_active_next=True raw_derivative=n/a smoothed_derivative=n/a guidance_stop_epoch=None train_acc=71.98% val_acc=45.82% best=46.93% lr=3.1975885e-05 time=13.0s avg_epoch=13.4s est_planned=1h 07m 14s elapsed=57m 40s
[LG][257/300] loss=21.5249 ce=1.2136 lg=8.1245 beta=2.5000 guidance_active_next=True raw_derivative=n/a smoothed_derivative=n/a guidance_stop_epoch=None train_acc=71.50% val_acc=45.88% best=46.93% lr=3.0811339e-05 time=13.4s avg_epoch=13.4s est_planned=1h 07m 14s elapsed=57m 54s
[LG][258/300] loss=21.4416 ce=1.2050 lg=8.0947 beta=2.5000 guidance_active_next=True raw_derivative=n/a smoothed_derivative=n/a guidance_stop_epoch=None train_acc=70.99% val_acc=46.10% best=46.93% lr=2.9671104e-05 time=13.3s avg_epoch=13.4s est_planned=1h 07m 14s elapsed=58m 07s
[LG][259/300] loss=21.4565 ce=1.1618 lg=8.1179 beta=2.5000 guidance_active_next=True raw_derivative=n/a smoothed_derivative=n/a guidance_stop_epoch=None train_acc=72.23% val_acc=46.39% best=46.93% lr=2.8555305e-05 time=13.3s avg_epoch=13.4s est_planned=1h 07m 14s elapsed=58m 20s
[LG][260/300] loss=21.5158 ce=1.1978 lg=8.1272 beta=2.5000 guidance_active_next=True raw_derivative=n/a smoothed_derivative=n/a guidance_stop_epoch=None train_acc=71.72% val_acc=45.89% best=46.93% lr=2.7464063e-05 time=13.3s avg_epoch=13.4s est_planned=1h 07m 13s elapsed=58m 34s
[LG][261/300] loss=21.3988 ce=1.1865 lg=8.0849 beta=2.5000 guidance_active_next=True raw_derivative=n/a smoothed_derivative=n/a guidance_stop_epoch=None train_acc=71.59% val_acc=45.93% best=46.93% lr=2.6397499e-05 time=13.2s avg_epoch=13.4s est_planned=1h 07m 13s elapsed=58m 47s
[LG][262/300] loss=21.4912 ce=1.1590 lg=8.1329 beta=2.5000 guidance_active_next=True raw_derivative=n/a smoothed_derivative=n/a guidance_stop_epoch=None train_acc=72.50% val_acc=46.19% best=46.93% lr=2.535573e-05 time=13.2s avg_epoch=13.4s est_planned=1h 07m 13s elapsed=59m 00s
[LG][263/300] loss=21.5153 ce=1.1799 lg=8.1341 beta=2.5000 guidance_active_next=True raw_derivative=n/a smoothed_derivative=n/a guidance_stop_epoch=None train_acc=71.98% val_acc=46.20% best=46.93% lr=2.433887e-05 time=13.3s avg_epoch=13.4s est_planned=1h 07m 13s elapsed=59m 14s
[LG][264/300] loss=21.4847 ce=1.1956 lg=8.1156 beta=2.5000 guidance_active_next=True raw_derivative=n/a smoothed_derivative=n/a guidance_stop_epoch=None train_acc=71.50% val_acc=46.24% best=46.93% lr=2.334703e-05 time=13.3s avg_epoch=13.4s est_planned=1h 07m 13s elapsed=59m 27s
[LG][265/300] loss=21.5222 ce=1.1547 lg=8.1470 beta=2.5000 guidance_active_next=True raw_derivative=n/a smoothed_derivative=n/a guidance_stop_epoch=None train_acc=72.38% val_acc=46.20% best=46.93% lr=2.238032e-05 time=13.4s avg_epoch=13.4s est_planned=1h 07m 13s elapsed=59m 41s
[LG][266/300] loss=21.3995 ce=1.1953 lg=8.0817 beta=2.5000 guidance_active_next=True raw_derivative=n/a smoothed_derivative=n/a guidance_stop_epoch=None train_acc=71.60% val_acc=46.08% best=46.93% lr=2.1438844e-05 time=13.4s avg_epoch=13.4s est_planned=1h 07m 12s elapsed=59m 54s
[LG][267/300] loss=21.3026 ce=1.1747 lg=8.0512 beta=2.5000 guidance_active_next=True raw_derivative=n/a smoothed_derivative=n/a guidance_stop_epoch=None train_acc=72.40% val_acc=46.41% best=46.93% lr=2.0522708e-05 time=13.3s avg_epoch=13.4s est_planned=1h 07m 12s elapsed=1h 00m 07s
[LG][268/300] loss=21.2910 ce=1.1671 lg=8.0496 beta=2.5000 guidance_active_next=True raw_derivative=n/a smoothed_derivative=n/a guidance_stop_epoch=None train_acc=72.69% val_acc=46.06% best=46.93% lr=1.963201e-05 time=13.0s avg_epoch=13.4s est_planned=1h 07m 12s elapsed=1h 00m 20s
[LG][269/300] loss=21.3795 ce=1.1810 lg=8.0794 beta=2.5000 guidance_active_next=True raw_derivative=n/a smoothed_derivative=n/a guidance_stop_epoch=None train_acc=72.21% val_acc=46.10% best=46.93% lr=1.8766848e-05 time=13.2s avg_epoch=13.4s est_planned=1h 07m 12s elapsed=1h 00m 34s
[LG][270/300] loss=21.4089 ce=1.1851 lg=8.0895 beta=2.5000 guidance_active_next=True raw_derivative=n/a smoothed_derivative=n/a guidance_stop_epoch=None train_acc=71.82% val_acc=45.98% best=46.93% lr=1.7927319e-05 time=13.4s avg_epoch=13.4s est_planned=1h 07m 11s elapsed=1h 00m 47s
[LG][271/300] loss=21.4134 ce=1.1734 lg=8.0960 beta=2.5000 guidance_active_next=True raw_derivative=n/a smoothed_derivative=n/a guidance_stop_epoch=None train_acc=71.94% val_acc=46.01% best=46.93% lr=1.7113512e-05 time=13.3s avg_epoch=13.4s est_planned=1h 07m 11s elapsed=1h 01m 00s
[LG][272/300] loss=21.3167 ce=1.1997 lg=8.0468 beta=2.5000 guidance_active_next=True raw_derivative=n/a smoothed_derivative=n/a guidance_stop_epoch=None train_acc=71.33% val_acc=46.01% best=46.93% lr=1.6325519e-05 time=13.6s avg_epoch=13.4s est_planned=1h 07m 11s elapsed=1h 01m 14s
[LG][273/300] loss=21.4291 ce=1.2183 lg=8.0843 beta=2.5000 guidance_active_next=True raw_derivative=n/a smoothed_derivative=n/a guidance_stop_epoch=None train_acc=71.16% val_acc=46.03% best=46.93% lr=1.5563424e-05 time=13.5s avg_epoch=13.4s est_planned=1h 07m 11s elapsed=1h 01m 28s
[LG][274/300] loss=21.4409 ce=1.1692 lg=8.1087 beta=2.5000 guidance_active_next=True raw_derivative=n/a smoothed_derivative=n/a guidance_stop_epoch=None train_acc=72.88% val_acc=45.75% best=46.93% lr=1.4827313e-05 time=13.4s avg_epoch=13.4s est_planned=1h 07m 11s elapsed=1h 01m 41s
[LG][275/300] loss=21.2850 ce=1.1738 lg=8.0445 beta=2.5000 guidance_active_next=True raw_derivative=n/a smoothed_derivative=n/a guidance_stop_epoch=None train_acc=72.32% val_acc=46.25% best=46.93% lr=1.4117265e-05 time=13.5s avg_epoch=13.4s est_planned=1h 07m 11s elapsed=1h 01m 55s
[LG][276/300] loss=21.3027 ce=1.1668 lg=8.0544 beta=2.5000 guidance_active_next=True raw_derivative=n/a smoothed_derivative=n/a guidance_stop_epoch=None train_acc=72.20% val_acc=45.91% best=46.93% lr=1.3433358e-05 time=13.2s avg_epoch=13.4s est_planned=1h 07m 11s elapsed=1h 02m 08s
[LG][277/300] loss=21.2662 ce=1.1283 lg=8.0551 beta=2.5000 guidance_active_next=True raw_derivative=n/a smoothed_derivative=n/a guidance_stop_epoch=None train_acc=73.35% val_acc=46.22% best=46.93% lr=1.2775668e-05 time=13.2s avg_epoch=13.4s est_planned=1h 07m 11s elapsed=1h 02m 21s
[LG][278/300] loss=21.5106 ce=1.1616 lg=8.1396 beta=2.5000 guidance_active_next=True raw_derivative=n/a smoothed_derivative=n/a guidance_stop_epoch=None train_acc=72.35% val_acc=45.93% best=46.93% lr=1.2144266e-05 time=13.1s avg_epoch=13.4s est_planned=1h 07m 11s elapsed=1h 02m 34s
[LG][279/300] loss=21.4526 ce=1.1639 lg=8.1155 beta=2.5000 guidance_active_next=True raw_derivative=n/a smoothed_derivative=n/a guidance_stop_epoch=None train_acc=72.88% val_acc=46.17% best=46.93% lr=1.1539222e-05 time=13.1s avg_epoch=13.4s est_planned=1h 07m 10s elapsed=1h 02m 47s
[LG][280/300] loss=21.2950 ce=1.2056 lg=8.0357 beta=2.5000 guidance_active_next=True raw_derivative=n/a smoothed_derivative=n/a guidance_stop_epoch=None train_acc=71.71% val_acc=45.98% best=46.93% lr=1.0960601e-05 time=13.6s avg_epoch=13.4s est_planned=1h 07m 10s elapsed=1h 03m 01s
[LG][281/300] loss=21.4557 ce=1.1725 lg=8.1133 beta=2.5000 guidance_active_next=True raw_derivative=n/a smoothed_derivative=n/a guidance_stop_epoch=None train_acc=72.21% val_acc=45.91% best=46.93% lr=1.0408469e-05 time=13.5s avg_epoch=13.4s est_planned=1h 07m 10s elapsed=1h 03m 15s
[LG][282/300] loss=21.2908 ce=1.2185 lg=8.0289 beta=2.5000 guidance_active_next=True raw_derivative=n/a smoothed_derivative=n/a guidance_stop_epoch=None train_acc=71.93% val_acc=46.12% best=46.93% lr=9.8828843e-06 time=13.1s avg_epoch=13.4s est_planned=1h 07m 10s elapsed=1h 03m 28s
[LG][283/300] loss=21.4015 ce=1.1832 lg=8.0873 beta=2.5000 guidance_active_next=True raw_derivative=n/a smoothed_derivative=n/a guidance_stop_epoch=None train_acc=72.30% val_acc=46.10% best=46.93% lr=9.3839054e-06 time=13.4s avg_epoch=13.4s est_planned=1h 07m 10s elapsed=1h 03m 41s
[LG][284/300] loss=21.3561 ce=1.1845 lg=8.0687 beta=2.5000 guidance_active_next=True raw_derivative=n/a smoothed_derivative=n/a guidance_stop_epoch=None train_acc=72.35% val_acc=46.01% best=46.93% lr=8.911587e-06 time=13.4s avg_epoch=13.4s est_planned=1h 07m 10s elapsed=1h 03m 55s
[LG][285/300] loss=21.4122 ce=1.1829 lg=8.0917 beta=2.5000 guidance_active_next=True raw_derivative=n/a smoothed_derivative=n/a guidance_stop_epoch=None train_acc=72.03% val_acc=46.15% best=46.93% lr=8.4659808e-06 time=13.3s avg_epoch=13.4s est_planned=1h 07m 10s elapsed=1h 04m 08s
[LG][286/300] loss=21.3466 ce=1.1755 lg=8.0684 beta=2.5000 guidance_active_next=True raw_derivative=n/a smoothed_derivative=n/a guidance_stop_epoch=None train_acc=72.32% val_acc=46.12% best=46.93% lr=8.0471357e-06 time=13.0s avg_epoch=13.4s est_planned=1h 07m 09s elapsed=1h 04m 21s
[LG][287/300] loss=21.3358 ce=1.1665 lg=8.0677 beta=2.5000 guidance_active_next=True raw_derivative=n/a smoothed_derivative=n/a guidance_stop_epoch=None train_acc=72.04% val_acc=46.01% best=46.93% lr=7.6550976e-06 time=13.2s avg_epoch=13.4s est_planned=1h 07m 09s elapsed=1h 04m 34s
[LG][288/300] loss=21.3447 ce=1.1535 lg=8.0765 beta=2.5000 guidance_active_next=True raw_derivative=n/a smoothed_derivative=n/a guidance_stop_epoch=None train_acc=72.84% val_acc=46.12% best=46.93% lr=7.2899095e-06 time=13.1s avg_epoch=13.4s est_planned=1h 07m 09s elapsed=1h 04m 48s
[LG][289/300] loss=21.4432 ce=1.1681 lg=8.1101 beta=2.5000 guidance_active_next=True raw_derivative=n/a smoothed_derivative=n/a guidance_stop_epoch=None train_acc=72.27% val_acc=46.15% best=46.93% lr=6.9516114e-06 time=13.1s avg_epoch=13.4s est_planned=1h 07m 09s elapsed=1h 05m 01s
[LG][290/300] loss=21.3144 ce=1.1708 lg=8.0575 beta=2.5000 guidance_active_next=True raw_derivative=n/a smoothed_derivative=n/a guidance_stop_epoch=None train_acc=73.01% val_acc=46.01% best=46.93% lr=6.6402405e-06 time=13.2s avg_epoch=13.4s est_planned=1h 07m 08s elapsed=1h 05m 14s
[LG][291/300] loss=21.3019 ce=1.1773 lg=8.0498 beta=2.5000 guidance_active_next=True raw_derivative=n/a smoothed_derivative=n/a guidance_stop_epoch=None train_acc=72.16% val_acc=46.06% best=46.93% lr=6.3558309e-06 time=13.2s avg_epoch=13.4s est_planned=1h 07m 08s elapsed=1h 05m 27s
[LG][292/300] loss=21.2116 ce=1.1296 lg=8.0328 beta=2.5000 guidance_active_next=True raw_derivative=n/a smoothed_derivative=n/a guidance_stop_epoch=None train_acc=72.98% val_acc=46.27% best=46.93% lr=6.0984138e-06 time=13.2s avg_epoch=13.4s est_planned=1h 07m 08s elapsed=1h 05m 40s
[LG][293/300] loss=21.3419 ce=1.1561 lg=8.0743 beta=2.5000 guidance_active_next=True raw_derivative=n/a smoothed_derivative=n/a guidance_stop_epoch=None train_acc=72.74% val_acc=46.10% best=46.93% lr=5.8680173e-06 time=13.3s avg_epoch=13.4s est_planned=1h 07m 08s elapsed=1h 05m 54s
[LG][294/300] loss=21.2943 ce=1.1690 lg=8.0502 beta=2.5000 guidance_active_next=True raw_derivative=n/a smoothed_derivative=n/a guidance_stop_epoch=None train_acc=71.77% val_acc=46.03% best=46.93% lr=5.6646669e-06 time=13.5s avg_epoch=13.4s est_planned=1h 07m 08s elapsed=1h 06m 07s
[LG][295/300] loss=21.2131 ce=1.1633 lg=8.0199 beta=2.5000 guidance_active_next=True raw_derivative=n/a smoothed_derivative=n/a guidance_stop_epoch=None train_acc=72.54% val_acc=46.20% best=46.93% lr=5.4883847e-06 time=13.1s avg_epoch=13.4s est_planned=1h 07m 07s elapsed=1h 06m 21s
[LG][296/300] loss=21.4222 ce=1.1778 lg=8.0978 beta=2.5000 guidance_active_next=True raw_derivative=n/a smoothed_derivative=n/a guidance_stop_epoch=None train_acc=71.91% val_acc=46.05% best=46.93% lr=5.3391901e-06 time=13.2s avg_epoch=13.4s est_planned=1h 07m 07s elapsed=1h 06m 34s
[LG][297/300] loss=21.1922 ce=1.1574 lg=8.0139 beta=2.5000 guidance_active_next=True raw_derivative=n/a smoothed_derivative=n/a guidance_stop_epoch=None train_acc=72.96% val_acc=45.98% best=46.93% lr=5.2170996e-06 time=13.6s avg_epoch=13.4s est_planned=1h 07m 07s elapsed=1h 06m 47s
[LG][298/300] loss=21.4657 ce=1.1950 lg=8.1083 beta=2.5000 guidance_active_next=True raw_derivative=n/a smoothed_derivative=n/a guidance_stop_epoch=None train_acc=71.28% val_acc=46.08% best=46.93% lr=5.1221263e-06 time=13.3s avg_epoch=13.4s est_planned=1h 07m 07s elapsed=1h 07m 01s
[LG][299/300] loss=21.4315 ce=1.1753 lg=8.1025 beta=2.5000 guidance_active_next=True raw_derivative=n/a smoothed_derivative=n/a guidance_stop_epoch=None train_acc=71.88% val_acc=46.29% best=46.93% lr=5.0542808e-06 time=13.4s avg_epoch=13.4s est_planned=1h 07m 07s elapsed=1h 07m 14s
[LG][300/300] loss=21.4286 ce=1.1644 lg=8.1057 beta=2.5000 guidance_active_next=True raw_derivative=n/a smoothed_derivative=n/a guidance_stop_epoch=None train_acc=72.42% val_acc=46.34% best=46.93% lr=5.0135706e-06 time=13.1s avg_epoch=13.4s est_planned=1h 07m 07s elapsed=1h 07m 27s
========================================================================
[FINAL_RESULT] lg_best_top1=46.93% paper_top1=n/a gap_to_paper=n/a
[BETA_FINAL] observed_stop_epoch=None paper_stop_epoch=None guided_epochs=300 ce_only_epochs=0
[TIMING] avg_epoch=13.4s planned_epochs=300 estimated_total=1h 07m 07s elapsed=1h 07m 27s
[FINAL_RESULT] best_checkpoint=/app/output/cub200_lg_alg_ours_300ep_seed1/LG/cub200/lg_cub200_deit_ti_300ep_seed1/student_best.pt
[FINAL_RESULT] latest_checkpoint=/app/output/cub200_lg_alg_ours_300ep_seed1/LG/cub200/lg_cub200_deit_ti_300ep_seed1/student_latest.pt
[FINAL_RESULT] summary=/app/output/cub200_lg_alg_ours_300ep_seed1/LG/cub200/lg_cub200_deit_ti_300ep_seed1/summary.json
[DONE] LG training completed successfully; resources may be released.
[COMMAND][ALG] /usr/bin/python methods/ALG/cub200/train.py --data-dir data/cub200 --teacher-root /app/output/cub200_lg_alg_ours_300ep_seed1/teacher/teacher_cub200_resnet56_32_scratch_300ep_seed1 --output-dir /app/output/cub200_lg_alg_ours_300ep_seed1/ALG/cub200 --run-name alg_cub200_deit_ti_300ep_seed1 --num-workers 4
[BOOT] Python process started: /usr/bin/python
========================================================================
ADAPTIVE LOCALITY GUIDANCE / RESNET56 -> DEIT-TI
========================================================================
[ENV] python=3.10.12 torch=2.11.0+cu130 torchvision=0.26.0+cu130 timm=1.0.27
[ENV] cuda_available=True cuda_device_count=1
[ENV] gpu_name=NVIDIA H200 NVL
[ENV] gpu_memory_gib=139.80
[ENV] device=cuda amp=False seed=1 cudnn_benchmark=False
[PATH] data_dir=/app/scratch/input/bapedragon_509/data/cub200
[PATH] teacher_root=/app/output/cub200_lg_alg_ours_300ep_seed1/teacher/teacher_cub200_resnet56_32_scratch_300ep_seed1
[PATH] run_dir=/app/output/cub200_lg_alg_ours_300ep_seed1/ALG/cub200/alg_cub200_deit_ti_300ep_seed1
[MODE] smoke=False timing_run=False student_epochs=300 planned_epochs=300
[PROTOCOL] name=cub200_deit_ti_alg_paper_official_lg_v1 optimizer=AdamW lr=0.0005 min_lr=5e-06 weight_decay=0.05 warmup=20 warmup_factor=0.001 cosine batch=128 eval_batch=200 student_image=224 teacher_image=32 drop_path=0.1 label_smoothing=0.0 pretrained=False base=lg_official eval_resize=direct
[AUGMENT] color_jitter=0.4 auto_augment=rand-m9-mstd0.5-inc1 random_erasing=0.25/pixel/1 interpolation=bicubic normalization=ImageNet drop_last_train=True
[ALG] loss=CE+beta*LG_while_controller_active beta=2.5 tau=-0.02 smoothing_window=50 controller_warm_up=0 stop_comparison=paper_ge derivative_mode=paper_equations descent_guard=False observed_signal=complete_lg_loss
[LG] teacher_stages=(0,1,2) student_blocks=(0,6,11) projection=1x1 grid=larger_of_teacher_student interpolation=bilinear stage_loss=elementwise_MSE sum_stages=True
[REFERENCE] dataset=cub200 ALG=n/a ALG_LG=n/a ALG_BASELINE=n/a paper_guidance_stop_epoch=None
[SOURCE] ALG_DOI=10.1109/TNNLS.2024.3515076 LG_repo_commit=d2165f74049c906b0afc9f957491960fb3c0cc8b
[DATA] CUB-200-2011 root=/app/scratch/input/bapedragon_509/data/cub200/CUB_200_2011
[DATA] train_samples=5994 test_samples=5794
[DATA] student_image=224 teacher_image=32 train_batch=128 eval_batch=200 num_workers=4 drop_last_train=True smoke=False split=train:official_train eval:official_test
[TEACHER] selected=best epoch=283 top1=37.25% sha256=e3db747360950e20133ef2698b464ef543edfa521b703dee45e89155d4f92815
[TEACHER_NATIVE_AUDIT] checkpoint_top1=37.25% native_direct_32px_top1=37.25% gap=+0.00pp
[TEACHER_SHARED_VIEW] resize_224_to_32px_top1=26.89% gap_to_checkpoint=-10.36pp diagnostic_only=True
[MODEL] teacher_params=868,120 student=deit_tiny_patch16_224 student_params=5,563,016 lg_trainable_params=21,616
[FEATURE_CHECK] teacher_raw=[(2, 16, 32, 32), (2, 32, 16, 16), (2, 64, 8, 8)] student=[(2, 192, 14, 14), (2, 192, 14, 14), (2, 192, 14, 14)] aligned=[(2, 16, 32, 32), (2, 32, 16, 16), (2, 64, 14, 14)] probe_lg=17.122229
[OPTIMIZER] official_lg_groups=head_no_decay:200,head_decay:38400,body_no_decay:68656,body_decay:5477376 no_decay=1d,bias,cls_token,pos_embed
[STUDENT] epochs=300 planned=300 initial_optimizer_lr=5e-07 official_warmup_start_lr=5e-07
[ALG][001/300] loss=86.1526 ce=5.2983 lg=32.3417 beta=2.5000 guidance_active_next=True raw_derivative=n/a smoothed_derivative=n/a guidance_stop_epoch=None train_acc=0.80% val_acc=1.09% best=1.09% lr=5e-07 time=14.7s avg_epoch=14.7s est_planned=1h 13m 38s elapsed=15s saved_best
[ALG][002/300] loss=78.0897 ce=5.2990 lg=29.1163 beta=2.5000 guidance_active_next=True raw_derivative=-1.612715 smoothed_derivative=-0.806357 guidance_stop_epoch=None train_acc=0.54% val_acc=0.81% best=1.09% lr=2.5475e-05 time=14.0s avg_epoch=14.3s est_planned=1h 11m 44s elapsed=29s
[ALG][003/300] loss=64.3036 ce=5.3016 lg=23.6008 beta=2.5000 guidance_active_next=True raw_derivative=-2.376080 smoothed_derivative=-1.329598 guidance_stop_epoch=None train_acc=0.29% val_acc=0.50% best=1.09% lr=5.045e-05 time=13.4s avg_epoch=14.0s est_planned=1h 10m 05s elapsed=42s
[ALG][004/300] loss=54.5087 ce=5.3031 lg=19.6822 beta=2.5000 guidance_active_next=True raw_derivative=-2.167674 smoothed_derivative=-1.539117 guidance_stop_epoch=None train_acc=0.29% val_acc=0.55% best=1.09% lr=7.5425e-05 time=13.7s avg_epoch=13.9s est_planned=1h 09m 42s elapsed=56s
[ALG][005/300] loss=52.3280 ce=5.3041 lg=18.8096 beta=2.5000 guidance_active_next=True raw_derivative=-1.475136 smoothed_derivative=-1.526321 guidance_stop_epoch=None train_acc=0.39% val_acc=0.55% best=1.09% lr=0.0001004 time=13.6s avg_epoch=13.9s est_planned=1h 09m 24s elapsed=1m 10s
[ALG][006/300] loss=51.5095 ce=5.3010 lg=18.4834 beta=2.5000 guidance_active_next=True raw_derivative=-1.037791 smoothed_derivative=-1.444899 guidance_stop_epoch=None train_acc=0.42% val_acc=1.12% best=1.12% lr=0.000125375 time=13.6s avg_epoch=13.8s est_planned=1h 09m 07s elapsed=1m 23s saved_best
[ALG][007/300] loss=50.0003 ce=5.2915 lg=17.8835 beta=2.5000 guidance_active_next=True raw_derivative=-0.826975 smoothed_derivative=-1.356624 guidance_stop_epoch=None train_acc=0.68% val_acc=1.12% best=1.12% lr=0.00015035 time=13.5s avg_epoch=13.8s est_planned=1h 08m 53s elapsed=1m 37s saved_best
[ALG][008/300] loss=48.5623 ce=5.2689 lg=17.3173 beta=2.5000 guidance_active_next=True raw_derivative=-0.691005 smoothed_derivative=-1.273422 guidance_stop_epoch=None train_acc=0.80% val_acc=1.36% best=1.36% lr=0.000175325 time=14.0s avg_epoch=13.8s est_planned=1h 09m 01s elapsed=1m 51s saved_best
[ALG][009/300] loss=47.6900 ce=5.2079 lg=16.9928 beta=2.5000 guidance_active_next=True raw_derivative=-0.573503 smoothed_derivative=-1.195653 guidance_stop_epoch=None train_acc=1.26% val_acc=1.95% best=1.95% lr=0.0002003 time=13.7s avg_epoch=13.8s est_planned=1h 08m 59s elapsed=2m 05s saved_best
[ALG][010/300] loss=46.4000 ce=5.1242 lg=16.5103 beta=2.5000 guidance_active_next=True raw_derivative=-0.507054 smoothed_derivative=-1.126793 guidance_stop_epoch=None train_acc=1.53% val_acc=2.47% best=2.47% lr=0.000225275 time=13.6s avg_epoch=13.8s est_planned=1h 08m 51s elapsed=2m 18s saved_best
[ALG][011/300] loss=45.3225 ce=5.0255 lg=16.1188 beta=2.5000 guidance_active_next=True raw_derivative=-0.450455 smoothed_derivative=-1.065308 guidance_stop_epoch=None train_acc=2.29% val_acc=3.83% best=3.83% lr=0.00025025 time=13.5s avg_epoch=13.7s est_planned=1h 08m 43s elapsed=2m 32s saved_best
[ALG][012/300] loss=44.5004 ce=4.9274 lg=15.8292 beta=2.5000 guidance_active_next=True raw_derivative=-0.399512 smoothed_derivative=-1.009825 guidance_stop_epoch=None train_acc=3.38% val_acc=4.78% best=4.78% lr=0.000275225 time=14.2s avg_epoch=13.8s est_planned=1h 08m 55s elapsed=2m 46s saved_best
[ALG][013/300] loss=43.5781 ce=4.8401 lg=15.4952 beta=2.5000 guidance_active_next=True raw_derivative=-0.363742 smoothed_derivative=-0.960126 guidance_stop_epoch=None train_acc=3.79% val_acc=5.54% best=5.54% lr=0.0003002 time=14.2s avg_epoch=13.8s est_planned=1h 09m 05s elapsed=3m 01s saved_best
[ALG][014/300] loss=42.9776 ce=4.7240 lg=15.3014 beta=2.5000 guidance_active_next=True raw_derivative=-0.325618 smoothed_derivative=-0.914804 guidance_stop_epoch=None train_acc=4.82% val_acc=6.90% best=6.90% lr=0.000325175 time=14.1s avg_epoch=13.8s est_planned=1h 09m 10s elapsed=3m 15s saved_best
[ALG][015/300] loss=42.2329 ce=4.6335 lg=15.0398 beta=2.5000 guidance_active_next=True raw_derivative=-0.299648 smoothed_derivative=-0.873794 guidance_stop_epoch=None train_acc=5.55% val_acc=7.54% best=7.54% lr=0.00035015 time=14.1s avg_epoch=13.8s est_planned=1h 09m 14s elapsed=3m 29s saved_best
[ALG][016/300] loss=41.3257 ce=4.5315 lg=14.7177 beta=2.5000 guidance_active_next=True raw_derivative=-0.282321 smoothed_derivative=-0.836827 guidance_stop_epoch=None train_acc=6.71% val_acc=9.46% best=9.46% lr=0.000375125 time=14.4s avg_epoch=13.9s est_planned=1h 09m 25s elapsed=3m 43s saved_best
[ALG][017/300] loss=40.7380 ce=4.4401 lg=14.5192 beta=2.5000 guidance_active_next=True raw_derivative=-0.260784 smoothed_derivative=-0.802942 guidance_stop_epoch=None train_acc=7.54% val_acc=9.91% best=9.91% lr=0.0004001 time=14.5s avg_epoch=13.9s est_planned=1h 09m 35s elapsed=3m 58s saved_best
[ALG][018/300] loss=39.8810 ce=4.3760 lg=14.2020 beta=2.5000 guidance_active_next=True raw_derivative=-0.249430 smoothed_derivative=-0.772191 guidance_stop_epoch=None train_acc=8.19% val_acc=10.44% best=10.44% lr=0.000425075 time=14.6s avg_epoch=14.0s est_planned=1h 09m 47s elapsed=4m 13s saved_best
[ALG][019/300] loss=39.8989 ce=4.3123 lg=14.2346 beta=2.5000 guidance_active_next=True raw_derivative=-0.221456 smoothed_derivative=-0.743205 guidance_stop_epoch=None train_acc=8.20% val_acc=11.93% best=11.93% lr=0.00045005 time=14.3s avg_epoch=14.0s est_planned=1h 09m 52s elapsed=4m 27s saved_best
[ALG][020/300] loss=39.1513 ce=4.2562 lg=13.9580 beta=2.5000 guidance_active_next=True raw_derivative=-0.213140 smoothed_derivative=-0.716702 guidance_stop_epoch=None train_acc=9.32% val_acc=12.36% best=12.36% lr=0.000475025 time=13.9s avg_epoch=14.0s est_planned=1h 09m 52s elapsed=4m 41s saved_best
[ALG][021/300] loss=38.9154 ce=4.1647 lg=13.9003 beta=2.5000 guidance_active_next=True raw_derivative=-0.195592 smoothed_derivative=-0.691887 guidance_stop_epoch=None train_acc=10.09% val_acc=14.12% best=14.12% lr=0.00049459153 time=13.7s avg_epoch=14.0s est_planned=1h 09m 48s elapsed=4m 55s saved_best
[ALG][022/300] loss=38.2362 ce=4.0880 lg=13.6593 beta=2.5000 guidance_active_next=True raw_derivative=-0.188765 smoothed_derivative=-0.669018 guidance_stop_epoch=None train_acc=10.97% val_acc=14.14% best=14.14% lr=0.0004940394 time=15.2s avg_epoch=14.0s est_planned=1h 10m 05s elapsed=5m 10s saved_best
[ALG][023/300] loss=37.9966 ce=4.0522 lg=13.5778 beta=2.5000 guidance_active_next=True raw_derivative=-0.175895 smoothed_derivative=-0.647578 guidance_stop_epoch=None train_acc=11.87% val_acc=15.71% best=15.71% lr=0.00049346078 time=14.3s avg_epoch=14.0s est_planned=1h 10m 09s elapsed=5m 25s saved_best
[ALG][024/300] loss=37.5734 ce=4.0092 lg=13.4257 beta=2.5000 guidance_active_next=True raw_derivative=-0.167574 smoothed_derivative=-0.627578 guidance_stop_epoch=None train_acc=12.43% val_acc=17.19% best=17.19% lr=0.00049285573 time=14.2s avg_epoch=14.0s est_planned=1h 10m 11s elapsed=5m 39s saved_best
[ALG][025/300] loss=36.5797 ce=3.9108 lg=13.0676 beta=2.5000 guidance_active_next=True raw_derivative=-0.168493 smoothed_derivative=-0.609214 guidance_stop_epoch=None train_acc=14.37% val_acc=18.24% best=18.24% lr=0.00049222433 time=13.3s avg_epoch=14.0s est_planned=1h 10m 02s elapsed=5m 52s saved_best
[ALG][026/300] loss=36.7257 ce=3.8842 lg=13.1366 beta=2.5000 guidance_active_next=True raw_derivative=-0.152876 smoothed_derivative=-0.591663 guidance_stop_epoch=None train_acc=14.52% val_acc=19.21% best=19.21% lr=0.00049156664 time=14.1s avg_epoch=14.0s est_planned=1h 10m 03s elapsed=6m 07s saved_best
[ALG][027/300] loss=36.0147 ce=3.8463 lg=12.8674 beta=2.5000 guidance_active_next=True raw_derivative=-0.151523 smoothed_derivative=-0.575361 guidance_stop_epoch=None train_acc=15.27% val_acc=20.16% best=20.16% lr=0.00049088274 time=15.0s avg_epoch=14.0s est_planned=1h 10m 15s elapsed=6m 22s saved_best
[ALG][028/300] loss=35.5841 ce=3.7694 lg=12.7259 beta=2.5000 guidance_active_next=True raw_derivative=-0.145754 smoothed_derivative=-0.560018 guidance_stop_epoch=None train_acc=16.34% val_acc=20.18% best=20.18% lr=0.00049017269 time=14.3s avg_epoch=14.1s est_planned=1h 10m 18s elapsed=6m 36s saved_best
[ALG][029/300] loss=35.4944 ce=3.7572 lg=12.6949 beta=2.5000 guidance_active_next=True raw_derivative=-0.136770 smoothed_derivative=-0.545423 guidance_stop_epoch=None train_acc=16.69% val_acc=21.61% best=21.61% lr=0.00048943658 time=14.3s avg_epoch=14.1s est_planned=1h 10m 20s elapsed=6m 51s saved_best
[ALG][030/300] loss=34.9709 ce=3.6964 lg=12.5098 beta=2.5000 guidance_active_next=True raw_derivative=-0.133822 smoothed_derivative=-0.531703 guidance_stop_epoch=None train_acc=17.41% val_acc=21.16% best=21.61% lr=0.00048867448 time=14.2s avg_epoch=14.1s est_planned=1h 10m 21s elapsed=7m 05s
[ALG][031/300] loss=34.6417 ce=3.6410 lg=12.4003 beta=2.5000 guidance_active_next=True raw_derivative=-0.128721 smoothed_derivative=-0.518704 guidance_stop_epoch=None train_acc=18.43% val_acc=23.32% best=23.32% lr=0.00048788649 time=14.2s avg_epoch=14.1s est_planned=1h 10m 22s elapsed=7m 19s saved_best
[ALG][032/300] loss=34.5446 ce=3.6332 lg=12.3645 beta=2.5000 guidance_active_next=True raw_derivative=-0.121793 smoothed_derivative=-0.506301 guidance_stop_epoch=None train_acc=18.83% val_acc=21.54% best=23.32% lr=0.00048707268 time=14.0s avg_epoch=14.1s est_planned=1h 10m 22s elapsed=7m 33s
[ALG][033/300] loss=34.3137 ce=3.5847 lg=12.2916 beta=2.5000 guidance_active_next=True raw_derivative=-0.116623 smoothed_derivative=-0.494492 guidance_stop_epoch=None train_acc=20.02% val_acc=25.18% best=25.18% lr=0.00048623315 time=14.7s avg_epoch=14.1s est_planned=1h 10m 28s elapsed=7m 48s saved_best
[ALG][034/300] loss=33.9389 ce=3.5155 lg=12.1694 beta=2.5000 guidance_active_next=True raw_derivative=-0.113357 smoothed_derivative=-0.483282 guidance_stop_epoch=None train_acc=20.65% val_acc=25.70% best=25.70% lr=0.00048536799 time=14.3s avg_epoch=14.1s est_planned=1h 10m 29s elapsed=8m 02s saved_best
[ALG][035/300] loss=33.6703 ce=3.4716 lg=12.0795 beta=2.5000 guidance_active_next=True raw_derivative=-0.109448 smoothed_derivative=-0.472601 guidance_stop_epoch=None train_acc=21.11% val_acc=25.66% best=25.70% lr=0.00048447729 time=14.5s avg_epoch=14.1s est_planned=1h 10m 32s elapsed=8m 17s
[ALG][036/300] loss=33.4602 ce=3.4575 lg=12.0011 beta=2.5000 guidance_active_next=True raw_derivative=-0.105545 smoothed_derivative=-0.462405 guidance_stop_epoch=None train_acc=20.77% val_acc=27.05% best=27.05% lr=0.00048356116 time=14.5s avg_epoch=14.1s est_planned=1h 10m 36s elapsed=8m 31s saved_best
[ALG][037/300] loss=33.4063 ce=3.4262 lg=11.9921 beta=2.5000 guidance_active_next=True raw_derivative=-0.100084 smoothed_derivative=-0.452613 guidance_stop_epoch=None train_acc=22.25% val_acc=26.61% best=27.05% lr=0.00048261968 time=14.6s avg_epoch=14.1s est_planned=1h 10m 39s elapsed=8m 46s
[ALG][038/300] loss=33.1863 ce=3.3861 lg=11.9201 beta=2.5000 guidance_active_next=True raw_derivative=-0.096710 smoothed_derivative=-0.443247 guidance_stop_epoch=None train_acc=22.83% val_acc=27.89% best=27.89% lr=0.00048165297 time=14.6s avg_epoch=14.1s est_planned=1h 10m 43s elapsed=9m 01s saved_best
[ALG][039/300] loss=32.8808 ce=3.3268 lg=11.8216 beta=2.5000 guidance_active_next=True raw_derivative=-0.094276 smoothed_derivative=-0.434299 guidance_stop_epoch=None train_acc=24.03% val_acc=28.06% best=28.06% lr=0.00048066113 time=14.6s avg_epoch=14.2s est_planned=1h 10m 47s elapsed=9m 16s saved_best
[ALG][040/300] loss=32.7588 ce=3.3329 lg=11.7703 beta=2.5000 guidance_active_next=True raw_derivative=-0.090844 smoothed_derivative=-0.425713 guidance_stop_epoch=None train_acc=24.32% val_acc=30.32% best=30.32% lr=0.00047964427 time=14.5s avg_epoch=14.2s est_planned=1h 10m 49s elapsed=9m 30s saved_best
[ALG][041/300] loss=32.4960 ce=3.2964 lg=11.6798 beta=2.5000 guidance_active_next=True raw_derivative=-0.088620 smoothed_derivative=-0.417491 guidance_stop_epoch=None train_acc=25.27% val_acc=28.60% best=30.32% lr=0.0004786025 time=14.6s avg_epoch=14.2s est_planned=1h 10m 52s elapsed=9m 45s
[ALG][042/300] loss=32.5605 ce=3.2914 lg=11.7076 beta=2.5000 guidance_active_next=True raw_derivative=-0.083738 smoothed_derivative=-0.409544 guidance_stop_epoch=None train_acc=24.83% val_acc=29.10% best=30.32% lr=0.00047753594 time=14.3s avg_epoch=14.2s est_planned=1h 10m 53s elapsed=9m 59s
[ALG][043/300] loss=32.2100 ce=3.2221 lg=11.5952 beta=2.5000 guidance_active_next=True raw_derivative=-0.082459 smoothed_derivative=-0.401938 guidance_stop_epoch=None train_acc=25.61% val_acc=30.55% best=30.55% lr=0.0004764447 time=14.4s avg_epoch=14.2s est_planned=1h 10m 55s elapsed=10m 14s saved_best
[ALG][044/300] loss=31.9185 ce=3.2289 lg=11.4758 beta=2.5000 guidance_active_next=True raw_derivative=-0.081423 smoothed_derivative=-0.394653 guidance_stop_epoch=None train_acc=25.87% val_acc=31.67% best=31.67% lr=0.0004753289 time=14.5s avg_epoch=14.2s est_planned=1h 10m 57s elapsed=10m 28s saved_best
[ALG][045/300] loss=31.6917 ce=3.1573 lg=11.4138 beta=2.5000 guidance_active_next=True raw_derivative=-0.079182 smoothed_derivative=-0.387643 guidance_stop_epoch=None train_acc=27.12% val_acc=30.65% best=31.67% lr=0.00047418866 time=14.5s avg_epoch=14.2s est_planned=1h 11m 00s elapsed=10m 43s
[ALG][046/300] loss=31.3674 ce=3.1650 lg=11.2810 beta=2.5000 guidance_active_next=True raw_derivative=-0.078627 smoothed_derivative=-0.380925 guidance_stop_epoch=None train_acc=26.82% val_acc=31.53% best=31.67% lr=0.00047302411 time=14.6s avg_epoch=14.2s est_planned=1h 11m 02s elapsed=10m 58s
[ALG][047/300] loss=31.2851 ce=3.1201 lg=11.2660 beta=2.5000 guidance_active_next=True raw_derivative=-0.075600 smoothed_derivative=-0.374429 guidance_stop_epoch=None train_acc=27.67% val_acc=32.26% best=32.26% lr=0.00047183539 time=14.0s avg_epoch=14.2s est_planned=1h 11m 01s elapsed=11m 12s saved_best
[ALG][048/300] loss=30.8103 ce=3.1533 lg=11.0628 beta=2.5000 guidance_active_next=True raw_derivative=-0.076683 smoothed_derivative=-0.368226 guidance_stop_epoch=None train_acc=27.75% val_acc=30.60% best=32.26% lr=0.0004706226 time=14.3s avg_epoch=14.2s est_planned=1h 11m 01s elapsed=11m 26s
[ALG][049/300] loss=30.5123 ce=3.0465 lg=10.9863 beta=2.5000 guidance_active_next=True raw_derivative=-0.075114 smoothed_derivative=-0.362244 guidance_stop_epoch=None train_acc=29.21% val_acc=34.02% best=34.02% lr=0.0004693859 time=14.4s avg_epoch=14.2s est_planned=1h 11m 03s elapsed=11m 41s saved_best
[ALG][050/300] loss=30.2589 ce=3.0500 lg=10.8835 beta=2.5000 guidance_active_next=True raw_derivative=-0.074165 smoothed_derivative=-0.356482 guidance_stop_epoch=None train_acc=28.86% val_acc=33.43% best=34.02% lr=0.00046812542 time=14.3s avg_epoch=14.2s est_planned=1h 11m 03s elapsed=11m 55s
[ALG][051/300] loss=29.7831 ce=3.0107 lg=10.7090 beta=2.5000 guidance_active_next=True raw_derivative=-0.432656 smoothed_derivative=-0.365135 guidance_stop_epoch=None train_acc=29.79% val_acc=33.07% best=34.02% lr=0.00046684129 time=14.1s avg_epoch=14.2s est_planned=1h 11m 03s elapsed=12m 09s
[ALG][052/300] loss=29.7957 ce=3.0099 lg=10.7143 beta=2.5000 guidance_active_next=True raw_derivative=-0.368040 smoothed_derivative=-0.340242 guidance_stop_epoch=None train_acc=29.94% val_acc=34.17% best=34.17% lr=0.00046553365 time=14.5s avg_epoch=14.2s est_planned=1h 11m 05s elapsed=12m 24s saved_best
[ALG][053/300] loss=29.5209 ce=2.9621 lg=10.6235 beta=2.5000 guidance_active_next=True raw_derivative=-0.259546 smoothed_derivative=-0.297911 guidance_stop_epoch=None train_acc=31.40% val_acc=35.57% best=35.57% lr=0.00046420265 time=14.6s avg_epoch=14.2s est_planned=1h 11m 07s elapsed=12m 38s saved_best
[ALG][054/300] loss=29.2311 ce=2.8965 lg=10.5338 beta=2.5000 guidance_active_next=True raw_derivative=-0.182968 smoothed_derivative=-0.258217 guidance_stop_epoch=None train_acc=32.63% val_acc=35.26% best=35.57% lr=0.00046284844 time=14.5s avg_epoch=14.2s est_planned=1h 11m 08s elapsed=12m 53s
[ALG][055/300] loss=29.0154 ce=2.8991 lg=10.4465 beta=2.5000 guidance_active_next=True raw_derivative=-0.167261 smoothed_derivative=-0.232060 guidance_stop_epoch=None train_acc=32.32% val_acc=35.30% best=35.57% lr=0.00046147116 time=13.3s avg_epoch=14.2s est_planned=1h 11m 04s elapsed=13m 06s
[ALG][056/300] loss=28.8495 ce=2.8892 lg=10.3841 beta=2.5000 guidance_active_next=True raw_derivative=-0.161986 smoothed_derivative=-0.214543 guidance_stop_epoch=None train_acc=32.91% val_acc=35.95% best=35.95% lr=0.00046007097 time=13.4s avg_epoch=14.2s est_planned=1h 10m 59s elapsed=13m 20s saved_best
[ALG][057/300] loss=28.8345 ce=2.8506 lg=10.3936 beta=2.5000 guidance_active_next=True raw_derivative=-0.149799 smoothed_derivative=-0.201000 guidance_stop_epoch=None train_acc=34.02% val_acc=36.95% best=36.95% lr=0.00045864801 time=13.6s avg_epoch=14.2s est_planned=1h 10m 56s elapsed=13m 34s saved_best
[ALG][058/300] loss=28.9042 ce=2.8398 lg=10.4258 beta=2.5000 guidance_active_next=True raw_derivative=-0.137831 smoothed_derivative=-0.189936 guidance_stop_epoch=None train_acc=33.75% val_acc=37.68% best=37.68% lr=0.00045720244 time=13.2s avg_epoch=14.2s est_planned=1h 10m 51s elapsed=13m 47s saved_best
[ALG][059/300] loss=28.4378 ce=2.7514 lg=10.2746 beta=2.5000 guidance_active_next=True raw_derivative=-0.134366 smoothed_derivative=-0.181154 guidance_stop_epoch=None train_acc=34.34% val_acc=35.14% best=37.68% lr=0.00045573443 time=13.2s avg_epoch=14.2s est_planned=1h 10m 46s elapsed=14m 00s
[ALG][060/300] loss=28.6026 ce=2.8174 lg=10.3141 beta=2.5000 guidance_active_next=True raw_derivative=-0.123925 smoothed_derivative=-0.173491 guidance_stop_epoch=None train_acc=34.38% val_acc=36.80% best=37.68% lr=0.00045424413 time=13.4s avg_epoch=14.1s est_planned=1h 10m 42s elapsed=14m 14s
[ALG][061/300] loss=28.1544 ce=2.7599 lg=10.1578 beta=2.5000 guidance_active_next=True raw_derivative=-0.119220 smoothed_derivative=-0.166866 guidance_stop_epoch=None train_acc=34.61% val_acc=39.26% best=39.26% lr=0.00045273171 time=13.3s avg_epoch=14.1s est_planned=1h 10m 38s elapsed=14m 27s saved_best
[ALG][062/300] loss=27.9681 ce=2.7367 lg=10.0926 beta=2.5000 guidance_active_next=True raw_derivative=-0.114732 smoothed_derivative=-0.161171 guidance_stop_epoch=None train_acc=35.84% val_acc=38.70% best=39.26% lr=0.00045119733 time=13.5s avg_epoch=14.1s est_planned=1h 10m 35s elapsed=14m 41s
[ALG][063/300] loss=28.2922 ce=2.7416 lg=10.2202 beta=2.5000 guidance_active_next=True raw_derivative=-0.105499 smoothed_derivative=-0.156006 guidance_stop_epoch=None train_acc=35.21% val_acc=38.61% best=39.26% lr=0.00044964115 time=13.3s avg_epoch=14.1s est_planned=1h 10m 31s elapsed=14m 54s
[ALG][064/300] loss=28.1280 ce=2.7384 lg=10.1558 beta=2.5000 guidance_active_next=True raw_derivative=-0.102913 smoothed_derivative=-0.151552 guidance_stop_epoch=None train_acc=36.01% val_acc=38.21% best=39.26% lr=0.00044806337 time=13.2s avg_epoch=14.1s est_planned=1h 10m 27s elapsed=15m 07s
[ALG][065/300] loss=27.7551 ce=2.7046 lg=10.0202 beta=2.5000 guidance_active_next=True raw_derivative=-0.100391 smoothed_derivative=-0.147567 guidance_stop_epoch=None train_acc=35.99% val_acc=38.71% best=39.26% lr=0.00044646413 time=13.2s avg_epoch=14.1s est_planned=1h 10m 23s elapsed=15m 20s
[ALG][066/300] loss=27.6808 ce=2.6402 lg=10.0162 beta=2.5000 guidance_active_next=True raw_derivative=-0.094029 smoothed_derivative=-0.143801 guidance_stop_epoch=None train_acc=36.80% val_acc=39.01% best=39.26% lr=0.00044484363 time=13.4s avg_epoch=14.1s est_planned=1h 10m 20s elapsed=15m 34s
[ALG][067/300] loss=27.7245 ce=2.6233 lg=10.0405 beta=2.5000 guidance_active_next=True raw_derivative=-0.089574 smoothed_derivative=-0.140377 guidance_stop_epoch=None train_acc=37.40% val_acc=38.70% best=39.26% lr=0.00044320203 time=13.3s avg_epoch=14.1s est_planned=1h 10m 16s elapsed=15m 47s
[ALG][068/300] loss=27.4585 ce=2.6445 lg=9.9256 beta=2.5000 guidance_active_next=True raw_derivative=-0.085528 smoothed_derivative=-0.137099 guidance_stop_epoch=None train_acc=37.01% val_acc=40.70% best=40.70% lr=0.00044153952 time=13.6s avg_epoch=14.0s est_planned=1h 10m 14s elapsed=16m 01s saved_best
[ALG][069/300] loss=27.3050 ce=2.6163 lg=9.8755 beta=2.5000 guidance_active_next=True raw_derivative=-0.087183 smoothed_derivative=-0.134413 guidance_stop_epoch=None train_acc=37.94% val_acc=38.76% best=40.70% lr=0.00043985628 time=14.1s avg_epoch=14.0s est_planned=1h 10m 14s elapsed=16m 15s
[ALG][070/300] loss=27.3788 ce=2.6138 lg=9.9060 beta=2.5000 guidance_active_next=True raw_derivative=-0.081041 smoothed_derivative=-0.131771 guidance_stop_epoch=None train_acc=37.87% val_acc=39.85% best=40.70% lr=0.00043815249 time=13.5s avg_epoch=14.0s est_planned=1h 10m 12s elapsed=16m 29s
[ALG][071/300] loss=27.2228 ce=2.5923 lg=9.8522 beta=2.5000 guidance_active_next=True raw_derivative=-0.080961 smoothed_derivative=-0.129479 guidance_stop_epoch=None train_acc=38.59% val_acc=40.65% best=40.70% lr=0.00043642834 time=13.5s avg_epoch=14.0s est_planned=1h 10m 10s elapsed=16m 42s
[ALG][072/300] loss=27.0710 ce=2.5408 lg=9.8120 beta=2.5000 guidance_active_next=True raw_derivative=-0.076945 smoothed_derivative=-0.127242 guidance_stop_epoch=None train_acc=39.05% val_acc=39.47% best=40.70% lr=0.00043468403 time=13.2s avg_epoch=14.0s est_planned=1h 10m 06s elapsed=16m 55s
[ALG][073/300] loss=26.9936 ce=2.4983 lg=9.7981 beta=2.5000 guidance_active_next=True raw_derivative=-0.075593 smoothed_derivative=-0.125236 guidance_stop_epoch=None train_acc=39.32% val_acc=39.28% best=40.70% lr=0.00043291974 time=13.2s avg_epoch=14.0s est_planned=1h 10m 03s elapsed=17m 09s
[ALG][074/300] loss=26.8484 ce=2.4755 lg=9.7492 beta=2.5000 guidance_active_next=True raw_derivative=-0.073530 smoothed_derivative=-0.123355 guidance_stop_epoch=None train_acc=40.96% val_acc=40.89% best=40.89% lr=0.00043113566 time=13.2s avg_epoch=14.0s est_planned=1h 10m 00s elapsed=17m 22s saved_best
[ALG][075/300] loss=27.1222 ce=2.4927 lg=9.8518 beta=2.5000 guidance_active_next=True raw_derivative=-0.064316 smoothed_derivative=-0.121272 guidance_stop_epoch=None train_acc=40.98% val_acc=40.09% best=40.89% lr=0.00042933199 time=13.3s avg_epoch=14.0s est_planned=1h 09m 57s elapsed=17m 35s
[ALG][076/300] loss=26.8833 ce=2.4659 lg=9.7670 beta=2.5000 guidance_active_next=True raw_derivative=-0.067393 smoothed_derivative=-0.119562 guidance_stop_epoch=None train_acc=41.56% val_acc=40.54% best=40.89% lr=0.00042750893 time=13.2s avg_epoch=14.0s est_planned=1h 09m 54s elapsed=17m 49s
[ALG][077/300] loss=26.7311 ce=2.4848 lg=9.6985 beta=2.5000 guidance_active_next=True raw_derivative=-0.063377 smoothed_derivative=-0.117799 guidance_stop_epoch=None train_acc=40.46% val_acc=40.78% best=40.89% lr=0.00042566668 time=13.5s avg_epoch=14.0s est_planned=1h 09m 52s elapsed=18m 02s
[ALG][078/300] loss=26.5770 ce=2.4480 lg=9.6516 beta=2.5000 guidance_active_next=True raw_derivative=-0.061485 smoothed_derivative=-0.116114 guidance_stop_epoch=None train_acc=41.78% val_acc=40.73% best=40.89% lr=0.00042380544 time=13.4s avg_epoch=14.0s est_planned=1h 09m 50s elapsed=18m 16s
[ALG][079/300] loss=26.5611 ce=2.5039 lg=9.6229 beta=2.5000 guidance_active_next=True raw_derivative=-0.061441 smoothed_derivative=-0.114607 guidance_stop_epoch=None train_acc=40.86% val_acc=41.04% best=41.04% lr=0.00042192541 time=13.4s avg_epoch=14.0s est_planned=1h 09m 47s elapsed=18m 29s saved_best
[ALG][080/300] loss=26.5089 ce=2.4052 lg=9.6415 beta=2.5000 guidance_active_next=True raw_derivative=-0.057367 smoothed_derivative=-0.113078 guidance_stop_epoch=None train_acc=43.55% val_acc=42.34% best=42.34% lr=0.0004200268 time=13.4s avg_epoch=14.0s est_planned=1h 09m 45s elapsed=18m 43s saved_best
[ALG][081/300] loss=26.4890 ce=2.3912 lg=9.6391 beta=2.5000 guidance_active_next=True raw_derivative=-0.055223 smoothed_derivative=-0.111608 guidance_stop_epoch=None train_acc=43.24% val_acc=42.68% best=42.68% lr=0.00041810983 time=13.5s avg_epoch=13.9s est_planned=1h 09m 44s elapsed=18m 56s saved_best
[ALG][082/300] loss=26.3877 ce=2.3863 lg=9.6006 beta=2.5000 guidance_active_next=True raw_derivative=-0.055279 smoothed_derivative=-0.110278 guidance_stop_epoch=None train_acc=43.04% val_acc=41.99% best=42.68% lr=0.00041617469 time=13.6s avg_epoch=13.9s est_planned=1h 09m 42s elapsed=19m 10s
[ALG][083/300] loss=26.2694 ce=2.3777 lg=9.5567 beta=2.5000 guidance_active_next=True raw_derivative=-0.054698 smoothed_derivative=-0.109039 guidance_stop_epoch=None train_acc=43.67% val_acc=42.15% best=42.68% lr=0.0004142216 time=13.4s avg_epoch=13.9s est_planned=1h 09m 41s elapsed=19m 23s
[ALG][084/300] loss=26.0410 ce=2.3449 lg=9.4784 beta=2.5000 guidance_active_next=True raw_derivative=-0.053819 smoothed_derivative=-0.107849 guidance_stop_epoch=None train_acc=43.60% val_acc=42.29% best=42.68% lr=0.00041225078 time=13.5s avg_epoch=13.9s est_planned=1h 09m 39s elapsed=19m 37s
[ALG][085/300] loss=26.1663 ce=2.3906 lg=9.5103 beta=2.5000 guidance_active_next=True raw_derivative=-0.051384 smoothed_derivative=-0.106687 guidance_stop_epoch=None train_acc=43.72% val_acc=40.77% best=42.68% lr=0.00041026244 time=13.5s avg_epoch=13.9s est_planned=1h 09m 37s elapsed=19m 50s
[ALG][086/300] loss=26.0569 ce=2.2850 lg=9.5088 beta=2.5000 guidance_active_next=True raw_derivative=-0.049847 smoothed_derivative=-0.105573 guidance_stop_epoch=None train_acc=45.01% val_acc=42.27% best=42.68% lr=0.0004082568 time=13.3s avg_epoch=13.9s est_planned=1h 09m 35s elapsed=20m 04s
[ALG][087/300] loss=25.9839 ce=2.3042 lg=9.4719 beta=2.5000 guidance_active_next=True raw_derivative=-0.050403 smoothed_derivative=-0.104580 guidance_stop_epoch=None train_acc=44.65% val_acc=41.13% best=42.68% lr=0.00040623408 time=13.4s avg_epoch=13.9s est_planned=1h 09m 33s elapsed=20m 17s
[ALG][088/300] loss=26.0369 ce=2.2456 lg=9.5165 beta=2.5000 guidance_active_next=True raw_derivative=-0.048072 smoothed_derivative=-0.103607 guidance_stop_epoch=None train_acc=46.98% val_acc=42.56% best=42.68% lr=0.0004041945 time=13.4s avg_epoch=13.9s est_planned=1h 09m 32s elapsed=20m 31s
[ALG][089/300] loss=25.9182 ce=2.2651 lg=9.4612 beta=2.5000 guidance_active_next=True raw_derivative=-0.047207 smoothed_derivative=-0.102666 guidance_stop_epoch=None train_acc=45.55% val_acc=43.41% best=43.41% lr=0.00040213828 time=13.3s avg_epoch=13.9s est_planned=1h 09m 30s elapsed=20m 44s saved_best
[ALG][090/300] loss=25.9067 ce=2.2671 lg=9.4558 beta=2.5000 guidance_active_next=True raw_derivative=-0.046290 smoothed_derivative=-0.101775 guidance_stop_epoch=None train_acc=45.50% val_acc=43.23% best=43.41% lr=0.00040006566 time=13.3s avg_epoch=13.9s est_planned=1h 09m 28s elapsed=20m 57s
[ALG][091/300] loss=25.8246 ce=2.2623 lg=9.4249 beta=2.5000 guidance_active_next=True raw_derivative=-0.045098 smoothed_derivative=-0.100904 guidance_stop_epoch=None train_acc=45.67% val_acc=42.98% best=43.41% lr=0.00039797685 time=13.6s avg_epoch=13.9s est_planned=1h 09m 27s elapsed=21m 11s
[ALG][092/300] loss=25.6158 ce=2.2115 lg=9.3617 beta=2.5000 guidance_active_next=True raw_derivative=-0.046919 smoothed_derivative=-0.100168 guidance_stop_epoch=None train_acc=47.42% val_acc=42.44% best=43.41% lr=0.00039587209 time=13.4s avg_epoch=13.9s est_planned=1h 09m 25s elapsed=21m 24s
[ALG][093/300] loss=25.6975 ce=2.1754 lg=9.4088 beta=2.5000 guidance_active_next=True raw_derivative=-0.043726 smoothed_derivative=-0.099393 guidance_stop_epoch=None train_acc=48.37% val_acc=42.53% best=43.41% lr=0.00039375161 time=13.4s avg_epoch=13.9s est_planned=1h 09m 23s elapsed=21m 38s
[ALG][094/300] loss=25.5746 ce=2.1713 lg=9.3613 beta=2.5000 guidance_active_next=True raw_derivative=-0.042290 smoothed_derivative=-0.098610 guidance_stop_epoch=None train_acc=47.78% val_acc=44.10% best=44.10% lr=0.00039161564 time=13.7s avg_epoch=13.9s est_planned=1h 09m 23s elapsed=21m 52s saved_best
[ALG][095/300] loss=25.6636 ce=2.1835 lg=9.3920 beta=2.5000 guidance_active_next=True raw_derivative=-0.040435 smoothed_derivative=-0.097835 guidance_stop_epoch=None train_acc=48.22% val_acc=42.77% best=44.10% lr=0.00038946441 time=13.3s avg_epoch=13.9s est_planned=1h 09m 21s elapsed=22m 05s
[ALG][096/300] loss=25.4147 ce=2.1561 lg=9.3034 beta=2.5000 guidance_active_next=True raw_derivative=-0.039551 smoothed_derivative=-0.097054 guidance_stop_epoch=None train_acc=48.42% val_acc=42.79% best=44.10% lr=0.00038729816 time=13.4s avg_epoch=13.9s est_planned=1h 09m 19s elapsed=22m 18s
[ALG][097/300] loss=25.4448 ce=2.1150 lg=9.3319 beta=2.5000 guidance_active_next=True raw_derivative=-0.038681 smoothed_derivative=-0.096316 guidance_stop_epoch=None train_acc=49.13% val_acc=43.46% best=44.10% lr=0.00038511713 time=13.5s avg_epoch=13.9s est_planned=1h 09m 18s elapsed=22m 32s
[ALG][098/300] loss=25.5783 ce=2.1322 lg=9.3785 beta=2.5000 guidance_active_next=True raw_derivative=-0.033687 smoothed_derivative=-0.095456 guidance_stop_epoch=None train_acc=48.52% val_acc=42.94% best=44.10% lr=0.00038292156 time=13.3s avg_epoch=13.9s est_planned=1h 09m 17s elapsed=22m 45s
[ALG][099/300] loss=25.3603 ce=2.1204 lg=9.2960 beta=2.5000 guidance_active_next=True raw_derivative=-0.033808 smoothed_derivative=-0.094630 guidance_stop_epoch=None train_acc=49.78% val_acc=44.17% best=44.17% lr=0.00038071168 time=13.4s avg_epoch=13.9s est_planned=1h 09m 15s elapsed=22m 59s saved_best
[ALG][100/300] loss=25.4316 ce=2.1337 lg=9.3192 beta=2.5000 guidance_active_next=True raw_derivative=-0.031287 smoothed_derivative=-0.093772 guidance_stop_epoch=None train_acc=48.91% val_acc=42.10% best=44.17% lr=0.00037848775 time=13.5s avg_epoch=13.8s est_planned=1h 09m 14s elapsed=23m 12s
[ALG][101/300] loss=25.3264 ce=2.1110 lg=9.2862 beta=2.5000 guidance_active_next=True raw_derivative=-0.028455 smoothed_derivative=-0.085688 guidance_stop_epoch=None train_acc=49.30% val_acc=43.84% best=44.17% lr=0.00037625 time=13.4s avg_epoch=13.8s est_planned=1h 09m 13s elapsed=23m 26s
[ALG][102/300] loss=25.1694 ce=2.1270 lg=9.2170 beta=2.5000 guidance_active_next=True raw_derivative=-0.029948 smoothed_derivative=-0.078926 guidance_stop_epoch=None train_acc=48.93% val_acc=42.41% best=44.17% lr=0.00037399868 time=13.7s avg_epoch=13.8s est_planned=1h 09m 12s elapsed=23m 40s
[ALG][103/300] loss=25.0262 ce=2.0784 lg=9.1791 beta=2.5000 guidance_active_next=True raw_derivative=-0.028887 smoothed_derivative=-0.074313 guidance_stop_epoch=None train_acc=51.27% val_acc=42.11% best=44.17% lr=0.00037173403 time=13.3s avg_epoch=13.8s est_planned=1h 09m 11s elapsed=23m 53s
[ALG][104/300] loss=25.2177 ce=2.0749 lg=9.2571 beta=2.5000 guidance_active_next=True raw_derivative=-0.025535 smoothed_derivative=-0.071164 guidance_stop_epoch=None train_acc=50.49% val_acc=42.82% best=44.17% lr=0.00036945631 time=13.3s avg_epoch=13.8s est_planned=1h 09m 09s elapsed=24m 06s
[ALG][105/300] loss=25.1567 ce=2.0532 lg=9.2414 beta=2.5000 guidance_active_next=True raw_derivative=-0.024103 smoothed_derivative=-0.068301 guidance_stop_epoch=None train_acc=51.02% val_acc=43.46% best=44.17% lr=0.00036716577 time=13.2s avg_epoch=13.8s est_planned=1h 09m 07s elapsed=24m 20s
[ALG][106/300] loss=25.2269 ce=2.0813 lg=9.2582 beta=2.5000 guidance_active_next=True raw_derivative=-0.022517 smoothed_derivative=-0.065512 guidance_stop_epoch=None train_acc=50.58% val_acc=43.86% best=44.17% lr=0.00036486265 time=13.5s avg_epoch=13.8s est_planned=1h 09m 06s elapsed=24m 33s
[ALG][107/300] loss=25.0010 ce=2.0540 lg=9.1788 beta=2.5000 guidance_active_next=True raw_derivative=-0.024295 smoothed_derivative=-0.063002 guidance_stop_epoch=None train_acc=50.37% val_acc=42.49% best=44.17% lr=0.00036254721 time=13.4s avg_epoch=13.8s est_planned=1h 09m 05s elapsed=24m 47s
[ALG][108/300] loss=25.1618 ce=2.0416 lg=9.2481 beta=2.5000 guidance_active_next=True raw_derivative=-0.023554 smoothed_derivative=-0.060716 guidance_stop_epoch=None train_acc=51.27% val_acc=44.10% best=44.17% lr=0.0003602197 time=13.3s avg_epoch=13.8s est_planned=1h 09m 04s elapsed=25m 00s
[ALG][109/300] loss=24.9240 ce=2.0410 lg=9.1532 beta=2.5000 guidance_active_next=True raw_derivative=-0.022427 smoothed_derivative=-0.058477 guidance_stop_epoch=None train_acc=50.80% val_acc=44.29% best=44.29% lr=0.00035788037 time=13.3s avg_epoch=13.8s est_planned=1h 09m 02s elapsed=25m 13s saved_best
[ALG][110/300] loss=24.7951 ce=2.0093 lg=9.1143 beta=2.5000 guidance_active_next=True raw_derivative=-0.023996 smoothed_derivative=-0.056479 guidance_stop_epoch=None train_acc=51.14% val_acc=44.56% best=44.56% lr=0.0003555295 time=13.2s avg_epoch=13.8s est_planned=1h 09m 00s elapsed=25m 27s saved_best
[ALG][111/300] loss=24.7696 ce=1.9914 lg=9.1113 beta=2.5000 guidance_active_next=True raw_derivative=-0.020931 smoothed_derivative=-0.054513 guidance_stop_epoch=None train_acc=52.00% val_acc=43.91% best=44.56% lr=0.00035316732 time=13.3s avg_epoch=13.8s est_planned=1h 08m 59s elapsed=25m 40s
[ALG][112/300] loss=24.8121 ce=2.0159 lg=9.1185 beta=2.5000 guidance_active_next=True raw_derivative=-0.019482 smoothed_derivative=-0.052608 guidance_stop_epoch=None train_acc=51.75% val_acc=43.91% best=44.56% lr=0.0003507941 time=13.2s avg_epoch=13.8s est_planned=1h 08m 58s elapsed=25m 53s
[ALG][113/300] loss=24.5600 ce=2.0006 lg=9.0237 beta=2.5000 guidance_active_next=True raw_derivative=-0.023930 smoothed_derivative=-0.050977 guidance_stop_epoch=None train_acc=51.80% val_acc=43.58% best=44.56% lr=0.00034841011 time=13.2s avg_epoch=13.8s est_planned=1h 08m 56s elapsed=26m 06s
[ALG][114/300] loss=24.7165 ce=2.0056 lg=9.0844 beta=2.5000 guidance_active_next=True raw_derivative=-0.021429 smoothed_derivative=-0.049347 guidance_stop_epoch=None train_acc=52.12% val_acc=44.05% best=44.56% lr=0.00034601559 time=13.3s avg_epoch=13.8s est_planned=1h 08m 55s elapsed=26m 20s
[ALG][115/300] loss=24.5305 ce=1.9515 lg=9.0316 beta=2.5000 guidance_active_next=True raw_derivative=-0.019772 smoothed_derivative=-0.047735 guidance_stop_epoch=None train_acc=54.09% val_acc=44.22% best=44.56% lr=0.00034361083 time=13.3s avg_epoch=13.8s est_planned=1h 08m 53s elapsed=26m 33s
[ALG][116/300] loss=24.6031 ce=1.9508 lg=9.0609 beta=2.5000 guidance_active_next=True raw_derivative=-0.019106 smoothed_derivative=-0.046236 guidance_stop_epoch=None train_acc=52.89% val_acc=44.05% best=44.56% lr=0.00034119607 time=13.4s avg_epoch=13.8s est_planned=1h 08m 52s elapsed=26m 47s
[ALG][117/300] loss=24.4101 ce=1.9603 lg=8.9799 beta=2.5000 guidance_active_next=True raw_derivative=-0.021211 smoothed_derivative=-0.044869 guidance_stop_epoch=None train_acc=53.01% val_acc=44.63% best=44.63% lr=0.00033877158 time=13.3s avg_epoch=13.8s est_planned=1h 08m 51s elapsed=27m 00s saved_best
[ALG][118/300] loss=24.3974 ce=1.9308 lg=8.9866 beta=2.5000 guidance_active_next=True raw_derivative=-0.018779 smoothed_derivative=-0.043534 guidance_stop_epoch=None train_acc=53.40% val_acc=44.36% best=44.63% lr=0.00033633764 time=13.2s avg_epoch=13.8s est_planned=1h 08m 50s elapsed=27m 13s
[ALG][119/300] loss=24.4397 ce=1.9335 lg=9.0025 beta=2.5000 guidance_active_next=True raw_derivative=-0.017461 smoothed_derivative=-0.042139 guidance_stop_epoch=None train_acc=53.02% val_acc=45.43% best=45.43% lr=0.0003338945 time=13.6s avg_epoch=13.8s est_planned=1h 08m 49s elapsed=27m 27s saved_best
[ALG][120/300] loss=24.5187 ce=1.9125 lg=9.0425 beta=2.5000 guidance_active_next=True raw_derivative=-0.017270 smoothed_derivative=-0.040864 guidance_stop_epoch=None train_acc=54.03% val_acc=44.05% best=45.43% lr=0.00033144243 time=13.2s avg_epoch=13.8s est_planned=1h 08m 48s elapsed=27m 40s
[ALG][121/300] loss=24.2596 ce=1.8743 lg=8.9541 beta=2.5000 guidance_active_next=True raw_derivative=-0.017961 smoothed_derivative=-0.039604 guidance_stop_epoch=None train_acc=54.81% val_acc=43.80% best=45.43% lr=0.00032898171 time=13.4s avg_epoch=13.8s est_planned=1h 08m 47s elapsed=27m 54s
[ALG][122/300] loss=24.3618 ce=1.8905 lg=8.9885 beta=2.5000 guidance_active_next=True raw_derivative=-0.016471 smoothed_derivative=-0.038395 guidance_stop_epoch=None train_acc=55.01% val_acc=45.22% best=45.43% lr=0.0003265126 time=13.2s avg_epoch=13.8s est_planned=1h 08m 46s elapsed=28m 07s
[ALG][123/300] loss=24.2910 ce=1.8895 lg=8.9606 beta=2.5000 guidance_active_next=True raw_derivative=-0.016750 smoothed_derivative=-0.037218 guidance_stop_epoch=None train_acc=55.01% val_acc=45.20% best=45.43% lr=0.00032403537 time=13.2s avg_epoch=13.7s est_planned=1h 08m 44s elapsed=28m 20s
[ALG][124/300] loss=24.2505 ce=1.8640 lg=8.9546 beta=2.5000 guidance_active_next=True raw_derivative=-0.015891 smoothed_derivative=-0.036065 guidance_stop_epoch=None train_acc=55.72% val_acc=44.68% best=45.43% lr=0.0003215503 time=13.3s avg_epoch=13.7s est_planned=1h 08m 43s elapsed=28m 33s
[ALG][125/300] loss=24.0993 ce=1.8947 lg=8.8818 beta=2.5000 guidance_active_next=True raw_derivative=-0.019399 smoothed_derivative=-0.035167 guidance_stop_epoch=None train_acc=55.08% val_acc=44.13% best=45.43% lr=0.00031905766 time=13.4s avg_epoch=13.7s est_planned=1h 08m 42s elapsed=28m 47s
[ALG][126/300] loss=24.1643 ce=1.8513 lg=8.9252 beta=2.5000 guidance_active_next=True raw_derivative=-0.016835 smoothed_derivative=-0.034155 guidance_stop_epoch=None train_acc=55.91% val_acc=44.36% best=45.43% lr=0.00031655771 time=13.4s avg_epoch=13.7s est_planned=1h 08m 42s elapsed=29m 00s
[ALG][127/300] loss=24.1874 ce=1.8204 lg=8.9468 beta=2.5000 guidance_active_next=True raw_derivative=-0.015034 smoothed_derivative=-0.033188 guidance_stop_epoch=None train_acc=57.05% val_acc=44.48% best=45.43% lr=0.00031405075 time=13.2s avg_epoch=13.7s est_planned=1h 08m 40s elapsed=29m 14s
[ALG][128/300] loss=24.1005 ce=1.7997 lg=8.9203 beta=2.5000 guidance_active_next=True raw_derivative=-0.014626 smoothed_derivative=-0.032251 guidance_stop_epoch=None train_acc=57.01% val_acc=45.29% best=45.43% lr=0.00031153703 time=13.2s avg_epoch=13.7s est_planned=1h 08m 39s elapsed=29m 27s
[ALG][129/300] loss=24.1062 ce=1.7600 lg=8.9385 beta=2.5000 guidance_active_next=True raw_derivative=-0.013688 smoothed_derivative=-0.031296 guidance_stop_epoch=None train_acc=58.68% val_acc=44.15% best=45.43% lr=0.00030901684 time=13.1s avg_epoch=13.7s est_planned=1h 08m 38s elapsed=29m 40s
[ALG][130/300] loss=24.0335 ce=1.8321 lg=8.8806 beta=2.5000 guidance_active_next=True raw_derivative=-0.015218 smoothed_derivative=-0.030453 guidance_stop_epoch=None train_acc=55.89% val_acc=44.68% best=45.43% lr=0.00030649045 time=13.3s avg_epoch=13.7s est_planned=1h 08m 37s elapsed=29m 53s
[ALG][131/300] loss=24.2304 ce=1.8362 lg=8.9577 beta=2.5000 guidance_active_next=True raw_derivative=-0.013629 smoothed_derivative=-0.029621 guidance_stop_epoch=None train_acc=56.17% val_acc=43.04% best=45.43% lr=0.00030395814 time=13.2s avg_epoch=13.7s est_planned=1h 08m 35s elapsed=30m 07s
[ALG][132/300] loss=24.0726 ce=1.8316 lg=8.8964 beta=2.5000 guidance_active_next=True raw_derivative=-0.014083 smoothed_derivative=-0.028797 guidance_stop_epoch=None train_acc=56.62% val_acc=45.65% best=45.65% lr=0.00030142019 time=13.3s avg_epoch=13.7s est_planned=1h 08m 34s elapsed=30m 20s saved_best
[ALG][133/300] loss=23.9213 ce=1.7848 lg=8.8546 beta=2.5000 guidance_active_next=True raw_derivative=-0.014041 smoothed_derivative=-0.027984 guidance_stop_epoch=None train_acc=57.74% val_acc=45.82% best=45.82% lr=0.00029887688 time=13.3s avg_epoch=13.7s est_planned=1h 08m 33s elapsed=30m 33s saved_best
[ALG][134/300] loss=23.8938 ce=1.7428 lg=8.8604 beta=2.5000 guidance_active_next=True raw_derivative=-0.012360 smoothed_derivative=-0.027155 guidance_stop_epoch=None train_acc=58.49% val_acc=44.99% best=45.82% lr=0.00029632847 time=13.5s avg_epoch=13.7s est_planned=1h 08m 33s elapsed=30m 47s
[ALG][135/300] loss=24.0664 ce=1.7334 lg=8.9332 beta=2.5000 guidance_active_next=True raw_derivative=-0.011541 smoothed_derivative=-0.026358 guidance_stop_epoch=None train_acc=58.68% val_acc=45.08% best=45.82% lr=0.00029377526 time=13.4s avg_epoch=13.7s est_planned=1h 08m 32s elapsed=31m 00s
[ALG][136/300] loss=23.9154 ce=1.7561 lg=8.8637 beta=2.5000 guidance_active_next=True raw_derivative=-0.012901 smoothed_derivative=-0.025619 guidance_stop_epoch=None train_acc=58.41% val_acc=44.62% best=45.82% lr=0.00029121753 time=13.2s avg_epoch=13.7s est_planned=1h 08m 31s elapsed=31m 14s
[ALG][137/300] loss=23.8206 ce=1.7916 lg=8.8116 beta=2.5000 guidance_active_next=True raw_derivative=-0.013206 smoothed_derivative=-0.024875 guidance_stop_epoch=None train_acc=57.34% val_acc=44.91% best=45.82% lr=0.00028865555 time=13.3s avg_epoch=13.7s est_planned=1h 08m 30s elapsed=31m 27s
[ALG][138/300] loss=23.8304 ce=1.7549 lg=8.8302 beta=2.5000 guidance_active_next=True raw_derivative=-0.013727 smoothed_derivative=-0.024189 guidance_stop_epoch=None train_acc=58.22% val_acc=44.32% best=45.82% lr=0.0002860896 time=13.3s avg_epoch=13.7s est_planned=1h 08m 29s elapsed=31m 40s
[ALG][139/300] loss=23.6045 ce=1.6906 lg=8.7655 beta=2.5000 guidance_active_next=True raw_derivative=-0.013914 smoothed_derivative=-0.023523 guidance_stop_epoch=None train_acc=59.04% val_acc=44.15% best=45.82% lr=0.00028351998 time=13.2s avg_epoch=13.7s est_planned=1h 08m 28s elapsed=31m 54s
[ALG][140/300] loss=23.5959 ce=1.7310 lg=8.7460 beta=2.5000 guidance_active_next=True raw_derivative=-0.014197 smoothed_derivative=-0.022881 guidance_stop_epoch=None train_acc=58.81% val_acc=44.93% best=45.82% lr=0.00028094694 time=13.4s avg_epoch=13.7s est_planned=1h 08m 28s elapsed=32m 07s
[ALG][141/300] loss=23.6360 ce=1.6871 lg=8.7796 beta=2.5000 guidance_active_next=True raw_derivative=-0.012907 smoothed_derivative=-0.022237 guidance_stop_epoch=None train_acc=60.00% val_acc=45.24% best=45.82% lr=0.00027837079 time=13.4s avg_epoch=13.7s est_planned=1h 08m 27s elapsed=32m 21s
[ALG][142/300] loss=23.6653 ce=1.7061 lg=8.7837 beta=2.5000 guidance_active_next=True raw_derivative=-0.011560 smoothed_derivative=-0.021530 guidance_stop_epoch=None train_acc=59.09% val_acc=45.44% best=45.82% lr=0.00027579181 time=13.3s avg_epoch=13.7s est_planned=1h 08m 26s elapsed=32m 34s
[ALG][143/300] loss=23.5724 ce=1.6883 lg=8.7536 beta=2.5000 guidance_active_next=True raw_derivative=-0.013105 smoothed_derivative=-0.020917 guidance_stop_epoch=None train_acc=59.17% val_acc=45.37% best=45.82% lr=0.00027321027 time=13.4s avg_epoch=13.7s est_planned=1h 08m 26s elapsed=32m 47s
[ALG][144/300] loss=23.6229 ce=1.6985 lg=8.7698 beta=2.5000 guidance_active_next=True raw_derivative=-0.011831 smoothed_derivative=-0.020308 guidance_stop_epoch=None train_acc=59.39% val_acc=44.49% best=45.82% lr=0.00027062645 time=13.4s avg_epoch=13.7s est_planned=1h 08m 25s elapsed=33m 01s
[BETA_TRANSITION] guidance disabled after epoch=145 LG=8.784333 raw_derivative=-0.012154 smoothed_derivative=-0.019743 threshold=-0.02; subsequent epochs are CE-only.
[ALG][145/300] loss=23.6633 ce=1.7025 lg=8.7843 beta=2.5000 guidance_active_next=False raw_derivative=-0.012154 smoothed_derivative=-0.019743 guidance_stop_epoch=145 train_acc=60.05% val_acc=44.39% best=45.82% lr=0.00026804065 time=13.3s avg_epoch=13.7s est_planned=1h 08m 24s elapsed=33m 14s
[ALG][146/300] loss=1.7309 ce=1.7309 lg=0.0000 beta=0.0000 guidance_active_next=False raw_derivative=n/a smoothed_derivative=n/a guidance_stop_epoch=145 train_acc=58.34% val_acc=42.91% best=45.82% lr=0.00026545315 time=13.2s avg_epoch=13.7s est_planned=1h 08m 23s elapsed=33m 27s
[ALG][147/300] loss=1.7306 ce=1.7306 lg=0.0000 beta=0.0000 guidance_active_next=False raw_derivative=n/a smoothed_derivative=n/a guidance_stop_epoch=145 train_acc=58.31% val_acc=43.84% best=45.82% lr=0.00026286422 time=13.6s avg_epoch=13.7s est_planned=1h 08m 23s elapsed=33m 41s
[ALG][148/300] loss=1.7087 ce=1.7087 lg=0.0000 beta=0.0000 guidance_active_next=False raw_derivative=n/a smoothed_derivative=n/a guidance_stop_epoch=145 train_acc=59.00% val_acc=45.34% best=45.82% lr=0.00026027416 time=13.4s avg_epoch=13.7s est_planned=1h 08m 23s elapsed=33m 55s
[ALG][149/300] loss=1.6466 ce=1.6466 lg=0.0000 beta=0.0000 guidance_active_next=False raw_derivative=n/a smoothed_derivative=n/a guidance_stop_epoch=145 train_acc=59.97% val_acc=43.42% best=45.82% lr=0.00025768325 time=13.3s avg_epoch=13.7s est_planned=1h 08m 22s elapsed=34m 08s
[ALG][150/300] loss=1.6170 ce=1.6170 lg=0.0000 beta=0.0000 guidance_active_next=False raw_derivative=n/a smoothed_derivative=n/a guidance_stop_epoch=145 train_acc=60.99% val_acc=44.43% best=45.82% lr=0.00025509177 time=13.5s avg_epoch=13.7s est_planned=1h 08m 22s elapsed=34m 22s
[ALG][151/300] loss=1.6404 ce=1.6404 lg=0.0000 beta=0.0000 guidance_active_next=False raw_derivative=n/a smoothed_derivative=n/a guidance_stop_epoch=145 train_acc=60.87% val_acc=43.92% best=45.82% lr=0.0002525 time=13.2s avg_epoch=13.7s est_planned=1h 08m 21s elapsed=34m 35s
[ALG][152/300] loss=1.5964 ce=1.5964 lg=0.0000 beta=0.0000 guidance_active_next=False raw_derivative=n/a smoothed_derivative=n/a guidance_stop_epoch=145 train_acc=61.45% val_acc=45.48% best=45.82% lr=0.00024990823 time=13.4s avg_epoch=13.7s est_planned=1h 08m 20s elapsed=34m 48s
[ALG][153/300] loss=1.6393 ce=1.6393 lg=0.0000 beta=0.0000 guidance_active_next=False raw_derivative=n/a smoothed_derivative=n/a guidance_stop_epoch=145 train_acc=60.36% val_acc=43.89% best=45.82% lr=0.00024731675 time=13.2s avg_epoch=13.7s est_planned=1h 08m 19s elapsed=35m 02s
[ALG][154/300] loss=1.5513 ce=1.5513 lg=0.0000 beta=0.0000 guidance_active_next=False raw_derivative=n/a smoothed_derivative=n/a guidance_stop_epoch=145 train_acc=62.79% val_acc=45.65% best=45.82% lr=0.00024472584 time=13.1s avg_epoch=13.7s est_planned=1h 08m 18s elapsed=35m 15s
[ALG][155/300] loss=1.5842 ce=1.5842 lg=0.0000 beta=0.0000 guidance_active_next=False raw_derivative=n/a smoothed_derivative=n/a guidance_stop_epoch=145 train_acc=62.16% val_acc=45.32% best=45.82% lr=0.00024213578 time=13.1s avg_epoch=13.7s est_planned=1h 08m 17s elapsed=35m 28s
[ALG][156/300] loss=1.6083 ce=1.6083 lg=0.0000 beta=0.0000 guidance_active_next=False raw_derivative=n/a smoothed_derivative=n/a guidance_stop_epoch=145 train_acc=61.36% val_acc=43.92% best=45.82% lr=0.00023954685 time=13.6s avg_epoch=13.7s est_planned=1h 08m 17s elapsed=35m 42s
[ALG][157/300] loss=1.5285 ce=1.5285 lg=0.0000 beta=0.0000 guidance_active_next=False raw_derivative=n/a smoothed_derivative=n/a guidance_stop_epoch=145 train_acc=63.60% val_acc=46.03% best=46.03% lr=0.00023695935 time=13.1s avg_epoch=13.7s est_planned=1h 08m 16s elapsed=35m 55s saved_best
[ALG][158/300] loss=1.5854 ce=1.5854 lg=0.0000 beta=0.0000 guidance_active_next=False raw_derivative=n/a smoothed_derivative=n/a guidance_stop_epoch=145 train_acc=62.40% val_acc=45.86% best=46.03% lr=0.00023437355 time=13.2s avg_epoch=13.7s est_planned=1h 08m 15s elapsed=36m 08s
[ALG][159/300] loss=1.5207 ce=1.5207 lg=0.0000 beta=0.0000 guidance_active_next=False raw_derivative=n/a smoothed_derivative=n/a guidance_stop_epoch=145 train_acc=63.25% val_acc=45.10% best=46.03% lr=0.00023178973 time=13.4s avg_epoch=13.6s est_planned=1h 08m 15s elapsed=36m 21s
[ALG][160/300] loss=1.5309 ce=1.5309 lg=0.0000 beta=0.0000 guidance_active_next=False raw_derivative=n/a smoothed_derivative=n/a guidance_stop_epoch=145 train_acc=62.89% val_acc=45.10% best=46.03% lr=0.00022920819 time=13.2s avg_epoch=13.6s est_planned=1h 08m 14s elapsed=36m 35s
[ALG][161/300] loss=1.5079 ce=1.5079 lg=0.0000 beta=0.0000 guidance_active_next=False raw_derivative=n/a smoothed_derivative=n/a guidance_stop_epoch=145 train_acc=63.72% val_acc=45.41% best=46.03% lr=0.00022662921 time=13.1s avg_epoch=13.6s est_planned=1h 08m 13s elapsed=36m 48s
[ALG][162/300] loss=1.5675 ce=1.5675 lg=0.0000 beta=0.0000 guidance_active_next=False raw_derivative=n/a smoothed_derivative=n/a guidance_stop_epoch=145 train_acc=62.52% val_acc=44.84% best=46.03% lr=0.00022405306 time=13.3s avg_epoch=13.6s est_planned=1h 08m 12s elapsed=37m 01s
[ALG][163/300] loss=1.4940 ce=1.4940 lg=0.0000 beta=0.0000 guidance_active_next=False raw_derivative=n/a smoothed_derivative=n/a guidance_stop_epoch=145 train_acc=64.69% val_acc=45.55% best=46.03% lr=0.00022148002 time=13.1s avg_epoch=13.6s est_planned=1h 08m 11s elapsed=37m 14s
[ALG][164/300] loss=1.4658 ce=1.4658 lg=0.0000 beta=0.0000 guidance_active_next=False raw_derivative=n/a smoothed_derivative=n/a guidance_stop_epoch=145 train_acc=64.56% val_acc=45.46% best=46.03% lr=0.0002189104 time=13.0s avg_epoch=13.6s est_planned=1h 08m 10s elapsed=37m 28s
[ALG][165/300] loss=1.4552 ce=1.4552 lg=0.0000 beta=0.0000 guidance_active_next=False raw_derivative=n/a smoothed_derivative=n/a guidance_stop_epoch=145 train_acc=65.44% val_acc=44.17% best=46.03% lr=0.00021634445 time=13.3s avg_epoch=13.6s est_planned=1h 08m 09s elapsed=37m 41s
[ALG][166/300] loss=1.4784 ce=1.4784 lg=0.0000 beta=0.0000 guidance_active_next=False raw_derivative=n/a smoothed_derivative=n/a guidance_stop_epoch=145 train_acc=63.86% val_acc=45.13% best=46.03% lr=0.00021378247 time=13.1s avg_epoch=13.6s est_planned=1h 08m 09s elapsed=37m 54s
[ALG][167/300] loss=1.4634 ce=1.4634 lg=0.0000 beta=0.0000 guidance_active_next=False raw_derivative=n/a smoothed_derivative=n/a guidance_stop_epoch=145 train_acc=65.35% val_acc=45.79% best=46.03% lr=0.00021122474 time=14.4s avg_epoch=13.6s est_planned=1h 08m 10s elapsed=38m 09s
[ALG][168/300] loss=1.4913 ce=1.4913 lg=0.0000 beta=0.0000 guidance_active_next=False raw_derivative=n/a smoothed_derivative=n/a guidance_stop_epoch=145 train_acc=63.89% val_acc=45.74% best=46.03% lr=0.00020867153 time=13.2s avg_epoch=13.6s est_planned=1h 08m 09s elapsed=38m 22s
[ALG][169/300] loss=1.4323 ce=1.4323 lg=0.0000 beta=0.0000 guidance_active_next=False raw_derivative=n/a smoothed_derivative=n/a guidance_stop_epoch=145 train_acc=65.37% val_acc=45.44% best=46.03% lr=0.00020612312 time=13.0s avg_epoch=13.6s est_planned=1h 08m 08s elapsed=38m 35s
[ALG][170/300] loss=1.4864 ce=1.4864 lg=0.0000 beta=0.0000 guidance_active_next=False raw_derivative=n/a smoothed_derivative=n/a guidance_stop_epoch=145 train_acc=64.93% val_acc=45.24% best=46.03% lr=0.00020357981 time=13.2s avg_epoch=13.6s est_planned=1h 08m 07s elapsed=38m 48s
[ALG][171/300] loss=1.4450 ce=1.4450 lg=0.0000 beta=0.0000 guidance_active_next=False raw_derivative=n/a smoothed_derivative=n/a guidance_stop_epoch=145 train_acc=65.34% val_acc=44.91% best=46.03% lr=0.00020104186 time=13.1s avg_epoch=13.6s est_planned=1h 08m 07s elapsed=39m 01s
[ALG][172/300] loss=1.3855 ce=1.3855 lg=0.0000 beta=0.0000 guidance_active_next=False raw_derivative=n/a smoothed_derivative=n/a guidance_stop_epoch=145 train_acc=66.92% val_acc=45.20% best=46.03% lr=0.00019850955 time=13.5s avg_epoch=13.6s est_planned=1h 08m 06s elapsed=39m 15s
[ALG][173/300] loss=1.4221 ce=1.4221 lg=0.0000 beta=0.0000 guidance_active_next=False raw_derivative=n/a smoothed_derivative=n/a guidance_stop_epoch=145 train_acc=65.57% val_acc=45.65% best=46.03% lr=0.00019598316 time=13.2s avg_epoch=13.6s est_planned=1h 08m 06s elapsed=39m 28s
[ALG][174/300] loss=1.4397 ce=1.4397 lg=0.0000 beta=0.0000 guidance_active_next=False raw_derivative=n/a smoothed_derivative=n/a guidance_stop_epoch=145 train_acc=65.52% val_acc=45.46% best=46.03% lr=0.00019346297 time=13.3s avg_epoch=13.6s est_planned=1h 08m 05s elapsed=39m 42s
[ALG][175/300] loss=1.3674 ce=1.3674 lg=0.0000 beta=0.0000 guidance_active_next=False raw_derivative=n/a smoothed_derivative=n/a guidance_stop_epoch=145 train_acc=67.44% val_acc=45.67% best=46.03% lr=0.00019094925 time=13.3s avg_epoch=13.6s est_planned=1h 08m 05s elapsed=39m 55s
[ALG][176/300] loss=1.3578 ce=1.3578 lg=0.0000 beta=0.0000 guidance_active_next=False raw_derivative=n/a smoothed_derivative=n/a guidance_stop_epoch=145 train_acc=67.29% val_acc=46.50% best=46.50% lr=0.00018844229 time=13.4s avg_epoch=13.6s est_planned=1h 08m 04s elapsed=40m 08s saved_best
[ALG][177/300] loss=1.3683 ce=1.3683 lg=0.0000 beta=0.0000 guidance_active_next=False raw_derivative=n/a smoothed_derivative=n/a guidance_stop_epoch=145 train_acc=67.63% val_acc=45.67% best=46.50% lr=0.00018594234 time=13.5s avg_epoch=13.6s est_planned=1h 08m 04s elapsed=40m 22s
[ALG][178/300] loss=1.3510 ce=1.3510 lg=0.0000 beta=0.0000 guidance_active_next=False raw_derivative=n/a smoothed_derivative=n/a guidance_stop_epoch=145 train_acc=68.72% val_acc=45.88% best=46.50% lr=0.0001834497 time=13.2s avg_epoch=13.6s est_planned=1h 08m 03s elapsed=40m 35s
[ALG][179/300] loss=1.3586 ce=1.3586 lg=0.0000 beta=0.0000 guidance_active_next=False raw_derivative=n/a smoothed_derivative=n/a guidance_stop_epoch=145 train_acc=66.86% val_acc=46.03% best=46.50% lr=0.00018096463 time=13.3s avg_epoch=13.6s est_planned=1h 08m 03s elapsed=40m 49s
[ALG][180/300] loss=1.3271 ce=1.3271 lg=0.0000 beta=0.0000 guidance_active_next=False raw_derivative=n/a smoothed_derivative=n/a guidance_stop_epoch=145 train_acc=67.99% val_acc=45.48% best=46.50% lr=0.0001784874 time=13.4s avg_epoch=13.6s est_planned=1h 08m 03s elapsed=41m 02s
[ALG][181/300] loss=1.3729 ce=1.3729 lg=0.0000 beta=0.0000 guidance_active_next=False raw_derivative=n/a smoothed_derivative=n/a guidance_stop_epoch=145 train_acc=67.00% val_acc=46.01% best=46.50% lr=0.00017601829 time=13.4s avg_epoch=13.6s est_planned=1h 08m 02s elapsed=41m 16s
[ALG][182/300] loss=1.3114 ce=1.3114 lg=0.0000 beta=0.0000 guidance_active_next=False raw_derivative=n/a smoothed_derivative=n/a guidance_stop_epoch=145 train_acc=68.68% val_acc=44.60% best=46.50% lr=0.00017355757 time=13.1s avg_epoch=13.6s est_planned=1h 08m 01s elapsed=41m 29s
[ALG][183/300] loss=1.3243 ce=1.3243 lg=0.0000 beta=0.0000 guidance_active_next=False raw_derivative=n/a smoothed_derivative=n/a guidance_stop_epoch=145 train_acc=68.31% val_acc=46.32% best=46.50% lr=0.0001711055 time=13.4s avg_epoch=13.6s est_planned=1h 08m 01s elapsed=41m 42s
[ALG][184/300] loss=1.3218 ce=1.3218 lg=0.0000 beta=0.0000 guidance_active_next=False raw_derivative=n/a smoothed_derivative=n/a guidance_stop_epoch=145 train_acc=68.70% val_acc=45.25% best=46.50% lr=0.00016866236 time=13.2s avg_epoch=13.6s est_planned=1h 08m 00s elapsed=41m 55s
[ALG][185/300] loss=1.3094 ce=1.3094 lg=0.0000 beta=0.0000 guidance_active_next=False raw_derivative=n/a smoothed_derivative=n/a guidance_stop_epoch=145 train_acc=69.23% val_acc=44.13% best=46.50% lr=0.00016622842 time=13.1s avg_epoch=13.6s est_planned=1h 07m 59s elapsed=42m 08s
[ALG][186/300] loss=1.3409 ce=1.3409 lg=0.0000 beta=0.0000 guidance_active_next=False raw_derivative=n/a smoothed_derivative=n/a guidance_stop_epoch=145 train_acc=67.53% val_acc=45.79% best=46.50% lr=0.00016380393 time=13.0s avg_epoch=13.6s est_planned=1h 07m 59s elapsed=42m 22s
[ALG][187/300] loss=1.2509 ce=1.2509 lg=0.0000 beta=0.0000 guidance_active_next=False raw_derivative=n/a smoothed_derivative=n/a guidance_stop_epoch=145 train_acc=69.87% val_acc=45.70% best=46.50% lr=0.00016138917 time=13.1s avg_epoch=13.6s est_planned=1h 07m 58s elapsed=42m 35s
[ALG][188/300] loss=1.2964 ce=1.2964 lg=0.0000 beta=0.0000 guidance_active_next=False raw_derivative=n/a smoothed_derivative=n/a guidance_stop_epoch=145 train_acc=68.58% val_acc=45.43% best=46.50% lr=0.00015898441 time=13.1s avg_epoch=13.6s est_planned=1h 07m 57s elapsed=42m 48s
[ALG][189/300] loss=1.2881 ce=1.2881 lg=0.0000 beta=0.0000 guidance_active_next=False raw_derivative=n/a smoothed_derivative=n/a guidance_stop_epoch=145 train_acc=69.43% val_acc=45.96% best=46.50% lr=0.00015658989 time=13.1s avg_epoch=13.6s est_planned=1h 07m 56s elapsed=43m 01s
[ALG][190/300] loss=1.2853 ce=1.2853 lg=0.0000 beta=0.0000 guidance_active_next=False raw_derivative=n/a smoothed_derivative=n/a guidance_stop_epoch=145 train_acc=69.14% val_acc=45.24% best=46.50% lr=0.0001542059 time=13.4s avg_epoch=13.6s est_planned=1h 07m 56s elapsed=43m 14s
[ALG][191/300] loss=1.2703 ce=1.2703 lg=0.0000 beta=0.0000 guidance_active_next=False raw_derivative=n/a smoothed_derivative=n/a guidance_stop_epoch=145 train_acc=70.52% val_acc=44.15% best=46.50% lr=0.00015183268 time=13.2s avg_epoch=13.6s est_planned=1h 07m 55s elapsed=43m 28s
[ALG][192/300] loss=1.2579 ce=1.2579 lg=0.0000 beta=0.0000 guidance_active_next=False raw_derivative=n/a smoothed_derivative=n/a guidance_stop_epoch=145 train_acc=69.92% val_acc=45.29% best=46.50% lr=0.0001494705 time=13.3s avg_epoch=13.6s est_planned=1h 07m 55s elapsed=43m 41s
[ALG][193/300] loss=1.2479 ce=1.2479 lg=0.0000 beta=0.0000 guidance_active_next=False raw_derivative=n/a smoothed_derivative=n/a guidance_stop_epoch=145 train_acc=70.28% val_acc=45.70% best=46.50% lr=0.00014711963 time=13.3s avg_epoch=13.6s est_planned=1h 07m 54s elapsed=43m 54s
[ALG][194/300] loss=1.2427 ce=1.2427 lg=0.0000 beta=0.0000 guidance_active_next=False raw_derivative=n/a smoothed_derivative=n/a guidance_stop_epoch=145 train_acc=70.33% val_acc=45.96% best=46.50% lr=0.0001447803 time=13.3s avg_epoch=13.6s est_planned=1h 07m 54s elapsed=44m 08s
[ALG][195/300] loss=1.2442 ce=1.2442 lg=0.0000 beta=0.0000 guidance_active_next=False raw_derivative=n/a smoothed_derivative=n/a guidance_stop_epoch=145 train_acc=69.67% val_acc=45.98% best=46.50% lr=0.00014245279 time=13.3s avg_epoch=13.6s est_planned=1h 07m 54s elapsed=44m 21s
[ALG][196/300] loss=1.2100 ce=1.2100 lg=0.0000 beta=0.0000 guidance_active_next=False raw_derivative=n/a smoothed_derivative=n/a guidance_stop_epoch=145 train_acc=70.65% val_acc=46.05% best=46.50% lr=0.00014013735 time=13.3s avg_epoch=13.6s est_planned=1h 07m 53s elapsed=44m 35s
[ALG][197/300] loss=1.2032 ce=1.2032 lg=0.0000 beta=0.0000 guidance_active_next=False raw_derivative=n/a smoothed_derivative=n/a guidance_stop_epoch=145 train_acc=71.08% val_acc=44.56% best=46.50% lr=0.00013783423 time=13.3s avg_epoch=13.6s est_planned=1h 07m 53s elapsed=44m 48s
[ALG][198/300] loss=1.1979 ce=1.1979 lg=0.0000 beta=0.0000 guidance_active_next=False raw_derivative=n/a smoothed_derivative=n/a guidance_stop_epoch=145 train_acc=71.43% val_acc=44.51% best=46.50% lr=0.00013554369 time=13.2s avg_epoch=13.6s est_planned=1h 07m 52s elapsed=45m 01s
[ALG][199/300] loss=1.2246 ce=1.2246 lg=0.0000 beta=0.0000 guidance_active_next=False raw_derivative=n/a smoothed_derivative=n/a guidance_stop_epoch=145 train_acc=71.01% val_acc=45.84% best=46.50% lr=0.00013326597 time=13.5s avg_epoch=13.6s est_planned=1h 07m 52s elapsed=45m 15s
[ALG][200/300] loss=1.1883 ce=1.1883 lg=0.0000 beta=0.0000 guidance_active_next=False raw_derivative=n/a smoothed_derivative=n/a guidance_stop_epoch=145 train_acc=71.64% val_acc=45.37% best=46.50% lr=0.00013100132 time=13.3s avg_epoch=13.6s est_planned=1h 07m 52s elapsed=45m 28s
[ALG][201/300] loss=1.1891 ce=1.1891 lg=0.0000 beta=0.0000 guidance_active_next=False raw_derivative=n/a smoothed_derivative=n/a guidance_stop_epoch=145 train_acc=71.94% val_acc=47.93% best=47.93% lr=0.00012875 time=13.3s avg_epoch=13.6s est_planned=1h 07m 51s elapsed=45m 41s saved_best
[ALG][202/300] loss=1.2059 ce=1.2059 lg=0.0000 beta=0.0000 guidance_active_next=False raw_derivative=n/a smoothed_derivative=n/a guidance_stop_epoch=145 train_acc=71.20% val_acc=46.41% best=47.93% lr=0.00012651225 time=13.2s avg_epoch=13.6s est_planned=1h 07m 51s elapsed=45m 55s
[ALG][203/300] loss=1.1755 ce=1.1755 lg=0.0000 beta=0.0000 guidance_active_next=False raw_derivative=n/a smoothed_derivative=n/a guidance_stop_epoch=145 train_acc=72.27% val_acc=46.41% best=47.93% lr=0.00012428832 time=13.3s avg_epoch=13.6s est_planned=1h 07m 50s elapsed=46m 08s
[ALG][204/300] loss=1.1716 ce=1.1716 lg=0.0000 beta=0.0000 guidance_active_next=False raw_derivative=n/a smoothed_derivative=n/a guidance_stop_epoch=145 train_acc=72.11% val_acc=46.48% best=47.93% lr=0.00012207844 time=13.3s avg_epoch=13.6s est_planned=1h 07m 50s elapsed=46m 21s
[ALG][205/300] loss=1.1576 ce=1.1576 lg=0.0000 beta=0.0000 guidance_active_next=False raw_derivative=n/a smoothed_derivative=n/a guidance_stop_epoch=145 train_acc=72.03% val_acc=46.51% best=47.93% lr=0.00011988287 time=13.4s avg_epoch=13.6s est_planned=1h 07m 50s elapsed=46m 35s
[ALG][206/300] loss=1.1661 ce=1.1661 lg=0.0000 beta=0.0000 guidance_active_next=False raw_derivative=n/a smoothed_derivative=n/a guidance_stop_epoch=145 train_acc=71.86% val_acc=46.79% best=47.93% lr=0.00011770184 time=13.3s avg_epoch=13.6s est_planned=1h 07m 49s elapsed=46m 48s
[ALG][207/300] loss=1.1446 ce=1.1446 lg=0.0000 beta=0.0000 guidance_active_next=False raw_derivative=n/a smoothed_derivative=n/a guidance_stop_epoch=145 train_acc=72.52% val_acc=46.08% best=47.93% lr=0.00011553559 time=13.3s avg_epoch=13.6s est_planned=1h 07m 49s elapsed=47m 02s
[ALG][208/300] loss=1.1926 ce=1.1926 lg=0.0000 beta=0.0000 guidance_active_next=False raw_derivative=n/a smoothed_derivative=n/a guidance_stop_epoch=145 train_acc=72.21% val_acc=46.05% best=47.93% lr=0.00011338436 time=13.4s avg_epoch=13.6s est_planned=1h 07m 49s elapsed=47m 15s
[ALG][209/300] loss=1.1930 ce=1.1930 lg=0.0000 beta=0.0000 guidance_active_next=False raw_derivative=n/a smoothed_derivative=n/a guidance_stop_epoch=145 train_acc=72.38% val_acc=46.24% best=47.93% lr=0.00011124839 time=13.2s avg_epoch=13.6s est_planned=1h 07m 48s elapsed=47m 28s
[ALG][210/300] loss=1.1269 ce=1.1269 lg=0.0000 beta=0.0000 guidance_active_next=False raw_derivative=n/a smoothed_derivative=n/a guidance_stop_epoch=145 train_acc=72.79% val_acc=46.86% best=47.93% lr=0.00010912791 time=13.5s avg_epoch=13.6s est_planned=1h 07m 48s elapsed=47m 42s
[ALG][211/300] loss=1.1362 ce=1.1362 lg=0.0000 beta=0.0000 guidance_active_next=False raw_derivative=n/a smoothed_derivative=n/a guidance_stop_epoch=145 train_acc=72.08% val_acc=45.06% best=47.93% lr=0.00010702315 time=13.3s avg_epoch=13.6s est_planned=1h 07m 48s elapsed=47m 55s
[ALG][212/300] loss=1.1047 ce=1.1047 lg=0.0000 beta=0.0000 guidance_active_next=False raw_derivative=n/a smoothed_derivative=n/a guidance_stop_epoch=145 train_acc=73.15% val_acc=45.77% best=47.93% lr=0.00010493434 time=13.2s avg_epoch=13.6s est_planned=1h 07m 47s elapsed=48m 09s
[ALG][213/300] loss=1.1788 ce=1.1788 lg=0.0000 beta=0.0000 guidance_active_next=False raw_derivative=n/a smoothed_derivative=n/a guidance_stop_epoch=145 train_acc=71.74% val_acc=46.29% best=47.93% lr=0.00010286172 time=13.2s avg_epoch=13.6s est_planned=1h 07m 47s elapsed=48m 22s
[ALG][214/300] loss=1.1417 ce=1.1417 lg=0.0000 beta=0.0000 guidance_active_next=False raw_derivative=n/a smoothed_derivative=n/a guidance_stop_epoch=145 train_acc=72.84% val_acc=47.27% best=47.93% lr=0.0001008055 time=13.3s avg_epoch=13.6s est_planned=1h 07m 46s elapsed=48m 35s
[ALG][215/300] loss=1.1110 ce=1.1110 lg=0.0000 beta=0.0000 guidance_active_next=False raw_derivative=n/a smoothed_derivative=n/a guidance_stop_epoch=145 train_acc=73.62% val_acc=46.91% best=47.93% lr=9.8765924e-05 time=13.2s avg_epoch=13.6s est_planned=1h 07m 46s elapsed=48m 48s
[ALG][216/300] loss=1.1155 ce=1.1155 lg=0.0000 beta=0.0000 guidance_active_next=False raw_derivative=n/a smoothed_derivative=n/a guidance_stop_epoch=145 train_acc=73.11% val_acc=46.55% best=47.93% lr=9.6743203e-05 time=13.1s avg_epoch=13.6s est_planned=1h 07m 45s elapsed=49m 02s
[ALG][217/300] loss=1.1212 ce=1.1212 lg=0.0000 beta=0.0000 guidance_active_next=False raw_derivative=n/a smoothed_derivative=n/a guidance_stop_epoch=145 train_acc=73.49% val_acc=45.91% best=47.93% lr=9.4737563e-05 time=13.1s avg_epoch=13.5s est_planned=1h 07m 45s elapsed=49m 15s
[ALG][218/300] loss=1.0993 ce=1.0993 lg=0.0000 beta=0.0000 guidance_active_next=False raw_derivative=n/a smoothed_derivative=n/a guidance_stop_epoch=145 train_acc=73.86% val_acc=46.81% best=47.93% lr=9.2749222e-05 time=14.5s avg_epoch=13.6s est_planned=1h 07m 46s elapsed=49m 29s
[ALG][219/300] loss=1.1143 ce=1.1143 lg=0.0000 beta=0.0000 guidance_active_next=False raw_derivative=n/a smoothed_derivative=n/a guidance_stop_epoch=145 train_acc=73.52% val_acc=46.57% best=47.93% lr=9.0778401e-05 time=14.4s avg_epoch=13.6s est_planned=1h 07m 47s elapsed=49m 44s
[ALG][220/300] loss=1.0720 ce=1.0720 lg=0.0000 beta=0.0000 guidance_active_next=False raw_derivative=n/a smoothed_derivative=n/a guidance_stop_epoch=145 train_acc=74.83% val_acc=46.43% best=47.93% lr=8.8825313e-05 time=13.8s avg_epoch=13.6s est_planned=1h 07m 48s elapsed=49m 58s
[ALG][221/300] loss=1.0527 ce=1.0527 lg=0.0000 beta=0.0000 guidance_active_next=False raw_derivative=n/a smoothed_derivative=n/a guidance_stop_epoch=145 train_acc=75.85% val_acc=47.67% best=47.93% lr=8.6890175e-05 time=14.1s avg_epoch=13.6s est_planned=1h 07m 49s elapsed=50m 12s
[ALG][222/300] loss=1.0501 ce=1.0501 lg=0.0000 beta=0.0000 guidance_active_next=False raw_derivative=n/a smoothed_derivative=n/a guidance_stop_epoch=145 train_acc=75.05% val_acc=47.20% best=47.93% lr=8.4973198e-05 time=14.5s avg_epoch=13.6s est_planned=1h 07m 50s elapsed=50m 26s
[ALG][223/300] loss=1.0694 ce=1.0694 lg=0.0000 beta=0.0000 guidance_active_next=False raw_derivative=n/a smoothed_derivative=n/a guidance_stop_epoch=145 train_acc=74.44% val_acc=45.70% best=47.93% lr=8.3074591e-05 time=14.2s avg_epoch=13.6s est_planned=1h 07m 51s elapsed=50m 41s
[ALG][224/300] loss=1.0469 ce=1.0469 lg=0.0000 beta=0.0000 guidance_active_next=False raw_derivative=n/a smoothed_derivative=n/a guidance_stop_epoch=145 train_acc=74.98% val_acc=46.81% best=47.93% lr=8.1194564e-05 time=14.1s avg_epoch=13.6s est_planned=1h 07m 51s elapsed=50m 55s
[ALG][225/300] loss=1.0630 ce=1.0630 lg=0.0000 beta=0.0000 guidance_active_next=False raw_derivative=n/a smoothed_derivative=n/a guidance_stop_epoch=145 train_acc=74.71% val_acc=47.19% best=47.93% lr=7.9333323e-05 time=14.2s avg_epoch=13.6s est_planned=1h 07m 52s elapsed=51m 09s
[ALG][226/300] loss=1.0413 ce=1.0413 lg=0.0000 beta=0.0000 guidance_active_next=False raw_derivative=n/a smoothed_derivative=n/a guidance_stop_epoch=145 train_acc=75.25% val_acc=46.50% best=47.93% lr=7.7491072e-05 time=13.8s avg_epoch=13.6s est_planned=1h 07m 53s elapsed=51m 23s
[ALG][227/300] loss=1.0385 ce=1.0385 lg=0.0000 beta=0.0000 guidance_active_next=False raw_derivative=n/a smoothed_derivative=n/a guidance_stop_epoch=145 train_acc=75.61% val_acc=46.89% best=47.93% lr=7.5668012e-05 time=14.3s avg_epoch=13.6s est_planned=1h 07m 53s elapsed=51m 37s
[ALG][228/300] loss=1.0206 ce=1.0206 lg=0.0000 beta=0.0000 guidance_active_next=False raw_derivative=n/a smoothed_derivative=n/a guidance_stop_epoch=145 train_acc=75.14% val_acc=47.43% best=47.93% lr=7.3864344e-05 time=13.8s avg_epoch=13.6s est_planned=1h 07m 54s elapsed=51m 51s
[ALG][229/300] loss=1.0572 ce=1.0572 lg=0.0000 beta=0.0000 guidance_active_next=False raw_derivative=n/a smoothed_derivative=n/a guidance_stop_epoch=145 train_acc=74.80% val_acc=47.53% best=47.93% lr=7.2080265e-05 time=13.8s avg_epoch=13.6s est_planned=1h 07m 54s elapsed=52m 05s
[ALG][230/300] loss=1.0365 ce=1.0365 lg=0.0000 beta=0.0000 guidance_active_next=False raw_derivative=n/a smoothed_derivative=n/a guidance_stop_epoch=145 train_acc=75.85% val_acc=47.51% best=47.93% lr=7.0315971e-05 time=14.1s avg_epoch=13.6s est_planned=1h 07m 55s elapsed=52m 19s
[ALG][231/300] loss=1.0474 ce=1.0474 lg=0.0000 beta=0.0000 guidance_active_next=False raw_derivative=n/a smoothed_derivative=n/a guidance_stop_epoch=145 train_acc=75.14% val_acc=45.88% best=47.93% lr=6.8571656e-05 time=13.7s avg_epoch=13.6s est_planned=1h 07m 55s elapsed=52m 33s
[ALG][232/300] loss=1.0392 ce=1.0392 lg=0.0000 beta=0.0000 guidance_active_next=False raw_derivative=n/a smoothed_derivative=n/a guidance_stop_epoch=145 train_acc=75.68% val_acc=47.39% best=47.93% lr=6.684751e-05 time=13.4s avg_epoch=13.6s est_planned=1h 07m 54s elapsed=52m 46s
[ALG][233/300] loss=1.0268 ce=1.0268 lg=0.0000 beta=0.0000 guidance_active_next=False raw_derivative=n/a smoothed_derivative=n/a guidance_stop_epoch=145 train_acc=75.36% val_acc=46.46% best=47.93% lr=6.5143724e-05 time=13.5s avg_epoch=13.6s est_planned=1h 07m 54s elapsed=53m 00s
[ALG][234/300] loss=1.0164 ce=1.0164 lg=0.0000 beta=0.0000 guidance_active_next=False raw_derivative=n/a smoothed_derivative=n/a guidance_stop_epoch=145 train_acc=75.56% val_acc=46.31% best=47.93% lr=6.3460483e-05 time=13.4s avg_epoch=13.6s est_planned=1h 07m 54s elapsed=53m 13s
[ALG][235/300] loss=1.0159 ce=1.0159 lg=0.0000 beta=0.0000 guidance_active_next=False raw_derivative=n/a smoothed_derivative=n/a guidance_stop_epoch=145 train_acc=75.83% val_acc=46.95% best=47.93% lr=6.1797972e-05 time=13.1s avg_epoch=13.6s est_planned=1h 07m 53s elapsed=53m 26s
[ALG][236/300] loss=0.9715 ce=0.9715 lg=0.0000 beta=0.0000 guidance_active_next=False raw_derivative=n/a smoothed_derivative=n/a guidance_stop_epoch=145 train_acc=76.77% val_acc=46.44% best=47.93% lr=6.0156375e-05 time=13.5s avg_epoch=13.6s est_planned=1h 07m 53s elapsed=53m 40s
[ALG][237/300] loss=0.9760 ce=0.9760 lg=0.0000 beta=0.0000 guidance_active_next=False raw_derivative=n/a smoothed_derivative=n/a guidance_stop_epoch=145 train_acc=76.41% val_acc=47.39% best=47.93% lr=5.8535869e-05 time=13.5s avg_epoch=13.6s est_planned=1h 07m 53s elapsed=53m 53s
[ALG][238/300] loss=1.0072 ce=1.0072 lg=0.0000 beta=0.0000 guidance_active_next=False raw_derivative=n/a smoothed_derivative=n/a guidance_stop_epoch=145 train_acc=76.14% val_acc=46.43% best=47.93% lr=5.6936634e-05 time=13.3s avg_epoch=13.6s est_planned=1h 07m 53s elapsed=54m 07s
[ALG][239/300] loss=1.0203 ce=1.0203 lg=0.0000 beta=0.0000 guidance_active_next=False raw_derivative=n/a smoothed_derivative=n/a guidance_stop_epoch=145 train_acc=75.59% val_acc=47.12% best=47.93% lr=5.5358845e-05 time=13.1s avg_epoch=13.6s est_planned=1h 07m 52s elapsed=54m 20s
[ALG][240/300] loss=0.9825 ce=0.9825 lg=0.0000 beta=0.0000 guidance_active_next=False raw_derivative=n/a smoothed_derivative=n/a guidance_stop_epoch=145 train_acc=76.78% val_acc=47.38% best=47.93% lr=5.3802675e-05 time=13.3s avg_epoch=13.6s est_planned=1h 07m 52s elapsed=54m 33s
[ALG][241/300] loss=0.9927 ce=0.9927 lg=0.0000 beta=0.0000 guidance_active_next=False raw_derivative=n/a smoothed_derivative=n/a guidance_stop_epoch=145 train_acc=75.82% val_acc=47.05% best=47.93% lr=5.2268294e-05 time=13.4s avg_epoch=13.6s est_planned=1h 07m 52s elapsed=54m 47s
[ALG][242/300] loss=0.9615 ce=0.9615 lg=0.0000 beta=0.0000 guidance_active_next=False raw_derivative=n/a smoothed_derivative=n/a guidance_stop_epoch=145 train_acc=77.04% val_acc=47.10% best=47.93% lr=5.0755871e-05 time=13.1s avg_epoch=13.6s est_planned=1h 07m 51s elapsed=55m 00s
[ALG][243/300] loss=0.9676 ce=0.9676 lg=0.0000 beta=0.0000 guidance_active_next=False raw_derivative=n/a smoothed_derivative=n/a guidance_stop_epoch=145 train_acc=76.60% val_acc=47.29% best=47.93% lr=4.9265571e-05 time=13.5s avg_epoch=13.6s est_planned=1h 07m 51s elapsed=55m 13s
[ALG][244/300] loss=0.9664 ce=0.9664 lg=0.0000 beta=0.0000 guidance_active_next=False raw_derivative=n/a smoothed_derivative=n/a guidance_stop_epoch=145 train_acc=77.55% val_acc=47.31% best=47.93% lr=4.7797558e-05 time=13.2s avg_epoch=13.6s est_planned=1h 07m 50s elapsed=55m 27s
[ALG][245/300] loss=0.9684 ce=0.9684 lg=0.0000 beta=0.0000 guidance_active_next=False raw_derivative=n/a smoothed_derivative=n/a guidance_stop_epoch=145 train_acc=76.82% val_acc=47.45% best=47.93% lr=4.6351993e-05 time=13.3s avg_epoch=13.6s est_planned=1h 07m 50s elapsed=55m 40s
[ALG][246/300] loss=0.9333 ce=0.9333 lg=0.0000 beta=0.0000 guidance_active_next=False raw_derivative=n/a smoothed_derivative=n/a guidance_stop_epoch=145 train_acc=78.07% val_acc=47.55% best=47.93% lr=4.4929034e-05 time=13.1s avg_epoch=13.6s est_planned=1h 07m 50s elapsed=55m 53s
[ALG][247/300] loss=0.8995 ce=0.8995 lg=0.0000 beta=0.0000 guidance_active_next=False raw_derivative=n/a smoothed_derivative=n/a guidance_stop_epoch=145 train_acc=78.70% val_acc=47.98% best=47.98% lr=4.3528838e-05 time=13.3s avg_epoch=13.6s est_planned=1h 07m 49s elapsed=56m 07s saved_best
[ALG][248/300] loss=0.9501 ce=0.9501 lg=0.0000 beta=0.0000 guidance_active_next=False raw_derivative=n/a smoothed_derivative=n/a guidance_stop_epoch=145 train_acc=77.62% val_acc=48.39% best=48.39% lr=4.2151558e-05 time=13.4s avg_epoch=13.6s est_planned=1h 07m 49s elapsed=56m 20s saved_best
[ALG][249/300] loss=0.9232 ce=0.9232 lg=0.0000 beta=0.0000 guidance_active_next=False raw_derivative=n/a smoothed_derivative=n/a guidance_stop_epoch=145 train_acc=77.28% val_acc=47.24% best=48.39% lr=4.0797346e-05 time=13.6s avg_epoch=13.6s est_planned=1h 07m 49s elapsed=56m 34s
[ALG][250/300] loss=0.9098 ce=0.9098 lg=0.0000 beta=0.0000 guidance_active_next=False raw_derivative=n/a smoothed_derivative=n/a guidance_stop_epoch=145 train_acc=78.12% val_acc=47.65% best=48.39% lr=3.9466348e-05 time=13.6s avg_epoch=13.6s est_planned=1h 07m 49s elapsed=56m 47s
[ALG][251/300] loss=0.9286 ce=0.9286 lg=0.0000 beta=0.0000 guidance_active_next=False raw_derivative=n/a smoothed_derivative=n/a guidance_stop_epoch=145 train_acc=78.04% val_acc=49.02% best=49.02% lr=3.8158713e-05 time=13.4s avg_epoch=13.6s est_planned=1h 07m 49s elapsed=57m 01s saved_best
[ALG][252/300] loss=0.9237 ce=0.9237 lg=0.0000 beta=0.0000 guidance_active_next=False raw_derivative=n/a smoothed_derivative=n/a guidance_stop_epoch=145 train_acc=78.53% val_acc=47.01% best=49.02% lr=3.6874582e-05 time=13.3s avg_epoch=13.6s est_planned=1h 07m 49s elapsed=57m 14s
[ALG][253/300] loss=0.9106 ce=0.9106 lg=0.0000 beta=0.0000 guidance_active_next=False raw_derivative=n/a smoothed_derivative=n/a guidance_stop_epoch=145 train_acc=78.26% val_acc=46.95% best=49.02% lr=3.5614097e-05 time=13.5s avg_epoch=13.6s est_planned=1h 07m 48s elapsed=57m 28s
[ALG][254/300] loss=0.9447 ce=0.9447 lg=0.0000 beta=0.0000 guidance_active_next=False raw_derivative=n/a smoothed_derivative=n/a guidance_stop_epoch=145 train_acc=77.72% val_acc=47.84% best=49.02% lr=3.4377396e-05 time=13.5s avg_epoch=13.6s est_planned=1h 07m 48s elapsed=57m 41s
[ALG][255/300] loss=0.9364 ce=0.9364 lg=0.0000 beta=0.0000 guidance_active_next=False raw_derivative=n/a smoothed_derivative=n/a guidance_stop_epoch=145 train_acc=77.58% val_acc=47.69% best=49.02% lr=3.3164614e-05 time=13.4s avg_epoch=13.6s est_planned=1h 07m 48s elapsed=57m 55s
[ALG][256/300] loss=0.9162 ce=0.9162 lg=0.0000 beta=0.0000 guidance_active_next=False raw_derivative=n/a smoothed_derivative=n/a guidance_stop_epoch=145 train_acc=78.21% val_acc=47.19% best=49.02% lr=3.1975885e-05 time=13.5s avg_epoch=13.6s est_planned=1h 07m 48s elapsed=58m 08s
[ALG][257/300] loss=0.9135 ce=0.9135 lg=0.0000 beta=0.0000 guidance_active_next=False raw_derivative=n/a smoothed_derivative=n/a guidance_stop_epoch=145 train_acc=78.41% val_acc=48.55% best=49.02% lr=3.0811339e-05 time=13.5s avg_epoch=13.6s est_planned=1h 07m 48s elapsed=58m 22s
[ALG][258/300] loss=0.9156 ce=0.9156 lg=0.0000 beta=0.0000 guidance_active_next=False raw_derivative=n/a smoothed_derivative=n/a guidance_stop_epoch=145 train_acc=78.23% val_acc=48.14% best=49.02% lr=2.9671104e-05 time=13.6s avg_epoch=13.6s est_planned=1h 07m 48s elapsed=58m 36s
[ALG][259/300] loss=0.8688 ce=0.8688 lg=0.0000 beta=0.0000 guidance_active_next=False raw_derivative=n/a smoothed_derivative=n/a guidance_stop_epoch=145 train_acc=78.94% val_acc=47.48% best=49.02% lr=2.8555305e-05 time=14.2s avg_epoch=13.6s est_planned=1h 07m 49s elapsed=58m 50s
[ALG][260/300] loss=0.8953 ce=0.8953 lg=0.0000 beta=0.0000 guidance_active_next=False raw_derivative=n/a smoothed_derivative=n/a guidance_stop_epoch=145 train_acc=79.08% val_acc=48.02% best=49.02% lr=2.7464063e-05 time=14.8s avg_epoch=13.6s est_planned=1h 07m 50s elapsed=59m 05s
[ALG][261/300] loss=0.8861 ce=0.8861 lg=0.0000 beta=0.0000 guidance_active_next=False raw_derivative=n/a smoothed_derivative=n/a guidance_stop_epoch=145 train_acc=78.38% val_acc=46.95% best=49.02% lr=2.6397499e-05 time=14.4s avg_epoch=13.6s est_planned=1h 07m 51s elapsed=59m 19s
[ALG][262/300] loss=0.8876 ce=0.8876 lg=0.0000 beta=0.0000 guidance_active_next=False raw_derivative=n/a smoothed_derivative=n/a guidance_stop_epoch=145 train_acc=78.43% val_acc=47.65% best=49.02% lr=2.535573e-05 time=13.8s avg_epoch=13.6s est_planned=1h 07m 51s elapsed=59m 33s
[ALG][263/300] loss=0.9042 ce=0.9042 lg=0.0000 beta=0.0000 guidance_active_next=False raw_derivative=n/a smoothed_derivative=n/a guidance_stop_epoch=145 train_acc=78.16% val_acc=48.15% best=49.02% lr=2.433887e-05 time=13.8s avg_epoch=13.6s est_planned=1h 07m 52s elapsed=59m 47s
[ALG][264/300] loss=0.9078 ce=0.9078 lg=0.0000 beta=0.0000 guidance_active_next=False raw_derivative=n/a smoothed_derivative=n/a guidance_stop_epoch=145 train_acc=78.48% val_acc=48.00% best=49.02% lr=2.334703e-05 time=14.4s avg_epoch=13.6s est_planned=1h 07m 52s elapsed=1h 00m 01s
[ALG][265/300] loss=0.8712 ce=0.8712 lg=0.0000 beta=0.0000 guidance_active_next=False raw_derivative=n/a smoothed_derivative=n/a guidance_stop_epoch=145 train_acc=79.13% val_acc=47.32% best=49.02% lr=2.238032e-05 time=13.3s avg_epoch=13.6s est_planned=1h 07m 52s elapsed=1h 00m 14s
[ALG][266/300] loss=0.9059 ce=0.9059 lg=0.0000 beta=0.0000 guidance_active_next=False raw_derivative=n/a smoothed_derivative=n/a guidance_stop_epoch=145 train_acc=78.16% val_acc=47.62% best=49.02% lr=2.1438844e-05 time=13.5s avg_epoch=13.6s est_planned=1h 07m 52s elapsed=1h 00m 28s
[ALG][267/300] loss=0.8928 ce=0.8928 lg=0.0000 beta=0.0000 guidance_active_next=False raw_derivative=n/a smoothed_derivative=n/a guidance_stop_epoch=145 train_acc=79.38% val_acc=47.58% best=49.02% lr=2.0522708e-05 time=13.6s avg_epoch=13.6s est_planned=1h 07m 52s elapsed=1h 00m 42s
[ALG][268/300] loss=0.8692 ce=0.8692 lg=0.0000 beta=0.0000 guidance_active_next=False raw_derivative=n/a smoothed_derivative=n/a guidance_stop_epoch=145 train_acc=79.13% val_acc=47.51% best=49.02% lr=1.963201e-05 time=13.2s avg_epoch=13.6s est_planned=1h 07m 52s elapsed=1h 00m 55s
[ALG][269/300] loss=0.8797 ce=0.8797 lg=0.0000 beta=0.0000 guidance_active_next=False raw_derivative=n/a smoothed_derivative=n/a guidance_stop_epoch=145 train_acc=80.38% val_acc=48.17% best=49.02% lr=1.8766848e-05 time=13.5s avg_epoch=13.6s est_planned=1h 07m 52s elapsed=1h 01m 09s
[ALG][270/300] loss=0.8732 ce=0.8732 lg=0.0000 beta=0.0000 guidance_active_next=False raw_derivative=n/a smoothed_derivative=n/a guidance_stop_epoch=145 train_acc=78.70% val_acc=47.51% best=49.02% lr=1.7927319e-05 time=13.5s avg_epoch=13.6s est_planned=1h 07m 52s elapsed=1h 01m 22s
[ALG][271/300] loss=0.8602 ce=0.8602 lg=0.0000 beta=0.0000 guidance_active_next=False raw_derivative=n/a smoothed_derivative=n/a guidance_stop_epoch=145 train_acc=79.91% val_acc=48.31% best=49.02% lr=1.7113512e-05 time=13.5s avg_epoch=13.6s est_planned=1h 07m 51s elapsed=1h 01m 36s
[ALG][272/300] loss=0.8912 ce=0.8912 lg=0.0000 beta=0.0000 guidance_active_next=False raw_derivative=n/a smoothed_derivative=n/a guidance_stop_epoch=145 train_acc=78.21% val_acc=47.79% best=49.02% lr=1.6325519e-05 time=13.5s avg_epoch=13.6s est_planned=1h 07m 51s elapsed=1h 01m 49s
[ALG][273/300] loss=0.9182 ce=0.9182 lg=0.0000 beta=0.0000 guidance_active_next=False raw_derivative=n/a smoothed_derivative=n/a guidance_stop_epoch=145 train_acc=78.38% val_acc=47.26% best=49.02% lr=1.5563424e-05 time=13.2s avg_epoch=13.6s est_planned=1h 07m 51s elapsed=1h 02m 02s
[ALG][274/300] loss=0.8887 ce=0.8887 lg=0.0000 beta=0.0000 guidance_active_next=False raw_derivative=n/a smoothed_derivative=n/a guidance_stop_epoch=145 train_acc=79.13% val_acc=47.74% best=49.02% lr=1.4827313e-05 time=13.4s avg_epoch=13.6s est_planned=1h 07m 51s elapsed=1h 02m 16s
[ALG][275/300] loss=0.9029 ce=0.9029 lg=0.0000 beta=0.0000 guidance_active_next=False raw_derivative=n/a smoothed_derivative=n/a guidance_stop_epoch=145 train_acc=79.11% val_acc=47.69% best=49.02% lr=1.4117265e-05 time=13.5s avg_epoch=13.6s est_planned=1h 07m 51s elapsed=1h 02m 30s
[ALG][276/300] loss=0.8802 ce=0.8802 lg=0.0000 beta=0.0000 guidance_active_next=False raw_derivative=n/a smoothed_derivative=n/a guidance_stop_epoch=145 train_acc=79.26% val_acc=47.55% best=49.02% lr=1.3433358e-05 time=13.4s avg_epoch=13.6s est_planned=1h 07m 51s elapsed=1h 02m 43s
[ALG][277/300] loss=0.8237 ce=0.8237 lg=0.0000 beta=0.0000 guidance_active_next=False raw_derivative=n/a smoothed_derivative=n/a guidance_stop_epoch=145 train_acc=80.72% val_acc=47.58% best=49.02% lr=1.2775668e-05 time=13.2s avg_epoch=13.6s est_planned=1h 07m 50s elapsed=1h 02m 56s
[ALG][278/300] loss=0.8519 ce=0.8519 lg=0.0000 beta=0.0000 guidance_active_next=False raw_derivative=n/a smoothed_derivative=n/a guidance_stop_epoch=145 train_acc=79.60% val_acc=48.05% best=49.02% lr=1.2144266e-05 time=13.2s avg_epoch=13.6s est_planned=1h 07m 50s elapsed=1h 03m 10s
[ALG][279/300] loss=0.8736 ce=0.8736 lg=0.0000 beta=0.0000 guidance_active_next=False raw_derivative=n/a smoothed_derivative=n/a guidance_stop_epoch=145 train_acc=79.21% val_acc=47.58% best=49.02% lr=1.1539222e-05 time=13.3s avg_epoch=13.6s est_planned=1h 07m 50s elapsed=1h 03m 23s
[ALG][280/300] loss=0.9178 ce=0.9178 lg=0.0000 beta=0.0000 guidance_active_next=False raw_derivative=n/a smoothed_derivative=n/a guidance_stop_epoch=145 train_acc=78.46% val_acc=47.58% best=49.02% lr=1.0960601e-05 time=13.5s avg_epoch=13.6s est_planned=1h 07m 50s elapsed=1h 03m 36s
[ALG][281/300] loss=0.8614 ce=0.8614 lg=0.0000 beta=0.0000 guidance_active_next=False raw_derivative=n/a smoothed_derivative=n/a guidance_stop_epoch=145 train_acc=79.70% val_acc=47.64% best=49.02% lr=1.0408469e-05 time=14.5s avg_epoch=13.6s est_planned=1h 07m 51s elapsed=1h 03m 51s
[ALG][282/300] loss=0.9074 ce=0.9074 lg=0.0000 beta=0.0000 guidance_active_next=False raw_derivative=n/a smoothed_derivative=n/a guidance_stop_epoch=145 train_acc=79.11% val_acc=47.96% best=49.02% lr=9.8828843e-06 time=13.4s avg_epoch=13.6s est_planned=1h 07m 50s elapsed=1h 04m 04s
[ALG][283/300] loss=0.8911 ce=0.8911 lg=0.0000 beta=0.0000 guidance_active_next=False raw_derivative=n/a smoothed_derivative=n/a guidance_stop_epoch=145 train_acc=78.70% val_acc=47.89% best=49.02% lr=9.3839054e-06 time=13.3s avg_epoch=13.6s est_planned=1h 07m 50s elapsed=1h 04m 18s
[ALG][284/300] loss=0.8745 ce=0.8745 lg=0.0000 beta=0.0000 guidance_active_next=False raw_derivative=n/a smoothed_derivative=n/a guidance_stop_epoch=145 train_acc=79.48% val_acc=48.02% best=49.02% lr=8.911587e-06 time=13.4s avg_epoch=13.6s est_planned=1h 07m 50s elapsed=1h 04m 31s
[ALG][285/300] loss=0.8709 ce=0.8709 lg=0.0000 beta=0.0000 guidance_active_next=False raw_derivative=n/a smoothed_derivative=n/a guidance_stop_epoch=145 train_acc=79.30% val_acc=48.08% best=49.02% lr=8.4659808e-06 time=13.3s avg_epoch=13.6s est_planned=1h 07m 50s elapsed=1h 04m 45s
[ALG][286/300] loss=0.8496 ce=0.8496 lg=0.0000 beta=0.0000 guidance_active_next=False raw_derivative=n/a smoothed_derivative=n/a guidance_stop_epoch=145 train_acc=78.91% val_acc=48.17% best=49.02% lr=8.0471357e-06 time=13.5s avg_epoch=13.6s est_planned=1h 07m 50s elapsed=1h 04m 58s
[ALG][287/300] loss=0.8505 ce=0.8505 lg=0.0000 beta=0.0000 guidance_active_next=False raw_derivative=n/a smoothed_derivative=n/a guidance_stop_epoch=145 train_acc=79.55% val_acc=47.86% best=49.02% lr=7.6550976e-06 time=13.3s avg_epoch=13.6s est_planned=1h 07m 49s elapsed=1h 05m 12s
[ALG][288/300] loss=0.8579 ce=0.8579 lg=0.0000 beta=0.0000 guidance_active_next=False raw_derivative=n/a smoothed_derivative=n/a guidance_stop_epoch=145 train_acc=79.79% val_acc=48.24% best=49.02% lr=7.2899095e-06 time=13.2s avg_epoch=13.6s est_planned=1h 07m 49s elapsed=1h 05m 25s
[ALG][289/300] loss=0.8591 ce=0.8591 lg=0.0000 beta=0.0000 guidance_active_next=False raw_derivative=n/a smoothed_derivative=n/a guidance_stop_epoch=145 train_acc=79.36% val_acc=48.41% best=49.02% lr=6.9516114e-06 time=13.3s avg_epoch=13.6s est_planned=1h 07m 49s elapsed=1h 05m 38s
[ALG][290/300] loss=0.8596 ce=0.8596 lg=0.0000 beta=0.0000 guidance_active_next=False raw_derivative=n/a smoothed_derivative=n/a guidance_stop_epoch=145 train_acc=79.48% val_acc=47.81% best=49.02% lr=6.6402405e-06 time=13.3s avg_epoch=13.6s est_planned=1h 07m 48s elapsed=1h 05m 51s
[ALG][291/300] loss=0.8747 ce=0.8747 lg=0.0000 beta=0.0000 guidance_active_next=False raw_derivative=n/a smoothed_derivative=n/a guidance_stop_epoch=145 train_acc=79.09% val_acc=48.00% best=49.02% lr=6.3558309e-06 time=13.4s avg_epoch=13.6s est_planned=1h 07m 48s elapsed=1h 06m 05s
[ALG][292/300] loss=0.8176 ce=0.8176 lg=0.0000 beta=0.0000 guidance_active_next=False raw_derivative=n/a smoothed_derivative=n/a guidance_stop_epoch=145 train_acc=81.15% val_acc=48.07% best=49.02% lr=6.0984138e-06 time=13.2s avg_epoch=13.6s est_planned=1h 07m 48s elapsed=1h 06m 18s
[ALG][293/300] loss=0.8463 ce=0.8463 lg=0.0000 beta=0.0000 guidance_active_next=False raw_derivative=n/a smoothed_derivative=n/a guidance_stop_epoch=145 train_acc=80.26% val_acc=48.02% best=49.02% lr=5.8680173e-06 time=13.6s avg_epoch=13.6s est_planned=1h 07m 48s elapsed=1h 06m 32s
[ALG][294/300] loss=0.8515 ce=0.8515 lg=0.0000 beta=0.0000 guidance_active_next=False raw_derivative=n/a smoothed_derivative=n/a guidance_stop_epoch=145 train_acc=79.67% val_acc=47.83% best=49.02% lr=5.6646669e-06 time=13.4s avg_epoch=13.6s est_planned=1h 07m 48s elapsed=1h 06m 45s
[ALG][295/300] loss=0.8670 ce=0.8670 lg=0.0000 beta=0.0000 guidance_active_next=False raw_derivative=n/a smoothed_derivative=n/a guidance_stop_epoch=145 train_acc=79.31% val_acc=47.86% best=49.02% lr=5.4883847e-06 time=13.5s avg_epoch=13.6s est_planned=1h 07m 48s elapsed=1h 06m 59s
[ALG][296/300] loss=0.8593 ce=0.8593 lg=0.0000 beta=0.0000 guidance_active_next=False raw_derivative=n/a smoothed_derivative=n/a guidance_stop_epoch=145 train_acc=79.43% val_acc=48.21% best=49.02% lr=5.3391901e-06 time=13.2s avg_epoch=13.6s est_planned=1h 07m 47s elapsed=1h 07m 12s
[ALG][297/300] loss=0.8469 ce=0.8469 lg=0.0000 beta=0.0000 guidance_active_next=False raw_derivative=n/a smoothed_derivative=n/a guidance_stop_epoch=145 train_acc=80.20% val_acc=48.14% best=49.02% lr=5.2170996e-06 time=13.2s avg_epoch=13.6s est_planned=1h 07m 47s elapsed=1h 07m 25s
[ALG][298/300] loss=0.8749 ce=0.8749 lg=0.0000 beta=0.0000 guidance_active_next=False raw_derivative=n/a smoothed_derivative=n/a guidance_stop_epoch=145 train_acc=79.08% val_acc=48.17% best=49.02% lr=5.1221263e-06 time=13.3s avg_epoch=13.6s est_planned=1h 07m 47s elapsed=1h 07m 39s
[ALG][299/300] loss=0.8689 ce=0.8689 lg=0.0000 beta=0.0000 guidance_active_next=False raw_derivative=n/a smoothed_derivative=n/a guidance_stop_epoch=145 train_acc=79.40% val_acc=48.17% best=49.02% lr=5.0542808e-06 time=13.4s avg_epoch=13.6s est_planned=1h 07m 46s elapsed=1h 07m 52s
[ALG][300/300] loss=0.8365 ce=0.8365 lg=0.0000 beta=0.0000 guidance_active_next=False raw_derivative=n/a smoothed_derivative=n/a guidance_stop_epoch=145 train_acc=80.16% val_acc=48.26% best=49.02% lr=5.0135706e-06 time=13.3s avg_epoch=13.6s est_planned=1h 07m 46s elapsed=1h 08m 05s
========================================================================
[FINAL_RESULT] alg_best_top1=49.02% paper_top1=n/a gap_to_paper=n/a
[BETA_FINAL] observed_stop_epoch=145 paper_stop_epoch=None guided_epochs=145 ce_only_epochs=155
[TIMING] avg_epoch=13.6s planned_epochs=300 estimated_total=1h 07m 46s elapsed=1h 08m 05s
[FINAL_RESULT] best_checkpoint=/app/output/cub200_lg_alg_ours_300ep_seed1/ALG/cub200/alg_cub200_deit_ti_300ep_seed1/student_best.pt
[FINAL_RESULT] latest_checkpoint=/app/output/cub200_lg_alg_ours_300ep_seed1/ALG/cub200/alg_cub200_deit_ti_300ep_seed1/student_latest.pt
[FINAL_RESULT] summary=/app/output/cub200_lg_alg_ours_300ep_seed1/ALG/cub200/alg_cub200_deit_ti_300ep_seed1/summary.json
[DONE] ALG training completed successfully; resources may be released.
[COMMAND][Ours] /usr/bin/python methods/Ours/cub200/train.py --data-dir data/cub200 --teacher-root /app/output/cub200_lg_alg_ours_300ep_seed1/teacher/teacher_cub200_resnet56_32_scratch_300ep_seed1 --output-dir /app/output/cub200_lg_alg_ours_300ep_seed1/Ours/cub200 --run-name ours_cub200_deit_ti_300ep_seed1 --num-workers 4
[BOOT] Python process started: /usr/bin/python
========================================================================
OURS / RESNET56 -> DEIT-TI
========================================================================
[ENV] python=3.10.12 torch=2.11.0+cu130 timm=1.0.27 torchvision=0.26.0+cu130
[ENV] cuda_available=True cuda_device_count=1
[ENV] gpu_name=NVIDIA H200 NVL
[ENV] gpu_memory_gib=139.80
[ENV] device=cuda amp=False seed=1
[PATH] data_dir=/app/scratch/input/bapedragon_509/data/cub200
[PATH] teacher_root=/app/output/cub200_lg_alg_ours_300ep_seed1/teacher/teacher_cub200_resnet56_32_scratch_300ep_seed1
[PATH] run_dir=/app/output/cub200_lg_alg_ours_300ep_seed1/Ours/cub200/ours_cub200_deit_ti_300ep_seed1
[MODE] smoke=False timing_run=False student_epochs=300 planned_epochs=300
[PROTOCOL] name=cub200_deit_ti_ours_scratch_teacher_v1 optimizer=AdamW lr=0.0005 min_lr=5e-06 weight_decay=0.05 warmup=20 cosine batch=64 image=224 label_smoothing=0.0 drop_path=0.1 base=lg_official
[ALG_BASE] eval_batch=200 warmup_factor=0.001 fp32=True color_jitter=0.4 auto_augment=rand-m9-mstd0.5-inc1 random_erasing=0.25/pixel/1 interpolation=bicubic normalization=ImageNet drop_last_train=True
[INPUT] shared_geometry=True student=224x224(cub200 norm) teacher=bilinear_downsample_to_32x32(ImageNet norm) eval_resize=direct
[OURS] loss=CE+beta(e)*(lambda*L_fuse+(1-lambda)*L_align) beta_on=2.5 lambda=0.5
[OURS] student_blocks=all_12 aggregation=learnable_uniform_init teacher_stages=1/2/3 teacher_input=32 student_grid=14x14 stage_grid=larger projection=1x1 deform_kernel=5 qkv_kernel=1 heads=4
[BETA] schedule=researcher_exact beta_on=2.5 metric=L_feature_combined threshold=-0.02 smoothing_window=50 controller_warm_up=20 stop_condition=smoothed_derivative>threshold epoch_numbering=one_based_adapter
[BETA] Researcher implementation: record epoch-average complete guidance loss, do not stop before warm-up, then permanently switch to CE-only when the smoothed derivative is strictly above tau.
[SOURCE] provided_snippet_sha256=8649078970b93d750a956994611b65cdec0c24f907d35d86f29d635e8a3b8624
[REPRO_STATUS] Paper-confirmed: default lambda=0.5; active lambda=0.5, ALG beta=2.5, tau=-0.02 and 50-epoch smoothing, all-block aggregation, 1x1 projection/QKV, bilinear grid alignment, 5x5 deformable attention, and frozen teacher. Active grid policy=supplied-source larger-grid policy.
[REPRO_STATUS] Researcher-synchronized choices: the complete 0.5*L_fuse+0.5*L_align guidance loss drives the controller; the controller has a 20-epoch stop warm-up and no descent-first guard. Attention heads/reduction/loss reduction follow the supplied source.
[DATA] CUB-200-2011 root=/app/scratch/input/bapedragon_509/data/cub200/CUB_200_2011
[DATA] train_samples=5994 test_samples=5794
[DATA] student_image=224 teacher_image=32 train_batch=64 eval_batch=200 num_workers=4 drop_last_train=True smoke=False split=train:official_train eval:official_test
[TEACHER] selected=best epoch=283 top1=37.25% sha256=e3db747360950e20133ef2698b464ef543edfa521b703dee45e89155d4f92815
[TEACHER_NATIVE_AUDIT] checkpoint_top1=37.25% native_direct_32px_top1=37.25% gap=+0.00pp
[TEACHER_SHARED_VIEW] resize_224_to_32px_top1=26.89% gap_to_native_checkpoint=-10.36pp diagnostic_only=True feature_path=source_faithful
[MODEL] teacher_params=868,120 student=deit_tiny_patch16_224 student_params=5,563,016 ours_trainable_params=55,901
[FEATURE_CHECK] teacher_raw=[(2, 16, 32, 32), (2, 32, 16, 16), (2, 64, 8, 8)] student_blocks=12x(2, 192, 14, 14) stage_targets=[(2, 16, 32, 32), (2, 32, 16, 16), (2, 64, 14, 14)] aligned=[(2, 16, 32, 32), (2, 32, 16, 16), (2, 64, 14, 14)] fused=[(2, 16, 32, 32), (2, 32, 16, 16), (2, 64, 14, 14)] probe_align=17.0502 probe_fuse=23.3763
[AGGREGATION_INIT] stage1[b9=0.083,b7=0.083,b8=0.083] stage2[b9=0.083,b7=0.083,b8=0.083] stage3[b9=0.083,b7=0.083,b8=0.083]
[STUDENT] optimizer=adamw lr=0.0005 weight_decay=0.05 epochs=300 effective_warmup=20
[OURS][001/300] loss=92.3217 ce=5.3326 align=32.5114 fuse=37.0799 feature=34.7957 beta=2.5000 guidance_active_next=True alg_raw_derivative=n/a alg_smoothed_derivative=n/a guidance_stop_epoch=None train_acc=0.52% val_acc=0.40% best=0.40% lr=5e-07 time=13.5s avg_epoch=13.5s est_planned=1h 07m 42s elapsed=14s saved_best
[OURS][002/300] loss=81.8358 ce=5.3328 align=24.8241 fuse=36.3783 feature=30.6012 beta=2.5000 guidance_active_next=True alg_raw_derivative=-2.097236 alg_smoothed_derivative=n/a guidance_stop_epoch=None train_acc=0.49% val_acc=0.52% best=0.52% lr=2.5475e-05 time=13.8s avg_epoch=13.7s est_planned=1h 08m 17s elapsed=28s saved_best
[OURS][003/300] loss=71.5458 ce=5.3225 align=19.3954 fuse=33.5833 feature=26.4893 beta=2.5000 guidance_active_next=True alg_raw_derivative=-2.069698 alg_smoothed_derivative=n/a guidance_stop_epoch=None train_acc=0.45% val_acc=0.54% best=0.54% lr=5.045e-05 time=15.0s avg_epoch=14.1s est_planned=1h 10m 27s elapsed=43s saved_best
[OURS][004/300] loss=65.1065 ce=5.3127 align=18.5026 fuse=29.3324 feature=23.9175 beta=2.5000 guidance_active_next=True alg_raw_derivative=-1.677802 alg_smoothed_derivative=n/a guidance_stop_epoch=None train_acc=0.37% val_acc=0.59% best=0.59% lr=7.5425e-05 time=15.0s avg_epoch=14.3s est_planned=1h 11m 34s elapsed=58s saved_best
[OURS][005/300] loss=59.4789 ce=5.3107 align=17.6977 fuse=25.6369 feature=21.6673 beta=2.5000 guidance_active_next=True alg_raw_derivative=-1.456729 alg_smoothed_derivative=n/a guidance_stop_epoch=None train_acc=0.39% val_acc=0.64% best=0.64% lr=0.0001004 time=14.9s avg_epoch=14.4s est_planned=1h 12m 11s elapsed=1m 13s saved_best
[OURS][006/300] loss=54.5586 ce=5.3022 align=16.9996 fuse=22.4055 feature=19.7026 beta=2.5000 guidance_active_next=True alg_raw_derivative=-1.298605 alg_smoothed_derivative=n/a guidance_stop_epoch=None train_acc=0.39% val_acc=0.81% best=0.81% lr=0.000125375 time=15.1s avg_epoch=14.5s est_planned=1h 12m 42s elapsed=1m 28s saved_best
[OURS][007/300] loss=50.1279 ce=5.2772 align=16.6415 fuse=19.2391 feature=17.9403 beta=2.5000 guidance_active_next=True alg_raw_derivative=-1.179327 alg_smoothed_derivative=n/a guidance_stop_epoch=None train_acc=0.64% val_acc=1.21% best=1.21% lr=0.00015035 time=15.0s avg_epoch=14.6s est_planned=1h 13m 01s elapsed=1m 43s saved_best
[OURS][008/300] loss=47.6611 ce=5.2114 align=16.0713 fuse=17.8885 feature=16.9799 beta=2.5000 guidance_active_next=True alg_raw_derivative=-1.004545 alg_smoothed_derivative=n/a guidance_stop_epoch=None train_acc=0.76% val_acc=1.54% best=1.54% lr=0.000175325 time=15.1s avg_epoch=14.7s est_planned=1h 13m 21s elapsed=1m 58s saved_best
[OURS][009/300] loss=46.2351 ce=5.1518 align=15.7756 fuse=17.0911 feature=16.4333 beta=2.5000 guidance_active_next=True alg_raw_derivative=-0.842042 alg_smoothed_derivative=n/a guidance_stop_epoch=None train_acc=1.08% val_acc=1.45% best=1.54% lr=0.0002003 time=14.7s avg_epoch=14.7s est_planned=1h 13m 22s elapsed=2m 13s
[OURS][010/300] loss=45.0231 ce=5.0881 align=15.5445 fuse=16.4035 feature=15.9740 beta=2.5000 guidance_active_next=True alg_raw_derivative=-0.719570 alg_smoothed_derivative=n/a guidance_stop_epoch=None train_acc=1.33% val_acc=2.35% best=2.35% lr=0.000225275 time=14.7s avg_epoch=14.7s est_planned=1h 13m 21s elapsed=2m 28s saved_best
[OURS][011/300] loss=43.7955 ce=5.0080 align=15.2786 fuse=15.7515 feature=15.5150 beta=2.5000 guidance_active_next=True alg_raw_derivative=-0.630462 alg_smoothed_derivative=n/a guidance_stop_epoch=None train_acc=2.02% val_acc=3.94% best=3.94% lr=0.00025025 time=15.0s avg_epoch=14.7s est_planned=1h 13m 29s elapsed=2m 43s saved_best
[OURS][012/300] loss=42.9452 ce=4.8557 align=15.1142 fuse=15.3574 feature=15.2358 beta=2.5000 guidance_active_next=True alg_raw_derivative=-0.548655 alg_smoothed_derivative=n/a guidance_stop_epoch=None train_acc=2.87% val_acc=4.54% best=4.54% lr=0.000275225 time=14.9s avg_epoch=14.7s est_planned=1h 13m 33s elapsed=2m 58s saved_best
[OURS][013/300] loss=41.6487 ce=4.7205 align=14.7791 fuse=14.7634 feature=14.7713 beta=2.5000 guidance_active_next=True alg_raw_derivative=-0.499980 alg_smoothed_derivative=n/a guidance_stop_epoch=None train_acc=4.22% val_acc=5.94% best=5.94% lr=0.0003002 time=15.2s avg_epoch=14.7s est_planned=1h 13m 44s elapsed=3m 13s saved_best
[OURS][014/300] loss=40.8055 ce=4.6018 align=14.6068 fuse=14.3562 feature=14.4815 beta=2.5000 guidance_active_next=True alg_raw_derivative=-0.449252 alg_smoothed_derivative=n/a guidance_stop_epoch=None train_acc=4.86% val_acc=6.45% best=6.45% lr=0.000325175 time=14.9s avg_epoch=14.8s est_planned=1h 13m 48s elapsed=3m 28s saved_best
[OURS][015/300] loss=40.0556 ce=4.5189 align=14.4919 fuse=13.9374 feature=14.2147 beta=2.5000 guidance_active_next=True alg_raw_derivative=-0.407139 alg_smoothed_derivative=n/a guidance_stop_epoch=None train_acc=5.44% val_acc=8.82% best=8.82% lr=0.00035015 time=14.8s avg_epoch=14.8s est_planned=1h 13m 48s elapsed=3m 43s saved_best
[OURS][016/300] loss=39.2114 ce=4.4279 align=14.3168 fuse=13.5100 feature=13.9134 beta=2.5000 guidance_active_next=True alg_raw_derivative=-0.375075 alg_smoothed_derivative=n/a guidance_stop_epoch=None train_acc=6.92% val_acc=10.72% best=10.72% lr=0.000375125 time=15.1s avg_epoch=14.8s est_planned=1h 13m 55s elapsed=3m 58s saved_best
[OURS][017/300] loss=38.3026 ce=4.3684 align=14.1075 fuse=13.0398 feature=13.5737 beta=2.5000 guidance_active_next=True alg_raw_derivative=-0.350934 alg_smoothed_derivative=n/a guidance_stop_epoch=None train_acc=7.63% val_acc=11.74% best=11.74% lr=0.0004001 time=15.0s avg_epoch=14.8s est_planned=1h 13m 59s elapsed=4m 13s saved_best
[OURS][018/300] loss=37.5093 ce=4.2692 align=13.9124 fuse=12.6796 feature=13.2960 beta=2.5000 guidance_active_next=True alg_raw_derivative=-0.327366 alg_smoothed_derivative=n/a guidance_stop_epoch=None train_acc=8.48% val_acc=11.13% best=11.74% lr=0.000425075 time=15.2s avg_epoch=14.8s est_planned=1h 14m 05s elapsed=4m 28s
[OURS][019/300] loss=36.9556 ce=4.2268 align=13.7704 fuse=12.4127 feature=13.0916 beta=2.5000 guidance_active_next=True alg_raw_derivative=-0.303668 alg_smoothed_derivative=n/a guidance_stop_epoch=None train_acc=9.36% val_acc=12.39% best=12.39% lr=0.00045005 time=14.5s avg_epoch=14.8s est_planned=1h 14m 00s elapsed=4m 43s saved_best
[OURS][020/300] loss=36.3772 ce=4.1363 align=13.6578 fuse=12.1350 feature=12.8964 beta=2.5000 guidance_active_next=True alg_raw_derivative=-0.283059 alg_smoothed_derivative=-0.869534 guidance_stop_epoch=None train_acc=10.50% val_acc=15.05% best=15.05% lr=0.000475025 time=14.9s avg_epoch=14.8s est_planned=1h 14m 02s elapsed=4m 58s saved_best
[OURS][021/300] loss=35.7916 ce=4.0596 align=13.4870 fuse=11.8986 feature=12.6928 beta=2.5000 guidance_active_next=True alg_raw_derivative=-0.265796 alg_smoothed_derivative=-0.839347 guidance_stop_epoch=None train_acc=12.18% val_acc=16.50% best=16.50% lr=0.000494592 time=14.8s avg_epoch=14.8s est_planned=1h 14m 02s elapsed=5m 13s saved_best
[OURS][022/300] loss=35.0974 ce=3.9893 align=13.2942 fuse=11.5923 feature=12.4432 beta=2.5000 guidance_active_next=True alg_raw_derivative=-0.252977 alg_smoothed_derivative=-0.811425 guidance_stop_epoch=None train_acc=12.55% val_acc=15.55% best=16.50% lr=0.000494039 time=13.9s avg_epoch=14.8s est_planned=1h 13m 50s elapsed=5m 27s
[OURS][023/300] loss=34.9089 ce=3.9288 align=13.3093 fuse=11.4748 feature=12.3920 beta=2.5000 guidance_active_next=True alg_raw_derivative=-0.233204 alg_smoothed_derivative=-0.785142 guidance_stop_epoch=None train_acc=14.15% val_acc=18.86% best=18.86% lr=0.000493461 time=15.2s avg_epoch=14.8s est_planned=1h 13m 56s elapsed=5m 42s saved_best
[OURS][024/300] loss=34.1720 ce=3.8771 align=13.0366 fuse=11.1993 feature=12.1180 beta=2.5000 guidance_active_next=True alg_raw_derivative=-0.225191 alg_smoothed_derivative=-0.760796 guidance_stop_epoch=None train_acc=14.89% val_acc=19.74% best=19.74% lr=0.000492856 time=15.2s avg_epoch=14.8s est_planned=1h 14m 00s elapsed=5m 58s saved_best
[OURS][025/300] loss=33.7855 ce=3.8180 align=12.9372 fuse=11.0367 feature=11.9870 beta=2.5000 guidance_active_next=True alg_raw_derivative=-0.212415 alg_smoothed_derivative=-0.737947 guidance_stop_epoch=None train_acc=15.56% val_acc=22.20% best=22.20% lr=0.000492224 time=15.4s avg_epoch=14.8s est_planned=1h 14m 07s elapsed=6m 13s saved_best
[OURS][026/300] loss=33.3893 ce=3.7580 align=12.8115 fuse=10.8936 feature=11.8525 beta=2.5000 guidance_active_next=True alg_raw_derivative=-0.201246 alg_smoothed_derivative=-0.716479 guidance_stop_epoch=None train_acc=16.70% val_acc=22.14% best=22.20% lr=0.000491567 time=15.2s avg_epoch=14.8s est_planned=1h 14m 12s elapsed=6m 28s
[OURS][027/300] loss=33.0093 ce=3.7214 align=12.6745 fuse=10.7558 feature=11.7152 beta=2.5000 guidance_active_next=True alg_raw_derivative=-0.191427 alg_smoothed_derivative=-0.696285 guidance_stop_epoch=None train_acc=17.86% val_acc=21.85% best=22.20% lr=0.000490883 time=15.3s avg_epoch=14.9s est_planned=1h 14m 18s elapsed=6m 44s
[OURS][028/300] loss=32.5336 ce=3.6687 align=12.5346 fuse=10.5574 feature=11.5460 beta=2.5000 guidance_active_next=True alg_raw_derivative=-0.183796 alg_smoothed_derivative=-0.677304 guidance_stop_epoch=None train_acc=18.31% val_acc=23.96% best=23.96% lr=0.000490173 time=14.7s avg_epoch=14.9s est_planned=1h 14m 16s elapsed=6m 59s saved_best
[OURS][029/300] loss=32.2638 ce=3.6661 align=12.4402 fuse=10.4380 feature=11.4391 beta=2.5000 guidance_active_next=True alg_raw_derivative=-0.174805 alg_smoothed_derivative=-0.659357 guidance_stop_epoch=None train_acc=19.30% val_acc=25.79% best=25.79% lr=0.000489437 time=15.1s avg_epoch=14.9s est_planned=1h 14m 19s elapsed=7m 14s saved_best
[OURS][030/300] loss=31.9245 ce=3.5813 align=12.3688 fuse=10.3058 feature=11.3373 beta=2.5000 guidance_active_next=True alg_raw_derivative=-0.166546 alg_smoothed_derivative=-0.642364 guidance_stop_epoch=None train_acc=20.33% val_acc=25.73% best=25.79% lr=0.000488674 time=15.1s avg_epoch=14.9s est_planned=1h 14m 21s elapsed=7m 29s
[OURS][031/300] loss=31.7316 ce=3.5447 align=12.3189 fuse=10.2306 feature=11.2748 beta=2.5000 guidance_active_next=True alg_raw_derivative=-0.157817 alg_smoothed_derivative=-0.626212 guidance_stop_epoch=None train_acc=20.31% val_acc=25.30% best=25.79% lr=0.000487886 time=14.9s avg_epoch=14.9s est_planned=1h 14m 21s elapsed=7m 44s
[OURS][032/300] loss=31.4041 ce=3.4535 align=12.2265 fuse=10.1339 feature=11.1802 beta=2.5000 guidance_active_next=True alg_raw_derivative=-0.150909 alg_smoothed_derivative=-0.610880 guidance_stop_epoch=None train_acc=22.35% val_acc=26.86% best=26.86% lr=0.000487073 time=14.7s avg_epoch=14.9s est_planned=1h 14m 19s elapsed=7m 59s saved_best
[OURS][033/300] loss=31.0400 ce=3.4462 align=12.0677 fuse=10.0073 feature=11.0375 beta=2.5000 guidance_active_next=True alg_raw_derivative=-0.146087 alg_smoothed_derivative=-0.596355 guidance_stop_epoch=None train_acc=22.36% val_acc=28.81% best=28.81% lr=0.000486233 time=14.9s avg_epoch=14.9s est_planned=1h 14m 19s elapsed=8m 14s saved_best
[OURS][034/300] loss=31.0755 ce=3.4027 align=12.1151 fuse=10.0232 feature=11.0691 beta=2.5000 guidance_active_next=True alg_raw_derivative=-0.136564 alg_smoothed_derivative=-0.582422 guidance_stop_epoch=None train_acc=22.48% val_acc=29.06% best=29.06% lr=0.000485368 time=15.7s avg_epoch=14.9s est_planned=1h 14m 27s elapsed=8m 29s saved_best
[OURS][035/300] loss=30.5672 ce=3.3487 align=11.9509 fuse=9.8239 feature=10.8874 beta=2.5000 guidance_active_next=True alg_raw_derivative=-0.133953 alg_smoothed_derivative=-0.569232 guidance_stop_epoch=None train_acc=24.04% val_acc=30.48% best=30.48% lr=0.000484477 time=15.3s avg_epoch=14.9s est_planned=1h 14m 31s elapsed=8m 45s saved_best
[OURS][036/300] loss=30.3607 ce=3.3377 align=11.8502 fuse=9.7682 feature=10.8092 beta=2.5000 guidance_active_next=True alg_raw_derivative=-0.128683 alg_smoothed_derivative=-0.556645 guidance_stop_epoch=None train_acc=24.90% val_acc=29.88% best=30.48% lr=0.000483561 time=14.1s avg_epoch=14.9s est_planned=1h 14m 24s elapsed=8m 59s
[OURS][037/300] loss=30.1869 ce=3.3198 align=11.8159 fuse=9.6778 feature=10.7468 beta=2.5000 guidance_active_next=True alg_raw_derivative=-0.123413 alg_smoothed_derivative=-0.544610 guidance_stop_epoch=None train_acc=24.75% val_acc=31.15% best=31.15% lr=0.00048262 time=14.4s avg_epoch=14.9s est_planned=1h 14m 20s elapsed=9m 13s saved_best
[OURS][038/300] loss=29.4011 ce=3.2121 align=11.5179 fuse=9.4333 feature=10.4756 beta=2.5000 guidance_active_next=True alg_raw_derivative=-0.124055 alg_smoothed_derivative=-0.533244 guidance_stop_epoch=None train_acc=26.39% val_acc=32.43% best=32.43% lr=0.000481653 time=14.9s avg_epoch=14.9s est_planned=1h 14m 20s elapsed=9m 29s saved_best
[OURS][039/300] loss=29.1600 ce=3.1795 align=11.4313 fuse=9.3531 feature=10.3922 beta=2.5000 guidance_active_next=True alg_raw_derivative=-0.119831 alg_smoothed_derivative=-0.522365 guidance_stop_epoch=None train_acc=26.68% val_acc=32.86% best=32.86% lr=0.000480661 time=14.8s avg_epoch=14.9s est_planned=1h 14m 20s elapsed=9m 43s saved_best
[OURS][040/300] loss=28.6060 ce=3.1432 align=11.2201 fuse=9.1501 feature=10.1851 beta=2.5000 guidance_active_next=True alg_raw_derivative=-0.119017 alg_smoothed_derivative=-0.512022 guidance_stop_epoch=None train_acc=27.76% val_acc=33.98% best=33.98% lr=0.000479644 time=13.3s avg_epoch=14.8s est_planned=1h 14m 09s elapsed=9m 57s saved_best
[OURS][041/300] loss=28.2990 ce=3.1250 align=11.0792 fuse=9.0599 feature=10.0696 beta=2.5000 guidance_active_next=True alg_raw_derivative=-0.116030 alg_smoothed_derivative=-0.502123 guidance_stop_epoch=None train_acc=27.87% val_acc=33.55% best=33.98% lr=0.000478603 time=13.1s avg_epoch=14.8s est_planned=1h 13m 56s elapsed=10m 10s
[OURS][042/300] loss=28.1861 ce=3.0762 align=11.0679 fuse=9.0201 feature=10.0440 beta=2.5000 guidance_active_next=True alg_raw_derivative=-0.111114 alg_smoothed_derivative=-0.492586 guidance_stop_epoch=None train_acc=28.29% val_acc=33.41% best=33.98% lr=0.000477536 time=14.5s avg_epoch=14.8s est_planned=1h 13m 54s elapsed=10m 25s
[OURS][043/300] loss=27.9520 ce=3.0454 align=10.9701 fuse=8.9552 feature=9.9627 beta=2.5000 guidance_active_next=True alg_raw_derivative=-0.107837 alg_smoothed_derivative=-0.483425 guidance_stop_epoch=None train_acc=29.87% val_acc=34.45% best=34.45% lr=0.000476445 time=14.0s avg_epoch=14.8s est_planned=1h 13m 48s elapsed=10m 39s saved_best
[OURS][044/300] loss=27.6634 ce=2.9829 align=10.8889 fuse=8.8556 feature=9.8722 beta=2.5000 guidance_active_next=True alg_raw_derivative=-0.104991 alg_smoothed_derivative=-0.474624 guidance_stop_epoch=None train_acc=30.06% val_acc=35.69% best=35.69% lr=0.000475329 time=15.3s avg_epoch=14.8s est_planned=1h 13m 52s elapsed=10m 54s saved_best
[OURS][045/300] loss=27.3570 ce=2.9304 align=10.7752 fuse=8.7661 feature=9.7707 beta=2.5000 guidance_active_next=True alg_raw_derivative=-0.102581 alg_smoothed_derivative=-0.466169 guidance_stop_epoch=None train_acc=32.21% val_acc=34.76% best=35.69% lr=0.000474189 time=14.9s avg_epoch=14.8s est_planned=1h 13m 53s elapsed=11m 09s
[OURS][046/300] loss=27.2572 ce=2.9317 align=10.7339 fuse=8.7265 feature=9.7302 beta=2.5000 guidance_active_next=True alg_raw_derivative=-0.099001 alg_smoothed_derivative=-0.458010 guidance_stop_epoch=None train_acc=31.38% val_acc=36.68% best=36.68% lr=0.000473024 time=14.2s avg_epoch=14.8s est_planned=1h 13m 49s elapsed=11m 23s saved_best
[OURS][047/300] loss=27.0245 ce=2.9019 align=10.6377 fuse=8.6603 feature=9.6490 beta=2.5000 guidance_active_next=True alg_raw_derivative=-0.096515 alg_smoothed_derivative=-0.450151 guidance_stop_epoch=None train_acc=33.03% val_acc=35.85% best=36.68% lr=0.000471835 time=14.5s avg_epoch=14.8s est_planned=1h 13m 47s elapsed=11m 38s
[OURS][048/300] loss=26.8525 ce=2.8590 align=10.5926 fuse=8.6022 feature=9.5974 beta=2.5000 guidance_active_next=True alg_raw_derivative=-0.093569 alg_smoothed_derivative=-0.442564 guidance_stop_epoch=None train_acc=33.59% val_acc=38.66% best=38.66% lr=0.000470623 time=14.8s avg_epoch=14.8s est_planned=1h 13m 47s elapsed=11m 53s saved_best
[OURS][049/300] loss=26.7077 ce=2.8713 align=10.5178 fuse=8.5513 feature=9.5346 beta=2.5000 guidance_active_next=True alg_raw_derivative=-0.091032 alg_smoothed_derivative=-0.435241 guidance_stop_epoch=None train_acc=32.78% val_acc=37.90% best=38.66% lr=0.000469386 time=14.1s avg_epoch=14.7s est_planned=1h 13m 44s elapsed=12m 07s
[OURS][050/300] loss=26.4346 ce=2.7743 align=10.4513 fuse=8.4770 feature=9.4641 beta=2.5000 guidance_active_next=True alg_raw_derivative=-0.088800 alg_smoothed_derivative=-0.428170 guidance_stop_epoch=None train_acc=34.31% val_acc=37.80% best=38.66% lr=0.000468125 time=14.2s avg_epoch=14.7s est_planned=1h 13m 40s elapsed=12m 21s
[OURS][051/300] loss=26.4033 ce=2.7624 align=10.4417 fuse=8.4711 feature=9.4564 beta=2.5000 guidance_active_next=True alg_raw_derivative=-0.506786 alg_smoothed_derivative=-0.429743 guidance_stop_epoch=None train_acc=35.15% val_acc=37.25% best=38.66% lr=0.000466841 time=15.2s avg_epoch=14.7s est_planned=1h 13m 43s elapsed=12m 36s
[OURS][052/300] loss=26.2509 ce=2.7697 align=10.3675 fuse=8.4174 feature=9.3925 beta=2.5000 guidance_active_next=True alg_raw_derivative=-0.424175 alg_smoothed_derivative=-0.396281 guidance_stop_epoch=None train_acc=35.37% val_acc=38.63% best=38.66% lr=0.000465534 time=14.2s avg_epoch=14.7s est_planned=1h 13m 40s elapsed=12m 51s
[OURS][053/300] loss=26.1990 ce=2.7157 align=10.3940 fuse=8.3927 feature=9.3933 beta=2.5000 guidance_active_next=True alg_raw_derivative=-0.341920 alg_smoothed_derivative=-0.361726 guidance_stop_epoch=None train_acc=37.00% val_acc=37.59% best=38.66% lr=0.000464203 time=14.1s avg_epoch=14.7s est_planned=1h 13m 36s elapsed=13m 05s
[OURS][054/300] loss=26.1598 ce=2.7076 align=10.3781 fuse=8.3837 feature=9.3809 beta=2.5000 guidance_active_next=True alg_raw_derivative=-0.290733 alg_smoothed_derivative=-0.333984 guidance_stop_epoch=None train_acc=36.76% val_acc=40.13% best=40.13% lr=0.000462848 time=13.5s avg_epoch=14.7s est_planned=1h 13m 30s elapsed=13m 19s saved_best
[OURS][055/300] loss=26.0160 ce=2.6208 align=10.3491 fuse=8.3670 feature=9.3581 beta=2.5000 guidance_active_next=True alg_raw_derivative=-0.246185 alg_smoothed_derivative=-0.309774 guidance_stop_epoch=None train_acc=38.16% val_acc=38.89% best=40.13% lr=0.000461471 time=14.1s avg_epoch=14.7s est_planned=1h 13m 27s elapsed=13m 33s
[OURS][056/300] loss=25.7706 ce=2.6558 align=10.2240 fuse=8.2679 feature=9.2459 beta=2.5000 guidance_active_next=True alg_raw_derivative=-0.209132 alg_smoothed_derivative=-0.287984 guidance_stop_epoch=None train_acc=38.09% val_acc=40.49% best=40.49% lr=0.000460071 time=14.5s avg_epoch=14.7s est_planned=1h 13m 26s elapsed=13m 47s saved_best
[OURS][057/300] loss=25.6504 ce=2.5838 align=10.2047 fuse=8.2486 feature=9.2266 beta=2.5000 guidance_active_next=True alg_raw_derivative=-0.174273 alg_smoothed_derivative=-0.267883 guidance_stop_epoch=None train_acc=38.64% val_acc=40.42% best=40.49% lr=0.000458648 time=13.7s avg_epoch=14.7s est_planned=1h 13m 21s elapsed=14m 01s
[OURS][058/300] loss=25.6610 ce=2.6255 align=10.1985 fuse=8.2298 feature=9.2142 beta=2.5000 guidance_active_next=True alg_raw_derivative=-0.155315 alg_smoothed_derivative=-0.250898 guidance_stop_epoch=None train_acc=38.34% val_acc=40.82% best=40.82% lr=0.000457202 time=14.4s avg_epoch=14.7s est_planned=1h 13m 19s elapsed=14m 16s saved_best
[OURS][059/300] loss=25.3760 ce=2.5344 align=10.1071 fuse=8.1662 feature=9.1366 beta=2.5000 guidance_active_next=True alg_raw_derivative=-0.145934 alg_smoothed_derivative=-0.236976 guidance_stop_epoch=None train_acc=39.55% val_acc=40.23% best=40.82% lr=0.000455734 time=14.5s avg_epoch=14.7s est_planned=1h 13m 18s elapsed=14m 30s
[OURS][060/300] loss=25.3897 ce=2.5135 align=10.1246 fuse=8.1763 feature=9.1505 beta=2.5000 guidance_active_next=True alg_raw_derivative=-0.136470 alg_smoothed_derivative=-0.225314 guidance_stop_epoch=None train_acc=40.78% val_acc=40.61% best=40.82% lr=0.000454244 time=14.2s avg_epoch=14.7s est_planned=1h 13m 16s elapsed=14m 44s
[OURS][061/300] loss=25.2721 ce=2.5172 align=10.0585 fuse=8.1455 feature=9.1020 beta=2.5000 guidance_active_next=True alg_raw_derivative=-0.128261 alg_smoothed_derivative=-0.215270 guidance_stop_epoch=None train_acc=40.00% val_acc=40.40% best=40.82% lr=0.000452732 time=15.2s avg_epoch=14.7s est_planned=1h 13m 18s elapsed=15m 00s
[OURS][062/300] loss=24.9934 ce=2.4943 align=9.9591 fuse=8.0402 feature=8.9996 beta=2.5000 guidance_active_next=True alg_raw_derivative=-0.124723 alg_smoothed_derivative=-0.206792 guidance_stop_epoch=None train_acc=41.52% val_acc=40.77% best=40.82% lr=0.000451197 time=14.7s avg_epoch=14.7s est_planned=1h 13m 18s elapsed=15m 14s
[OURS][063/300] loss=24.8450 ce=2.4167 align=9.9209 fuse=8.0217 feature=8.9713 beta=2.5000 guidance_active_next=True alg_raw_derivative=-0.115999 alg_smoothed_derivative=-0.199112 guidance_stop_epoch=None train_acc=42.96% val_acc=42.15% best=42.15% lr=0.000449641 time=14.8s avg_epoch=14.7s est_planned=1h 13m 19s elapsed=15m 29s saved_best
[OURS][064/300] loss=24.8394 ce=2.4331 align=9.9047 fuse=8.0203 feature=8.9625 beta=2.5000 guidance_active_next=True alg_raw_derivative=-0.110379 alg_smoothed_derivative=-0.192335 guidance_stop_epoch=None train_acc=42.19% val_acc=42.65% best=42.65% lr=0.000448063 time=14.7s avg_epoch=14.7s est_planned=1h 13m 19s elapsed=15m 44s saved_best
[OURS][065/300] loss=24.6957 ce=2.4117 align=9.8602 fuse=7.9670 feature=8.9136 beta=2.5000 guidance_active_next=True alg_raw_derivative=-0.106021 alg_smoothed_derivative=-0.186312 guidance_stop_epoch=None train_acc=42.78% val_acc=43.36% best=43.36% lr=0.000446464 time=15.2s avg_epoch=14.7s est_planned=1h 13m 21s elapsed=15m 59s saved_best
[OURS][066/300] loss=24.8935 ce=2.3785 align=9.9677 fuse=8.0443 feature=9.0060 beta=2.5000 guidance_active_next=True alg_raw_derivative=-0.098148 alg_smoothed_derivative=-0.180774 guidance_stop_epoch=None train_acc=43.40% val_acc=42.11% best=43.36% lr=0.000444844 time=14.6s avg_epoch=14.7s est_planned=1h 13m 21s elapsed=16m 14s
[OURS][067/300] loss=24.5881 ce=2.3454 align=9.8343 fuse=7.9599 feature=8.8971 beta=2.5000 guidance_active_next=True alg_raw_derivative=-0.093531 alg_smoothed_derivative=-0.175626 guidance_stop_epoch=None train_acc=44.19% val_acc=42.30% best=43.36% lr=0.000443202 time=14.9s avg_epoch=14.7s est_planned=1h 13m 22s elapsed=16m 29s
[OURS][068/300] loss=24.3744 ce=2.3376 align=9.7395 fuse=7.8900 feature=8.8147 beta=2.5000 guidance_active_next=True alg_raw_derivative=-0.089626 alg_smoothed_derivative=-0.170871 guidance_stop_epoch=None train_acc=43.57% val_acc=42.99% best=43.36% lr=0.00044154 time=15.0s avg_epoch=14.7s est_planned=1h 13m 24s elapsed=16m 44s
[OURS][069/300] loss=24.5012 ce=2.3273 align=9.8044 fuse=7.9347 feature=8.8695 beta=2.5000 guidance_active_next=True alg_raw_derivative=-0.084440 alg_smoothed_derivative=-0.166486 guidance_stop_epoch=None train_acc=44.99% val_acc=42.58% best=43.36% lr=0.000439856 time=14.6s avg_epoch=14.7s est_planned=1h 13m 23s elapsed=16m 59s
[OURS][070/300] loss=24.4489 ce=2.2776 align=9.8004 fuse=7.9367 feature=8.8685 beta=2.5000 guidance_active_next=True alg_raw_derivative=-0.080557 alg_smoothed_derivative=-0.162436 guidance_stop_epoch=None train_acc=46.29% val_acc=45.06% best=45.06% lr=0.000438152 time=13.9s avg_epoch=14.7s est_planned=1h 13m 20s elapsed=17m 13s saved_best
[OURS][071/300] loss=24.3248 ce=2.2922 align=9.7470 fuse=7.8790 feature=8.8130 beta=2.5000 guidance_active_next=True alg_raw_derivative=-0.077596 alg_smoothed_derivative=-0.158672 guidance_stop_epoch=None train_acc=45.50% val_acc=43.84% best=45.06% lr=0.000436428 time=14.1s avg_epoch=14.7s est_planned=1h 13m 17s elapsed=17m 27s
[OURS][072/300] loss=24.2220 ce=2.2365 align=9.7248 fuse=7.8637 feature=8.7942 beta=2.5000 guidance_active_next=True alg_raw_derivative=-0.072980 alg_smoothed_derivative=-0.155072 guidance_stop_epoch=None train_acc=46.84% val_acc=44.67% best=45.06% lr=0.000434684 time=13.2s avg_epoch=14.6s est_planned=1h 13m 11s elapsed=17m 40s
[OURS][073/300] loss=24.1279 ce=2.2072 align=9.7030 fuse=7.8336 feature=8.7683 beta=2.5000 guidance_active_next=True alg_raw_derivative=-0.072475 alg_smoothed_derivative=-0.151858 guidance_stop_epoch=None train_acc=47.82% val_acc=44.34% best=45.06% lr=0.00043292 time=14.3s avg_epoch=14.6s est_planned=1h 13m 10s elapsed=17m 54s
[OURS][074/300] loss=24.1199 ce=2.2230 align=9.6805 fuse=7.8370 feature=8.7588 beta=2.5000 guidance_active_next=True alg_raw_derivative=-0.067184 alg_smoothed_derivative=-0.148698 guidance_stop_epoch=None train_acc=47.14% val_acc=43.04% best=45.06% lr=0.000431136 time=14.2s avg_epoch=14.6s est_planned=1h 13m 08s elapsed=18m 09s
[OURS][075/300] loss=24.0312 ce=2.1773 align=9.6702 fuse=7.8129 feature=8.7416 beta=2.5000 guidance_active_next=True alg_raw_derivative=-0.064908 alg_smoothed_derivative=-0.145747 guidance_stop_epoch=None train_acc=47.85% val_acc=44.08% best=45.06% lr=0.000429332 time=13.3s avg_epoch=14.6s est_planned=1h 13m 03s elapsed=18m 22s
[OURS][076/300] loss=24.0949 ce=2.1971 align=9.6871 fuse=7.8310 feature=8.7591 beta=2.5000 guidance_active_next=True alg_raw_derivative=-0.061869 alg_smoothed_derivative=-0.142960 guidance_stop_epoch=None train_acc=47.58% val_acc=44.75% best=45.06% lr=0.000427509 time=13.9s avg_epoch=14.6s est_planned=1h 13m 00s elapsed=18m 36s
[OURS][077/300] loss=23.7345 ce=2.1477 align=9.5487 fuse=7.7207 feature=8.6347 beta=2.5000 guidance_active_next=True alg_raw_derivative=-0.061609 alg_smoothed_derivative=-0.140364 guidance_stop_epoch=None train_acc=49.13% val_acc=45.18% best=45.18% lr=0.000425667 time=14.2s avg_epoch=14.6s est_planned=1h 12m 59s elapsed=18m 50s saved_best
[OURS][078/300] loss=23.9154 ce=2.1628 align=9.6285 fuse=7.7737 feature=8.7011 beta=2.5000 guidance_active_next=True alg_raw_derivative=-0.056899 alg_smoothed_derivative=-0.137826 guidance_stop_epoch=None train_acc=48.52% val_acc=44.77% best=45.18% lr=0.000423805 time=14.1s avg_epoch=14.6s est_planned=1h 12m 57s elapsed=19m 04s
[OURS][079/300] loss=23.7615 ce=2.1263 align=9.5734 fuse=7.7347 feature=8.6541 beta=2.5000 guidance_active_next=True alg_raw_derivative=-0.055700 alg_smoothed_derivative=-0.135443 guidance_stop_epoch=None train_acc=50.08% val_acc=42.80% best=45.18% lr=0.000421925 time=14.2s avg_epoch=14.6s est_planned=1h 12m 55s elapsed=19m 19s
[OURS][080/300] loss=23.6416 ce=2.1042 align=9.5314 fuse=7.6985 feature=8.6150 beta=2.5000 guidance_active_next=True alg_raw_derivative=-0.054447 alg_smoothed_derivative=-0.133201 guidance_stop_epoch=None train_acc=49.46% val_acc=45.13% best=45.18% lr=0.000420027 time=13.4s avg_epoch=14.6s est_planned=1h 12m 51s elapsed=19m 32s
[OURS][081/300] loss=23.5925 ce=2.1498 align=9.4762 fuse=7.6780 feature=8.5771 beta=2.5000 guidance_active_next=True alg_raw_derivative=-0.053954 alg_smoothed_derivative=-0.131124 guidance_stop_epoch=None train_acc=48.67% val_acc=45.27% best=45.27% lr=0.00041811 time=13.3s avg_epoch=14.6s est_planned=1h 12m 46s elapsed=19m 46s saved_best
[OURS][082/300] loss=23.5028 ce=2.0952 align=9.4641 fuse=7.6619 feature=8.5630 beta=2.5000 guidance_active_next=True alg_raw_derivative=-0.052343 alg_smoothed_derivative=-0.129153 guidance_stop_epoch=None train_acc=50.15% val_acc=44.49% best=45.27% lr=0.000416175 time=15.1s avg_epoch=14.6s est_planned=1h 12m 48s elapsed=20m 01s
[OURS][083/300] loss=23.5584 ce=2.0937 align=9.4885 fuse=7.6832 feature=8.5859 beta=2.5000 guidance_active_next=True alg_raw_derivative=-0.049033 alg_smoothed_derivative=-0.127212 guidance_stop_epoch=None train_acc=50.45% val_acc=46.01% best=46.01% lr=0.000414222 time=14.8s avg_epoch=14.6s est_planned=1h 12m 49s elapsed=20m 16s saved_best
[OURS][084/300] loss=23.4809 ce=2.0053 align=9.4902 fuse=7.6902 feature=8.5902 beta=2.5000 guidance_active_next=True alg_raw_derivative=-0.049578 alg_smoothed_derivative=-0.125472 guidance_stop_epoch=None train_acc=52.27% val_acc=44.56% best=46.01% lr=0.000412251 time=14.6s avg_epoch=14.6s est_planned=1h 12m 49s elapsed=20m 30s
[OURS][085/300] loss=23.3575 ce=2.0388 align=9.4279 fuse=7.6271 feature=8.5275 beta=2.5000 guidance_active_next=True alg_raw_derivative=-0.047198 alg_smoothed_derivative=-0.123737 guidance_stop_epoch=None train_acc=51.97% val_acc=44.37% best=46.01% lr=0.000410262 time=13.8s avg_epoch=14.6s est_planned=1h 12m 46s elapsed=20m 44s
[OURS][086/300] loss=23.3412 ce=2.0021 align=9.4365 fuse=7.6347 feature=8.5356 beta=2.5000 guidance_active_next=True alg_raw_derivative=-0.045472 alg_smoothed_derivative=-0.122073 guidance_stop_epoch=None train_acc=52.02% val_acc=44.56% best=46.01% lr=0.000408257 time=14.9s avg_epoch=14.6s est_planned=1h 12m 47s elapsed=20m 59s
[OURS][087/300] loss=23.3015 ce=2.0356 align=9.4031 fuse=7.6096 feature=8.5064 beta=2.5000 guidance_active_next=True alg_raw_derivative=-0.044809 alg_smoothed_derivative=-0.120501 guidance_stop_epoch=None train_acc=51.86% val_acc=42.27% best=46.01% lr=0.000406234 time=13.9s avg_epoch=14.6s est_planned=1h 12m 45s elapsed=21m 13s
[OURS][088/300] loss=23.2688 ce=1.9915 align=9.4063 fuse=7.6155 feature=8.5109 beta=2.5000 guidance_active_next=True alg_raw_derivative=-0.039294 alg_smoothed_derivative=-0.118805 guidance_stop_epoch=None train_acc=52.69% val_acc=45.03% best=46.01% lr=0.000404194 time=14.0s avg_epoch=14.5s est_planned=1h 12m 44s elapsed=21m 27s
[OURS][089/300] loss=23.2362 ce=1.9610 align=9.4039 fuse=7.6162 feature=8.5101 beta=2.5000 guidance_active_next=True alg_raw_derivative=-0.037643 alg_smoothed_derivative=-0.117162 guidance_stop_epoch=None train_acc=53.53% val_acc=44.72% best=46.01% lr=0.000402138 time=14.9s avg_epoch=14.5s est_planned=1h 12m 45s elapsed=21m 42s
[OURS][090/300] loss=23.0693 ce=1.9058 align=9.3537 fuse=7.5772 feature=8.4654 beta=2.5000 guidance_active_next=True alg_raw_derivative=-0.034394 alg_smoothed_derivative=-0.115469 guidance_stop_epoch=None train_acc=54.08% val_acc=45.32% best=46.01% lr=0.000400066 time=13.6s avg_epoch=14.5s est_planned=1h 12m 42s elapsed=21m 56s
[OURS][091/300] loss=23.1527 ce=1.9328 align=9.3859 fuse=7.5900 feature=8.4879 beta=2.5000 guidance_active_next=True alg_raw_derivative=-0.031633 alg_smoothed_derivative=-0.113781 guidance_stop_epoch=None train_acc=53.85% val_acc=44.99% best=46.01% lr=0.000397977 time=14.3s avg_epoch=14.5s est_planned=1h 12m 41s elapsed=22m 10s
[OURS][092/300] loss=23.0779 ce=1.9633 align=9.3234 fuse=7.5683 feature=8.4459 beta=2.5000 guidance_active_next=True alg_raw_derivative=-0.031962 alg_smoothed_derivative=-0.112198 guidance_stop_epoch=None train_acc=53.83% val_acc=44.75% best=46.01% lr=0.000395872 time=14.4s avg_epoch=14.5s est_planned=1h 12m 40s elapsed=22m 24s
[OURS][093/300] loss=22.9444 ce=1.9109 align=9.2947 fuse=7.5322 feature=8.4134 beta=2.5000 guidance_active_next=True alg_raw_derivative=-0.030985 alg_smoothed_derivative=-0.110661 guidance_stop_epoch=None train_acc=53.81% val_acc=45.39% best=46.01% lr=0.000393752 time=13.9s avg_epoch=14.5s est_planned=1h 12m 38s elapsed=22m 38s
[OURS][094/300] loss=22.8919 ce=1.8749 align=9.2916 fuse=7.5219 feature=8.4068 beta=2.5000 guidance_active_next=True alg_raw_derivative=-0.029309 alg_smoothed_derivative=-0.109148 guidance_stop_epoch=None train_acc=55.17% val_acc=44.30% best=46.01% lr=0.000391616 time=13.3s avg_epoch=14.5s est_planned=1h 12m 34s elapsed=22m 52s
[OURS][095/300] loss=22.9002 ce=1.8548 align=9.3079 fuse=7.5285 feature=8.4182 beta=2.5000 guidance_active_next=True alg_raw_derivative=-0.027050 alg_smoothed_derivative=-0.107637 guidance_stop_epoch=None train_acc=55.54% val_acc=45.53% best=46.01% lr=0.000389464 time=13.7s avg_epoch=14.5s est_planned=1h 12m 32s elapsed=23m 06s
[OURS][096/300] loss=22.8845 ce=1.9018 align=9.2681 fuse=7.5180 feature=8.3931 beta=2.5000 guidance_active_next=True alg_raw_derivative=-0.026742 alg_smoothed_derivative=-0.106192 guidance_stop_epoch=None train_acc=55.54% val_acc=46.12% best=46.12% lr=0.000387298 time=13.0s avg_epoch=14.5s est_planned=1h 12m 27s elapsed=23m 19s saved_best
[OURS][097/300] loss=22.7533 ce=1.8222 align=9.2573 fuse=7.4875 feature=8.3724 beta=2.5000 guidance_active_next=True alg_raw_derivative=-0.025532 alg_smoothed_derivative=-0.104772 guidance_stop_epoch=None train_acc=56.85% val_acc=45.50% best=46.12% lr=0.000385117 time=13.1s avg_epoch=14.5s est_planned=1h 12m 23s elapsed=23m 32s
[OURS][098/300] loss=22.6417 ce=1.8018 align=9.2146 fuse=7.4573 feature=8.3360 beta=2.5000 guidance_active_next=True alg_raw_derivative=-0.025229 alg_smoothed_derivative=-0.103405 guidance_stop_epoch=None train_acc=56.62% val_acc=44.98% best=46.12% lr=0.000382922 time=13.2s avg_epoch=14.5s est_planned=1h 12m 19s elapsed=23m 45s
[OURS][099/300] loss=22.7492 ce=1.8180 align=9.2552 fuse=7.4898 feature=8.3725 beta=2.5000 guidance_active_next=True alg_raw_derivative=-0.023241 alg_smoothed_derivative=-0.102050 guidance_stop_epoch=None train_acc=56.55% val_acc=44.22% best=46.12% lr=0.000380712 time=13.0s avg_epoch=14.4s est_planned=1h 12m 14s elapsed=23m 58s
[OURS][100/300] loss=22.5619 ce=1.8084 align=9.1672 fuse=7.4356 feature=8.3014 beta=2.5000 guidance_active_next=True alg_raw_derivative=-0.023255 alg_smoothed_derivative=-0.100739 guidance_stop_epoch=None train_acc=56.60% val_acc=45.34% best=46.12% lr=0.000378488 time=13.2s avg_epoch=14.4s est_planned=1h 12m 11s elapsed=24m 11s
[OURS][101/300] loss=22.5611 ce=1.8062 align=9.1769 fuse=7.4270 feature=8.3020 beta=2.5000 guidance_active_next=True alg_raw_derivative=-0.023088 alg_smoothed_derivative=-0.091065 guidance_stop_epoch=None train_acc=57.11% val_acc=46.15% best=46.15% lr=0.00037625 time=13.2s avg_epoch=14.4s est_planned=1h 12m 07s elapsed=24m 25s saved_best
[OURS][102/300] loss=22.5207 ce=1.7865 align=9.1732 fuse=7.4141 feature=8.2937 beta=2.5000 guidance_active_next=True alg_raw_derivative=-0.021976 alg_smoothed_derivative=-0.083021 guidance_stop_epoch=None train_acc=57.68% val_acc=44.24% best=46.15% lr=0.000373999 time=13.4s avg_epoch=14.4s est_planned=1h 12m 04s elapsed=24m 38s
[OURS][103/300] loss=22.5939 ce=1.7938 align=9.1957 fuse=7.4444 feature=8.3200 beta=2.5000 guidance_active_next=True alg_raw_derivative=-0.021466 alg_smoothed_derivative=-0.076612 guidance_stop_epoch=None train_acc=57.39% val_acc=45.72% best=46.15% lr=0.000371734 time=13.2s avg_epoch=14.4s est_planned=1h 12m 00s elapsed=24m 51s
[OURS][104/300] loss=22.5575 ce=1.7813 align=9.1760 fuse=7.4449 feature=8.3105 beta=2.5000 guidance_active_next=True alg_raw_derivative=-0.021408 alg_smoothed_derivative=-0.071225 guidance_stop_epoch=None train_acc=57.95% val_acc=44.77% best=46.15% lr=0.000369456 time=13.3s avg_epoch=14.4s est_planned=1h 11m 57s elapsed=25m 05s
[OURS][105/300] loss=22.4418 ce=1.7552 align=9.1385 fuse=7.4108 feature=8.2747 beta=2.5000 guidance_active_next=True alg_raw_derivative=-0.021668 alg_smoothed_derivative=-0.066735 guidance_stop_epoch=None train_acc=58.03% val_acc=46.67% best=46.67% lr=0.000367166 time=13.0s avg_epoch=14.4s est_planned=1h 11m 53s elapsed=25m 18s saved_best
[OURS][106/300] loss=22.5164 ce=1.8129 align=9.1511 fuse=7.4117 feature=8.2814 beta=2.5000 guidance_active_next=True alg_raw_derivative=-0.019291 alg_smoothed_derivative=-0.062938 guidance_stop_epoch=None train_acc=56.97% val_acc=45.62% best=46.67% lr=0.000364863 time=13.1s avg_epoch=14.4s est_planned=1h 11m 49s elapsed=25m 31s
[OURS][107/300] loss=22.4838 ce=1.7357 align=9.1698 fuse=7.4287 feature=8.2992 beta=2.5000 guidance_active_next=True alg_raw_derivative=-0.018548 alg_smoothed_derivative=-0.059823 guidance_stop_epoch=None train_acc=58.79% val_acc=45.58% best=46.67% lr=0.000362547 time=13.1s avg_epoch=14.4s est_planned=1h 11m 46s elapsed=25m 44s
[OURS][108/300] loss=22.3742 ce=1.7511 align=9.1125 fuse=7.3860 feature=8.2492 beta=2.5000 guidance_active_next=True alg_raw_derivative=-0.019299 alg_smoothed_derivative=-0.057103 guidance_stop_epoch=None train_acc=59.09% val_acc=45.22% best=46.67% lr=0.00036022 time=13.4s avg_epoch=14.3s est_planned=1h 11m 43s elapsed=25m 57s
[OURS][109/300] loss=22.3538 ce=1.7115 align=9.1159 fuse=7.3979 feature=8.2569 beta=2.5000 guidance_active_next=True alg_raw_derivative=-0.017595 alg_smoothed_derivative=-0.054536 guidance_stop_epoch=None train_acc=59.44% val_acc=45.60% best=46.67% lr=0.00035788 time=13.3s avg_epoch=14.3s est_planned=1h 11m 40s elapsed=26m 11s
[OURS][110/300] loss=22.0963 ce=1.6536 align=9.0444 fuse=7.3098 feature=8.1771 beta=2.5000 guidance_active_next=True alg_raw_derivative=-0.019468 alg_smoothed_derivative=-0.052196 guidance_stop_epoch=None train_acc=60.28% val_acc=45.37% best=46.67% lr=0.000355529 time=13.2s avg_epoch=14.3s est_planned=1h 11m 37s elapsed=26m 24s
[OURS][111/300] loss=22.1168 ce=1.6145 align=9.0495 fuse=7.3524 feature=8.2009 beta=2.5000 guidance_active_next=True alg_raw_derivative=-0.018021 alg_smoothed_derivative=-0.049991 guidance_stop_epoch=None train_acc=60.79% val_acc=44.55% best=46.67% lr=0.000353167 time=13.3s avg_epoch=14.3s est_planned=1h 11m 35s elapsed=26m 37s
[OURS][112/300] loss=22.0436 ce=1.6549 align=9.0152 fuse=7.2957 feature=8.1555 beta=2.5000 guidance_active_next=True alg_raw_derivative=-0.016883 alg_smoothed_derivative=-0.047835 guidance_stop_epoch=None train_acc=60.72% val_acc=46.95% best=46.95% lr=0.000350794 time=13.1s avg_epoch=14.3s est_planned=1h 11m 31s elapsed=26m 51s saved_best
[OURS][113/300] loss=22.1248 ce=1.6762 align=9.0414 fuse=7.3175 feature=8.1794 beta=2.5000 guidance_active_next=True alg_raw_derivative=-0.015838 alg_smoothed_derivative=-0.045831 guidance_stop_epoch=None train_acc=60.38% val_acc=47.67% best=47.67% lr=0.00034841 time=13.2s avg_epoch=14.3s est_planned=1h 11m 28s elapsed=27m 04s saved_best
[OURS][114/300] loss=21.9793 ce=1.7022 align=8.9561 fuse=7.2655 feature=8.1108 beta=2.5000 guidance_active_next=True alg_raw_derivative=-0.017034 alg_smoothed_derivative=-0.043965 guidance_stop_epoch=None train_acc=59.22% val_acc=46.63% best=47.67% lr=0.000346016 time=13.5s avg_epoch=14.3s est_planned=1h 11m 26s elapsed=27m 17s
[OURS][115/300] loss=22.0068 ce=1.6214 align=9.0067 fuse=7.3016 feature=8.1541 beta=2.5000 guidance_active_next=True alg_raw_derivative=-0.015189 alg_smoothed_derivative=-0.042148 guidance_stop_epoch=None train_acc=61.09% val_acc=45.79% best=47.67% lr=0.000343611 time=13.1s avg_epoch=14.3s est_planned=1h 11m 23s elapsed=27m 31s
[OURS][116/300] loss=22.0678 ce=1.6761 align=9.0107 fuse=7.3027 feature=8.1567 beta=2.5000 guidance_active_next=True alg_raw_derivative=-0.016986 alg_smoothed_derivative=-0.040525 guidance_stop_epoch=None train_acc=60.35% val_acc=44.36% best=47.67% lr=0.000341196 time=13.3s avg_epoch=14.3s est_planned=1h 11m 20s elapsed=27m 44s
[OURS][117/300] loss=21.9249 ce=1.5837 align=8.9805 fuse=7.2925 feature=8.1365 beta=2.5000 guidance_active_next=True alg_raw_derivative=-0.015212 alg_smoothed_derivative=-0.038958 guidance_stop_epoch=None train_acc=62.67% val_acc=44.87% best=47.67% lr=0.000338772 time=13.2s avg_epoch=14.3s est_planned=1h 11m 18s elapsed=27m 57s
[OURS][118/300] loss=21.8353 ce=1.5825 align=8.9327 fuse=7.2695 feature=8.1011 beta=2.5000 guidance_active_next=True alg_raw_derivative=-0.014272 alg_smoothed_derivative=-0.037451 guidance_stop_epoch=None train_acc=62.57% val_acc=44.48% best=47.67% lr=0.000336338 time=13.5s avg_epoch=14.3s est_planned=1h 11m 16s elapsed=28m 11s
[OURS][119/300] loss=21.8506 ce=1.5768 align=8.9503 fuse=7.2687 feature=8.1095 beta=2.5000 guidance_active_next=True alg_raw_derivative=-0.015201 alg_smoothed_derivative=-0.036066 guidance_stop_epoch=None train_acc=62.37% val_acc=44.53% best=47.67% lr=0.000333894 time=13.1s avg_epoch=14.2s est_planned=1h 11m 13s elapsed=28m 24s
[OURS][120/300] loss=21.9244 ce=1.5746 align=8.9867 fuse=7.2931 feature=8.1399 beta=2.5000 guidance_active_next=True alg_raw_derivative=-0.014573 alg_smoothed_derivative=-0.034747 guidance_stop_epoch=None train_acc=62.58% val_acc=44.87% best=47.67% lr=0.000331442 time=13.0s avg_epoch=14.2s est_planned=1h 11m 10s elapsed=28m 37s
[OURS][121/300] loss=21.9068 ce=1.6221 align=8.9613 fuse=7.2665 feature=8.1139 beta=2.5000 guidance_active_next=True alg_raw_derivative=-0.013983 alg_smoothed_derivative=-0.033475 guidance_stop_epoch=None train_acc=61.39% val_acc=45.44% best=47.67% lr=0.000328982 time=13.4s avg_epoch=14.2s est_planned=1h 11m 08s elapsed=28m 50s
[OURS][122/300] loss=21.8190 ce=1.6106 align=8.9199 fuse=7.2468 feature=8.0834 beta=2.5000 guidance_active_next=True alg_raw_derivative=-0.014217 alg_smoothed_derivative=-0.032299 guidance_stop_epoch=None train_acc=61.79% val_acc=47.03% best=47.67% lr=0.000326513 time=13.1s avg_epoch=14.2s est_planned=1h 11m 05s elapsed=29m 03s
[OURS][123/300] loss=21.7637 ce=1.5918 align=8.9019 fuse=7.2356 feature=8.0687 beta=2.5000 guidance_active_next=True alg_raw_derivative=-0.013991 alg_smoothed_derivative=-0.031130 guidance_stop_epoch=None train_acc=62.11% val_acc=45.70% best=47.67% lr=0.000324035 time=13.3s avg_epoch=14.2s est_planned=1h 11m 03s elapsed=29m 17s
[OURS][124/300] loss=21.7318 ce=1.6085 align=8.8795 fuse=7.2191 feature=8.0493 beta=2.5000 guidance_active_next=True alg_raw_derivative=-0.014189 alg_smoothed_derivative=-0.030070 guidance_stop_epoch=None train_acc=62.68% val_acc=44.68% best=47.67% lr=0.00032155 time=13.3s avg_epoch=14.2s est_planned=1h 11m 00s elapsed=29m 30s
[OURS][125/300] loss=21.5404 ce=1.5385 align=8.8191 fuse=7.1825 feature=8.0008 beta=2.5000 guidance_active_next=True alg_raw_derivative=-0.014816 alg_smoothed_derivative=-0.029068 guidance_stop_epoch=None train_acc=63.86% val_acc=45.74% best=47.67% lr=0.000319058 time=13.3s avg_epoch=14.2s est_planned=1h 10m 58s elapsed=29m 44s
[OURS][126/300] loss=21.7365 ce=1.5979 align=8.8738 fuse=7.2371 feature=8.0554 beta=2.5000 guidance_active_next=True alg_raw_derivative=-0.014073 alg_smoothed_derivative=-0.028112 guidance_stop_epoch=None train_acc=61.96% val_acc=45.25% best=47.67% lr=0.000316558 time=13.2s avg_epoch=14.2s est_planned=1h 10m 56s elapsed=29m 57s
[OURS][127/300] loss=21.7200 ce=1.5467 align=8.8927 fuse=7.2460 feature=8.0693 beta=2.5000 guidance_active_next=True alg_raw_derivative=-0.011307 alg_smoothed_derivative=-0.027106 guidance_stop_epoch=None train_acc=63.54% val_acc=45.50% best=47.67% lr=0.000314051 time=13.1s avg_epoch=14.2s est_planned=1h 10m 53s elapsed=30m 10s
[OURS][128/300] loss=21.5408 ce=1.5072 align=8.8396 fuse=7.1873 feature=8.0135 beta=2.5000 guidance_active_next=True alg_raw_derivative=-0.013752 alg_smoothed_derivative=-0.026243 guidance_stop_epoch=None train_acc=64.00% val_acc=47.24% best=47.67% lr=0.000311537 time=13.3s avg_epoch=14.2s est_planned=1h 10m 51s elapsed=30m 23s
[OURS][129/300] loss=21.5160 ce=1.4877 align=8.8387 fuse=7.1840 feature=8.0113 beta=2.5000 guidance_active_next=True alg_raw_derivative=-0.012855 alg_smoothed_derivative=-0.025386 guidance_stop_epoch=None train_acc=64.77% val_acc=45.91% best=47.67% lr=0.000309017 time=13.2s avg_epoch=14.2s est_planned=1h 10m 49s elapsed=30m 37s
[OURS][130/300] loss=21.6259 ce=1.5215 align=8.8772 fuse=7.2063 feature=8.0418 beta=2.5000 guidance_active_next=True alg_raw_derivative=-0.011464 alg_smoothed_derivative=-0.024526 guidance_stop_epoch=None train_acc=64.18% val_acc=46.72% best=47.67% lr=0.00030649 time=13.2s avg_epoch=14.2s est_planned=1h 10m 47s elapsed=30m 50s
[OURS][131/300] loss=21.6029 ce=1.5232 align=8.8558 fuse=7.2079 feature=8.0319 beta=2.5000 guidance_active_next=True alg_raw_derivative=-0.010904 alg_smoothed_derivative=-0.023665 guidance_stop_epoch=None train_acc=64.20% val_acc=45.46% best=47.67% lr=0.000303958 time=13.1s avg_epoch=14.1s est_planned=1h 10m 44s elapsed=31m 03s
[OURS][132/300] loss=21.4086 ce=1.5176 align=8.7725 fuse=7.1402 feature=7.9564 beta=2.5000 guidance_active_next=True alg_raw_derivative=-0.012133 alg_smoothed_derivative=-0.022861 guidance_stop_epoch=None train_acc=64.18% val_acc=46.03% best=47.67% lr=0.00030142 time=13.2s avg_epoch=14.1s est_planned=1h 10m 42s elapsed=31m 16s
[OURS][133/300] loss=21.3792 ce=1.4848 align=8.7820 fuse=7.1335 feature=7.9577 beta=2.5000 guidance_active_next=True alg_raw_derivative=-0.012563 alg_smoothed_derivative=-0.022132 guidance_stop_epoch=None train_acc=65.02% val_acc=45.58% best=47.67% lr=0.000298877 time=13.2s avg_epoch=14.1s est_planned=1h 10m 40s elapsed=31m 29s
[OURS][134/300] loss=21.4842 ce=1.4568 align=8.8246 fuse=7.1973 feature=8.0109 beta=2.5000 guidance_active_next=True alg_raw_derivative=-0.011586 alg_smoothed_derivative=-0.021372 guidance_stop_epoch=None train_acc=65.32% val_acc=46.01% best=47.67% lr=0.000296328 time=13.2s avg_epoch=14.1s est_planned=1h 10m 38s elapsed=31m 43s
[OURS][135/300] loss=21.4230 ce=1.4439 align=8.8108 fuse=7.1725 feature=7.9916 beta=2.5000 guidance_active_next=True alg_raw_derivative=-0.010717 alg_smoothed_derivative=-0.020642 guidance_stop_epoch=None train_acc=65.42% val_acc=46.65% best=47.67% lr=0.000293775 time=13.2s avg_epoch=14.1s est_planned=1h 10m 36s elapsed=31m 56s
[BETA_TRANSITION] guidance disabled after epoch=136 L_feature=7.989043 raw_derivative=-0.010931 smoothed_derivative=-0.019951 threshold=-0.02; subsequent epochs are CE-only.
[OURS][136/300] loss=21.4303 ce=1.4577 align=8.8096 fuse=7.1684 feature=7.9890 beta=2.5000 guidance_active_next=False alg_raw_derivative=-0.010931 alg_smoothed_derivative=-0.019951 guidance_stop_epoch=136 train_acc=65.71% val_acc=44.60% best=47.67% lr=0.000291218 time=13.4s avg_epoch=14.1s est_planned=1h 10m 34s elapsed=32m 09s
[OURS][137/300] loss=1.5126 ce=1.5126 align=0.0000 fuse=0.0000 feature=0.0000 beta=0.0000 guidance_active_next=False alg_raw_derivative=n/a alg_smoothed_derivative=n/a guidance_stop_epoch=136 train_acc=64.48% val_acc=44.49% best=47.67% lr=0.000288656 time=13.3s avg_epoch=14.1s est_planned=1h 10m 32s elapsed=32m 23s
[OURS][138/300] loss=1.5463 ce=1.5463 align=0.0000 fuse=0.0000 feature=0.0000 beta=0.0000 guidance_active_next=False alg_raw_derivative=n/a alg_smoothed_derivative=n/a guidance_stop_epoch=136 train_acc=63.47% val_acc=43.23% best=47.67% lr=0.00028609 time=13.4s avg_epoch=14.1s est_planned=1h 10m 31s elapsed=32m 36s
[OURS][139/300] loss=1.5019 ce=1.5019 align=0.0000 fuse=0.0000 feature=0.0000 beta=0.0000 guidance_active_next=False alg_raw_derivative=n/a alg_smoothed_derivative=n/a guidance_stop_epoch=136 train_acc=64.63% val_acc=43.65% best=47.67% lr=0.00028352 time=13.2s avg_epoch=14.1s est_planned=1h 10m 29s elapsed=32m 50s
[OURS][140/300] loss=1.5653 ce=1.5653 align=0.0000 fuse=0.0000 feature=0.0000 beta=0.0000 guidance_active_next=False alg_raw_derivative=n/a alg_smoothed_derivative=n/a guidance_stop_epoch=136 train_acc=63.24% val_acc=43.01% best=47.67% lr=0.000280947 time=13.4s avg_epoch=14.1s est_planned=1h 10m 28s elapsed=33m 03s
[OURS][141/300] loss=1.4954 ce=1.4954 align=0.0000 fuse=0.0000 feature=0.0000 beta=0.0000 guidance_active_next=False alg_raw_derivative=n/a alg_smoothed_derivative=n/a guidance_stop_epoch=136 train_acc=64.90% val_acc=44.11% best=47.67% lr=0.000278371 time=13.2s avg_epoch=14.1s est_planned=1h 10m 26s elapsed=33m 16s
[OURS][142/300] loss=1.5295 ce=1.5295 align=0.0000 fuse=0.0000 feature=0.0000 beta=0.0000 guidance_active_next=False alg_raw_derivative=n/a alg_smoothed_derivative=n/a guidance_stop_epoch=136 train_acc=63.51% val_acc=44.20% best=47.67% lr=0.000275792 time=13.1s avg_epoch=14.1s est_planned=1h 10m 24s elapsed=33m 29s
[OURS][143/300] loss=1.4949 ce=1.4949 align=0.0000 fuse=0.0000 feature=0.0000 beta=0.0000 guidance_active_next=False alg_raw_derivative=n/a alg_smoothed_derivative=n/a guidance_stop_epoch=136 train_acc=64.40% val_acc=45.01% best=47.67% lr=0.00027321 time=13.2s avg_epoch=14.1s est_planned=1h 10m 22s elapsed=33m 43s
[OURS][144/300] loss=1.4606 ce=1.4606 align=0.0000 fuse=0.0000 feature=0.0000 beta=0.0000 guidance_active_next=False alg_raw_derivative=n/a alg_smoothed_derivative=n/a guidance_stop_epoch=136 train_acc=65.22% val_acc=43.46% best=47.67% lr=0.000270626 time=13.1s avg_epoch=14.1s est_planned=1h 10m 20s elapsed=33m 56s
[OURS][145/300] loss=1.4313 ce=1.4313 align=0.0000 fuse=0.0000 feature=0.0000 beta=0.0000 guidance_active_next=False alg_raw_derivative=n/a alg_smoothed_derivative=n/a guidance_stop_epoch=136 train_acc=65.71% val_acc=44.80% best=47.67% lr=0.000268041 time=13.2s avg_epoch=14.1s est_planned=1h 10m 18s elapsed=34m 09s
[OURS][146/300] loss=1.4464 ce=1.4464 align=0.0000 fuse=0.0000 feature=0.0000 beta=0.0000 guidance_active_next=False alg_raw_derivative=n/a alg_smoothed_derivative=n/a guidance_stop_epoch=136 train_acc=65.74% val_acc=43.55% best=47.67% lr=0.000265453 time=13.0s avg_epoch=14.1s est_planned=1h 10m 16s elapsed=34m 22s
[OURS][147/300] loss=1.4487 ce=1.4487 align=0.0000 fuse=0.0000 feature=0.0000 beta=0.0000 guidance_active_next=False alg_raw_derivative=n/a alg_smoothed_derivative=n/a guidance_stop_epoch=136 train_acc=65.54% val_acc=43.27% best=47.67% lr=0.000262864 time=13.1s avg_epoch=14.0s est_planned=1h 10m 14s elapsed=34m 35s
[OURS][148/300] loss=1.4176 ce=1.4176 align=0.0000 fuse=0.0000 feature=0.0000 beta=0.0000 guidance_active_next=False alg_raw_derivative=n/a alg_smoothed_derivative=n/a guidance_stop_epoch=136 train_acc=66.33% val_acc=44.80% best=47.67% lr=0.000260274 time=13.4s avg_epoch=14.0s est_planned=1h 10m 13s elapsed=34m 49s
[OURS][149/300] loss=1.3877 ce=1.3877 align=0.0000 fuse=0.0000 feature=0.0000 beta=0.0000 guidance_active_next=False alg_raw_derivative=n/a alg_smoothed_derivative=n/a guidance_stop_epoch=136 train_acc=67.66% val_acc=43.92% best=47.67% lr=0.000257683 time=13.2s avg_epoch=14.0s est_planned=1h 10m 11s elapsed=35m 02s
[OURS][150/300] loss=1.4259 ce=1.4259 align=0.0000 fuse=0.0000 feature=0.0000 beta=0.0000 guidance_active_next=False alg_raw_derivative=n/a alg_smoothed_derivative=n/a guidance_stop_epoch=136 train_acc=65.39% val_acc=43.94% best=47.67% lr=0.000255092 time=13.1s avg_epoch=14.0s est_planned=1h 10m 09s elapsed=35m 15s
[OURS][151/300] loss=1.3879 ce=1.3879 align=0.0000 fuse=0.0000 feature=0.0000 beta=0.0000 guidance_active_next=False alg_raw_derivative=n/a alg_smoothed_derivative=n/a guidance_stop_epoch=136 train_acc=66.85% val_acc=43.18% best=47.67% lr=0.0002525 time=13.3s avg_epoch=14.0s est_planned=1h 10m 08s elapsed=35m 29s
[OURS][152/300] loss=1.3935 ce=1.3935 align=0.0000 fuse=0.0000 feature=0.0000 beta=0.0000 guidance_active_next=False alg_raw_derivative=n/a alg_smoothed_derivative=n/a guidance_stop_epoch=136 train_acc=66.77% val_acc=42.35% best=47.67% lr=0.000249908 time=13.2s avg_epoch=14.0s est_planned=1h 10m 06s elapsed=35m 42s
[OURS][153/300] loss=1.3863 ce=1.3863 align=0.0000 fuse=0.0000 feature=0.0000 beta=0.0000 guidance_active_next=False alg_raw_derivative=n/a alg_smoothed_derivative=n/a guidance_stop_epoch=136 train_acc=66.97% val_acc=45.44% best=47.67% lr=0.000247317 time=13.2s avg_epoch=14.0s est_planned=1h 10m 04s elapsed=35m 55s
[OURS][154/300] loss=1.3018 ce=1.3018 align=0.0000 fuse=0.0000 feature=0.0000 beta=0.0000 guidance_active_next=False alg_raw_derivative=n/a alg_smoothed_derivative=n/a guidance_stop_epoch=136 train_acc=68.80% val_acc=45.41% best=47.67% lr=0.000244726 time=13.4s avg_epoch=14.0s est_planned=1h 10m 03s elapsed=36m 08s
[OURS][155/300] loss=1.3554 ce=1.3554 align=0.0000 fuse=0.0000 feature=0.0000 beta=0.0000 guidance_active_next=False alg_raw_derivative=n/a alg_smoothed_derivative=n/a guidance_stop_epoch=136 train_acc=68.30% val_acc=45.63% best=47.67% lr=0.000242136 time=13.2s avg_epoch=14.0s est_planned=1h 10m 01s elapsed=36m 22s
[OURS][156/300] loss=1.3570 ce=1.3570 align=0.0000 fuse=0.0000 feature=0.0000 beta=0.0000 guidance_active_next=False alg_raw_derivative=n/a alg_smoothed_derivative=n/a guidance_stop_epoch=136 train_acc=67.98% val_acc=45.55% best=47.67% lr=0.000239547 time=13.0s avg_epoch=14.0s est_planned=1h 09m 59s elapsed=36m 35s
[OURS][157/300] loss=1.3176 ce=1.3176 align=0.0000 fuse=0.0000 feature=0.0000 beta=0.0000 guidance_active_next=False alg_raw_derivative=n/a alg_smoothed_derivative=n/a guidance_stop_epoch=136 train_acc=68.60% val_acc=44.94% best=47.67% lr=0.000236959 time=13.2s avg_epoch=14.0s est_planned=1h 09m 58s elapsed=36m 48s
[OURS][158/300] loss=1.3576 ce=1.3576 align=0.0000 fuse=0.0000 feature=0.0000 beta=0.0000 guidance_active_next=False alg_raw_derivative=n/a alg_smoothed_derivative=n/a guidance_stop_epoch=136 train_acc=67.59% val_acc=43.49% best=47.67% lr=0.000234374 time=13.2s avg_epoch=14.0s est_planned=1h 09m 56s elapsed=37m 01s
[OURS][159/300] loss=1.3356 ce=1.3356 align=0.0000 fuse=0.0000 feature=0.0000 beta=0.0000 guidance_active_next=False alg_raw_derivative=n/a alg_smoothed_derivative=n/a guidance_stop_epoch=136 train_acc=67.89% val_acc=44.43% best=47.67% lr=0.00023179 time=13.2s avg_epoch=14.0s est_planned=1h 09m 55s elapsed=37m 14s
[OURS][160/300] loss=1.3454 ce=1.3454 align=0.0000 fuse=0.0000 feature=0.0000 beta=0.0000 guidance_active_next=False alg_raw_derivative=n/a alg_smoothed_derivative=n/a guidance_stop_epoch=136 train_acc=67.25% val_acc=45.05% best=47.67% lr=0.000229208 time=13.4s avg_epoch=14.0s est_planned=1h 09m 54s elapsed=37m 28s
[OURS][161/300] loss=1.2816 ce=1.2816 align=0.0000 fuse=0.0000 feature=0.0000 beta=0.0000 guidance_active_next=False alg_raw_derivative=n/a alg_smoothed_derivative=n/a guidance_stop_epoch=136 train_acc=68.85% val_acc=43.72% best=47.67% lr=0.000226629 time=13.1s avg_epoch=14.0s est_planned=1h 09m 52s elapsed=37m 41s
[OURS][162/300] loss=1.3142 ce=1.3142 align=0.0000 fuse=0.0000 feature=0.0000 beta=0.0000 guidance_active_next=False alg_raw_derivative=n/a alg_smoothed_derivative=n/a guidance_stop_epoch=136 train_acc=68.40% val_acc=43.89% best=47.67% lr=0.000224053 time=13.0s avg_epoch=14.0s est_planned=1h 09m 51s elapsed=37m 54s
[OURS][163/300] loss=1.3203 ce=1.3203 align=0.0000 fuse=0.0000 feature=0.0000 beta=0.0000 guidance_active_next=False alg_raw_derivative=n/a alg_smoothed_derivative=n/a guidance_stop_epoch=136 train_acc=68.21% val_acc=45.20% best=47.67% lr=0.00022148 time=13.4s avg_epoch=14.0s est_planned=1h 09m 49s elapsed=38m 08s
[OURS][164/300] loss=1.2766 ce=1.2766 align=0.0000 fuse=0.0000 feature=0.0000 beta=0.0000 guidance_active_next=False alg_raw_derivative=n/a alg_smoothed_derivative=n/a guidance_stop_epoch=136 train_acc=69.98% val_acc=42.79% best=47.67% lr=0.00021891 time=13.1s avg_epoch=14.0s est_planned=1h 09m 48s elapsed=38m 21s
[OURS][165/300] loss=1.2932 ce=1.2932 align=0.0000 fuse=0.0000 feature=0.0000 beta=0.0000 guidance_active_next=False alg_raw_derivative=n/a alg_smoothed_derivative=n/a guidance_stop_epoch=136 train_acc=69.71% val_acc=44.29% best=47.67% lr=0.000216344 time=13.1s avg_epoch=14.0s est_planned=1h 09m 46s elapsed=38m 34s
[OURS][166/300] loss=1.2587 ce=1.2587 align=0.0000 fuse=0.0000 feature=0.0000 beta=0.0000 guidance_active_next=False alg_raw_derivative=n/a alg_smoothed_derivative=n/a guidance_stop_epoch=136 train_acc=69.86% val_acc=46.05% best=47.67% lr=0.000213782 time=13.3s avg_epoch=14.0s est_planned=1h 09m 45s elapsed=38m 47s
[OURS][167/300] loss=1.2610 ce=1.2610 align=0.0000 fuse=0.0000 feature=0.0000 beta=0.0000 guidance_active_next=False alg_raw_derivative=n/a alg_smoothed_derivative=n/a guidance_stop_epoch=136 train_acc=69.47% val_acc=43.82% best=47.67% lr=0.000211225 time=12.9s avg_epoch=13.9s est_planned=1h 09m 43s elapsed=39m 00s
[OURS][168/300] loss=1.2287 ce=1.2287 align=0.0000 fuse=0.0000 feature=0.0000 beta=0.0000 guidance_active_next=False alg_raw_derivative=n/a alg_smoothed_derivative=n/a guidance_stop_epoch=136 train_acc=70.75% val_acc=44.51% best=47.67% lr=0.000208672 time=13.1s avg_epoch=13.9s est_planned=1h 09m 42s elapsed=39m 13s
[OURS][169/300] loss=1.2551 ce=1.2551 align=0.0000 fuse=0.0000 feature=0.0000 beta=0.0000 guidance_active_next=False alg_raw_derivative=n/a alg_smoothed_derivative=n/a guidance_stop_epoch=136 train_acc=70.13% val_acc=46.27% best=47.67% lr=0.000206123 time=12.8s avg_epoch=13.9s est_planned=1h 09m 40s elapsed=39m 26s
[OURS][170/300] loss=1.2311 ce=1.2311 align=0.0000 fuse=0.0000 feature=0.0000 beta=0.0000 guidance_active_next=False alg_raw_derivative=n/a alg_smoothed_derivative=n/a guidance_stop_epoch=136 train_acc=70.38% val_acc=45.36% best=47.67% lr=0.00020358 time=13.4s avg_epoch=13.9s est_planned=1h 09m 39s elapsed=39m 39s
[OURS][171/300] loss=1.2275 ce=1.2275 align=0.0000 fuse=0.0000 feature=0.0000 beta=0.0000 guidance_active_next=False alg_raw_derivative=n/a alg_smoothed_derivative=n/a guidance_stop_epoch=136 train_acc=70.82% val_acc=44.89% best=47.67% lr=0.000201042 time=13.0s avg_epoch=13.9s est_planned=1h 09m 37s elapsed=39m 52s
[OURS][172/300] loss=1.2330 ce=1.2330 align=0.0000 fuse=0.0000 feature=0.0000 beta=0.0000 guidance_active_next=False alg_raw_derivative=n/a alg_smoothed_derivative=n/a guidance_stop_epoch=136 train_acc=70.58% val_acc=43.77% best=47.67% lr=0.00019851 time=12.8s avg_epoch=13.9s est_planned=1h 09m 35s elapsed=40m 05s
[OURS][173/300] loss=1.1956 ce=1.1956 align=0.0000 fuse=0.0000 feature=0.0000 beta=0.0000 guidance_active_next=False alg_raw_derivative=n/a alg_smoothed_derivative=n/a guidance_stop_epoch=136 train_acc=71.71% val_acc=44.74% best=47.67% lr=0.000195983 time=13.1s avg_epoch=13.9s est_planned=1h 09m 34s elapsed=40m 19s
[OURS][174/300] loss=1.2101 ce=1.2101 align=0.0000 fuse=0.0000 feature=0.0000 beta=0.0000 guidance_active_next=False alg_raw_derivative=n/a alg_smoothed_derivative=n/a guidance_stop_epoch=136 train_acc=71.98% val_acc=44.25% best=47.67% lr=0.000193463 time=13.2s avg_epoch=13.9s est_planned=1h 09m 32s elapsed=40m 32s
[OURS][175/300] loss=1.2037 ce=1.2037 align=0.0000 fuse=0.0000 feature=0.0000 beta=0.0000 guidance_active_next=False alg_raw_derivative=n/a alg_smoothed_derivative=n/a guidance_stop_epoch=136 train_acc=71.20% val_acc=46.20% best=47.67% lr=0.000190949 time=13.2s avg_epoch=13.9s est_planned=1h 09m 31s elapsed=40m 45s
[OURS][176/300] loss=1.1803 ce=1.1803 align=0.0000 fuse=0.0000 feature=0.0000 beta=0.0000 guidance_active_next=False alg_raw_derivative=n/a alg_smoothed_derivative=n/a guidance_stop_epoch=136 train_acc=71.47% val_acc=44.86% best=47.67% lr=0.000188442 time=13.2s avg_epoch=13.9s est_planned=1h 09m 30s elapsed=40m 58s
[OURS][177/300] loss=1.1755 ce=1.1755 align=0.0000 fuse=0.0000 feature=0.0000 beta=0.0000 guidance_active_next=False alg_raw_derivative=n/a alg_smoothed_derivative=n/a guidance_stop_epoch=136 train_acc=71.14% val_acc=46.20% best=47.67% lr=0.000185942 time=13.2s avg_epoch=13.9s est_planned=1h 09m 29s elapsed=41m 11s
[OURS][178/300] loss=1.1683 ce=1.1683 align=0.0000 fuse=0.0000 feature=0.0000 beta=0.0000 guidance_active_next=False alg_raw_derivative=n/a alg_smoothed_derivative=n/a guidance_stop_epoch=136 train_acc=71.77% val_acc=44.67% best=47.67% lr=0.00018345 time=13.3s avg_epoch=13.9s est_planned=1h 09m 28s elapsed=41m 25s
[OURS][179/300] loss=1.2102 ce=1.2102 align=0.0000 fuse=0.0000 feature=0.0000 beta=0.0000 guidance_active_next=False alg_raw_derivative=n/a alg_smoothed_derivative=n/a guidance_stop_epoch=136 train_acc=71.71% val_acc=45.67% best=47.67% lr=0.000180965 time=13.1s avg_epoch=13.9s est_planned=1h 09m 26s elapsed=41m 38s
[OURS][180/300] loss=1.1424 ce=1.1424 align=0.0000 fuse=0.0000 feature=0.0000 beta=0.0000 guidance_active_next=False alg_raw_derivative=n/a alg_smoothed_derivative=n/a guidance_stop_epoch=136 train_acc=72.93% val_acc=44.48% best=47.67% lr=0.000178487 time=13.3s avg_epoch=13.9s est_planned=1h 09m 25s elapsed=41m 51s
[OURS][181/300] loss=1.1498 ce=1.1498 align=0.0000 fuse=0.0000 feature=0.0000 beta=0.0000 guidance_active_next=False alg_raw_derivative=n/a alg_smoothed_derivative=n/a guidance_stop_epoch=136 train_acc=72.61% val_acc=46.19% best=47.67% lr=0.000176018 time=13.3s avg_epoch=13.9s est_planned=1h 09m 24s elapsed=42m 05s
[OURS][182/300] loss=1.1368 ce=1.1368 align=0.0000 fuse=0.0000 feature=0.0000 beta=0.0000 guidance_active_next=False alg_raw_derivative=n/a alg_smoothed_derivative=n/a guidance_stop_epoch=136 train_acc=73.49% val_acc=45.84% best=47.67% lr=0.000173558 time=13.6s avg_epoch=13.9s est_planned=1h 09m 24s elapsed=42m 18s
[OURS][183/300] loss=1.1351 ce=1.1351 align=0.0000 fuse=0.0000 feature=0.0000 beta=0.0000 guidance_active_next=False alg_raw_derivative=n/a alg_smoothed_derivative=n/a guidance_stop_epoch=136 train_acc=73.76% val_acc=46.03% best=47.67% lr=0.000171106 time=13.3s avg_epoch=13.9s est_planned=1h 09m 23s elapsed=42m 32s
[OURS][184/300] loss=1.0554 ce=1.0554 align=0.0000 fuse=0.0000 feature=0.0000 beta=0.0000 guidance_active_next=False alg_raw_derivative=n/a alg_smoothed_derivative=n/a guidance_stop_epoch=136 train_acc=74.85% val_acc=45.69% best=47.67% lr=0.000168662 time=13.2s avg_epoch=13.9s est_planned=1h 09m 22s elapsed=42m 45s
[OURS][185/300] loss=1.1169 ce=1.1169 align=0.0000 fuse=0.0000 feature=0.0000 beta=0.0000 guidance_active_next=False alg_raw_derivative=n/a alg_smoothed_derivative=n/a guidance_stop_epoch=136 train_acc=73.45% val_acc=44.89% best=47.67% lr=0.000166228 time=13.4s avg_epoch=13.9s est_planned=1h 09m 21s elapsed=42m 58s
[OURS][186/300] loss=1.1088 ce=1.1088 align=0.0000 fuse=0.0000 feature=0.0000 beta=0.0000 guidance_active_next=False alg_raw_derivative=n/a alg_smoothed_derivative=n/a guidance_stop_epoch=136 train_acc=73.62% val_acc=45.13% best=47.67% lr=0.000163804 time=13.2s avg_epoch=13.9s est_planned=1h 09m 20s elapsed=43m 12s
[OURS][187/300] loss=1.0653 ce=1.0653 align=0.0000 fuse=0.0000 feature=0.0000 beta=0.0000 guidance_active_next=False alg_raw_derivative=n/a alg_smoothed_derivative=n/a guidance_stop_epoch=136 train_acc=74.50% val_acc=44.53% best=47.67% lr=0.000161389 time=13.2s avg_epoch=13.9s est_planned=1h 09m 19s elapsed=43m 25s
[OURS][188/300] loss=1.0741 ce=1.0741 align=0.0000 fuse=0.0000 feature=0.0000 beta=0.0000 guidance_active_next=False alg_raw_derivative=n/a alg_smoothed_derivative=n/a guidance_stop_epoch=136 train_acc=74.48% val_acc=46.62% best=47.67% lr=0.000158984 time=13.4s avg_epoch=13.9s est_planned=1h 09m 18s elapsed=43m 38s
[OURS][189/300] loss=1.0924 ce=1.0924 align=0.0000 fuse=0.0000 feature=0.0000 beta=0.0000 guidance_active_next=False alg_raw_derivative=n/a alg_smoothed_derivative=n/a guidance_stop_epoch=136 train_acc=74.24% val_acc=45.70% best=47.67% lr=0.00015659 time=13.3s avg_epoch=13.9s est_planned=1h 09m 17s elapsed=43m 52s
[OURS][190/300] loss=1.0610 ce=1.0610 align=0.0000 fuse=0.0000 feature=0.0000 beta=0.0000 guidance_active_next=False alg_raw_derivative=n/a alg_smoothed_derivative=n/a guidance_stop_epoch=136 train_acc=74.16% val_acc=45.01% best=47.67% lr=0.000154206 time=13.1s avg_epoch=13.9s est_planned=1h 09m 16s elapsed=44m 05s
[OURS][191/300] loss=1.0702 ce=1.0702 align=0.0000 fuse=0.0000 feature=0.0000 beta=0.0000 guidance_active_next=False alg_raw_derivative=n/a alg_smoothed_derivative=n/a guidance_stop_epoch=136 train_acc=74.97% val_acc=46.57% best=47.67% lr=0.000151833 time=13.2s avg_epoch=13.9s est_planned=1h 09m 15s elapsed=44m 18s
[OURS][192/300] loss=1.0540 ce=1.0540 align=0.0000 fuse=0.0000 feature=0.0000 beta=0.0000 guidance_active_next=False alg_raw_derivative=n/a alg_smoothed_derivative=n/a guidance_stop_epoch=136 train_acc=75.13% val_acc=45.01% best=47.67% lr=0.000149471 time=13.2s avg_epoch=13.8s est_planned=1h 09m 14s elapsed=44m 31s
[OURS][193/300] loss=1.0470 ce=1.0470 align=0.0000 fuse=0.0000 feature=0.0000 beta=0.0000 guidance_active_next=False alg_raw_derivative=n/a alg_smoothed_derivative=n/a guidance_stop_epoch=136 train_acc=75.74% val_acc=44.77% best=47.67% lr=0.00014712 time=13.1s avg_epoch=13.8s est_planned=1h 09m 13s elapsed=44m 45s
[OURS][194/300] loss=1.0203 ce=1.0203 align=0.0000 fuse=0.0000 feature=0.0000 beta=0.0000 guidance_active_next=False alg_raw_derivative=n/a alg_smoothed_derivative=n/a guidance_stop_epoch=136 train_acc=75.40% val_acc=45.10% best=47.67% lr=0.00014478 time=13.3s avg_epoch=13.8s est_planned=1h 09m 12s elapsed=44m 58s
[OURS][195/300] loss=1.0139 ce=1.0139 align=0.0000 fuse=0.0000 feature=0.0000 beta=0.0000 guidance_active_next=False alg_raw_derivative=n/a alg_smoothed_derivative=n/a guidance_stop_epoch=136 train_acc=76.23% val_acc=45.29% best=47.67% lr=0.000142453 time=13.3s avg_epoch=13.8s est_planned=1h 09m 12s elapsed=45m 11s
[OURS][196/300] loss=1.0018 ce=1.0018 align=0.0000 fuse=0.0000 feature=0.0000 beta=0.0000 guidance_active_next=False alg_raw_derivative=n/a alg_smoothed_derivative=n/a guidance_stop_epoch=136 train_acc=76.81% val_acc=45.24% best=47.67% lr=0.000140137 time=13.1s avg_epoch=13.8s est_planned=1h 09m 10s elapsed=45m 24s
[OURS][197/300] loss=0.9902 ce=0.9902 align=0.0000 fuse=0.0000 feature=0.0000 beta=0.0000 guidance_active_next=False alg_raw_derivative=n/a alg_smoothed_derivative=n/a guidance_stop_epoch=136 train_acc=76.95% val_acc=46.25% best=47.67% lr=0.000137834 time=12.9s avg_epoch=13.8s est_planned=1h 09m 09s elapsed=45m 37s
[OURS][198/300] loss=0.9927 ce=0.9927 align=0.0000 fuse=0.0000 feature=0.0000 beta=0.0000 guidance_active_next=False alg_raw_derivative=n/a alg_smoothed_derivative=n/a guidance_stop_epoch=136 train_acc=75.87% val_acc=44.91% best=47.67% lr=0.000135544 time=13.2s avg_epoch=13.8s est_planned=1h 09m 08s elapsed=45m 51s
[OURS][199/300] loss=1.0269 ce=1.0269 align=0.0000 fuse=0.0000 feature=0.0000 beta=0.0000 guidance_active_next=False alg_raw_derivative=n/a alg_smoothed_derivative=n/a guidance_stop_epoch=136 train_acc=75.34% val_acc=46.86% best=47.67% lr=0.000133266 time=13.1s avg_epoch=13.8s est_planned=1h 09m 07s elapsed=46m 04s
[OURS][200/300] loss=0.9906 ce=0.9906 align=0.0000 fuse=0.0000 feature=0.0000 beta=0.0000 guidance_active_next=False alg_raw_derivative=n/a alg_smoothed_derivative=n/a guidance_stop_epoch=136 train_acc=76.61% val_acc=45.25% best=47.67% lr=0.000131001 time=13.1s avg_epoch=13.8s est_planned=1h 09m 06s elapsed=46m 17s
[OURS][201/300] loss=0.9675 ce=0.9675 align=0.0000 fuse=0.0000 feature=0.0000 beta=0.0000 guidance_active_next=False alg_raw_derivative=n/a alg_smoothed_derivative=n/a guidance_stop_epoch=136 train_acc=76.98% val_acc=45.94% best=47.67% lr=0.00012875 time=13.0s avg_epoch=13.8s est_planned=1h 09m 05s elapsed=46m 30s
[OURS][202/300] loss=0.9589 ce=0.9589 align=0.0000 fuse=0.0000 feature=0.0000 beta=0.0000 guidance_active_next=False alg_raw_derivative=n/a alg_smoothed_derivative=n/a guidance_stop_epoch=136 train_acc=77.02% val_acc=46.76% best=47.67% lr=0.000126512 time=13.5s avg_epoch=13.8s est_planned=1h 09m 04s elapsed=46m 44s
[OURS][203/300] loss=0.9481 ce=0.9481 align=0.0000 fuse=0.0000 feature=0.0000 beta=0.0000 guidance_active_next=False alg_raw_derivative=n/a alg_smoothed_derivative=n/a guidance_stop_epoch=136 train_acc=77.30% val_acc=45.18% best=47.67% lr=0.000124288 time=13.0s avg_epoch=13.8s est_planned=1h 09m 03s elapsed=46m 57s
[OURS][204/300] loss=0.9929 ce=0.9929 align=0.0000 fuse=0.0000 feature=0.0000 beta=0.0000 guidance_active_next=False alg_raw_derivative=n/a alg_smoothed_derivative=n/a guidance_stop_epoch=136 train_acc=76.98% val_acc=46.93% best=47.67% lr=0.000122078 time=13.3s avg_epoch=13.8s est_planned=1h 09m 02s elapsed=47m 10s
[OURS][205/300] loss=0.9403 ce=0.9403 align=0.0000 fuse=0.0000 feature=0.0000 beta=0.0000 guidance_active_next=False alg_raw_derivative=n/a alg_smoothed_derivative=n/a guidance_stop_epoch=136 train_acc=77.76% val_acc=45.75% best=47.67% lr=0.000119883 time=13.3s avg_epoch=13.8s est_planned=1h 09m 02s elapsed=47m 24s
[OURS][206/300] loss=0.9903 ce=0.9903 align=0.0000 fuse=0.0000 feature=0.0000 beta=0.0000 guidance_active_next=False alg_raw_derivative=n/a alg_smoothed_derivative=n/a guidance_stop_epoch=136 train_acc=77.00% val_acc=45.46% best=47.67% lr=0.000117702 time=13.1s avg_epoch=13.8s est_planned=1h 09m 01s elapsed=47m 37s
[OURS][207/300] loss=0.9513 ce=0.9513 align=0.0000 fuse=0.0000 feature=0.0000 beta=0.0000 guidance_active_next=False alg_raw_derivative=n/a alg_smoothed_derivative=n/a guidance_stop_epoch=136 train_acc=77.42% val_acc=46.72% best=47.67% lr=0.000115536 time=13.2s avg_epoch=13.8s est_planned=1h 09m 00s elapsed=47m 50s
[OURS][208/300] loss=0.9641 ce=0.9641 align=0.0000 fuse=0.0000 feature=0.0000 beta=0.0000 guidance_active_next=False alg_raw_derivative=n/a alg_smoothed_derivative=n/a guidance_stop_epoch=136 train_acc=77.18% val_acc=45.94% best=47.67% lr=0.000113384 time=13.0s avg_epoch=13.8s est_planned=1h 08m 59s elapsed=48m 03s
[OURS][209/300] loss=0.8835 ce=0.8835 align=0.0000 fuse=0.0000 feature=0.0000 beta=0.0000 guidance_active_next=False alg_raw_derivative=n/a alg_smoothed_derivative=n/a guidance_stop_epoch=136 train_acc=78.56% val_acc=47.50% best=47.67% lr=0.000111248 time=13.1s avg_epoch=13.8s est_planned=1h 08m 58s elapsed=48m 16s
[OURS][210/300] loss=0.9385 ce=0.9385 align=0.0000 fuse=0.0000 feature=0.0000 beta=0.0000 guidance_active_next=False alg_raw_derivative=n/a alg_smoothed_derivative=n/a guidance_stop_epoch=136 train_acc=77.35% val_acc=45.81% best=47.67% lr=0.000109128 time=13.1s avg_epoch=13.8s est_planned=1h 08m 57s elapsed=48m 29s
[OURS][211/300] loss=0.9213 ce=0.9213 align=0.0000 fuse=0.0000 feature=0.0000 beta=0.0000 guidance_active_next=False alg_raw_derivative=n/a alg_smoothed_derivative=n/a guidance_stop_epoch=136 train_acc=77.82% val_acc=46.74% best=47.67% lr=0.000107023 time=13.1s avg_epoch=13.8s est_planned=1h 08m 56s elapsed=48m 42s
[OURS][212/300] loss=0.9042 ce=0.9042 align=0.0000 fuse=0.0000 feature=0.0000 beta=0.0000 guidance_active_next=False alg_raw_derivative=n/a alg_smoothed_derivative=n/a guidance_stop_epoch=136 train_acc=78.44% val_acc=45.91% best=47.67% lr=0.000104934 time=13.2s avg_epoch=13.8s est_planned=1h 08m 55s elapsed=48m 56s
[OURS][213/300] loss=0.8948 ce=0.8948 align=0.0000 fuse=0.0000 feature=0.0000 beta=0.0000 guidance_active_next=False alg_raw_derivative=n/a alg_smoothed_derivative=n/a guidance_stop_epoch=136 train_acc=78.81% val_acc=46.46% best=47.67% lr=0.000102862 time=13.3s avg_epoch=13.8s est_planned=1h 08m 54s elapsed=49m 09s
[OURS][214/300] loss=0.9031 ce=0.9031 align=0.0000 fuse=0.0000 feature=0.0000 beta=0.0000 guidance_active_next=False alg_raw_derivative=n/a alg_smoothed_derivative=n/a guidance_stop_epoch=136 train_acc=78.60% val_acc=45.93% best=47.67% lr=0.000100806 time=13.0s avg_epoch=13.8s est_planned=1h 08m 53s elapsed=49m 22s
[OURS][215/300] loss=0.9301 ce=0.9301 align=0.0000 fuse=0.0000 feature=0.0000 beta=0.0000 guidance_active_next=False alg_raw_derivative=n/a alg_smoothed_derivative=n/a guidance_stop_epoch=136 train_acc=77.50% val_acc=46.36% best=47.67% lr=9.87659e-05 time=13.1s avg_epoch=13.8s est_planned=1h 08m 52s elapsed=49m 35s
[OURS][216/300] loss=0.8968 ce=0.8968 align=0.0000 fuse=0.0000 feature=0.0000 beta=0.0000 guidance_active_next=False alg_raw_derivative=n/a alg_smoothed_derivative=n/a guidance_stop_epoch=136 train_acc=78.78% val_acc=47.13% best=47.67% lr=9.67432e-05 time=13.2s avg_epoch=13.8s est_planned=1h 08m 51s elapsed=49m 49s
[OURS][217/300] loss=0.8916 ce=0.8916 align=0.0000 fuse=0.0000 feature=0.0000 beta=0.0000 guidance_active_next=False alg_raw_derivative=n/a alg_smoothed_derivative=n/a guidance_stop_epoch=136 train_acc=78.71% val_acc=45.22% best=47.67% lr=9.47376e-05 time=13.3s avg_epoch=13.8s est_planned=1h 08m 51s elapsed=50m 02s
[OURS][218/300] loss=0.9096 ce=0.9096 align=0.0000 fuse=0.0000 feature=0.0000 beta=0.0000 guidance_active_next=False alg_raw_derivative=n/a alg_smoothed_derivative=n/a guidance_stop_epoch=136 train_acc=78.70% val_acc=46.95% best=47.67% lr=9.27492e-05 time=13.1s avg_epoch=13.8s est_planned=1h 08m 50s elapsed=50m 15s
[OURS][219/300] loss=0.8631 ce=0.8631 align=0.0000 fuse=0.0000 feature=0.0000 beta=0.0000 guidance_active_next=False alg_raw_derivative=n/a alg_smoothed_derivative=n/a guidance_stop_epoch=136 train_acc=79.50% val_acc=46.00% best=47.67% lr=9.07784e-05 time=13.2s avg_epoch=13.8s est_planned=1h 08m 49s elapsed=50m 28s
[OURS][220/300] loss=0.8596 ce=0.8596 align=0.0000 fuse=0.0000 feature=0.0000 beta=0.0000 guidance_active_next=False alg_raw_derivative=n/a alg_smoothed_derivative=n/a guidance_stop_epoch=136 train_acc=79.74% val_acc=46.58% best=47.67% lr=8.88253e-05 time=13.1s avg_epoch=13.8s est_planned=1h 08m 48s elapsed=50m 41s
[OURS][221/300] loss=0.8567 ce=0.8567 align=0.0000 fuse=0.0000 feature=0.0000 beta=0.0000 guidance_active_next=False alg_raw_derivative=n/a alg_smoothed_derivative=n/a guidance_stop_epoch=136 train_acc=79.84% val_acc=46.53% best=47.67% lr=8.68902e-05 time=13.1s avg_epoch=13.8s est_planned=1h 08m 47s elapsed=50m 55s
[OURS][222/300] loss=0.8699 ce=0.8699 align=0.0000 fuse=0.0000 feature=0.0000 beta=0.0000 guidance_active_next=False alg_raw_derivative=n/a alg_smoothed_derivative=n/a guidance_stop_epoch=136 train_acc=78.91% val_acc=45.86% best=47.67% lr=8.49732e-05 time=13.0s avg_epoch=13.8s est_planned=1h 08m 46s elapsed=51m 08s
[OURS][223/300] loss=0.8807 ce=0.8807 align=0.0000 fuse=0.0000 feature=0.0000 beta=0.0000 guidance_active_next=False alg_raw_derivative=n/a alg_smoothed_derivative=n/a guidance_stop_epoch=136 train_acc=79.49% val_acc=46.51% best=47.67% lr=8.30746e-05 time=13.3s avg_epoch=13.8s est_planned=1h 08m 46s elapsed=51m 21s
[OURS][224/300] loss=0.8498 ce=0.8498 align=0.0000 fuse=0.0000 feature=0.0000 beta=0.0000 guidance_active_next=False alg_raw_derivative=n/a alg_smoothed_derivative=n/a guidance_stop_epoch=136 train_acc=79.69% val_acc=46.60% best=47.67% lr=8.11946e-05 time=13.0s avg_epoch=13.7s est_planned=1h 08m 45s elapsed=51m 34s
[OURS][225/300] loss=0.8516 ce=0.8516 align=0.0000 fuse=0.0000 feature=0.0000 beta=0.0000 guidance_active_next=False alg_raw_derivative=n/a alg_smoothed_derivative=n/a guidance_stop_epoch=136 train_acc=79.55% val_acc=46.98% best=47.67% lr=7.93333e-05 time=13.4s avg_epoch=13.7s est_planned=1h 08m 44s elapsed=51m 48s
[OURS][226/300] loss=0.8184 ce=0.8184 align=0.0000 fuse=0.0000 feature=0.0000 beta=0.0000 guidance_active_next=False alg_raw_derivative=n/a alg_smoothed_derivative=n/a guidance_stop_epoch=136 train_acc=80.78% val_acc=47.00% best=47.67% lr=7.74911e-05 time=13.2s avg_epoch=13.7s est_planned=1h 08m 43s elapsed=52m 01s
[OURS][227/300] loss=0.8239 ce=0.8239 align=0.0000 fuse=0.0000 feature=0.0000 beta=0.0000 guidance_active_next=False alg_raw_derivative=n/a alg_smoothed_derivative=n/a guidance_stop_epoch=136 train_acc=80.63% val_acc=46.44% best=47.67% lr=7.5668e-05 time=13.1s avg_epoch=13.7s est_planned=1h 08m 43s elapsed=52m 14s
[OURS][228/300] loss=0.8521 ce=0.8521 align=0.0000 fuse=0.0000 feature=0.0000 beta=0.0000 guidance_active_next=False alg_raw_derivative=n/a alg_smoothed_derivative=n/a guidance_stop_epoch=136 train_acc=79.79% val_acc=46.84% best=47.67% lr=7.38643e-05 time=13.2s avg_epoch=13.7s est_planned=1h 08m 42s elapsed=52m 27s
[OURS][229/300] loss=0.8271 ce=0.8271 align=0.0000 fuse=0.0000 feature=0.0000 beta=0.0000 guidance_active_next=False alg_raw_derivative=n/a alg_smoothed_derivative=n/a guidance_stop_epoch=136 train_acc=80.21% val_acc=46.46% best=47.67% lr=7.20803e-05 time=13.2s avg_epoch=13.7s est_planned=1h 08m 41s elapsed=52m 41s
[OURS][230/300] loss=0.7922 ce=0.7922 align=0.0000 fuse=0.0000 feature=0.0000 beta=0.0000 guidance_active_next=False alg_raw_derivative=n/a alg_smoothed_derivative=n/a guidance_stop_epoch=136 train_acc=81.12% val_acc=45.17% best=47.67% lr=7.0316e-05 time=12.9s avg_epoch=13.7s est_planned=1h 08m 40s elapsed=52m 54s
[OURS][231/300] loss=0.8196 ce=0.8196 align=0.0000 fuse=0.0000 feature=0.0000 beta=0.0000 guidance_active_next=False alg_raw_derivative=n/a alg_smoothed_derivative=n/a guidance_stop_epoch=136 train_acc=80.29% val_acc=44.89% best=47.67% lr=6.85717e-05 time=13.5s avg_epoch=13.7s est_planned=1h 08m 40s elapsed=53m 07s
[OURS][232/300] loss=0.8191 ce=0.8191 align=0.0000 fuse=0.0000 feature=0.0000 beta=0.0000 guidance_active_next=False alg_raw_derivative=n/a alg_smoothed_derivative=n/a guidance_stop_epoch=136 train_acc=80.73% val_acc=46.51% best=47.67% lr=6.68475e-05 time=13.1s avg_epoch=13.7s est_planned=1h 08m 39s elapsed=53m 20s
[OURS][233/300] loss=0.7877 ce=0.7877 align=0.0000 fuse=0.0000 feature=0.0000 beta=0.0000 guidance_active_next=False alg_raw_derivative=n/a alg_smoothed_derivative=n/a guidance_stop_epoch=136 train_acc=81.50% val_acc=46.74% best=47.67% lr=6.51437e-05 time=13.1s avg_epoch=13.7s est_planned=1h 08m 38s elapsed=53m 33s
[OURS][234/300] loss=0.8283 ce=0.8283 align=0.0000 fuse=0.0000 feature=0.0000 beta=0.0000 guidance_active_next=False alg_raw_derivative=n/a alg_smoothed_derivative=n/a guidance_stop_epoch=136 train_acc=80.48% val_acc=46.17% best=47.67% lr=6.34605e-05 time=13.3s avg_epoch=13.7s est_planned=1h 08m 38s elapsed=53m 47s
[OURS][235/300] loss=0.7937 ce=0.7937 align=0.0000 fuse=0.0000 feature=0.0000 beta=0.0000 guidance_active_next=False alg_raw_derivative=n/a alg_smoothed_derivative=n/a guidance_stop_epoch=136 train_acc=81.38% val_acc=47.22% best=47.67% lr=6.1798e-05 time=13.3s avg_epoch=13.7s est_planned=1h 08m 37s elapsed=54m 00s
[OURS][236/300] loss=0.7537 ce=0.7537 align=0.0000 fuse=0.0000 feature=0.0000 beta=0.0000 guidance_active_next=False alg_raw_derivative=n/a alg_smoothed_derivative=n/a guidance_stop_epoch=136 train_acc=81.52% val_acc=47.03% best=47.67% lr=6.01564e-05 time=13.0s avg_epoch=13.7s est_planned=1h 08m 36s elapsed=54m 13s
[OURS][237/300] loss=0.7755 ce=0.7755 align=0.0000 fuse=0.0000 feature=0.0000 beta=0.0000 guidance_active_next=False alg_raw_derivative=n/a alg_smoothed_derivative=n/a guidance_stop_epoch=136 train_acc=81.50% val_acc=47.05% best=47.67% lr=5.85359e-05 time=13.1s avg_epoch=13.7s est_planned=1h 08m 35s elapsed=54m 26s
[OURS][238/300] loss=0.7685 ce=0.7685 align=0.0000 fuse=0.0000 feature=0.0000 beta=0.0000 guidance_active_next=False alg_raw_derivative=n/a alg_smoothed_derivative=n/a guidance_stop_epoch=136 train_acc=81.59% val_acc=47.58% best=47.67% lr=5.69366e-05 time=13.2s avg_epoch=13.7s est_planned=1h 08m 35s elapsed=54m 39s
[OURS][239/300] loss=0.7769 ce=0.7769 align=0.0000 fuse=0.0000 feature=0.0000 beta=0.0000 guidance_active_next=False alg_raw_derivative=n/a alg_smoothed_derivative=n/a guidance_stop_epoch=136 train_acc=80.93% val_acc=47.36% best=47.67% lr=5.53588e-05 time=13.1s avg_epoch=13.7s est_planned=1h 08m 34s elapsed=54m 53s
[OURS][240/300] loss=0.7725 ce=0.7725 align=0.0000 fuse=0.0000 feature=0.0000 beta=0.0000 guidance_active_next=False alg_raw_derivative=n/a alg_smoothed_derivative=n/a guidance_stop_epoch=136 train_acc=82.19% val_acc=46.79% best=47.67% lr=5.38027e-05 time=13.3s avg_epoch=13.7s est_planned=1h 08m 34s elapsed=55m 06s
[OURS][241/300] loss=0.7787 ce=0.7787 align=0.0000 fuse=0.0000 feature=0.0000 beta=0.0000 guidance_active_next=False alg_raw_derivative=n/a alg_smoothed_derivative=n/a guidance_stop_epoch=136 train_acc=81.45% val_acc=46.67% best=47.67% lr=5.22683e-05 time=13.1s avg_epoch=13.7s est_planned=1h 08m 33s elapsed=55m 19s
[OURS][242/300] loss=0.7539 ce=0.7539 align=0.0000 fuse=0.0000 feature=0.0000 beta=0.0000 guidance_active_next=False alg_raw_derivative=n/a alg_smoothed_derivative=n/a guidance_stop_epoch=136 train_acc=82.09% val_acc=47.08% best=47.67% lr=5.07559e-05 time=13.1s avg_epoch=13.7s est_planned=1h 08m 32s elapsed=55m 32s
[OURS][243/300] loss=0.7621 ce=0.7621 align=0.0000 fuse=0.0000 feature=0.0000 beta=0.0000 guidance_active_next=False alg_raw_derivative=n/a alg_smoothed_derivative=n/a guidance_stop_epoch=136 train_acc=81.70% val_acc=47.05% best=47.67% lr=4.92656e-05 time=13.1s avg_epoch=13.7s est_planned=1h 08m 31s elapsed=55m 45s
[OURS][244/300] loss=0.7718 ce=0.7718 align=0.0000 fuse=0.0000 feature=0.0000 beta=0.0000 guidance_active_next=False alg_raw_derivative=n/a alg_smoothed_derivative=n/a guidance_stop_epoch=136 train_acc=81.28% val_acc=47.55% best=47.67% lr=4.77976e-05 time=13.2s avg_epoch=13.7s est_planned=1h 08m 31s elapsed=55m 59s
[OURS][245/300] loss=0.7626 ce=0.7626 align=0.0000 fuse=0.0000 feature=0.0000 beta=0.0000 guidance_active_next=False alg_raw_derivative=n/a alg_smoothed_derivative=n/a guidance_stop_epoch=136 train_acc=82.07% val_acc=47.45% best=47.67% lr=4.6352e-05 time=13.3s avg_epoch=13.7s est_planned=1h 08m 30s elapsed=56m 12s
[OURS][246/300] loss=0.7468 ce=0.7468 align=0.0000 fuse=0.0000 feature=0.0000 beta=0.0000 guidance_active_next=False alg_raw_derivative=n/a alg_smoothed_derivative=n/a guidance_stop_epoch=136 train_acc=82.58% val_acc=47.12% best=47.67% lr=4.4929e-05 time=13.2s avg_epoch=13.7s est_planned=1h 08m 29s elapsed=56m 25s
[OURS][247/300] loss=0.7507 ce=0.7507 align=0.0000 fuse=0.0000 feature=0.0000 beta=0.0000 guidance_active_next=False alg_raw_derivative=n/a alg_smoothed_derivative=n/a guidance_stop_epoch=136 train_acc=82.48% val_acc=46.50% best=47.67% lr=4.35288e-05 time=13.1s avg_epoch=13.7s est_planned=1h 08m 29s elapsed=56m 38s
[OURS][248/300] loss=0.7221 ce=0.7221 align=0.0000 fuse=0.0000 feature=0.0000 beta=0.0000 guidance_active_next=False alg_raw_derivative=n/a alg_smoothed_derivative=n/a guidance_stop_epoch=136 train_acc=83.48% val_acc=47.64% best=47.67% lr=4.21516e-05 time=13.3s avg_epoch=13.7s est_planned=1h 08m 28s elapsed=56m 52s
[OURS][249/300] loss=0.7282 ce=0.7282 align=0.0000 fuse=0.0000 feature=0.0000 beta=0.0000 guidance_active_next=False alg_raw_derivative=n/a alg_smoothed_derivative=n/a guidance_stop_epoch=136 train_acc=82.63% val_acc=47.36% best=47.67% lr=4.07973e-05 time=13.4s avg_epoch=13.7s est_planned=1h 08m 28s elapsed=57m 05s
[OURS][250/300] loss=0.7169 ce=0.7169 align=0.0000 fuse=0.0000 feature=0.0000 beta=0.0000 guidance_active_next=False alg_raw_derivative=n/a alg_smoothed_derivative=n/a guidance_stop_epoch=136 train_acc=83.33% val_acc=47.15% best=47.67% lr=3.94663e-05 time=14.4s avg_epoch=13.7s est_planned=1h 08m 29s elapsed=57m 20s
[OURS][251/300] loss=0.7116 ce=0.7116 align=0.0000 fuse=0.0000 feature=0.0000 beta=0.0000 guidance_active_next=False alg_raw_derivative=n/a alg_smoothed_derivative=n/a guidance_stop_epoch=136 train_acc=83.72% val_acc=47.53% best=47.67% lr=3.81587e-05 time=13.0s avg_epoch=13.7s est_planned=1h 08m 28s elapsed=57m 33s
[OURS][252/300] loss=0.7172 ce=0.7172 align=0.0000 fuse=0.0000 feature=0.0000 beta=0.0000 guidance_active_next=False alg_raw_derivative=n/a alg_smoothed_derivative=n/a guidance_stop_epoch=136 train_acc=83.11% val_acc=48.15% best=48.15% lr=3.68746e-05 time=13.7s avg_epoch=13.7s est_planned=1h 08m 28s elapsed=57m 46s saved_best
[OURS][253/300] loss=0.7086 ce=0.7086 align=0.0000 fuse=0.0000 feature=0.0000 beta=0.0000 guidance_active_next=False alg_raw_derivative=n/a alg_smoothed_derivative=n/a guidance_stop_epoch=136 train_acc=83.11% val_acc=47.60% best=48.15% lr=3.56141e-05 time=13.3s avg_epoch=13.7s est_planned=1h 08m 27s elapsed=58m 00s
[OURS][254/300] loss=0.7420 ce=0.7420 align=0.0000 fuse=0.0000 feature=0.0000 beta=0.0000 guidance_active_next=False alg_raw_derivative=n/a alg_smoothed_derivative=n/a guidance_stop_epoch=136 train_acc=82.17% val_acc=47.57% best=48.15% lr=3.43774e-05 time=13.1s avg_epoch=13.7s est_planned=1h 08m 27s elapsed=58m 13s
[OURS][255/300] loss=0.6956 ce=0.6956 align=0.0000 fuse=0.0000 feature=0.0000 beta=0.0000 guidance_active_next=False alg_raw_derivative=n/a alg_smoothed_derivative=n/a guidance_stop_epoch=136 train_acc=83.48% val_acc=47.57% best=48.15% lr=3.31646e-05 time=13.5s avg_epoch=13.7s est_planned=1h 08m 26s elapsed=58m 26s
[OURS][256/300] loss=0.7354 ce=0.7354 align=0.0000 fuse=0.0000 feature=0.0000 beta=0.0000 guidance_active_next=False alg_raw_derivative=n/a alg_smoothed_derivative=n/a guidance_stop_epoch=136 train_acc=82.69% val_acc=47.43% best=48.15% lr=3.19759e-05 time=13.0s avg_epoch=13.7s est_planned=1h 08m 26s elapsed=58m 39s
[OURS][257/300] loss=0.7239 ce=0.7239 align=0.0000 fuse=0.0000 feature=0.0000 beta=0.0000 guidance_active_next=False alg_raw_derivative=n/a alg_smoothed_derivative=n/a guidance_stop_epoch=136 train_acc=83.33% val_acc=47.74% best=48.15% lr=3.08113e-05 time=13.1s avg_epoch=13.7s est_planned=1h 08m 25s elapsed=58m 53s
[OURS][258/300] loss=0.7032 ce=0.7032 align=0.0000 fuse=0.0000 feature=0.0000 beta=0.0000 guidance_active_next=False alg_raw_derivative=n/a alg_smoothed_derivative=n/a guidance_stop_epoch=136 train_acc=83.37% val_acc=47.98% best=48.15% lr=2.96711e-05 time=13.3s avg_epoch=13.7s est_planned=1h 08m 24s elapsed=59m 06s
[OURS][259/300] loss=0.6959 ce=0.6959 align=0.0000 fuse=0.0000 feature=0.0000 beta=0.0000 guidance_active_next=False alg_raw_derivative=n/a alg_smoothed_derivative=n/a guidance_stop_epoch=136 train_acc=83.55% val_acc=47.84% best=48.15% lr=2.85553e-05 time=13.3s avg_epoch=13.7s est_planned=1h 08m 24s elapsed=59m 19s
[OURS][260/300] loss=0.6671 ce=0.6671 align=0.0000 fuse=0.0000 feature=0.0000 beta=0.0000 guidance_active_next=False alg_raw_derivative=n/a alg_smoothed_derivative=n/a guidance_stop_epoch=136 train_acc=84.07% val_acc=47.89% best=48.15% lr=2.74641e-05 time=13.1s avg_epoch=13.7s est_planned=1h 08m 23s elapsed=59m 32s
[OURS][261/300] loss=0.7031 ce=0.7031 align=0.0000 fuse=0.0000 feature=0.0000 beta=0.0000 guidance_active_next=False alg_raw_derivative=n/a alg_smoothed_derivative=n/a guidance_stop_epoch=136 train_acc=83.28% val_acc=47.38% best=48.15% lr=2.63975e-05 time=13.5s avg_epoch=13.7s est_planned=1h 08m 23s elapsed=59m 46s
[OURS][262/300] loss=0.6911 ce=0.6911 align=0.0000 fuse=0.0000 feature=0.0000 beta=0.0000 guidance_active_next=False alg_raw_derivative=n/a alg_smoothed_derivative=n/a guidance_stop_epoch=136 train_acc=83.48% val_acc=47.84% best=48.15% lr=2.53557e-05 time=13.5s avg_epoch=13.7s est_planned=1h 08m 23s elapsed=1h 00m 00s
[OURS][263/300] loss=0.6878 ce=0.6878 align=0.0000 fuse=0.0000 feature=0.0000 beta=0.0000 guidance_active_next=False alg_raw_derivative=n/a alg_smoothed_derivative=n/a guidance_stop_epoch=136 train_acc=83.42% val_acc=48.72% best=48.72% lr=2.43389e-05 time=13.4s avg_epoch=13.7s est_planned=1h 08m 23s elapsed=1h 00m 13s saved_best
[OURS][264/300] loss=0.7120 ce=0.7120 align=0.0000 fuse=0.0000 feature=0.0000 beta=0.0000 guidance_active_next=False alg_raw_derivative=n/a alg_smoothed_derivative=n/a guidance_stop_epoch=136 train_acc=83.89% val_acc=47.79% best=48.72% lr=2.3347e-05 time=12.9s avg_epoch=13.7s est_planned=1h 08m 22s elapsed=1h 00m 26s
[OURS][265/300] loss=0.7125 ce=0.7125 align=0.0000 fuse=0.0000 feature=0.0000 beta=0.0000 guidance_active_next=False alg_raw_derivative=n/a alg_smoothed_derivative=n/a guidance_stop_epoch=136 train_acc=83.03% val_acc=47.55% best=48.72% lr=2.23803e-05 time=13.2s avg_epoch=13.7s est_planned=1h 08m 21s elapsed=1h 00m 39s
[OURS][266/300] loss=0.6891 ce=0.6891 align=0.0000 fuse=0.0000 feature=0.0000 beta=0.0000 guidance_active_next=False alg_raw_derivative=n/a alg_smoothed_derivative=n/a guidance_stop_epoch=136 train_acc=83.82% val_acc=47.20% best=48.72% lr=2.14388e-05 time=13.2s avg_epoch=13.7s est_planned=1h 08m 21s elapsed=1h 00m 53s
[OURS][267/300] loss=0.6655 ce=0.6655 align=0.0000 fuse=0.0000 feature=0.0000 beta=0.0000 guidance_active_next=False alg_raw_derivative=n/a alg_smoothed_derivative=n/a guidance_stop_epoch=136 train_acc=84.53% val_acc=47.79% best=48.72% lr=2.05227e-05 time=13.2s avg_epoch=13.7s est_planned=1h 08m 20s elapsed=1h 01m 06s
[OURS][268/300] loss=0.6643 ce=0.6643 align=0.0000 fuse=0.0000 feature=0.0000 beta=0.0000 guidance_active_next=False alg_raw_derivative=n/a alg_smoothed_derivative=n/a guidance_stop_epoch=136 train_acc=84.17% val_acc=47.86% best=48.72% lr=1.9632e-05 time=13.2s avg_epoch=13.7s est_planned=1h 08m 20s elapsed=1h 01m 19s
[OURS][269/300] loss=0.6917 ce=0.6917 align=0.0000 fuse=0.0000 feature=0.0000 beta=0.0000 guidance_active_next=False alg_raw_derivative=n/a alg_smoothed_derivative=n/a guidance_stop_epoch=136 train_acc=83.60% val_acc=48.05% best=48.72% lr=1.87668e-05 time=13.2s avg_epoch=13.7s est_planned=1h 08m 19s elapsed=1h 01m 32s
[OURS][270/300] loss=0.6995 ce=0.6995 align=0.0000 fuse=0.0000 feature=0.0000 beta=0.0000 guidance_active_next=False alg_raw_derivative=n/a alg_smoothed_derivative=n/a guidance_stop_epoch=136 train_acc=83.45% val_acc=47.84% best=48.72% lr=1.79273e-05 time=13.0s avg_epoch=13.7s est_planned=1h 08m 18s elapsed=1h 01m 45s
[OURS][271/300] loss=0.6611 ce=0.6611 align=0.0000 fuse=0.0000 feature=0.0000 beta=0.0000 guidance_active_next=False alg_raw_derivative=n/a alg_smoothed_derivative=n/a guidance_stop_epoch=136 train_acc=84.34% val_acc=47.91% best=48.72% lr=1.71135e-05 time=13.2s avg_epoch=13.7s est_planned=1h 08m 18s elapsed=1h 01m 59s
[OURS][272/300] loss=0.6702 ce=0.6702 align=0.0000 fuse=0.0000 feature=0.0000 beta=0.0000 guidance_active_next=False alg_raw_derivative=n/a alg_smoothed_derivative=n/a guidance_stop_epoch=136 train_acc=84.49% val_acc=47.96% best=48.72% lr=1.63255e-05 time=13.2s avg_epoch=13.7s est_planned=1h 08m 17s elapsed=1h 02m 12s
[OURS][273/300] loss=0.6798 ce=0.6798 align=0.0000 fuse=0.0000 feature=0.0000 beta=0.0000 guidance_active_next=False alg_raw_derivative=n/a alg_smoothed_derivative=n/a guidance_stop_epoch=136 train_acc=83.53% val_acc=48.33% best=48.72% lr=1.55634e-05 time=13.3s avg_epoch=13.7s est_planned=1h 08m 17s elapsed=1h 02m 25s
[OURS][274/300] loss=0.6568 ce=0.6568 align=0.0000 fuse=0.0000 feature=0.0000 beta=0.0000 guidance_active_next=False alg_raw_derivative=n/a alg_smoothed_derivative=n/a guidance_stop_epoch=136 train_acc=84.38% val_acc=47.98% best=48.72% lr=1.48273e-05 time=13.0s avg_epoch=13.7s est_planned=1h 08m 16s elapsed=1h 02m 38s
[OURS][275/300] loss=0.6570 ce=0.6570 align=0.0000 fuse=0.0000 feature=0.0000 beta=0.0000 guidance_active_next=False alg_raw_derivative=n/a alg_smoothed_derivative=n/a guidance_stop_epoch=136 train_acc=84.29% val_acc=47.70% best=48.72% lr=1.41173e-05 time=13.2s avg_epoch=13.7s est_planned=1h 08m 16s elapsed=1h 02m 52s
[OURS][276/300] loss=0.6541 ce=0.6541 align=0.0000 fuse=0.0000 feature=0.0000 beta=0.0000 guidance_active_next=False alg_raw_derivative=n/a alg_smoothed_derivative=n/a guidance_stop_epoch=136 train_acc=84.06% val_acc=48.22% best=48.72% lr=1.34334e-05 time=13.3s avg_epoch=13.7s est_planned=1h 08m 15s elapsed=1h 03m 05s
[OURS][277/300] loss=0.6559 ce=0.6559 align=0.0000 fuse=0.0000 feature=0.0000 beta=0.0000 guidance_active_next=False alg_raw_derivative=n/a alg_smoothed_derivative=n/a guidance_stop_epoch=136 train_acc=84.34% val_acc=48.14% best=48.72% lr=1.27757e-05 time=13.3s avg_epoch=13.7s est_planned=1h 08m 15s elapsed=1h 03m 18s
[OURS][278/300] loss=0.6829 ce=0.6829 align=0.0000 fuse=0.0000 feature=0.0000 beta=0.0000 guidance_active_next=False alg_raw_derivative=n/a alg_smoothed_derivative=n/a guidance_stop_epoch=136 train_acc=83.74% val_acc=47.98% best=48.72% lr=1.21443e-05 time=13.1s avg_epoch=13.6s est_planned=1h 08m 15s elapsed=1h 03m 32s
[OURS][279/300] loss=0.6348 ce=0.6348 align=0.0000 fuse=0.0000 feature=0.0000 beta=0.0000 guidance_active_next=False alg_raw_derivative=n/a alg_smoothed_derivative=n/a guidance_stop_epoch=136 train_acc=85.15% val_acc=47.81% best=48.72% lr=1.15392e-05 time=13.3s avg_epoch=13.6s est_planned=1h 08m 14s elapsed=1h 03m 45s
[OURS][280/300] loss=0.6692 ce=0.6692 align=0.0000 fuse=0.0000 feature=0.0000 beta=0.0000 guidance_active_next=False alg_raw_derivative=n/a alg_smoothed_derivative=n/a guidance_stop_epoch=136 train_acc=84.29% val_acc=48.14% best=48.72% lr=1.09606e-05 time=13.1s avg_epoch=13.6s est_planned=1h 08m 14s elapsed=1h 03m 58s
[OURS][281/300] loss=0.6555 ce=0.6555 align=0.0000 fuse=0.0000 feature=0.0000 beta=0.0000 guidance_active_next=False alg_raw_derivative=n/a alg_smoothed_derivative=n/a guidance_stop_epoch=136 train_acc=84.93% val_acc=47.81% best=48.72% lr=1.04085e-05 time=13.2s avg_epoch=13.6s est_planned=1h 08m 13s elapsed=1h 04m 11s
[OURS][282/300] loss=0.6542 ce=0.6542 align=0.0000 fuse=0.0000 feature=0.0000 beta=0.0000 guidance_active_next=False alg_raw_derivative=n/a alg_smoothed_derivative=n/a guidance_stop_epoch=136 train_acc=84.61% val_acc=47.69% best=48.72% lr=9.88288e-06 time=13.1s avg_epoch=13.6s est_planned=1h 08m 13s elapsed=1h 04m 25s
[OURS][283/300] loss=0.6508 ce=0.6508 align=0.0000 fuse=0.0000 feature=0.0000 beta=0.0000 guidance_active_next=False alg_raw_derivative=n/a alg_smoothed_derivative=n/a guidance_stop_epoch=136 train_acc=84.01% val_acc=47.95% best=48.72% lr=9.38391e-06 time=13.0s avg_epoch=13.6s est_planned=1h 08m 12s elapsed=1h 04m 38s
[OURS][284/300] loss=0.6563 ce=0.6563 align=0.0000 fuse=0.0000 feature=0.0000 beta=0.0000 guidance_active_next=False alg_raw_derivative=n/a alg_smoothed_derivative=n/a guidance_stop_epoch=136 train_acc=84.80% val_acc=48.07% best=48.72% lr=8.91159e-06 time=13.5s avg_epoch=13.6s est_planned=1h 08m 12s elapsed=1h 04m 51s
[OURS][285/300] loss=0.6501 ce=0.6501 align=0.0000 fuse=0.0000 feature=0.0000 beta=0.0000 guidance_active_next=False alg_raw_derivative=n/a alg_smoothed_derivative=n/a guidance_stop_epoch=136 train_acc=84.93% val_acc=47.76% best=48.72% lr=8.46598e-06 time=13.2s avg_epoch=13.6s est_planned=1h 08m 11s elapsed=1h 05m 04s
[OURS][286/300] loss=0.6582 ce=0.6582 align=0.0000 fuse=0.0000 feature=0.0000 beta=0.0000 guidance_active_next=False alg_raw_derivative=n/a alg_smoothed_derivative=n/a guidance_stop_epoch=136 train_acc=84.38% val_acc=48.00% best=48.72% lr=8.04714e-06 time=13.1s avg_epoch=13.6s est_planned=1h 08m 11s elapsed=1h 05m 18s
[OURS][287/300] loss=0.6450 ce=0.6450 align=0.0000 fuse=0.0000 feature=0.0000 beta=0.0000 guidance_active_next=False alg_raw_derivative=n/a alg_smoothed_derivative=n/a guidance_stop_epoch=136 train_acc=84.81% val_acc=48.12% best=48.72% lr=7.6551e-06 time=13.0s avg_epoch=13.6s est_planned=1h 08m 10s elapsed=1h 05m 31s
[OURS][288/300] loss=0.6565 ce=0.6565 align=0.0000 fuse=0.0000 feature=0.0000 beta=0.0000 guidance_active_next=False alg_raw_derivative=n/a alg_smoothed_derivative=n/a guidance_stop_epoch=136 train_acc=84.64% val_acc=48.17% best=48.72% lr=7.28991e-06 time=12.9s avg_epoch=13.6s est_planned=1h 08m 09s elapsed=1h 05m 44s
[OURS][289/300] loss=0.6517 ce=0.6517 align=0.0000 fuse=0.0000 feature=0.0000 beta=0.0000 guidance_active_next=False alg_raw_derivative=n/a alg_smoothed_derivative=n/a guidance_stop_epoch=136 train_acc=84.11% val_acc=47.79% best=48.72% lr=6.95161e-06 time=13.1s avg_epoch=13.6s est_planned=1h 08m 09s elapsed=1h 05m 57s
[OURS][290/300] loss=0.6266 ce=0.6266 align=0.0000 fuse=0.0000 feature=0.0000 beta=0.0000 guidance_active_next=False alg_raw_derivative=n/a alg_smoothed_derivative=n/a guidance_stop_epoch=136 train_acc=85.55% val_acc=47.95% best=48.72% lr=6.64024e-06 time=12.9s avg_epoch=13.6s est_planned=1h 08m 08s elapsed=1h 06m 10s
[OURS][291/300] loss=0.6588 ce=0.6588 align=0.0000 fuse=0.0000 feature=0.0000 beta=0.0000 guidance_active_next=False alg_raw_derivative=n/a alg_smoothed_derivative=n/a guidance_stop_epoch=136 train_acc=84.61% val_acc=48.07% best=48.72% lr=6.35583e-06 time=12.9s avg_epoch=13.6s est_planned=1h 08m 07s elapsed=1h 06m 23s
[OURS][292/300] loss=0.6587 ce=0.6587 align=0.0000 fuse=0.0000 feature=0.0000 beta=0.0000 guidance_active_next=False alg_raw_derivative=n/a alg_smoothed_derivative=n/a guidance_stop_epoch=136 train_acc=84.24% val_acc=47.84% best=48.72% lr=6.09841e-06 time=13.1s avg_epoch=13.6s est_planned=1h 08m 07s elapsed=1h 06m 36s
[OURS][293/300] loss=0.6512 ce=0.6512 align=0.0000 fuse=0.0000 feature=0.0000 beta=0.0000 guidance_active_next=False alg_raw_derivative=n/a alg_smoothed_derivative=n/a guidance_stop_epoch=136 train_acc=84.56% val_acc=48.07% best=48.72% lr=5.86802e-06 time=13.1s avg_epoch=13.6s est_planned=1h 08m 06s elapsed=1h 06m 49s
[OURS][294/300] loss=0.6417 ce=0.6417 align=0.0000 fuse=0.0000 feature=0.0000 beta=0.0000 guidance_active_next=False alg_raw_derivative=n/a alg_smoothed_derivative=n/a guidance_stop_epoch=136 train_acc=84.98% val_acc=48.03% best=48.72% lr=5.66467e-06 time=13.1s avg_epoch=13.6s est_planned=1h 08m 06s elapsed=1h 07m 02s
[OURS][295/300] loss=0.6065 ce=0.6065 align=0.0000 fuse=0.0000 feature=0.0000 beta=0.0000 guidance_active_next=False alg_raw_derivative=n/a alg_smoothed_derivative=n/a guidance_stop_epoch=136 train_acc=85.48% val_acc=48.17% best=48.72% lr=5.48838e-06 time=13.0s avg_epoch=13.6s est_planned=1h 08m 05s elapsed=1h 07m 15s
[OURS][296/300] loss=0.6632 ce=0.6632 align=0.0000 fuse=0.0000 feature=0.0000 beta=0.0000 guidance_active_next=False alg_raw_derivative=n/a alg_smoothed_derivative=n/a guidance_stop_epoch=136 train_acc=84.49% val_acc=48.02% best=48.72% lr=5.33919e-06 time=13.2s avg_epoch=13.6s est_planned=1h 08m 05s elapsed=1h 07m 28s
[OURS][297/300] loss=0.6495 ce=0.6495 align=0.0000 fuse=0.0000 feature=0.0000 beta=0.0000 guidance_active_next=False alg_raw_derivative=n/a alg_smoothed_derivative=n/a guidance_stop_epoch=136 train_acc=84.49% val_acc=48.10% best=48.72% lr=5.2171e-06 time=13.2s avg_epoch=13.6s est_planned=1h 08m 04s elapsed=1h 07m 42s
[OURS][298/300] loss=0.6373 ce=0.6373 align=0.0000 fuse=0.0000 feature=0.0000 beta=0.0000 guidance_active_next=False alg_raw_derivative=n/a alg_smoothed_derivative=n/a guidance_stop_epoch=136 train_acc=84.91% val_acc=48.27% best=48.72% lr=5.12213e-06 time=13.2s avg_epoch=13.6s est_planned=1h 08m 04s elapsed=1h 07m 55s
[OURS][299/300] loss=0.6522 ce=0.6522 align=0.0000 fuse=0.0000 feature=0.0000 beta=0.0000 guidance_active_next=False alg_raw_derivative=n/a alg_smoothed_derivative=n/a guidance_stop_epoch=136 train_acc=84.51% val_acc=48.12% best=48.72% lr=5.05428e-06 time=13.3s avg_epoch=13.6s est_planned=1h 08m 04s elapsed=1h 08m 08s
[OURS][300/300] loss=0.6484 ce=0.6484 align=0.0000 fuse=0.0000 feature=0.0000 beta=0.0000 guidance_active_next=False alg_raw_derivative=n/a alg_smoothed_derivative=n/a guidance_stop_epoch=136 train_acc=84.48% val_acc=48.17% best=48.72% lr=5.01357e-06 time=13.2s avg_epoch=13.6s est_planned=1h 08m 03s elapsed=1h 08m 22s
========================================================================
[FINAL_RESULT] ours_best_top1=48.72% vanilla_top1=not_run gain_over_vanilla=not_available
[TIMING] avg_epoch=13.6s planned_epochs=300 estimated_total=1h 08m 03s elapsed=1h 08m 22s
[AGGREGATION_FINAL] stage1[b5=0.291,b6=0.180,b4=0.105] stage2[b7=0.252,b8=0.201,b6=0.176] stage3[b10=0.306,b11=0.242,b9=0.193]
[BETA_FINAL] schedule=alg stop_epoch=136 guided_epochs=136 ce_only_epochs=164 full_history_saved_in=summary.json
[FINAL_RESULT] best_checkpoint=/app/output/cub200_lg_alg_ours_300ep_seed1/Ours/cub200/ours_cub200_deit_ti_300ep_seed1/student_best.pt
[FINAL_RESULT] latest_checkpoint=/app/output/cub200_lg_alg_ours_300ep_seed1/Ours/cub200/ours_cub200_deit_ti_300ep_seed1/student_latest.pt
[FINAL_RESULT] summary=/app/output/cub200_lg_alg_ours_300ep_seed1/Ours/cub200/ours_cub200_deit_ti_300ep_seed1/summary.json
[DONE] Ours training completed successfully; resources may be released.
================================================================================
[SEQUENCE_DONE] completed_tasks=4/4
[POD_LIMIT_CHECK] status=PASS estimated_minutes=237.6 limit_minutes=600 margin_minutes=362.4
[FINAL_RESULT] sequence_status=/app/output/cub200_lg_alg_ours_300ep_seed1/sequence_status.json
[FINAL_TOP1_SUMMARY] Teacher=37.25% LG=46.93% ALG=49.02% Ours=48.72%
